inDegrees=no
num_controls=109
num_derivatives=0
num_input_controls=0
num_iterations=31
num_multipliers=2
num_parameters=0
num_slacks=0
num_states=80
objective=2.077734
objective_excitation_effort=2.077734
solver_duration=84.090082
status=Solve_Succeeded
success=true
DataType=double
version=3
OpenSimVersion=4.5.2-2025-05-03-6a4c6ec41
endheader
time	/forceset/addbrev_r/activation	/forceset/addlong_r/activation	/forceset/addmagDist_r/activation	/forceset/addmagIsch_r/activation	/forceset/addmagMid_r/activation	/forceset/addmagProx_r/activation	/forceset/bflh_r/activation	/forceset/bfsh_r/activation	/forceset/edl_r/activation	/forceset/ehl_r/activation	/forceset/fdl_r/activation	/forceset/fhl_r/activation	/forceset/gaslat_r/activation	/forceset/gasmed_r/activation	/forceset/glmax1_r/activation	/forceset/glmax2_r/activation	/forceset/glmax3_r/activation	/forceset/glmed1_r/activation	/forceset/glmed2_r/activation	/forceset/glmed3_r/activation	/forceset/glmin1_r/activation	/forceset/glmin2_r/activation	/forceset/glmin3_r/activation	/forceset/grac_r/activation	/forceset/iliacus_r/activation	/forceset/perbrev_r/activation	/forceset/perlong_r/activation	/forceset/piri_r/activation	/forceset/psoas_r/activation	/forceset/recfem_r/activation	/forceset/sart_r/activation	/forceset/semimem_r/activation	/forceset/semiten_r/activation	/forceset/soleus_r/activation	/forceset/tfl_r/activation	/forceset/tibant_r/activation	/forceset/tibpost_r/activation	/forceset/vasint_r/activation	/forceset/vaslat_r/activation	/forceset/vasmed_r/activation	/forceset/addbrev_l/activation	/forceset/addlong_l/activation	/forceset/addmagDist_l/activation	/forceset/addmagIsch_l/activation	/forceset/addmagMid_l/activation	/forceset/addmagProx_l/activation	/forceset/bflh_l/activation	/forceset/bfsh_l/activation	/forceset/edl_l/activation	/forceset/ehl_l/activation	/forceset/fdl_l/activation	/forceset/fhl_l/activation	/forceset/gaslat_l/activation	/forceset/gasmed_l/activation	/forceset/glmax1_l/activation	/forceset/glmax2_l/activation	/forceset/glmax3_l/activation	/forceset/glmed1_l/activation	/forceset/glmed2_l/activation	/forceset/glmed3_l/activation	/forceset/glmin1_l/activation	/forceset/glmin2_l/activation	/forceset/glmin3_l/activation	/forceset/grac_l/activation	/forceset/iliacus_l/activation	/forceset/perbrev_l/activation	/forceset/perlong_l/activation	/forceset/piri_l/activation	/forceset/psoas_l/activation	/forceset/recfem_l/activation	/forceset/sart_l/activation	/forceset/semimem_l/activation	/forceset/semiten_l/activation	/forceset/soleus_l/activation	/forceset/tfl_l/activation	/forceset/tibant_l/activation	/forceset/tibpost_l/activation	/forceset/vasint_l/activation	/forceset/vaslat_l/activation	/forceset/vasmed_l/activation	/forceset/lumbar_ext	/forceset/lumbar_bend	/forceset/lumbar_rot	/forceset/shoulder_flex_r	/forceset/shoulder_add_r	/forceset/shoulder_rot_r	/forceset/elbow_flex_r	/forceset/pro_sup_r	/forceset/shoulder_flex_l	/forceset/shoulder_add_l	/forceset/shoulder_rot_l	/forceset/elbow_flex_l	/forceset/pro_sup_l	/forceset/pelvis_tx	/forceset/pelvis_ty	/forceset/pelvis_tz	/forceset/pelvis_tilt	/forceset/pelvis_list	/forceset/pelvis_rotation	/forceset/exo_hip_assist_r	/forceset/exo_hip_assist_l	/forceset/addbrev_r	/forceset/addlong_r	/forceset/addmagDist_r	/forceset/addmagIsch_r	/forceset/addmagMid_r	/forceset/addmagProx_r	/forceset/bflh_r	/forceset/bfsh_r	/forceset/edl_r	/forceset/ehl_r	/forceset/fdl_r	/forceset/fhl_r	/forceset/gaslat_r	/forceset/gasmed_r	/forceset/glmax1_r	/forceset/glmax2_r	/forceset/glmax3_r	/forceset/glmed1_r	/forceset/glmed2_r	/forceset/glmed3_r	/forceset/glmin1_r	/forceset/glmin2_r	/forceset/glmin3_r	/forceset/grac_r	/forceset/iliacus_r	/forceset/perbrev_r	/forceset/perlong_r	/forceset/piri_r	/forceset/psoas_r	/forceset/recfem_r	/forceset/sart_r	/forceset/semimem_r	/forceset/semiten_r	/forceset/soleus_r	/forceset/tfl_r	/forceset/tibant_r	/forceset/tibpost_r	/forceset/vasint_r	/forceset/vaslat_r	/forceset/vasmed_r	/forceset/addbrev_l	/forceset/addlong_l	/forceset/addmagDist_l	/forceset/addmagIsch_l	/forceset/addmagMid_l	/forceset/addmagProx_l	/forceset/bflh_l	/forceset/bfsh_l	/forceset/edl_l	/forceset/ehl_l	/forceset/fdl_l	/forceset/fhl_l	/forceset/gaslat_l	/forceset/gasmed_l	/forceset/glmax1_l	/forceset/glmax2_l	/forceset/glmax3_l	/forceset/glmed1_l	/forceset/glmed2_l	/forceset/glmed3_l	/forceset/glmin1_l	/forceset/glmin2_l	/forceset/glmin3_l	/forceset/grac_l	/forceset/iliacus_l	/forceset/perbrev_l	/forceset/perlong_l	/forceset/piri_l	/forceset/psoas_l	/forceset/recfem_l	/forceset/sart_l	/forceset/semimem_l	/forceset/semiten_l	/forceset/soleus_l	/forceset/tfl_l	/forceset/tibant_l	/forceset/tibpost_l	/forceset/vasint_l	/forceset/vaslat_l	/forceset/vasmed_l	/forceset/reserve_jointset_hip_r_hip_adduction_r	/forceset/reserve_jointset_hip_r_hip_rotation_r	/forceset/reserve_jointset_walker_knee_r_knee_angle_r	/forceset/reserve_jointset_ankle_r_ankle_angle_r	/forceset/reserve_jointset_hip_l_hip_adduction_l	/forceset/reserve_jointset_hip_l_hip_rotation_l	/forceset/reserve_jointset_walker_knee_l_knee_angle_l	/forceset/reserve_jointset_ankle_l_ankle_angle_l	lambda_cid31_p0	lambda_cid32_p0
0.48	0.02056080113195934	0.01340778223697213	0.06076658567173333	0.03793567897367063	0.04536966287130332	0.0450863646833046	0.1441218836092684	0.01816756963308861	0.02195815603053594	0.0243338610963239	0.02760212197697662	0.02789756231208918	0.02046450352102544	0.02539495247436049	0.09902237669782553	0.3881873546807639	0.1470321911000781	0.8786276088214244	0.01717896859773119	0.3660394510612354	0.01114220080436025	0.01162907588874061	0.0124428073507173	0.02392827384505256	0.0111077268110286	0.02802559244387283	0.02867858196558004	0.09626431157305845	0.02048357187967401	0.4329309521952224	0.02529155651879983	0.1128654936491915	0.05580122829776134	0.017564762724493	0.01119221914211246	0.016852514343703	0.02723211256389987	0.02811892279824074	0.08328924906599368	0.05221836884133005	0.03909952316135699	0.1025927506604065	0.01241435237116817	0.01126516793282832	0.01512836931381506	0.07667745038769166	0.0105752738916038	0.03067263965793469	0.01776194486806287	0.01868047505027716	0.01560779444464916	0.01193342215890607	0.01029195917634661	0.01014277112851716	0.01463466595441665	0.01626542440911431	0.01660178174854698	0.01087645429912607	0.01192507507507252	0.01352747141102115	0.01342820370919036	0.01853528175226432	0.02115552481974852	0.03848849862733175	0.1036359699433087	0.01593075217376304	0.01284191702093774	0.1048461279835537	0.2630790382939389	0.01177444974064451	0.1282119591439944	0.01031270459091053	0.01088840215545302	0.01008639011903838	0.08852747862663994	0.2268046004830717	0.01139789002908267	0.03119594806683305	0.04856094067727323	0.03243208628662079	0.4259841701883236	-0.2207772674213339	0.08528529029455682	0.02150222581367343	-0.0003458587360267107	0.004467888219229884	0.03677198084087612	0.0005891079087136065	-0.02414135943547718	-0.07290063439808571	-0.01562848175461401	0.03164044841187384	-0.000429230326964617	-0.0334812978908165	0.1364396847134785	0.02721214923774431	-0.1367087672965729	-0.03530464316853233	-0.01965911826055848	-0.6340793903543189	0.8755692724586812	0.02056080113195934	0.01340778223697213	0.06076658567173333	0.03793567897367063	0.04536966287130332	0.0450863646833046	0.1441218836092684	0.01816756963308861	0.02195815603053594	0.0243338610963239	0.02760212197697662	0.02789756231208918	0.02046450352102544	0.02539495247436049	0.09902237669782553	0.3881873546807639	0.1470321911000781	0.8786276088214244	0.01717896859773119	0.3660394510612354	0.01114220080436025	0.01162907588874061	0.0124428073507173	0.02392827384505256	0.0111077268110286	0.02802559244387283	0.02867858196558004	0.09626431157305845	0.02048357187967401	0.4329309521952224	0.02529155651879983	0.1128654936491915	0.05580122829776134	0.017564762724493	0.01119221914211246	0.016852514343703	0.02723211256389987	0.02811892279824074	0.08328924906599368	0.05221836884133005	0.03909952316135699	0.1025927506604065	0.01241435237116817	0.01126516793282832	0.01512836931381506	0.07667745038769166	0.0105752738916038	0.03067263965793469	0.01776194486806287	0.01868047505027716	0.01560779444464916	0.01193342215890607	0.01029195917634661	0.01014277112851716	0.01463466595441665	0.01626542440911431	0.01660178174854698	0.01087645429912607	0.01192507507507252	0.01352747141102115	0.01342820370919036	0.01853528175226432	0.02115552481974852	0.03848849862733175	0.1036359699433087	0.01593075217376304	0.01284191702093774	0.1048461279835537	0.2630790382939389	0.01177444974064451	0.1282119591439944	0.01031270459091053	0.01088840215545302	0.01008639011903838	0.08852747862663994	0.2268046004830717	0.01139789002908267	0.03119594806683305	0.04856094067727323	0.03243208628662079	0.04760076581553268	-0.05165339891420941	0.09189125778045507	0.01441977099657551	-0.004153933500688121	-0.02650286192542056	-0.007564467034560852	-0.08817836318830913	-0.02869196451917853	-0.0161437088499108
0.4899122807017544	0.01644055720488712	0.01208986952801383	0.0416230097548254	0.02730868441512387	0.0318124653563526	0.03163323845912858	0.09737140215589106	0.01682064798206748	0.0193183208905311	0.02056969661725404	0.02238452804049683	0.02269818816885492	0.01711199765418141	0.01947787916236885	0.108138705362886	0.3135192056284889	0.09943528830124608	0.7729964286911355	0.09293291478145919	0.317872582833152	0.06679749203949491	0.06352343358529702	0.05551087579633773	0.01861547565116063	0.01486272546055881	0.02262189922765499	0.02307605295594906	0.110402165300274	0.01648821795131878	0.352757066910166	0.02109790799916982	0.07474647387349763	0.03851423871292685	0.03333122961967253	0.07857619431909449	0.01688720422097765	0.02241028459705251	0.03781945488085444	0.1079456425007631	0.05862454872590438	0.04071073694345516	0.09370077534986197	0.01277844997462714	0.01156136163554679	0.01845209167615137	0.05848315929500754	0.01145475011474476	0.02365580587592034	0.06807501498278355	0.0408404848261018	0.01363565152390287	0.01126197934762059	0.01022360571966992	0.01011359377427639	0.01304481052548287	0.01385712291543481	0.014064116680976	0.01200264275305841	0.0123776830306514	0.0129108593471444	0.01492310198789228	0.01757176335826151	0.01921403095665786	0.02988976488339242	0.0827471893248774	0.01385439898654501	0.01184069754543495	0.07064889041780195	0.1963009643854647	0.0764333820004494	0.08569153774180789	0.0138531774308251	0.01239256607436268	0.01005993641203884	0.06152381222513769	0.2634125993335316	0.01090709599078319	0.02671582105409183	0.04399323055977686	0.02887407675307569	0.3891055079547118	-0.2184671223416014	0.05914243802543828	0.01534341074002251	-9.843726572214114e-06	0.003314885099871405	0.03457117006745358	0.000445745835923366	-0.02863056548110993	-0.07119479775071513	-0.01486088106704908	0.02905197539562653	-0.0004260066253598931	-0.02712130703732714	0.1381753055744766	0.01239968461556492	-0.1281284488229844	-0.0379611873754998	-0.03705422957932177	-0.5663193593169845	0.6668601692825868	0.01014031116687542	0.01009904976155548	0.01029659510073834	0.01067798338101138	0.01018979454273473	0.01018690023517663	0.0103306836501424	0.01460154158031433	0.01517200585219109	0.01481087900758389	0.01455661209123971	0.01494278047439828	0.01209778927017843	0.01110190924138217	0.1280564432236535	0.1276586280096046	0.01031547124002635	0.4365610028409925	0.2325603453011145	0.1968573997640037	0.1625351742213923	0.1525193429801061	0.1274595499186902	0.01044558257964402	0.01977076697099284	0.01451983508167584	0.01471304075488494	0.1356344419695959	0.01037972139143855	0.1478274264663496	0.01469567708513674	0.01039058455321739	0.01064600648735038	0.0575062547524486	0.1986896897331792	0.01655492608208761	0.01523772826770254	0.05306820139533323	0.1526217213784062	0.06971590548372453	0.0418514366259431	0.07469858250397925	0.01314778961541178	0.01189113671649289	0.0226573249359154	0.02847892799372393	0.01257321312858027	0.0131295775934819	0.1518794774888091	0.0754179069905004	0.01072729923132042	0.01027564894505589	0.01012120327159464	0.01006918726146273	0.01068571233938195	0.01027667602115531	0.01031150616679773	0.01342633090246857	0.01286637166675092	0.01190994235404761	0.01670089148488493	0.01578111176244582	0.01597426834578959	0.01660273637680664	0.04569466286497868	0.01077736342669033	0.01036180711818765	0.01398283303726683	0.05312587282444023	0.1761878642010684	0.01348344885672274	0.0184769970073915	0.01431490272104307	0.01002091099729902	0.01750478444340666	0.3429466934904743	0.01018844985512421	0.0202516591766298	0.0379170264727502	0.0239117996514688	-0.01837950947649735	0.01774564321748289	-0.04675641580585883	-0.006994197162493154	0.002962612164056276	0.007625524350708019	0.003686506767279419	0.04324445082235997	-0.02944486571069834	-0.01357145499465086
0.4998245614035087	0.01160122945320674	0.01055158826008198	0.01850317151536105	0.01512746536515944	0.01558407297278218	0.01552613723630152	0.03824361040618293	0.01460188605335919	0.01589302638704223	0.01637635105000972	0.01733552362543886	0.01787069620980909	0.01366561543434006	0.01551396891286656	0.1288295376904657	0.2231338340608322	0.03874747229530767	0.6267451666017674	0.1967431341817248	0.2567676830968098	0.1359855006512344	0.1290918911409663	0.1071244833160798	0.01237922583039582	0.01599609924459916	0.01743247150841689	0.01788169550390483	0.1233566175671986	0.01180539444579384	0.2602859307926783	0.01651668470371319	0.03860554964128483	0.01844723607808891	0.048421642289085	0.1680166777654574	0.0153702917358991	0.01799027938246645	0.0478971139037498	0.133657848528019	0.06726226421783119	0.03700330386346212	0.07341952417065863	0.01246323081263405	0.01142866565248325	0.01873643420718736	0.03978498816913707	0.01163191224880755	0.01700875294938258	0.1194036363604835	0.0621660621667422	0.01166923062188577	0.01058368215115015	0.01014528351386013	0.01007725896143945	0.01138659938492842	0.01134852709758911	0.01151059743145033	0.012186648619493	0.01210861104037527	0.01191591726667488	0.01465619608661333	0.01517809365541554	0.01592914244085316	0.0210043564717864	0.05841778064633839	0.01173011645735793	0.01080495679735457	0.04018661769446454	0.1208501548827785	0.1081759200950546	0.04952604168336306	0.01495337956455525	0.01271603129582687	0.01003204300027429	0.03687176270522642	0.2929065406661496	0.01041810037333848	0.02367125811750402	0.04385642051472081	0.0272294610780893	0.3542576055113391	-0.2004593599652379	0.03462130845956646	0.009200841530335268	-0.001538370627130167	0.001855539460472967	0.03222929958838926	0.0002853543951731645	-0.03249993794181644	-0.06738383396846061	-0.01372865507319073	0.02659789927536219	-0.0004035197003998217	-0.02575472898840002	0.1395452011984455	0.01367731371394109	-0.1010671399808729	-0.04573840917146185	-0.0531444108974334	-0.6707744742896724	0.8287261746202231	0.01019400130381664	0.01012148266230133	0.01058088050998638	0.01205798755356651	0.01030240187027013	0.01027943856241816	0.01235385549042611	0.01288258398910591	0.01433906388433903	0.01552628461366619	0.01767023749395973	0.01860991006491735	0.01348094096020674	0.01937266775812068	0.1576722507901407	0.1779036862331876	0.01132982772129125	0.4705127491335153	0.2741026400517467	0.2180307817327881	0.1701053463649602	0.163166348425173	0.1276327626926318	0.01056834317758032	0.01080637256137964	0.01785796441583831	0.01869308062773626	0.1204291720900437	0.01045929981616516	0.2233170393790288	0.01574872467646359	0.04273600945281963	0.01291007803054182	0.04697754270275269	0.2264041699671853	0.01230419149242542	0.01878921654877146	0.04870165374122786	0.136315691555437	0.07222331057636525	0.02592409956909992	0.04771126809757867	0.01113082694064437	0.01058967520279467	0.01267811080081973	0.03872934687197578	0.01025729370180397	0.01774237401520168	0.1219023625093389	0.06032968846932454	0.01168043300808056	0.01057030430159194	0.0101258473191724	0.0100633063599334	0.01125290218743152	0.01115237465805585	0.01147957442052939	0.01033986094181682	0.01069439851114758	0.0111749570789322	0.01118077248743613	0.01235340988937451	0.0132708834789702	0.02043016336405742	0.05090582960994404	0.01163629811316209	0.01073754067973565	0.04801204112253363	0.09945047369653678	0.02838896433002733	0.06311685022289372	0.01013536413087475	0.0103985435336982	0.01002923679183125	0.04176217912374653	0.2707838974184007	0.01042160968348304	0.02656489514688306	0.05321577340584276	0.03111940912588599	0.0191131056645271	-0.02645242036187971	0.09339341904831586	0.01491433907298035	-0.006340623308005998	-0.006808090430937273	-0.009086175612299963	-0.06203530621280125	-0.03003897484817728	-0.011724658375438
0.5097368421052632	0.01065336638371325	0.01025839047312401	0.01322855911540162	0.01245085032478496	0.01209219324047691	0.01206856280947641	0.02102186918336497	0.01446731573835704	0.0152492335255116	0.01566737243030803	0.01652923473992716	0.01720139817963346	0.013923531986428	0.01422332315841671	0.1329535856763464	0.1748220719634563	0.02097397855498845	0.5755510020687887	0.2398234652847818	0.240059767454415	0.1683114083766281	0.1579558586474271	0.1275236517047923	0.01113126462990788	0.0281155818442205	0.016610312977983	0.01712396596888644	0.1304242370203549	0.01094361181298448	0.2441442828560939	0.01778473440449057	0.02837240270876268	0.01382910025835179	0.06066241291095182	0.2107507011536444	0.01471791177892052	0.01742356742236216	0.04717795606254164	0.1328993711510129	0.0652940694487712	0.03840786145390197	0.074162474057198	0.01157426881083568	0.01090908509976554	0.0161444588875839	0.03634823149832361	0.01087585414221149	0.01569318629254498	0.1393770916589639	0.07218861072226604	0.01115015106466566	0.0103967718591831	0.01009946929967546	0.01005221757401753	0.01092837472405777	0.01071315010920026	0.01083458263886686	0.01245958013463115	0.01191818661558621	0.01150003911219314	0.01608662669392374	0.01653494603908462	0.01668961273846465	0.01923708549150589	0.06183204660007968	0.01118243032659955	0.01053796216849642	0.03194241325132688	0.100564427386069	0.1270724672916169	0.03989945459734453	0.01214147843388487	0.01153228766328375	0.01002204265537536	0.03699390086914877	0.3137284012400763	0.01028374064820387	0.02271563164529767	0.04259930930931374	0.02633667848845743	0.3094786603923861	-0.1748662060166518	0.01108671583974818	0.005048277182316785	-0.003594794290618835	0.0004200151250792897	0.03022962632528428	0.0001310314813210847	-0.03348834142643851	-0.06271844582634173	-0.01251790256288916	0.02480822426299761	-0.000368722377637167	-0.009589960993011232	0.1344118705036324	0.01699454746828746	-0.05640427628452144	-0.06092642213746317	-0.07058425591043688	-0.5963464317057015	0.68342179065533	0.01012951716608869	0.01009628514448921	0.01022847827173686	0.01047773665650597	0.01015429170639708	0.01016002005769157	0.01020279441725324	0.01519510045484945	0.01519430290871025	0.01517570795290459	0.0153226514895462	0.01598352472379374	0.01445668541721528	0.01206433999723548	0.1224704188134663	0.1028351160680277	0.01018876967853881	0.5196894974074034	0.2841327294416721	0.2240724569053893	0.2108985995704636	0.192174288033995	0.1508603558573195	0.01042045754462737	0.04741744355717342	0.01533610683552796	0.01574732420805564	0.1415605345380123	0.01051486129529221	0.2355024015343105	0.02029920161192225	0.01022472563690767	0.01046529775467336	0.08035600857868919	0.2645309219315434	0.01540258899455565	0.016322044168188	0.04475400475642459	0.1263851019060522	0.05827476245904286	0.04489859177510962	0.08514091617253415	0.01115189311646213	0.01071066646808102	0.01569570425887296	0.03037530269420352	0.01059161001874701	0.0136118174599304	0.1726139648736481	0.0884916968063628	0.0105408837001163	0.01018597921584478	0.01005388640769127	0.01002868947457628	0.01050566532714616	0.01020076852099179	0.01020183984796546	0.01375752308802868	0.01242053721492365	0.0114160954445109	0.01974750275846859	0.01975393971012086	0.01899582920909881	0.01668519981128316	0.06898894715686217	0.01057464327988755	0.01025329244399888	0.01498156505836608	0.07526089753627765	0.1986361700996052	0.01891546328217612	0.01086395399360278	0.0111643526879924	0.0100114845785306	0.03404560571916012	0.3704324375943499	0.01012864230602416	0.0199839098952003	0.03588003673742646	0.02315468383684458	-0.02047615601205872	0.01645705925041021	-0.04894846262146663	-0.007572900943681083	0.004305214763976708	-0.005332210693617312	0.004167106570875091	0.04535105022565294	-0.03040330416929925	-0.01060679149757212
0.5196491228070175	0.0103696981986613	0.01017795497072053	0.01148566922652953	0.01156931629154466	0.01095537777209189	0.01094839100585513	0.01445991398705047	0.01460673824948302	0.01510360082297507	0.01550584317128162	0.0163634270187313	0.01712644071291335	0.01442538951364426	0.01972311621468255	0.1253112690819243	0.1402414573083801	0.01444622378795084	0.5503069937222123	0.2580539231319213	0.228224400688944	0.1893073217780884	0.1731553602869972	0.1347678743440866	0.01076810241807588	0.03292175795621965	0.0164346150600253	0.016995418447702	0.1259601561987879	0.01074698265014917	0.252188877839832	0.02001671986153491	0.01637225659796057	0.01212926238741074	0.06870246658042059	0.2382855529106042	0.01455072989346416	0.01742678899696105	0.04317936837114781	0.1202014808880987	0.05872376482511684	0.03499378885689971	0.06385857054018024	0.01157505973563124	0.01097887201717899	0.01513412238986176	0.02853322020188898	0.01068277370238723	0.01532996050403535	0.1484457318857087	0.07686533880562267	0.01127492099220375	0.01043954648212717	0.0101016100158633	0.01005223242191662	0.01121509627519011	0.01138955954629244	0.01155962754101318	0.01262131594449947	0.01203567008208237	0.01172281756042703	0.01668967095122141	0.0170304339344563	0.01682307368567855	0.01669427835591374	0.05705295448321283	0.01124188759584036	0.01056797619607686	0.02222680225339657	0.08224148835892423	0.1321437566387877	0.0334671693334944	0.01122517527032021	0.01122389623146418	0.01002295056831419	0.03445937685307997	0.3247606983677456	0.0103265661318318	0.02237482172779349	0.04112261696227312	0.02591391442935347	0.2731486551853601	-0.157135855583973	-0.01195075278238303	0.001139554361112929	-0.004724573059984047	-0.0007890618403913922	0.02833055279577163	6.69739105157718e-07	-0.0329121498203058	-0.05887652525138349	-0.01149004743903179	0.02361928821743837	-0.0003289012819732154	-0.008963650730329505	0.1359977576111185	0.003702280300632254	-0.003616435469864001	-0.08371351679765512	-0.09449667580194575	-0.6852316686658197	0.7816742795045251	0.01026262092605497	0.010163123795052	0.01061591124392404	0.01204056707813834	0.01033772196324503	0.01032988638353795	0.01107346783414763	0.01342774924828718	0.01453631183130428	0.01573949642716274	0.01796548613193495	0.01904324320024075	0.01472107804983227	0.03715802635004117	0.1248349646316391	0.1351841079301013	0.01080814841390726	0.4956706796836691	0.2676445629414776	0.2049014208910761	0.1953474162742187	0.1731815539397147	0.1231300504916649	0.01069262183083056	0.01240533072929317	0.01813924964267593	0.01905265575881681	0.09428113198364509	0.01070340691053712	0.2874299089961545	0.02116803137967848	0.0167902513740976	0.0124001743782299	0.05781360740998896	0.2583038409578545	0.01244792928468849	0.01935598569916966	0.03704997550390977	0.09336428964270839	0.05354339595602848	0.01395694870941219	0.01410617469236866	0.01198681379708908	0.01129240049395801	0.0122554047182682	0.01856436981888192	0.01041073484287877	0.01794107215897207	0.1228866515510434	0.06283044883514004	0.01254485432964952	0.01087430586361469	0.01017566345432888	0.01008712159059981	0.01253765450811568	0.01375856503716522	0.01426941467208678	0.01055423085083976	0.01122499506387856	0.01223236221337758	0.01155524238287498	0.01248261744529219	0.01291477081403081	0.01458860914782908	0.0316781888010668	0.01233509429301758	0.01108027067937142	0.02677364983310374	0.06683813220210019	0.01365377853585783	0.05314420891439308	0.0101602120592838	0.01062691200642696	0.01004140580483735	0.03382856205899989	0.2704361713853781	0.01067568051141692	0.02649441785469655	0.04996341741876863	0.03074372463280762	0.01210824339911021	-0.02066324904083905	0.09784312550063795	0.01576458034972481	-0.009237588642074778	0.01572945426809668	-0.009700155568992029	-0.04484189348255459	-0.03061221861299512	-0.009950565818240409
0.5295614035087719	0.01024799179694514	0.01014069886028957	0.01075794145070556	0.01120355001657902	0.01048016656018511	0.01048176277224797	0.01188618940373314	0.01460489128258785	0.01463604135758431	0.0152039441591124	0.01632950314140926	0.01725492256775448	0.01727369641986684	0.02284788573362175	0.1186017951445786	0.1147328836973224	0.01181086892927354	0.5357996054998347	0.2691702906366069	0.2228449213241575	0.200502147172215	0.1818559672698353	0.1383533309660751	0.01060718919316692	0.04412123088966437	0.01642243724302469	0.01711234660882347	0.1229814143513954	0.01068820386602872	0.2645150626185236	0.02188433297060813	0.01398336625131124	0.01148272940490862	0.07631815105288416	0.2541657475223817	0.01366438896367842	0.01761006779907398	0.0375364824184127	0.1036395848401793	0.05082371573717969	0.03589120302315428	0.06615727802883753	0.01117303290560924	0.01072429486141368	0.01359040193435954	0.02957291899212924	0.0104379956593436	0.01527693871787072	0.1444951777832585	0.07464172471174321	0.01121664378802735	0.01040801872241163	0.01009147004227076	0.010046434473735	0.01105041451806091	0.01105468278840475	0.01107035291645101	0.01151429918219601	0.0114600919248615	0.01137254813693268	0.01521010648801053	0.01687793135146597	0.01719606016026358	0.0166275582908812	0.06316974913701048	0.01117155459934971	0.01052575656979643	0.02529304137485813	0.08696013650844782	0.1367405262447967	0.03842828212222424	0.01061628682773545	0.01077522949042817	0.01002065927992088	0.03998037048701594	0.3141373752172761	0.01030355302673326	0.02135240514677044	0.03724773679991657	0.0243109432684212	0.2366040010498139	-0.1326532488944029	-0.03310605963990135	-0.0003630756656121768	-0.006644777997651808	-0.001893296301538147	0.02722317982621579	-0.0001101950048007308	-0.02897859581253942	-0.0543463923500081	-0.01035657844298839	0.0236238835600238	-0.0002698998711341354	-0.003103869051623235	0.1401905448665232	0.0005379019791110977	0.05176421337948369	-0.1115966014266068	-0.1141732351909931	-0.6208462574353227	0.6637033675292844	0.01014883802157729	0.01010208139900885	0.01025226116493874	0.01045083524658753	0.01017818504050791	0.01019400027326983	0.0101932003725982	0.01528400871994606	0.01436476626720854	0.01473098155835788	0.01548349357178717	0.01645786306779269	0.02096893553357347	0.01936091301078792	0.1048774614260063	0.07074810759639791	0.01017745474166695	0.5231887277533316	0.2859698228857288	0.2223902019408926	0.2187571760636103	0.1976358103873436	0.1498853634470205	0.01044080925945578	0.07256649170703873	0.01555044459930529	0.01622410532741991	0.1329977584493945	0.01066091741357415	0.2752248487660647	0.02480116703211538	0.01019986059342914	0.01045454659726116	0.09426624614594475	0.276850998624032	0.0136238480406053	0.01688042028919479	0.03184991897625618	0.08613500262109688	0.04041643201420014	0.04762731421865183	0.09435861716966888	0.01059554540413747	0.01034415418545815	0.01311001065410754	0.03592221305678884	0.01029603075542914	0.01390540062264383	0.1478613372811236	0.07720883939538226	0.01062653450117039	0.01020505856203714	0.01005140544738016	0.01002657305015999	0.01032784445736478	0.01014401382746765	0.01014280351080006	0.01111809095207756	0.01116612404776133	0.01079442259306235	0.01582019858115191	0.01891845167781486	0.01961224708737239	0.0175687639704594	0.08387152380442824	0.0106370377633385	0.01027519321907943	0.02698252452792333	0.1006214996271019	0.2038983965546517	0.03454146777205624	0.01036392777514827	0.01054492492517161	0.01001131150663439	0.0467912582993947	0.3121575761337931	0.01014579448841594	0.01762462593551885	0.02609180621117473	0.01924643543818593	-0.01827243499199068	0.0161421560598475	-0.05079779278976187	-0.007671659777555272	0.005044977798301026	-0.01324646025484439	0.004295840760524851	0.03677503477276016	-0.03069002799305619	-0.009666598867096633
0.5394736842105263	0.01023023008352711	0.0101380988322057	0.01054683717957365	0.01091569772931886	0.01035369084329782	0.01036889867644285	0.01096978093809783	0.01497816317148597	0.01472404392480247	0.01527043003085934	0.0163178157559155	0.01726484117641811	0.01852939833270803	0.02834018590992474	0.1066839925225266	0.09044665056979248	0.01093405520399993	0.5223458378347051	0.2708366011077539	0.2162114056392838	0.2058476400707741	0.1849702193375584	0.1383768586450825	0.01057525972962477	0.05622630953863199	0.01640450217734329	0.01709586152037516	0.1194485868765507	0.01078102335040293	0.2788959941622723	0.02647686373818557	0.01140288405087679	0.01106427903288611	0.08219740792596326	0.2632281549874574	0.01366567978729967	0.01764234536166204	0.03231958450786791	0.08436787992130323	0.04209891996439875	0.0361310902340319	0.06683261854633347	0.01166160705043625	0.01108161986881482	0.0135242251365238	0.02969592146676289	0.01052246924771434	0.01527598392911429	0.1351998656571666	0.07013545709739355	0.01169161672631142	0.01062476142661605	0.01012970096312676	0.01006550435555564	0.01162227355350333	0.0138472152738474	0.01526078809306241	0.0112158626251282	0.01148068827127263	0.01180045735707042	0.0147228247661279	0.01670738008479526	0.01719088138777196	0.01651224875741185	0.06128553733958183	0.01157259936661827	0.01075970120649392	0.02569406400962451	0.08380818461000367	0.1401874646382888	0.03693324594945014	0.01044783063185562	0.01085371148556221	0.01003162242403228	0.03717323638139524	0.2946459669959708	0.0104875077317649	0.01979650818716322	0.03064813700852528	0.02180562731879688	0.2079002862894783	-0.1130931243641267	-0.05229896829986459	-0.0005156462928267936	-0.008629923212618925	-0.002813752063810748	0.02668181059521452	-0.0001937465328956262	-0.02277976957407465	-0.04985687560218633	-0.009201059529929468	0.02455560076830529	-0.0001967568592257929	-0.006696814654674341	0.1412317294476509	-0.003988262107495614	0.1039491851067282	-0.1402910247990277	-0.1324280143272693	-0.6860022061519595	0.7321042097260335	0.01032589431559031	0.01019083695247616	0.01068751773850864	0.01153837724281275	0.01041729390517989	0.01044145231590744	0.01085213030256413	0.01453848854483382	0.01525308808142918	0.01623147340115175	0.01796370353735238	0.01894700849580245	0.01565610735205503	0.05095371677019977	0.09369980376604461	0.08866702235563585	0.01076479088188895	0.4722888951343863	0.2518690962831429	0.1896620858177476	0.195611414274192	0.1697538624950855	0.1176070410135767	0.01075156673080949	0.03657649926246816	0.01809759526892993	0.01888896785775373	0.08675666885359842	0.011033482824254	0.3214540447019597	0.03317442464044766	0.01144100314431205	0.01178019311553065	0.06701698352521694	0.2633473482378735	0.01331399804350075	0.01927262671336587	0.02721952080297863	0.05298928117732776	0.03536684593574711	0.01366765931860859	0.01312943342216977	0.01381612537057882	0.01259088638766139	0.01356322340809516	0.01782066459339485	0.01089308896948679	0.01798951922722176	0.09662752210323017	0.0511707704230619	0.01400630652867333	0.01154430630513613	0.01029806322267631	0.01014886955393574	0.01438710623636846	0.02238011072899174	0.02722685171658725	0.01073725468353781	0.01183748590318263	0.01383334442566099	0.01157219353187591	0.01212744162490681	0.01252795426709614	0.01431112421872267	0.01800394286820962	0.01358883130276973	0.01181144294062727	0.02488028021123514	0.0501820095608609	0.01711641051969479	0.04336582441526679	0.01024443319848438	0.01128691478442224	0.01007591285623797	0.01917146338842949	0.2140540904546885	0.01124059986093709	0.02282541304091434	0.03369545245300077	0.02477761681254136	0.003746050353205716	-0.02031562550313254	0.1015042812971202	0.01622764821895437	-0.01113103186233474	0.02607290101480024	-0.009995909656480053	-0.02945556700832992	-0.03058852625562076	-0.009491420911192136
0.5493859649122806	0.01021636361044107	0.01013273269275643	0.01046289970362627	0.01087384201649897	0.01030005512719466	0.01031784364813872	0.01062629249729458	0.0149097275374369	0.01437988694125018	0.01505645998777132	0.01634339947013035	0.01739945171061051	0.02276615804265884	0.03575449927304254	0.096674178825975	0.07262264068084212	0.01057987871927856	0.5051242768670179	0.26678822349382	0.2090125205578235	0.2047896681067126	0.1832050405282261	0.1350598082277398	0.01055279975248966	0.06413780740957158	0.01644673785577917	0.01723265882650636	0.1137507534174583	0.01079962004194901	0.2873570255469904	0.02767133300134693	0.01092766331566306	0.01098499498789141	0.08417210388882664	0.2636922192603982	0.01308008473752989	0.01781595204483508	0.02695493969946332	0.06589130807137294	0.03435951454990097	0.03903790818858323	0.07188187128928077	0.01146655900034891	0.01093488079447651	0.01310826438224894	0.03470064439464221	0.01040813882744295	0.01583450163730885	0.1189959979427677	0.06174212699057176	0.01183349540587095	0.01064672286493881	0.01013247862630765	0.01006658823094852	0.01154977007383266	0.01365970253118849	0.01483838162405374	0.0107205695763307	0.01109692820937759	0.01159309140679905	0.01269095830113656	0.01428895565765616	0.01527728652013497	0.01851497908622241	0.0643803135248197	0.0116878436141621	0.01079190755039651	0.03232824420259607	0.09347082779375705	0.1389390943999197	0.04561370015495594	0.01028359830456731	0.01064948502813646	0.01003147879695892	0.03766132289811597	0.2632540281160413	0.01050153510681992	0.0178905982120074	0.02396045598108347	0.01893063684155077	0.1812931577427007	-0.1009342983262127	-0.06930292483387457	0.001496815172728226	-0.01078057433486733	-0.003535187292547786	0.02695330326049857	-0.000248451586145671	-0.01397772252736053	-0.04537306088966579	-0.008001697329670085	0.02641101535120581	-0.0001117573626928062	-0.008888694487678749	0.1351636623395912	-0.009872984559844611	0.1471165315327026	-0.1647456602638117	-0.1487916179653079	-0.6388093959211557	0.6155579993108178	0.01015532753587556	0.0101023500822157	0.0102832519709401	0.01047849136003768	0.01020199277408214	0.01022266556909179	0.01023034104015983	0.01517468080334933	0.01373568646732699	0.01433976191525065	0.01554895832611941	0.01671776325760773	0.03004826331337315	0.03526142711554665	0.08460134530037661	0.04288281039085744	0.01020402519995215	0.4795347371949197	0.2648551363023001	0.2064163404556787	0.2055996729059753	0.185771131712518	0.1387211848559841	0.01044246789834923	0.08816642307952842	0.01564815419151863	0.01649573909326259	0.1205468196992801	0.01076015335372758	0.2836041280204736	0.0269003263443647	0.01024055339899315	0.01049061632920177	0.0954828195505411	0.2623348072129743	0.01260252541277225	0.01720686832155794	0.02165026131745263	0.05045026112171049	0.02581429509862395	0.05453727851402606	0.1066995058834862	0.01040664497745819	0.01021593942971389	0.01280207994341457	0.04786342668127389	0.01018018477187957	0.01523316961146931	0.1081650678873243	0.0575175741818179	0.01099796505488979	0.01031827222966348	0.01007293909191963	0.01003706358617837	0.01023720656114275	0.01011910256266396	0.01012300605078573	0.01034882162912843	0.0104793474741853	0.01043259446059733	0.01163416345278818	0.01339363336111619	0.01507268012296821	0.02237501999487772	0.09041122111614031	0.01096063510108755	0.01041372165700212	0.04146922030285705	0.1253378657458314	0.1975085400471971	0.05404290672202563	0.01019417171467601	0.01031155923291423	0.01001623741314215	0.04687529582592035	0.23132443970318	0.01023357931249467	0.0134209555286756	0.01189155893188787	0.01297883542230677	-0.01464613838943685	0.01616316568412952	-0.05214145195941349	-0.007975519275363361	0.006120124657178312	-0.01826345339750768	0.00428904151113183	0.02470794556572068	-0.03030728654869853	-0.009302402263855501
0.5592982456140351	0.01023152343476329	0.01014309393337185	0.01043439517037745	0.01073903112710522	0.01029644582467872	0.0103315256031261	0.01048026822981924	0.01543507972365574	0.01455861932310859	0.0151684816984067	0.01633152664467931	0.01737037978184925	0.02478512779173549	0.04122668524708606	0.08419705622980027	0.05315225024372205	0.01046377608860264	0.4805425625612641	0.2569363452589072	0.2003568372919013	0.1978066403110481	0.1772765586067011	0.1305690058441571	0.01057418053931361	0.0756359285668578	0.01643034231160807	0.01719406860795126	0.1115240292810023	0.01106209334888706	0.2911064106973407	0.03187380304921582	0.01056817010302696	0.01082272478970695	0.08719764850222349	0.2579230331346832	0.01334793825072996	0.01777925476609487	0.02300164407065773	0.04827185068720559	0.02724839966427435	0.04070498753830888	0.07480522497763939	0.01251176459225776	0.01181417480846737	0.01402024084645647	0.03740949622887493	0.0108047537691647	0.01610728733438766	0.1038210214843267	0.05448956657390365	0.01244184692009418	0.01107536362895054	0.01021971098243805	0.01011106691346825	0.01219881733843544	0.01755828753633448	0.02209794941683984	0.01069474854802104	0.01121746556357677	0.01204003670562572	0.01215474287758772	0.01350806954969688	0.01462260034926223	0.01957185578912657	0.0647698308457907	0.01226186993056926	0.01123628805345855	0.03310256369262132	0.09590806420777535	0.138922668070362	0.04637952753528237	0.01032099601601279	0.01117305270990716	0.01006053304282013	0.03607982091869407	0.2324117930873917	0.01087674344022474	0.01550809012530891	0.01554631740525289	0.0153529261208094	0.1584994362133597	-0.09541674303027367	-0.08337334041198551	0.005684270330579348	-0.01352484989762242	-0.004117314210246016	0.02822608878122344	-0.000276531685301525	-0.002865993124319655	-0.04076883284146472	-0.006744415410108579	0.02924697328393093	-1.944236080784537e-05	-0.008428173821321128	0.1437483491619053	-0.01259354708147212	0.1677878346374338	-0.1821458903374811	-0.161391778150224	-0.6832339591137105	0.6727962906415091	0.0103837918361407	0.01022649601657571	0.0106831908509334	0.01117994587511089	0.01045761196812663	0.01053034679570809	0.01074809588064534	0.01616811487535132	0.01611816543784503	0.01677284107265742	0.01790331308150593	0.0187280826320373	0.01737939523231564	0.06046283774743599	0.06606180938099768	0.04794863373879728	0.01075926969002938	0.404993837617258	0.2208584238951031	0.1702860105903089	0.1711964507532959	0.1509711681564672	0.1071180148247999	0.01083605264667475	0.06330816847967519	0.01800743652573421	0.0186396309447518	0.08773761937782633	0.01179127387546272	0.3196726175044524	0.04483297587910972	0.0108321060284051	0.01137615015343522	0.07430587906692873	0.2393757238014945	0.01467384567994567	0.01899221266318554	0.0208571209527052	0.02101670822597393	0.02202483680152987	0.01539069478503408	0.0153634513209446	0.01710217022665141	0.01533426547449298	0.01667319592712792	0.02052327985421644	0.01217333417562625	0.0182610289079421	0.06978723125565527	0.03861996135407168	0.01567527778250053	0.01279054200781959	0.010552797290131	0.01027903989746191	0.01638097730241234	0.03426945747258269	0.04964572350937776	0.01113338008149265	0.01255977378951968	0.0153553764463323	0.01195628186825652	0.01218647247696504	0.01247351099917681	0.01546441451406074	0.01513537495757173	0.01518052463423706	0.01309492647416916	0.02017493441482271	0.04435557838534397	0.01929692221286762	0.03611959530425833	0.01051095775236543	0.01302895976764833	0.01016174130448803	0.01381088067617133	0.1588405876840499	0.01233593881912695	0.01756361473824259	0.01507219594833216	0.01689032386944333	-0.00377931372711835	-0.02078116914482522	0.1037964170595668	0.01624671049200753	-0.01221179758085432	0.02593442301085317	-0.01034388431309494	-0.0199434707035552	-0.03009300161820254	-0.009039049010098993
0.5692105263157895	0.01023606609929848	0.01014564188657532	0.01044365296136561	0.01077020482389337	0.01030134215211762	0.01033628501806206	0.01046340716615767	0.01531754024974911	0.01435068395374683	0.01503605498192745	0.01635583773215059	0.01746975199758131	0.02897164135332659	0.04816694214617045	0.07459033691084438	0.0417820394836322	0.01043885305868898	0.450629449829555	0.2434472550002588	0.1902594836756454	0.1870123831871193	0.1683091948901218	0.1238589399564012	0.01058920243179076	0.07871546677931308	0.01646409778265834	0.01729179172062377	0.1068721696858528	0.01103930109183015	0.288039535459479	0.03218416020751431	0.01053283138779002	0.0108452557920508	0.08746923169228388	0.2467487745220368	0.01302899370830548	0.01791055511368566	0.01987644731863356	0.03138301279878542	0.02204062032188814	0.04096973499466365	0.076265951326021	0.01232645882998961	0.01139242872519476	0.01340495109731372	0.03927843515661342	0.0106174969331189	0.02754425970094755	0.08786287671057674	0.04653445208817026	0.01279707694495205	0.01118337843716853	0.01025834282405179	0.0101298867838027	0.01204717879077874	0.01762252615677549	0.02262209577154691	0.01044869515937485	0.01094151204010327	0.01179804426625114	0.01149517845534389	0.01253634652008691	0.01349276694223846	0.02841551638007647	0.07039390391890836	0.01256640761963912	0.01136801058939577	0.03548130841787315	0.1056564488656737	0.1228311896390824	0.06156551795446003	0.01024657106060745	0.01085789342590181	0.01006332544879163	0.03691940656422233	0.2005451237307434	0.01095890058581025	0.01384543651391759	0.01321410331446217	0.01360669167062073	0.1464814028950947	-0.09789292260663457	-0.09412046231595322	0.01015919527222918	-0.01650061932266854	-0.004601499266692572	0.02976684565530496	-0.0002829864805397505	0.00851739486785013	-0.03574162340884249	-0.005318914293014763	0.0323547835154741	8.226558524837964e-05	-0.02055207650435034	0.1377089002038065	-0.01345071604800372	0.1714476018543745	-0.1902755713172731	-0.1711765798542328	-0.6496021807657937	0.5489077665127124	0.01017273604118728	0.01011203397593415	0.01032866219049469	0.01056831754703796	0.01022981605274007	0.01025247680907714	0.01029819774471692	0.01510721898609798	0.01336641022370729	0.0140997043708608	0.0155930168551657	0.01688963724525883	0.0396572263221949	0.0504512968234764	0.06663745091098523	0.02558545098842174	0.01024972734209819	0.4066580887236041	0.2308481825153572	0.1846245256428062	0.1770177346351368	0.1631104194048707	0.1234336259499133	0.01049030669586073	0.09127348757046308	0.01570884353956112	0.01666790343385024	0.1120992184105852	0.01091435086963374	0.2645651593006314	0.02722031022365029	0.01033443921783763	0.01057991280274755	0.09357059743345617	0.2303978114605219	0.01207690187502809	0.01743421023225554	0.01610704928554731	0.02029940437699968	0.01678544906803558	0.05404007832290941	0.1082423527643241	0.01028678312175027	0.01015550356950276	0.01145257767295415	0.05002470362771574	0.01016363229742111	0.04221694497989255	0.07779565045630651	0.04232020192858749	0.01170406716273468	0.01056192667810175	0.01017144374893104	0.01008572728241681	0.01018440637708848	0.01010234905448274	0.01010589610272767	0.01020763851360705	0.01030351786613897	0.01030688383293636	0.01097852318723118	0.01207535558899458	0.01318588304692151	0.04264249078037551	0.1039887010159763	0.01157568347661271	0.01070338084633765	0.04464738130316776	0.1461195217034621	0.1523754480674661	0.08838258158949272	0.01016045690716978	0.01030509912427401	0.01002769399005092	0.04919858052966989	0.1713788276477499	0.01042490101005062	0.01038191461066066	0.01013760054801584	0.01027245994302736	-0.0101874870610791	0.01477254386033572	-0.05279352217721172	-0.008142625929295488	0.006983030493255516	-0.01839360528706875	0.004360458306520876	0.01552743427313991	-0.02973098442524252	-0.00836979521010292
0.5791228070175438	0.01026588750359751	0.01016611234557797	0.01043596154012789	0.01069053202022984	0.01031401869960142	0.01037649086404235	0.01041940488961538	0.0165377116123397	0.01455924756619814	0.01515411425320732	0.01632830464609057	0.01737171184132882	0.03529338683468957	0.05870411990424978	0.06299416495585305	0.02749575666700153	0.01039380057373633	0.4167465569475142	0.2284616900710588	0.181230771677953	0.1734666126734677	0.1585564347851395	0.1186548592649687	0.01064544954676287	0.08571851530564233	0.01643066339061407	0.01720289889132905	0.1083502002365832	0.01213436208736587	0.2796210990652005	0.03657918838886692	0.01043722184402436	0.01077931409556953	0.08494349262224399	0.2335899484131274	0.0134443768262717	0.0177787860857787	0.01615267432340685	0.02175388304829515	0.01688770385600854	0.04135059923001595	0.07743312546984196	0.01429647578401511	0.01563583079812089	0.01392849848980848	0.0386858718851071	0.01249719334144206	0.03245659030739791	0.07612002546915994	0.04117476409320327	0.01316367638109713	0.01161130082018924	0.01039197272125746	0.01019923272299854	0.01373869084821793	0.0207394243091276	0.02525899480670619	0.01158930859492401	0.01245558981492968	0.01368693340975473	0.01227526425293186	0.01282671321160607	0.01353468560877448	0.03184227723721703	0.07330630636375562	0.01296123417053748	0.01179415722743519	0.0339288499228749	0.1051552568368337	0.1124906626863137	0.06419117219542647	0.01065500290283589	0.0139679125062126	0.01011081523528392	0.03717084344170741	0.1753889750691533	0.01135014145471315	0.0122451552042125	0.01139350991547333	0.01189364866265486	0.1327274288180147	-0.1027354932902555	-0.1014759774396491	0.01575824263512502	-0.01973378780829656	-0.004968224611616944	0.03172176087877045	-0.0002700860945265842	0.02072597344685908	-0.03018950573517594	-0.003769273102323561	0.03572241199339291	0.0001846824912775421	-0.0241124990978245	0.1246341982845336	-0.00824874254280278	0.1553649892176129	-0.1899151003109102	-0.1763493299417139	-0.6843092973902796	0.5960721430031625	0.01046746865988022	0.01028446415593495	0.01065168931690333	0.01091499020970645	0.01049036707990236	0.01064448211108679	0.01063424064236377	0.01992230327140835	0.01693967996830169	0.01725285341742274	0.01779743562860292	0.01833753894981693	0.03213093372311408	0.08652255643839432	0.04122715973568916	0.01664617943790238	0.01064997368689844	0.3303232293385274	0.1892415518471196	0.1548622599471119	0.1403529856443937	0.1309136208411225	0.09938873320643185	0.0109878425511432	0.08221040321534188	0.01787469989763445	0.01827820511776212	0.09950659445022349	0.0150552351608512	0.2914978152904681	0.05814910916675766	0.01058347957060821	0.01115992201108213	0.06564364527381794	0.2097827080058745	0.01621379813100082	0.01846898350247468	0.01285872210228579	0.01075169676622019	0.01190361599347731	0.01624401950438329	0.01700053341585753	0.02314927152476149	0.02839950672676246	0.01882111096443348	0.01658957281320991	0.0179233110966635	0.02125141469892597	0.0534515157141752	0.03123446712136205	0.01642533974193134	0.01395462170880478	0.01091052457945467	0.01046576419816037	0.0215598326493497	0.04367264832778732	0.05727315194207016	0.01474164182058952	0.01731079297980831	0.02120416737902477	0.0148982730898414	0.01398487102925034	0.01369607276370217	0.01645449379422611	0.01662335111846614	0.0160622594370152	0.01423163850570128	0.01282907332221848	0.02789583588507381	0.01239503626290627	0.02565552119148876	0.01178766894776422	0.02257385330118123	0.01029917369383586	0.01361624513654416	0.1254433390835167	0.01341535619631889	0.01440603382282535	0.01192497927734763	0.01348265604745993	-0.009195379766721554	-0.02012709291785683	0.1043333946186506	0.01585738288863124	-0.01418763146980449	0.01598018220267122	-0.001843075159403113	-0.01414647732015992	-0.02937961830776517	-0.0073530859740078
0.5890350877192982	0.01027777044244926	0.0101727303006792	0.01045762728715989	0.01070429302959136	0.01033155050098182	0.01039853355241101	0.01044921615986397	0.01763427675461619	0.01457188384210963	0.01516777636421754	0.01631180854137924	0.01728603477964648	0.0449902138917681	0.07164546348790686	0.05285614562059308	0.01927494195710759	0.0104070508481368	0.3811757049420645	0.2126180711747139	0.1723999730247955	0.1590172426530801	0.1485203212847322	0.1134397388804457	0.01069478990671233	0.09040329014567446	0.01640793400796403	0.01713084505086316	0.1099917170113447	0.01184988090549192	0.2664058507758442	0.03983221910225363	0.01045935807274183	0.01082113658323164	0.07975982142302268	0.2195219577045299	0.01342356016098544	0.01766384088068164	0.0134711333085952	0.01455580575327063	0.01334257740555955	0.03505923738044796	0.06911613182078354	0.01421740723685083	0.01538198098861729	0.01352301699537668	0.03087782170271059	0.01253185624962558	0.04071687327209778	0.06639758445230383	0.03655455024353971	0.01357616595291203	0.01181459708683712	0.01056505633385523	0.01028525956509386	0.01360410036870727	0.0208318223931557	0.02545668632553853	0.01101302407664194	0.01217106250374065	0.01354228498915524	0.01268744991624107	0.01394660787150929	0.01403442152821058	0.03104975404737519	0.07930111543290992	0.01333228489923433	0.01201816585044513	0.02344377088272699	0.104437652879067	0.09804352473407617	0.06986973589713875	0.01059419590843354	0.01402795191702673	0.01012175670729749	0.04420628207968712	0.1551800812881914	0.01151793312395494	0.01175395660690413	0.01081646078237101	0.0113816414914425	0.1227462166908426	-0.1172087554523535	-0.1064483889860337	0.02054089082282887	-0.02183037396842505	-0.005066583383845713	0.03352306888673168	-0.000232133086537134	0.03205924981166013	-0.02530919187484273	-0.002358477143278187	0.03878233327195843	0.0002687961583275598	-0.0323090532612203	0.1151051582686985	-0.01205366888418263	0.1181886279588491	-0.1832747636469165	-0.181222250611977	-0.650097680117772	0.4597090075530024	0.01020326882651378	0.01013115599335594	0.01037377453047694	0.0105941989082505	0.01026867158209054	0.01030680979706259	0.01037133895382878	0.01804156616545473	0.01344647905720158	0.01416275029653906	0.01554598932489855	0.0166544212157038	0.06342342984196271	0.08024844074253742	0.04664215803231684	0.01319248972244903	0.01028402258415344	0.3346567368471156	0.1986209334743592	0.1678871866139455	0.1473563925711392	0.1433215425313573	0.1141207413255009	0.01060697029832531	0.1024912543702282	0.01564446888419307	0.01646737767032434	0.1182275864981417	0.01226784747620257	0.2308482445798229	0.03481367546294906	0.01040330915373448	0.01067070507948986	0.07948609210224503	0.2020725319409895	0.01211568612025977	0.01711992327820566	0.01145607975826069	0.01044921677527854	0.01107585110000012	0.03888074778496919	0.08654637337890141	0.01024333480901275	0.01014839404743786	0.01074989335140867	0.03094204074085195	0.01013932160388912	0.05764055480906233	0.06235594157749478	0.03479891166228224	0.0124768407604473	0.01092344123086987	0.01052420547905128	0.01026026436907969	0.01017316983097808	0.01009820267759363	0.0100965013093085	0.0103146841511948	0.01036916182640787	0.01031540980981192	0.01221860914575356	0.01498663575026132	0.01475647183037414	0.03753804338333862	0.1171767307605587	0.0122665088956981	0.01110727326740619	0.01955748393718501	0.1406826838193647	0.1228908991376038	0.09701505704587228	0.01013683956309035	0.01030443994824756	0.01004704981657244	0.06616208273728844	0.1419439092314351	0.01071918328873642	0.01028496460508013	0.0101011623342022	0.01020093141154206	-0.006318847435267045	0.01177032368370457	-0.05193569291351059	-0.008069890643527776	0.00785472835099609	-0.009880384943134464	0.001786510100026749	0.01041903941032278	-0.02912997375182997	-0.005974074512505645
0.5989473684210527	0.01032620955043129	0.01021186509109053	0.01044777804411256	0.01064426554841352	0.01034765669798831	0.01046170477250068	0.01042132125430303	0.02062622128663302	0.01477328115118677	0.01528040041490316	0.01626849212336999	0.01711504126415804	0.06009357853323485	0.08869013862563194	0.04108071326721432	0.01469451703244206	0.01036157557276708	0.3487735687486395	0.1981358312829618	0.1642378118043231	0.1464331131850668	0.1404840497086795	0.1103997523413065	0.01078983677167088	0.1024542394843481	0.01635458856605713	0.01698385098981764	0.1143964439056965	0.02094390569206194	0.2540149636614428	0.04598462527076638	0.0104187254737959	0.01077546577900534	0.07127971014663512	0.2083233491267591	0.01384198186910983	0.0174378548366373	0.01202724906667713	0.0119827347515085	0.01179565121398711	0.03360340680063097	0.06733111853450661	0.01646558297374513	0.02132277491262819	0.01421757018174907	0.02794290745881347	0.0136739774256388	0.04226644080502148	0.06049107742423296	0.03399366587332763	0.01368505211832638	0.01194796024999296	0.01059543865666614	0.01029935254510578	0.0162375490560933	0.02343970251724656	0.02730964612639833	0.01748086512714599	0.01614610034349073	0.01643678590639659	0.01406892058681144	0.01493432517839339	0.01479781118854142	0.03042280868786141	0.08246600228212399	0.01345812074012677	0.01215949871164129	0.0196754436683145	0.1013765541056574	0.09090946062996233	0.06928272769996015	0.0113448149467596	0.0161027619144665	0.01014697135255521	0.04704234003729857	0.1416032153779124	0.011637993179231	0.01261824601349157	0.01185885319255705	0.01235869759382281	0.104155072952397	-0.1258296059375595	-0.1092465791716319	0.02512290390215626	-0.02411913812723739	-0.005146645261854799	0.0352707039426905	-0.0001910887627976382	0.04319947944082809	-0.01988852637088209	-0.000848528435167439	0.04183196013508496	0.0003482216280204409	-0.02335511471167706	0.1221379606853932	-0.005498015538860585	0.06191235054867007	-0.1718859458556889	-0.1790169758392789	-0.69022458803959	0.4973658474668664	0.01059912466736927	0.01039363788126815	0.01060202238426512	0.01072465505762145	0.01052123912843006	0.01081000159376573	0.01052357272916598	0.02783494118765087	0.01752718148111541	0.01757518949545492	0.01768431601742628	0.0179110118487278	0.06859082312956306	0.1277347472768516	0.016884226207426	0.01136877383035676	0.01050317181708999	0.2772087012588403	0.1642347512441554	0.1402981620682871	0.1194879984240583	0.1187371009254809	0.09668843272541509	0.01122160674228092	0.1163737962778982	0.01773773751048523	0.017909965539963	0.1121919639273491	0.04267505356676592	0.2680105295302589	0.07415410608958255	0.01044251317130249	0.01098522189141799	0.04508222835181071	0.1933667763407079	0.01747812801597851	0.01790701019053529	0.01119286885841225	0.01031438154192211	0.01078927220458361	0.01896055189033212	0.02279546100465855	0.02996784847526265	0.04664574719265996	0.02127844479468435	0.01635318139322347	0.02129241806110379	0.01662393947865509	0.04693869994594205	0.02847834637660206	0.01635405579316621	0.01415634757310198	0.01083573077037122	0.0104256507798821	0.02957811209633901	0.0515713652008305	0.06282921936120885	0.03464519907160053	0.02946465688068172	0.03001504835430066	0.01861128004745251	0.0158377302796715	0.01547970135432834	0.01542682947908064	0.01817053587979897	0.01608115683437606	0.01443727215312304	0.01273013414841979	0.01900956583286104	0.01206062357966024	0.01623307276935322	0.01406580686592841	0.02873518136607359	0.01036317463546066	0.01396795057115043	0.1112255075631459	0.01361131902658507	0.01743902615627839	0.01556102999710487	0.01686765928350726	-0.01299433181031609	-0.02028524830130141	0.1042544431260967	0.0153619884794283	-0.01848375925025896	0.005547008288142879	0.009735945740751041	-0.01027821064135295	-0.02916336775575062	-0.004458439719556821
0.608859649122807	0.01033523379030528	0.01021463329021952	0.01045933223911051	0.01063274707897015	0.010361763573752	0.01048243847793323	0.01044318644153727	0.02374059275290486	0.01490282580259833	0.01536634248300143	0.01623596499853909	0.01696838385581976	0.07356961641768053	0.1045893338602699	0.03153203996287795	0.01257653595576493	0.01036378544790939	0.3217584072257552	0.1867565384782485	0.1588401627821172	0.1366911141391674	0.1348041787801143	0.1091070973586413	0.0108516218623732	0.111574815605719	0.01631059234385998	0.01685382093303564	0.1197046757650127	0.02789623374874681	0.2365377320705671	0.05064683229322887	0.01043325446075283	0.01081145206860409	0.06464388366804119	0.1991486632285935	0.01400268126147004	0.01724345360236182	0.01131556017822148	0.01086973299523857	0.01105288662761233	0.02943360216698151	0.05935992390999485	0.01663979410992981	0.02180625790343518	0.01422444375983682	0.02080129565808439	0.01379741556616105	0.03292388288124435	0.05654629219624763	0.03219988959282909	0.0139507114453595	0.01213554363591196	0.01057862726132678	0.01029408092037554	0.01607938262234908	0.02339448632408392	0.02757582562826158	0.02125066545905285	0.01617510339694064	0.01632823867486541	0.02374050270995993	0.02066472873041104	0.01547991298718513	0.02083995082155887	0.08455958303149431	0.01370800864117149	0.01235354962994091	0.01418314225409027	0.09160956247885997	0.09014536955856757	0.05890609987178702	0.01137998656927605	0.01640402680427721	0.01016258888009775	0.05352268630095913	0.1334475591248627	0.01179990007523145	0.01265778184533647	0.01145004405409169	0.01227830316493092	0.09317744110316772	-0.1392870323884705	-0.1109203125826304	0.02605418403429443	-0.02446289904660643	-0.004976721094186939	0.03564592955356594	-0.000138924073273447	0.05080661155539504	-0.01505276876494094	0.0005196989179346525	0.04351471483653505	0.0004067143413035052	-0.03244980488311881	0.101717751251118	-0.007484714922728187	0.005915912036984991	-0.1585501370660851	-0.1762708633730738	-0.6421891560243037	0.3698917521670538	0.01022652071988239	0.0101441722254664	0.01039500159288079	0.01057078238776294	0.01029656631446594	0.01035351684268962	0.01041591377175658	0.02498418564220197	0.01370248482958436	0.01433496928158923	0.01548120073913178	0.01636222741797149	0.09266907207380354	0.1130936571311527	0.0297805567326121	0.01142100518968836	0.01028909531164786	0.2940653229557032	0.1806534910787434	0.1599439967106433	0.1322856762829037	0.1353683295395276	0.1138874329003689	0.01074339147902896	0.1226180008291964	0.01555657477296326	0.01620753890686043	0.1303318131713919	0.03009871951188337	0.1933563830263955	0.04397418164627688	0.01043588475392342	0.01074507068079013	0.06650337719188361	0.188517402102196	0.01241134372412573	0.01673281339319111	0.01077649795809499	0.01024880761781624	0.01057122489746133	0.0310581806714872	0.06956139244175799	0.01028210160668515	0.01019545546150577	0.01072754578893769	0.01698410154404388	0.01011000845931443	0.03234556613838378	0.05754879179235985	0.03250344586445608	0.01293788873209703	0.01124411791896958	0.0104245786536204	0.01021712559399793	0.01018590602806859	0.01010607105907663	0.01010583382266469	0.01980219421292018	0.01071122077948053	0.01035812193245081	0.03471582643908909	0.02807865235705784	0.01632142346401794	0.01533721738168566	0.1197283230458656	0.01269763126995745	0.01143816799722625	0.01074207187423588	0.1157418022799671	0.1278984494734409	0.06913708761093192	0.01010616460198912	0.01025582795051354	0.01007068376404092	0.07966442291251818	0.1345913945805374	0.01099382865590148	0.01060563583665428	0.01020895203416416	0.01042044717332852	-0.003380776226861572	0.009227497438712521	-0.05031060480396622	-0.007892651667130698	0.009830360862039443	-0.002795525495522152	-0.004011638837532173	0.007867136288283956	-0.02899132168461472	-0.0025145950964139
0.6187719298245614	0.01040392878767574	0.01028459656188419	0.01045402071179657	0.01060112125047984	0.01037980425621578	0.01056425068778804	0.01043167438043931	0.02751800397683506	0.01497478527702608	0.01540876261645213	0.01620960788448607	0.01686172255293356	0.08963592833723631	0.1210243158066071	0.02647914405453588	0.0117114883268677	0.01033678249105338	0.3004843857470132	0.1770634024300975	0.1530405277232669	0.1296473847133804	0.1308903370788106	0.1087724802577772	0.01098381339008178	0.125849258201391	0.0162785407504675	0.0167644651940128	0.1241542675407833	0.04526390904116088	0.2246573341714574	0.05565162308849906	0.01042016380144739	0.01078926389685836	0.05792493870437194	0.1932145407258897	0.01412675401079408	0.01710246897672306	0.01096521896671584	0.01048549799778456	0.01073911551830497	0.02830855994343406	0.05677163453287249	0.0174149920852297	0.02379363760812889	0.01433966691158128	0.01853088860437124	0.01369537047833171	0.02880396892291729	0.05526357180426462	0.03167884783400242	0.01393498987754951	0.01206957316596618	0.0105237264248866	0.01026381269897431	0.02004314838268235	0.02689767065833967	0.02774621576159274	0.03124355840206779	0.02090468834128216	0.02021709110243804	0.02819083227741825	0.02349356311011471	0.01685938092538114	0.01754962168214629	0.08506820585178496	0.01368811142421775	0.0122987902590491	0.01376883423206947	0.08568834850341914	0.08969282944914368	0.05368752277527276	0.01156104668763947	0.01563684676786003	0.0101509842470431	0.05620119847924109	0.1303438948264317	0.01173085526528838	0.01392733439559742	0.01598384812252773	0.01430189439220831	0.07645390073167413	-0.1488887978569664	-0.1122490283184156	0.02490896953566081	-0.02383451526850041	-0.004686247599093339	0.03519899990225535	-8.814263981404633e-05	0.05656294945353411	-0.01055519495564352	0.001729811646295126	0.04444840888763413	0.0004430508458116	-0.03386066278032592	0.09105316305894666	-0.008173467789076768	-0.05397472663531431	-0.1448367110110076	-0.1697546025555713	-0.694870242529139	0.3768732436002427	0.01079330679126829	0.01059745373030063	0.0105753595529935	0.01064225440914642	0.0105610747778933	0.01103183946721781	0.01046880656141496	0.03619568001476758	0.0176164730388868	0.01761832693463749	0.0176374394179067	0.01773650751883197	0.1046718892958749	0.1637678737793682	0.01225354365981185	0.01086412779988575	0.01042138712807797	0.2501400358467424	0.148720543748488	0.1284634775655724	0.1102114050373995	0.1139270733367907	0.09741598224045378	0.01155334295253579	0.1531253536156449	0.0176850778903578	0.01777071148413841	0.119783334219481	0.0902306700308899	0.2542052259110351	0.08516665351623004	0.01039006423180975	0.01088542371809934	0.03227147183223642	0.1875093146738358	0.01769341418314638	0.01767723146931883	0.01083912788929471	0.01024583448151274	0.01057319031116121	0.02006858217370795	0.02500761155959462	0.0321395767195644	0.05228854339674188	0.02161592697812019	0.0169139571527262	0.0208712084156284	0.01465089243429207	0.04764469507906611	0.02881133215732746	0.01605201150020093	0.01378203698906823	0.01068964396573127	0.01034134987494825	0.04172305663765461	0.06243607788307479	0.06310898191973768	0.06171379556428307	0.04376575671955895	0.04189112899078085	0.02224834560517398	0.01856580572456747	0.01892725938385999	0.01553207995292651	0.01674657807632369	0.01578214981658271	0.01408977778499594	0.01691993173092496	0.01474634922439169	0.0117634779209657	0.01360288228096346	0.01456885799653243	0.02614660593942623	0.01031411519989585	0.01414051851626405	0.1132258648754409	0.01325268045936686	0.02118269264725443	0.02948962337029663	0.02297369859910255	-0.01659660026210074	-0.02039881054018986	0.1035793379655801	0.01485302684522333	-0.02207365654189626	0.007085244624777601	0.01537686425001652	-0.007560975680764046	-0.02897112187605343	-0.0006462267613654974
0.6286842105263157	0.01040001556440002	0.01026724250503042	0.01045545721283611	0.01058647126195538	0.01038411221498376	0.01056413994124691	0.01043316900407977	0.03095909347582004	0.01506279952649931	0.01546501200119078	0.01619338370141134	0.01679257114756517	0.1021610838675118	0.1346486385080928	0.02016059494858873	0.01121964775261951	0.01032955216457016	0.2874816088796276	0.1718786865856272	0.1507274018390983	0.1268824292372489	0.1301842150258669	0.1108465787562081	0.01100532455133178	0.1377713241652491	0.01625709668159964	0.01670218429233069	0.1297580699856561	0.05952494845647573	0.2097913149279902	0.05916291507787812	0.01041951319663962	0.0108083756064792	0.0546056254388	0.1902946925885503	0.01425067231986352	0.01700935510147449	0.01079225946756811	0.01032191158119494	0.01058619405392878	0.02154872020819197	0.0443083711515796	0.01773360043837119	0.02452618576870421	0.01436912919252127	0.01586171468779811	0.01382397598809058	0.01997015832485952	0.05541809398104234	0.03180386313428829	0.01400933714222733	0.01213703274751968	0.01045272425477975	0.01022762050553447	0.02017645902005002	0.02721595393887508	0.02826576742146935	0.03924444889460599	0.02134604543411494	0.02029996993376562	0.03067963786016061	0.02638267725274498	0.01855667316268585	0.01435871004478645	0.08433563285770224	0.01375656188431047	0.01236263534206762	0.01288976661707131	0.08243988502961246	0.1072464598407855	0.04898608728791493	0.01164136863866181	0.01578936975743653	0.01015877024761266	0.06151074031547773	0.1310982336890122	0.01179191345049458	0.01604458021894847	0.01779758788658397	0.01634664129088755	0.05352462331513916	-0.1524866037530995	-0.1135830360852563	0.02149423502834577	-0.02218984479673636	-0.00428948744521938	0.03370214478275407	-4.462036836620116e-05	0.06022375273852687	-0.006225634187964026	0.002793504382590989	0.04443450623578894	0.0004586156375826809	-0.02857381988386783	0.07503351016887495	-0.004770200824159133	-0.1061357038629025	-0.1330903962667638	-0.1585753808146445	-0.6293160024783426	0.2937061694694466	0.01022843377783176	0.01013902178929272	0.01039445754541077	0.01054105907726529	0.01030333545993052	0.01036092404147011	0.01041255215315265	0.03213517564308935	0.01386213539750968	0.01443638933231127	0.01545464025537971	0.01625098114469309	0.1178921275228261	0.1389775941207075	0.01862862709646937	0.01098105028001041	0.01027245867720133	0.2829419477387718	0.1753881772157213	0.157950811730668	0.1316530284903897	0.1375406016777714	0.1203571396239911	0.01080389540662937	0.1486438691456559	0.01552139355421865	0.0161061486539268	0.1422184913785805	0.06155029341766333	0.166263698534554	0.05032016297406118	0.01042974445894935	0.01077646529287561	0.06164177846236643	0.1879455986095827	0.01263791750415434	0.01658280888164268	0.01061210291098562	0.01022524371558081	0.01045846144698298	0.01645307441592597	0.04166543307083048	0.01026650393532159	0.01019637926306688	0.01055236792205203	0.01315975148596491	0.01008383005535474	0.01507517484696283	0.05985589282795177	0.0335801596532321	0.01302319864245638	0.01133332165030061	0.01026809908513091	0.01013673083276452	0.01020814700538608	0.01011849181808541	0.01011076793348083	0.03511539064578426	0.01110761144210082	0.01047712225836411	0.03713445564644507	0.03305638148658717	0.02026262535566322	0.01119035128247709	0.1169023897607792	0.01277185115096756	0.01151575902475044	0.01126665431761493	0.1122432166461521	0.1758728669156332	0.06193355098763059	0.01006801412392616	0.01017473295587287	0.01008227230553679	0.09063201573028316	0.1420060393799469	0.01107715813164999	0.01536819373176823	0.01473200214870613	0.01510278873202333	-0.0008928893611939836	0.007640026232747744	-0.04860657003471812	-0.007696434760933518	0.01154439995624752	-0.001729546010206146	-0.007682831944625905	0.00646531748802176	-0.02893610896186838	0.00102247911384959
0.6385964912280702	0.01051436337059754	0.01046971423007678	0.01044692549750123	0.01055788594730286	0.01040301150056422	0.01069008368978318	0.01041728792371844	0.03540757161289492	0.01511270066383405	0.01549396307618527	0.01617460448082936	0.0167178123863694	0.1183227862940516	0.149883345750358	0.01762926294197617	0.01097105296868699	0.01030504036485118	0.2765939209912585	0.1663196113284926	0.1468629009346347	0.1250065408585525	0.1302005406077383	0.1131150087452202	0.01123910704780469	0.1565030991369793	0.01623364985562556	0.01663857938368172	0.1345746881566613	0.08076524569865161	0.2022177648332406	0.06381814556520692	0.01040300876456705	0.0107790645361167	0.05026081908677797	0.1897782665370591	0.01432922332028518	0.01691353494400512	0.01066090569683581	0.01025212622022354	0.01048738419623401	0.01888234795760124	0.03837910812046511	0.01579963098345728	0.02084739793786893	0.01351225372329321	0.01503455085232477	0.01258095264665149	0.01685437885366816	0.05697377227906574	0.0325124170509058	0.01393362113211468	0.01201550480724033	0.010390859621639	0.01019475370097434	0.02312818062403459	0.02863437636130784	0.02421947688404323	0.04296932512279973	0.02407196097522294	0.02406643780900008	0.0317780934128746	0.02848239747610925	0.02109686058548542	0.01339208709953907	0.08359735976169796	0.01366951021539235	0.01224319865085573	0.01707993288869463	0.08067297729883471	0.1159417143041121	0.04702654204824818	0.01095962864391792	0.01361017011785363	0.0101406458760416	0.06407725927339641	0.1348530529853309	0.0116763023958958	0.01747669104160279	0.02372855520536554	0.01871702441719792	0.02890240815110628	-0.1580981716444123	-0.1161188622576424	0.0158141151059651	-0.01888336056943035	-0.00371742305915599	0.03124450740319294	-9.352718788062151e-06	0.06147554732453708	-0.003371389245807838	0.003486941317911928	0.04351931553054916	0.0004496815850096414	-0.02409574064620707	0.06338938503025383	-0.009903750053038948	-0.1477327836573392	-0.1244059169582126	-0.1479756208029386	-0.6870588210765173	0.240973176693213	0.01113461801062507	0.01121162441979515	0.01054881272608038	0.01057181675703715	0.01061275895657551	0.01140390170208585	0.01042051813622888	0.04633373393969274	0.01768008262566797	0.01765006764228518	0.01759725643329868	0.01758117840692604	0.1430647161721957	0.1988613273772749	0.01124549365369938	0.01060057112735561	0.01035593126741599	0.2339724609594079	0.1374279894324563	0.118518146789825	0.1079363284538443	0.1150700917490869	0.1021423733257515	0.01222395354622155	0.2028682349078021	0.01763606765596112	0.01764189378357287	0.1281390126969793	0.1450386461135933	0.2511571933658033	0.09636479865535665	0.01034197984531814	0.01078066197514498	0.02282383165711646	0.1906977424324337	0.01780835141982682	0.01748267108215693	0.01061613742186784	0.0101955448281709	0.01042715985871323	0.01899247867046418	0.02159008467856321	0.02601984353975823	0.04034109636940223	0.01903243148872061	0.01706758592998191	0.01704851591664541	0.01446209867182528	0.05237889830297197	0.03084155776379116	0.0157553392579384	0.01335761788444893	0.01057454824898173	0.01027876179999149	0.05062346925700811	0.06655116969113258	0.0501134877837631	0.06529555523765859	0.05170092518647241	0.05334676271038791	0.02292279423754682	0.02188331905493591	0.02487438625714948	0.0157678475797788	0.01546034394793007	0.01545765427303491	0.01367479000495204	0.03030041631867234	0.01385704880093874	0.01216358009179592	0.01340249373397349	0.01247455702005384	0.01948694910232725	0.01025325659804184	0.01519503501853692	0.125190733094111	0.0128522118724552	0.02343734854416266	0.04577148982236795	0.02813213677362027	-0.0210798451554371	-0.01935215444646061	0.1018975590667762	0.01433323201477221	-0.02689813053303483	0.004976618346013117	0.01610888054229127	-0.005226665383371627	-0.02890115300365319	0.00218176198389225
0.6485087719298246	0.01049709673191601	0.01034475353193613	0.0104444225325515	0.0105441387613757	0.01040253989335694	0.01067009068243186	0.01040881296979661	0.03884264627952254	0.01513158754108321	0.01550669528960483	0.01617236819367148	0.01671074261278824	0.1310278983872012	0.1628820716781488	0.01451760500654127	0.01078053181079843	0.01029338690307109	0.2728058847861634	0.1645553944917195	0.1457125871043534	0.126417936165582	0.1322183338313365	0.1168380012613267	0.01119517332221371	0.1717940410535127	0.01623194713408483	0.01663298767853359	0.1394663738840408	0.09734802128711115	0.1908117178613939	0.06675326518054035	0.01039769183473741	0.01079058124660235	0.04930659381467845	0.1906696305417301	0.01435371907656	0.01689975219475318	0.01059188392086001	0.0102172500913873	0.0104333001437435	0.01573121388673321	0.02529903367663923	0.01590175778466645	0.02120527067941138	0.01344612325329593	0.01396387278355674	0.01260133582491857	0.01552304843092746	0.05925410912147946	0.03364211417364592	0.01389557513697773	0.01198830046306563	0.01036522188258268	0.01018083804445782	0.023630439955498	0.02923826034415585	0.0245431297089315	0.04136551443961613	0.02497275705957354	0.02458737466598354	0.03016650204331943	0.03111774235485044	0.02573629476152019	0.01276353359466097	0.08812113089796389	0.01362590961193613	0.01220997096366211	0.02586728846775248	0.08854466634044175	0.1328642073421294	0.05538724198682785	0.01094356925361965	0.01358038168606564	0.01013910049073317	0.07110009462801173	0.1402286289267078	0.01165500257358536	0.01893314178738614	0.0290874895195366	0.02084563401486445	0.005901426447298286	-0.1578478675789171	-0.1195231017208787	0.008666817718176368	-0.01518596184202372	-0.003180577769909299	0.02813844139029665	4.553119852976319e-06	0.06052259873302134	-0.001231437105201106	0.00395456667420165	0.04189715008260005	0.0004276444333802827	-0.02269759839727459	0.06098284752329732	-0.00861680848636729	-0.1764735207366229	-0.1194358621622226	-0.1347826084131527	-0.6046406831152846	0.2223587249053951	0.01022088076773079	0.0101283836662764	0.01038771803983719	0.01051350402434676	0.01030229646651027	0.01034611638200599	0.01039170971638436	0.03924664599737224	0.0138908289298735	0.01445490543264757	0.01545382118055938	0.01625361275297735	0.1438506742267345	0.1643989107962396	0.013560540443367	0.01070398333285321	0.01024806051766891	0.2846543428339128	0.1749870141577416	0.1573755856926379	0.1375591071031892	0.1439224015805559	0.1295379255478712	0.0107893708686349	0.1815396223258655	0.01552283840173395	0.01610952233682572	0.1528343800243197	0.09605127168564817	0.1454573427352005	0.05577131427261667	0.01041667727345936	0.01079580427830838	0.06103157640353108	0.1928457732722619	0.01268604622781784	0.01657755209408429	0.01051243208870101	0.01019676032179209	0.01038491604102711	0.01140080592972589	0.01540072632580133	0.01020887517886995	0.01016006131120879	0.01035898129892337	0.01157495435134685	0.0100661453847596	0.01495026228658936	0.06537502709363571	0.036240369256677	0.0129173930161651	0.01125835466033253	0.01023333214164522	0.0101174118388662	0.01021643733695115	0.01011991486449959	0.01009929190887	0.02545077015385661	0.01163516207144823	0.01073036129646619	0.03191274984852548	0.03799609264592051	0.03047923958371268	0.01070716311558467	0.1293264210809628	0.01265500591054758	0.01142685129707528	0.03381876260503389	0.1348820754483963	0.2153939651151445	0.08486938661544693	0.0100489031474874	0.01013379264282778	0.01007796321090926	0.1067014305506419	0.1555813699153907	0.01101779630496313	0.01794252584253128	0.02558330922789207	0.01912024518367377	0.001561432851962322	0.005689443384869586	-0.04632210569224051	-0.007437894640786532	0.01353561735578325	-0.0009644616429693728	-0.008997424899493197	0.005572023969246534	-0.02889071280337957	0.002776833604356298
0.6584210526315789	0.01072249077629046	0.01160316019886827	0.01043331891631863	0.01051585187543615	0.01042389544422525	0.01090506790167946	0.01038767928633014	0.04431178295600628	0.01521306799022172	0.01555069701617623	0.01615488556496118	0.01664355386052539	0.1488985503682294	0.1785501720049364	0.0133472463825839	0.01066107676718398	0.01027010779780548	0.2672589720726692	0.1614712531791917	0.1438578092450726	0.127745141920783	0.1352921389886068	0.1217539294181291	0.01176933146810327	0.1957613839790523	0.0162090466133082	0.01657314955276904	0.1469153047010702	0.1230963813444058	0.1866229045785067	0.07168949108382601	0.01037700338808477	0.01075766618734452	0.0468957438918201	0.1938906142827645	0.01452667501361421	0.01681689950316651	0.01051962901427468	0.01019152329588939	0.01038188784654358	0.01419486265993531	0.01949763017110693	0.01306947989243659	0.01437598599757597	0.01245290649829304	0.01373171549103254	0.0112766966585173	0.0150361272629096	0.06181338544874481	0.03481736592632784	0.01381273291789411	0.01188412543447181	0.01032917558298407	0.01016252194255429	0.02270153586758785	0.02606596758772615	0.01722548585400117	0.03130920834088748	0.02266591954837746	0.02536893500724932	0.02783004584816712	0.03183149780287804	0.02881384285498583	0.01236107693696527	0.09021701833110396	0.01353190800387052	0.01210163238298707	0.04001719919893919	0.09320070092723694	0.1439464967853765	0.05962171835527247	0.01046261425402559	0.01167162323092163	0.01012700359079307	0.07526594867491478	0.1463525443420846	0.01156043872958726	0.01968683270329619	0.03237832749105535	0.02223120282202891	-0.01962981556556204	-0.1612112654198193	-0.12335741528683	0.001625929690753393	-0.01020579173067925	-0.002465696392898525	0.02470089610902695	8.90494025951691e-06	0.0588088923602155	-0.0007367586153318889	0.00400021141206237	0.0398442834398968	0.0003843106481130967	-0.01723585079471462	0.04982799420912692	-0.01489901604231352	-0.185913405130851	-0.1185367306892793	-0.1244832562754858	-0.655117835577233	0.1025909987371925	0.01181680626936957	0.01505333961306035	0.01051842209984198	0.01050140665506572	0.01067623879775507	0.01211725962810348	0.010366213390643	0.05975776727582696	0.01790464475611735	0.01776888488207269	0.0175472960967103	0.01738763179751961	0.1882066102328271	0.2368565011528123	0.01085034887695925	0.01042962998326386	0.01029832067373159	0.2197201386701932	0.1293010115739995	0.1138381723410198	0.1103841168819981	0.1227037426195025	0.113560587334044	0.01396520692958879	0.2686628915188031	0.01756942349441916	0.01746883026356992	0.146931889089522	0.2149932582936208	0.254070301354048	0.1092377610118079	0.01028599063260655	0.01067250066773217	0.01654775108108474	0.2012408214863504	0.01830000961904923	0.01724896799709883	0.01046856699248738	0.01015279134319666	0.01032689179376535	0.01748362368933686	0.01799801603773723	0.01746337587929607	0.01942581012660411	0.01614162508959579	0.01740705220835879	0.01310096577075457	0.0143218580699499	0.05778443694780431	0.03323187498318227	0.01554576839922566	0.01307509686761069	0.01049253317961651	0.01023794335741779	0.04730221091319914	0.05613683849768585	0.02756072768160674	0.03572294129954384	0.04377578370558319	0.05526645781518916	0.01757860593015483	0.0212229394589787	0.02947539542570035	0.01517376757876564	0.01547125386883932	0.015220347411319	0.01338557774716699	0.06518108270526643	0.01710651371615217	0.01987911159708943	0.01596743043178269	0.01106865493269635	0.01384454677904874	0.01021903934754938	0.01872084671146951	0.1384331081356717	0.01259267848677867	0.02427802273391039	0.05063785341332907	0.03023698787590379	-0.02623443436773002	-0.01538819100586883	0.09853464322829339	0.01371778510299126	-0.0348796252122389	-0.001883423276437728	0.01793005653777963	-0.002827094277240757	-0.02876125585690005	0.002799868788674931
0.6683333333333333	0.01071435690683575	0.01074214135645028	0.01042788824670518	0.01048857552529677	0.01043005674259165	0.01090449715902713	0.01037098546609888	0.04912848566014653	0.01522300752654003	0.01555712461029809	0.01615095290894129	0.01663025249297187	0.1655977581642504	0.1949719719095794	0.01209496095766063	0.0105312084008598	0.01025379020711646	0.2650028224856646	0.160402021195468	0.1438450587460174	0.1296747870586057	0.1384700366321923	0.1268859059820168	0.01171479872068724	0.2177511450495592	0.01620572277832528	0.01656366329109137	0.1548227788471333	0.1491541580291	0.1805713632867257	0.07644384704219148	0.0103540015269101	0.01074323726622031	0.04579797987360654	0.1968430957445504	0.01453949335267193	0.01679513665347582	0.01045543867970587	0.01016577045494085	0.01033355259485832	0.01361355930396107	0.01779074104922718	0.01289160149300922	0.01388261078817529	0.01234762784028771	0.01362406511999396	0.01111624406364487	0.01487503888327498	0.06417487674172052	0.03598873929424531	0.01375823545351913	0.01184037486440446	0.0103098417744521	0.01015120589747638	0.0230245188404052	0.02608238119752355	0.01670913722613447	0.02425839425414351	0.02311064422177527	0.02606942552506323	0.01952607636075264	0.02593072864930151	0.02785276980893724	0.01216610519190384	0.09392726559122933	0.01347143597818423	0.01205248497544448	0.06255876283185333	0.1096756396564883	0.152695337711452	0.07272943984452353	0.01042396450943274	0.01152342388490064	0.01012329960128181	0.0742839381876037	0.1518576081883349	0.01152449688030441	0.02027095611417112	0.033538917567937	0.0229827687034424	-0.05020226368918133	-0.164008114329309	-0.1276238749110302	-0.003342006454126305	-0.005339340179710589	-0.00181784695228399	0.0216215783199434	-8.512053409009473e-06	0.0577465741172766	-0.00112696996222926	0.003850943126715745	0.0379607116273968	0.0003383175413367865	0.001591681179560624	0.03746772871670077	-0.01840009965611552	-0.1794772672540741	-0.1222029226550821	-0.1152912757613948	-0.5607460794125653	0.1481241745221646	0.01023342239710747	0.01013629122217331	0.01037500642667832	0.01045564417181678	0.01031371475643366	0.01036760492495253	0.01035563427214533	0.04948448742641875	0.01390388362756942	0.01446357197189619	0.01544726629153432	0.01623211762486691	0.1798315976142301	0.1994352659089285	0.01169048215262415	0.01047006505862855	0.01021439564254872	0.2843567756476806	0.1747485861122569	0.1592022179253013	0.1429387181245105	0.1519137091487817	0.1414930227718551	0.01086566933402075	0.2296273002899475	0.01551795643924315	0.01609530599296803	0.1711767622482213	0.1526301394495237	0.1359430713930138	0.06564454087736292	0.01036597380987933	0.01076019517088424	0.05914618582461181	0.2007034760238723	0.01270214064059061	0.01654038654874085	0.01039093354681189	0.0101497755486891	0.01029378547421622	0.0111390982724043	0.01609202267085268	0.01018358898801755	0.0101385766959728	0.0103035752940274	0.01205956357417588	0.01005551992800766	0.01507397362442497	0.06995261260793409	0.03852184823140271	0.01281431578657887	0.01118013069562914	0.01020201615771536	0.01009917886058227	0.01021102437224268	0.01011845035307417	0.01009429101412541	0.01050149658450785	0.01078221401257256	0.01075955428208888	0.01300700449409032	0.02251064760732899	0.02565271722329267	0.01058847497322371	0.136937826387825	0.01254076745110007	0.01133792106641863	0.08687472589572041	0.178050155673292	0.2332015877828995	0.1167856359638651	0.01003645365947113	0.01010901323034194	0.0100717215187968	0.1005791069767598	0.1661787217883601	0.01095476694080151	0.01839945599741257	0.02392047965488893	0.01931566010334856	0.003934647152769445	0.002036265324115299	-0.04299354825162549	-0.007082318800787912	0.01673188117230549	0.000571142181056342	-0.01033882553706975	0.004783699516085219	-0.02865581716214681	0.002152283661996597
0.6782456140350877	0.01102661001093255	0.01961947656997998	0.01041268486943609	0.01046034296495013	0.01043957846601964	0.01119112121168296	0.01034748951850837	0.0556108431243265	0.01528335921811152	0.01558925425837132	0.01614086511774035	0.01659151397247013	0.1862271899217587	0.2125249441047869	0.01162471688064211	0.01045570474125701	0.01023164321022109	0.2649880372212647	0.1607032418830259	0.1451607915833933	0.1346783067646519	0.1450748357410045	0.1349510186520015	0.01300481598203868	0.2471258606548952	0.01619218573760256	0.01652842864709703	0.1655857262710847	0.1793551673206605	0.1786877154519113	0.08170954384643314	0.01033149902299457	0.01071040412829223	0.04475208471518529	0.2038874726306129	0.01467947868002997	0.01674773082890009	0.01040726279035247	0.01014945580140586	0.01029937351485092	0.01313816038365337	0.01648353212368627	0.01170058051300992	0.01139112104918096	0.01206110320151907	0.01527475738143604	0.01130979631990573	0.01503992195960757	0.06596763173192449	0.03683185275804089	0.01371636951503	0.01179467927920444	0.01029926280616583	0.01014904218999696	0.01956978623910129	0.02258140634107934	0.01345742443725146	0.01367576867243167	0.01401570845056765	0.02147483554798901	0.01481790949568488	0.02132363019190079	0.0253147478972171	0.01244119363965939	0.09499319488807161	0.01342232763719832	0.01200193998773722	0.08649801726157408	0.1258931464391781	0.1665552227643893	0.08496014159683084	0.01027077686726833	0.01092337358273	0.01011900449952017	0.07305557215644784	0.1562420147728377	0.01148510814122446	0.01906482487099056	0.02602523970896581	0.02060398077814867	-0.06627940314216778	-0.1726880481604318	-0.1319010169143846	-0.007117422696566403	-0.0002913059169194696	-0.00118001426900659	0.01898690212963378	-3.813763094486861e-05	0.05628670022430783	-0.003146457375926724	0.003356332849368896	0.03620985319038579	0.0002836133245337743	0.004462278473327956	0.03626386412063039	-0.02697387412985256	-0.1659757758038337	-0.1276776687593255	-0.1102174751854944	-0.5922633940400795	-0.01990147414616152	0.01274766427883871	0.04253800428689384	0.01047871715703019	0.01044403392554591	0.01069848828081156	0.01296546888342038	0.01031275682695766	0.07505047862675525	0.01807493672958992	0.01785844159178765	0.01752104633719277	0.01728509519748078	0.238460266125099	0.2767960460105128	0.01066957304108133	0.010330458944645	0.01024848528619969	0.2243651614662766	0.1321910875297369	0.1185015830611942	0.1248823986918124	0.1410862336500384	0.1339781245675648	0.01784645741481451	0.3465027887960886	0.01753229145573508	0.01737300184650023	0.1731628517717894	0.2908299323672972	0.2565109551351837	0.1211869610777158	0.0102414707411397	0.01058931429441269	0.01466033328310931	0.2227645764671126	0.01870489332183807	0.01712889471801888	0.01038745937181315	0.01012912995310388	0.01027200013248749	0.01662611809399602	0.01578691506277908	0.01409732343650122	0.0124970228488091	0.01539129732892659	0.02243403256796546	0.01382620977411791	0.01496900247609556	0.06064074180606353	0.03455584279111792	0.01547382690503882	0.01298157528937868	0.0104796834608135	0.010242305330265	0.03646824232665228	0.04535841745035431	0.0183247168057789	0.01095685695855336	0.01593322786959027	0.04051585229669524	0.01199006260934226	0.01357729334519715	0.02277786237755192	0.016175726644945	0.01326432473708604	0.01513263320659479	0.01328282579266205	0.117473727453032	0.04449803330572617	0.05182678583424132	0.0369374273744436	0.01065315563338723	0.01220973720697508	0.01020988600338037	0.01620518167354949	0.1452669877705653	0.01251041040533282	0.02008152942478077	0.02644839693955547	0.02231847325850608	-0.03079408422959697	-0.01028095236915993	0.09384103590181413	0.01299988911361295	-0.04344506904042155	-0.01490397770942006	0.01980418921577911	-0.0003365443952900119	-0.0286216317844855	0.0002533133859276285
0.6881578947368421	0.01103927097292094	0.01862145858141857	0.01040181716966354	0.01042589145985253	0.01045047828676366	0.01122396472106056	0.01032589179372615	0.06246096603089207	0.01531065001361508	0.01560594817684552	0.01613157334196667	0.01655523603825022	0.208386339625536	0.2338831340259374	0.01113234223592781	0.01036980560459438	0.01021302975497405	0.264385877549017	0.1606320751894475	0.1465109427642914	0.1380600918465174	0.15026163990703	0.1419198306175956	0.01297027540349878	0.2782591919242707	0.01618161410631879	0.01649883307925323	0.1766235683221293	0.2151988328763428	0.1770084558227173	0.08869985493727314	0.01030335520658168	0.01067843918086823	0.04281322630036966	0.2101942340677023	0.01471780837545566	0.01669720912276893	0.010350332760649	0.01012731253031695	0.01025678958486226	0.01375835158008343	0.02693845093983058	0.01164813705033915	0.0111414106670172	0.01211214296182487	0.02738740070803163	0.01055074984832597	0.02059399881749006	0.06668023696080205	0.03713730854650558	0.01371557957113649	0.01178667533650938	0.01029851902159472	0.01014087926096693	0.01974371729013118	0.02276008067144512	0.01323079306738789	0.01157019957601711	0.01298732493457924	0.02158628733978834	0.01233591870811959	0.01519587193719524	0.0192665877752926	0.01219028573853339	0.07857052653519947	0.01341551485472192	0.01199183516866127	0.1158732296795079	0.1385797469116255	0.1474443929694375	0.0984406439792959	0.01023874515078621	0.01082824135206963	0.0101179859620691	0.04909066742559298	0.1585701543442842	0.01147895616807556	0.01632211870471598	0.01998453453726838	0.01720875161670102	-0.07623689958572785	-0.1762874315329566	-0.1359428936465752	-0.007879095063468813	0.002955899874205714	-0.0009084791484986187	0.01728974263278799	-9.293390624556287e-05	0.05681321315777867	-0.005187720061073018	0.002873079205209636	0.0353765506818398	0.0002410635015732175	0.01071754031363116	0.03576044566009637	-0.02034035741431671	-0.1460274196423896	-0.1350589314364682	-0.1028732739673065	-0.5016143194568674	0.07180258038328144	0.01027363209377156	0.01017527839083296	0.01035002675417581	0.0103842519733075	0.01033175694763978	0.0104363329529247	0.01031056911338126	0.06430390820524913	0.01396125339097857	0.01449871577348617	0.01542774370511875	0.01615501409392039	0.2293292853041944	0.2475518228858437	0.01095637628435267	0.01031413548264795	0.01017620402552609	0.2852461430555461	0.175695498692517	0.163119263834707	0.151174400789974	0.1639868540681647	0.1570766651853001	0.0111869859754889	0.3006071950412598	0.01549545398971624	0.01603211926399321	0.1959719407420231	0.2336618210479537	0.1359915665531115	0.08078538829720164	0.01030848334493356	0.01069096052577489	0.05490271818694691	0.21597367084168	0.01278279167627067	0.01643361106363325	0.01028095964665062	0.01010720073469641	0.01021164090355482	0.01276334044667664	0.04158589038536406	0.01022364985906528	0.0101479758459495	0.01042281086759579	0.04196973981221391	0.01007346380436726	0.03119495123770041	0.0702664655361918	0.03861734726662026	0.01285010962404157	0.01119945471126795	0.01022857059769798	0.01010642178577148	0.01026494139315869	0.01016367602966835	0.0101330593672505	0.01013151092026479	0.01030788185268252	0.01059842588284861	0.01041791765154093	0.01078277951436133	0.01191220803673941	0.01130923507465282	0.09228389626235725	0.01256646224336165	0.01135484290855426	0.1523700707574654	0.2061939997760486	0.1654520376258491	0.1502619712219739	0.01003737563021031	0.01012426959472791	0.01007305468206455	0.04098664831563151	0.1681311846402772	0.01097386512453183	0.01146392911426231	0.01037649065694656	0.01090962853697655	0.005486030847156663	-0.00215837669448602	-0.03891444513808031	-0.006682286684787942	0.02046413037360939	0.001634727666191114	-0.0112878274176913	0.003875735110650831	-0.02873707803041668	-0.003463679294113616
0.6980701754385965	0.01136527804543914	0.03571762947465167	0.01037916919205066	0.01039398294930644	0.01044001857166864	0.01146815581152882	0.01029981665376784	0.07080458245941462	0.01536449694746565	0.01563474505601969	0.01612294566696424	0.01652091052067606	0.234024966487119	0.256004125305527	0.01092188553919573	0.01031425754886905	0.01018956640880227	0.2691126386249188	0.1635954400647296	0.1500218117750907	0.14703371035551	0.1606001809566427	0.153094353459051	0.01574470033278981	0.3166200956502815	0.01616978715267088	0.01646748581241099	0.1904445510009063	0.2543543662136455	0.1799103007615961	0.09566698187572241	0.01028049453271384	0.01064150095650636	0.04173544642238324	0.2220821573706813	0.01484626595866563	0.01665507352940407	0.01030987955633734	0.01011380339844219	0.01022837194405204	0.01371623389432422	0.03098556075944503	0.01098717974880151	0.01058628347589538	0.01176185742286812	0.03874228211525641	0.01753813409677387	0.03509364066261636	0.06643427088926455	0.03692285892446172	0.01377425190543345	0.01185246493880817	0.01038535084736591	0.01023164485061034	0.01484551409504581	0.01722770769223209	0.01166228604785212	0.01068987804421833	0.01111272284003669	0.01529264608661943	0.01118880887386061	0.01251920867563451	0.01502047439347484	0.01746842913832003	0.07075983851085794	0.01347511895209166	0.01205682047677753	0.1426378176367188	0.1591684429216436	0.1275283595695366	0.1240259131080742	0.01035711990321272	0.01105474011551195	0.01012517094869101	0.03807037626887223	0.1593384494210614	0.01154087680022723	0.01245788842443062	0.0125908788968755	0.01223503589652811	-0.08293501590960056	-0.1919077571535311	-0.1407358638023596	-0.004492993998252699	0.005731361292784972	-0.000804138434892148	0.01700850220966043	-0.0001606566478794484	0.06027489803697568	-0.008939000905178934	0.002249338510054398	0.03584536644637518	0.0002125017344505762	0.02827024006792561	0.03671916489882165	-0.02761342972437302	-0.1250811428928643	-0.1407859754707833	-0.10208690924816	-0.5014602474151971	-0.106801870549075	0.01370039989870359	0.09680764796499799	0.01042221447227536	0.01038263783056389	0.01065725448950468	0.01365704147558102	0.01025635500815203	0.09421158677774508	0.01820907646208174	0.01792810514797633	0.01750438043626987	0.01721824256518817	0.2996845693134483	0.3260397693063297	0.01051922952414204	0.01024825822545326	0.01019694978484774	0.2445126838246624	0.1430013578698969	0.1287624784801141	0.1514354660332712	0.1700514784679523	0.1630137332817993	0.02616687882964853	0.4462350551860737	0.01750733512905084	0.01730846557581451	0.2059318226917132	0.386866115752949	0.2701140848279932	0.1361708933251463	0.01020078203662254	0.01051072336332597	0.01366935689340355	0.2573406293172861	0.01905106018977962	0.01705277542057079	0.01032221931181835	0.010110312144512	0.01022862942675537	0.01590687990369506	0.0170979058452348	0.01219102645648445	0.01109389736711842	0.01430426092996108	0.04473438288103979	0.03545363791984233	0.0535246246322376	0.05897158384154863	0.03356401368114117	0.01564893398141208	0.01318400078127755	0.01073665242966014	0.01051784526257087	0.02155994468531384	0.02840497056123739	0.01388278057343427	0.01038428330592469	0.01136272442155336	0.02142084551919014	0.01099700827653578	0.01171508507680438	0.01610433321936318	0.03221311447260317	0.01238062521245409	0.01531620278513308	0.01348496268099451	0.1702312114838366	0.09420412911716684	0.01774104296253758	0.1025735783334065	0.01103296033154097	0.01296987494532356	0.0102320473031828	0.01257500537747883	0.1442095251790171	0.01269948873343178	0.01125852491461405	0.01034554323954129	0.01082035563889047	-0.03359137501512808	-0.00530849297824497	0.08864798446780824	0.01224994463604062	-0.04740753076554109	-0.04526098641620387	0.02235471727569484	0.001607238723796013	-0.02910096405719293	-0.008259238360538088
0.7079824561403509	0.01143961721054574	0.03655773990817005	0.01036398171188998	0.01035347943379604	0.01046356420228369	0.01161495714755153	0.0102723029828713	0.08082623992952055	0.01546566837988395	0.01569361172500858	0.01609981821204979	0.01642762354974896	0.2633083449613285	0.2843138991785821	0.01067331119882746	0.01025219286900117	0.01016996321458043	0.2657142497941383	0.1625495324530661	0.1521644139533089	0.1508938877802045	0.1678230327643893	0.1623648403716236	0.01746236818865112	0.3593051687377625	0.01613984422191548	0.01638574725736932	0.2064821143781234	0.3029919095122449	0.1843109545657297	0.1061435553411252	0.01024323003116575	0.01058586438053565	0.03840406251974853	0.2320693397911071	0.01501939181072246	0.01653479103389433	0.01026194032405144	0.01009529180730073	0.01019238341989815	0.01393933802940443	0.0277514411117652	0.01101716260465633	0.01055718840776857	0.01193453779665194	0.04169700862812478	0.02170254641307124	0.07514850698958556	0.06929089012272677	0.03834534906756488	0.0137363065621782	0.0118329638246126	0.01591185988124839	0.01036857521818729	0.01470480086466903	0.01724403554180204	0.01163424077477104	0.01039891508497505	0.01087209414117155	0.01483134438503885	0.01085230690825096	0.01164548067226653	0.01400729787840103	0.0397820093140145	0.05440408411813766	0.01343337305350916	0.01203185937031967	0.1517944198493091	0.1505736537961408	0.06185893897732062	0.135215945767804	0.01040648690568443	0.01306785709507823	0.01012454004151195	0.02171904359676505	0.1663477012504381	0.0115269995049907	0.01125075230971615	0.01101333077888833	0.01103491061135435	-0.07632614130652701	-0.2086686635146194	-0.1458020189727881	0.001877207408492241	0.006565994934872627	-0.001152534820156509	0.01811839183075983	-0.0002465219515402886	0.06597552419844656	-0.01322567055632837	0.001696466251020802	0.03766908413545551	0.0002056346733946555	0.04683875007911206	0.0519874724798542	-0.03137175155188981	-0.1130970549033923	-0.1430602980242169	-0.1020582861324734	-0.428864583295691	0.0126876691186307	0.01043205296404453	0.01047103099892694	0.01031873047594467	0.01030251772408932	0.01038068395141321	0.0107471270488405	0.01025514044893346	0.08605050180963526	0.01414912456373252	0.01461008238369768	0.01538278886269674	0.01597177270054211	0.2955300374713045	0.3132090394121299	0.01054267191265738	0.01020000798787103	0.01013757204789359	0.2740395959430679	0.1723051414774309	0.1676628663718633	0.1583800565260766	0.179052039638463	0.1766591931462102	0.01564363141918645	0.3977667881275294	0.01543728405944614	0.01587198411621989	0.2320070225456041	0.3459013911939408	0.1478397658059663	0.1037072336894832	0.01023269562647863	0.01057494225671713	0.04775957063953296	0.2376144961676862	0.01308039576438551	0.01619632315201187	0.01018905425577245	0.0100717180419422	0.01014261062180508	0.01285838581834472	0.02987419009408466	0.01036196574800778	0.01023207569571332	0.01067211026281313	0.04137381700697181	0.02061639258053126	0.1315588916193902	0.07825470891773297	0.04242781625662314	0.01272207936901776	0.01110938086965672	0.02386751469535507	0.01094266399572156	0.01053408435270715	0.01032750883657141	0.01024718206290534	0.01018504330326469	0.01044973655106873	0.01112554019959654	0.01053370361974845	0.01098457264194391	0.01244931728905598	0.06472226229369235	0.0601866405744504	0.01242796841500774	0.01125137373160649	0.1545860789576551	0.1704220671741386	0.01082582005196116	0.1698477026896374	0.01271273014963432	0.01617034415904315	0.01006708765099293	0.01219132761505286	0.1891641759685548	0.01090006334648846	0.01022959441298136	0.01006593473147401	0.01014722851714973	0.005234765356263674	-0.006244463802273266	-0.03423750660879737	-0.006265320409636462	0.0222025434771078	0.006230161935574062	-0.009052410943751947	0.002894818889535541	-0.02986079579912777	-0.01199896861432597
0.7178947368421053	0.01172449686648625	0.05058371272801088	0.01034260765219758	0.01032374152925449	0.01045139495577464	0.01181011817898825	0.01025034263817822	0.09087660833065016	0.01539142153305139	0.01565681836242063	0.01610945731785477	0.01646100709404829	0.2934766864303255	0.312317897819488	0.01055642005142769	0.01021310606243775	0.0101502271908357	0.272354258644072	0.1662566392137348	0.1564617084070004	0.1615773066663685	0.1799239592220592	0.1747195332248732	0.02265025075462498	0.4036780434118354	0.01615329484844566	0.01641757282340973	0.2217442805251172	0.349059721380472	0.189685320744225	0.1147158940324192	0.01022285828190299	0.01055131693404285	0.03770318733675042	0.2467831077805341	0.0148242077115471	0.01657231850141417	0.01022796745587127	0.01008394740587607	0.01016865281198067	0.01288594078101857	0.02522449313250871	0.01064973601850971	0.01041039610938722	0.01111095783322143	0.03717211332634321	0.03268522036202318	0.1110908380524642	0.07370264031486215	0.04042786595289129	0.01361401159152834	0.01169461147141119	0.02119384631937113	0.01262533722294335	0.01211801186856361	0.01184986410396319	0.01064418482622116	0.0103506993124928	0.01085714542747542	0.01453306637616715	0.01083747029970417	0.01167310026175179	0.01494022562296099	0.05341353963412799	0.05384031644461382	0.01329732419875818	0.01188583415108517	0.1579089416355668	0.1564204281338113	0.03063067757838671	0.1547271658717954	0.02100398760318223	0.01956232522917238	0.01011122554795303	0.01675105072706522	0.1772077780140403	0.01140192059171172	0.01066250025760879	0.01044557009883924	0.01051506655700233	-0.04953059133963524	-0.218143673026351	-0.1510302982527259	0.009259270001386242	0.004805922862463399	-0.002090386692978568	0.02003216107679428	-0.0003496671596062066	0.072810401322222	-0.01693310658389723	0.001388088709983552	0.04043603825379128	0.0002251354503388845	0.05515642271115832	0.05615191402944333	-0.01964974289113207	-0.1064952519955586	-0.1421698719602272	-0.09892713436326986	-0.3962428605829652	-0.1433894464288809	0.01447368339654966	0.141689631583353	0.01037358101307526	0.01033339764457025	0.01059895195525576	0.0140955385395402	0.01021771669351504	0.1153031366558397	0.01788977648291794	0.01776125371031856	0.01755568392596722	0.01740913614564806	0.3663743687045784	0.3856629250466512	0.01041115554661168	0.01019193169408491	0.01015735085316569	0.278213070116758	0.1582105889640275	0.140630627114187	0.1840093799987762	0.2028187582533423	0.1932349725591104	0.04021428486321947	0.548767988374902	0.01757666474618434	0.0174833592961235	0.2356755305863222	0.4864622986722283	0.283787529818455	0.1520475744262332	0.01017610007970836	0.01046172936872001	0.01540252544620609	0.2969950575735639	0.01830261752201243	0.017282619832817	0.0102675405767813	0.01009442819868208	0.01019281099816708	0.01256629167467917	0.01296135713633983	0.01107684911963724	0.01068817309425611	0.01170254405973052	0.02756547291583663	0.06525334875818008	0.1226947763549686	0.06963549510867745	0.03842696656004783	0.0153220825251799	0.01279303672023584	0.02106467232441363	0.01707073985826272	0.01399699942821585	0.01229343055581934	0.01098137127133336	0.01051891180165515	0.01154776393568478	0.0209706123786011	0.01127408913833347	0.01263488612034147	0.01986243707470372	0.05071801499523509	0.03188213149881888	0.01495230505598968	0.01307633871305896	0.1782436023433029	0.1297199834333999	0.01166374845271992	0.153880927052243	0.04278851310206824	0.03045445605831608	0.01019337135521141	0.01514390425362238	0.1720625826653472	0.0123426702371246	0.01067692380137396	0.01018315929378319	0.01043431687727995	-0.0323581583876658	-0.004884702150168011	0.08458947119842056	0.01161327147753322	-0.04838083991735095	-0.05245725889602206	0.04163054156434749	0.004819631786260234	-0.03077789344013968	-0.01509591927735111
0.7278070175438597	0.01182567410812935	0.06194734068796105	0.01031800701775649	0.01028941157340926	0.01045162892784347	0.0120272161860068	0.01022511249542713	0.102077579535379	0.01546066384686314	0.01569501792584672	0.01609548126216564	0.01640821208329718	0.3251026536111095	0.3445796744630137	0.01044715190210129	0.01017899701354588	0.0101332709727987	0.2769018133532324	0.1697151471035301	0.161871491074428	0.1702745582500457	0.1909679202032138	0.1861774427778609	0.03180463259034342	0.4504389375366704	0.01613556734415341	0.01637124037656092	0.2378314812012002	0.3988156511895466	0.1944668581974001	0.12619291766288	0.0101972050740081	0.01050094300434634	0.03688478727353926	0.2617072201746673	0.01495996167472846	0.01650487989166763	0.01019723786048501	0.01007217842781249	0.01014558668126275	0.01220047575263359	0.01732328010343122	0.01063440147170541	0.01041259564258522	0.01103135190883362	0.02700372334572761	0.04157082435939526	0.1255967391302255	0.07833379004832962	0.04266186277804261	0.01356681032086402	0.01167235249025001	0.03278478574064084	0.01269040642873579	0.0120010729663912	0.01136288129682956	0.01056474628246558	0.01038696564650766	0.01103732270357985	0.01667847487711816	0.01097378943990366	0.01221294648620675	0.01871318452224702	0.05170603636984242	0.05719172519393343	0.01324877256043855	0.01185872510349123	0.1634232358894315	0.1505140961504544	0.01807630485691462	0.1572394965962632	0.04748910215884292	0.02556256375264089	0.01011009094318288	0.01722049776959991	0.1888526824487965	0.01138522861802132	0.01048618843350584	0.01022646769864623	0.01034443187851568	-0.01728347833924829	-0.2314507457112891	-0.1561736032078123	0.01865399496503328	0.00226585565936511	-0.003162644732769277	0.0232094725632728	-0.0004453463502416863	0.08142621420832137	-0.0222002523430278	0.0009135223115321129	0.04444349743686503	0.0002485449901772615	0.07713523426289799	0.0762691952358507	-0.01867641909769062	-0.1162756084630775	-0.1358579306822716	-0.1011907234815605	-0.3557961234428926	-0.004662806828868459	0.01067447908637612	0.03381868494667037	0.01026898268213599	0.01023780581474751	0.01037748857861098	0.01125695073609107	0.0102075583574921	0.109061466283108	0.01424563551595155	0.01466244672439949	0.01536306744883014	0.01590116973723957	0.36198630979693	0.384287399877888	0.01037294223610506	0.01014276956609326	0.01010595190507553	0.2859516854778918	0.1811524642889938	0.18060252642683	0.1768371859110088	0.2022180571618751	0.1999712014315399	0.03676734661120548	0.4959901860710735	0.01541348612481381	0.01581125890646685	0.2648326394638968	0.45064844681345	0.1556985998886687	0.1273892417528762	0.01018664875395025	0.01047952098982423	0.04798639737570513	0.2693946113618532	0.01327217890066431	0.01610447605635031	0.01013426868973367	0.01005069301981544	0.01010142780167642	0.01136019742851071	0.01270428134058751	0.01036999742274181	0.01026112504856745	0.01057070110574168	0.01673034106388818	0.03636694128217886	0.1470644108219948	0.08922090709344173	0.04765450570936915	0.01259728271542274	0.01104136073876477	0.05286305384073038	0.01025610760726645	0.01087792830522637	0.01045464873074017	0.01026060815452458	0.01035430593357393	0.01094714052514089	0.01757429522919876	0.01094537115355637	0.0125684031537566	0.02225619361627148	0.04978349778980568	0.0758996744126867	0.01229982067820573	0.01117218287361491	0.1648102357921254	0.1544511624354444	0.01052571720396259	0.1641499413920779	0.0804915391215542	0.02884326902763058	0.01006288806315912	0.01908293881666561	0.2175561950670109	0.01084638847323955	0.01023777485038295	0.01007185898069103	0.01015625265230572	0.002626795669246782	-0.008429678386368974	-0.02974483142335373	-0.005994609601642298	0.02129252513398282	0.0088681850954349	-0.01101963276892766	0.002126102022112176	-0.03214431849787125	-0.01961322185543941
0.737719298245614	0.01223579340881239	0.07418323307240299	0.01030345613335651	0.0102691930283259	0.01044898138730308	0.01246639732443203	0.01021233298062128	0.1115312086273315	0.01525519204563939	0.01558506630245382	0.01612822494304736	0.01653900242580682	0.3535417696684	0.3740152552083936	0.01039151885508047	0.01015747425172631	0.01012056872143608	0.2855977651625725	0.1746486111516596	0.1675778743757311	0.1806140958262206	0.2024214886250766	0.1969652379995739	0.04033257766500437	0.4913649612143428	0.0161826025311138	0.01649355874421823	0.25095586573253	0.4414132560850886	0.1967237013754708	0.1341170235510475	0.01018625295274011	0.01048138500595851	0.04099273067435428	0.2758296135232088	0.01449517652537696	0.01665926486298255	0.01017371864002603	0.01006435453260065	0.01012928643970822	0.01154686501505523	0.01401440198814311	0.01050271819080319	0.01035003128675609	0.0107543442414231	0.01900622509586433	0.04076358554984958	0.141520351503734	0.08628102518097019	0.0466296728504086	0.01333343206312033	0.01144960784518729	0.05265160431176478	0.01150954534540955	0.01183570741882217	0.01098908013460021	0.01040627955910305	0.01041663827072351	0.0111816589544095	0.02263648538498364	0.01107007657502043	0.01293054507015965	0.02406191358295236	0.04810366930741726	0.06872373513463408	0.01299742182297436	0.0116215536362889	0.1711697533644535	0.1514152448083808	0.01355580603808515	0.1645272223726699	0.08286710557698404	0.03036796453709534	0.01009061090931856	0.01913915025559317	0.2069622952115384	0.01118881629164705	0.01037891656798312	0.01014980419266258	0.01026036936570517	0.03427882426564061	-0.2380748616615669	-0.1605302225819329	0.02615863095087344	-0.001450621916205957	-0.004429351587076592	0.02648013647694641	-0.0005321089034915004	0.0887197787929891	-0.0275100452229953	0.0004489282853484338	0.04860062220050034	0.0002761474625461291	0.08330498443671376	0.09178821243644665	-0.01199929327535462	-0.1350793216920265	-0.1278650102794356	-0.1040998528192412	-0.2976452713197586	-0.126725062898232	0.01559374948307461	0.1718757776102341	0.01035402818637072	0.01030636942687753	0.01059091519855722	0.01519096506300595	0.01020398944055405	0.1326951822549324	0.0172103490451961	0.01739638574359476	0.01766696758253005	0.01785098593025609	0.4202519687648844	0.4420738714811495	0.0103509537925106	0.01016084324486972	0.01013598532413715	0.3043059449896526	0.1704654357523026	0.1522652502958618	0.2081212669471193	0.2271862259949797	0.2142221074788046	0.05733472970806695	0.6240015543756863	0.01773424537713758	0.01789358918004232	0.2566112903507602	0.5639265564216912	0.2848450707424009	0.1638120048807326	0.01016816501681088	0.010451946635026	0.02890028988194542	0.3252798678032824	0.01678751922453107	0.01780928424575092	0.01022734539453643	0.01008252499558066	0.0101666331570427	0.01129066662072679	0.01113913265653513	0.0107026366474113	0.01050143528167844	0.01095996531604929	0.01414072919098999	0.05367802622132532	0.1573538971275217	0.08977469342832002	0.04828888472414206	0.01467446049515455	0.01215524023907288	0.07032695419250187	0.01350609394213795	0.01361860126349717	0.01165285888950618	0.01058909097742635	0.01057201484023193	0.01180278523616074	0.03685905605629081	0.01142872452064925	0.01424431738744878	0.0322725658078292	0.04139202765412088	0.06434940233649387	0.01425298931565376	0.01240024725008626	0.1978594194974049	0.1426140648892396	0.01119204434109133	0.1762878902944138	0.1281232451714787	0.03910394960488763	0.01013698946123137	0.0204123900902828	0.2197505095653842	0.0117777825392985	0.01052801745258666	0.01016531670246877	0.01034851350815189	-0.02946013192054233	-0.007494642388601795	0.08220173262199401	0.01118695045707835	-0.04897116469869661	-0.04869156841028961	0.04840652514715404	0.007625022154849798	-0.03356601293722733	-0.02406367392187265
0.7476315789473684	0.01231667645105777	0.09391678989956548	0.01027976875952694	0.01024638517868181	0.01042480588510021	0.01251746715748369	0.01019575087522447	0.1209095908827023	0.01518106524914063	0.01553784837541105	0.016144158959417	0.01661677973313608	0.3805489745768268	0.405037371108714	0.01034375189608741	0.01014062042743098	0.01010908243129959	0.2991178686961716	0.1826716306771326	0.1752661912966202	0.1921768086842228	0.2142736556106313	0.2069881697115402	0.0476414459225746	0.5320447495927807	0.01620710912385096	0.01656568462541744	0.2617440816177873	0.4823404795781344	0.1965255840459652	0.1436049468917973	0.01017401798558794	0.01045019444795596	0.04664738554780096	0.2915476512938808	0.01439297684060628	0.01675488905723512	0.01015624954301195	0.01005764849449929	0.01011615011454014	0.01117381225583667	0.01202302346770899	0.01048090505346023	0.01035002330353481	0.01067604154906845	0.01471679791991845	0.04706588269606129	0.1512454629223059	0.09170549842316926	0.04922845222663465	0.01327695901945213	0.01141642551789721	0.06830865823553631	0.01146814130925563	0.01212744399279476	0.01097022798895505	0.01037765933127457	0.01074353926146635	0.01371343433670407	0.03822711054055339	0.01177010506448767	0.01914459686105127	0.03567065008619328	0.04034807877014851	0.07663449934168229	0.01293941054931783	0.0115840953457679	0.178500979341757	0.1446973316976527	0.01169326040347293	0.1638867416628921	0.1229244616301216	0.03715091997212953	0.01008798574080876	0.02848905779543555	0.2205183420124516	0.01116210025367785	0.01033637175899712	0.0101178136210143	0.01022743790394968	0.08225768105387683	-0.2383341004241903	-0.1623219588614439	0.03308115439737396	-0.005299441208707358	-0.005547728700028866	0.03007829134472662	-0.0005951698207382472	0.09493526558588808	-0.03386064827760521	-0.0002437569597299571	0.05297095076295058	0.0002942335420780645	0.1024139881132779	0.118489628233491	-0.008488727205330265	-0.1653095150083937	-0.1158510118013195	-0.1105600849184063	-0.2911833025692696	-0.005531707562661018	0.0107278008716671	0.07355939169001373	0.01022374306528502	0.01019765627998357	0.01032327338068047	0.01127467566419502	0.01017894320646899	0.1265094481057965	0.01404662213175739	0.01453611866831639	0.01540669818214085	0.01611134445235356	0.4115694319547975	0.447271320966707	0.01030061063099861	0.01011618872066053	0.01008583773843284	0.3201299063831923	0.2005650591775562	0.1981825564500716	0.2009435118737369	0.225730249097021	0.2181316714165515	0.05026335600942633	0.5715674735741196	0.01547984353950814	0.01600558904830535	0.2817941889742975	0.5250135927581617	0.1505986383526025	0.1453362221546491	0.0101679269398872	0.01042658505113641	0.06341449975611509	0.3009762896167	0.01299956641356915	0.01636323936107789	0.01010490935257747	0.01003931601687121	0.01007924800470167	0.01078993674094961	0.01083387960289164	0.0103394884993532	0.01026744549254271	0.01045003197394679	0.01130765492756003	0.04997877846500622	0.1630269213213306	0.1003663136878252	0.05305711684722621	0.01248268312685104	0.0109812416730608	0.08717627952829825	0.01019527340481178	0.01154380726542236	0.01056541080211781	0.01023414788308817	0.01111665578043326	0.01696603833579706	0.05441667093791401	0.01258333277314497	0.02792335769125439	0.04924127817623637	0.03188513782832943	0.0941260274655857	0.01218346502222331	0.01110354565824835	0.1788530097941836	0.1381211229120005	0.01041336456238739	0.1575246168046133	0.1729356183747608	0.04329896388333506	0.01005830306812656	0.0419285067115651	0.2449329863101253	0.01079942980987902	0.01019332257505718	0.01006494452692555	0.01013214886236474	-0.0004308467414331244	-0.009461407502400461	-0.02618859794835677	-0.005884792847276141	0.01974636964421536	0.007085870090205721	-0.01022917761700071	0.00209338751241573	-0.03520328498801052	-0.02680046020018541
0.7575438596491229	0.01228423955353647	0.1005423414911677	0.01027211343973268	0.01023678002190179	0.01042034505984043	0.01275207558855569	0.01019259086670066	0.1272063572918856	0.01491655038778249	0.01538555675204102	0.01619419225806651	0.01683658118803655	0.4010588430834626	0.4307145046650254	0.01032248843596559	0.01013155263409488	0.01010275890579355	0.3096849228338646	0.1890908423821568	0.1821305472078126	0.2005581242037531	0.2228943104790285	0.2135694197640674	0.05341398005443095	0.5623806638002751	0.01628159351511816	0.01677093277532044	0.2689021976399524	0.5135358138294545	0.193349499585156	0.1488252247103833	0.01017309692262408	0.01044900380502619	0.05851297457138212	0.3023445518584731	0.01390070012612591	0.01701755874820086	0.01014295665366276	0.0100532268318558	0.01010702874761341	0.01094434927085533	0.0112842084204757	0.01041999934485844	0.01032187149971452	0.01056266521717867	0.01258206436828233	0.05113707083425347	0.1638892738057417	0.1003195663334091	0.0536751353822636	0.01305564455731123	0.01124547979035359	0.09069480080810702	0.01055309784795464	0.0119288221506437	0.01076594776825801	0.01030707294102437	0.01095628403976359	0.0155552023759497	0.05073712320996671	0.0123274504020695	0.02599452733123289	0.04629945154006248	0.03429538070244169	0.09104866170573186	0.01270738449065554	0.01139855380755845	0.1829319034286196	0.1442041041254178	0.01096883351808391	0.1656382191379557	0.1642575968201784	0.04394047584446418	0.01007446428827978	0.03706077386602811	0.2393939183038583	0.01101663622066933	0.01026814718201959	0.01009264680910987	0.01018197640589748	0.1404224473555404	-0.2335882107757089	-0.1615161982479047	0.03559902024357821	-0.008532484270848819	-0.006347983753263247	0.03281230557593591	-0.0006263206583483706	0.0968767934995983	-0.0405659584414049	-0.001155583309547525	0.05634164447628777	0.0002945190531770148	0.0974731868488326	0.1422983939410503	-0.005738523707324362	-0.1986306607853128	-0.1072032756403223	-0.1207658387746074	-0.2267539443550401	-0.06917320585324706	0.01542059219263177	0.1726637849240279	0.01035394897632753	0.01029970051202849	0.01060073208268458	0.01583864320353528	0.01021042002983986	0.1413060402764045	0.0164944747553886	0.01698845213067729	0.01780067059889478	0.01843105342993236	0.4482939358104623	0.4831539905632168	0.01033362767424384	0.01015010136043955	0.0101282396047347	0.3195434935896108	0.1804190592647807	0.164244859785347	0.2200128964076009	0.2390896523431839	0.2214783374189555	0.06761155631760915	0.661415768034071	0.01793254638268757	0.01843575567453432	0.2636828839688943	0.6060399630056416	0.272948708106388	0.1682682961412662	0.01017706998532651	0.01047810357986888	0.05951585688362006	0.3378231313489465	0.01542210099849139	0.01849987198501688	0.01020472152964641	0.01007584961211599	0.0101522005739796	0.01096907434061898	0.01087856441448507	0.0105436068586037	0.01041836936032499	0.01069973533110971	0.01202330835084721	0.05957000234247769	0.187978949835693	0.1114706634858325	0.05935042911682385	0.0140720337453165	0.01168143300628728	0.1254217991526887	0.01084003905026744	0.01275198489035806	0.01106729146943982	0.01040798599721931	0.01088884366802689	0.01481931369648744	0.05931624556852666	0.01240750480113369	0.02864011275225477	0.05286654039664618	0.03131622035512679	0.101636765641064	0.01362061677760647	0.01188721049879941	0.2022282984780061	0.1514529367365547	0.01084465927233164	0.1837414365319106	0.2197114940049756	0.05296897423683073	0.01009960025941553	0.03677036470377248	0.2682412188954566	0.01137333412496964	0.01036712427665371	0.01012145981259864	0.01024567145926417	-0.02821094072688812	-0.009423217621526992	0.08122904956261758	0.01091425505958433	-0.0494310723899808	-0.0362439895844699	0.04906666507801619	0.008664279066988972	-0.03661143547891453	-0.02940949633115972
0.7674561403508773	0.01231110941573616	0.1085001222880006	0.01025692288132047	0.01022378531909777	0.010399338504757	0.01273722753900499	0.01018467570463052	0.1331820583996761	0.01472556421240402	0.01526120752190176	0.01623960842625797	0.01705920338005261	0.4196689155091926	0.4573439353657591	0.01030284832506798	0.01012383777440857	0.01009644433696212	0.3231052222484469	0.1973866242450754	0.1899619583139359	0.2097993281281378	0.2317406325716121	0.2193494800984377	0.05802873104208852	0.592552310179591	0.01635010583890224	0.01697577049481951	0.2740105404513434	0.5433780897442079	0.1895621140323676	0.155305848179016	0.01016913001015751	0.01043449542464345	0.07125842698859758	0.3144689794876178	0.0136453927977417	0.01729427861755001	0.01013339680556723	0.01004946513815238	0.01009976611806323	0.01087435346530297	0.01104823769363759	0.01040114080921703	0.01031291922539291	0.01052902308505868	0.01185258492553651	0.06541955778087548	0.1735667080154786	0.1066679568764751	0.05689888120725364	0.01296486972409332	0.01118970707672419	0.109691950306842	0.01047019244601759	0.01190281237883337	0.01071979770942952	0.01028685849705004	0.01259026967015767	0.02338734207075617	0.05859731067206479	0.01418761285881275	0.03411130549491601	0.05432917430432588	0.03217912733099541	0.1015297021454925	0.01261465036810357	0.01133650807547689	0.1861504410823822	0.1447932149604012	0.01065276068504364	0.1661983815290947	0.2025513388505218	0.05390255290307336	0.01007022220822327	0.04623987779966469	0.2539159555804534	0.01097088712261158	0.01023436766558197	0.01008032401248579	0.01015996829843254	0.1875658402766187	-0.2229245225403029	-0.1579750619187556	0.0348198925459726	-0.01115175405199451	-0.006787989959123231	0.03463995495924814	-0.0006270912399093054	0.09581141985267513	-0.04704080572197049	-0.002186558251182863	0.05880748882214198	0.0002774591158794942	0.09223129667712274	0.1671133997675459	-0.001091515066298825	-0.2318246692754845	-0.1029417861682761	-0.1330437849606937	-0.2417583301457606	0.004827732778774553	0.01068061959594249	0.08332627780346775	0.01019620040386599	0.01017531161750078	0.01028097966857482	0.01113499285518299	0.0101665381779456	0.1364443701328077	0.01362620001644268	0.01425935976560686	0.01550905788180689	0.01661860555199119	0.4412735990509888	0.4991350306305104	0.01027185351390907	0.01010437031604063	0.01007523885189392	0.3488664934170418	0.2183263540925071	0.2146472053526721	0.2183886558762225	0.241660402683941	0.2265654460735511	0.05788240412100543	0.6240880193575558	0.01563507268016267	0.01647275659399741	0.2870538160141475	0.5757389405316297	0.1424107174177136	0.1571288813030955	0.01016333677854298	0.01040377214207254	0.09342355268210434	0.3237893621911522	0.01245771437083556	0.01699360159776469	0.0100890081886422	0.01003292458868405	0.01006704788908959	0.01077862619428846	0.01096036643092968	0.01031196789424641	0.0102516701648953	0.01041425415074569	0.01117546952823096	0.0847170437892297	0.1804029930791428	0.112539338905084	0.05937879845524605	0.01231158998422076	0.01088124432867675	0.1265403887160276	0.01019033359253452	0.0113641311963755	0.01047948718744437	0.0102047217344744	0.01483668527408106	0.03492299617961656	0.0653671295822473	0.01685499221544393	0.04527468821226146	0.06328500134150968	0.03068885911518624	0.1155978398274198	0.01200905694595027	0.01099149430174501	0.1807299784531026	0.1433041160689567	0.01027839412997676	0.1577223585690744	0.2514842840058665	0.065297191794527	0.01005081909146744	0.06079656925088261	0.2714208345265531	0.01071831301497975	0.01013152607043348	0.0100470961806646	0.01009367757310726	-0.002206209380011518	-0.01019186582103067	-0.02414852310007195	-0.005896161566886097	0.01845166631772682	0.003592139796336402	-0.006743060600956816	0.003012215909484579	-0.03786056682508827	-0.03198690646596952
0.7773684210526316	0.01192559203496102	0.1074947920614492	0.01025163239288114	0.01021896075720585	0.0103888689989536	0.01257351975450225	0.0101864113673752	0.1363498874518742	0.01442080395309225	0.01507100472125838	0.01630724605675583	0.01738649260164743	0.4322253189631257	0.4792132671945284	0.01029676542084098	0.01012058524643871	0.01009327845148359	0.3330385733650449	0.2037620321486631	0.1965622423947806	0.2159574997923978	0.2375110528089923	0.2218503624795896	0.06074944896160626	0.6149235371535775	0.01645491268132048	0.01728240528126939	0.2758777281828537	0.5658312604081536	0.1875943442821702	0.1586738020027635	0.01017334589320504	0.01044072156309419	0.08858571379907004	0.3227303157107088	0.01318423985447334	0.01768829744586895	0.01012577453397343	0.01004681204683106	0.01009449891899266	0.0108828906450713	0.01103856464955922	0.01038319865272707	0.01030435976265785	0.01050769473970756	0.01159456254076896	0.07951079251264706	0.1821247152325745	0.1132986194322445	0.06041235773846943	0.01282750133863948	0.01109820459175472	0.1303551694190913	0.01032547548691178	0.01151377132672408	0.01058324138275917	0.01025798111624068	0.01344443393308235	0.02858199462972476	0.06010881770499159	0.01588592473571105	0.04199112691110607	0.05968364820485208	0.03120692236884359	0.1146552185302303	0.01247066646493815	0.01123476887397196	0.1826232098844393	0.1485269107173414	0.0104448419580565	0.1652109704501039	0.2360069474781242	0.06339574550466628	0.010063381292527	0.05464600096221619	0.2679030996639674	0.01089566551955747	0.01018438568844105	0.01006469695117063	0.01012868271184131	0.2109846110813189	-0.2133032104917011	-0.1524402842643038	0.0314022504561547	-0.01257342510126853	-0.006759121519867996	0.0354371181488177	-0.0005965412458164829	0.0926958069783267	-0.05331097286527182	-0.003326699756466128	0.06037100809516349	0.0002407373871984436	0.0967411591852731	0.1892531357839214	-0.002249666060980076	-0.2587295338704277	-0.1021658364939276	-0.1476198844523458	-0.1948568645906038	0.004336147965583373	0.01425182467600223	0.1591970814662879	0.01035277084023153	0.01029781059313914	0.01058979784353934	0.01536681886043397	0.01022305842273251	0.1435784638567786	0.01577259051713298	0.01654267597394484	0.01795816313494591	0.01919086888694333	0.4594781394494714	0.5162407666156927	0.01033434651212737	0.0101478331428224	0.01012489673273118	0.3318667134466798	0.1895331529697206	0.1748903200505816	0.2270685731507137	0.2450346887382363	0.220456638254856	0.07102676310280052	0.6864497087602522	0.01817844700969705	0.01915132156593748	0.2607176104447288	0.6331382187572657	0.271474847170814	0.1702799789479612	0.01019327413082881	0.01051027668819869	0.1002775167135675	0.3466051587923608	0.01429855938769721	0.01940604740497444	0.01019131423125124	0.01007159537295174	0.01014355930764523	0.01106100895516225	0.01107539422375865	0.01050858248542179	0.01040161956238191	0.01066877552397076	0.01195981622129349	0.08802527074929521	0.2038437336920026	0.1254018413113728	0.06680521113282492	0.01375186064295665	0.01146417187548524	0.1718020964055787	0.01049168922139562	0.01162588868753042	0.01070799403494503	0.01034198705577843	0.01184313334379981	0.0224377612947588	0.05495959888858371	0.01564644520242887	0.04423920242121853	0.06059390416419359	0.03059889220472601	0.1321448133067691	0.01328285968145013	0.01164562781380446	0.1836144558220068	0.1639245940546087	0.01053187073821162	0.1792150450563934	0.2831463443326619	0.071782837962949	0.01008345064869688	0.05266991995991999	0.2961014466094827	0.01119468719272394	0.01025174925004231	0.01008706691556394	0.01017428178782178	-0.02896314895688943	-0.01120913898793069	0.08159199458780321	0.01069499120574158	-0.0483897796022431	-0.02578280792212529	0.04742019025037355	0.008496435481840533	-0.03891297708136131	-0.03409151040978743
0.7872807017543859	0.01190512658068618	0.105981786629194	0.01024138614086705	0.01021065117357182	0.01037284233993085	0.01254740592875027	0.01018144979260187	0.1395716378327053	0.01421859164874382	0.0149281824059418	0.01636749813107105	0.01771134161956415	0.4432307992150979	0.5016577628590621	0.01028534385657876	0.01011613450156698	0.01008936100336815	0.344312204937655	0.2099956567821413	0.201576590832229	0.2233049950649973	0.243613927128626	0.2235886693734117	0.06301873653964417	0.6390889521751143	0.01654917434407337	0.01758187876347633	0.2752075713346852	0.5887379088246653	0.1888001391277015	0.1634572899508951	0.01017160353045957	0.01043047174468058	0.105649349715466	0.3328250132214098	0.0129567494549951	0.01809321233545817	0.01012023494663818	0.0100445245706392	0.01009019913200145	0.01092346558817071	0.0112377037862262	0.01036839264995406	0.01029251928357058	0.01049545524411575	0.01154103923772861	0.09545949711820367	0.1877757172230989	0.1175474046646394	0.06271773117667011	0.0127530379283366	0.01105190232940385	0.1495782922864555	0.01030792568441741	0.01126859502409763	0.01051291909492112	0.01024172092336024	0.01657946130808867	0.03009418762360124	0.05791066315833592	0.01797673821974447	0.04588512659885641	0.0622053131584892	0.03352582396651491	0.1240142443208221	0.01239257349723659	0.01118251643296686	0.1791690316043056	0.1530931020032508	0.0103487870698476	0.1655849020880217	0.2640972690292053	0.07361629622643771	0.01006012784306653	0.06043115505940379	0.2769803687290683	0.01085789014968582	0.01015866354030902	0.01005641974274766	0.01011211137388212	0.2130771447933227	-0.2025577690670669	-0.1460863136345813	0.02445843589743425	-0.0135290658864006	-0.006508013973826471	0.03474045139475482	-0.0005483808392809062	0.08743763891587866	-0.05789312091648655	-0.004306998474524271	0.0607483738151424	0.0001949728115979332	0.09770449267697273	0.198687654293275	0.001323146663317686	-0.2725673538210197	-0.1037190703177804	-0.1570133814026863	-0.2060812829948236	0.0169379519013187	0.01059798794513366	0.07568458043946556	0.01017593413501333	0.01015964512861686	0.01024678253137362	0.01096770477590291	0.01015694134282114	0.1414748996625992	0.01321806253317895	0.01396437988494514	0.01563537337612371	0.01731431519375137	0.4565602129497588	0.5423812191565156	0.01025078379378175	0.01009635243880584	0.01006789953611756	0.3719898561980885	0.229666391624668	0.2218978947031114	0.2331447637059525	0.2525815931746094	0.2271111535198117	0.06088948081716246	0.6708672484557734	0.01583465840794668	0.01711533363145755	0.279753127839908	0.617509607480871	0.1503335287073864	0.1664946479257743	0.01016044073624361	0.01038297928868831	0.1310328422719613	0.3445672870188586	0.01202593071783999	0.01786111432062659	0.01007933104640356	0.01002880681794828	0.01005942191655206	0.01092662905808649	0.01153955947359536	0.01029542632016001	0.01023611432110867	0.01041275453434952	0.01132748238944453	0.1192386177541701	0.1858514677207438	0.1177842548522253	0.0625802514495887	0.01221472288034945	0.01082143407394228	0.1641547862655203	0.01020740143505443	0.01091213516706382	0.01036130581717759	0.0101823442633802	0.02188467700552993	0.03546370586436857	0.05595123764460513	0.02137070805716865	0.05042324609741862	0.06499873376122493	0.03728886936847527	0.1307109831004653	0.01190376859575379	0.01092229316035167	0.169058977512309	0.1522667884612838	0.01016528791595725	0.1571358782797036	0.3005117018845767	0.08637709081703203	0.01004675646750502	0.06994943566022603	0.2799687364917989	0.0106705094790638	0.01008752984773254	0.01003351249379765	0.01006563988078789	-0.002758268926711601	-0.01047936755655532	-0.02349147892950649	-0.005979662028194638	0.01785489247231835	0.001263018882177259	-0.002983846344055167	0.004154909884994563	-0.03961267393045966	-0.03538698559440815
0.7971929824561403	0.01142044106879457	0.09908442456965201	0.01023156349630507	0.01020468617096777	0.01034800951804645	0.0119333090536905	0.01018088168264755	0.1408906327714722	0.01391049325339083	0.01471775385261582	0.01644441444282089	0.01812435995151395	0.4499264454013666	0.5206985501241235	0.01027776783902093	0.01011311821410534	0.010085752215971	0.3545267138213091	0.2143737221215704	0.2036348599392288	0.2296691286950186	0.2478147650806807	0.2227708771226493	0.0627013882917672	0.6597222389117396	0.01667391526606432	0.01797235542605415	0.2706327779642101	0.6073717261891645	0.1941935960398377	0.1664707289415489	0.01017539723655198	0.01042958475616093	0.1253744986479875	0.3413972115282949	0.01257103780090794	0.01859356772945674	0.01011455484632518	0.0100423108812538	0.01008606158809125	0.01109830045319616	0.01155260915727873	0.01040028367614104	0.0103198279490887	0.01054779310294241	0.01168213175866212	0.1116907409074754	0.1859524233802344	0.1170131434296413	0.06236252308135463	0.01281490282186663	0.01108897457737257	0.1650657530292985	0.01032423111390253	0.01126525728412851	0.01049867939054302	0.01025174732983442	0.01907505598434547	0.03148120739766847	0.05231617320746203	0.02069719382001213	0.04778954265199746	0.06141817375584741	0.03533453000484374	0.1276105996726873	0.01244546049063797	0.01121947860129402	0.1679984475187794	0.1516207309861827	0.01025494453973912	0.1593960292883518	0.2855098424348662	0.08308234979801049	0.01006270091549165	0.06261664091813271	0.2767871847760665	0.01089162853955819	0.01013360144083609	0.01004969588288019	0.01009782708671276	0.1989602681201408	-0.1919128291939744	-0.1416541197672944	0.01439913825720305	-0.01506817129028448	-0.006407682650010971	0.03277540614447254	-0.0005023821847831072	0.08098972975221985	-0.06015739991449248	-0.004946122086154679	0.06024396015793079	0.0001525471762385	0.08972383983717447	0.2071220986332476	0.01459004600553163	-0.2718521691753003	-0.1055466621667897	-0.1575920053588974	-0.196996497169181	0.06480141519442102	0.01283599506743495	0.1373306517073576	0.01033352291922065	0.01028810505209933	0.01053174008068657	0.01357094868136915	0.01022609491789853	0.1433285462669231	0.01505217007494222	0.01605481307685715	0.01812889040798468	0.02010731448463378	0.4623288992680921	0.546103792569374	0.01032284728040126	0.01014316213636877	0.01011797160496446	0.3498486495167722	0.1946676869680555	0.1734553661851938	0.2381344663552488	0.2498121994830538	0.2140410354656847	0.0673303854942477	0.7186849237885615	0.01845877127013246	0.02002531563386601	0.2436811000337298	0.6596037148499165	0.2902618844462512	0.1735271900458736	0.01020612007741371	0.01051740553008418	0.1444697234495547	0.3607409492639111	0.01337331014465958	0.02050511628679024	0.01017981876144677	0.01006723775225404	0.01013543721435858	0.01153889346093995	0.01181598187521583	0.01061677410862327	0.01049345269603912	0.01083491932734175	0.01242833644625561	0.1214243818557368	0.1874257403579063	0.1175048613057418	0.06292857223472632	0.01400677939342335	0.01161786277280206	0.1990480023536014	0.01055647974872163	0.01185012952872032	0.01073284424541047	0.01038701590611738	0.0161756844568531	0.02503711275778769	0.03992597900629713	0.02171510090671218	0.04582399609167259	0.05505935716386175	0.03366283524227144	0.131161290949603	0.01351441726008208	0.01180471952643096	0.1484239645758353	0.1514575198689737	0.01034624700514886	0.1560681490278559	0.3148791693206413	0.09008270990561107	0.01009412786284981	0.05267034793681436	0.2770029872186353	0.01133033103705613	0.01020224327410458	0.01007509284655074	0.01014788115290627	-0.03183815106838268	-0.01318821677561481	0.08344918648950707	0.01056370692310119	-0.04711375406826087	-0.02002413269849769	0.04679047773590508	0.007883500182274123	-0.04007116085761024	-0.0359968416861226
0.8071052631578948	0.011367820314713	0.09186034236781605	0.0102277595596774	0.01020208562420976	0.01034024503231931	0.01186951802095615	0.01018078955224718	0.1414959555405393	0.01371281272943708	0.01456419230917188	0.01652285446308043	0.0186008643630993	0.4531026466388215	0.5377509767974065	0.01027450480723975	0.01011203356708643	0.01008442679841015	0.3611308852995472	0.2160898974370157	0.2030630234160273	0.2344376505134727	0.250440593205377	0.2203822162409552	0.06303334978322556	0.6788415074069309	0.01680347859752949	0.01841455711105867	0.264210929474094	0.6244155955107925	0.2009638943462404	0.1695030079293537	0.01017841551085449	0.01043018666749658	0.1465395005350985	0.3488050834208795	0.01238507591975723	0.019185286685799	0.01011264851963539	0.01004135081562803	0.01008445972867733	0.01115867652188306	0.01163345007955476	0.0104027305021015	0.01032198729151559	0.01056049240028799	0.01173114344679761	0.1223967979055478	0.1845510250893245	0.1153698601144921	0.06152035297712229	0.0128672382546258	0.0111154149212802	0.1828692893438813	0.01035872556986386	0.01064109700500633	0.01037920733785568	0.01024359669735835	0.02091268280532442	0.03171132323141522	0.04990525669556235	0.02205569163313571	0.04934941869001467	0.06193588666610688	0.03740475497050692	0.1301655277089653	0.01248944554085273	0.01124593898912137	0.165189077793206	0.1519144729982995	0.01021621506585456	0.1586222816990775	0.2992083126572511	0.09001722854607916	0.01006477727630894	0.06484496672346875	0.2737918377510996	0.01091489854579472	0.01012183883289732	0.01004585524382827	0.01009020833684409	0.154929517411406	-0.2001172801632517	-0.1386413772138471	0.003161374166651246	-0.0148568624237296	-0.005937270532634955	0.02979599275175066	-0.0004396825712430754	0.07422448737081554	-0.06195201747867956	-0.005553270503054022	0.05883700062346481	9.669073515707895e-05	0.08364755710712052	0.2011766056359652	0.005202547715451431	-0.2655095740570186	-0.1006116101773487	-0.1546798293261194	-0.1798324509859425	0.01500069508990107	0.01054173778899077	0.06132323871066783	0.01016857686192596	0.01015467077387774	0.01023203132646367	0.01087847317045997	0.01015664749564887	0.1416475920472076	0.01282328636088999	0.01364911683098199	0.01579783510148812	0.01832192924094339	0.4552566536787471	0.572158089321868	0.01024423410585664	0.01009430185432841	0.01006537139815873	0.380378167532135	0.2290964841762892	0.2155699941836012	0.2413166490694293	0.2555053616724839	0.2195271638772928	0.06107823680419102	0.7068351863537325	0.01610520493348556	0.01805215820570497	0.2621957171496517	0.6482642045753449	0.1687397674677052	0.1724149670535488	0.01016658357877644	0.01038379834031478	0.1771802741623117	0.3581540824685051	0.01167653249646307	0.01911448149232083	0.01007595848342785	0.01002699320813335	0.01005648484886685	0.01094892262754175	0.01150331045961624	0.01029012009524899	0.01023163016912359	0.01041553468536714	0.01133946822581839	0.1413016865125427	0.1814893162497301	0.1119231173499858	0.05980463013405723	0.01235226908778269	0.01089363259158052	0.2042207955451033	0.01033517002897666	0.01070671439006646	0.0102812471650799	0.0101700392536395	0.02445237204631041	0.03737876310581096	0.05863572518445689	0.02266210101769119	0.0527638424861181	0.06805737319123124	0.04073383781183113	0.1285255634549989	0.01202378412464174	0.01099567728544464	0.1789914149618123	0.1496143529360422	0.01010740773307336	0.159930943844476	0.3172733951568	0.09923249681709451	0.01005266232499332	0.07258707674359208	0.2660794125978694	0.01073298817488329	0.01006660425659657	0.01002629195243586	0.0100515335714784	-0.002886103100519882	-0.009316514860886681	-0.02379324601662206	-0.006143726318519703	0.01855439102489904	0.001943204369696698	-0.002988716879108485	0.003926984633201856	-0.04023533972197696	-0.03585745705024377
0.8170175438596492	0.01114720050315915	0.0884645716195351	0.01021312902339445	0.01019168232565661	0.01031202264229351	0.01148515043629618	0.01017495114423935	0.142772563259102	0.01340463081356472	0.0143311461544027	0.01660530460299731	0.01908602709432493	0.456184484929596	0.5548288887528151	0.01025910863523939	0.01010633739980886	0.0100789653925019	0.3690391983531383	0.2163940477949451	0.1986879140466723	0.2412349081203832	0.2536837199915589	0.217762068333055	0.06268807342378779	0.7020094410142237	0.01694095705305324	0.01887768389463765	0.2554922704426928	0.6441760886021032	0.2149737733063783	0.173732118267268	0.0101778057366295	0.01041701936314333	0.1670705332948487	0.3584565223396112	0.01206014244962595	0.01978272681429267	0.01010552838107952	0.01003837705993385	0.01007897986483469	0.01090012951064277	0.01123569160077271	0.01037261227966762	0.01029666246870452	0.0104913201731854	0.01141051511245991	0.1462640539934045	0.1847272991544449	0.1130912472269013	0.06051436576955986	0.0129361920627578	0.01115797520919245	0.2082947924901752	0.01056592695742515	0.01522734833912657	0.01105485159094416	0.01026005159106701	0.02005203417736417	0.0400886799429067	0.07159636605063335	0.0197126776663731	0.05063134158327303	0.07005398368816923	0.03661753412212724	0.1178505026673253	0.01255075129990774	0.01128712561601091	0.1915801520949695	0.1431007597457457	0.01015075566093454	0.1614143530963579	0.3151986361581973	0.09923520532269985	0.01006916438452717	0.06366226387990044	0.2687915137056414	0.0109519769351382	0.01009483220793896	0.01003688365050988	0.01007229434120098	0.1242419896924996	-0.2105111351581981	-0.1506149733204425	-0.008198216761957916	-0.0197845801210179	-0.007118810092765401	0.02713251681523434	-0.0004524724241991089	0.07381902524071887	-0.06008723804987703	-0.005140491853645127	0.05919416900704014	9.909487928449256e-05	0.07510905090471369	0.2002923414461732	0.01383739210695512	-0.2850245030166525	-0.07758972857552979	-0.1111078856829325	-0.2111693185350408	0.09033048940729291	0.01223347611341501	0.1347703839004913	0.01029397172623586	0.01025988380231508	0.01045583402563894	0.01249394101964762	0.0102089593700299	0.1469328970662407	0.01432766524474826	0.01551032215299604	0.01829839280772656	0.02109089097110852	0.468301352176008	0.5807337892241222	0.01028052322776497	0.01012739059984968	0.01010312163418076	0.3686463361443941	0.1926080302107912	0.1580896450055715	0.2557615519363754	0.2575313835149164	0.2084274307117145	0.0658260576771366	0.7774213130727863	0.01874267845841173	0.02097686662546514	0.2221145971733703	0.707476639923144	0.3339899633988105	0.1840704828604002	0.0102014545756228	0.01047797341256503	0.1858118409694153	0.3854671183367724	0.01258915160543189	0.02171123746511462	0.0101606265132872	0.01005937864142097	0.01012079494519468	0.01071753355227105	0.01056314559623781	0.01052556111085522	0.01041667192857356	0.01061864727062252	0.01143328702683822	0.1902763392704921	0.1904942077743859	0.1120357265788244	0.06071904469732488	0.0141610559420805	0.01171846128061457	0.2657284900761271	0.01113537521298198	0.02609779798200614	0.0128428770332535	0.01044330919433499	0.01174744587302777	0.05058492806821208	0.112649725615732	0.01333286354129563	0.04805658370075082	0.08057537192869038	0.02899476961282486	0.08481759765693353	0.01365396077212258	0.01190125730600768	0.2514243258502528	0.1196059201573904	0.01018991860863584	0.1674606124158186	0.3526964097182407	0.1118563562990467	0.01010509624290947	0.04614721643133411	0.2629335145096084	0.01141772068695653	0.01013374999254259	0.01005227868113739	0.01010227627251636	-0.03333005631247567	-0.01623422403075577	0.08466535128455106	0.01045456920126843	-0.04723970962147366	-0.01794095186185192	0.04950564797924712	0.007256472031685498	-0.04064001102006845	-0.03553557829771544
0.8269298245614034	0.01108644583405789	0.08233287444013448	0.01020877592623345	0.0101887258504688	0.01030339704609608	0.01138758461806973	0.010172654673768	0.1429169763435154	0.01324294400561075	0.01419196691221081	0.01669088985642535	0.01970000499714114	0.4535243909865393	0.5668195284427897	0.01024812169124648	0.01010352171920966	0.01007697551829499	0.3720943256179304	0.213006175923407	0.1906015151173694	0.2454261031294879	0.2543559562798156	0.2131229708885559	0.06207400681403667	0.7200606620095418	0.01709422261130358	0.01945577009430834	0.244487488210195	0.6594054600108022	0.2271669996794683	0.177001943045093	0.01017977101316177	0.01041499230191133	0.1911545793262109	0.3650329629938358	0.01192779238953023	0.02054309477927406	0.01010392069192759	0.01003753674560615	0.01007759746633329	0.01094965102991912	0.01137069500442819	0.01036872393070595	0.01029232444497529	0.0104956633529617	0.0114606957411681	0.1533280165880727	0.1810747811338244	0.1059816595646422	0.05662291585460191	0.01313473296044043	0.011284349619113	0.2241253652208742	0.01394067177504378	0.01445371800684337	0.01078170087605913	0.01025089608724388	0.02119056455216028	0.03972470051943915	0.0723771288476794	0.02035949824097197	0.05075247088141914	0.07017835737026144	0.03847647896396957	0.1156363747353989	0.01274394813259342	0.01142025683135	0.193549370328168	0.1402117952814315	0.0101344740514101	0.1617045709386288	0.3212423058228504	0.1039886858468062	0.01007997564083864	0.06260626651797604	0.2553663576421375	0.01105980613744332	0.01008843044356491	0.01003426814924451	0.01006757218048892	0.06978768491383393	-0.2211946731880241	-0.1584663145256855	-0.01651235891557626	-0.02317223186975275	-0.007824090493240876	0.02478389658123673	-0.0004469869512786851	0.07313710155985462	-0.05745473620296767	-0.004714347829676315	0.05886957840843553	9.055336170854796e-05	0.08869698811375985	0.2015635463770511	0.02235594445582149	-0.2605218573468241	-0.07436917510061791	-0.09343792623144616	-0.1403084889553378	0.006826756831390128	0.01048142509804455	0.05196228103448081	0.0101603917111231	0.01014875986286521	0.01021731268442124	0.0107427717534547	0.01015133026105531	0.141300615215998	0.01249314820362889	0.01335385539955917	0.01597934767061384	0.01964620667450666	0.4402440265851098	0.5870849906502956	0.0102200470543895	0.01008812645298215	0.01006129745426279	0.3788248333966512	0.2168294452909438	0.1929157286503026	0.2471912084884189	0.253696850244753	0.2078500736929382	0.06001971524650788	0.7356058419604339	0.0164308270462061	0.0193011123285873	0.2365497072416483	0.6722881599474841	0.193191070632818	0.1786931024037917	0.01016991766283118	0.01037894714468762	0.2312733393354613	0.3676077714454651	0.01142384518828968	0.02076313902077549	0.01007294235147278	0.01002536918163727	0.01005384005184779	0.01110829620209916	0.01188226516282133	0.01029847285875376	0.01023762125197429	0.01044635890146952	0.01151099589080332	0.1448245324533162	0.1693715287496868	0.09388231726022757	0.05027882274435801	0.01282457144957662	0.01120407252682053	0.2226519309935992	0.02119455454626636	0.01045507568871415	0.01020927053274592	0.01016188265142674	0.02736284263691535	0.03566341342516451	0.05423997106685104	0.02455071143563702	0.05243782907438715	0.06522934432149244	0.04532840099533031	0.1256427152952774	0.01248960883283989	0.01132294931326213	0.1660422610876232	0.1430056933792472	0.01009022490074319	0.1573385853239095	0.317623038746366	0.1069754178504725	0.01008023717603034	0.06846395640284803	0.228626336104656	0.01099740707524738	0.01006022052016606	0.01002294830715497	0.01004614560736112	-0.004486197440064559	-0.006932354971214367	-0.02329650749205895	-0.006332454111798514	0.01631558341633319	-0.004896717868187236	-0.001047128349914253	0.003884919230037225	-0.04097493747660996	-0.03487471408888939
0.8368421052631578	0.01113690139844556	0.08741434678623472	0.01019787378798954	0.01017944507163061	0.01028837047729278	0.01130087371250903	0.01016641127397736	0.1436504719692814	0.01287728575919736	0.01387812211885423	0.01680925497975503	0.02043723923777531	0.4504750134552223	0.5780691451683205	0.01023181276096155	0.01009762090651141	0.01007215110968886	0.3724920235006992	0.2073533479659013	0.1794904651414959	0.2490904380744865	0.2543969523555705	0.2083324475814055	0.06337492929533159	0.7387919776233124	0.01728747341436773	0.02015948557720461	0.2332939725492938	0.6758451623860769	0.2412670689781859	0.1811084154559158	0.0101780319472506	0.01040229654672307	0.2160889073100621	0.3711591368145833	0.01161123347790738	0.02148376563960039	0.01009788719277969	0.0100348974478025	0.0100728141567121	0.01097778934741259	0.01141243744923008	0.01041368961798675	0.01033576058082906	0.01053281996579209	0.01146206926183007	0.1605768442088912	0.1732934728315697	0.09948014753133305	0.05312560271792011	0.01337453418046867	0.01147104770837961	0.2228407710348783	0.02773187915967879	0.02413630595422727	0.01346298374455266	0.01030740214952871	0.02353941659737484	0.04608500258567452	0.07744201643369164	0.02112309232013068	0.05163056404740489	0.07069943825423243	0.04079212884487635	0.1057492452338877	0.0129910703765136	0.01161301064631313	0.1914859051869813	0.1267580497131956	0.01011466128722234	0.1561868335308129	0.3293141316142323	0.1115529382382988	0.01010072428167644	0.05748095213224941	0.2431495774406954	0.01121883095750749	0.01008452641099499	0.01003247835785586	0.01006477101221148	0.02166261903986145	-0.2252589676346645	-0.1629474721671833	-0.02293250387981879	-0.02550564805035648	-0.008238726606876945	0.02273531905507515	-0.0004339859859575163	0.07116155055459193	-0.05428684651566372	-0.004307153103626186	0.05786042367623694	7.811625923443312e-05	0.08531134882066015	0.1851876709446985	0.02880541531828328	-0.2632506537461325	-0.05852521917188337	-0.06600123191523301	-0.2052388936526373	0.07426753570002874	0.0124404742820819	0.1593488642947264	0.01026594313859085	0.01023531296632331	0.01041968909143972	0.01233041942892934	0.01019272303376262	0.1493234349437008	0.01339871045743108	0.01471224135683901	0.01856816546490757	0.02269518399211491	0.4611782852916951	0.6014457101781646	0.0102428473316658	0.01011265927023935	0.0100907814518186	0.3632247566964513	0.1774566511115788	0.1317405377256937	0.2621956184932501	0.2563681727279773	0.1986851526885152	0.0707382705743758	0.8175045147361483	0.0191700723383031	0.02251627689886078	0.20023102444223	0.7444206365081689	0.3697436489538558	0.1938222845462327	0.01019445783667342	0.0104424342414644	0.2385666853287291	0.3969550659404216	0.0117791887489557	0.02378175744064167	0.01014435632214368	0.01005239233261936	0.01010799904814426	0.01075337725255703	0.01055715404121289	0.01066196624223909	0.01054896944354698	0.01072419731270308	0.01138936792431897	0.2060719456852418	0.1679016369481082	0.09989185165102839	0.05417745933826283	0.01468183724972884	0.01214996770732677	0.2325203487672736	0.04949549888839765	0.0562768202622013	0.02106595396782196	0.01061874931883708	0.01760648347376796	0.07096811851085462	0.1286399797226937	0.01495535926210812	0.05067879543712209	0.08212182142413031	0.03405579845577313	0.0549052909583578	0.0142013785890283	0.01234430762746683	0.2403173834983281	0.07745272523667211	0.01014693654319663	0.1470153576211338	0.3738003761942901	0.1312556114794589	0.01015603169037093	0.03129776589250832	0.2410150480805554	0.01178496372515675	0.01012831226655681	0.01004948265313674	0.0100984969793517	-0.03262417957417155	-0.0183802502450124	0.08444922641749619	0.0104111908708079	-0.04186152302335153	-0.00400706915035422	0.04782600103830684	0.003537183340999505	-0.04108188673463139	-0.03400389687634153
0.8467543859649123	0.01102919782721734	0.08946533344501702	0.01019765063440878	0.01017952991334747	0.01028682391785272	0.01121139954117701	0.01016710696428322	0.1423399951751447	0.01264761478762391	0.01366136674332048	0.01695343364622814	0.02161928739692645	0.4391750488243689	0.5805384446739162	0.01022330298575978	0.01009588179112552	0.01007129913399071	0.3662012754782842	0.1978030941482874	0.1653803309560734	0.2481557619265309	0.2503544380374962	0.2008163635702677	0.06337880523386016	0.7459048840648455	0.01755385577969025	0.02128242007380337	0.2202089273466817	0.6824264962562879	0.2483049704614979	0.1829112984928462	0.01018409915343512	0.01041039294259261	0.2492668432527854	0.3712885522315805	0.01143360770273438	0.02298019014752542	0.01009776958351178	0.01003460829398597	0.01007255242711635	0.01079286667083764	0.01093483747598946	0.01039409587163995	0.01031704759097256	0.01049826409668929	0.01126953102509471	0.1726637268817811	0.1694464271696891	0.09783088815290432	0.05250663176352315	0.01341866452363899	0.01150137768933924	0.2165528673773944	0.04861322365135085	0.02430316571461362	0.01226598305581688	0.01027400137878985	0.02440158517328447	0.05328391501715221	0.09016627143917146	0.02005630528168249	0.05262293618652679	0.07363865771206202	0.0416031996289474	0.09497435229860139	0.01303748168367408	0.0116422742057178	0.1985070867353823	0.1147722045378675	0.010105122890292	0.1546558741836908	0.3420182580774828	0.1198189958342617	0.01010665069481016	0.05184340943035493	0.2386482261341173	0.01124180707049208	0.01008057198051878	0.01003051902265381	0.01006146472682424	-0.0005054620207136741	-0.2222474344856068	-0.168258663733833	-0.02458981490734293	-0.02824679514197782	-0.008765265251229448	0.02246924013642504	-0.0004325526467723424	0.07186815748415591	-0.05137279970489445	-0.003843754596485352	0.0579140852092011	7.781472313936333e-05	0.08316304191204557	0.1718364898670688	0.03691502639892997	-0.2889115902204901	-0.04942017101666234	-0.04218282777433132	-0.086560736921957	-0.01817594499270588	0.01046007001750547	0.06238306816023058	0.01016100386440364	0.01014899221914992	0.01021854131659296	0.0106756681081872	0.01015294321248992	0.1378052294527179	0.01200172154414492	0.01287160644237518	0.01631017291689101	0.02236567000865807	0.4051810597157326	0.5766469808050231	0.01020282101425797	0.01008440221710342	0.01005966012154217	0.3533014693841851	0.1918659387735607	0.1600327403623604	0.2392951856693967	0.2405752794384074	0.1904975881306577	0.06152241829517113	0.7280261937959961	0.0170345397056598	0.02188306562592452	0.2096798900848205	0.6689241036419508	0.1987697103250836	0.1811566456663638	0.01018240508114872	0.01039727374651588	0.3120189520881231	0.3586509397026787	0.01106209523834639	0.02423915013797267	0.01007243747983388	0.01002469211057835	0.01005310639965641	0.01067353299700836	0.01074543447828256	0.01027150602595407	0.01021773781051163	0.01037556644093728	0.01106337593568008	0.1766065876760738	0.1640235821804172	0.09471435722721205	0.05096339025054537	0.0128419231113329	0.01122470694874063	0.1955921304035446	0.07060216724425313	0.01103519107591327	0.01029205081047885	0.01016375673696912	0.03028085185546774	0.05206500678827328	0.08405004989595645	0.02186727556176535	0.05433637054056269	0.07183695714245202	0.04734319598779319	0.09942394435836488	0.01251674069983939	0.01133804324279521	0.1838651884018954	0.1143884087524471	0.01007367971135048	0.154203195540577	0.355193759642047	0.1273717646483296	0.01009171649385182	0.05502842616440776	0.2298549549459111	0.01100765223632633	0.01005346115861428	0.01001943808034658	0.01004024400781977	-0.006790391826863293	-0.004616882877549394	-0.02209212426290338	-0.006653172689974787	0.01422755573089144	-0.009454901963963057	-0.001151211317403978	0.00427764111315431	-0.04140225764412202	-0.03340605883897224
0.8566666666666667	0.01190581162823495	0.1112081711687795	0.01018805115716996	0.01016842391059314	0.01028380037277227	0.01157281763710276	0.01015949355958304	0.1435631902929448	0.0122249969456495	0.01322878307419289	0.01718718766368082	0.02320078401468796	0.4302737611776797	0.5848113731812534	0.01020446088476323	0.0100883251318741	0.01006602214686509	0.3554955682872483	0.1859872642625598	0.1494014261750437	0.246596581474171	0.2468455994283781	0.1950873711853224	0.06998796907967181	0.7541340039616424	0.01792468200836154	0.02278121438863642	0.2107657398838577	0.6925247422340345	0.2563311508025014	0.1875123307661098	0.0101805091472152	0.01039840964462401	0.2853092245953768	0.3713359684693147	0.01114564022454658	0.02508569791013309	0.01008975062086144	0.01003125724715993	0.01006625442643151	0.01076920343943556	0.0107982520174433	0.01049840540998231	0.01044052183622547	0.01056029689953647	0.01124006945626417	0.1934754138927124	0.1643615519431996	0.09622290075479041	0.05182349333672825	0.01351172725649026	0.01160670523076099	0.2026436523282885	0.06952440765431998	0.03483306768713221	0.02567428214309181	0.01062731405936306	0.03161988389608238	0.05971915752536851	0.096104386296491	0.02033539426371382	0.05225116353414243	0.07296420118410389	0.04656358182198857	0.07952979841926484	0.0131499304795835	0.01174725914097557	0.1925366032184585	0.09450108028391233	0.01009000616672544	0.14688061562054	0.3663914462644121	0.1356508861597903	0.0101292163463331	0.04390481766468201	0.2342085816006437	0.01132721277741702	0.01007893043771511	0.01002973133040498	0.01006011163242494	0.0096413753053608	-0.210977352907816	-0.1707822921452471	-0.01999387514751606	-0.02981295044842919	-0.008863405971318461	0.02461846382987147	-0.0004183095676174179	0.07462869794099201	-0.05056183571290143	-0.003722175018483786	0.05910280404097672	6.80102277733041e-05	0.08381446254553737	0.1633654045050648	0.03638203141962698	-0.3541597384017903	-0.05297069439703955	-0.02924519211694986	-0.1494064449150429	0.0261962847245116	0.01513884052259763	0.2333551922415624	0.01023783593889781	0.01020247025547898	0.01041223687016136	0.01348512479297241	0.01016960400722578	0.1557108367251102	0.01236742639667177	0.01363749845587776	0.01912543601865171	0.02627811665784893	0.4491754645851138	0.615036961272287	0.01019534666597826	0.01009202225899039	0.01007602644963307	0.3317982305719568	0.1507413834940582	0.09892167239130698	0.2578230796629199	0.2503748592192407	0.1905564051667879	0.09219118829093471	0.8374854315937702	0.02001778837413324	0.0259089771067461	0.1889561636981085	0.7750692602298074	0.3899901307935706	0.2079779763682916	0.010178104729077	0.01039937262053261	0.318465974515291	0.3968629379731311	0.0110977272043076	0.02863563451737154	0.01012081570061572	0.01004278389130044	0.01008967215221405	0.01085981518622467	0.01061031777817127	0.01098850947590957	0.01093119956189642	0.01094019437660913	0.0114862333557806	0.2650638797517421	0.15576483810412	0.09672942607460339	0.05273440347636005	0.01491568138116053	0.0124325996666386	0.1907811687500992	0.09347138404513358	0.08909853475442127	0.06298756309305786	0.01169372858848986	0.03863270109217917	0.0836902606109554	0.1333306436883977	0.0168735880187611	0.04835870018200931	0.0763175239709666	0.04856763441710612	0.02043442727048654	0.01449043128849221	0.01262701347308191	0.205813940451497	0.02835388669522898	0.01011140487087596	0.121733985674554	0.4507907954380662	0.1752153933117386	0.01021696770018276	0.01360683966915566	0.2322764215083378	0.01201556819711158	0.01012722436198099	0.01004901920614991	0.01009764453214454	-0.02799093280868755	-0.01783079441432723	0.08122315629000026	0.01038357359403327	-0.04063470985956696	-0.0008702954537062381	0.0518917710066135	0.002752766054444337	-0.04206802607625972	-0.03334953809167578
0.866578947368421	0.01161737760122527	0.1275512329487953	0.01019244628540423	0.01017065183684466	0.01029387102677367	0.01152886724350268	0.01016349866422275	0.1405608649880073	0.01186885328951156	0.01283215077927105	0.01755578373649852	0.02634984541303466	0.4131948636830434	0.5786455735323092	0.01019921275220057	0.01008745005206448	0.01006629978196359	0.3373485032068137	0.1712385553139376	0.1325663635932128	0.2381529648248082	0.2371599216736581	0.1850286294109952	0.0724369063284243	0.7425496562694182	0.01859078772741952	0.02579062716258499	0.1984396012142332	0.6846300645711664	0.2541447912891878	0.1870335816532471	0.01019012722891634	0.01041796533146926	0.3352569764944531	0.3619905169373699	0.01091080408744705	0.02913453226100671	0.01009013195361364	0.01003116823004325	0.01006638181366387	0.01067794923367654	0.01062229162984087	0.01041339442815615	0.01031186790192509	0.01052290659295435	0.01113531297209152	0.214591379340652	0.1564813772773502	0.09387539387122024	0.05092377383365048	0.01351091644908568	0.01158965330768526	0.1850546881317616	0.08061923276732917	0.0473787385959172	0.02518912652869498	0.01021495667800898	0.03554545267592107	0.06582399714211203	0.1037406065932959	0.01917975190644799	0.04950559812247682	0.07052060797727668	0.04996317083390107	0.05498909188402874	0.0131548944818969	0.01172903421319889	0.1838825218519656	0.06609762582949871	0.01007869238507604	0.1342179159172385	0.3859235244330063	0.1502444065923447	0.01013067249208898	0.02661265641067656	0.2267985294810148	0.01130327998743147	0.0100688435694382	0.01002334492119658	0.01005058582355747	0.04116754860038215	-0.186585856188781	-0.1688836900562199	-0.0121552910694874	-0.02970321854676265	-0.008409952069329148	0.02799198742713226	-0.0003872209724987662	0.07680600857952621	-0.05201185150938786	-0.004053559369571321	0.06052663843088801	4.38101518924608e-05	0.07902458274047341	0.1508642744721999	0.03232345943437788	-0.4322106825717308	-0.07418344475827829	-0.02942666180082365	0.004441309406053771	-0.05715668042323176	0.01054039221067161	0.09485043035650649	0.01017155901860298	0.01015433772589062	0.01024336451263422	0.01075274849343338	0.01016227314773359	0.1291112305215677	0.01125049223912456	0.0120008874108239	0.01720793692923996	0.02999011312177506	0.3596772377571322	0.5458904172113206	0.01019409672632495	0.01008315551376608	0.01006072417221156	0.3035639251197317	0.1583273185782157	0.1246284087153691	0.2135276996195365	0.2139847848426029	0.1669110998965982	0.06622417364456695	0.6625850544998976	0.01863549504516391	0.0291652073179933	0.1841432294407787	0.6174147811800824	0.1807005468605783	0.176182274494652	0.01020329423282646	0.01044142183509797	0.4416829330615766	0.3251348668965053	0.01058696236603906	0.03411242143323919	0.01007351357610862	0.01002465163847925	0.01005361031354409	0.01055268511619035	0.01050204977021504	0.01033240714147837	0.01028125744107276	0.01040893947322859	0.01093316685131632	0.2135104992589882	0.139141703679727	0.08633798094270791	0.04750202645116795	0.01289767981610868	0.01126378886362761	0.1467059763859963	0.08019986456371438	0.03865344059174163	0.01164354776803221	0.01028242490418918	0.03788741584653839	0.06116018945031299	0.09343674252047243	0.01934448296399449	0.04556667730639427	0.06204253093199733	0.05292558896343796	0.04609421013704243	0.01259273752242863	0.01137730046892108	0.1512447442354944	0.05285033889787876	0.0100557815598419	0.1167575962631655	0.3753374839484865	0.1520904323203931	0.01010709469368842	0.01736281187591682	0.2037509209941811	0.011026203410601	0.01005128472894085	0.01001807161196114	0.01003807331783764	-0.010655471909162	-0.004658101184813961	-0.01843397936466253	-0.007621977824964371	0.01409879441947116	-0.008992750129158121	-0.002792919482262673	0.004170243754845306	-0.04283506019302637	-0.03379508982841244
0.8764912280701754	0.01526250274933613	0.1448570329627896	0.01018690414408902	0.01016242211847119	0.0102997688885532	0.01248518154312958	0.0101591866083483	0.1386427523847164	0.01141411325834691	0.01225978183363731	0.01821922582167712	0.03107176316226717	0.3962327575201258	0.5719855714684028	0.01018576851699892	0.01008178773042335	0.0100625581859469	0.3160695947918917	0.1548387544745502	0.1136331321180186	0.228298263523823	0.2269541939792773	0.1756643449928625	0.07787466319084432	0.7230406978721476	0.01965163208931604	0.03028730351632986	0.1880788997557638	0.6710417837977144	0.2494460090890622	0.1876673768413419	0.01019112487034643	0.01041834172695528	0.3936042631683325	0.3504698251226053	0.0106607433316426	0.03541091045756974	0.01008376962518536	0.0100285216687302	0.01006138400104805	0.0108065413437213	0.01062439058527699	0.01151100934934643	0.01183555115740398	0.01102128494826884	0.01133538086321227	0.2103244883367274	0.129855529896529	0.08077700285275113	0.04437342652679072	0.01387650118342951	0.01203102132182088	0.143794033400707	0.06662947899093066	0.05723103204981641	0.04803264302980127	0.01473888878478673	0.03861018621808825	0.06237200867382561	0.09450019775628131	0.01869747474527956	0.04129341233548037	0.05843169568255352	0.04779654259963297	0.04172596374453226	0.01357072605545572	0.0121804899704657	0.1507342093398349	0.04831946064098635	0.01008514614378475	0.1031655365959961	0.3653113182622207	0.1458250383976524	0.01020668274323075	0.01948977746529648	0.1973164245171544	0.01169749861309877	0.01014631323301996	0.01007321532572951	0.01012388038478913	0.05552192823733198	-0.151644576131937	-0.1615537139063395	-0.007709445503865508	-0.02718269834890534	-0.007348370254641456	0.02986843931967116	-0.0003386890082635931	0.07293042324572938	-0.0548124157836299	-0.004855620363790556	0.05991763199278528	-1.421898155245795e-06	0.05900675927429586	0.1441263195743265	0.02793684106712102	-0.4583447942233542	-0.1064251777919333	-0.04162258164435485	-0.02867070164281421	-0.03428625361166514	0.02628235058167895	0.2766093832360296	0.0102173120968005	0.01017607777811449	0.01042007185387919	0.01636272513189785	0.01015308043384661	0.1534400266401932	0.01136341094142128	0.01232305970195823	0.02074875730146407	0.03743348579361751	0.4150846285435687	0.6002066886257346	0.01016067302696092	0.0100761525476677	0.01006472770072681	0.2832069704311019	0.1168662382340105	0.06096752583379707	0.235209823326732	0.2289009426275329	0.1731252034137117	0.1072012868024016	0.7748203192002036	0.02254137309554347	0.03651655990663375	0.172327311704466	0.7311130135192366	0.3747330091902346	0.2111715440694774	0.01017191105957099	0.01038188493605398	0.4584447962089994	0.3684491149005878	0.01058316727493537	0.04366308511095405	0.01010168813773367	0.01003506323261451	0.01007481092131448	0.01132648972025484	0.01078412181846212	0.01431545528348297	0.01556213585117586	0.01244836402066041	0.01217764946450083	0.2123197184920552	0.07458924581652801	0.05664256525375693	0.03329941032768297	0.01600266053776452	0.01375564810604629	0.07192470641525781	0.03467844850598103	0.1084716182059992	0.1365706955287539	0.02554301616805475	0.04394180398266143	0.06548857904636206	0.09209933151198445	0.01659163471396803	0.02598682892276236	0.0406034261190405	0.0379265555285962	0.01111995929037447	0.01572044457590773	0.01398144711575713	0.0996115763189262	0.01105899899086927	0.01014118069938321	0.03563464502224679	0.3167083303540823	0.1373345200390816	0.01043982869378797	0.01125218343094097	0.1339800007869131	0.01320481085904784	0.01036532252043687	0.01020216883124355	0.01032288374230489	-0.01750723334985264	-0.01420292361413772	0.07301084306129388	0.01008576905286745	-0.04139130545422953	-0.002538065451361813	0.06124523226076143	0.003560312209809584	-0.04323620087649385	-0.03458135554791815
0.8864035087719299	0.01515251375821261	0.1446493624589878	0.01020719648286113	0.01017968265055685	0.01032921715868091	0.0124867236782299	0.01018042957530761	0.1284476619813293	0.01106181964984119	0.01177038188339391	0.0194614422530122	0.03931286802307509	0.374921628360742	0.5579801257843015	0.01020543466495668	0.01009091343634056	0.01006923006082162	0.2880798829160779	0.137316283438865	0.09662000385734178	0.2094865811677888	0.2079101575569652	0.1592787681446886	0.07369359271195397	0.67666570194833	0.0217763886830977	0.03823950525455939	0.1709267452737696	0.6308565017635464	0.2386817841215972	0.1781259659309086	0.01022490889650906	0.010485826930621	0.4608742001444995	0.3260604855388788	0.01047374341385255	0.04592225742821607	0.01009206214491896	0.0100311093055634	0.01006730890470478	0.01122512172331659	0.0109498356359718	0.0114366328848085	0.01127093005901161	0.01138326821971229	0.01199893261381513	0.1632023651959056	0.08649895537700844	0.06217796334342757	0.03471520903126105	0.01439364949729406	0.01261589970236454	0.08251089837454834	0.03805640557128152	0.0600039542190663	0.06198637813494457	0.01348704237958937	0.03309877019396672	0.05028319801923741	0.0747782959272896	0.01691246586046694	0.02963208564241718	0.04173715295684767	0.03446885466141655	0.02373083969331779	0.01414622251028911	0.01278345417293919	0.1074147126110315	0.0264035893599427	0.01014404131093635	0.06337626589653772	0.2843260980922879	0.1096018394291314	0.01030544419468168	0.01583555502117547	0.157215520692457	0.01222153097012854	0.01007586086178445	0.01002065255824792	0.01005010992517116	0.01786781591375917	-0.117270886439848	-0.1514167150205287	-0.00926957065384933	-0.0222414881132577	-0.005831316809554243	0.02880839160919636	-0.0002802971408056547	0.06344890337123703	-0.05799198242463552	-0.005884918015342729	0.05683169726099477	-5.591242026971337e-05	0.0430709630656541	0.1493723145639087	0.01767936864427222	-0.3883519498119266	-0.1368475563517043	-0.06197527339512133	0.1225791840737617	-0.1107911660896852	0.01060379625350097	0.07698919074900805	0.01021700526089504	0.0101936077643721	0.01030738982161095	0.01078421761903085	0.01021021864835964	0.1025538854208843	0.01058253539543197	0.01102821507098589	0.02014593730258226	0.04930662692124416	0.3110361510375879	0.5024325040028956	0.01024186017235609	0.0101047892924319	0.01007620849430726	0.2387827145714038	0.1222742239889915	0.09152485133142546	0.1662806586836365	0.1670006719957192	0.128719021441606	0.05240698438913165	0.51164698403992	0.02361403404149101	0.0478067982089599	0.1451380652597633	0.4824245240094359	0.1529729866177576	0.1480439484696904	0.01027885148672799	0.01059201480625424	0.6041129454722891	0.2583176916490296	0.01024887331705159	0.0589558263782748	0.01009293407120242	0.01003080809992037	0.01006755260811365	0.01153742625503176	0.01130065844821431	0.01117844017515605	0.01101781061209926	0.01139200882844321	0.01247484294081956	0.06409000899737463	0.03816576985038755	0.04575784834622685	0.02652076781823066	0.01400837213617048	0.01252549980698005	0.01312693868310606	0.01082357107776561	0.03748851812219484	0.0366333709532202	0.01106406930385559	0.0236980008497429	0.03069081920813469	0.04397959786082541	0.01570374858513206	0.02064331884019003	0.02556349902554715	0.01871234877833663	0.01400949263410048	0.01382925640137094	0.01268039774973547	0.05574536868587081	0.01415862460428035	0.01025530665432017	0.03273559115515531	0.1099923282080543	0.04474947328450308	0.01032143777457787	0.01520769813679703	0.1145220784362294	0.01215756530186738	0.01058524604817294	0.01095326183714893	0.01065198798764065	-0.01602361896453438	-0.006091261224805223	-0.01255107055089144	-0.009301553634386161	0.01753526264732257	-0.002575858100642085	-0.01598268988119277	0.001580511219680736	-0.04308177457496547	-0.03538204317217247
0.8963157894736842	0.01961947351204214	0.1432452578387374	0.01020835388427825	0.01017852688333289	0.01033917479815427	0.01344644726676894	0.01018390710008104	0.1199343219087177	0.01075761441505499	0.01131387970297883	0.02108070768060544	0.04875747054417964	0.3513833011339906	0.5392151319450803	0.01020506176449288	0.01009066488942527	0.0100689617694708	0.2595235732974986	0.1193580952413554	0.07815256453354587	0.1908722061890753	0.1898177332379113	0.1444660112488139	0.07090863977107099	0.6230038357335705	0.02426868616627837	0.04734992142226691	0.1565894015741672	0.5854212346663252	0.2300547703586881	0.1712839884982424	0.01023786716711528	0.01050899710997798	0.5263948796696026	0.3017835375816755	0.01032789357107637	0.05844470609794127	0.01009094480899385	0.01003035939742246	0.01006623686810589	0.01147525087725788	0.01108656703391975	0.01648771061031387	0.02067355739093524	0.01253084664913999	0.01234794827785861	0.1034990493967648	0.04872655922497363	0.05341445527268241	0.03045074372023019	0.01456587891825169	0.01284488613492302	0.03668049028166315	0.01934851150303244	0.05859934223727292	0.06741605249270001	0.03182064779884095	0.03443226081090506	0.04342578535601074	0.06049346940487076	0.01673459070101728	0.02371679746355461	0.03117465105997281	0.02176623823259816	0.0171360862549419	0.01435447854241326	0.01302509792362968	0.07418030188538935	0.01819210709126077	0.01042109049345866	0.03891573059110658	0.1828464000081243	0.06375882642012271	0.01035548981007508	0.01507037550551172	0.1366049316673079	0.01242101370420726	0.01296799443327968	0.01437624049509688	0.01329758878231008	-0.03651499536216128	-0.08198507580161893	-0.142660498146755	-0.01496967877636316	-0.01724969073427451	-0.004505090068804803	0.02580582165132556	-0.0002361720724101016	0.05305751015719026	-0.06016506348244701	-0.006648358127318402	0.05292127900653778	-8.457836968578215e-05	0.02592684664881131	0.1425023088981031	0.01056916834114461	-0.257801572814977	-0.1576772483042551	-0.0794946876010542	0.1496057629547193	-0.0895359765146897	0.03987230544415179	0.2716552301915219	0.01020145005078299	0.01015627361858314	0.01042147072268092	0.01921568646350426	0.01014315957840576	0.1383947561068166	0.01080090027282139	0.01144134162675296	0.02438305329459577	0.05795110596207374	0.3622827800421471	0.5494629862014212	0.01014088854967417	0.01006675496193396	0.01005760258644843	0.2268262141269896	0.08247796306736901	0.02558041457829479	0.1979925720682774	0.1942813301829961	0.1460773764905343	0.1029362141887988	0.6455757758597084	0.02793284497393106	0.05629306938883387	0.1489228703078591	0.6240691662552641	0.3585331471679812	0.2014212226876699	0.01017803719365329	0.01038605044862836	0.5903088660848512	0.3193876941272089	0.01033065071012022	0.07151492565837696	0.0100905196806184	0.01003039562643459	0.01006602466717597	0.01166657034791068	0.01087767954559344	0.02946765441693762	0.04438742294448393	0.0155037394660588	0.01257577323231011	0.0750801695086953	0.01354933063586834	0.05190200489883912	0.03079154195713069	0.01601589011831063	0.01387458512559599	0.01070586460631655	0.01040034833487369	0.1009392525449475	0.1410041788421583	0.08313660828022021	0.05384281380387201	0.05744813749060321	0.07016530913969971	0.01782516447519984	0.02063591532974282	0.02702017103508024	0.01373475224870674	0.01096239566215341	0.01578499607607139	0.01412045583419507	0.05251879010851064	0.01084465751356858	0.0109027858609699	0.01206603395469687	0.08678276716081913	0.03515836713597306	0.01049369365861884	0.01263130453242634	0.1283864912443883	0.01329478056911846	0.01900306528416595	0.02318696540728224	0.020021686450376	0.001699641417754674	-0.004675708683806958	0.0535274884185967	0.007700199734731464	-0.0384706009282535	-0.002731913662815963	0.04821707992289198	0.0008784565549468166	-0.0425554987966388	-0.03590410028567168
0.9062280701754386	0.01956518051206138	0.1361095335494376	0.01025375786976412	0.01021762948516826	0.01040369182100283	0.01333673893337411	0.01023063423988755	0.1056992820017966	0.01058549391625069	0.01104006939443015	0.02354546764778855	0.05952909201608992	0.3299108613231784	0.516792119310013	0.0102585541671321	0.01011404039078213	0.01008536622370903	0.2246355701048104	0.1017762344685945	0.06432709128246752	0.1660288157449034	0.1659405458120184	0.1256939178651484	0.06434183419581614	0.5558604057845903	0.02780388211225589	0.0578231686178917	0.1391226864188658	0.5261773060942964	0.2215669757825631	0.1553142280680248	0.01030158514494083	0.01063737880045853	0.5749192719796302	0.2681105666841584	0.01024700205099244	0.07270393104990795	0.01011166033788651	0.01003716358539073	0.01008129814053972	0.01176493779391698	0.01119600759396185	0.01831470298803797	0.02352721064810882	0.01340131217139857	0.01257059783906791	0.06223387014384106	0.02704607904752462	0.05538791210328447	0.031522387721967	0.01441108324728487	0.01264988145975789	0.02012489514263932	0.01350349462964978	0.06102540770675014	0.07698447442600789	0.03742908986785903	0.05061157014355385	0.04564661195162813	0.05477705496337501	0.01915226911135445	0.02254867480515049	0.02685097782770094	0.0163770532336027	0.01403386574318407	0.01420199568093131	0.01283674420812017	0.05217229972465299	0.01394064240298403	0.01207108991569998	0.02281618801261787	0.1056721435136623	0.03726708060851393	0.01031896398198253	0.01692285271623812	0.1393205582150571	0.01222793845340894	0.01809245478680691	0.0233020196509669	0.01872396446772918	-0.05202218405815108	-0.04523437962138485	-0.1386839608328332	-0.01970653948707845	-0.01469291975384973	-0.003924099539278058	0.02372318382547272	-0.0002252643154758788	0.04662618862576728	-0.06159166033768993	-0.006969233300884558	0.05059918676986158	-7.176135831013786e-05	0.003473202374771518	0.1489703555757528	0.006234861120659531	-0.1433189360025852	-0.1641960454574893	-0.08850359871843597	0.274014575504605	-0.1449176368191299	0.01081025761921647	0.05875272585763097	0.01031578363718379	0.01027859561112022	0.01044871659722612	0.01099562044956857	0.01031174099861861	0.0717652574077802	0.01032279502648207	0.01059092950769643	0.02556730468473598	0.0720251133387024	0.2699322316555526	0.4446519051574412	0.01035979087472419	0.01015618035789699	0.01011224260985549	0.1637849699760701	0.08759120581613092	0.06791106958781937	0.1129257629048271	0.1165261876780058	0.09031536414580622	0.03797265271735282	0.3544285121133703	0.03121428391921131	0.06992522009811029	0.11096236080693	0.3425306938141653	0.1386280470689067	0.1107966681407727	0.01041624600770641	0.01086885628922362	0.6687646384755169	0.1832813063453494	0.01013305744998779	0.08953899074617559	0.01013853303612109	0.01004585309685084	0.01010075766837929	0.01198448094307868	0.01141427110316692	0.01336577509624316	0.0151098500303719	0.01276754195417845	0.01264904295458691	0.01484589205271141	0.01425135161467727	0.0598868758858338	0.03317868628792861	0.01344638131569566	0.01183091332597774	0.01040424332680618	0.01023839240244568	0.04581212372992764	0.05614837666869476	0.01777278744146359	0.07171037296137786	0.04605036763293362	0.0451423312965499	0.02348604725681827	0.02429031349086316	0.02474581322174833	0.01315640789545362	0.0130279555707145	0.0132505288391109	0.011997424282935	0.03228138338315571	0.01198765885929583	0.01394855236577884	0.01403071167422567	0.02503811331817146	0.0143986391609078	0.01019040290594638	0.020861471991135	0.1505797449811103	0.01149041037901678	0.02218824466750132	0.03446151890163777	0.02346443616831937	-0.02341425689238812	-0.008993076320366189	-0.003478990622090357	-0.01126537079281055	0.01828798420763429	0.001407392769506607	-0.02403425637965469	0.001903236451142133	-0.04246466960937392	-0.03653570823314441
0.916140350877193	0.02542550751603064	0.1312756327305209	0.0102670109000007	0.01022657634556191	0.0104344882290738	0.01610202475679214	0.01024613596451578	0.0940228089216424	0.01045808116335767	0.01083116544555862	0.02584149268070756	0.06862564922332474	0.302021900874588	0.4827321367827744	0.0102747329464115	0.01012102474967934	0.01009033047856927	0.1868680632509266	0.082198908252649	0.05436247927332554	0.140997305515461	0.1432437708399793	0.1084518169987312	0.05927569466717951	0.4860133076048088	0.03078911890296512	0.06671367089694007	0.1262544098939482	0.4667476304329924	0.212798836327799	0.1442700201116637	0.01033057154740597	0.01069210616992269	0.6026433830682697	0.2358957221308289	0.01018970318263769	0.0853459724214275	0.01011748329401785	0.01003888127514708	0.0100854151252125	0.01160487080785894	0.01111449412485848	0.01553155375179626	0.02336092678465826	0.01253404293937695	0.01224203793223776	0.04948330703601984	0.01951149460405415	0.05932181686215968	0.03327945233706194	0.01421164309107385	0.01238429861470082	0.01418413057158162	0.01152334030838503	0.07135236802798056	0.08891780482646813	0.03430063969448035	0.08609918278426572	0.06265462361620731	0.06545796254494432	0.0266563310977609	0.02920989510352858	0.03209078841003241	0.0143229392660375	0.01302031232761796	0.01400465779303758	0.01258935467495255	0.05010503174286451	0.01249966238194755	0.01247641454431758	0.01715208584771885	0.08381229930782552	0.03035113724494679	0.01025771181208399	0.01861220633314367	0.1482285111252247	0.01196563063333318	0.02124924211830078	0.04092754155297806	0.02432998561404257	-0.008398224559539343	-0.01324307153976525	-0.1401087231774596	-0.02096330928489619	-0.01433285050295003	-0.003930562629273984	0.02378200066577356	-0.0002358483765860633	0.04660229271688465	-0.06326317594161106	-0.006931451729797737	0.05096298781217414	-2.291758148818683e-05	-0.02145527089645777	0.159805596135579	-0.009461656206949413	-0.08442088289092496	-0.1568094538358274	-0.09106809976304225	0.3591532783134707	-0.1316443138208361	0.05788898559520841	0.2628347627473247	0.01019740140614737	0.01014551290346296	0.01045101111452922	0.02759143792863349	0.01014448538410065	0.1176130235787779	0.01058856922398535	0.01108523688168496	0.02884038567415401	0.07448818277532561	0.2923278077293288	0.4508303095730887	0.0101377728129985	0.0100651567419832	0.01005666859884705	0.149136437834749	0.04318678378702304	0.0127667100282531	0.147121632649659	0.1504213090236817	0.1136514857504829	0.09379576205867944	0.4975486405187048	0.03338367043545011	0.07252649282499261	0.1303953079555021	0.5025712460726834	0.3377106372594177	0.1857240960501761	0.01020297853948709	0.01042529628725287	0.5898608753109484	0.2565076361020162	0.01023846320295758	0.09543394872906479	0.01008802388293065	0.0100290029469631	0.01006386788841012	0.01091609905791464	0.01053235221588526	0.01938239055315558	0.04116747554710086	0.01209912374503417	0.01138935758118093	0.08499989364023518	0.01498931297424971	0.06207716171039648	0.03503655995987857	0.01557245183669464	0.01327444648187688	0.01054344453388219	0.01031707044041959	0.1324077580738962	0.1711649749252017	0.06797760356037741	0.1520622021074826	0.1096829941701069	0.1113951613267729	0.03809277519820056	0.04207336924125148	0.04758421696838144	0.01301517683226181	0.01101501810300032	0.01534563595931241	0.01356772291423268	0.07226392553496143	0.01077292928150426	0.01051932492784569	0.01242785548928312	0.1301220108543015	0.04396617672853748	0.01034765999574565	0.01582633937565191	0.1558213363119512	0.01270281667091404	0.02346803857699968	0.06852761699988745	0.03160192535988391	0.02683037577709861	0.00632055986144818	0.02489416202662603	0.002897398216675635	-0.03682291019455423	-0.003809516006966778	0.04850015093621195	0.00187147620376341	-0.04289779568518648	-0.03725377143990023
0.9260526315789475	0.0258749009651148	0.1342659126442718	0.01035025290376071	0.01029285875302962	0.01057102248119414	0.01617173534896092	0.01033098793212779	0.08249610684048579	0.01039745584778897	0.01072980141459271	0.02782937261987038	0.07405169834188151	0.2760987671300243	0.4433064431907416	0.01036418251557729	0.01015977429275392	0.01011967702608331	0.1491814276279965	0.06634844028164225	0.04683408653628018	0.1171100184889463	0.1218714864195755	0.09340338762484864	0.05742238910375343	0.4214386046979784	0.0328884559673539	0.07207591699342766	0.1166565296324783	0.4125316255931566	0.204452179388872	0.1293598145057843	0.01042396224353132	0.0108986917583955	0.5965568730040952	0.2029755148753598	0.01016247002171774	0.09357039631855643	0.01015037190467817	0.01005002084877194	0.01010959450143992	0.01115480952490824	0.01075381384206934	0.01541980412239144	0.02803580914407346	0.01203483643332034	0.01160956595213943	0.04603293829395821	0.01642224158234581	0.06394656021899395	0.03539724154665853	0.01402138127989717	0.01220156952359847	0.01175172458333328	0.0106986014850718	0.08800708196817859	0.1084834399668552	0.03533047550299818	0.1364757504431139	0.08862361522806142	0.08360510199374308	0.0405209729940961	0.04054177143671464	0.04132017615883758	0.01316856939917979	0.01222043033918845	0.01382332095527071	0.01241473178145484	0.05365627951484512	0.01148739510713606	0.01141094496500906	0.01438052502377749	0.08540813036193691	0.02884198122532606	0.01022418867096694	0.02531021116017391	0.1590026617411707	0.01179887501243171	0.02485331773294968	0.05776376427778393	0.03029744269615345	0.06855417461344138	0.03690292256296213	-0.1431349525074482	-0.02003548868871322	-0.01757540082735172	-0.004750513808600573	0.02501839684791242	-0.0002791682231246696	0.05101020084671658	-0.06292543236363005	-0.006321709854123806	0.053139555350769	6.802421266138419e-05	-0.03627345155703654	0.1635255707737438	-0.003547814724381411	-0.06202276612942739	-0.1358083178911824	-0.07483536287290177	0.4417092125141466	-0.1716016870974821	0.01170120485752653	0.07196131930043727	0.01049364139959972	0.01041917160401497	0.01074421403233769	0.01214998244371461	0.0104932246581587	0.05172064698746344	0.01025495390182988	0.01047452099865276	0.02906757729292691	0.07896807299126954	0.218110839817861	0.3486101077781446	0.01055023546611011	0.01023863099512338	0.01017510266811559	0.09200437615428274	0.05911704561915172	0.05633184407312253	0.06971497005911836	0.07913610183241779	0.06496703480962075	0.0371288396816079	0.2476510945649871	0.03442806158119775	0.07691178772087685	0.09969108849160144	0.2560663217752324	0.1234117889116273	0.08287269079481509	0.01061309868083595	0.01130741973601156	0.5715302349235192	0.1243990442151355	0.01010322499357597	0.1011618784986763	0.01020831721007375	0.0100695957719425	0.01015214683335611	0.01089043820195577	0.01056318455117916	0.01313578290868784	0.02652296216745256	0.01153818380238349	0.01117348593959231	0.0243885907731545	0.01463461174612721	0.07042162494822481	0.03788010377091875	0.01304162236256581	0.01145973575235272	0.0103783391373383	0.01022155955030837	0.08611839986440396	0.101527000957074	0.02013080411322562	0.1986000227309499	0.1105401970632949	0.09227774486686717	0.05776903566864063	0.05289826651056668	0.04890384978304164	0.01224190259491173	0.01216445261691397	0.01286565018481073	0.01164251500025196	0.04917779827083447	0.0110153023759705	0.01098792659859069	0.01305773193007262	0.06881276740593462	0.02112728282676792	0.01012393715005001	0.03683570435345798	0.1769474048659282	0.01115965165573364	0.02968455993402905	0.07156096438928523	0.03633977944383336	-0.03119412760554465	-0.01243701093124771	0.00800468634648103	-0.0121410671701903	0.01617377255236143	0.003502827787141551	-0.02468763875363522	0.002358496400746798	-0.04385361490333757	-0.03777469959119274
0.9359649122807018	0.03206782340556216	0.1345195541212685	0.01037932972736421	0.01031327027227744	0.01063211038377141	0.02281929032916215	0.01036362197386807	0.07337546172713047	0.01038374997360074	0.01071108508779022	0.02867361619311991	0.07488618248816901	0.2418997275598891	0.3901614831785373	0.01039904360889939	0.01017495518878046	0.01013131139346948	0.106197982033067	0.05170802904035408	0.04358429812212521	0.09181536351136647	0.1018918287347964	0.08041452253608365	0.05560636128177761	0.3589054291101361	0.03342897157826657	0.07296535270016179	0.1158810027527841	0.3628940201818771	0.1940472380600917	0.1206004514114092	0.01047089477688629	0.01099311469355635	0.5606982332356173	0.1722154779051935	0.01015557962895484	0.09588246863816982	0.01016324402125222	0.0100543899896039	0.01011910090852034	0.01091529850539901	0.01058487690736569	0.01452885780695044	0.03412739230261359	0.01161587519988963	0.01124921619479681	0.04848842935650921	0.01559086579298301	0.06932904979870731	0.03779732422932829	0.01375566505056111	0.0119033317320459	0.0109113208567511	0.01040191582950176	0.1076538049682761	0.1301514770851457	0.03692671588040864	0.1968328278327962	0.1201741524196505	0.1063184019603942	0.05960946231766457	0.05625467129945464	0.05421913292122785	0.01251279057920288	0.01190766291791167	0.01356191168397997	0.01213262186593565	0.0607482022920734	0.0110971325037268	0.01101704508797334	0.01334998006491202	0.1008111569896026	0.03278867834494676	0.0101650258926897	0.03181779181276846	0.1717309926762849	0.01152642030347049	0.03038251906137492	0.07697416469846248	0.03847899314446053	0.1562819861527908	0.07903537382237098	-0.1444729212545758	-0.02037739538029611	-0.0196874724964492	-0.005284600008945073	0.0259118108049875	-0.0003056813880828272	0.05428500017735895	-0.06364974693402677	-0.005973329228695681	0.05506566938197686	0.0001398856340310997	-0.05660513105118042	0.166650439763441	-0.0208486516308416	-0.04502489052297307	-0.1069498581497719	-0.06140894439239303	0.565492916225293	-0.1643462427711666	0.07678573352764077	0.2600295019661021	0.01020402980165427	0.01014271454405154	0.0105013611118925	0.04769470284289142	0.01016007300023665	0.1014222279008817	0.01060574506746287	0.01112643899139409	0.02935975795849781	0.07045238900341971	0.2084544384547168	0.3134340711222299	0.01015553754574242	0.01007312351230723	0.01006311332351459	0.06027653082069898	0.01772332519981199	0.01206866313711647	0.09414403787952559	0.1118833993702081	0.09004358981811708	0.0899354921069621	0.3762076131927939	0.03282302288111293	0.0687894673937922	0.1414408085010893	0.4112920998738958	0.3102684948137611	0.1754722920404649	0.01025260008320139	0.01050693800795958	0.4363983051998868	0.1968985914462923	0.01024399854137106	0.09226623668498822	0.01009475275875733	0.01003131386698114	0.0100689455066056	0.01063905768442768	0.01037778804821217	0.01683471294433554	0.05531523425093635	0.01133901127367989	0.01093074719611737	0.09645347083399236	0.01557736867820889	0.07383451558254686	0.04016143112347742	0.01496648335319335	0.0125662262017772	0.01041176193755636	0.0102294333647948	0.1802587263630249	0.2239439102907452	0.07198113720074115	0.3032138713277873	0.1863003937617655	0.1669378140566457	0.08332998536708436	0.07942109604376066	0.07841919202708586	0.01218908516843506	0.01086217143707466	0.01474395795765092	0.01289927732914686	0.09115736188407679	0.0105923396120663	0.01037961470354416	0.01209437949689062	0.1811201500468368	0.05768839179656016	0.01020496136104571	0.02854976985932759	0.1848199578574728	0.01205601622842629	0.03659273138188175	0.112147421012697	0.05061382321122011	0.05057530315825329	0.01613254411828013	-0.006020232264626626	-0.001479733506528318	-0.03547497943696807	-0.003533796642791375	0.04916979497402926	0.00286027582948919	-0.0448841754431226	-0.03791791749164588
0.9458771929824561	0.03945477769036247	0.1550488487924701	0.01044495095133197	0.01033744281307804	0.01086326762183798	0.03247295753681704	0.01044074776136964	0.07016878367613612	0.01038146227412816	0.01071498484693541	0.02758899856654325	0.0688952354341397	0.2080312828298866	0.3334606567664399	0.01042701164776962	0.01018514866722686	0.01014868298090189	0.06665824747021562	0.04034067678619011	0.04562401068679181	0.0739799340761728	0.08957743348877649	0.07483958971548875	0.0632718422941535	0.3153426622101326	0.03140745991174385	0.06717943128162264	0.1266326564523666	0.334402987084694	0.1866497369322988	0.1159338064258384	0.01052658283636059	0.01120213024529075	0.4906113346275821	0.1498268753520759	0.01015200754956067	0.08938667154647544	0.01016535482500418	0.0100551851071582	0.01012070147483886	0.01073021191395326	0.01045604854544814	0.01410154933476155	0.04172034434723219	0.01132852016530061	0.01098482488413048	0.05215750917184669	0.01494322297422499	0.07585400387788603	0.04095713233623227	0.01349538468721179	0.01169824721299895	0.01053071512431005	0.01025592924405019	0.1239705675302624	0.1477518344677385	0.03629607638757863	0.2561325127599707	0.1502837226048847	0.1265524119472571	0.07918293212584607	0.07159217353139179	0.06599491542273445	0.01207520648216251	0.0116696870431064	0.01331057796489153	0.01192699361100604	0.06495623157037279	0.01082848069693722	0.01073217058594779	0.01261363511844363	0.1203642964003355	0.03646750590783751	0.01013477737225805	0.042513700223539	0.1858377427637209	0.01135201192161561	0.03566339623173923	0.09729840968011412	0.04679790437620249	0.2241528552320632	0.1326574616142574	-0.1396321830287202	-0.0208459518174513	-0.02211449551191455	-0.005691363732224797	0.02632776633004065	-0.0003197445552245248	0.05561181759244897	-0.06271403147003264	-0.005582643296631523	0.0561460109656475	0.0001998423481689079	-0.0612524979685416	0.1652062279418978	-0.02472074864652011	-0.01824441840852614	-0.07505377107289062	-0.04217350623981409	0.600560400205417	-0.2022385536256295	0.0293223841856328	0.1280786040024427	0.01061778329728737	0.01045338551010835	0.01123130943677619	0.03683794902622583	0.01064418612528815	0.05136717573166856	0.01031582222502913	0.01059169632728441	0.02522398735298493	0.05949244715578599	0.1510982075208063	0.230115055036361	0.01058728604067598	0.01025023679348414	0.01020606309315505	0.02393033180288891	0.04035493390114593	0.06455771654462271	0.04137743431232619	0.0634499469093262	0.06154935978323935	0.05874173393330973	0.2041522937631985	0.02817680114647731	0.05805118048494888	0.1380665381079391	0.2441317248659627	0.113320032814709	0.08175458655993678	0.01071118813450139	0.01172247252160211	0.3489145052112157	0.09467999868392094	0.01012707105561508	0.0774755163411167	0.01020275912913324	0.01006798211456885	0.01014822124364637	0.0106228730004388	0.01038860068904085	0.01270237991904917	0.04410701660536687	0.01108968669043258	0.01078910086254553	0.03448005789249796	0.01410959632559716	0.08478000109273275	0.04479074432908541	0.012487489216411	0.01104354381744871	0.0102772992561071	0.01014676621313241	0.1153477204930149	0.1316804458533555	0.01887419421661977	0.3306668423587142	0.1728017386209645	0.1312279590441461	0.1007143789050195	0.08534082787643046	0.07271123795485886	0.01164985420668581	0.01187229021740142	0.01232861649302764	0.01121860333788378	0.05480821021286647	0.01072214750859591	0.01066968737635115	0.01223640380960642	0.1157468038682141	0.03083893874760648	0.01006828738672151	0.06028948782682014	0.2080514903923401	0.01081272865225345	0.04107549539888012	0.1151055852221428	0.05416556398862621	-0.03781824901896447	-0.01699537923162147	0.02029814488111385	-0.01057421143521265	0.01348276187631902	0.006349434147614901	-0.02532346104016599	0.002936313275210648	-0.04598862988709112	-0.03750316124170058
0.9557894736842105	0.05110294535122532	0.1708494060437305	0.01046605742030229	0.01034233144573986	0.01094704040223137	0.05072326649587724	0.01047189568871417	0.06901051086554297	0.01057890769231161	0.01104129566162259	0.02506374579512913	0.05732213369853712	0.1706617208111734	0.2721483879332285	0.01044510433086197	0.01019232485123253	0.01015734646125858	0.03475827701535595	0.03422401421320906	0.04739795535069251	0.05179698069069019	0.07827638830091473	0.07257370402391808	0.07199106182203052	0.2759054334924165	0.02776170589075466	0.05587449117856732	0.1516235953392903	0.3132064346892606	0.1799061456111424	0.117135189152928	0.01055742167160128	0.01129127627094087	0.3964002904590378	0.1288061889640686	0.01024894691838795	0.0747794438597045	0.01016776134973136	0.01005637642500117	0.01012271980837066	0.010650240629596	0.01039927235340738	0.01523438858147916	0.053904530492145	0.01122235221127526	0.01085385527985973	0.05842410536237889	0.0147750238388603	0.0828691104043964	0.04430256121348766	0.01315819092235057	0.01140198682320423	0.0103721299766298	0.010184451724395	0.1359568846082399	0.1608995882047331	0.04005881107567817	0.3151607194350384	0.1775547748675158	0.1419360778794206	0.1004781793466925	0.0867062123962274	0.07619313884988223	0.01186621019260375	0.01155246145872999	0.01297495362273363	0.01162677405373704	0.06285610363210536	0.01070307348387661	0.01059571417373082	0.0122021246768037	0.143673103584696	0.04485466017341534	0.01009512170897444	0.05025472600567617	0.2001349940520959	0.01110087736753671	0.04226693048798059	0.1183093223192348	0.05618657762838711	0.2895748321032104	0.1918413480775067	-0.128138975963926	-0.02262869834972192	-0.02475508536483741	-0.006002656441822178	0.02620941425500128	-0.0003207827357168376	0.05222524757530764	-0.06029476110581775	-0.005295538938589936	0.05568428924065998	0.0002368378720417133	-0.08929007129588695	0.1648164207546422	-0.01576238059633098	0.01210564620142662	-0.04461208565542386	-0.02181087588978655	0.7383107768496053	-0.1999678348557912	0.1068730220707477	0.2913426951168092	0.01020385539851919	0.01013414546885028	0.01052823870694535	0.09560052474732335	0.01017857065442745	0.101356680051356	0.01119083006660728	0.01208694071910223	0.0228289007249937	0.04087042258826289	0.1308548356272988	0.1890622670663453	0.01018230077902107	0.01008460509744787	0.01007216491977433	0.01105584599408053	0.01246971738816443	0.01504140078728483	0.04458242657881652	0.09012403201173667	0.08947603797515873	0.1098768053249221	0.3044477160757722	0.02385490440138996	0.03984419520948741	0.2154186048538935	0.3824600898566303	0.2955690558037687	0.1858967391549405	0.01029057871393347	0.01057032764474119	0.1996774602625072	0.1552497396712001	0.01053339930192449	0.05294963047843512	0.01009984592452559	0.0100340724942125	0.01007337843909054	0.01057939398450768	0.01033285354161746	0.02062342585444994	0.08593819501630753	0.01129998964529216	0.01079630768089376	0.1130599835863867	0.01570725994941181	0.08862372194596169	0.04709466962415347	0.01421611245651333	0.01188573550552311	0.01030640509638362	0.01015735318152157	0.201390743681448	0.2478973994320689	0.08451166325034858	0.4362055826557116	0.2424382153124292	0.1941232204114257	0.1302834710169903	0.1108516978695039	0.0979740584449648	0.01199065866799993	0.01074419887293321	0.01398976298720718	0.01220736254744799	0.07955544949114614	0.01047847259875181	0.01024867661816182	0.01158687114741983	0.2396554255945078	0.0803781929143258	0.01011671136989546	0.04050306472207948	0.2142914647831873	0.01147996622352941	0.05143312756640109	0.1579994206559683	0.07112866537977142	0.06699680614588852	0.02333414173746028	-0.03159672545071099	-0.001286835618555193	-0.03349738715528983	-0.003850912973842083	0.04939254098211339	0.004625110627896313	-0.046658871680748	-0.03661131790051958
0.9657017543859649	0.07414906770424244	0.2050239932406984	0.01049686693185882	0.01030504957693058	0.01228304334445907	0.08011602351092337	0.01058998971448098	0.07287807654470584	0.01064263595666026	0.01125359441836083	0.02169040546932285	0.04242375894966442	0.1348708146202742	0.213224793394504	0.01041554919983005	0.01017534121494662	0.01016124120666192	0.01946716478579433	0.02360548759360002	0.05846639332489372	0.03566435826210784	0.07151614172237011	0.075083937389607	0.09004671454521931	0.2492744072999183	0.02316253550860173	0.04137591126817167	0.1868306648674066	0.309122136142281	0.177232573073201	0.1229119586081035	0.01058514531268109	0.0117088647543778	0.2877748472995886	0.1129889907384774	0.0102227014104222	0.05522380848075922	0.01014003802112478	0.01004705838849086	0.01010242739611587	0.0105835699033761	0.01035504335816098	0.01521858380221954	0.0628325565789553	0.01110973401214245	0.01075173970401368	0.06165412497247844	0.01452540219404306	0.08979645215667227	0.04795499054273794	0.01288152883480399	0.01122618345500373	0.01026829192379035	0.01013476523225332	0.144291624665555	0.1686953080760269	0.03936147968285105	0.3708663482446029	0.2026202707873071	0.1551911799644213	0.1206016375816314	0.1009365793233659	0.0852493522141812	0.01169708596018727	0.01154409169907839	0.01270395356082692	0.01143783953483099	0.05959713030198216	0.01061116743516102	0.01047979001566063	0.01187560872337519	0.1627995633012203	0.04978407423616583	0.01007701074872134	0.06134386065142345	0.2122622439131577	0.01095884781572495	0.0479864461511474	0.1381157050472485	0.06472699348834182	0.3235462464437663	0.2312857141027712	-0.1131541665677612	-0.02152560826304165	-0.02638437251370979	-0.005913015261836054	0.02663318129760186	-0.0002949709518137663	0.04847570539494052	-0.05766163484413785	-0.005141621203472391	0.05467414849053672	0.0002439193752878693	-0.09419874497599733	0.1656310995682108	-0.02250745146754538	0.03870152436158179	-0.01259475068423598	-0.01314680273319628	0.7440100566025846	-0.238826456728083	0.08248844574220326	0.2078642180513031	0.0106719288604743	0.0103617212317625	0.01427055633385706	0.1070017563936753	0.01089383860781997	0.06170208868384743	0.01078144550461755	0.01139303995616031	0.01786940062488404	0.02735486091335134	0.0880833148142853	0.1309867793934471	0.01051401305014048	0.01020983370769722	0.01021172174884438	0.01037680557445377	0.01972253718473033	0.09237263805106537	0.01391358316990133	0.05256060414451463	0.07033334668383651	0.1007359064399414	0.1722876183507895	0.01840549472174114	0.02680282438341104	0.2263054970825332	0.2616267632415439	0.1129759206209352	0.09718848412190402	0.01075543548342658	0.0126162109160098	0.1234024411692091	0.06901207391596309	0.01034546629809974	0.03416591319909829	0.01014127145033359	0.01004769511495442	0.01010324988670978	0.01052657135722487	0.01032682038009541	0.01254381035073928	0.06091240542050165	0.01091559362976307	0.01063821777156113	0.03848480216420436	0.01369739348885071	0.09822929840722741	0.05204979812578452	0.01195199990001142	0.01072684130390605	0.010162642792422	0.0100816089588354	0.1259177948257971	0.1385238602315748	0.01552376918880191	0.4453682262107361	0.220733331262248	0.153558730582135	0.1425416599707119	0.1140109153275121	0.08977872866378667	0.01139030003168199	0.01193004222204451	0.01180189052483673	0.01087015176442092	0.04553024036770453	0.01059800736997787	0.01049866160842622	0.01173604286046301	0.1486003951043834	0.03967452605079308	0.01004012246343875	0.08497869515354589	0.2284390685502409	0.01056188795903294	0.05261336891381983	0.1549263495160403	0.07133498462862818	-0.04225322385684462	-0.02634600635025849	0.03276111877110576	-0.006331980919878708	0.01150643685636682	0.01089935283173003	-0.02569877650880188	0.00355376123353052	-0.04628420911242773	-0.03525669191809688
0.9756140350877194	0.0928374141681349	0.2244016048765143	0.01052301978895322	0.01029700746600414	0.01285820397946752	0.1115091457438094	0.01064363153180536	0.071960156984816	0.01214696067923564	0.01290329067816538	0.0189114881718193	0.02960208229043048	0.1065381869242045	0.1681464176325073	0.01042832174247045	0.0101808094883713	0.01017413965102196	0.0138118041369649	0.01929012776827032	0.06715644872890976	0.01920977399947526	0.05869250527781206	0.07583371921538945	0.1042198272582429	0.2130205839829845	0.01959774535712479	0.02898097999060908	0.2256040246537039	0.2973108922369587	0.1732439300908243	0.1239559527762938	0.0105976234783198	0.01185487647951981	0.180690792642046	0.09021137035154266	0.0114410042178636	0.03684249152538457	0.01014438996163677	0.01005049323571928	0.01010603122064953	0.01053814389825033	0.0103242694403128	0.01538482944656638	0.07065840743479274	0.01103702550400748	0.01067937697035032	0.06191551045311672	0.01430413372835213	0.09420391224553291	0.05033132848958623	0.01263151697037932	0.01105132066467803	0.01021936177738569	0.01010949428772774	0.14941443035816	0.1724093464040961	0.03706017993877253	0.425580187643201	0.2259544949544784	0.1660185745806362	0.1417199340494482	0.1156808791605312	0.09421553462665046	0.01154306174323173	0.01151180711190848	0.01244904896784581	0.01124761637809328	0.05488417596482992	0.01055662735712941	0.01042562512945451	0.01168233967973162	0.1752515524041433	0.05468285507801216	0.01006047978056616	0.0739730797050326	0.2177905795839141	0.01081947481784717	0.0541638972722497	0.1571106517479612	0.0734805856363128	0.3476015486603858	0.2584940786741245	-0.09677026225103073	-0.01939147927927075	-0.02934590791162713	-0.006058590894292455	0.02747282034013817	-0.0002705309881733323	0.04279990170991239	-0.05268145785477152	-0.004775062870816802	0.05270064603584003	0.0002406740309590472	-0.1104834027338846	0.1703577686504441	-0.02020078875334422	0.05043659476339883	0.02468014435171456	-0.006625959815814744	0.8617202191194178	-0.2505024006855569	0.143472927490645	0.3121789467561966	0.01025169168042175	0.01014587761589185	0.01094345649213369	0.1669571144469544	0.01022435148438307	0.09380444690363307	0.01558328001454603	0.01677475429368361	0.01789518997414843	0.01840873783306824	0.08871978266760598	0.1325489189336769	0.01024811764021917	0.01011687209845471	0.01010651058332494	0.01028876820268141	0.0109091194170682	0.02806846214139461	0.01187988231968929	0.05683589173729614	0.08887348260113095	0.135319506753527	0.2123129527129256	0.01783382424124309	0.01820710810974947	0.3065634063533888	0.3415563193262858	0.2843232068862764	0.1819345772292559	0.01030099407941901	0.01060104287607868	0.02802293665212558	0.09870608868768735	0.01416009757083443	0.01918920200450482	0.01013901624531106	0.01005304818733175	0.01010327826924851	0.01050877948379971	0.01028410865174657	0.02113522600759605	0.101392229941142	0.01119261277361543	0.01067994220230016	0.1104863041108709	0.01529112657453101	0.09417597795026229	0.05042496961209601	0.01374031173772698	0.01153648173121447	0.010260737189994	0.01012999990032442	0.2080747315485282	0.2501375241133913	0.07789386000589121	0.5545804541995248	0.2902851663333609	0.2138265501021895	0.1762712619526887	0.1424116419512988	0.1165687331041184	0.01169695464380851	0.01065683363115404	0.0134940726755668	0.01182513325906511	0.0681588996265643	0.01040503919394501	0.01019923828686453	0.01132870969820157	0.2583193779691631	0.09091985637596031	0.01008514742336295	0.06719601119396254	0.2134929460530308	0.01120348412457628	0.06456459425447222	0.1973184176969352	0.0894540486062404	0.07756718342804059	0.02568027287676992	-0.04977078595214357	0.002235932905626107	-0.03134586278933977	-0.006661339983738039	0.04942476570578443	0.008023432650134225	-0.04410835355234951	-0.03359609740839421
0.9855263157894737	0.1089503362461048	0.2426964690700939	0.01057229726560655	0.01027395683867246	0.02259398541134168	0.1367229356746053	0.01193401976849752	0.07439316946677939	0.01295536852172516	0.01408045790261202	0.01711413079924048	0.02106716249597117	0.08238875711028432	0.1277401880817032	0.01043707983659238	0.01017984859350416	0.01019165379666131	0.01148883899131847	0.01437846032422892	0.07576234176697645	0.01412101965993109	0.04954800436392408	0.0768703143182585	0.118228048127329	0.1842820501174657	0.01735438747301175	0.02084105338321296	0.2592204867011519	0.2899020122943727	0.1743151738736942	0.1273924018774871	0.01077726225714302	0.01423744747531904	0.09127393032191665	0.07251109797422949	0.0113021800733846	0.02392079765737754	0.0101170624531904	0.01003553043790898	0.01008588561186376	0.01048225901216367	0.01029173200033238	0.01504663269181472	0.07190011585325874	0.01091003449917157	0.01060439588995053	0.05428856659686381	0.01426302243488363	0.09316000316680013	0.0500255749062191	0.0125144112386516	0.0109727585452266	0.01018762075270678	0.01009361300724748	0.1519227344580309	0.1703473790636832	0.03571285899023005	0.4785742306674203	0.2489497340920105	0.1771866974777196	0.1630068933150095	0.1311530437477324	0.1037989478993658	0.01138942562618974	0.0119149465571548	0.01232360759770104	0.0111595706572573	0.05254481753797683	0.01052148476782382	0.01042371212729474	0.01159979728486155	0.1774441326805982	0.05368446209349375	0.0100534971371873	0.09137016799440813	0.211458694767296	0.01075832126206459	0.05918311069575109	0.1741758806393362	0.08077400378450479	0.3483722480176421	0.2677432035753607	-0.08083433357975638	-0.01437108885823918	-0.03307207408986913	-0.006318967354672558	0.02915271424153964	-0.0002468393657144534	0.03747718604056915	-0.04663369877340734	-0.00430277644817846	0.05045001886710177	0.0002247626577135531	-0.1091173674210887	0.1703088236055635	-0.01854880187336175	0.04627490209532993	0.06466915731477067	-0.007151380986837238	0.8393495007068785	-0.2794479374900824	0.1089802282572449	0.2297921165060109	0.01078808377281951	0.0103240403706542	0.03801972144050157	0.1535537122312197	0.01383302715138113	0.06446612116730137	0.01372873128232549	0.01426894076648886	0.01511812416959553	0.01479513535694052	0.05153702257898862	0.07337559583424354	0.01055380069228654	0.01021949021218365	0.01026397611059058	0.01020503294001201	0.01202795300672155	0.1081757153362437	0.01096115277437455	0.03397541188852916	0.07084872997253192	0.1247442793079463	0.1200946522660497	0.01513256303980609	0.01493582004444539	0.2892055701311531	0.2443361524255868	0.1198919280775511	0.1006253905395464	0.01115415422766728	0.01798602755448136	0.01113246968069014	0.03644201487032444	0.01419184775353602	0.01455842745373235	0.01010796178864951	0.01003721680021073	0.01007925006817029	0.01041755755474924	0.01026545535476047	0.0113627225947625	0.0579714271309083	0.0106519485345153	0.01049796028429774	0.01752922066678047	0.01364304959984464	0.08911514099091308	0.04849690569375924	0.01185476897605019	0.01065973041695032	0.01013128893229376	0.0100655270256066	0.125868714590702	0.1256260388102043	0.01108158717394231	0.5516944499054954	0.2654701791623589	0.1742639989333111	0.1868567303862679	0.1462302517543085	0.10927078258362	0.01108399054374388	0.01286432059106825	0.0116821673465408	0.01079113639537014	0.04201560288251036	0.01054831572348465	0.01053416029384186	0.01166082599230636	0.1380900444866058	0.03369552909023063	0.01003407601284734	0.1262436192395049	0.1945074143302112	0.01051447331800846	0.06233734100103867	0.1877837803236021	0.08539781265496707	-0.04248642049497447	-0.03778853994250266	0.0403049455868394	-0.002795915999913379	0.009389578368814025	0.01645121839349951	-0.02603462292417833	0.003573074732405859	-0.04070844821269079	-0.03172663365024869
0.9954385964912281	0.1153782730193757	0.2390711944694126	0.010654272276783	0.01028471190718765	0.03145742267567891	0.1558705488121764	0.01238107941757923	0.06604756103588588	0.01908131257755823	0.01685090582799168	0.01601534211759587	0.01684401398526708	0.066154602379973	0.1026506084523054	0.01050243292408497	0.01021613519843351	0.01026206504330518	0.01069577841402876	0.01260489238645748	0.07752815311164092	0.01204143091128975	0.03376130030102458	0.0735283624510979	0.1216143024795739	0.1392779130927293	0.01608676109340073	0.01688051527469454	0.2845626354186426	0.2664449160919933	0.1745849676032312	0.1185066473051114	0.01081526334794188	0.01499126455674267	0.04252200321484848	0.0476559708930657	0.02938427415110879	0.01754610028367553	0.0102053310906103	0.01012250869731115	0.01015373433900927	0.01043624400485029	0.01026428539872143	0.01346075513741066	0.07115316859373851	0.01080656472955419	0.01054424266807388	0.04561859036101648	0.01395507007060998	0.08451953795511541	0.04602410692844337	0.01267037350234921	0.01107699054671967	0.01020008216942409	0.01009983599366342	0.1504159485950301	0.163864309592371	0.02642988299608114	0.5270086532736427	0.2684581982950402	0.1850731083295332	0.1833178621791776	0.1458502054087686	0.1123825900149602	0.01122291821559925	0.01202985624267049	0.01246516228594988	0.01127355255783209	0.04973229091799497	0.01049651470595824	0.0104220365281948	0.01153932230006693	0.1744528206614515	0.05193491746041151	0.01005932257390188	0.1122436134760541	0.1891561684801593	0.0108516204385031	0.06488277221358045	0.1911561590816415	0.08889351140196405	0.3442301204608724	0.2704346162513601	-0.06540030964474124	-0.008835627325916678	-0.03701167505188838	-0.006591314767668621	0.03115206967863616	-0.0002214433707442556	0.0304595893097925	-0.04038777717296056	-0.003981194832759784	0.04754127931837886	0.0001845373052477128	-0.1147561367925116	0.1671094012388228	-0.01127321542969727	0.02433902416218928	0.09924941052419378	-0.01530468149547157	0.9371797336959906	-0.3193067110470927	0.1446809508138654	0.2648230264080169	0.01044668880072241	0.0101995224141509	0.02766020617463365	0.1998806420396456	0.01030603660040038	0.06375286637369569	0.03316400055702987	0.02391705876437751	0.01638882470614062	0.01455239210932693	0.06727672504670008	0.1073380304926068	0.01043264041046845	0.01022482723640362	0.0102975855575518	0.01018852345519027	0.01052498471815205	0.02194007926425512	0.01074131582773591	0.01826560257230195	0.07665553241494871	0.1275741887947565	0.0971668081145015	0.01626962046154008	0.0147167135662644	0.3459582710607925	0.2609328217704163	0.2837666507119924	0.1459107955433299	0.01024183313976083	0.01051115177631936	0.01070249546569653	0.04017880951727562	0.06933830545903431	0.01371958159424969	0.01042536567145332	0.01032380543757996	0.01032254589783612	0.01042614464549198	0.0102340593393107	0.01673222370774447	0.09748064440387869	0.01100799689856479	0.01057374669734828	0.09029979552981948	0.01441597189254813	0.0669711012740808	0.03826065436121387	0.01431495621470661	0.01191937427956224	0.01032764819795124	0.01016343281104438	0.1988649678013549	0.2290465301524608	0.05023483501273742	0.647250503193404	0.325618368624366	0.2253470597690732	0.2174949920719117	0.1719954138956028	0.1330801295281753	0.01135152580234037	0.01060903930676722	0.01403373076456279	0.01224607005191755	0.06184662269952679	0.01036480080816023	0.01019611497671076	0.01122899755051264	0.2436643432537683	0.08634808120313341	0.01010895664734417	0.1133904670733467	0.141066079971171	0.01153730667059981	0.07702753643180871	0.2331978201804837	0.1072769300967514	0.08014839262589724	0.03041953077890196	-0.05771974121315065	0.002823276616904842	-0.0302329632578451	-0.0118211954269272	0.04990133747796937	0.0110606615447571	-0.0370437360888048	-0.02987966868858839
1.005350877192982	0.1171083407826888	0.2322670965160674	0.01073932880966332	0.01029110373506164	0.03875370696880295	0.1625554512917146	0.02599582317199283	0.06144504964183151	0.02600449726956854	0.01950194149643832	0.01523563124622826	0.01452781794470721	0.04701328101985299	0.07043530415070465	0.01052353482583365	0.01022461507964934	0.01023778394221061	0.01037892358085874	0.01149741381459929	0.06913636749261012	0.01123088488830533	0.02344329366152489	0.06724721608660734	0.1213146442895637	0.1087579544840376	0.01522991969909225	0.01470477198746731	0.2916321803738551	0.24422845703793	0.1883452454326173	0.111266477209377	0.01133805236192538	0.01904900923466396	0.02232052269295449	0.0332398107502447	0.05248190894666697	0.01434645781386223	0.01011870162800762	0.0100289496866123	0.01008614545233021	0.01039909177039833	0.01024353218849454	0.01316019959362975	0.06575286282215359	0.01072209178925668	0.01049640069641317	0.04140919292441591	0.01399922526828273	0.06779234165452201	0.03771536758654637	0.01299845473142525	0.01118428364654798	0.01021698069761236	0.01010854202242045	0.1460139822724965	0.1513607198800831	0.02578432873215896	0.5714166418910703	0.2859890266437268	0.1918312057259507	0.2027860003727083	0.1597814839453231	0.1200092528872496	0.01111509242065073	0.01457942443053825	0.01274999437040463	0.01140078039257915	0.04675881274221215	0.01049426656377094	0.01050677429434783	0.01156041080607639	0.1599338014621835	0.04576294741429744	0.01006168094493571	0.1324747052167926	0.1512683822616327	0.01093573736521456	0.06951082151546718	0.2063038766146102	0.09545605070326316	0.3306658323422414	0.2710009456354043	-0.05163902297068675	-0.002295826288229931	-0.04052113125092779	-0.006758644643824443	0.03354010904373737	-0.0001949940000444097	0.02359121669211511	-0.03530186524543076	-0.003942030322342487	0.04473676339213106	0.0001219823040728773	-0.1130119947876152	0.1683675769545568	0.0003269839694615939	-0.01769339463129512	0.1194198126899828	-0.03083760362128436	0.874578972276125	-0.3227693932002713	0.1023150465532605	0.1975135648287825	0.01099110997249591	0.01034873757613097	0.05437908334861685	0.1501365542783766	0.04549047784467564	0.05257440216518539	0.0290704453541488	0.01972605299568174	0.01394721045161058	0.01251784286955681	0.01561780403127019	0.01322063259497251	0.01060620658332987	0.01025110138022193	0.01032234164631271	0.01021920108046839	0.01108109669624835	0.08267614675972869	0.01081018309168458	0.01654636679750414	0.05443046363949523	0.1141568697851986	0.07138688814247546	0.01394408680365305	0.01283932209347441	0.2721433018690281	0.1938188360578496	0.155876412941204	0.081702789764642	0.01229862502423911	0.02669235447677543	0.01018411730028612	0.01501370405442833	0.06746393309471033	0.01193920666008804	0.01010567958656954	0.01004397864579237	0.01007846554284843	0.01034970651763415	0.01022836702164093	0.01085945553615681	0.04320779007211564	0.0104956905252483	0.0104124362457691	0.01091104297046578	0.01375304002233711	0.04713967710897684	0.02828128102473852	0.01280567302867469	0.01113919367669679	0.01021537801099426	0.01010943864988969	0.1123611293434172	0.09407556334656571	0.01048314722324293	0.6312140518805045	0.295619967769934	0.1843664414219143	0.2250165327341649	0.1732023880397383	0.1230923189147322	0.01088634088855533	0.0186450132731741	0.01255312891900362	0.01132819080889224	0.03640284792463082	0.01055647940374696	0.01073461001831159	0.01174656025057515	0.09740620172392128	0.01872497349423793	0.01006026288730946	0.1709639177655198	0.09624062596091111	0.0109170626676968	0.07115756337694187	0.2161732336110253	0.09780182555238133	-0.03892097552322745	-0.04739180121092693	0.03847661725497176	-0.0001464600774646449	0.007219964229029487	0.02220671529249557	-0.02672115815947404	0.001055509911645396	-0.03347120556516731	-0.02825795504220727
1.015263157894737	0.1083098801276834	0.2059684769619635	0.0109203126304917	0.01032083009319063	0.05478390117670009	0.1591676611588734	0.03072969108810385	0.04804503246426542	0.03177328661282657	0.02140770999649796	0.01467061657423904	0.01333178030743161	0.02708536458612737	0.03589943626286617	0.01061386736795388	0.01030870166265619	0.01077891882836242	0.01026906218950442	0.01109255615243861	0.06221723730455901	0.01090795813205999	0.01770235694975839	0.05815276528905913	0.1092687881616962	0.07166437478717602	0.01467554828370281	0.01365429131646909	0.2861567608884475	0.2114867959241371	0.1889083395191594	0.09482303027422875	0.01147961899191689	0.02037382340186453	0.01484414491880505	0.02073324708164862	0.07112946961431198	0.01287043849969794	0.01094977326068467	0.01097143620767907	0.01073890187806294	0.01036164204395808	0.01022309564821029	0.01195373296381956	0.05863051949509539	0.01062943277577993	0.01045186554356682	0.03123041534594807	0.01371465685753414	0.04691688441016825	0.02847378265829428	0.01392583389639788	0.01218759914039722	0.01038759281827088	0.01019918123674767	0.138690336516042	0.1369770400621125	0.01570013437806007	0.6086871193947949	0.2991758817619996	0.1956260897461198	0.2196147320420321	0.1718518096602214	0.1260772649695744	0.01098105516769835	0.0154325071722525	0.01372313041136672	0.01245745924266434	0.04537124957183467	0.01049057360360039	0.01055393835716256	0.01158165471753532	0.1466367409042858	0.03911494250968499	0.01014592035911738	0.1561131730978224	0.1016102476778928	0.01184301443727961	0.07424061575967095	0.2200698896531441	0.1023272023073825	0.3191659710642599	0.2606905818385137	-0.04154032042638171	0.003422466186252671	-0.04200393735113764	-0.006588025995551468	0.03573055783117948	-0.0001587525172974331	0.01708258283134668	-0.0327970468929228	-0.004345185616162892	0.04210863549517131	3.494496813633259e-05	-0.116052376988429	0.1684611582991836	-0.003035947341777217	-0.07622572707142965	0.1260009599793016	-0.05786405390434021	0.9771422753739762	-0.3987833053021744	0.111946176980051	0.1759504367290362	0.01089999019828962	0.01028114913157014	0.06967955744894588	0.1771042589607154	0.01031084589018396	0.02702707411176476	0.04392545633210995	0.02706057536746688	0.0154662490275812	0.01326242603429545	0.02651381216150034	0.03516477198726975	0.01067919435071463	0.01046486543725564	0.01191853241747758	0.01016608638088272	0.01039409467611294	0.01163288378318471	0.01056425469810296	0.01190691842286983	0.05504304482167595	0.08671551696354809	0.01961751784342292	0.01545427053610995	0.01372186941462578	0.30917491832075	0.1764982090137204	0.2646785052851356	0.09949968419094238	0.01015933680149206	0.01035993967403558	0.01024249593962103	0.01753883204120007	0.1050249129051511	0.01247361001485618	0.01296277168653587	0.01319698511128248	0.01231432782671687	0.01035096424099252	0.01019349024739902	0.01343916173281243	0.08052977419706547	0.01081479624993415	0.0104878150335017	0.06228048811025215	0.01352858594730971	0.02183814241227669	0.01911350447964271	0.01675484981926222	0.01478783147617742	0.01081508470869707	0.01042255778916933	0.1788629955377073	0.1947247305649541	0.02027098853663354	0.7062227692919394	0.3447234633863656	0.2283450178720295	0.2480072473205245	0.1941101754774444	0.1434147404407024	0.01105837400261056	0.01064551977098791	0.01665034115907641	0.01525505942681519	0.06072465272564371	0.01035604207029258	0.01025460549476875	0.01127159952445649	0.2160661239025863	0.07156326052758315	0.010355206325771	0.1662358211262024	0.03161515700142358	0.01414180778677995	0.08685149616595182	0.2598403330115336	0.1219171212302485	0.07489350489814543	0.04723314264799798	-0.05374491311634366	0.002359401947874114	-0.02911969205056148	-0.01781915887222014	0.05132765526206493	0.00971674307937318	-0.02927214885760241	-0.02692661509151968
1.025175438596491	0.09705218236494272	0.1776671801314242	0.01221897363138071	0.01052228291687053	0.05990707387317906	0.1445121023013799	0.03838812603614074	0.0325375906469948	0.04373971056821322	0.02603804450231728	0.01397125311255707	0.01241818977474272	0.0202647644222362	0.02565706387372035	0.01089635349104484	0.01045742875538493	0.01123146984087877	0.01026969660558192	0.01096794087227575	0.04564527696331919	0.01087379437572216	0.01423210586566646	0.04491934400331443	0.09072697808318994	0.0434516142191548	0.01398694561083545	0.01276014753117886	0.2551147102407308	0.1720195798464194	0.206345793603527	0.07054849301319582	0.01387577535112187	0.01951535693669309	0.01178178009795704	0.01582476777315487	0.1018071176692663	0.01193464423995413	0.01082210577652597	0.01020418200648195	0.01059291639010547	0.01033030605247755	0.01020410218331107	0.01177499680658066	0.05044860270924863	0.01057505406988939	0.01041612508895133	0.03036621532810612	0.01376785121360853	0.02841724746650194	0.02075300984332735	0.01511263488538185	0.01403899438157784	0.01102934516305917	0.01063757124761662	0.1320120130906356	0.1215222547221583	0.01466649205014759	0.6428871791810767	0.3115452434633745	0.1996877590616145	0.2358348314482446	0.1831096980267881	0.1311966718634246	0.01090069937965627	0.02344788699905273	0.01499804078691369	0.01420862433781085	0.04357226031737536	0.01048849902316	0.01071917203634312	0.0116173648163089	0.1231939040288658	0.03554702656190328	0.01111669823347146	0.1753919486825563	0.05415934278464452	0.01380003974611854	0.07798048988190129	0.2316431289335778	0.1075199716152102	0.3017204559472959	0.2572620461857207	-0.03474760781495469	0.009712805196681017	-0.04378274546401199	-0.006537797321129558	0.03790653240928313	-0.0001369881028946493	0.01371489837640524	-0.03007875612510727	-0.004537553189202931	0.04031403983700221	-3.323217935585654e-05	-0.09722710645016461	0.1584222377623059	0.01035911383733855	-0.1416134084031847	0.1206499082376415	-0.07921718132262509	0.8754124242431953	-0.3664961588591515	0.07271064966438197	0.1314992040254044	0.01391055064502248	0.01080422450821377	0.05648336973131918	0.1047994488159424	0.05946979578445123	0.0212460772511362	0.05602864094778777	0.03002708103628182	0.01254560840472784	0.01115087796542263	0.01030272693638916	0.0101567114831975	0.01122289180880596	0.01057456468872759	0.01125590083066548	0.01032071799301974	0.01114995518724347	0.04609842822829237	0.01099669664648594	0.01251732600402752	0.02642402325881271	0.06950468218157436	0.02741811820305092	0.01259202267128108	0.01145378243342004	0.1741682514205249	0.1129470366502424	0.1892946525990189	0.03177752547904611	0.0176768751709733	0.02335653609253148	0.01005820068342035	0.01156362949632961	0.1372906583633962	0.01082390282364721	0.01022785313085969	0.01008356392270551	0.01016966688593238	0.01028968884999116	0.01019175446067496	0.01065700956838892	0.0253684405489067	0.01039471914173038	0.01034524482867103	0.01043775884530599	0.01388071818011006	0.01458827045739535	0.01481328660933547	0.01533269166190653	0.01542145820502826	0.01172174025393241	0.01115229129744944	0.09847076605310613	0.06353480676740086	0.01034233148989271	0.6895176203351547	0.31669783421063	0.1911591104301572	0.256255451612228	0.1945317784229137	0.131915167957174	0.01073732226812526	0.03669029937319614	0.01530137959377594	0.01533338450998171	0.03368437208473322	0.01055519612286501	0.01112206077540229	0.01184012155533937	0.0464028618166314	0.01214370334932904	0.01330087178683644	0.210811480369879	0.0146567049352264	0.01551649660076224	0.07767507904584912	0.2351572213703841	0.106660070758134	-0.03384536390757142	-0.05564922154031995	0.03011097388465439	0.0011669223602771	0.004830002483621978	0.02683549879568907	-0.02795747282202922	-0.002622747370785315	-0.02472489111084717	-0.02589614549969618
1.035087719298246	0.07700653198297058	0.1399907401764164	0.01258958643368718	0.01058943030678703	0.04933221146700251	0.1216117541516702	0.04126642712854024	0.02693008846704951	0.0541435923056524	0.02990931365323791	0.01328919385732512	0.01167524727658835	0.01342340289809704	0.01433280271899823	0.0109551389234317	0.01051430489035867	0.01140317975359251	0.01026461450913443	0.01090687237282213	0.03865789324838466	0.01084422425220671	0.01296063708159325	0.03567162204376558	0.07341445225089845	0.03151084885301659	0.01334180321512423	0.01204385341434411	0.2241937348981921	0.1440536195244996	0.1818192010704368	0.06182073251130426	0.01465067092634775	0.01920022003391677	0.01072645729000275	0.01675709272152509	0.1286566105895959	0.01126846273619205	0.01314856939539463	0.018102787289111	0.01281590849747868	0.01029851004823335	0.01018768617608168	0.01113464582754436	0.03821680644407761	0.01048764491496094	0.010377889794376	0.01766660734143716	0.01358245642459173	0.01971106765723667	0.01729583274100452	0.0158205313383659	0.01570792609207366	0.01153193257447413	0.01101327525969029	0.1223061449722083	0.1032067535467653	0.01155083559764634	0.6719024507987247	0.3211955875757669	0.2022890235733028	0.250718727773597	0.1938151649487465	0.1358291617100446	0.01079168788568239	0.0263114434296845	0.01580591042593061	0.01572862964181559	0.0441458033977697	0.01049654686661484	0.01093033975306416	0.01171567077700193	0.1020985055455201	0.02553577439561027	0.01563375696357399	0.2002103648600143	0.02879359239245274	0.01569094333387611	0.0805869112895487	0.2393029226482692	0.1116353600365712	0.2839027422679705	0.2455916563736481	-0.03050666485060657	0.01438530333377778	-0.04322855069694573	-0.006187085728688046	0.03947049984011895	-0.0001123110502753345	0.01165772288730032	-0.03014366844121294	-0.005026946917135853	0.03917558504795905	-0.000100477740101102	-0.07751887465860892	0.1616213517408551	0.00417620610865822	-0.2220705413790827	0.114046909839234	-0.1050172408578677	0.9957327428295597	-0.4740898298261736	0.06047051899947939	0.08876650501308238	0.01074824028592189	0.01028756465265125	0.03044444520839024	0.1181626634044837	0.01025057521480754	0.0270686169049341	0.06355426559673695	0.03412692754229585	0.01411607977692808	0.01194017855212648	0.01282973117464783	0.011502672234216	0.01058346769120394	0.01049130142018619	0.01199535970908118	0.01015049110731838	0.01033288880708463	0.01079774738632325	0.01050955014044299	0.01155400075946232	0.04098151318031525	0.05514249863046026	0.01748741447584315	0.01420333958248514	0.0124595707635796	0.245979153034327	0.1418795299969615	0.1432782757716835	0.1002595144599873	0.01012087753659936	0.01030066483977633	0.01009315220350731	0.0251677596248806	0.1568895172056435	0.01140040699204425	0.01999040715470829	0.03757312405786028	0.01904663658096688	0.01028693669859417	0.0101631092619219	0.01171491515013398	0.05071741757457084	0.0106084888598838	0.01040896556866581	0.02427429342986393	0.01292719113795942	0.01578915171441165	0.01665801763503304	0.01771617982551655	0.01797058066521775	0.01168837584138488	0.01111461930592593	0.1539471768284804	0.1508760529395219	0.01200217453013199	0.7514236267055141	0.3590889165296362	0.2312473876651912	0.2762593301828909	0.2152653503025335	0.1522270713633989	0.01081300940619842	0.01092195957552137	0.01782512018622771	0.0180923840383151	0.06446057020776977	0.01038176694322747	0.01072046279999401	0.01152804097838065	0.1719317298770313	0.04397054454586701	0.02285211079994381	0.2263838287149822	0.01415114933782386	0.01788132722190341	0.09077444913203465	0.2686349628733081	0.1289572717571743	0.06882286037863979	0.08248858423841877	-0.05203636357038495	0.004026698938311393	-0.02770772361926193	-0.02241293788267164	0.05395354789041106	0.006384658065129762	-0.02017003656259685	-0.02544689997505659
1.045	0.05910068206141949	0.1074127038340126	0.01202964796706493	0.01055086712233985	0.03499379770936951	0.09424872462815596	0.02504918139156802	0.02027121329056644	0.07132697441679564	0.03789800722701436	0.01270656226003274	0.01126647420808012	0.01194217800516226	0.01191157977690337	0.01154782887922659	0.0107189490319484	0.01129370194306113	0.01061088721536139	0.0128628554859947	0.03062188658227934	0.01154832770816076	0.01427527121021755	0.03073343761210814	0.05012749466299142	0.02635278288201013	0.01276586666346632	0.01159193650664288	0.1703015466683722	0.113094753212166	0.1794399677052085	0.05096954590446166	0.02139652245140085	0.01576341711906873	0.01028502641828747	0.017105086654413	0.1669278211260292	0.01093102531780712	0.01637186570192727	0.02040802575395801	0.0168569316579098	0.01027194623306498	0.01017078802070993	0.01102051222612411	0.03119549085962215	0.0104475668179516	0.01034987227137582	0.01631771104809237	0.01358069390126843	0.01693276372315602	0.01628134880151159	0.01598761004559651	0.01606753904782303	0.01161283457218981	0.01102947200054745	0.1152648435247999	0.0876679988423751	0.01113273383549436	0.6967103031422038	0.3296050805441473	0.2050869719547852	0.2636498500001134	0.2025194683602135	0.1387817736477366	0.01072609560471321	0.03650934038846414	0.01599698515335615	0.01605514406958521	0.04466268797030012	0.01049319036162319	0.01076807583405382	0.01177236294019198	0.08110724684499937	0.02406650125810427	0.02314347769091394	0.2177774672791256	0.01985197507423669	0.01609394952213324	0.08279817209750245	0.2451790584394441	0.1146176343119421	0.2827351794996198	0.224557981891138	-0.03363065238767557	0.01564497872076757	-0.04488964433581663	-0.006717447743694369	0.03998799956002157	-0.0001439680610684853	0.0124200617112116	-0.02754737810382196	-0.004552498928271293	0.03876849563082486	-8.970954998298308e-05	-0.06177355734799994	0.1422344182386603	0.02123103446734285	-0.2438057526788252	0.06275572286925846	-0.1118479109808918	0.9021973919455072	-0.403911159232847	0.03851451826622959	0.07323003192361674	0.01315852019866818	0.01159969156790822	0.0242716955538061	0.04285525728742727	0.01792952314713094	0.01179590055221227	0.09701526895772077	0.04902207914502158	0.01136821399739031	0.01050701396586314	0.01009596350141156	0.01004618503322118	0.01250451470664216	0.01100270413260142	0.01083456160009912	0.01132890699507634	0.01572384927379123	0.03315315050286517	0.01343185045106247	0.01673147869736864	0.0187927501732786	0.02178568842358287	0.02976097331330974	0.01141781608427685	0.01067996688298914	0.03851716369053712	0.05301732557357825	0.1814364603571607	0.01195148541313772	0.03272902321847427	0.01567462153609446	0.01002387024235606	0.01370184447932921	0.2310385368062358	0.0103565918676735	0.0176142107862914	0.01580581600323828	0.01973901988019255	0.01024046404591261	0.01015988317119484	0.01053403131310461	0.01341723917740208	0.01032472160370787	0.01029388618250622	0.01029831164560312	0.01388814653711816	0.01518353511843255	0.01524268978944675	0.01526872898915026	0.01544911822447564	0.01166295943781724	0.01104886926819297	0.08560333622974574	0.03641728848143563	0.01029342088139935	0.7272913829848158	0.3297641421885371	0.1956083382705724	0.2795734433336052	0.2095899044421381	0.1356858307144907	0.01061895802943102	0.05867179009506956	0.01524979279837027	0.01533677454657568	0.03462984715876208	0.01055021455270612	0.01250639389752565	0.01197289043168703	0.01154235720831151	0.01103006194023161	0.03104859022291389	0.242798114902658	0.01501873025562774	0.0155837680557479	0.08067703929667948	0.2406184087074645	0.1103449760882133	-0.03170117949614665	-0.06842117280499134	0.02812219191735291	0.001811747576253978	0.001729276169455257	0.02971544554380618	-0.02976220509055645	-0.003276639769797944	-0.01633269074478265	-0.02533008146892683
1.054912280701755	0.04431289830152386	0.07670619742782446	0.01568591412015933	0.01442457434405157	0.0300677571043592	0.05101342294073716	0.01912368933689966	0.01995750368263143	0.09465068624655018	0.04891364962091739	0.01184732030742484	0.01074456697008289	0.01060083973448403	0.01065554865587594	0.01173527947259382	0.01081120705327128	0.0111738035995299	0.0115883719085228	0.01356933582282511	0.02746415196045556	0.01504498397688914	0.014812898529757	0.01913483904800049	0.02865485483397013	0.0383121962652832	0.01190473308630979	0.01097227218256764	0.07888226514253439	0.06764773850966935	0.1405873196733133	0.0305257312541393	0.02373841732996522	0.01475395342151655	0.01012374294831638	0.01863108045783284	0.2150546284563526	0.01053591341216218	0.01921252039570273	0.02970490170958328	0.02098564869300779	0.01025189528719161	0.01016012102450665	0.01078711132366454	0.02111857540833583	0.01039200121464023	0.01032407590747707	0.01206753774272532	0.01350753001815745	0.01591612677523765	0.01587235552264957	0.01608039646395221	0.0163482460136468	0.01173313648962806	0.01123539485524086	0.104798431897943	0.06937608732582717	0.01071097351901984	0.7175437201518235	0.3355398880399512	0.2056342166683621	0.2758608679822248	0.2104046661568787	0.1402570871988632	0.01065876946406775	0.04067962257036831	0.01610555484188443	0.01630160576548625	0.04269213982485795	0.01050847889367197	0.01827222536323	0.0119249419827049	0.06212837539775269	0.01626227555440255	0.03163406586204186	0.2379995704099481	0.01655694264492958	0.01644929025504631	0.08219688759638435	0.243595220462213	0.1143113288667991	0.2649004955822128	0.1934956792673386	-0.03917750448623666	0.01347288757084524	-0.04502860486178618	-0.007235058231518865	0.03907140690361186	-0.0001895535989272264	0.01402101947576566	-0.02628967767154613	-0.003999394672325711	0.03871455479069501	-4.842697136132613e-05	-0.05273568397643504	0.1491053782711192	0.004122094687484605	-0.2998189849886508	0.08597320663893664	-0.09757699682883185	0.9994855393425472	-0.5312220660881782	0.03550312167764232	0.03533994312581751	0.02216290249841935	0.02182582218391053	0.03129757348126445	0.01379971577383052	0.01028826299474589	0.03275862361654769	0.1192511594962834	0.05978297640007607	0.0121296089807935	0.01078796353760008	0.01028448681239865	0.01012702183433137	0.01056947185120941	0.01056868719461422	0.01174527453438867	0.01270895049487435	0.01053337388188493	0.01029250958878706	0.02021695105986999	0.01186619812706857	0.0109537099948912	0.01581388007286366	0.05977435011842779	0.01220466754471709	0.01105913243642216	0.01032564021559303	0.03341211030957267	0.01030107143794444	0.04678966315790497	0.01021037960854844	0.01074577497586214	0.0100376227401904	0.02942331669617674	0.2749583946347525	0.01055505180018577	0.02539597846612063	0.06396713254103176	0.02751954130899785	0.01025302490834403	0.01014769525965916	0.01113397965504696	0.02700840888281377	0.01048260173875535	0.01035948000914864	0.01290252058666748	0.01271197632765599	0.01551725653908985	0.01643445500484144	0.01783031254629829	0.01845835605076092	0.01196679197884892	0.01170771047298873	0.1273030089580971	0.1078925166537618	0.01115423359305433	0.7824517042747805	0.3659620549127613	0.2284347616254257	0.2999397486735003	0.2300356023459924	0.1530232078281092	0.01067669890536227	0.01206383648645952	0.01796306010265748	0.01851032872064171	0.05771154458557086	0.01043008181077049	0.03329431386486833	0.01192500576665891	0.1310336107384257	0.02176546028689793	0.04115105866604304	0.273194845724819	0.01354987733834286	0.01854948153221621	0.08597647225277291	0.2511902471931635	0.1237252219231662	0.06214611808337687	0.1166056354417107	-0.059322518423376	0.01018447080101741	-0.0252346068431677	-0.02554546020995589	0.05754236476082552	0.006798955126774778	-0.01346915504123516	-0.0257750354820415
1.064824561403509	0.03412845598927356	0.05952887468944883	0.01495494415418256	0.0139708394993091	0.02271380354813969	0.0296961867249148	0.01345560473482544	0.01894956472301944	0.1125803575378636	0.05785332313170743	0.01152455337951842	0.01057785184014122	0.01030301413178526	0.0102702439345054	0.01107478700578368	0.01047156074822043	0.0107805110759392	0.02377548521354332	0.01831088445791175	0.02097531162688596	0.02197380248787247	0.02079786346442385	0.02126959886571828	0.01919744181856834	0.05373083102993369	0.01157252822357235	0.01076662772500129	0.04351266134646235	0.05824009589209724	0.1450734897752574	0.02663481282976098	0.01544108933447971	0.01221458520702564	0.01005848241505053	0.02977956253575183	0.2508102089304018	0.01041162416579157	0.02033229137275025	0.03580352293742848	0.02285969852015049	0.01022679837707961	0.01014392528682249	0.01070620105041016	0.01839414412952691	0.01035598268929475	0.0102979242784382	0.01149365797976236	0.01346320341264954	0.01553263374384231	0.01571581932619814	0.01611906080660452	0.01649097194292342	0.01180665616873762	0.01116722495480666	0.09853070013090025	0.05623310349261008	0.01061154635684858	0.7365343407738475	0.3425506240857482	0.2089875809029363	0.2871087917461588	0.2180808980910573	0.1426143716853514	0.01059640161014278	0.05166917680706469	0.01616047065251144	0.01643434514427716	0.0455596085287164	0.0105050310196341	0.02814950139615412	0.01208429243235013	0.05575907968279744	0.0152258973605389	0.04072870068773268	0.2545396445708625	0.01535116390783474	0.01661233170697892	0.08102809310072123	0.2393166470171315	0.1127296172589704	0.2345601262898394	0.1825386524967739	-0.03247855337114031	0.01026131078035372	-0.04380305037098995	-0.007447525826823883	0.03716370559240798	-0.0002285205700028137	0.01152128953678957	-0.0250434399292737	-0.003474813342957053	0.03760296566410753	1.2311906529235e-05	-0.04134571383478061	0.144894935780017	0.01539552738665338	-0.2845865604417261	0.0697100347809939	-0.07348291891864332	0.8786778358119314	-0.4351508058642778	0.0229653062731565	0.05233147315831018	0.01053393993639113	0.01035199236409009	0.01118785322692621	0.01794992226660853	0.01038569510203254	0.01146035571127176	0.1307297888884414	0.06619725467567626	0.01093594276115079	0.01032730937973303	0.0100670582211268	0.01003103305811442	0.01088056768613258	0.01030128450686772	0.01018663517136563	0.04387296696716911	0.02619268075309102	0.02073709653556882	0.02972594276491065	0.03039623301397772	0.02825599011506636	0.01279300308175022	0.06404242622153469	0.01095892658329849	0.01043861480521226	0.0245603800296986	0.06025710314355279	0.2176022340067681	0.01322835058133272	0.01111558119342538	0.01093977958247002	0.01001658413311931	0.03981944826684112	0.2942666997613968	0.01023265589320585	0.01923508888970165	0.02746725199242777	0.02280103540906764	0.0101924212263654	0.01012850110164801	0.01040845884365046	0.011157647870435	0.01025809737316425	0.01024381280148069	0.01023305719022387	0.01382528648958018	0.01519716973451386	0.01520790844794973	0.01530439142140713	0.01565985263160908	0.01184346650386844	0.01101963219273426	0.0751687882638525	0.01539245492793199	0.01023748155339791	0.7578716218150069	0.3430263469698373	0.2031894282701492	0.3005160129455705	0.2238043817663521	0.1397474372198729	0.0105012388057805	0.08323947825747631	0.01531473029478317	0.01553455005106719	0.04075263559505869	0.01054315001466018	0.03881691555263696	0.01232769004128188	0.01044680705114594	0.01066529460406324	0.05008281727558452	0.2727062304383778	0.01522801018600563	0.01582680167385095	0.07606104972259381	0.222579189639961	0.1036082229368559	-0.02771062688060704	-0.04847272861175233	0.03096584212593977	0.005025586943619222	-0.001572348586005318	0.03188531237705058	-0.03184011018699407	-0.003529265591001342	-0.01139492495936049	-0.02655702866238126
1.074736842105263	0.025251950965289	0.04639494529897841	0.01380655526895166	0.01656901491776751	0.01609727745856283	0.02131467355270432	0.01159886618723888	0.01960412652705822	0.1248087295777236	0.06414632681468159	0.0113083739782219	0.01047344487599759	0.01017613242974156	0.01013272602514812	0.01120033460018218	0.01097501182871412	0.01148367800005818	0.04498452213331555	0.02013532843412433	0.01876418589020055	0.02871845899330846	0.02328012660967024	0.02209470850588293	0.01566914184254334	0.05604854892462035	0.01133762472819349	0.01062892535517328	0.0289739667553365	0.05132650750499674	0.1475204743551219	0.02512263979921927	0.01262173280128192	0.01158356993566401	0.01003614215174072	0.03501869445214736	0.2743255600630697	0.01033846063413954	0.02275264442703141	0.04038607150933742	0.02631021431027016	0.01021357370686196	0.01013612418524748	0.01060132132808682	0.0147130440917612	0.0103204118925516	0.01027934196137466	0.01091365940144972	0.01353994213346048	0.01528571328510215	0.01558029742899582	0.01617054888426071	0.01668421379746099	0.01206694526078903	0.011870425539438	0.08869972225020577	0.04127190195870153	0.01048380899277629	0.7512013408220325	0.346354276079255	0.2083363851588482	0.2972643627508038	0.2236353085324097	0.1419347240076467	0.01055495298464829	0.0600413974228611	0.01622277475342394	0.01659949163316776	0.04163885401822669	0.01051784769327575	0.05090574002592275	0.01228152569816565	0.04721699944323951	0.01306353876309005	0.04947323537247781	0.2689792264836253	0.014812239748672	0.01686792568357961	0.07610288844280566	0.2253413784644245	0.1060845240358172	0.2069393170846152	0.1547038123538738	-0.0255961681800294	0.005416996973106237	-0.04261966887994165	-0.007902315564889293	0.03452765226545452	-0.0002869135264374043	0.009316253519990792	-0.02270779296656161	-0.002392552197976599	0.03650007146125332	0.0001264466179425727	-0.03631488696163956	0.1374508372904804	0.0184613876928039	-0.2373310742465866	0.05240720399175703	-0.04641970690664333	0.9842430890962908	-0.5639613698217801	0.01947585617732238	0.01626118161783223	0.01943253335527636	0.03004636923821285	0.0187450592497141	0.0126180781155561	0.01039324514405756	0.03570494656906342	0.136688244934387	0.06953915517483074	0.01179868810802979	0.01063839247316086	0.01019344926364013	0.01008802613465486	0.01157284630796001	0.01237945695254508	0.01420001582650553	0.0652839995054954	0.01121161416424744	0.0104934719228552	0.03369018212366334	0.01320676243015916	0.01121878014142792	0.01496499567139116	0.04996340589630421	0.01182739625933751	0.01084833521705371	0.01035835083868293	0.02365629431936461	0.01039556864024574	0.04597607565617416	0.01022355228291341	0.01134301779774638	0.01003370109944636	0.03401227131552745	0.3015310525127148	0.01045731693113041	0.03160309302378938	0.07234821678955804	0.0361235992094798	0.01023785456099734	0.01014006591106525	0.0109012436989898	0.01862484660989088	0.01041186943767934	0.01032950489305555	0.01173431577637648	0.01298241945321608	0.0151572354019627	0.01618351714416226	0.01794623819648302	0.01889617860345822	0.01266668805978506	0.01385370040633827	0.1022815592187485	0.07371353273047318	0.01087157800790716	0.7995280083954528	0.3666256482653208	0.2199767034702833	0.3184880236046999	0.2375274438485935	0.1469947372363244	0.01061370587899199	0.02440840621442628	0.01809544750897744	0.01887404861518684	0.04236320513762031	0.01047118983719838	0.09463418473139686	0.01235583942678645	0.1093525145138225	0.01631283898810387	0.05863772672016389	0.2991209498536398	0.013134355826485	0.01915376488373984	0.07132840879605123	0.2048492982846171	0.1032175813872587	0.05014285558788956	0.09144947182378348	-0.0660559781030301	0.01574956664035876	-0.02405481009101107	-0.02914273548699533	0.06146878278476461	0.007392234325996523	-0.009986037642073986	-0.02744391714211514
1.084649122807018	0.02264211396542997	0.04301642858370573	0.01361689767911321	0.01688389007379996	0.0144935936260334	0.01661846386817463	0.01069306090470009	0.01955378329973674	0.1300669396789182	0.06691902091697607	0.0112475982060253	0.0104407218171271	0.01013220155884769	0.0100788676092105	0.01073839212979934	0.01046414808845541	0.01107525259424804	0.05986281649974218	0.01848510633727823	0.01392652949890357	0.0375859059923413	0.02997543936329568	0.02554840372061532	0.01380308190184982	0.07281054766363843	0.01126383567969303	0.01058374191885713	0.02048142816362251	0.06059018340134696	0.1565602685950914	0.02965956019479446	0.01105967957018611	0.01093895168183932	0.01002716685044039	0.05172627072671121	0.2842461802079854	0.01031634864972204	0.0225765057767704	0.04320151333185049	0.02643877980875278	0.01019810304064447	0.0101258025560411	0.01055936764323383	0.01405304984474113	0.01029797454859932	0.01026127445494458	0.01080775805342121	0.01350214829389489	0.01498908929176231	0.01541795602587193	0.0162074321347567	0.01684852960624476	0.01238070503414074	0.01178298116101635	0.07827544800054874	0.03634572810418271	0.01045034956063277	0.7628132942600271	0.3497638147609113	0.2078066102658705	0.3060739698514136	0.2287602222907223	0.1421319891350698	0.01051261532233611	0.07246516401530829	0.01627933495416616	0.01675676760085511	0.03940336312984052	0.01052206002701012	0.07275991797188965	0.01243521021072484	0.04660151917207893	0.01278644688777793	0.05837140733252486	0.2814279670371485	0.01416969585389658	0.01706504610261372	0.07038287322091648	0.2086276239121284	0.09842191942739144	0.1794928443003907	0.1202670516130473	-0.01463337129509042	0.001399752709179801	-0.04171110653499211	-0.008422346749863698	0.03210282320695472	-0.0003503479056727189	0.00658931857952151	-0.0199611661597669	-0.001045963611784984	0.03545516110823437	0.0002727425207322951	-0.03392375479529142	0.1491938384188481	0.01834347091181263	-0.1767393984640934	0.04849074485948563	-0.01566861217618204	0.8392736566214518	-0.4655553318985458	0.02152536918009463	0.05281219879853644	0.01030018612941272	0.01020054072148718	0.01070539377387688	0.01469993549183144	0.01016134700179562	0.01135462648688232	0.1316163788665587	0.06780300402925976	0.01095042678418003	0.01032569349610259	0.01006832381170691	0.01003298673693669	0.01032275931477566	0.01012993442586607	0.01009809506891291	0.07225175037566184	0.02131760573779505	0.01179980666947298	0.04704540677449522	0.04444886665392081	0.03577798632439991	0.01167853797632824	0.1000850243597547	0.0109452922673025	0.01042623773449928	0.01824296023697716	0.08803322407569043	0.2412506096690915	0.02510696199726399	0.01023223526038811	0.01032083245017057	0.01001734444840598	0.0761695879999998	0.2878888649936379	0.01023638209101044	0.01808791382769137	0.0303162665294184	0.02178036201587852	0.01016549092252923	0.01011028281020865	0.0103402556122273	0.01082512101590604	0.01021917744639935	0.01021165350249948	0.01020348752030158	0.01379700625344506	0.0146718329566396	0.01490757786100891	0.01537174630409508	0.01597371995886043	0.01258038117293754	0.01127359291912529	0.05376406160285411	0.01092604213374259	0.01019593678969996	0.7695130506520101	0.3466988599322183	0.2003235801909248	0.3148614479130392	0.2318595974610689	0.1393890606977152	0.01042602579202005	0.1130288065009411	0.01542079835104989	0.01583650024958456	0.03527061470929491	0.01055695405249648	0.08502911465717065	0.01269536580901369	0.01031543766370007	0.01056202250156413	0.06779570372087868	0.2933673834353406	0.01418006388262042	0.01620372797065503	0.06283158428535644	0.1818388011756481	0.08555048609336614	-0.02293733739439831	-0.03697252713817573	0.03411625955295291	0.005840673343189988	-0.003889938797855251	0.03502237402570366	-0.0335914810320125	-0.003877509445623043	-0.009142727213020247	-0.02849652949302042
1.094561403508772	0.01984146717855877	0.04053255098746943	0.0125204655230903	0.01560161471934157	0.01249588384656759	0.01501875052529507	0.01057948447206421	0.01927388930361625	0.1279043466606365	0.06600464840752911	0.01133856334692728	0.0104708409849236	0.01012527223836146	0.01006816453330511	0.01210752595898117	0.01452386584228618	0.01467292399503877	0.06916078638046468	0.02027865957861888	0.0128803848866876	0.03934025388088389	0.03314572055140046	0.02707989826243467	0.01307312890231098	0.0750074971174077	0.01133129079907447	0.0106137124792663	0.01759352799514161	0.06324054409981324	0.161649511528378	0.03047400457460923	0.01059465140399673	0.01113929474808765	0.01002671904924103	0.05732701261341309	0.2799071518629874	0.01034266332091721	0.02321798519323852	0.04146641607029562	0.02680419648774228	0.01019146713945744	0.01012181443885971	0.01048566099994571	0.01217816450757135	0.01027452126470975	0.01025094817389199	0.01054261537397323	0.01375680757947594	0.0149261224522472	0.01538402707099207	0.01623492142149518	0.01696258203994072	0.0128511893019851	0.01419067270026083	0.06779017703711265	0.02524270106893538	0.01036946190921832	0.767269066135292	0.3500906932828681	0.2057389408150657	0.3116310894736286	0.2310975512720602	0.1404860273564135	0.01048975517021026	0.09030619828357885	0.01631227656466197	0.01684913261578004	0.03616512242839216	0.01054840684910006	0.0889195483575372	0.01287979030949685	0.03092862849768394	0.01172631505061471	0.06558805245959418	0.2902300560742117	0.01402302243427494	0.01721840589286307	0.0635839697511474	0.1877680948322349	0.08846984728109851	0.1513677991785388	0.08343133270514644	-0.001259532663913592	-0.001068925447423888	-0.04146974048732641	-0.009049799392065187	0.03002559296987754	-0.0004216490789125876	0.004167064996336618	-0.01658546739341268	0.0005884433606720996	0.03458880342370271	0.0004492189896540388	-0.03059593861283384	0.1530402012998643	0.01827091392296444	-0.1047325520868726	0.05917963858204019	0.0146795891518609	0.9394052667746607	-0.5760437099436359	0.01375956991348476	0.01268263031074875	0.01635101960913326	0.02589591837308644	0.0143472268272312	0.01257477148594098	0.01092342719816652	0.03490495849243985	0.1213503750152076	0.0632415421498834	0.01212562006443497	0.0107584069053649	0.01021472509907601	0.01010759637518755	0.01606742112325506	0.02494226695192672	0.02530263734223042	0.07811749600756963	0.01824505273715434	0.01217993144536411	0.02954788425458407	0.01554420467348648	0.01215523463577261	0.01460486567609799	0.03563608638515463	0.01209723080438029	0.01097980731159348	0.01064454106937595	0.02017610860518762	0.01081040097910092	0.04398865198675199	0.01035056615263778	0.01255042088565507	0.01004089925661577	0.03202737048992287	0.2636171556725201	0.01055598284039865	0.03372256288978458	0.0639839034485853	0.03710950364817641	0.01023297376123381	0.01013810378129519	0.01072353711863902	0.01368529731171816	0.01036398684721596	0.01031620451682701	0.01105176074578438	0.01377441292907167	0.01525885674819944	0.0162406244031059	0.01799230048414538	0.01907640529183265	0.01375974014510544	0.0210966155754047	0.08067851218422319	0.04404098812690089	0.01066460185165653	0.7874208911562263	0.3603461871441865	0.2130318258586074	0.3228880043156238	0.2370542458523668	0.1408422851133318	0.01058650625104403	0.0650959858490656	0.01813860772379105	0.0189964260080032	0.03479739357473745	0.01054494499978043	0.1230725243135328	0.01352525517400241	0.06013027132300253	0.01343253820967603	0.07135400754131428	0.3098028634981329	0.01332498677909049	0.01941939715269347	0.05654789360636411	0.1568895689278009	0.08037802942083988	0.03867192952946014	0.0769021028010109	-0.07223040878799593	0.017478263268396	-0.02396622532108059	-0.03246720297310429	0.06487617380332898	0.007934046463862924	-0.008533570993040925	-0.02939084779577218
1.104473684210526	0.0188099891432883	0.0401589233646629	0.0123500250187247	0.01552092359100987	0.01205913304550953	0.01426300012848007	0.01040457021977793	0.01946726565618456	0.1201125640509645	0.06210937620059992	0.01147069777330606	0.01051561134472344	0.01012780984753611	0.01006568925766679	0.01181771023182599	0.01382440726814333	0.01429009273770704	0.06535147602128426	0.0162302950430694	0.01150491952840336	0.04080816679663357	0.03608429901063039	0.02930465045383239	0.01262418614142835	0.0854619462977541	0.01144244365259949	0.01066400460596995	0.01886257301453695	0.07533529968388794	0.1668647885633141	0.04157049871801152	0.01031921356576974	0.01097475613409693	0.01002798379543813	0.06919155563312594	0.2648834656285128	0.01037880130371576	0.02203670270831521	0.03834727131176782	0.02497914512967317	0.0101822558921296	0.01011534519825352	0.01046288056766477	0.01195069678314001	0.01026104455653767	0.0102391983797595	0.01051485421213511	0.01370212042982986	0.01457857378322978	0.01517637154072885	0.01628225374049959	0.01717196550480346	0.01381534174805661	0.01458802275886282	0.05571614529815908	0.02377253875095751	0.01035262467414813	0.7667207983905986	0.3485597498193053	0.2018563709864376	0.3149437582722653	0.2322859650635055	0.1392573140844255	0.01046256437103965	0.1022722774632927	0.01638161170030604	0.01704786143294583	0.03177695773810933	0.0105567541164218	0.1077572593011308	0.01296921295045259	0.02999279372104803	0.01162817361560104	0.07327367835096608	0.2965756195941587	0.01339913667721778	0.0174813591468837	0.0559037812004962	0.1651244653155374	0.07805973061888473	0.1279598464210817	0.04657114331018482	0.0137485573596307	-0.001479216565929676	-0.04131193277479341	-0.009566445470598896	0.02864654441950417	-0.0004851927852282153	0.001738005256696025	-0.01353880177709062	0.002203411667275421	0.03388872591449896	0.0006301880439028703	-0.03136322192513993	0.152646350518572	0.0133729633192367	-0.03415570154383993	0.0838814195411732	0.03890943606394829	0.7707296227544171	-0.4925569010480129	0.02047937516111777	0.05360860601349263	0.01021986586464441	0.01014474629877044	0.01055355541639132	0.01454918871112491	0.01009585093755664	0.01154270472333918	0.10780821417696	0.0565684562183604	0.01131809110093454	0.01046009394883897	0.01009159450566322	0.01004557800372623	0.0101951622743542	0.01008789278595459	0.01007427490379584	0.05227353940822981	0.01263716740172607	0.01072449737784902	0.04686943320644452	0.04896456038129014	0.03991101435439528	0.01128189827049261	0.121570371932953	0.01126632495013399	0.01058098932896954	0.02408559471154158	0.1164563309963035	0.251260529217782	0.0499215584104435	0.01011196210998177	0.01017803196216037	0.01002412971875467	0.09936795211433493	0.2360090560132143	0.01034303008656712	0.01500954007529046	0.02082045595194874	0.01690773325091986	0.01015085703443204	0.01009960628803495	0.01030756500613044	0.01077323149807649	0.01019802170884762	0.01019251417172423	0.01019897800933508	0.01373396090962039	0.01399664008637217	0.01450061385764691	0.01546330049238053	0.01638244662572666	0.01475242100665661	0.01273772323666936	0.02983205532494547	0.0105012443642558	0.01017434002054791	0.7490770445233897	0.3374571929961848	0.1891971766804999	0.3146676048067749	0.2301368035538435	0.1359353333275746	0.01038064456605158	0.1370354399863519	0.01555557489539705	0.01622535066143876	0.02574169119956807	0.01058094714329638	0.1203046118608383	0.01297893949246195	0.01030541321981176	0.0105550895155707	0.08260181642229988	0.2989185621563748	0.01299402766963303	0.0167176973086369	0.04712387960040092	0.1352492936721883	0.06429043670424214	-0.01873619189319947	-0.03375708961220402	0.03678369172425232	0.003869647300477766	-0.005319514253907957	0.03712377823315657	-0.03472119279083632	-0.004273035607981359	-0.007973719274950181	-0.03008853496528197
1.114385964912281	0.01849919392525603	0.04044403652400786	0.01232630656590764	0.01502199060088814	0.01187219069574336	0.01425216559823288	0.01071815587587479	0.0181428375252266	0.1085915563640167	0.05646639565920606	0.01179593605481307	0.01065367371633642	0.01015004890228904	0.01007644314558416	0.0147248108195477	0.02329533034996308	0.02067225531799853	0.05327754945475631	0.01789123217315076	0.01376423447590574	0.03787348463936198	0.03698015276797683	0.03040729521128154	0.01251598452835938	0.08929028101671842	0.01173321790155088	0.01082257971509648	0.01951089332308894	0.08301034681006265	0.1702720459156205	0.04428518319531564	0.01034622562870099	0.01142356003293132	0.01003494209111839	0.0718800373684052	0.2422710342622434	0.0104888569696143	0.02084914974211308	0.02979863313090008	0.0225117787233802	0.01018463434589624	0.01011652817343989	0.01042762912646269	0.01135574505241226	0.01025339924654058	0.01024028417171672	0.01040236325644929	0.01414084340876588	0.01462973091522887	0.01521149884446832	0.01628813115988008	0.01720617191272706	0.0146558317732244	0.01912769425747659	0.04405671263753827	0.01575319049944327	0.0103108498784699	0.7541986906543638	0.3416140402102453	0.1954109658925731	0.3119266559063895	0.228646371995541	0.135505885942704	0.01046098049074255	0.1162941293059401	0.01638832225362771	0.01707008563390818	0.02761140765930384	0.01060708863518729	0.1142943222786863	0.01387694849889634	0.01494254110851668	0.01121972753531368	0.07842266155025236	0.296172299677158	0.01345195591598344	0.01752732948512766	0.04923173117716365	0.1432265602338552	0.06778268144326326	0.1076573264279804	0.02242920739849737	0.02906822807453506	0.0006579602915466405	-0.04210817579813157	-0.01005626128876256	0.02819940324675458	-0.0005439085923736574	1.033772581742499e-05	-0.01034058451884916	0.003801775823991761	0.03362917461292168	0.0008087832214534308	-0.03123728213511967	0.1532266764820633	0.01795153536310127	0.0223818896945923	0.1185511593538644	0.05929860033501835	0.8556695659010253	-0.5779031063343476	0.0138736757306458	0.01398793701211035	0.01644241539661022	0.02447726725702552	0.01420963747901188	0.01328076765450897	0.01201589988205309	0.03071818613251808	0.09325248677053741	0.04995681852791814	0.01296189527536641	0.01112348404051251	0.01027791916995773	0.01014166416095455	0.02500875542761583	0.05435692353329684	0.04496180435094523	0.04409534556601957	0.02721289081710859	0.02021061067050875	0.01891079829207707	0.01495514950429373	0.01305779093288908	0.01471366914497048	0.03326142568305867	0.01285148429456084	0.01140032859507631	0.0112882757210705	0.02793477572391037	0.01251181530182371	0.04051715905816836	0.0106922796035906	0.01403498990679412	0.01006022025064462	0.0250638709091234	0.2042869438582863	0.01084648985783593	0.03128101009445007	0.04063526493851478	0.03142164304208559	0.01024873882989946	0.01014773576085156	0.01064113944576434	0.01214124134800228	0.01035423251106865	0.01033057006517745	0.01074603636938224	0.01513012974374238	0.01574835112645314	0.01654709802369364	0.01796367714475326	0.01897370370743237	0.01532462805742397	0.03436330087051461	0.05717452764951901	0.0211949094940381	0.01055730747226837	0.7269632217594402	0.334187687548225	0.1955183516569368	0.3031583374819151	0.2206369870746503	0.1294849196506347	0.01060768915525514	0.09488571332792865	0.01809099503252497	0.0188684753847503	0.02672406771114742	0.01068558334218094	0.1202397786828297	0.01613420186155412	0.01524587293292033	0.01231728549004704	0.07857324910407833	0.2948596645755564	0.01408537223389891	0.01929915013580544	0.04456973974186167	0.1162783151728048	0.06031687351959038	0.02876503144404345	0.07051889718233585	-0.07760263300943036	0.01473294685979195	-0.0247141276866277	-0.03310036586572034	0.06710293352080461	0.008165691075618587	-0.00739091668363786	-0.03059595899891473
1.124298245614035	0.01875497476163174	0.04246939638955047	0.01218828819692943	0.01514026694965286	0.01168356427639949	0.0153020411374656	0.01044941207463175	0.02377443685410681	0.09597467730513086	0.05025378490396032	0.01209780244576456	0.01077842531416859	0.01019447378506382	0.01009789854282555	0.01477200920655508	0.02353498215378088	0.01990639486927088	0.0348774239188252	0.01734499551802591	0.01364489757116856	0.02823473354954099	0.03185462073795563	0.02802413211484445	0.01308753309791202	0.0928669821855627	0.01200229715352366	0.01096459802049043	0.02783525894179005	0.09586962412260656	0.1604285600463588	0.06197931999005847	0.01029486044591955	0.01136256570394768	0.01004156842932312	0.07251568318736315	0.2172469119526154	0.01058855575327829	0.01887821091743261	0.02448257832762691	0.01953074293126754	0.01018400869024839	0.0101153232907701	0.01043002589970664	0.01136351796379132	0.0102530453979306	0.01023893436543786	0.0104099002673209	0.0140863068668949	0.01438906539483361	0.01505845528104341	0.01632557741687621	0.0173728077693221	0.01641959969448471	0.02246331952482322	0.03544091569350326	0.01489988591584689	0.01031078406046793	0.7336350377679076	0.3310809624463165	0.1863681544203761	0.3048193585207492	0.2224313594100082	0.1311608866395306	0.01045650266083034	0.1213576414705585	0.01644170827720968	0.01722676091876141	0.02276156312939863	0.0106171241703357	0.1218508929301241	0.01373522753150092	0.01322038141306015	0.01124616127208449	0.08363482150896238	0.2915123532966474	0.01308576325572966	0.01774230723995502	0.04246788113953288	0.1220513386833037	0.05838162871948744	0.09880754579057253	0.002452643983846443	0.04273893183202598	0.004177219529357898	-0.04219075448210442	-0.01019841262746028	0.02845639351455087	-0.0005766604734371615	-0.001921750936990873	-0.008465057469698209	0.005002822778059678	0.03351633994834429	0.0009541319396230252	-0.04277716479106593	0.1561774256887997	0.0134498171994912	0.05806475262453148	0.1567094148796852	0.06819736922364142	0.6836286873937812	-0.5135585017744292	0.02158734781749126	0.0593865402922552	0.01018576249280874	0.01012102992513383	0.01047817271486271	0.01779408119961808	0.01008679142347947	0.02453680035215948	0.08132195729209661	0.04359183395796226	0.01199742980206696	0.01075670976956826	0.01019254055677389	0.01009546877875138	0.01015650488479183	0.01007830739152884	0.01006853952378391	0.0108700956544736	0.01077116091968413	0.01039799022031066	0.02367136474438954	0.03535896837921963	0.03332385024031586	0.01291820082828373	0.1250704226398678	0.01187654199093751	0.01091690564445867	0.0455427333149253	0.1464412611465312	0.2196226625080056	0.09055707948001751	0.01008991827412738	0.01017153630747692	0.01004062489129417	0.09569998053449207	0.1822342787320053	0.01058122840725779	0.01041978183307159	0.01016513357126962	0.01031467481525013	0.01015425361623793	0.0101000607635454	0.01032349051233415	0.01091857011697461	0.01020363048837356	0.01019560972908347	0.01023383477336392	0.0136481450681405	0.01354658348919442	0.01420930357706866	0.01553480992687068	0.01670284117456462	0.01867690160071635	0.02034452470600423	0.0150638894372153	0.01043905246729216	0.01018224854658207	0.6808110192303841	0.3071497163266289	0.1670502094548408	0.2899769224515995	0.211511600487168	0.1253861880904373	0.01038238712277991	0.1420282469637743	0.01565781017507601	0.01652733508588067	0.01635782811069943	0.01061633967102503	0.1321787124263756	0.0128723632304221	0.01046967067391137	0.01067289891189026	0.09225281528926847	0.2792107626631895	0.01234649812155389	0.01713190555414604	0.03439052512939083	0.09629344363906975	0.04679225404497164	-0.01452622023615127	-0.03315797116531461	0.03865734044451365	0.00140235880110255	-0.005128186802688295	0.03674188170654089	-0.03517245899462387	-0.004500257381795355	-0.006652201169787215	-0.03090567405551666
1.13421052631579	0.0195630467040772	0.04632169742775318	0.01310653273818129	0.01339778438032848	0.01247601997642509	0.01817572769739061	0.01296528751004075	0.0239544844478944	0.08390790191401276	0.04450568774909344	0.01256104950665075	0.01102837214902471	0.01022675461750575	0.01011448106982495	0.01669979058828195	0.03083247083821913	0.03301741910892857	0.01732546966969443	0.01237244506574378	0.01415228002495157	0.02221271519293109	0.02886465747283637	0.02694172431287072	0.01402304187309383	0.08937042150951154	0.01242862046096251	0.01124256610843464	0.03940596691157219	0.1086346636448099	0.1568852788370782	0.07057805593860846	0.01042072685787094	0.01213755553037264	0.01005643904857814	0.06891621430848215	0.1926350126369875	0.01079313444611006	0.01565913478481037	0.01564405885985362	0.01526765649459717	0.01019656258101599	0.01012274815432191	0.01041895787690185	0.01111133796364113	0.01025892626246529	0.01025314397143465	0.01035491994903619	0.0145884424694228	0.01444198356338859	0.01508827004353327	0.01632925931441136	0.01740322626810649	0.01807582797959524	0.02795714699812133	0.02487973843538354	0.01210100625445532	0.01028936432966332	0.7017010319462872	0.3152778600119285	0.175227384154366	0.2915334970177503	0.2119654580961675	0.1249379999750281	0.01047577326489915	0.1282371584833133	0.01644830680397714	0.01725071584444219	0.01981855694904756	0.01072458512890394	0.1273482688623547	0.01552403060438479	0.01124968041729984	0.01101429144435444	0.08784728341671537	0.2814181260918581	0.01319478093920471	0.0177790367706094	0.03693262799433678	0.1025682632507441	0.04954687083035757	0.09333655772118891	-0.006117216358502511	0.05333039579035589	0.009409075458425139	-0.04194355341450053	-0.010005570171608	0.02938772972913995	-0.0005826292915716045	-0.00329724347223797	-0.00679410859118784	0.005960260118054645	0.03348376578123059	0.00106434656776359	-0.05264812038559018	0.1549671774563183	0.01163719835645519	0.07172772748661999	0.1931089105276699	0.07090071418027402	0.7321624516510057	-0.5803207948896296	0.01602862941752775	0.0234110295427094	0.01930385628816554	0.01916143303556344	0.01674011298622905	0.02082256729150936	0.01973474109404216	0.02572340862472504	0.07053699147815437	0.03915009235831669	0.01404574778746902	0.01174323413981519	0.01033096758103584	0.01017020841792555	0.03075428453097427	0.07684100998811629	0.08645707593728787	0.01056733867564648	0.01289454605882804	0.02183773405756967	0.01122770205072278	0.01163075727964509	0.01238599471504747	0.01694543065282993	0.01671287271221264	0.01385712387909514	0.01208668415544115	0.03758457892448452	0.05058611107771258	0.01915931001511582	0.046173719964275	0.01111260457314865	0.01639087800793531	0.01009778884884595	0.01285281308392503	0.1581442524319749	0.01135584140545619	0.02349429523078658	0.01915840137894922	0.02149083966076088	0.0102863682368958	0.01017078066442908	0.0106061938476536	0.01138833336548538	0.01037192003185378	0.0103737767826456	0.01057660292722057	0.01667614835867507	0.01613859676718427	0.01678437081129754	0.01793812758258074	0.01890120524767354	0.01853631559713565	0.04790618022636441	0.03349639774464014	0.01368314318182853	0.0104941611516089	0.6302036310325385	0.2912643785308248	0.1696913695669945	0.2637348449075129	0.1920802601912711	0.1143588593067578	0.01066882696641698	0.1109247576507037	0.01805857285364187	0.01878653903703709	0.02275620105328062	0.01099332487731874	0.1283037064889714	0.02160329797109137	0.0110643976225521	0.01160663538618651	0.08568288465603117	0.263427765096996	0.01476129436736091	0.01919777590904837	0.03495650215123163	0.08150468564570987	0.04358142462763206	0.01969407202435806	0.06852852163012639	-0.07383340191890889	0.01110486063290957	-0.02486878651454645	-0.03171127823822616	0.06792769324105201	0.008055947585805781	-0.005786481243094369	-0.0309697481530307
1.144122807017544	0.03127644476811314	0.06407765158299669	0.01307684493786313	0.01343866733426899	0.01227480767399786	0.04299733546396238	0.01161546001386152	0.04403882708010865	0.07432209042107017	0.03999121417587422	0.01288621489277084	0.01119824963913833	0.01053123263813516	0.01026207644822829	0.01729092206790701	0.0319148548192396	0.03330136017821037	0.01275454727140896	0.01160676262463233	0.01440643424765296	0.0147716029945547	0.01745222198005698	0.01724708323579005	0.03609873333148874	0.07732991201273864	0.01272573618593936	0.01142835830129283	0.07424912346066218	0.1324915761590281	0.1458857904269222	0.09516104166642286	0.01043478690830873	0.01229625111618078	0.01006728755214768	0.04435197241630277	0.1726694157313998	0.01093263946967213	0.01512797432323734	0.01414296755208332	0.01452259771752066	0.01020728894153484	0.01012890293287982	0.01044372852862499	0.01118901139836017	0.01027339482762063	0.01026591960532949	0.01038300467002682	0.0146322290962066	0.01433806487554989	0.0150183785823433	0.01635042645498421	0.01750115627997082	0.02024811766868333	0.03393172788431671	0.02175803649234325	0.01178466423527958	0.01030166914743345	0.6635290238670054	0.2963298397870394	0.1619093211997255	0.2748329427506062	0.1991258247059349	0.1176751909423911	0.01049907378353998	0.1271686484277552	0.01647792280007993	0.01734024531078625	0.01766293296704229	0.01077929058967108	0.1285012501104392	0.01555759419930796	0.0110769397509042	0.01108669096823558	0.09170162781404458	0.2672136554739064	0.01305880611026679	0.01790734917526694	0.03191670126165185	0.08548936142209004	0.04221149762296895	0.07720257232470841	-0.005483745714858551	0.05971792010541107	0.01722290954454494	-0.0411279619100631	-0.009402359263235042	0.03103839604838877	-0.0005572376491653471	-0.002964808318472308	-0.004891820228813052	0.006744870228312938	0.03356431740291914	0.00113535832484416	-0.03837348474109882	0.1366581575750031	0.01278393975948646	0.06956215961708892	0.2228007594168438	0.07002430460081888	0.5881133055542632	-0.5242220740924567	0.05017922690416231	0.1050932875838823	0.01018624067754462	0.01010156107974842	0.01076386396764906	0.08064830521675127	0.01012310286676499	0.07130275869014266	0.06518335472954497	0.03581094427935098	0.0126397103740507	0.01111950066888182	0.01087675462675581	0.01042703254611059	0.01012583452316598	0.01007666596485849	0.01008140317668189	0.01008420210183271	0.01018082534193441	0.01020477432378298	0.01030902576678332	0.01060827894600856	0.01143147165028792	0.06675612550315728	0.09349482543291614	0.01246785912244045	0.01130840875606307	0.1361013161633469	0.207276932184477	0.1959353498873685	0.1487544757721736	0.01008751171266211	0.01021172927504133	0.01006509491990278	0.0355193569987611	0.1505079060446819	0.01088259318920069	0.01018892005067997	0.01006991072337533	0.01013612633149597	0.01018042309859271	0.01011529096278901	0.01038305564082932	0.01113242386894592	0.01023852923524414	0.0102269293190195	0.01030418404427176	0.01372927361766695	0.01335608637526852	0.01407978112397665	0.01557476171344128	0.01688904938116545	0.02337711142882117	0.03306495840525971	0.01217569184375394	0.01047539348069891	0.01021377399585164	0.5868323470478449	0.2634151962281063	0.1383159192387289	0.2496666310606049	0.1817684184381331	0.109452173713472	0.01043898340635689	0.1339610097441359	0.01571385051456673	0.01669756162275928	0.01300938089246491	0.01075163821430292	0.1299653690157782	0.01295832041139902	0.01091442870598524	0.01086421135468743	0.09966315784613648	0.2432550970562744	0.01210561708893287	0.01737593279853334	0.02540515145751188	0.06652548453734819	0.03375547517523863	-0.01014354845051653	-0.03766966603284502	0.03689755171176129	-3.354106913081283e-05	-0.0038273161733149	0.03369963587439403	-0.03505500327132902	-0.004556366761702299	-0.004874642045512505	-0.03075184427611403
1.154035087719298	0.03939218782925814	0.08130059995360474	0.01408150149375502	0.01139274195162395	0.01581525705697001	0.06743036887384021	0.02606205272349083	0.05049741388461305	0.06665334229678613	0.03649619819170899	0.01328382425707084	0.01149003670403632	0.01063900195662905	0.0103150914968815	0.01387413954737054	0.0317829549976618	0.0461767642271811	0.01111854102385099	0.01067179920610572	0.01170532258243868	0.01203870242304258	0.01324770664214032	0.01368111788328413	0.0500650370851316	0.07030646263341978	0.01310318293557538	0.01173594978862334	0.1169816502541081	0.1567985899865721	0.148806622437523	0.1119124353085146	0.01035918562330505	0.01168297972086681	0.01008889843412233	0.03379490743837175	0.1564362801096804	0.01118279154084758	0.0136432690076132	0.01222287919824012	0.01306453511667844	0.01022766112892123	0.01014082337577121	0.01045498474950583	0.01113597899584259	0.01028979148489401	0.01028953074111446	0.01037393273165871	0.01498647808341309	0.01431489151888076	0.01500105854871078	0.01636164224472491	0.0175641174192493	0.02283466489065097	0.03993803730941139	0.01625944215872823	0.01124740577687147	0.01029965420409723	0.623184428248532	0.2765424753975929	0.1487418736477019	0.2565851696898775	0.1853440722699266	0.1101101413532973	0.01053197462193923	0.1266241673739699	0.01649655532223869	0.01739845502463878	0.01559612401256812	0.01094303660458117	0.1289636748294105	0.01718219534089643	0.01089638536717293	0.01102665145677846	0.09598569631229152	0.2514919669838268	0.01304616473822591	0.01798320594973504	0.02788253498879056	0.06995423268226333	0.03565295429089794	0.07478809452851505	-0.003630004331475595	0.06144368220065596	0.02403202782610181	-0.03947755174216547	-0.00845084480946659	0.03278942470753153	-0.0004988992298763095	-0.004005508686983308	-0.00333315382461748	0.007136610491428409	0.03317267641732635	0.00114981046420787	-0.04117679518669047	0.1407761621210909	0.008391723014294172	0.04164318717321294	0.2408123096321798	0.06188450604760919	0.5789286215555203	-0.5885955510715078	0.02814903387791466	0.05540892323989069	0.02232833081693103	0.01304827335843096	0.02750521343230664	0.06952642325331261	0.06496359223962153	0.02308040173816013	0.05800835358608014	0.03335837218088918	0.01491355558406168	0.01244418210265905	0.01035931357382368	0.01018636218024415	0.01995503536763568	0.07541722926874302	0.1276987666219523	0.0102052343384991	0.0108612763077468	0.01356350964956562	0.01056190445691996	0.01084926505823788	0.0116659317359048	0.03584751201771048	0.01172156129694388	0.01469186657607786	0.01281949528684415	0.1341321222733765	0.095035153275672	0.04941627967536363	0.06638704884821611	0.01087606522036669	0.01442130945800839	0.01015123194041746	0.0110354689864041	0.1335264252025705	0.01196231334769519	0.01956550296421661	0.01488637092544653	0.01785425304823856	0.01033628390481386	0.01020009920136177	0.0106158686707218	0.01115752466032166	0.01040655449375691	0.01043130781497531	0.01052314224341035	0.01768877702622061	0.01617001116165999	0.01680052242054958	0.01795093582815404	0.01899324003258798	0.02413389295954814	0.06051984940493779	0.01999461408320129	0.01239431912267209	0.0104765270267516	0.5448963417233706	0.2508797953047388	0.1438148105821192	0.2251780074372917	0.1635911361427559	0.09907233941743904	0.01074379084896872	0.1106667629106846	0.01808525879814402	0.01887266092698925	0.0186787674109106	0.01142493238742576	0.1281967290770405	0.02643990337200816	0.01069602115825848	0.01136024438242303	0.09479945514375109	0.229570951216641	0.01485425111188046	0.01929836844881339	0.0279480813754682	0.05365590704666427	0.03148565087410683	0.01531303502199201	0.04524526403981454	-0.05787234892695112	0.009069555047043444	-0.02296068427986981	-0.0303911859689451	0.06779354126093949	0.007792203005000848	-0.004015966587313562	-0.03057606994574328
1.163947368421053	0.05098786630408639	0.09453008071637217	0.01427881361838984	0.01123909409532266	0.01730366269379538	0.09662248950442186	0.02686554095434863	0.05804332129049618	0.06252688049911108	0.03470671582723833	0.01345799641794654	0.01159862365971715	0.01141361920017797	0.01070813881133855	0.01370729900417601	0.03213401119029997	0.04804575920411641	0.01045521286115697	0.0104769046346719	0.01147511130072881	0.01090171622066009	0.01143446525864759	0.01186946507244776	0.07031330600275874	0.04300329083736196	0.0132631960813699	0.01184900929072272	0.1517395819480682	0.1740584779677199	0.1450162748415517	0.1264034527571551	0.01036440492846517	0.01172596990580236	0.01009739456088361	0.01919565434621238	0.1472999255101475	0.01127436376246947	0.01344685999262725	0.01185482909398939	0.01283417522287196	0.01024130945776845	0.01014826710521435	0.01049060366213212	0.01123908117473929	0.01030995723761909	0.01030723133589069	0.01041830590140573	0.01510905029260243	0.01426974170058931	0.01496806170041492	0.01637950847995609	0.01765549086160704	0.02516647766036269	0.04592238447222487	0.01560415882231857	0.0112483988415201	0.01032079528228592	0.5853299515545751	0.2587623599933498	0.138386029051599	0.2392193395949303	0.1725828947093468	0.1036881925226101	0.01056615083303997	0.1210901863480081	0.01652200057527073	0.01747870157595516	0.0151681401146668	0.01098303116681136	0.1212185067059299	0.01725852740278326	0.01112372123350644	0.01114058287538961	0.1008363111371727	0.235275890584298	0.01300302754199022	0.01810194270067613	0.0251212681447068	0.05865522802496934	0.03112477102264581	0.07490373470323565	0.005492352264056884	0.05908628047849156	0.02985442313000621	-0.03772910742007317	-0.007318425568661211	0.03414214469701173	-0.0004206415347109862	-0.006421883034701502	-0.0003488129531281986	0.007489053786363057	0.03177231408689811	0.001122375126480362	-0.04738866833415063	0.1216615729141286	0.01323997026168311	0.01086402125388815	0.2483979416641449	0.05433110743400597	0.4852133878860788	-0.5307049653271055	0.07348640345291564	0.1282467998466182	0.01022956962076048	0.01010228668631818	0.01399555464819273	0.1445904337393478	0.01027578809584276	0.08277990106481521	0.06034474062402453	0.03364102744399367	0.01290371944525926	0.01129754691104994	0.01256514379891141	0.01128480040662846	0.01012483062512246	0.01009149131045995	0.01013030844575588	0.01004891377142925	0.01011242788626586	0.0101605864055313	0.01015678698394044	0.01026576275110973	0.01051938339602589	0.1090587783782641	0.0314813356285588	0.01271000264436013	0.01148845639011585	0.2089685145212452	0.2391729271988255	0.1897073785426598	0.1755363262759058	0.0100877887465855	0.01025360355851899	0.01008074510157464	0.01065917261369742	0.1418607484113392	0.01103530203358325	0.01018170903795112	0.01006559665916765	0.01012888101501477	0.0102089302165889	0.01013077830122272	0.01045828649331206	0.01135891975353493	0.01028063144596778	0.01026390498841682	0.01040129575898276	0.01395018463584513	0.01326429548122932	0.01401310737251701	0.01561170215316065	0.01707957471808742	0.02826870485278263	0.0450283764837196	0.01242135696168959	0.01061821253613947	0.01025914123262857	0.5194030541067787	0.2321328300515931	0.1209080136508975	0.2174396076615585	0.1581848195195308	0.09774562029184534	0.01050969018488154	0.1198467537340325	0.01576674100184013	0.01686488172088146	0.01272329896490545	0.01084265442050562	0.1094157505207049	0.012982710093319	0.0115148531919721	0.0111155142458741	0.1101738506680551	0.211670001262667	0.01201468496227134	0.01762297399361519	0.02088319820051017	0.04782019514743548	0.02621101985128225	-0.007229371800868752	-0.03644255272416053	0.02981336399247666	-0.0006762392466573397	-0.002800491553477035	0.0302350613069087	-0.03465796976504713	-0.004551105281482961	-0.003122147400079997	-0.03009537602066144
1.173859649122807	0.05549643059073336	0.09841220666126195	0.01361957350671318	0.01074242336384124	0.02020084940440053	0.1178449804408237	0.03461140784454467	0.06023752731129071	0.05967658531827518	0.03349960176604371	0.01364951339564771	0.01177591609814801	0.01167759901217936	0.01084178172135596	0.01234340724185505	0.03005386599871026	0.05152843806671606	0.01023718739599133	0.01034538492896434	0.01104900208939052	0.01052132251211629	0.01084043925323187	0.01131615205105137	0.08150786374170374	0.03168307110423493	0.01344671141210607	0.01202498475468938	0.1833650058962245	0.1887933617898301	0.1509598375157887	0.1377697066836077	0.01026385675108582	0.0110919459122595	0.01011449152398277	0.01399077304707872	0.1410680934617344	0.01143358505153813	0.01319584287129606	0.01182341646015045	0.01272187486762677	0.01026304762130095	0.01016090099304754	0.01050983668031168	0.01125803605062125	0.0103283146455925	0.0103317919670659	0.01043263671202874	0.01527882845450117	0.01417974587795584	0.01490978493404973	0.01639938537063353	0.01775798972839511	0.02835729775295554	0.05199478582871071	0.01355154513402776	0.01101169642642975	0.01032496020570501	0.5533442134656172	0.2430601067169459	0.1275079996060779	0.2246126505178316	0.1615498991399281	0.0976535309662738	0.01059799335215962	0.1191020931306293	0.01655346687450096	0.01757517790651289	0.01364454214346942	0.0111950012214891	0.1204464680084419	0.01832480861398888	0.01117775441803758	0.01115122226742276	0.1060297942823701	0.2221247613903238	0.01287581363245937	0.01822778805385872	0.02230691648557155	0.04638752440123262	0.02659169028934677	0.07291593564180252	0.0142036626853013	0.05350010909242442	0.03491792572968248	-0.03540254990226671	-0.005947806305012745	0.03530522525278657	-0.0003195109801445747	-0.00956532842149807	0.002733258258832278	0.007576537649664129	0.0297162103572147	0.001042747700619447	-0.04910225043811261	0.1114478771267952	0.01732166858273911	-0.02633979914883241	0.2455229626446502	0.04510638055362287	0.4147566264710249	-0.5994217655189533	0.02841847997283578	0.04940324435246386	0.02017419885007121	0.01172559211194528	0.03482862758347292	0.10060100479801	0.08856049330462051	0.02043933259897749	0.05395465426342318	0.03158622050388947	0.01531485698522918	0.01286522889712782	0.01039754722167912	0.01020618183847509	0.01605586399763813	0.06856751620372835	0.1374417094974911	0.01019441837922254	0.01065832902248219	0.01252143249552199	0.01052695065782766	0.01083840711709374	0.01177403104068403	0.04550602542449246	0.01095817551846962	0.01508296494180536	0.01323254242676222	0.1939255215135682	0.1170452220919737	0.07677783511894379	0.08218233242822259	0.01057434995191048	0.01250354922681997	0.01019359666175286	0.01083568114983363	0.1261380662300494	0.01234590153934134	0.01900422581711137	0.0151430285918059	0.01773895280294049	0.01038745721927994	0.01023029939311201	0.01063876654416649	0.01111506467580133	0.01044156164028097	0.01048696506914379	0.01052325315941075	0.01807629799782516	0.0159459283128454	0.01665896684772518	0.01799280837466944	0.01920989342577153	0.0314250331967548	0.07332862930174033	0.01451461110946059	0.01169354637737617	0.01046873163045941	0.4990458812992528	0.2244756815686949	0.1214483598664857	0.2023447535450432	0.14511067633756	0.08778267444233291	0.01080528956289166	0.1120754063852415	0.01815432032338094	0.01908225242253169	0.01455774501497142	0.01201334960269738	0.1368348330774867	0.02957540580567078	0.01063845910673468	0.01128302855703789	0.1056437755734647	0.2097721277105195	0.01451811276474275	0.01955787361985164	0.02226497710509035	0.02882959022463696	0.02250267288684357	0.01498137533162224	0.00540796812327063	-0.04050749425664841	0.009130831807406961	-0.0204165783223016	-0.03000709906736988	0.06723164561672125	0.007504065238826414	-0.002491324288179119	-0.02962940856917554
1.183771929824561	0.05627990295572275	0.09703488031700259	0.01366504490348765	0.01068291786016233	0.02124438991829048	0.1299398579450473	0.03645545503184541	0.05829896766427159	0.05804125908667318	0.03278948704131528	0.01374442221578374	0.01184754902873633	0.01144302955886355	0.01073305204900805	0.0121719686432396	0.03009644720781568	0.05345087952879578	0.01014312607506947	0.01030474642182946	0.01095656580416861	0.01035280173860409	0.01056975670059494	0.01101888536174005	0.08202166172173984	0.01953854242910759	0.01353579770414312	0.01209776437698884	0.1987456023473125	0.1974704623756475	0.1580948499757381	0.1445990071652402	0.01024836111719703	0.01102635565736215	0.01012104446327521	0.01179182626043447	0.1375643641758989	0.01149582610260518	0.01316382953504928	0.01176073137712726	0.01268410106139773	0.0102663689769096	0.01016141186447164	0.01051796228204735	0.01122630930280511	0.01033390718310773	0.01033721308156507	0.01044359068316376	0.01541158154410419	0.01413645738204796	0.01487742814417516	0.01642020976136468	0.01787110014071764	0.03121540747278813	0.05831456622276365	0.01339695663335231	0.01103200394057988	0.01033014652089765	0.53195843645799	0.2341196152691571	0.1232616928517267	0.2154419694746403	0.1550600179685973	0.09510588429459793	0.01060758514695814	0.1177434753478394	0.01658466358718733	0.01767551387643493	0.01361764258484177	0.01117247375614362	0.1142341902382793	0.01846234983016133	0.01112118057401864	0.0111695827775521	0.111689168943575	0.2130849000507015	0.01283815778418551	0.01837155449748343	0.02076854793359587	0.03736912788324845	0.0235208558800594	0.06125084665478404	0.01452844984831093	0.04586220102282712	0.03964163048506528	-0.03150830499485997	-0.004209287109157299	0.03616235981823264	-0.0001916730453794903	-0.012606294239848	0.004698624276192628	0.00718936550482435	0.0270880644782785	0.0009044050510159536	-0.03419228722183587	0.1008771961431644	0.006926166041772945	-0.06023579147058399	0.2351945293454594	0.03167147070007843	0.3899675294682841	-0.5337834611555489	0.06984873630867867	0.1160519320219672	0.01023922521427766	0.01010288352656451	0.01471958513835193	0.1578146447387761	0.01029536566749666	0.0750021451951752	0.05859151482714026	0.03281297847017159	0.01304031416488146	0.011401656568896	0.01177983245366541	0.01091063413124333	0.01012910506300802	0.010102846560986	0.01016552102664029	0.0100466626295774	0.01010218557674406	0.0101617676911195	0.01013772302453501	0.01023209316509282	0.01043549518447737	0.09956093919330689	0.01335059755016933	0.01283740126951285	0.01159271630627125	0.2215670616345768	0.2486792821794471	0.2075273237353547	0.1842653965446748	0.01007028388126316	0.01021425095522106	0.01009099857280178	0.01049839362916117	0.1392894876203127	0.01112625287460706	0.01021773919464517	0.01007674468830302	0.01015257787237412	0.01021269424955746	0.01013026170420071	0.01046449636271865	0.01125363635149559	0.01028660386698327	0.01027093903836825	0.01041381188888878	0.01428109813895149	0.01318163348627799	0.01395048500301522	0.01565289649807432	0.01730674143392726	0.03467540076488826	0.05829527851307413	0.01253901022040396	0.01067426138605086	0.01026301701970191	0.5024851821419377	0.2241920603688044	0.1176047992159149	0.207827236128901	0.1509486668752585	0.09545566657014437	0.01052175721744056	0.1201931168167803	0.01582903800192465	0.01706679427690078	0.01298070216808628	0.0108727577477473	0.09687947899629309	0.0133756803181523	0.01132137478860959	0.01112441448630235	0.1218379081450795	0.2011529506521226	0.01194587424156785	0.01791123364315448	0.01810594637068066	0.03188034505955825	0.02065458975792742	-0.006943167028322862	-0.02552528193418761	0.02141557406330145	-0.001208735348146478	-0.002441949088432894	0.0283819086847958	-0.03415637981185635	-0.004522354817726734	-0.00220141151809892	-0.02916377091133598
1.193684210526316	0.05255923206785304	0.08595768120261357	0.01284704261809653	0.01061800110329727	0.01930238049864159	0.1306727555615145	0.03152487874242556	0.05690604759777832	0.0577845817570278	0.0327242994086541	0.01379412090458618	0.0118935823005722	0.01137773378875941	0.01070267926304606	0.01226794272548847	0.02739700101888281	0.04504078431639155	0.01012990654812152	0.01031887096344138	0.01117876986953396	0.01032492165094275	0.01053505477947651	0.01105351620887951	0.07805203724060339	0.01521602087503338	0.01357886475129672	0.01213779376390999	0.2032121556800283	0.1981654200677002	0.1600661603801328	0.1472879776088091	0.01023218893619281	0.01091920002761281	0.01012729377759005	0.01109371209550348	0.137127324391203	0.01153917848159341	0.01316140976997449	0.01197724804385946	0.01278504990710614	0.01028475781868491	0.01017342062764523	0.01052243221841818	0.01120427115020292	0.01034417502547276	0.0103565124691442	0.01045249986639004	0.01583774576379093	0.01406199280538365	0.01482750206744275	0.01643564046153958	0.01795713393721351	0.03642954140582935	0.066358597169275	0.0126376863594899	0.01086181445988075	0.01032373048779877	0.5167468654566338	0.2262748520894221	0.1164844588656781	0.2089180973412069	0.1499506717276172	0.09233192216354548	0.01063268108754459	0.1210985234854264	0.01661044938164473	0.01775817815508783	0.01301874880836117	0.01173313625522701	0.1150172247478786	0.01997803517522224	0.01111999478950853	0.01116265715653511	0.1162734182373445	0.2073745960733718	0.01273697023569345	0.01847688234679563	0.01774036552995442	0.0284051245090803	0.01944983247053216	0.05466840506297079	0.02982339624742171	0.03873391645988559	0.04255819840882718	-0.02888867996856747	-0.002704980477580754	0.03636058104825871	-7.50696577721191e-05	-0.01671619698358302	0.007763403620407576	0.006787092048892755	0.0237976868845555	0.0007412383289707481	-0.02736821204851761	0.08256448792863876	0.01868925238108523	-0.08504311304606248	0.2200900191819353	0.02600363101863195	0.2610826675933161	-0.6025612049005638	0.01589412902080042	0.01548398461196591	0.01769552772997113	0.01159030197512892	0.02795384667621011	0.08443467571892622	0.07127717903077278	0.01858668609871978	0.05509334487122999	0.03214357380565688	0.0153711443809213	0.01293309994901086	0.01042980286035429	0.01022031306378047	0.01650350482806623	0.06012319311439937	0.1080995352966263	0.01024476112333626	0.01073860595243545	0.01326654181683657	0.0106048759237023	0.01099355887008857	0.01215959359279148	0.03203475027762944	0.01078505465624238	0.01512519317713539	0.01328153888661031	0.1835419645545372	0.1030463023553064	0.071084756411934	0.08006934643486803	0.01054133821793148	0.01224901611719786	0.01020580954270232	0.01089576521855569	0.1300735036710656	0.01241478973337082	0.0190273730569707	0.01584471300767526	0.01807497179633453	0.01043856101799351	0.0102652400396544	0.01064423207814045	0.01108026033339047	0.01046654638914343	0.01053876736388291	0.01053913100382211	0.01921917828810073	0.01576628350353469	0.01654167322687817	0.01801852333793032	0.0193559121670186	0.04444836868246841	0.09217067804232347	0.01241218255951729	0.01117135104404559	0.01044487057382338	0.4860269964504012	0.2112301518620002	0.104343870042307	0.1945702312214478	0.1373837860383423	0.08203023468786197	0.01087025972748116	0.1256662935462297	0.01820080554669961	0.01923080951860241	0.01280719464608014	0.01369392306611418	0.1482387871408136	0.03402255395497876	0.0106890435050948	0.01124504169332863	0.1132523502401659	0.2046245253143409	0.01425404994431855	0.01973125584627136	0.01473757058991848	0.01167373834020959	0.01343351889740397	0.01510454098771158	-0.03855215170278285	-0.02542256345615498	0.009714014730378409	-0.01988147776807328	-0.02915584299197898	0.06654821593205047	0.007244468910115005	-0.002205960207200266	-0.02860681931909782
1.20359649122807	0.03741496136775334	0.06677222080887166	0.01289200387127474	0.01060707781209252	0.01792244509491219	0.1107154384707842	0.03239393667952965	0.04983833121121242	0.05789070706102769	0.0328093457338615	0.01381677512038804	0.0119117395785311	0.01088343533468576	0.01044825149885378	0.01207308455239963	0.02732666388330857	0.04581240216680992	0.01012524204109208	0.01029455401321269	0.01093777374562251	0.01033136706451795	0.01055170713521545	0.01108842696669071	0.05295070376297309	0.03278776942142358	0.01359779699503509	0.01215429048083598	0.1839368292298416	0.193550198181368	0.1676428329906197	0.1445046506513596	0.01021768085457774	0.01087126849520236	0.0101293356987848	0.01191190618621769	0.1375137547328304	0.01155598701281495	0.01327580070231935	0.01207833802890964	0.0128991691268997	0.0102757772762302	0.0101648459065714	0.01051413003233327	0.01115423982920077	0.0103365244055024	0.01034666638041301	0.01044551936347676	0.0156194669773122	0.01395775573373976	0.01475320509901077	0.01647148176800332	0.01814632328759488	0.0395596810699479	0.07328223757397534	0.01253158097802433	0.01087000710422267	0.01032036952156014	0.5129839772102509	0.2257235355399571	0.1164088116752648	0.2080607250805541	0.1490467313573924	0.09233006550249434	0.01060690676050238	0.1235377445431933	0.01666498298273114	0.01793037717535731	0.01259598373075925	0.01119768654382558	0.1081921155371435	0.0196934371585605	0.0110481568558369	0.0111537744614526	0.1225989288698692	0.205300888179439	0.01262504211022831	0.01871353276163081	0.01676450302622586	0.02134327828466412	0.01740928679681658	0.05230975254070481	0.04324714839361368	0.03317728386892321	0.0441697110281723	-0.02549381186858708	-0.001102875389568468	0.03616074031805529	4.948117345782918e-05	-0.02069644477711643	0.008946571453566789	0.005780108449655787	0.02037076978002655	0.0005339493868360503	-0.02470129480262494	0.07239562719496735	0.02044225011078078	-0.103811285065722	0.2026545083645243	0.0178563289186265	0.2954294637554698	-0.5324328759264852	0.03346189381467309	0.07107757367460392	0.01020186210297904	0.01011088428129597	0.01064600077954403	0.09530794179227946	0.01010987291611304	0.05848353833612261	0.0595863032002819	0.03330520437086307	0.01305428789112779	0.01141138684897549	0.01072100919898671	0.01036205307145527	0.01013865662025759	0.010099033868066	0.01011719247381293	0.010075659323838	0.01015579110787516	0.01022372796374766	0.01022150018027996	0.0103967495460466	0.01076252188753083	0.03658507722171329	0.05931246737714668	0.01284460111206181	0.01159854099262277	0.1543425220119042	0.2279174937132218	0.2242379843832571	0.1718596947107563	0.01005302863168426	0.01015796722896213	0.0100925154120031	0.01310034109696521	0.1422407842012406	0.01113663739235723	0.01031677503920634	0.01010968481351242	0.0102202250690788	0.01019202661183613	0.01011268812136114	0.01043564671144558	0.01112803821555558	0.01026485623833083	0.01024738238476208	0.0103883904697	0.0143313638951416	0.01300113245060767	0.01381869486313259	0.01571810555016947	0.01765780008666975	0.0432958973867171	0.07455822256977504	0.01242017837285794	0.0106853189949627	0.01024753991911143	0.5195541224133922	0.2323323503568767	0.1222778901017065	0.2142275076813425	0.1544896653786035	0.09824186453610803	0.01046654385740431	0.1297003608421429	0.01592937749051412	0.01738701680960444	0.0122818808813031	0.01069386101903868	0.08104471579224518	0.01360436185089822	0.01116307204502857	0.01108678960722512	0.1333277199588738	0.2040785761456924	0.01176542161919216	0.01834982810645338	0.01665363504840597	0.01996863749232382	0.01746419558920503	-0.007678076525285508	-0.006381086396256688	0.01385154562930937	-0.001567216171526518	-0.002028059045693678	0.02716307267081437	-0.03328204656619525	-0.004442774670701706	-0.002588740427369627	-0.02815692090516232
1.213508771929825	0.03012445136745685	0.05686015566688452	0.01159160633303231	0.01062073388558708	0.01292132019258428	0.08606290062394718	0.01928139145689271	0.04726249089454023	0.05864496830014625	0.03318172321501955	0.01381015282169929	0.01190061215897352	0.01075119757417153	0.01037880719413124	0.01379624089284983	0.0245502705047769	0.02751153349399455	0.01018075435090649	0.01070776851304419	0.0134917718007249	0.01042265766498822	0.01077306345642735	0.01184409197596599	0.03720014378250456	0.03916103076030206	0.01358515338682501	0.01213807728691822	0.1654000056078375	0.1804363426563594	0.1662895487134464	0.1400906630454796	0.01024888206768195	0.01091288546694183	0.01012913081483015	0.01227113615207573	0.1393744852545347	0.01154768383447496	0.01261049688345965	0.01143637485921896	0.01220074194410885	0.01029258584960771	0.01018208222015019	0.01048355952035324	0.01104341572080166	0.01033178634014316	0.01036244614869283	0.0104237854970403	0.01833924005331274	0.01405428470749011	0.01481085953281176	0.01644691164855915	0.01805009162505606	0.05363423474304294	0.08980804936857704	0.01214802379025479	0.01070654296253926	0.0102868957202856	0.5126524955978612	0.2259857508174444	0.1161593696633613	0.2095353915002462	0.1510159657171196	0.09496742147743137	0.01064734635907285	0.1386880270865371	0.01663383048249388	0.01784749066804026	0.01299814959312914	0.01582044700467056	0.1069874716183519	0.02488255097385283	0.01099586013497186	0.01109262278740448	0.1207932572524662	0.2082681652936002	0.01277230703535008	0.01859015560110891	0.01515389430414974	0.01840128594561019	0.01578098826919499	0.04319263532758731	0.062212895506753	0.03097763274715452	0.04618918372367695	-0.02194221452374694	0.0005296144289389566	0.03588045065475786	0.0001745081492081513	-0.02247852287067927	0.008624377033377588	0.004249939573833928	0.01737468769603765	0.0002977862019018139	-0.00686391893822676	0.06323635172103195	0.02158663419121615	-0.1126399357492772	0.1843672273681217	0.01164377768738728	0.1355133756556014	-0.5858933908454054	0.01144842394932715	0.01085713961487049	0.0137936221845125	0.01164101313984553	0.01433221551566067	0.03250003015124089	0.03010725226212015	0.01936915386476988	0.05736471375689607	0.03319311323278153	0.01532965442069197	0.01288281423524633	0.01051184594381249	0.01025773563571252	0.02181853277890486	0.05161327952145692	0.04952461715550288	0.01041295806704137	0.01198206248620703	0.02108285225353156	0.01086820920541295	0.01163153914473214	0.01436319708768726	0.01464684165750874	0.01098017756943737	0.01506943212521855	0.01321774631606767	0.1487243861738489	0.06428264327797019	0.05240821122987257	0.06945831138752091	0.01064718205956639	0.01241757185272947	0.01020326659256421	0.01117287782209355	0.1360448152607428	0.01237419148156379	0.01693994881657014	0.01384583435311901	0.01589158074308363	0.01049669053618118	0.01032423137344645	0.01056189442291787	0.01080065370993117	0.01045983510108111	0.01059469239313075	0.01048162574755965	0.02758286109902443	0.0161537481360196	0.01678520351948704	0.01791019574598037	0.01888163577480505	0.08553366123166248	0.1390688968158488	0.01137906765121615	0.01068081197542669	0.01034929323111719	0.4945493556338636	0.2132932043875367	0.1036003275057649	0.2017597237307777	0.1458795881467534	0.09082346165563225	0.01101418861236159	0.1755634298075509	0.01805450036327174	0.0188134751651675	0.01440651812149473	0.02799104318210983	0.1531547739341971	0.05012801246786749	0.01060322642857423	0.01107284108274809	0.097678308451007	0.2196915957912742	0.01479809602216556	0.01912799198431736	0.01091639028516048	0.01029021561033987	0.01063533839110528	0.01135765594038948	-0.05301954379631059	-0.01449602089564648	0.01043777135100918	-0.02183243539551781	-0.02472221205115119	0.064335613291349	0.006820595213667922	-0.003249397923914848	-0.02783566633458781
1.223421052631579	0.01850175513898615	0.03341209195243216	0.01154627608225563	0.01064172297683196	0.01223319159190321	0.05012992924732301	0.01833273262281516	0.03605868274764766	0.05927033994485664	0.03350767025643289	0.01381104778805466	0.01190058065605124	0.01051404981922258	0.01025811349701436	0.01381758495186064	0.02523212980214985	0.02616372029421773	0.01017741886564317	0.01033712857411043	0.01240124285640173	0.01053425203467264	0.01094366082098105	0.01257236223503549	0.02142040930466801	0.06920135188422685	0.01358303726946987	0.01213554192186983	0.1363387488351211	0.1658390991564275	0.1681182704572493	0.1303329846125082	0.01023983046771572	0.01090830622023608	0.01012982790687182	0.04154347485649607	0.1409644176718597	0.01154822991309538	0.01289698739321152	0.01155251890520263	0.01241820999805519	0.01028181087207962	0.01017300069601553	0.01046055567661184	0.01093926311661604	0.01031859750482644	0.01035028499525431	0.01040313826732651	0.01853393703176469	0.01397604742248521	0.01475282257981386	0.01647085695334428	0.01818352783707056	0.06174991267725842	0.1024152538391394	0.01191965508062863	0.01066392647885738	0.01027265449124243	0.5178982517711808	0.2297264718388846	0.1187960597649197	0.2130352888994544	0.1536451357726759	0.09703376764003345	0.01061546460280558	0.1487711059751665	0.01667361857891549	0.01797472175534657	0.01262028556908019	0.01453672925969421	0.1039152247564131	0.02578915570473541	0.01087450404328249	0.01103944013024481	0.1237599107345918	0.2115576413621362	0.0126943910894782	0.01874990404626507	0.01350705909707783	0.0136428449947308	0.01342064446767387	0.04050548846201017	0.08935956932482028	0.03359766569733456	0.04769986058445257	-0.01874342691257306	0.001992770999097599	0.03538849325957868	0.0002850275931068325	-0.02296121058828187	0.007082399165704213	0.002326581584862424	0.014896045505549	5.512583327285676e-05	0.004441246382594215	0.0570793445700574	0.02514526482906427	-0.113150335832771	0.1667105748818734	0.007530644418544834	0.2019509983681811	-0.5087856975315488	0.01203945068127547	0.02252164323383987	0.01019676978533874	0.01013335049193297	0.01038517428304104	0.0209391790276064	0.0100661968235336	0.03487467712347218	0.0608439217490692	0.03396155271691824	0.01305422931837672	0.01141113954900438	0.01034741077307969	0.01017186254942426	0.01016366115435286	0.01010290131857887	0.01009487927809795	0.01020528618172018	0.01040972411930545	0.01038702943248229	0.0106620660111963	0.01177026311759429	0.01465479838118283	0.01084294774140436	0.1302389791778256	0.01283927562675874	0.01159354243145149	0.09137801072352246	0.1931848576392776	0.2276115949033301	0.1487949168216108	0.01004188839815693	0.01012764338898561	0.01009393683798099	0.08581075898534231	0.1454302166253021	0.0111375440480352	0.01078190942106817	0.0102787172708911	0.01055218198570768	0.01017014522706561	0.01009601370518183	0.01038617672393927	0.01091271918761597	0.01023646092175095	0.01022200542689024	0.01034198510444356	0.01513067033528815	0.01284362149609567	0.01370154085399115	0.01576594476818531	0.01792406099638516	0.06116945862431603	0.1014418098942285	0.01197632832641211	0.01060513664594491	0.01021743914937203	0.5413900747081086	0.2443254450392084	0.130259701886424	0.2249296362789526	0.1622221502987894	0.1036720216709019	0.0104044398174785	0.1529268462789947	0.01600921265996915	0.01764190103949205	0.01177127252833312	0.01065795616113797	0.07608689675329373	0.01562052803453698	0.01090522202777356	0.01096840555472272	0.1393567085081437	0.2139884338697034	0.01161044639493908	0.01866714492484282	0.01342725955907143	0.01139695288584275	0.01286339806937363	-0.007686868419805107	0.007463408537202384	0.008744708065032639	-0.001802979917673405	-0.001490995766813152	0.0232322307587149	-0.03034149285928881	-0.004122072248714522	-0.004117374904689581	-0.02764299497170938
1.233333333333333	0.01424450069035277	0.02422268106328756	0.01075790134734234	0.01054440646979412	0.01100698224242493	0.02879546223296628	0.01159891216451807	0.03526443874795282	0.05955604130730202	0.03365911363266771	0.01381912189455951	0.01190777883996495	0.01052639677466902	0.0102595439748949	0.01518007126189105	0.01579977586302355	0.01296920389955438	0.01078478385144568	0.01509891669583529	0.02509026225288962	0.01141370312758521	0.01523443847747719	0.02257274570789574	0.01491709766812946	0.08501538739852253	0.01358759770022685	0.01213968120672538	0.1147717359106759	0.1514434922859512	0.1684575891517588	0.1277826542230598	0.01029006675126546	0.01081580332750192	0.01013117305477757	0.0619802877066602	0.141799590680028	0.01155618512778902	0.01167817021941523	0.01069246998423412	0.0112546197672231	0.01029625472064953	0.01019414938351803	0.01043120410562484	0.01085441410077722	0.01031025312550134	0.01036123730136065	0.01037419814178829	0.02248435229655093	0.01403158304464335	0.01478349597825392	0.01645979064406276	0.01814551867475652	0.0782810389897733	0.1211310118901084	0.01172349996151025	0.01058338590852656	0.01024534517079411	0.5232419885936942	0.2338232448312297	0.1224680725444943	0.2181393276698478	0.1589699831390103	0.1021728028852733	0.01066172399698806	0.169503415392141	0.01666083788346654	0.01794350796579969	0.0139169527560132	0.02986128299624904	0.103452639153769	0.03119639972034198	0.01080331915954436	0.01097405410809191	0.1219165019675545	0.2182430422706154	0.01279463410110235	0.01869910587351668	0.01283546257754664	0.01201535007120513	0.01255195217487894	0.03899231675568673	0.1172103181507876	0.04078947382533902	0.0495338100046919	-0.01548753974359996	0.003331698953495679	0.0348897886807674	0.000381733661319429	-0.02154786527967419	0.004135342604291808	4.645925547996114e-05	0.01308786942340092	-0.0001824616790237468	0.01624115112818106	0.04417192135292612	0.02072084963814359	-0.1032334190385565	0.1512725723951796	0.001984350399365074	0.04797910351820214	-0.5410588367656788	0.01081645286646194	0.01046652567734484	0.01150468317032097	0.01133363021271264	0.01135986711749489	0.01144573307961736	0.01090756061958791	0.02976177523781348	0.05752978683228149	0.03331016914883363	0.0153527865974306	0.01290415782789063	0.01077409270165478	0.010376685098785	0.0258741819196027	0.02234221761665176	0.01098589790625087	0.01220979991967674	0.02650900654107641	0.06067827120302748	0.01336198241604475	0.02423278139587981	0.04376864534003808	0.01188771173843784	0.02089386871248879	0.01508501808081191	0.01323243494654814	0.1177088656127949	0.04081007696803336	0.05017033529798921	0.07673163483840965	0.01080403604441114	0.01214845428059767	0.01020657269567135	0.04127859350995431	0.1365291327018975	0.01239720773326059	0.01305248572846708	0.01119190675536804	0.01223742921425075	0.01054954732458281	0.01039524845024682	0.01049714391576648	0.01064947347702167	0.01044774395952315	0.01063856978510327	0.01041585346317178	0.0393564973775138	0.01639421069597297	0.0169326363044647	0.01785378230146325	0.01863624785516338	0.1308743272589308	0.1882141516496166	0.01101844622736609	0.01048364066187095	0.01028225108631979	0.5054042200370931	0.222043806730218	0.1123314148172401	0.2148523462326271	0.1608404009128107	0.1052923378763212	0.01118111787205743	0.2363579670235748	0.01797743862025191	0.0185947338391152	0.01862297366087921	0.07627313555514879	0.1555042042488474	0.0660172723756353	0.01050886291552647	0.01093043661611411	0.08683027289595603	0.2394748582565994	0.01517008556437483	0.01881770607715234	0.01053815079849137	0.01017174855992581	0.01037588517771347	0.007337957546556321	-0.0462062808845903	-0.01157705907489678	0.01114346632250897	-0.02521393772356482	-0.01489745367006247	0.05837538057440232	0.005994203289385362	-0.005150444268019797	-0.02754427666568016
1.243245614035088	0.01190654245958371	0.01539023858466954	0.01069206869220394	0.01056208638028533	0.01077865930489347	0.01739705597257034	0.01077120028261505	0.03439367629345606	0.05909335882478168	0.03341837023483503	0.01386394616829441	0.01194856972771869	0.01042850563494925	0.01022160960754015	0.01573363710654883	0.01512651242185859	0.0113037270419347	0.0133855383992862	0.01628296976711199	0.0268232252570958	0.01720873185819752	0.03201855703440849	0.04069262243070711	0.01229727672645492	0.1012672172543778	0.01363283685626491	0.01218059566783546	0.1097541266742871	0.1370833225679954	0.157950735271291	0.1271754035124675	0.01020987474894285	0.01078280454650374	0.01013645464304978	0.08870268226423157	0.1412832192065887	0.01159129081918948	0.01180992938172284	0.01071302872581601	0.01133066516715446	0.01029056897563479	0.01018544916575704	0.01040051111026835	0.01069379918245365	0.01030097681370238	0.01035720306565031	0.01034460602027039	0.02630188253240995	0.01409405540648685	0.01483111655841383	0.0164301398307247	0.01800188050775667	0.09861538775289798	0.1451751496985275	0.01139523571855503	0.01049224782020735	0.01022332489182704	0.5242080770129736	0.2362269839433963	0.1271670947654011	0.220692548338407	0.1629954310875071	0.106899721960431	0.01065043709758626	0.1923322181394597	0.01662316707940886	0.01782378811498623	0.01606283332138498	0.03137427333604132	0.1070346639291733	0.03845197630931192	0.01062085690693018	0.01087784572649203	0.1172079254900712	0.2243216829514705	0.01285273230229274	0.0185014375801741	0.01142770188185702	0.01084155200137415	0.01120193952004117	0.03854553185673609	0.1522057397275936	0.05222626622996225	0.05217920974733619	-0.01393108608373458	0.004233149380195804	0.03475950742634431	0.0004451778493621631	-0.01784083999578909	0.001446653895881972	-0.002084191938644242	0.01241294737246526	-0.0003829711027265242	0.0300172586232103	0.04323959741773319	0.02525266599781429	-0.09074834158738056	0.1368025049857492	0.0002559070695110496	0.1244787236090722	-0.4648344896417058	0.01055943332365715	0.01045878962081957	0.01018263195228096	0.01014442877075254	0.01027063638440394	0.01068172944294475	0.01005807098406348	0.03943786320213104	0.0593150096168943	0.03321627826413009	0.01316147790480764	0.01150974503449374	0.01032719826229946	0.01016428659343403	0.0102195339084586	0.01012084255215077	0.01009048331000594	0.01670127215776416	0.0138665017894502	0.01179438940350727	0.02407415434471371	0.05207861501035699	0.0566164873102187	0.01045198587496558	0.1636808371833079	0.01294878725465699	0.01169333412043791	0.1013770239358663	0.167888158867375	0.1940555928635241	0.1555034750851466	0.0100376082997694	0.01011924972800066	0.0101064866206701	0.1437789956750615	0.1427963893686319	0.01122228900883258	0.01111804862949307	0.01041729772679777	0.01080489697127997	0.01017131073569533	0.01009682187414194	0.01032507090265806	0.01057859947150453	0.01022295961619245	0.01022664452772822	0.01027947282358	0.02421218783157333	0.01300080632896211	0.01382261887200547	0.01569245050063512	0.01755949538613862	0.1079094916931041	0.1565543347792343	0.0112996081192358	0.01041329752904233	0.01017240370608834	0.5336499533107597	0.2464429556834525	0.1405763402218926	0.2276536723675494	0.1701882319442742	0.1141286508850215	0.01041803142718778	0.206727690502277	0.01591318545001062	0.01733393442273649	0.01824364373026632	0.01653332034745299	0.08793508944925964	0.03231516708971058	0.01051953974474792	0.01076192912745053	0.1261329047135203	0.2268093271420026	0.01175318109831586	0.01817080751942866	0.010728493233192	0.01023139536241349	0.01052217573078288	-0.008198281516887345	0.01563386928875511	0.008358095904834942	-0.00203663606247578	-0.0007139304894556387	0.01700198436005816	-0.02570855706209785	-0.003651623000087545	-0.007033822183607428	-0.02772113652404671
1.253157894736842	0.01113583520486905	0.01237339284771552	0.01046371772441469	0.01037946915070019	0.01056161625612735	0.01340440855637403	0.01057547548480871	0.04764994643266712	0.05851462357195525	0.03316284383914739	0.01390240701065137	0.01198755393843101	0.01101027111657197	0.01041637983483084	0.0123508478632566	0.01145921778056877	0.01062898108987411	0.01679853088420493	0.0237424517754474	0.0296321865900122	0.01990863105073056	0.04448627984207264	0.05310667411068721	0.01172839037659591	0.1203630258480218	0.01367054922156614	0.01221787479756064	0.1119356876170681	0.1371400922850955	0.1448466625919854	0.1398310239764911	0.01095822961036318	0.01095938896357431	0.0101417757136552	0.1081185370816955	0.1403554821139848	0.01162667581469047	0.01113326943602396	0.01042183659145729	0.01081051383355806	0.01034931001470225	0.01027786520081423	0.01037981739059498	0.01060515134074906	0.01030932841366934	0.0104106375784454	0.01031086010122608	0.03259216017986825	0.01414159913218099	0.0148626070062136	0.0164143828826284	0.01792728333787639	0.1212722475170432	0.1699164007430105	0.01120479408015759	0.0104198699464946	0.01020022678764318	0.5205304735664121	0.2360646250306731	0.1303921618055607	0.2227975253332505	0.1675405818393854	0.1125869244744535	0.01081874619767523	0.2209095049213629	0.01660314809855884	0.01776118578283643	0.02371762860055108	0.05715143192022255	0.1132137625545356	0.04671949346678472	0.01051485996053695	0.01079484383138722	0.113232796611605	0.2306915512705502	0.01292370101720878	0.01839956505782964	0.01092683728102741	0.01044772829223963	0.01073405917051896	0.03985091132892872	0.184102250901718	0.06663997385904646	0.05564593092461766	-0.01345094365178514	0.004778570941000516	0.03507826093910925	0.0004804415528080253	-0.01215495539527301	-0.001147642451030788	-0.003990065971413045	0.01286338006052478	-0.0005397956658188742	0.04322252423253223	0.04912173869703861	0.02641868260413401	-0.07647188748732034	0.1265300473744774	-0.0005550658069016976	-0.0004722796341579166	-0.4681821079068591	0.01079896919446256	0.01043338772412265	0.01089286649264751	0.01077765418136111	0.01093613114463707	0.01128008704854071	0.01111949187813544	0.07206208880080162	0.05623934502426264	0.03278374360683229	0.01542387465150792	0.01298059862491405	0.01258610783035384	0.01098756081063675	0.01526038833858779	0.01207712981115102	0.01059179214821265	0.01985503028545011	0.04801477594004851	0.06779556546565278	0.01571346358548623	0.04500161277880606	0.06356992409308833	0.01273883436818631	0.05896581955734868	0.0151534837419733	0.01330372444511054	0.1322823193223114	0.06607184683600935	0.02405177953376656	0.121661923941293	0.01309148355256662	0.0127018911117748	0.0102172543741354	0.06776607166886117	0.1340491192830407	0.01246839714010027	0.01092576560042545	0.01031271050425095	0.01062795725947882	0.01072830742330422	0.01067620957936564	0.01046525574307537	0.01054082101774207	0.01048120149399003	0.01080012007124581	0.01034440687578254	0.05495307083390863	0.01647547968712305	0.01698034884727471	0.01783573764159534	0.01855503146633649	0.1839306564519737	0.2443205756373001	0.01077012907586818	0.01035676924163809	0.01023502684993134	0.4856579479136859	0.2167566604007835	0.1164189679166876	0.2182049393785744	0.1708158323573229	0.1180958380930934	0.01168905573589021	0.3089359490905163	0.01795454207127407	0.01852564547340915	0.03962850897316336	0.158670014965948	0.1724506092855223	0.08494197948744509	0.01036984752835417	0.01077703781850638	0.08047233211065559	0.253099638034159	0.01532517797006393	0.01870878870781967	0.01041272558095394	0.01013362113408029	0.0102908586328711	0.0007385482635384538	-0.04296368290555678	-0.01310785452525411	0.01142825530506993	-0.02839545583800372	-0.007978662881867955	0.05259619661819692	0.005288049656065321	-0.009938006481982897	-0.02813366542465737
1.263070175438596	0.01085591197365521	0.01116146969727743	0.01045565605575922	0.01038278091869038	0.0105386628608408	0.01183113709060008	0.01040703402200837	0.06575098572225493	0.05697714052077001	0.03228815112776916	0.01400909240695716	0.01210128883107488	0.01116510979256561	0.0107489689473108	0.01216456758611855	0.01104893516816033	0.01039904133911262	0.0215879977909433	0.02660649535837905	0.03126834909207541	0.02190660200777327	0.04739369280010908	0.05621824048978928	0.01148794648730274	0.1190815049842575	0.0137847839264547	0.01233518949220563	0.1110043977326122	0.1291959372660603	0.1001252803075896	0.1435922744205104	0.0101503953055388	0.01079240534564517	0.01015621625075797	0.1022922018277861	0.1382196123369672	0.01172645587417404	0.01080778031716261	0.01028725676344516	0.01056413484334427	0.01034124434701564	0.01022370983703719	0.01035781621307335	0.01051839993391951	0.0103035161462752	0.01040672880573669	0.01029008510813652	0.03953161599852401	0.01420849492477747	0.01491022392157268	0.01638816683592327	0.01780599564691097	0.1454874608763796	0.1976426499253962	0.01098936565607183	0.01035925656878806	0.0101841205087096	0.5136715692744567	0.2348400885018067	0.1334856737440264	0.2232089706440071	0.1708921279228408	0.1173250114872167	0.01079213792660098	0.2492710493707248	0.01657025808174524	0.01765995163154146	0.03477110521789763	0.08958268293340606	0.1217034962311496	0.05703583770173334	0.0104289925779601	0.01073019199580291	0.1090701173632658	0.2365182712815531	0.01299804041729524	0.01823363190828531	0.01059971624332565	0.01024838260090868	0.01045552226166124	0.03814543671667855	0.203253114302433	0.08178269993525784	0.06026670150359374	-0.01378957696529399	0.004997420008245767	0.0358949780710933	0.0004889707119651704	-0.004585713695755449	-0.003397235428788621	-0.005526080176618749	0.01421284454212296	-0.0006494302808086977	0.0615454594684752	0.04386349391468343	0.01660712766792059	-0.05847421176323053	0.1224450626422166	-0.0009926430362527127	0.0720668981578567	-0.4086310732928582	0.01066985736560436	0.0105619254034257	0.01022322622726925	0.01018014539512404	0.01031805968536723	0.01086993692138992	0.01008742704444073	0.08293084430364378	0.05662978940230865	0.03161253229111866	0.01336719706714778	0.01173026980570903	0.01219040186555249	0.01099777851996618	0.01027711321254392	0.01015543000041351	0.01012049709915608	0.02620459616624794	0.01743529794890409	0.01296797285917131	0.02670301081692512	0.05097575443798594	0.05492873812486484	0.01080104363149765	0.1482299656447665	0.0131704986727067	0.01192074515263995	0.09798642490388369	0.1515491028411466	0.08148079467834128	0.1602300892069354	0.01006480641319808	0.01020142800226091	0.0101356327925457	0.1111497961381459	0.1398642000875569	0.01141474802450584	0.0104653071438034	0.01015918779143429	0.01031933859234224	0.01017727028850953	0.01010163492319811	0.01028554998568993	0.01043167632212396	0.01021605547108833	0.01023644106603646	0.01024182447464241	0.03917948401186444	0.01311816631627007	0.01390702379624282	0.01564450098181806	0.01733924494655552	0.1593461144050449	0.2160828837113515	0.01091316976052679	0.01030546856325379	0.010143073666422	0.5086661785274929	0.240309855830576	0.1457280169810837	0.225686364581289	0.175721989718426	0.1232781438260392	0.0104453645740753	0.2671816362671552	0.0158538767674806	0.0171515278490562	0.0448467526400546	0.09263620697044064	0.1074634312584147	0.0539307893293063	0.01038232114505989	0.01064594074432243	0.1185492608455569	0.2373799280215938	0.0118779489098324	0.01786773066128409	0.01042591747269754	0.0101453092638603	0.01031162566172727	-0.007202396190803408	0.01485333659402279	0.01214976793113612	-0.002180720454730257	0.0007707131857111161	0.0104020147069362	-0.02071708216766722	-0.003240547557595654	-0.0130308305746447	-0.02864147089847605
1.272982456140351	0.01080414827584348	0.01081060994268916	0.01042279144043918	0.01035174256322307	0.01051674001043146	0.01144919931752094	0.01105368227914731	0.08322048220846329	0.05922007631373515	0.03330055430253334	0.01395990914119621	0.01204583862572367	0.01781366112762971	0.01127646474890367	0.01132962633506534	0.01070638158836074	0.01033039288813764	0.02222535513467462	0.02442788841275031	0.02677795913627326	0.0226402253942093	0.04728294907401844	0.0553250519203597	0.01194636107717771	0.1213686675628792	0.01373205544554981	0.01227380454473139	0.106302961006868	0.1289729038012006	0.07432622648489329	0.1483277270191946	0.01820668643823704	0.01277460026720354	0.01015441179327289	0.09437730505116605	0.1441829413675612	0.01167423307118731	0.01060774096684274	0.01021113831199233	0.01041877388043448	0.01048627236908886	0.01081068848933981	0.01034664354184271	0.01046482354134274	0.01032632900177343	0.01052657307847183	0.01026480682478383	0.04699510385842023	0.0141873532172469	0.01489950314143472	0.01638636134043111	0.01779687849443634	0.1698166386517755	0.2245027695870739	0.01086518716359607	0.01031237517321134	0.01016763233159359	0.4990053246283629	0.2295429764564742	0.134667625317456	0.2216566725206756	0.1735418937046493	0.1221777851446886	0.01128729114221799	0.2797618427310007	0.01657072753220363	0.01765781922473042	0.0500725645732271	0.1260613192124945	0.1310845340471286	0.06613573996744436	0.01036973826611316	0.01067179141456796	0.1075678458090864	0.2407480588260537	0.01295727257656313	0.01821357818420975	0.01047039832114937	0.01017839155681614	0.01035036492606656	0.05491856926194712	0.216832695640307	0.09564035922867262	0.06369885836412244	-0.01689979238031574	0.004468151338761874	0.03696572379249435	0.0004483237683203675	0.002671472722803059	-0.003419957083911497	-0.006076471228862642	0.01639383697266255	-0.0006856997221526193	0.05299366764647721	0.04579872503484989	0.01682408858430881	-0.04671490452488015	0.1256567753833633	0.005188628198689474	-0.01585097255588707	-0.3771810733578644	0.01091316431178173	0.01056028051024494	0.01080350752818584	0.01068289668889446	0.0108932241829058	0.01166622658409268	0.01319082299683982	0.1080765683429817	0.06520521663497764	0.03681384283594492	0.01517481667417526	0.01270762337300807	0.03230594388341796	0.01222994563649731	0.0129636934422486	0.01145537428143739	0.010607850933064	0.01697838512255819	0.03858755042041977	0.05230394951208801	0.01587139719644472	0.04136896711521602	0.05716432071059287	0.01432569954430438	0.06874281603287177	0.01488679012254101	0.01300956651662582	0.1174165365131385	0.07834589896178833	0.0114012719718336	0.1324259728377369	0.03798151637444269	0.01874054112475006	0.01019821932647717	0.05010783222362399	0.1585736248222395	0.01221858019608918	0.01064539729705446	0.01021607382876059	0.01043349509624496	0.0111641172713655	0.01246148181731228	0.0104531975774656	0.01046524955755518	0.01055404362541927	0.01115766172215304	0.01028956700976773	0.07121672854640007	0.01634816254584964	0.01690236746370204	0.01785595349746348	0.01864734634922794	0.2378706569648258	0.3022254096831993	0.0106091390592414	0.01027607638701574	0.0102016849174568	0.4360840371900659	0.1985705343784076	0.1157600960707706	0.2114420717150587	0.1749658765281956	0.128063566498534	0.01317859744181637	0.3804768386047949	0.0179881000964248	0.01861896057588732	0.07605658744496573	0.251784464908293	0.1943982300158368	0.1033118674782184	0.01027669631156589	0.01066619498157218	0.0815713635037937	0.2587634901596332	0.01513301968227992	0.0188128874754165	0.01034287385861214	0.01011673229930159	0.01024582468019609	-0.001366770050878493	-0.04032529069543211	-0.01306481084729458	0.01052624348677981	-0.03267557775264467	0.0001673106102307793	0.04642642824727104	0.004648234536645842	-0.0151997673616657	-0.02926842460074804
1.282894736842105	0.01110595127515254	0.01127972699375993	0.01049034718397172	0.01041313186736448	0.01061514348293955	0.01156948869831783	0.01077491332987615	0.09951150827042489	0.06415256179481063	0.03577509435986592	0.0138030029772182	0.01190069770931921	0.02720404310171701	0.01257359242524123	0.01135078482252021	0.01069020118085493	0.01033698359096805	0.01772606146269223	0.0232557767281291	0.02702713719370966	0.02007412187731748	0.03887905035267906	0.04553051595753242	0.01624328991645865	0.1079722611125509	0.01357150051726939	0.01212071067745075	0.0875517923030938	0.1166586748480761	0.03586342140104102	0.1400795103135238	0.02754156023237677	0.0159947964255801	0.01014056196018912	0.06900838566316578	0.1553045946635307	0.01154534678353843	0.01048928730311731	0.01016663104766941	0.01033295999843238	0.01050245625998325	0.0103576961994463	0.01034098309702144	0.01041305261322326	0.01034237640458294	0.01055976981613544	0.01025282647769994	0.05611042382008148	0.01425644618951506	0.01494576724118864	0.01636380450419143	0.01769934594358188	0.1970822842889912	0.255457447346444	0.01072517119726767	0.01027121516730715	0.01015855521134738	0.4769080696104462	0.2207395300935953	0.1347229528136009	0.216108080726722	0.1738557025396583	0.1259187761910874	0.01130167754311832	0.3112939738389956	0.01654312349907701	0.01757689455854065	0.07043611029540167	0.1735266266470203	0.14424200583836	0.07816960843830005	0.01031280775807092	0.01062790501125343	0.1050568700807507	0.243346378871368	0.01304472985754975	0.01808051667127218	0.01035494420609658	0.01012870514700971	0.01026127089499967	0.06019249075829323	0.2258915139413848	0.1064004479821476	0.06944885286715385	-0.02246623364224309	0.003480306196719993	0.039175881606698	0.000375974439044757	0.01257933207619001	-0.001399883896053161	-0.005749214421009799	0.01989378439218521	-0.0006601521960775025	0.06900392953449613	0.04993730858970412	0.02806446541696711	-0.04253982100961196	0.1408950533868703	0.02301789768161909	0.03522680671237496	-0.3390848801775532	0.01152062388842996	0.01209092906325213	0.01040368739983422	0.01033143383737084	0.01059055931812554	0.01188035880557444	0.01039638511773064	0.1126848118899595	0.06859508647316867	0.03750192189468789	0.0129933731964567	0.01138591121842844	0.0340321450104938	0.01368538296379448	0.01042862728605545	0.01024977616385094	0.01021348625054514	0.01382097347344696	0.01236042897612745	0.01134331461935861	0.01964406847154821	0.0276250532379251	0.02754706749225191	0.0217413614324962	0.1110444566169929	0.01278816375100735	0.01155823296354179	0.05005123290363461	0.1237927055663605	0.01070170973129944	0.132561611537279	0.03459834161955161	0.01811863626376855	0.01010201577394984	0.04869641031852145	0.1681142053257039	0.01110965364038808	0.01031646260434001	0.01010651615833613	0.01021424047213331	0.01024407714172479	0.0101590546123335	0.01027843758468629	0.01034111842980861	0.01025291435179993	0.01032586173185919	0.01022165940056537	0.05820419218632479	0.01323593471531941	0.0139860385690797	0.01560453368323462	0.01717035872156568	0.2171387519352052	0.2829665694085429	0.01066353683172851	0.01023193460345669	0.01012743451959132	0.4496055593867989	0.217772181494705	0.1446301397974586	0.2102871768435387	0.1744351175758638	0.130320871760709	0.01069797973196724	0.3332784047114966	0.01580640171162338	0.017013806923956	0.09050463301555538	0.1977672735378778	0.1363846094146015	0.07878428269260343	0.01028162684885667	0.01056760991870385	0.11486388598221	0.2404949919776332	0.01202401213071284	0.01763464972383077	0.0102649266997168	0.01009395721823026	0.0101953259133831	-0.006034447076877883	0.01377252636591276	0.01588544708917176	-0.001359715510410238	0.003304089999891755	0.002669936303035821	-0.01552869868883325	-0.002908912967006811	-0.01676672221751365	-0.03012409248895474
1.29280701754386	0.01151768511410416	0.01174075478427471	0.01057785300623958	0.0104502503896448	0.01079406942212482	0.01268299786052828	0.01499335093961946	0.1059343942685633	0.0665345319744695	0.03687376505287976	0.01376510790426131	0.01187485672187523	0.03632945704452835	0.0125728970616377	0.01081591662084799	0.01050106487022437	0.0103665274042279	0.01406669039268968	0.01395875983807902	0.01451096992886534	0.01773012975184354	0.0267667607064633	0.03020163932329553	0.02184484729422928	0.1001450159185959	0.0135359220817262	0.01209130557415678	0.07075220562817937	0.120836696869604	0.02045131390576002	0.1330672242534627	0.04844637601667456	0.02064700456621195	0.0101415213885147	0.04801509896031253	0.1615286613769292	0.01152094731120903	0.0104502142032068	0.01015264402179128	0.01030531813247755	0.01075188434413354	0.01518954220280684	0.0103312740688865	0.01037782215382573	0.01036221868640226	0.01072860252529639	0.01023566170524049	0.06384943417928236	0.01415615604090677	0.01488500684195458	0.01637814150552072	0.01776911680426616	0.2213510164767364	0.2833882434717384	0.01064838121212422	0.0102414531820982	0.01014610994378386	0.4572600021585801	0.2137086905289281	0.1359501655884709	0.2132191080174359	0.176140025157764	0.1309296914982212	0.01262965433843901	0.3416870417090868	0.01656829606233553	0.01764909512686844	0.08904596490604104	0.2129922949761497	0.1554551481918619	0.0873889673938445	0.01027879897523172	0.01058877006236808	0.1072658899020801	0.2472109901344457	0.01288317804626983	0.01815747499377857	0.0103016435530649	0.01010806691973709	0.0102218768778275	0.0771190566230318	0.2140371090310823	0.1127017380011264	0.07406130553085248	-0.0287783025907418	0.002179083473033449	0.04168473544823245	0.0002835328764109113	0.02203511152095861	0.0008487407209712787	-0.004942809761941094	0.0240262095838777	-0.0005946174712863769	0.07133814182022508	0.06797075657884716	0.02691130069294023	-0.05334820072397619	0.1651426943730777	0.0437276952853524	-0.008583810435435105	-0.28566659426352	0.01184194908367692	0.01147400480483874	0.01099765367453161	0.01073413152776002	0.01132805372253049	0.01484917300652325	0.02601794963610186	0.108270224227493	0.06695218395048648	0.03755509580229526	0.01521353250951206	0.01276993935926144	0.05092984550476318	0.01098334708720742	0.01136215119620423	0.01091219078117552	0.01068878563929786	0.01057988612932145	0.0117790822375839	0.01416953390687392	0.01148447648220186	0.01358090458592735	0.02059550935405165	0.02690042146454188	0.06280844282856994	0.01493579336663811	0.01306903424783703	0.08548806025031598	0.1117310500069156	0.01106425807740322	0.1206734482030313	0.09424471732131734	0.02959322052868097	0.0102142007160097	0.01717515029980878	0.1634396905743248	0.01226948621113036	0.01064274054251568	0.01021708522857579	0.01043349807914631	0.01188556760818816	0.02728219697643648	0.01042992692757605	0.01041051589192904	0.0105973566958199	0.01162481827785229	0.01025030969062707	0.08594479040898818	0.01598330119604617	0.01667668899976268	0.01792075566146265	0.0189519692728819	0.2859157930320322	0.3573620632173972	0.01051590525715297	0.01022738916382667	0.01017359380013335	0.4045174757769472	0.1883967391740458	0.1199722639480845	0.2106547562125162	0.1828688612862754	0.1400834265268964	0.01710324982130339	0.4449790100662304	0.01809021062588892	0.01891438950986382	0.113151488388239	0.3339348701051333	0.2162968468927586	0.1197101499198606	0.01023048443134524	0.0105924490392146	0.0926697138729224	0.2690953826368028	0.01456982286783919	0.01917444118737626	0.01029540334905316	0.01010304916578542	0.01021429061773372	0.003233825387056606	-0.02975654153893964	-0.01098791034663553	0.01127860242445383	-0.03455342762780399	0.003931098587415056	0.04128891298028659	0.004182511723336419	-0.01946357546038912	-0.03112856594973573
1.302719298245614	0.01735851641109962	0.02807261874467952	0.01070082518789951	0.01048254159774302	0.01124440344260289	0.02452414518355287	0.02219252946305493	0.1076969586141391	0.06672061219920196	0.03678276608135463	0.01378312586476589	0.0118965901031113	0.04389803985279538	0.01170305874738236	0.0107546193971457	0.01049664953693464	0.01042724404386914	0.01163743958393795	0.01197030281225059	0.01281192019763629	0.01330350226769416	0.01719939866450622	0.02033669460560801	0.03368827876889578	0.08336471785596136	0.01355994990393451	0.01211709623042688	0.06360040963668109	0.1278947741767449	0.01423162507440935	0.1264010397207979	0.0755152735232371	0.02807670871343115	0.01014324295683974	0.02656714221302366	0.1635099970838313	0.01153869730398237	0.01044950342097437	0.01015203599457591	0.01030392988274131	0.01085805215468716	0.01471954115867696	0.01032627900182358	0.01034098020497004	0.01039142314545122	0.01085112010950764	0.0102240194464568	0.07347476429046339	0.01418705893558881	0.01490176103195771	0.01636946738302147	0.01774925421966871	0.2480120061453914	0.3147267484619277	0.010552603416084	0.01021116408995323	0.01013768117569238	0.4344487815372789	0.2046577968567559	0.1361990893590016	0.2083072160442189	0.177406332058501	0.1355513008139349	0.01329996781118211	0.3740903004796917	0.01656187636565685	0.01763940123809405	0.1097749081188426	0.2588495307477075	0.1681265031331569	0.09926478117786426	0.01024305278375714	0.01055146033047107	0.1090323748901795	0.2510151696460289	0.01293493144752331	0.01812410306519361	0.01024719061920006	0.01008761514864827	0.01018122909037857	0.09539158168497172	0.1963454458573227	0.1153805332814835	0.07891222960800579	-0.03588150711350763	0.0007163829144679868	0.04457049406066546	0.0001781187705548698	0.0311760347115145	0.003689990961996676	-0.003681723037512049	0.02847372585657883	-0.0004964161285327909	0.07831356312079515	0.07930046720666155	0.02984134119125873	-0.07492937039309425	0.1994801258709269	0.0725393340250209	0.02546360037663118	-0.2715142026270929	0.02562543330138342	0.05281490945328244	0.01066896514801856	0.01038748747398861	0.01163336693064914	0.04110840396933177	0.03124749767976332	0.1102348459688506	0.06738761783094228	0.03658473044308247	0.01306054701025483	0.01145556612781159	0.04894881151045532	0.01133653065773348	0.01036718203242847	0.0102650079010419	0.01034636431052054	0.01019582386655004	0.01040736801042004	0.0105584183476588	0.01058122405884329	0.01082509191001931	0.01125221828939499	0.04935831775380222	0.07573253075230987	0.01286945716121589	0.01163944960028273	0.04294973259424206	0.1468359449981937	0.01065722778291797	0.1207851229720472	0.09668576633958578	0.03523071797541021	0.01010708482944573	0.01164032316585582	0.1677637381126363	0.01116764013188491	0.01034060786403601	0.01011519267016031	0.01023046174616122	0.01044335817938725	0.01041907025685443	0.0102693088503218	0.01027561597966622	0.01031065874283012	0.01056781683006113	0.01020084515147466	0.0773386249687201	0.01325671935443852	0.01399034596980839	0.01559870917141136	0.0171924181942813	0.2708224895656126	0.3482513722950114	0.01049320407248666	0.01017784847991104	0.01011201281376743	0.4054851744663146	0.2001678349379584	0.1453578303798096	0.2007892017536541	0.1771892210030408	0.1396658519176671	0.01219983064118314	0.3985628928474266	0.01581162343964713	0.01705251610720496	0.1326511036212846	0.291276714181609	0.1602217237183448	0.1022486371333615	0.01022057215242269	0.0105006027535634	0.1218913440662002	0.2488021328403218	0.01208148142103907	0.01764465458092532	0.01017847688894316	0.01006327083910666	0.01013157345319566	-0.005332937943957439	0.00739338370835232	0.01561716253917254	-0.001500108392537639	0.00456823554395143	-0.002847203979204681	-0.01095650577664342	-0.002708834821757384	-0.02227820608498659	-0.03213363255368833
1.312631578947368	0.02215170363612678	0.04320409563423871	0.01081577099719713	0.0105133704167831	0.01167813050541521	0.03548986306851085	0.04464348764949502	0.111219361132084	0.06894431594810448	0.03778585440873258	0.01370036777337665	0.01181485931250156	0.05331656604639066	0.01131376613194867	0.01059268435020733	0.01041185532633698	0.01045282580919404	0.01081102074913206	0.01110213372467484	0.01143196900914075	0.01179383536115902	0.01342320234657591	0.01460920539212173	0.04533427065471785	0.07796768445205406	0.01347891403889274	0.012034324386549	0.05097974824458971	0.1386897790117835	0.01206622110001085	0.1219863398373288	0.1012769284577272	0.03692155692575873	0.0101353820548799	0.01741325504612839	0.1693975525125121	0.01146329882595034	0.01040127387073819	0.01013610962089698	0.01027241003695153	0.01095129325832702	0.02415424620085837	0.01031990541162555	0.01032415749561003	0.01039637072184501	0.01091429268887792	0.01021720641026239	0.07917133470762233	0.0139656198755344	0.01475585331965309	0.01641561717124208	0.0179880593493088	0.2671603052965218	0.3394120113143765	0.01051657765400744	0.01019708630491453	0.01013088703534424	0.4227786849325539	0.2014314520372537	0.1386972416148085	0.2078856565326648	0.1804375602130837	0.1400986091044184	0.01459480387776832	0.3985581208985042	0.01663775208452151	0.01787248770340782	0.1236164121225985	0.2887197401042752	0.1747457818030415	0.1059321987787446	0.0102304767564275	0.01053708438251653	0.1186373203561147	0.2557055676756717	0.01263610553530091	0.0184078410694122	0.0102247874401038	0.01007967551657562	0.01016518073641485	0.1242409869302155	0.1763349930455811	0.1155896214564958	0.0827709566727251	-0.04290245100735307	-0.0007238853825937041	0.04754429141342026	7.431410746408352e-05	0.03868855642427939	0.005903718087021249	-0.002409412778003617	0.03299513234536688	-0.000388918608706777	0.07611238093513276	0.1009109536791912	0.03588928421181696	-0.1135787185085787	0.2352129977420634	0.1044473125140691	0.009552986863692974	-0.2135904924774725	0.02037945145685292	0.04038187537574588	0.01122014811517346	0.01079444293341078	0.01218079700026482	0.03596408443795594	0.08861871842498256	0.1178364565733809	0.07390962430464686	0.04074891847717887	0.01495034823816345	0.01250726122525492	0.07246783389958975	0.01066919777843708	0.01094219242357996	0.01066607731810292	0.01070660143562001	0.01048420983565927	0.01112814363442581	0.01171746479713914	0.01135487356401799	0.01206260747255276	0.01352734053381694	0.05025792867645035	0.06817829159263207	0.01467205726317296	0.0127992715615434	0.05337820873545408	0.138799293469292	0.01082405668557802	0.1153903404103618	0.1491737605120342	0.04916080508311878	0.01018937789192491	0.01319959331725106	0.1817276099563761	0.01202953523906875	0.01050107162513166	0.01017068276881415	0.01034181381016831	0.01206029159636787	0.05643499770535224	0.010415866564545	0.01039589573772456	0.01058420671561223	0.01169501157089929	0.01024127097024167	0.09304620706845153	0.01529525800480748	0.01622618696537902	0.01806693692489848	0.01968576928254705	0.3127971093593422	0.3960797593529729	0.01050075504113027	0.01021463532537816	0.01016155675899255	0.4098966765404923	0.1928092006365144	0.1283691286377386	0.2179620479136168	0.1919811983951687	0.149204182789215	0.02032083574087295	0.4799686523298478	0.018322978892885	0.01962097105273424	0.132292424657106	0.3720534863341341	0.2212677474621799	0.1269650952220785	0.01022735305403959	0.01058552092521044	0.12299154361159	0.2804418550043454	0.01363402305453437	0.02005649816301434	0.01028104841086474	0.01009904912409008	0.01020555960392755	0.008592756111691172	-0.0338069255072307	-0.0121231342970497	0.01096528639139909	-0.03343689962869351	0.00183963651921906	0.03856057113466308	0.003942671214994491	-0.02441828641151272	-0.03319054139418606
1.322543859649123	0.02966372030461842	0.05612052950157459	0.01089051077328454	0.01052744126425059	0.01224051138090903	0.04346187225956218	0.06779222712211405	0.1152687799620951	0.07154724853564751	0.0389324826981998	0.01363254920277858	0.01176207888907818	0.06269824279797499	0.01087495615280873	0.01056073078700178	0.01040087026923995	0.01047942588578481	0.01045407783665133	0.01076044528105302	0.01105932395187722	0.01113553055186237	0.01189265912518253	0.01271744622935238	0.05093438491283575	0.07519167123337211	0.01341343706931017	0.0119812072397001	0.04476966262399846	0.1443657183707357	0.01118843111942045	0.1193056153329878	0.1315453803121026	0.04481654966354479	0.01012862893575328	0.01367065398496027	0.1763877536381284	0.01141816890123626	0.01038036060614685	0.01012925658092784	0.01025870772392719	0.0110930386169812	0.02778788153246779	0.0103088257211752	0.01030110629733335	0.01040611981981681	0.01104608264542135	0.01020739437154177	0.08635553668078345	0.01387721997731967	0.01468552025047955	0.01644307738155551	0.01817012615870827	0.2874747170425214	0.366184455991052	0.01046204983455426	0.01017913196732912	0.01012328818781641	0.4149115994926703	0.199049760592878	0.1405568720638659	0.2091161460044996	0.1845680190507435	0.1450621886402834	0.01775360740193849	0.4260554374060108	0.01668850398597306	0.01805292194944412	0.1359613923060197	0.3209546313171384	0.1817178876304816	0.1146157431454814	0.01021443938151865	0.01051136269386874	0.12859478615472	0.2627331710888102	0.01255435421900048	0.01862616817984192	0.01019974024025171	0.01007053554010661	0.01014663541564927	0.154343347341263	0.1552247964250542	0.1155104939311999	0.08661739659987203	-0.0478576208604266	-0.001644191120981455	0.0505737462285931	6.317067314728357e-06	0.04435590268474687	0.005649560525883475	-0.001812294748880085	0.03713827943680126	-0.0003057709400142228	0.077169703141858	0.1212153646396541	0.0342052291192169	-0.1645361971346979	0.2671617406571699	0.1317552342458783	0.02159182847363202	-0.2294557185921098	0.04047055936351018	0.07559213895854337	0.01077146140758884	0.01040331614699021	0.01267495056210744	0.0534063460247659	0.08173792234980376	0.1203375707333337	0.07399805013805695	0.0395058596208394	0.01288446413590708	0.01131583359459123	0.06897255400797637	0.01061423260215691	0.01034814134200216	0.01025754070470243	0.01037726500942543	0.01020381925416718	0.01037981389998052	0.01050457366775434	0.01060143036407789	0.01078227884524811	0.01105433297850802	0.05634987727463591	0.07726607832533661	0.0126967916489066	0.01149745433381982	0.03456585827914121	0.1539392686007847	0.01064355331579564	0.1182794007394725	0.1642611675614826	0.05161046495948878	0.0100893591273058	0.01121230133145016	0.185738824664264	0.01104895483465949	0.01029023919196267	0.01009893263492808	0.01019784732868545	0.01071105643216247	0.01625038509801172	0.01024627644762193	0.01023513461907211	0.01032419864968977	0.01082147601988389	0.01018300252247272	0.09077178343163482	0.01303693400369372	0.01381491814404603	0.01566912678595964	0.01764940949779139	0.3085780177796938	0.4013515577332449	0.01039846593956284	0.01014661918123561	0.010097715544817	0.4042789879165909	0.1992380575121035	0.1490787276069449	0.2072779437616325	0.1870360206376136	0.1494603470810112	0.01914427463920416	0.4525858021178798	0.01593859232277357	0.0175018916026864	0.1528720553866015	0.3500024989292691	0.1710584312280317	0.1185022465703812	0.01019596003122686	0.01045525411235537	0.1470054767301804	0.2657844123271476	0.01188242124038217	0.01819671603871711	0.01013823867990917	0.01004870702085487	0.01010182503472123	-0.005694358128641076	0.007713714131606534	0.01734352540293169	-0.00092068008882036	0.003847731996937749	-0.003794869992148289	-0.008409933293141525	-0.002730725982961792	-0.0259722863146565	-0.03422925275586935
1.332456140350877	0.03087869752492947	0.05802513922790496	0.01085749756892995	0.01052439996075796	0.01222918824681019	0.04221578510979628	0.08558532725132403	0.1225874564279476	0.0761745699885428	0.0410798839788822	0.01347102041497778	0.01161711406776283	0.07412882373336457	0.01068280318325516	0.01056539529365921	0.01038929492140589	0.01044784903714307	0.01054345228406432	0.01096281748927746	0.01123551788227201	0.01134441670848835	0.0122419781308347	0.01320309165294994	0.05240486586484366	0.07920316490055278	0.01325221014076184	0.01183311766433419	0.04178721630243774	0.1460671602399929	0.01081195211691533	0.1186841131744198	0.1656626491813583	0.05456424995666406	0.01011203794096048	0.01390340027783968	0.1877737616491024	0.01129165411425012	0.01031997810544335	0.01011002434647914	0.01021991420626535	0.011091570102547	0.02848186120175891	0.01030446832852427	0.01029288854393425	0.01040658497291718	0.01106635939096954	0.01020574812410912	0.09010744819412743	0.01360593565266073	0.01448790833597413	0.01651552965341341	0.01858147758093665	0.3012340616809203	0.387291842456965	0.01044157115019974	0.01017150850933444	0.01011927191600228	0.4146965169331995	0.1991393166610705	0.1417874300965012	0.2120849583369445	0.1882320928419055	0.1482858155727662	0.01918008868129915	0.4458733469049618	0.01681003007936238	0.01845307554746618	0.1418611310698982	0.3410873008146663	0.1849823186621134	0.1190978918271924	0.01021240842649222	0.010509235013848	0.1449907876080019	0.2689362378473192	0.01225756363715194	0.01912299002697205	0.01018806231719572	0.01006640583450806	0.01013833550359311	0.186120934014628	0.1458174537370329	0.117821722868071	0.09042333833174376	-0.05074458204971001	-0.001997985689333811	0.05345956354841491	-2.326378162240516e-05	0.04720081056147023	0.002911649790759471	-0.002015370979100869	0.0404958817867747	-0.0002562956888710574	0.07694926822578375	0.1417354500492186	0.03613752500635081	-0.2247457529639296	0.2889254124661561	0.1516451734934965	0.02801083764523248	-0.1756679036120104	0.01613202849327874	0.03103134304272256	0.01105146422000146	0.01077208635076844	0.01160809213315948	0.02325190682553646	0.1212244457495762	0.1374027359231989	0.08579373338146674	0.04616634344043043	0.01453606864945629	0.01212879214922216	0.09874329371202575	0.010520863313209	0.01098634516353617	0.01064235110719756	0.01058811087433174	0.01108792012352556	0.01205167373842891	0.01259375346782001	0.01260176249576583	0.01456984140147674	0.01679531078794079	0.04850945818244769	0.08486320945845431	0.01425655461293207	0.01241174369532508	0.0509214741144994	0.1359568450563213	0.01055294375267419	0.1171827250554258	0.2291237795964418	0.0712982145121579	0.01014685135462674	0.01755177981333823	0.2124323923783057	0.01169852568849298	0.01034276902836168	0.01012046162131648	0.01024037948601474	0.01192111380112842	0.05513335184059112	0.01041353728644178	0.01039355237067154	0.01057631336164006	0.01162947801140471	0.01024573524973419	0.09630530359674679	0.0145747391269204	0.01570641806428792	0.01825637041670864	0.02073808466236715	0.328098401465119	0.4272162189686206	0.01049218676584431	0.01020919986462136	0.0101569252325404	0.4282378191950165	0.1974184866564311	0.129798750088769	0.2271247613505174	0.1986297622697131	0.1530305892821646	0.02151912176608197	0.5031552717520239	0.01863625204258216	0.02064129345064881	0.134359037456339	0.3896779579756581	0.2221545567954974	0.1303413281244869	0.01023659789224708	0.01060371114454404	0.1660262017629771	0.2915533494656882	0.01283308709544992	0.02132966028347603	0.01027038681386924	0.01009554539924972	0.01019868671121005	0.01219230488006232	-0.03772027506310328	-0.01407101292735854	0.01052744414937962	-0.03181901274656662	-0.003304809258001496	0.03856613806304119	0.003893814687505108	-0.02752922412238224	-0.03520440297043829
1.342368421052631	0.02325737151721125	0.04675932103892374	0.01079062239303615	0.01051488327459229	0.01168281290667557	0.03300981016051514	0.09872458980805501	0.1321626591926044	0.08271460637651941	0.04425738000265414	0.01331246748643979	0.01150141784194915	0.08726449959845227	0.01049890624740286	0.01055256511501819	0.01037981526821042	0.01041708706302907	0.01037768862313034	0.01067733291913986	0.01086200722516941	0.01120895179942928	0.01171626534978362	0.01251277521802814	0.05020143258052002	0.08643190929589425	0.01309336272301192	0.01170922885383099	0.04581391067213209	0.1458663144151597	0.01060542490332227	0.1211462695202444	0.2008337002241238	0.06338763019290687	0.01010082469414489	0.01320229911743085	0.2031739179025846	0.01119512198882937	0.01027796134054241	0.01009652538799973	0.0101928158925733	0.01108044780560818	0.02888328168214782	0.01029102080314336	0.01028012772805071	0.01039015707637914	0.01103572152513772	0.01019881348657832	0.09403051749149774	0.01342189126577551	0.01433723796934442	0.01658158989316961	0.01901320502296121	0.3140207444616312	0.4081627307257894	0.01041234041033827	0.0101621684670991	0.01011351012915534	0.4234988663781504	0.2027341800782573	0.1430985766930768	0.2192318675015855	0.1940570372235313	0.151928609891342	0.01957943774965855	0.4675867974458779	0.01692600633775785	0.01887369443794219	0.1432542040079784	0.3595491472300252	0.1881380060136249	0.1241249523167637	0.0102083882930606	0.01049405496817815	0.1627180734090223	0.278467999786383	0.01208982905489519	0.01965178939618844	0.01017714883618286	0.01006239152471753	0.01013023738635168	0.2183196621355876	0.1427676237720115	0.1234177292654967	0.09331938127230457	-0.05006592370259464	-0.001594050262853924	0.05567547488858286	-1.77229850741867e-06	0.04588703662974638	-0.003328466387902167	-0.003315524342337175	0.0423438897418054	-0.0002567910995530834	0.06684415730770575	0.1537444313149278	0.02757542370734572	-0.2866613279351796	0.294855533122135	0.1542273889276975	0.01772355475895873	-0.2087511343194815	0.01978815718418912	0.04200704064622111	0.0105757958120893	0.01036461955449454	0.01121264698586345	0.02854446774391328	0.1027741093688873	0.1435832925539452	0.08957982737027513	0.04695696842264878	0.01252652601395195	0.01105928070900489	0.09797800188845759	0.01033255394308561	0.01035742984860862	0.01024855788174037	0.01029368517575192	0.01029877204715511	0.01049347369803058	0.01059395440360644	0.01092264573258436	0.01140330993664748	0.0120383108769075	0.04727030133305193	0.09625202689966045	0.01233709864062171	0.01122066729917118	0.05259312639206307	0.1488075555090747	0.01044678043633916	0.127697063176823	0.2398542791089366	0.06936102986845934	0.01006538965687513	0.01279956357228862	0.2240505442291911	0.01083631107245035	0.0102010486358733	0.01007031778014766	0.01014029382558626	0.01062352139411102	0.01398830424804061	0.01021842810381519	0.01021304832449691	0.01028189835505269	0.01069781264217088	0.01017025801903357	0.09714769351261565	0.01264455460386622	0.01348819544935422	0.01581598347772805	0.01861894699955475	0.3290085870243278	0.4397280985972969	0.01034728159200071	0.01013065030229693	0.01008683977111123	0.4406330240060898	0.2108462947709294	0.1507200912158319	0.2268496992010892	0.2003495286302461	0.1559123355271712	0.01872804940090016	0.4943770984782911	0.01619659723911209	0.01844612751725565	0.1480311637190209	0.3776381561832136	0.1762083789087169	0.1270005791295824	0.0101920926132825	0.01042828595033817	0.1881145886041861	0.288406452202436	0.01153601762039305	0.01938662729755439	0.0101211920276444	0.01004237400997725	0.01008911685709831	-0.00763452167551587	0.01109917601407354	0.02050714460315112	3.42755320509453e-05	0.002733443483819759	-0.002100848564943264	-0.007645731103477723	-0.002960798943630296	-0.02900855261883599	-0.03597436076252932
1.352280701754386	0.01887355012819016	0.03583458507490452	0.01064220622479322	0.01045416596312383	0.01122557164454088	0.02576186698853372	0.1086697076778933	0.1447091985218903	0.09095961703752874	0.04826835389759326	0.01307323029167602	0.01131789651369739	0.10237004639567	0.01040465746629389	0.01067961007703686	0.01040782501398493	0.01035245281496581	0.01199883630849278	0.01358083530728703	0.01441087753826331	0.0132867355463335	0.01781732864983905	0.02134453075078582	0.04305692415452923	0.09423786223733668	0.01285228817158912	0.01151410313889741	0.06861427543241326	0.1403070788127422	0.01045740419493331	0.1276627776057169	0.2336060589873687	0.071907125495854	0.01008290796861689	0.02248488335491763	0.2221287038079785	0.01104180332941923	0.01021930339859582	0.01007788779800281	0.01015480554112904	0.01096364530389768	0.02097299340241016	0.01028418595100869	0.01027523398742972	0.01037635865213604	0.01095822299598659	0.01019835956699493	0.09570141396744104	0.01314948961668332	0.01411661797941162	0.01667575947015685	0.01960505630594513	0.3223049986064974	0.4250017857443339	0.01039549254173487	0.01015687227030251	0.01011013182503099	0.4348221294729895	0.2055302937922563	0.1416244692308698	0.2261524436418579	0.198377931511139	0.1533677309281993	0.01886325489374496	0.4846078664549724	0.0170889629962912	0.01945175429684361	0.1394830487078216	0.371070963145563	0.19223387099537	0.1266069346268732	0.0102112541853235	0.01049398176843022	0.1841139877956284	0.2867395251213032	0.01184184399267033	0.02037264750927786	0.01017101413629044	0.01006010512136034	0.01012581607802378	0.2387723034108487	0.1517130068734712	0.132242627165392	0.09578173065071784	-0.04644918812708605	-0.0005377557076688218	0.0572927233102859	6.546721080399775e-05	0.04134147594087117	-0.01235263794055875	-0.005558121576191286	0.04276790011877315	-0.0003044644434976876	0.06030969645586765	0.1678927404145588	0.01541273245037297	-0.3434739542857588	0.2815271446887648	0.1393113604771448	0.03939143333943617	-0.1752251690880385	0.01101336252078732	0.01085980999503038	0.010676891223256	0.01060190822995524	0.01078033058015349	0.01149431635071543	0.1382329260151498	0.1676792758096021	0.1048316651706346	0.05521549980083432	0.01397876170766971	0.01169657139663123	0.133043164858745	0.01041773596973687	0.01137374016872374	0.01073403165034929	0.01042660678761169	0.01604433006817832	0.02094425975695853	0.02350344657944264	0.01889734683363682	0.03332955721565494	0.0440587982798122	0.02879906923042979	0.1014197124790966	0.01369423020783525	0.01195290836130152	0.1199564041273917	0.1166139063535617	0.01031279276931913	0.1362377001570307	0.2963096962606324	0.088584408385307	0.01010465110554875	0.04623755540534805	0.2580868000104716	0.01133745998296489	0.01020963713546152	0.0100783070965935	0.01015399170859316	0.01158647996741343	0.03054733815771472	0.01040614640689452	0.01039123658429552	0.01055120377473551	0.01142964667383988	0.0102509830580886	0.09666887338712443	0.01394362543314948	0.0151962637824683	0.01847298331987787	0.0220865886676205	0.3353663496668626	0.4520879378937283	0.0104702602195551	0.01020244673849518	0.01015243093672724	0.4573334176782695	0.2015541016827089	0.1225159757516675	0.2408151404883167	0.2047514146728442	0.1524237361082551	0.01897802904290264	0.5264225602160305	0.01900961750970758	0.02195937165393688	0.1188523250289813	0.3978679513375701	0.2323612590220834	0.1316735903631858	0.01024887148364144	0.01061793349198215	0.2163825666582571	0.3059126427854017	0.01225964630151072	0.02297002817723819	0.01026265280269309	0.01009261240281551	0.01019333366726367	0.01542565898063258	-0.04066181156967875	-0.01581164470943884	0.01056777771691122	-0.03259228716741692	-0.006854831221349318	0.03994778600522533	0.003917983186765297	-0.03026858521676342	-0.03666160632651549
1.36219298245614	0.01365519144211457	0.01989167843600322	0.01052175502177551	0.01041203675767687	0.01079859678185595	0.01644122298870615	0.1144845764125691	0.158043057618067	0.1008066395191665	0.05332440899260055	0.01287392124186433	0.01119308939278777	0.1194719092853964	0.01032515548306271	0.01073267867722148	0.01042130920497396	0.01030507179124231	0.01205339757713574	0.01390655009618171	0.01542484428714626	0.0148176049968897	0.02642550046536237	0.03525246488839794	0.03220840066626975	0.1023482277461707	0.01265358933975014	0.01137569517708316	0.1048894810182447	0.1338376076588892	0.0103505486196467	0.1370947480558311	0.2606377209696299	0.07759194171449244	0.01007294808010516	0.03718469223701588	0.2438646121523627	0.01094013545629961	0.01017925131984434	0.01006505009432461	0.01012875249026435	0.01087332501043579	0.0190338692657744	0.01027261319759758	0.01026874102150522	0.01035331179561132	0.01086247166286255	0.01019311258487993	0.09679429135940838	0.01294532646206172	0.01393335152114339	0.0167695950641406	0.02026877925222203	0.3286326184716286	0.4401752780080104	0.01037728940049004	0.01015186950659979	0.01010608847366765	0.452591044828682	0.2106977213518867	0.1397816354006968	0.236261251860929	0.2039476293481506	0.1545415222891328	0.01659139004268058	0.5023956458078906	0.0172571628687257	0.02010125195109506	0.1312435380327264	0.3802060211538522	0.1980231115534214	0.128839397524307	0.01021160414334514	0.01048305703373023	0.2063089090687497	0.2971645185283773	0.01167741181701446	0.02118919347628363	0.0101674710377518	0.01005870047053808	0.01012312389607533	0.2437804790719308	0.1727441888202724	0.1429896419787432	0.0971194147257093	-0.04054998895837504	0.0009499003372342507	0.05796150886657394	0.0001635085804901004	0.03324099155372183	-0.02281250596541584	-0.008291804854651691	0.04137704216413265	-0.0003852757899607686	0.05327926372368455	0.1700808186803911	0.003596510374310043	-0.3842887664240285	0.2491243558307695	0.1086317947439142	0.0122692445618298	-0.1980820142418962	0.01065777271546639	0.01052431234520398	0.01033436455907527	0.01027070078704959	0.01044986200140351	0.01103595068587275	0.1109469426571871	0.1723699638099364	0.111155961899518	0.05793724462174906	0.01212550505161471	0.01081830317277392	0.1353869864043266	0.01021282217881516	0.01048484156747082	0.01027990085108352	0.01020027607510407	0.01135315833592178	0.0132309059489996	0.01641184450414782	0.01426921305375338	0.03188958903191125	0.04549399468038375	0.02349875151880437	0.1119583199616533	0.01193730096602258	0.01095054360718437	0.1445283593668328	0.1347652492791123	0.01027286661353201	0.1518468216387008	0.2839611760531249	0.07835878163779472	0.0100472786853859	0.04730732671853467	0.2728148037961757	0.01064156037023261	0.01012582151012542	0.01004609737691863	0.01009113491262306	0.01042910235218043	0.01062490903455491	0.01019541609161442	0.010201529546234	0.01023357223870412	0.01048992350248664	0.01015990951142428	0.09795493594524657	0.01224177362195996	0.01311769645513312	0.01601204274396781	0.02003316373055425	0.3363027763852154	0.4651656914014178	0.01031313295467129	0.01012163677314233	0.01007913136406254	0.4873422012012592	0.2226376793771361	0.1446633868586613	0.2503579155735766	0.2117803053437698	0.156683208375477	0.01336681704398093	0.5289135464517736	0.01655024714823383	0.01983177229630924	0.1250247072949789	0.3887919708466199	0.1910662094092526	0.1301742671102287	0.01019368752594946	0.01040621678225628	0.2365457160787155	0.3112896716885417	0.01122327015975691	0.02112845133155851	0.01011635080552212	0.01004033744888359	0.01008534687972701	-0.01211591748099729	0.01482839716600264	0.02523879637691559	0.001242487236343791	0.002311010769727982	0.0003414869895781668	-0.007951653116885333	-0.003328030948882411	-0.03115061455356647	-0.03710700731317486
1.372105263157895	0.01179446825263614	0.01409798925939536	0.01042692693488498	0.01034602721063411	0.01059402059521936	0.01309996707818118	0.1229672488523549	0.1710873531101414	0.1102667656752441	0.0581671843174951	0.01266507969227638	0.0110580281704419	0.1374541501604503	0.01028876968221849	0.01087417955729887	0.01044289291276057	0.01026421378268592	0.01718505474253474	0.02451749423635143	0.03282008300675952	0.01636460378420449	0.03618850571333049	0.05068082081963043	0.02562421459352239	0.1063343983891266	0.01244241505832541	0.0112259018986446	0.1488701811413181	0.1319723255987649	0.01026980370666033	0.1503630146530879	0.2744482136627853	0.08161718168799523	0.01006201765546744	0.04996644139741475	0.2643821398267944	0.01083106052045144	0.01014047221666719	0.01005231716574104	0.01010299081077618	0.01078085045995511	0.01414551040362884	0.01026395507431756	0.01026342670223206	0.01033600298121564	0.01078063447440098	0.01019107403959917	0.09691221338561486	0.01271686670601174	0.01372807954358297	0.01687124741523763	0.02098048671502534	0.332452470071043	0.4527298380627628	0.01035851180966519	0.0101463331676659	0.01010247318172506	0.4684443502544717	0.2130538334197911	0.1344405033717035	0.2448211937607554	0.2076926581640364	0.1537997959582542	0.01516714347261222	0.5185192860744525	0.01743994837431252	0.02080235345396783	0.1202036776168965	0.3872019348702469	0.2074992417586128	0.1301023755280175	0.01021351431355683	0.01047673904012126	0.229233797039828	0.3061845911988899	0.01149692398582706	0.02205930748428962	0.01016343796530586	0.01005706675844917	0.01012009680044655	0.2252088622205914	0.2060365634017938	0.1535485519134516	0.0976409457679383	-0.0336116009530905	0.002605977166024082	0.0579276323152134	0.0002750664233608196	0.02357046789498205	-0.0334333259577867	-0.01114761093575166	0.0387548721092321	-0.0004857848158901551	0.05886079582071448	0.181302581999189	-0.002002598156427524	-0.4061013999033088	0.2020518798768856	0.06785577433258025	0.04045883682801302	-0.2007708611287126	0.01065134795319797	0.01043748924806747	0.01051158700097007	0.0104471472599735	0.01058361376826799	0.01103321063034673	0.1598497051719887	0.1942446531713775	0.1237134448701874	0.06480149179345382	0.01355097976316646	0.01141641936011388	0.1722870078767076	0.01038593808830331	0.01174135613654105	0.0107849302109206	0.01035107322806213	0.03134332543177669	0.05279994155049227	0.07593677077422634	0.02205044989187325	0.05479055347178572	0.07824406946897507	0.02058910801993127	0.1037843757104586	0.01325902784339953	0.01164213340090435	0.2279526386861072	0.1201968858188068	0.01017618575593204	0.1691690010457211	0.3001373886920181	0.09483316895026526	0.01008186779134265	0.07118688819106675	0.298540189234541	0.01111209530723019	0.01013328979815873	0.01005294067371839	0.01010274512509456	0.01139919376908423	0.01775710997993165	0.01039159360673954	0.01038172450802276	0.01052202300343059	0.01127901860065224	0.01024995275028405	0.09558217665692131	0.0134624658881494	0.01476338538555813	0.01868483018797365	0.02356641909593197	0.3375553977335597	0.4710792041392733	0.01043215192406271	0.01019086611334464	0.01014560597619586	0.4846143342076211	0.2010678298373234	0.1067052929975762	0.2552660015269223	0.2090185671496781	0.1478694679386174	0.016954440978452	0.5550136250007911	0.01939120869851544	0.02342150923794363	0.09332018106238858	0.4071364621726521	0.2587636192181476	0.132774265294676	0.01025417427488579	0.01060967448170262	0.265599234403839	0.3213259341704766	0.01188295691355295	0.024774908818017	0.01025411954339361	0.01008912728895502	0.01018696047909872	0.01616873281872788	-0.04162946733537688	-0.01719179886431999	0.01145920848733499	-0.03599295338161331	-0.00764239436053553	0.04153414631936162	0.003952341914016176	-0.03192171615833026	-0.03753429304501982
1.382017543859649	0.01095873708378277	0.01166172800423272	0.01036812031797825	0.0103073111146367	0.01047158615852609	0.01162406096011405	0.1277587983922825	0.1806125705935658	0.1182104817294959	0.06242904987532521	0.01252558696867911	0.01097876863186956	0.1560746953105814	0.01026036511453215	0.01091825106773362	0.01044857278576435	0.01023867914895359	0.01811994788413286	0.03569406079420836	0.05546908894392336	0.01678436723599931	0.04557464178150169	0.06646376793520878	0.01994491193257782	0.1084677839336587	0.01230259040687135	0.01113548563458434	0.1927727387833081	0.1319495850523461	0.01021590115536309	0.1628330534158748	0.2774661143446422	0.08076933362649436	0.01005649739333258	0.0636133393767751	0.2812397405308987	0.01076762765462525	0.01011638885465386	0.01004453988673391	0.01008715463626624	0.01070905797082801	0.01336430383029747	0.01025743095738783	0.01026398068821013	0.01031763770714256	0.01070498645650631	0.01018920451004488	0.09535915460723428	0.01252769737861043	0.013539812178093	0.01698817106166656	0.0218725380263382	0.3328315554615356	0.4618019507298438	0.01035101646070371	0.01014575839330744	0.01010075514854868	0.4875686895841145	0.216576818749269	0.1280612145768831	0.2549442807377732	0.2112366103931409	0.1516838230191547	0.0138979666806515	0.532647111363279	0.017655851851128	0.02168257555232734	0.1035183137325581	0.3895377582883247	0.217460772238646	0.1298037488603507	0.01021932089028485	0.0104738894862227	0.2529459342767362	0.3153993828355305	0.01136246061241664	0.02315129708836859	0.01016706201430618	0.01005816218682052	0.01012266355339319	0.1884636949683279	0.2446752071859932	0.1617526298323479	0.09507111362891683	-0.02685748707627714	0.004006468043458698	0.05650637092147821	0.0003730833547157436	0.01105181024756188	-0.04241691868652048	-0.01345132111370203	0.03439593720061385	-0.0005829479779166952	0.05602926249318327	0.1780340859926657	-0.0007680323495057451	-0.402701449192642	0.1473950064237632	0.02110472952968093	0.01155947992485989	-0.1863573613104718	0.01044459179738733	0.0103061463005679	0.01024843477720315	0.01020470152454786	0.01031704219591718	0.01074179847221645	0.1157763253192766	0.1860308329576463	0.1241601598368839	0.0652134492296642	0.01191545286764647	0.01070523316713761	0.1729153285367173	0.01018224279656588	0.0105883203891004	0.0102961287554658	0.01016272817302541	0.01233921980813083	0.0377879607123695	0.06789646692917455	0.0143380581022887	0.04993932093509988	0.07676973455555611	0.01472595184434166	0.1127241513432955	0.01172528982555142	0.01081897259567409	0.2363356725814748	0.1376540990211934	0.01019038872835518	0.1767032824603232	0.2672951253340373	0.07227465987157713	0.01003998592984492	0.07356761159032287	0.2980978536837903	0.01055215642080127	0.01008741255506966	0.01003361442623719	0.01006579373367557	0.01028702281096826	0.01024796720471639	0.01018148315869353	0.01020253701411553	0.01019519766383596	0.01033785858881698	0.01015546573734122	0.09381625671994942	0.01188088708398875	0.01274923844317726	0.01624868636127122	0.02187392956945712	0.3318399533002173	0.4771457786939444	0.01029817013047309	0.01012048677768172	0.01007542780087423	0.5307693707286991	0.2295074653575546	0.1286879734108181	0.2726753828809136	0.2183543630952996	0.1505978169572956	0.01117677754183849	0.5559577266743034	0.01699001206688449	0.02165111572537198	0.08620482635448277	0.3879953241550124	0.2144692195938244	0.1286050912847282	0.01020541711509384	0.01039913003976581	0.2858436876632041	0.3304571594195324	0.01097474760202739	0.02338389173461155	0.01012434986219455	0.01004276815960294	0.01009100261627226	-0.0156864500989466	0.01291509488136945	0.03095389556577605	0.002247829730987082	0.003079136870615227	0.001981317429984841	-0.008523963526655985	-0.003700426307259851	-0.03240571015691572	-0.03763614307499123
1.391929824561404	0.01069705516874161	0.01087021308419328	0.01034490845295034	0.01028739549982071	0.01042883861629024	0.01118963289131972	0.1252272879301492	0.1837359152072157	0.1201849080710852	0.06340996601706778	0.01254079727033887	0.01098868603234888	0.169780995320594	0.01028121266555922	0.01112276225815077	0.01049636940515637	0.01023293520776341	0.01878034641612193	0.04401270133648973	0.07210165993388093	0.0163058521990171	0.05098171569206798	0.07619873751050149	0.01751905070158875	0.1076878811432077	0.01231170249412171	0.01114377141963287	0.2234311837863405	0.1315058275079603	0.0101887471131346	0.1717049058026004	0.2695594601023833	0.07841333725703373	0.01005706716067731	0.07116850656786565	0.286411873756194	0.01077766241114155	0.01010316705123466	0.01003986540619335	0.0100781713011568	0.01060548042178306	0.01192798532077243	0.01024030073239985	0.01025180186975126	0.01028875370103574	0.01059989365955532	0.0101809133029398	0.0956214727347563	0.01235546805815605	0.01337025402968628	0.01708014479861633	0.02258253177939363	0.334807567254906	0.4718461193618601	0.01032276768584394	0.01013630210440223	0.01009391193516558	0.5062101159271872	0.2184424647190547	0.1180596414134526	0.2661686256454064	0.2155693074477605	0.1497986400039248	0.01280740181067521	0.5525661232542909	0.0178265948309282	0.02238939930849808	0.08541435895028714	0.3978573175964541	0.2324633990752723	0.1317350427775443	0.01021665251611586	0.01045414607130004	0.2735300964243187	0.3265625679566929	0.01123815390161607	0.02402481935099769	0.01015973072513528	0.01005529665894637	0.01011709855076938	0.1386198827586181	0.2653392996515105	0.1663220549985636	0.09040399248379941	-0.01850479933708255	0.005408378409069912	0.05412433429314954	0.0004713405880169031	-0.001629323798553778	-0.05164023915746773	-0.01574758760043458	0.02928447848775944	-0.0006922602459232075	0.05898792569927048	0.1873699369612348	-0.02768196730321523	-0.3555073963928282	0.09745679025271335	-0.03398616180795751	0.03208275177566373	-0.2275524276382991	0.01067803456057467	0.01045330160741645	0.01049898393405388	0.01042516852025175	0.01057391137089765	0.01116919767742236	0.1441567500350434	0.1899444427714455	0.1191976969972442	0.062884059457073	0.01372981790100547	0.0115212394673713	0.1933855864383218	0.01047443704623954	0.01230400535355538	0.01092063499722445	0.01035838175073806	0.03244905171147328	0.06759473431851479	0.1056641139540521	0.0202135174836419	0.06169079040012886	0.09163559529656512	0.01904695630144226	0.09811449626036615	0.01341997023302476	0.01175282388527673	0.2737031516991393	0.1186815592802718	0.01014730639272615	0.1815380277062154	0.2620516247235159	0.08812006914350498	0.01008878816214533	0.07974544587045813	0.2854205201473731	0.0112021191199756	0.01011715995569609	0.01004653684919265	0.01009128442078636	0.01116151280197864	0.01423701886189594	0.01034724831913359	0.01034526476086781	0.01045423634014947	0.01104058084620353	0.01022726909475124	0.09856565912709363	0.01313359687096033	0.01444139563628125	0.01884517162301215	0.02481259100157124	0.345078789547128	0.4938715902865168	0.01035592037740465	0.01016351804699468	0.01012705253929515	0.5209646752171866	0.2016369285021871	0.08216884806038673	0.2801907991530202	0.2191490447303001	0.1445027902933506	0.01493454853967849	0.61111089563363	0.01968996527024093	0.02467029113822425	0.05692155550704815	0.4382462621281888	0.2998969058054646	0.1400060881655984	0.01024078623632482	0.01055411097205975	0.3023362000063018	0.348236993305115	0.01164379159858391	0.02631272240249351	0.01022905124828251	0.01007963611233696	0.01016810844387183	0.01649704150259803	-0.04522322507064541	-0.02088779238819691	0.01270682391883862	-0.04108607859464131	-0.003665802013765511	0.04094487259389922	0.003841984521369033	-0.03287521248137319	-0.03773266393903801
1.401842105263158	0.01053551522745081	0.01051286806027904	0.01031237375140715	0.01026570041210522	0.01037530416453891	0.01088768226447042	0.1317271032816529	0.1893487874738599	0.1188506674627729	0.06266801206594223	0.01258702499622833	0.0110065036644503	0.2071769290456631	0.01046317447635787	0.01116606327779995	0.01048621474257806	0.01021357435955437	0.03360947831897304	0.06203992308772649	0.09312156798810485	0.02024661812996788	0.06180596610470609	0.08902957113933928	0.01629393819687815	0.1107725940054047	0.0123498005226713	0.01116150151408288	0.2490336302103788	0.130741124678619	0.01014532869315296	0.1809023187610926	0.276328124283013	0.08352441773749542	0.01005869723828704	0.08328675889847649	0.2848649164416495	0.01079215279956297	0.01008707114550373	0.0100341411427742	0.01006685282292089	0.01053992827352557	0.0109859143248094	0.01023148645238892	0.01024989580724935	0.01026962690127346	0.01053579913668856	0.01017590624123969	0.0942574155355594	0.01221334751766787	0.01321367688287534	0.01719694406291145	0.02354315195161163	0.3332139482321908	0.4780339396248781	0.01030656570919577	0.01013284056410464	0.01009075536698078	0.5217251980206143	0.2191395370808459	0.1068834223103631	0.2756573247866932	0.218070160626569	0.1461479179095593	0.01220933699082919	0.5686688450773029	0.01804941579947219	0.02334751083406286	0.06297940523522125	0.4025577511381403	0.2469110741873761	0.1321963999168604	0.01021949786876777	0.01044496101298536	0.2950399887648492	0.3354101562966628	0.01114650812801766	0.02519926121907075	0.01016372352499003	0.01005650520279914	0.01011993780647294	0.1028308278500982	0.2902665341377756	0.1658350113323653	0.08364941703395465	-0.01226777846836889	0.006258780864611003	0.05125310188109398	0.000533778957570572	-0.01156153226434323	-0.05781417830303062	-0.01730097031312954	0.02503970150191017	-0.0007766572432390984	0.06112599906087578	0.1746269966423797	-0.03203999283364214	-0.3382693498364335	0.04179910202740707	-0.07460324000976261	0.005126214268859713	-0.1547666917858704	0.01033982221245947	0.01026339300553178	0.01019731202094196	0.01017066181690648	0.01023831887377744	0.01052770471966441	0.1323153004561412	0.1949770331985032	0.11562829825516	0.06109220076271362	0.01210045565929167	0.01079612282757946	0.2658564228110928	0.01062717031313178	0.01072880758995544	0.01029216079902094	0.01013151797238882	0.04533011028020149	0.07553760926800747	0.1091174534764188	0.02302054586309327	0.07147258357870546	0.1007618978593219	0.01392600383144763	0.1187511793253958	0.0118921411570547	0.01091516328205285	0.2748857225980845	0.1350115728382831	0.01011104931642503	0.1924391235647694	0.2928612463742102	0.08601039581968792	0.01004755955944866	0.09625281452794929	0.2787096508889392	0.0106261823773578	0.01006002657119045	0.01002352330074324	0.01004611951891207	0.01020424689137312	0.01014822923562701	0.01016437486558214	0.01019756039995512	0.01016179566931008	0.01024263709865629	0.01014445125729518	0.09128114610969194	0.01160968459064878	0.01244298686605471	0.01648291306446825	0.02382887189427967	0.3254982255250085	0.4847451857867956	0.01026387933111622	0.01011263076329097	0.01006879863787457	0.5510149102767767	0.2267796700527348	0.1035188203529687	0.2885683496636144	0.2210847508355796	0.141950728147012	0.01061874204001571	0.5868521442147825	0.01743769809764961	0.02360318303145904	0.04184735226225093	0.3993301311381567	0.2457919818929907	0.1299861395173758	0.0102093407521796	0.01037879329295215	0.3291508528468104	0.3450718619475371	0.01080403808313879	0.02578216467030984	0.01013156841196997	0.01004491003218016	0.01009611278252856	-0.0172374792665514	0.01217182305730409	0.03420093413354586	0.001699292690962779	0.003463374274595967	0.002786804145913897	-0.007688918714612038	-0.003912306381577892	-0.03347975453246526	-0.03791353534014148
1.411754385964912	0.01050209095851821	0.01042321310693146	0.01031907673092992	0.01026689295439154	0.01037865428009338	0.01088138034320387	0.1316536863458906	0.1868415995918212	0.1134182273814323	0.05970198397960089	0.01279669351897379	0.01114638542846591	0.2234416446220129	0.01062202985976638	0.01157780987270928	0.01061112827510531	0.01023105773039936	0.03239562089056259	0.0657409154617917	0.1026658406041226	0.01953914643954261	0.06284699980835	0.09260381815296866	0.01593213893268332	0.1058422862534864	0.01255348396949271	0.01131114093919675	0.2613251425496175	0.1277775551218941	0.010136757398348	0.1837285590918415	0.2759589997618314	0.08370069701714676	0.01006993011118566	0.08320384416101263	0.2753325945020351	0.01090927053887439	0.01008527687187373	0.01003287416956899	0.0100652635414443	0.01063121997943895	0.01698338413534633	0.01021961050038022	0.01023643973625101	0.01026233744538615	0.01055769731065348	0.01016698137325811	0.09594104415858634	0.01204764695282048	0.01303880268588807	0.01729385514767843	0.02431044315222068	0.3347861200046384	0.4867734541670272	0.01028048305556578	0.01012305876203008	0.01008443356651488	0.5243468586120968	0.213535111358194	0.0931675018427898	0.2807066234844037	0.2190702804677556	0.1431492727977488	0.01304356829032908	0.5901090710494632	0.01822517510056409	0.02411185150902439	0.04930844408135169	0.4190766883874871	0.2650173147773813	0.1360417460630803	0.01021310615719718	0.01042452387122036	0.3132967908491754	0.3421405913198803	0.01103304146081037	0.02616688435394871	0.0101540407571536	0.01005282081830372	0.01011263639242524	0.06195375889818181	0.2979611796669376	0.1619332843755409	0.07557844265277931	-0.009779307850202536	0.006260403879972835	0.04826938587591639	0.0005456570055035886	-0.02080952080669847	-0.0605105656246461	-0.01786152796542597	0.02060464001793896	-0.00083706207509599	0.05180693717851409	0.1633727080729841	-0.03314904365382983	-0.2918313737303349	0.01424387781711527	-0.1072372427595304	0.01758432886610636	-0.224797607178003	0.01073308966200484	0.01052907889495298	0.01054967516276054	0.01044929555281007	0.01063467827610009	0.01143843424518482	0.1343244082838746	0.170871683969965	0.1024694054118265	0.05430952585568213	0.01430720687476896	0.01191771186395514	0.1881674956711131	0.01077031578078774	0.01348117510521326	0.01129914297389572	0.01042835265563431	0.01347559558453805	0.05874751533702993	0.1110201760034362	0.01419861416187284	0.05227648421296726	0.08690872996542778	0.01916116438974739	0.0770201637820131	0.01398716502929534	0.0121783561208842	0.2741306968266769	0.1095388544171466	0.01016326253955122	0.1764048895462793	0.2465686794754681	0.08217057919122542	0.01012037113351051	0.06393910374726504	0.249963849812968	0.01153432719570492	0.01012714885717056	0.01004823345188323	0.01009734146918894	0.01149342596209175	0.03306497440558991	0.01032058215306218	0.01030737501158506	0.01045089461434458	0.01116615790657751	0.01020569659498548	0.1060548992027894	0.01277898456358245	0.0140731210030606	0.01902033808249077	0.02615958762114847	0.3552718622063107	0.5181537097070922	0.01029436129854481	0.01013795184958363	0.01011140306979695	0.4918547469439991	0.1789145491651722	0.05289541484785416	0.2813519674435115	0.2183841376441121	0.1395785743019466	0.01798339556503504	0.6696347453424114	0.01999675036055129	0.02601131392331611	0.04169205304238878	0.5006501925999006	0.3459873426572719	0.1529101949790516	0.0102192270404724	0.01050252799073205	0.3330179882040367	0.3572469858963362	0.01139583387550151	0.02804728930616754	0.01019669655947061	0.01006762257313402	0.01014387610263585	0.01299466448858878	-0.04425672623109185	-0.01607902105646271	0.01262974819314223	-0.04771095324552015	0.00659657913945966	0.03739965935709632	0.003542320581632003	-0.03399047649156913	-0.03796702814558507
1.421666666666667	0.01048350302539843	0.01038739038046319	0.0103114443037574	0.01026076180123173	0.0103692343587298	0.01084720769051301	0.1403432166121381	0.184062862565813	0.1102679148875593	0.05818131667711143	0.01287408753897036	0.01118452842507607	0.2287855338457267	0.01829338528933922	0.01149071897599824	0.01054786398776246	0.01021807356266266	0.02586883574775783	0.06526557018003755	0.1059674049834914	0.01767448849988177	0.06139696165671701	0.0920945862856868	0.01765776140502441	0.1011124553885023	0.0126255506818733	0.01135047705901145	0.2626488489078525	0.1245860725150197	0.01011976630085169	0.1836413270944457	0.2828704772909625	0.09027756654006708	0.01007456244018728	0.07856978751336814	0.2687253208971299	0.01093868651466531	0.01007931197194584	0.0100303770431815	0.01006073953259762	0.01062823164427899	0.01477374743838493	0.01022043676033369	0.01023392607544766	0.01026684709579434	0.01056373835253574	0.01016422623313408	0.09673588064623342	0.01192194332967705	0.01288673542174235	0.01743376457917429	0.0255185090906275	0.3335333027644807	0.492165175578927	0.01026192745481013	0.01011732303581642	0.01008270493148017	0.5131809096349624	0.2017401040107772	0.07729541369619881	0.2784657976166848	0.2151497834013932	0.1375551018939231	0.01279310311734331	0.6048542752726573	0.01848960393534631	0.02531321967394214	0.03788871812542561	0.4348546705056816	0.2811674497102673	0.1391098328611499	0.01020817922830908	0.01041916373124705	0.3344954672393399	0.3422171110634176	0.0109565892467671	0.02768375674262483	0.01015231820343108	0.0100520548102157	0.01011129831781965	0.03408549171576274	0.2902766857261566	0.1550088859798119	0.06873778488149875	-0.009252811706402724	0.005917253824509403	0.04609433655907684	0.000535731082274602	-0.02373989810617453	-0.06187470618691348	-0.01840232230530383	0.01835739213763811	-0.0008942813464452199	0.05767323581671499	0.1596776385798996	-0.03858347960419348	-0.2584381688030465	0.0123087200547743	-0.1272340412115877	-0.01053003213408567	-0.08837956811113711	0.01035091428879703	0.01029218101312326	0.01019936146642138	0.01017044921620126	0.01024201080487094	0.01055955946376554	0.1598378997724694	0.1860013022375329	0.1095626256247823	0.05816071180641783	0.01226040778456888	0.01088303692136874	0.2567217127993959	0.02905187635282067	0.01073058204890603	0.01028842486019008	0.0101329391344887	0.02613166279564837	0.06693724959130379	0.1066725194642212	0.01771826893149835	0.06325669925323085	0.09295535588479896	0.01915888188082637	0.1046174343203701	0.01204422286084757	0.01100414982877816	0.2558043077948381	0.1257185723181774	0.01008302740670986	0.1853231274867815	0.3212342139099637	0.1048553520968382	0.01005891990657975	0.07743546780895823	0.2652023702233024	0.01069382074211791	0.01005159122736583	0.01001980974099037	0.01003953651855102	0.0102395213512068	0.01020209562027409	0.01016686994749841	0.01019059919958664	0.0101747849554705	0.01027382288425058	0.01013858811746973	0.09412345420740521	0.01134923385553648	0.01212206910646399	0.01678612452261304	0.02645628308773175	0.3214043743600221	0.4921699023509556	0.01022585609518851	0.01010007128063944	0.01006514232539637	0.4971944996927934	0.1942567691891225	0.07043401491688056	0.2732774757948989	0.2080700452125504	0.1298379834280413	0.0107407548281129	0.6087555816696236	0.01800463578465041	0.02620924219727385	0.02552370430642163	0.4381391347077537	0.2770126240921206	0.1377339610864221	0.01019655027337517	0.01036773496102158	0.3759335215508635	0.3355497148574051	0.01064866458434557	0.02911181607815046	0.01012527371778571	0.01004240451211122	0.01009136383011658	-0.01578537897840037	0.009514622843874753	0.03138477179746379	0.0003001097238826798	0.0053615544220486	-0.001073468278438616	-0.004795915118677004	-0.00400874880234748	-0.03476124766266248	-0.03842636903589828
1.431578947368421	0.01050637542458954	0.01039312859063137	0.01036280311578448	0.01029506603951654	0.01041957218478892	0.01098069755621878	0.162504516036174	0.1803063032669897	0.1056881793356602	0.05585945820149924	0.0130651933065466	0.01133857214610532	0.2305298211697864	0.02353071633029767	0.01270943925447968	0.01121071366210366	0.01033842701766247	0.0228421226897109	0.06107116480100674	0.1058370125251875	0.01647731940353473	0.05624970144022078	0.08785447836649382	0.02160481394933417	0.0885977772404094	0.01281880392775601	0.01151119028165245	0.2549032588250088	0.11497578702537	0.0101083454539789	0.1782623324841429	0.3099604892353927	0.1048639009010612	0.01009070961314094	0.06426115289639747	0.2592266958922183	0.01106886950778092	0.01008129214113386	0.01003101056684147	0.01006216567894178	0.01081707898439608	0.03976424666118401	0.01020366927432856	0.01021425438008737	0.01025340419840725	0.01059232201275716	0.01015223310913006	0.1010970912730364	0.01170445785679166	0.01263807404760592	0.0176046765851823	0.02684557127387629	0.3351488908899611	0.5001177438467793	0.01023520500693208	0.01010576606696125	0.01007461333309502	0.4986694929440968	0.1905145617922758	0.06393476499681364	0.2769495854813141	0.213854375294231	0.1355965393678744	0.01574678123717244	0.623787970118583	0.01878095289541546	0.02661209540939272	0.03337535557161996	0.458348596944854	0.2975960298309718	0.1461643590108714	0.0101976612355645	0.01039501037687785	0.3562604155284654	0.3440367008155905	0.01082065228204133	0.02941971400837366	0.01013747545706349	0.01004665294170531	0.01010028359652216	0.04367700189132669	0.268576149357241	0.1478979230823932	0.06329766446797945	-0.01177422378102535	0.00513396657614593	0.04507871183786086	0.0004997445268234862	-0.02085925889879911	-0.06166760168958692	-0.01892241488309622	0.01874855988251245	-0.0009422154862868587	0.05547822995012171	0.1513062816984186	-0.03790437374494354	-0.2534179962344907	0.03727387805590573	-0.1295141205783268	7.850834459207654e-05	-0.1665042280335204	0.01081828175140919	0.010580066891083	0.01070849962903019	0.01055634562760308	0.01079220661046935	0.01186543107678108	0.2007219520196221	0.1618308306123425	0.09145742001607898	0.04877024595951882	0.01480001745903091	0.01233689013151331	0.1844603784028261	0.01877544788661784	0.01717934768024999	0.01331895122828746	0.01079585497995264	0.01141182159449961	0.04596688506823298	0.1060155679240994	0.01250061089400558	0.03777481015287668	0.07354837591698085	0.02933155428438085	0.04251543334229385	0.01449126328110366	0.01261626800332094	0.2405815902937116	0.08142557266052552	0.01014570802827793	0.156681201550727	0.3432596478555144	0.122420069749711	0.01016360057876111	0.02423903509879012	0.2256101229238651	0.01189107641096697	0.01013865168964545	0.01005247186747608	0.01010584194945647	0.01205427404887875	0.1132743180415788	0.01027032962110585	0.01025172702414549	0.01040694630579688	0.01124483072890181	0.01017293527789554	0.1197676667272416	0.01225553322667854	0.01348186089576984	0.01939403924214326	0.028947824618283	0.3648887402575799	0.5409851602864151	0.01023315510402	0.01010930991426845	0.01008917847934082	0.4544270872261023	0.1585250107308441	0.03153985473271641	0.2798061955129021	0.220611096652961	0.1412520083943058	0.02704726391815876	0.7202179205779409	0.02060853866404191	0.02872105862670668	0.04028336923154226	0.5691185097026119	0.3822685438014261	0.1735243584617993	0.01019287950020638	0.01043634478304994	0.3786171338423525	0.3648370054158678	0.01106708247823506	0.03176266313997356	0.01015454954719023	0.01005241813669484	0.01011265788401466	0.01000725149146931	-0.04153044754646894	-0.00697586341155799	0.01392079005013415	-0.04998036556572377	0.01590199509831842	0.03171087483759439	0.003092387955015948	-0.03576442123601593	-0.03923483120010561
1.441491228070175	0.01047298686398738	0.01036585451108318	0.01031282193943628	0.01026360649343582	0.01037134508262322	0.01080687650892371	0.1888978063462156	0.1723668553131777	0.1038713793616529	0.05527305139495611	0.01307009435850765	0.01133660042090665	0.2117576273844085	0.03295123883986168	0.01286360889748305	0.0105928987172617	0.01018346470057728	0.01708972036562904	0.05638599346691817	0.1036400420289302	0.01473982118867924	0.04872054033216378	0.08040814714960508	0.02989635036626922	0.06839779705226319	0.01282626242079556	0.011507244040551	0.2367509036436033	0.09658380072047094	0.01009044731694185	0.1651678600038486	0.3361437619145261	0.1229100244298684	0.01009372508710446	0.041063247212349	0.2531680513214131	0.01106309381573482	0.01006305713058909	0.01002217201648568	0.010046704249867	0.01087619814480927	0.04638191658662375	0.01021485684886777	0.01021391903744571	0.01028630900537863	0.01069518111893116	0.01015393617338696	0.102410637473745	0.01152823122584329	0.01240491800402843	0.01793953304076207	0.02955984662078994	0.3328622302374786	0.5032507028709226	0.01022272552880909	0.01010115717930489	0.01007495762653227	0.4636895299675441	0.1685927679581837	0.04724128129550888	0.2629148528077288	0.2034270018923816	0.1283962338052525	0.01667784874813106	0.6269239667444677	0.01938382378977256	0.0292681879335574	0.03437577575837494	0.4738764307876215	0.3069354327355496	0.1492948827662593	0.01019346280809882	0.01040215262031547	0.386142021825569	0.333509421173123	0.01072126554485887	0.03288563104667498	0.01013261273840063	0.01004482838738131	0.0100966587235837	0.07371995205290696	0.2400457876546639	0.1418227225137985	0.05908051007549897	-0.01764614562007246	0.003869799694649628	0.04507210490287494	0.0004354078509939447	-0.01288911068550591	-0.05982390287628646	-0.01935718710035125	0.02145258692435646	-0.0009785776127983453	0.05708197783257873	0.1403837675647119	-0.02457679037436915	-0.2614096548519286	0.08878144655898185	-0.1099916333268306	-0.03524910515195981	0.005061950205298991	0.01036253551856673	0.01028856021517072	0.01024373230039816	0.01021353517090892	0.01027868050475154	0.01058932638554886	0.2179263342543022	0.1601768655173046	0.1058342676880774	0.05701172106023307	0.01225800013287273	0.0108820239348352	0.1860184232732469	0.04775573277598073	0.01187905521251967	0.01055770580379363	0.01019134890659071	0.01501634989619516	0.05400921199735537	0.09474120911702077	0.01430964221216501	0.04473216532784426	0.07123135251248924	0.03830848480029105	0.05717269568605274	0.01205050134077547	0.01099839587763966	0.1973775629295629	0.07875875028573952	0.01005617703917002	0.1445061584991155	0.3703028233134946	0.1427727801267013	0.01006638869323391	0.02603176761356732	0.2512696152306568	0.01068589184686885	0.01004669799800878	0.0100174696032822	0.0100354583024709	0.0105457314770294	0.02451977481063435	0.01019270316156889	0.01019083966664377	0.01025011183689839	0.01052715230865402	0.01014373756080416	0.09592136091260499	0.01096250280198316	0.01160008081496448	0.01758172626087518	0.03290093258117282	0.3118546116614082	0.4904088995280097	0.01020349519238525	0.01009147047628883	0.01006662281739299	0.3945828680315949	0.1417342907980056	0.03738617623085389	0.2311806618564486	0.1792473247619706	0.1128008730171491	0.01387830250430113	0.5853003465485056	0.01942530004320186	0.03249958934577755	0.03185952224892834	0.45683454940913	0.2834888051696004	0.1422000141856386	0.01018913574181497	0.01038770825309194	0.4526765836040045	0.2985536880509624	0.01043629529658903	0.03739481773239751	0.01011468081521966	0.01003848503592926	0.01008349791869149	-0.01330778442392779	0.006871416393530651	0.02719569215853481	-0.001355831416717211	0.004544941477856153	-0.005513757720971042	0.0003748128707655568	-0.004402849586048772	-0.03694292405175561	-0.04038384593478296
1.45140350877193	0.01082644596729768	0.01056853864270151	0.01098822192359803	0.01075136064696047	0.01099647038771546	0.01259626336417473	0.1999912215023979	0.1483967217945234	0.09581272350632242	0.05156682714970662	0.01327172104611974	0.0115290825082197	0.16947156733317	0.03393844872903209	0.01719572453066366	0.0178520399751383	0.01192865010259045	0.01479552891296898	0.04357811208169424	0.08513841844222914	0.01365603872844787	0.03748191569947561	0.06087148710463243	0.03675837334860046	0.05005272399401104	0.01303619406246159	0.01170591995086221	0.2006374017874932	0.07323946464055742	0.01011596207294736	0.1363729784050699	0.332091623649312	0.1264318733919977	0.01011603107076535	0.02768996799875427	0.233563651654789	0.01123090173955318	0.01020479142741799	0.01009110638888043	0.01016748050187248	0.01176136493262071	0.07245723819248635	0.01020477482291514	0.01019777891727882	0.01028823830740705	0.01082964626469441	0.01014604675407398	0.1055321824240327	0.01122245597055024	0.01200765649825076	0.01842900332531129	0.03320100288640185	0.3291349822048127	0.5044715123311333	0.01020202841779024	0.01009172226492107	0.01006891798020632	0.434829842016775	0.1511470911798619	0.0352165514624754	0.2526018578014663	0.1960382058643761	0.1234256650256705	0.02360703911875326	0.6255522672205471	0.02020539637799113	0.03279527310494281	0.03304177413418274	0.4838580916212635	0.3098912100121824	0.1543523764976238	0.01018689354990499	0.01039196020323731	0.4223079282720935	0.3252793258355817	0.01055536204168532	0.03764857607065367	0.0101183760342119	0.01003974747056128	0.01008616531459413	0.09237728407258294	0.1978247525510719	0.1372375336987429	0.05157940146795636	-0.02468139818055173	0.002105162438419671	0.04420538998464262	0.0003399918782117772	-0.005394593963154994	-0.05749414914462126	-0.01952379141904028	0.02437178981961807	-0.001001480140468051	0.05406879880406427	0.1438186573140235	-0.02201959490164881	-0.2378138238727323	0.15394949435797	-0.07580718828140555	-0.02014007424981318	-0.04170625041757813	0.01189404784463377	0.01120435655058133	0.01275149128826251	0.01202668995609211	0.01268506805047293	0.0173342009721109	0.1978659517303602	0.0892022804997715	0.06709807931643218	0.03782223991624768	0.01539391742135571	0.01290825166308315	0.06371424060079173	0.01159682343352293	0.02999525044393447	0.03562682466365037	0.01610798786165978	0.01042179285046413	0.01181420301338058	0.04759736037574454	0.01099405788812427	0.0120095849148038	0.02067927423316071	0.04179885743677809	0.01151530927585619	0.01510709680954524	0.0132080593285311	0.1369426211086658	0.03103740182878417	0.01023796063455912	0.07619055860190133	0.2684134797252333	0.108547760164193	0.0102265342333569	0.01092329422074965	0.1612922209864941	0.01239274830534929	0.01057410016177782	0.01026418298737932	0.0104768007910242	0.0146180605435737	0.1943643324867249	0.01022995992044048	0.01020443132767647	0.01038138015023901	0.01154426539994228	0.01014804603408883	0.128675059742194	0.01151961644372673	0.01252868227244204	0.02052963167793382	0.03724633321971755	0.3540956874436306	0.5385027594414635	0.01018395436446844	0.0100858578949953	0.01007103848775205	0.4136463447875438	0.1326180236449047	0.0145398108404964	0.2664344538445275	0.2110334736101746	0.1344756762040951	0.04718441016960554	0.7048914678398301	0.02247642624134583	0.03672965431029822	0.03513442724568744	0.5765418043934701	0.3756255781748367	0.1870642112671374	0.01017748902070758	0.01039947591870302	0.4674921781694306	0.3530732812848215	0.01067181024843634	0.04273893579435915	0.01011717400903649	0.01003916528688687	0.01008514950841307	0.006582008916685895	-0.03543959422855368	0.008180024998540415	0.01830528863518103	-0.04007277259972097	0.01582254859916567	0.02268153935967636	0.002091400197627386	-0.03812757041086009	-0.04156115531644144
1.461315789473684	0.01102024858245129	0.0107407221089014	0.01062498340208575	0.01035065149576554	0.01087638498918644	0.01334955728515462	0.1783079263136127	0.1079176154454414	0.07534709140601571	0.04046371557816821	0.01387189116680281	0.01205080458230847	0.1024288957163124	0.01981936400355446	0.02055448759411769	0.02017272779325764	0.01056223908003599	0.01207360902517093	0.0251872775922793	0.05978672889988404	0.01221977320571843	0.02227352644895717	0.03711866866456388	0.0358410470115838	0.02668540777468771	0.01366582020827368	0.0122625728636171	0.1478016909163868	0.04396440998186304	0.01009173844865052	0.09387539810694047	0.2838532498517958	0.1078875003328578	0.01018383350589471	0.01706612376754745	0.192291339410832	0.01167211517866243	0.01005053523610325	0.01001648277364882	0.01003615690677649	0.01148529015600522	0.07874067408734743	0.01022222242368198	0.01021403671113017	0.01031183857677784	0.01083401121853525	0.01015814910580844	0.0995497075620604	0.01101437797985252	0.01169993870913908	0.01943030474559152	0.03958125228808477	0.3190583221614646	0.496992829029383	0.01021106170134534	0.01009711901260628	0.01007361803656921	0.4001394379876199	0.1309086415467319	0.02195598913142514	0.2340784673587266	0.1796429952331529	0.1102698281536505	0.02368079028306523	0.5976715607967202	0.02190909828000455	0.03899156987288289	0.02508726687486691	0.466651762199191	0.3018112560372421	0.1480346491518084	0.01020842564116581	0.01042990499629293	0.4649782725967417	0.3049538490423247	0.01045080602843123	0.04578303968493388	0.0101288199830875	0.01004311905407658	0.01009373793743286	0.08300859317361763	0.1555624595749396	0.1361094467005613	0.03964453378045797	-0.03248197317378091	-0.0001408740742750166	0.04157113459404965	0.0002139658888265872	-0.002269035953559851	-0.05395437899681547	-0.0189796294253499	0.02580061280818832	-0.0009975758201308305	0.04073403499792443	0.1453176830140121	-0.01983082097031257	-0.1498587021394654	0.2189422055833521	-0.02720475604384625	-0.07073266621202932	0.1116213052573291	0.01114388726716006	0.01087307772613258	0.01119739355413522	0.01131006569214022	0.0111011383429439	0.01217558920320581	0.1255624506825487	0.06192233296588843	0.05845349355269922	0.03181182318971097	0.01356576798413835	0.01201464868393062	0.03483790001980166	0.01160922207212348	0.01987540315679561	0.01751969449772313	0.01137169458876124	0.01096810417546413	0.01587295021296424	0.03790408406220499	0.01197170444715108	0.01427994206371132	0.02238288035365701	0.02996838783048796	0.01300280735874633	0.01342380342209264	0.012208051930016	0.07237689157278103	0.02028469815068713	0.01012065961840978	0.04790210597016727	0.1908808273617747	0.07886110437940234	0.01021630320851767	0.01126802058976268	0.1503590506502111	0.01164104325633411	0.01022327313447178	0.01009785374556749	0.01018147281390463	0.01057605671452414	0.02770824975200883	0.01023172511619131	0.01023015250653418	0.01029922884700076	0.01055034722032315	0.01017280573648157	0.07752593731447573	0.0105496110443797	0.01097029525499868	0.01991500063504107	0.04771333310370942	0.2800464644903488	0.4557772541850462	0.01023045519726864	0.01010634681825855	0.01007818054169438	0.3199735515104737	0.1008886624871742	0.01387411276043866	0.1860758761044366	0.1384204730522983	0.08072725724850607	0.01260843447154987	0.473492368207108	0.0233702673187107	0.04686338149023739	0.01199481714830753	0.3704213894702889	0.2475141704880194	0.119751899780552	0.01024232811531538	0.01047834733413727	0.5542344468334723	0.2420382268595567	0.01023511901678427	0.05643092417748379	0.01014143141934543	0.01004723134237099	0.01010293504098556	-0.007049326354429229	0.004422438123584967	0.01221675384686643	-0.004606267169823924	-0.0009577318193708282	-0.006265571141466079	0.007868307966334417	-0.005220238779897455	-0.03879680178674306	-0.04229069594452528
1.471228070175439	0.01274420618170668	0.01172522078135915	0.01839745510736346	0.01890179970553049	0.01585472748430537	0.01447008349901018	0.1279717167808229	0.0666416076112827	0.06931162804900132	0.03747477693743726	0.01394722089847509	0.01211454033410369	0.05448662651291844	0.01439174908196476	0.0268720303833792	0.033777934063475	0.02925092836224755	0.01230494361768524	0.02037513291337806	0.04181001768863662	0.01297692090017626	0.017717635582375	0.02630627286824471	0.02749996713685521	0.01801308674508784	0.01375199298822977	0.01232688146190076	0.08812887526399288	0.02622246137234583	0.01058185272515546	0.05539290795982763	0.2060652267098617	0.07564654683720348	0.01020476304718079	0.01392530986997172	0.1782308363894948	0.01171641269834715	0.01228834280036333	0.01107872442390417	0.01192377702873133	0.01498610052946917	0.08787631865204644	0.01022562990855545	0.01021250856367656	0.01033314045670583	0.01111397732772035	0.01016187582437373	0.09396058508989971	0.01076000014128147	0.01132051660954166	0.02058855819344059	0.0466237192201399	0.3028155546954908	0.4810024072391462	0.01020838175036164	0.01009597026288738	0.01007319311330771	0.3619902400669072	0.1079332287553608	0.01624731534109907	0.2137052698384592	0.1617584363760544	0.09639912480714014	0.02629985381351525	0.5591312655655102	0.02375765377351498	0.04579064571519877	0.01721304132921988	0.4409873306463974	0.2876531244289229	0.1424206486378843	0.01022055909176172	0.01045421663518811	0.5055385551760702	0.2818355315078641	0.01032793998853057	0.05504075142552612	0.01012588314042463	0.01004194419015057	0.01009153273694793	0.06241388234420286	0.1246739398764014	0.1414527945284378	0.02800736266094647	-0.04064021769801261	-0.002377094947869132	0.03854614285632217	8.951382811128893e-05	-0.001410523448408612	-0.04967848536546349	-0.01811591205927672	0.0264749056667049	-0.0009755902305334285	0.0274760296676197	0.1401801546664824	-0.003582442682420151	-0.02682635187580317	0.2739309496231712	0.03173402059109172	-0.04773955553660402	0.1395821215878018	0.01681863554471101	0.01395259657314244	0.03636051918130833	0.03801307027320563	0.02763674876689245	0.01995356505682912	0.05418428119485061	0.0138944768988171	0.07435643718056746	0.04107931144814723	0.01504015640571372	0.01259850412534178	0.01044171432984841	0.01025188203359873	0.04597317486682866	0.07543626810554624	0.07442264978630553	0.01374970591311408	0.01754276390150152	0.02314772085746007	0.01462719428881314	0.01464266742504274	0.01551247226727901	0.01731681810525993	0.01159533080993022	0.01475764551298019	0.01286631843886645	0.01908638772684521	0.01171079043002567	0.01170780820793326	0.01258620611277025	0.06656091494838796	0.02822217390916786	0.01022388954342187	0.01246839645438582	0.1848894507588303	0.01210284299586259	0.01734668216469106	0.013473577996341	0.01618709943017277	0.02531193307624879	0.2200453409251828	0.01022343669157539	0.01018447787223708	0.01042180956877987	0.01236767450591009	0.01014754441624625	0.1175280839209096	0.01096640912452993	0.0117004386008988	0.02301423717721199	0.05220293988649476	0.3078540868898718	0.484097082553021	0.01016746619181449	0.01007734554976984	0.01006532321861416	0.3304309861701634	0.08410466500780599	0.0114795780280962	0.221657626258586	0.172111080080524	0.1052405469094738	0.05517271446053395	0.596875309507696	0.02634040750328853	0.05112307823295095	0.01938651720034127	0.501880304796561	0.3332938117679526	0.1763042143199049	0.01019282561294814	0.01043513212588167	0.5453824986349036	0.2999120832376481	0.01040860671300903	0.06276467571026334	0.01009859363424505	0.01003250003987224	0.01007145553301671	0.008044817848331484	-0.02341009043449928	0.004492131150726796	0.01466650013577302	-0.02421447256382036	0.02116703080821513	0.002818909092130163	-0.0009878650971768483	-0.03881648727033821	-0.04272898818426955
1.481140350877193	0.01441955882678843	0.01287211530979676	0.02642660587085444	0.03151732619540175	0.01991076150515653	0.01564197189794661	0.08268397389004739	0.03423235450064247	0.07034166274550194	0.03798671597796295	0.01384246809896954	0.0119951935192518	0.02709282501661448	0.01166115521614067	0.03573327179911449	0.05272266039253305	0.04815719339421071	0.0236544059581928	0.02184517462910706	0.03014429178564183	0.01562795134308973	0.01639820690206483	0.01927396181395359	0.02038993131875018	0.0140571156237603	0.01365050485866793	0.01221288180327426	0.04454163841282217	0.01676383470685499	0.01096747123886383	0.02858940964976298	0.1338113914565802	0.04706153520986772	0.0101809583288286	0.0131849653655566	0.1798656145152188	0.01160676037296957	0.0150654383914214	0.01518041046597403	0.01481361782159466	0.01467622410666252	0.0881529645848724	0.01027307166380483	0.01027020639447818	0.0103843181843158	0.01105976440734331	0.01018632018021384	0.08153459603190082	0.01063614671551376	0.011121635853809	0.02225411846338183	0.05402403336878635	0.2838898917543893	0.4569181468100731	0.01021402225959775	0.0101056289022723	0.0100846208321947	0.3189097365574611	0.0759248802275662	0.01273134839442684	0.1890269737874181	0.1358784729761205	0.0729618107944814	0.02603580771682656	0.5077071109999394	0.02615173452953625	0.05292030790982916	0.01470479613335282	0.3987698577316157	0.2688783972067464	0.1263205865224049	0.01027090686497777	0.01052685519163522	0.5316777134933089	0.2499121147231114	0.01027024859641087	0.06490648646011714	0.01017241374335844	0.0100576452069283	0.01012561830108841	0.0722924116099305	0.09202910677426271	0.1546322475178917	0.02045066555008861	-0.04735057660769362	-0.003974846333904851	0.03670905485389694	1.098340743338144e-05	0.000192728594089338	-0.04733164683878825	-0.01793958453861627	0.02805100879626255	-0.000963914275454763	0.007365364121260512	0.1447767965522648	0.01024699213525747	0.07450492280294739	0.3156471037768246	0.08642499932916732	-0.09718124941208096	0.2399884467190216	0.01425966852750613	0.01306819671564543	0.02769221605302844	0.03966682582937742	0.01859208374109636	0.01394557702655413	0.04667798363270025	0.01366138692525943	0.07085992824392877	0.03756319557632368	0.01311765167840234	0.01156353984966074	0.01024315674547055	0.01015747548803477	0.03978045565345367	0.05979644159974475	0.0507342632429378	0.04264667215045614	0.02753933956125056	0.02491805711509048	0.01915792513107705	0.01693368069353413	0.01587628078684623	0.01586069214748172	0.01207919993456107	0.01297602048452888	0.01175960529196901	0.01380408749059654	0.0113042129376923	0.01083913353830284	0.01190224915324905	0.07407401405146609	0.02924379273514114	0.01013767099832135	0.01310286926983646	0.1837445789085848	0.01123966359759523	0.01687226377101675	0.02280690917663288	0.01765616068603364	0.01070829931917372	0.02127297769486952	0.01033659288035065	0.01035873865814109	0.01041240363587529	0.0105297721910494	0.01022698069771712	0.04923611554327922	0.01035488825606952	0.0106455044656066	0.02346958894322321	0.06269250683763201	0.2347038852061982	0.3858333223223516	0.01024243235897665	0.01012771475260179	0.0101036186512816	0.228500803009549	0.03465895784453463	0.01048250950207558	0.1331773319169209	0.08250303444982458	0.03091005739252722	0.01127524156345954	0.3432979672121197	0.02833896657785476	0.06126124639534928	0.01033599567354437	0.2591466382107667	0.202191934808223	0.08100053613802269	0.01035517400003377	0.01064159815963107	0.574420897046841	0.1695942713839575	0.01014720203553703	0.07678056231127817	0.01024597410338643	0.01008256910076169	0.01017954600164713	-0.003578484498355889	0.01050398823661773	-0.00152503646393587	-0.003443317706263108	-0.006561153989344085	-0.008083334120719852	0.01790886234726981	-0.006035470035730857	-0.03850147388789089	-0.043286010783297
1.491052631578947	0.01370104754938894	0.01248904917040675	0.02742280964878756	0.03861323884604938	0.01820169317791731	0.01405154096028231	0.06630706002805138	0.02226257475484966	0.07608191738592159	0.0407253909950866	0.01364105580264825	0.01181710465258459	0.01676134705638493	0.01076918180184631	0.04469783442440305	0.0652218349022457	0.05204585810042419	0.04533270234051803	0.03153557063974176	0.03264580825270638	0.02002417395838401	0.01897060303606283	0.01955799826182388	0.01783606706178545	0.01290110285610465	0.01345963515981151	0.01203343760222516	0.02824487816811721	0.01346168700524817	0.01082157806583771	0.01860474978740265	0.1093284697828342	0.03963663143879875	0.01016161714583611	0.01359260517310622	0.1930359857653923	0.01144403520571801	0.01882907136815089	0.03049238836009877	0.0206042101508039	0.021081170061424	0.0878782989689119	0.01029192061259431	0.01028737189795041	0.01042542803785783	0.011727357586979	0.01020151807831498	0.07137888199344469	0.01052563119058447	0.01094442464331614	0.02361510829253228	0.05961429812230983	0.2574631284019417	0.4206905103032934	0.01021844332130475	0.01010975209670635	0.01008929690228786	0.2704585928671238	0.0511302873668121	0.01151793765724102	0.1613186381396421	0.1127549054302741	0.05619723006925065	0.02625743315040736	0.4467577942645431	0.0279326196975673	0.05827903907207895	0.01391361177671644	0.3539704448772151	0.2465978004727598	0.1147417468588959	0.01030793744906448	0.01059490347246086	0.5378235388084147	0.2174635188142054	0.01021940798425282	0.07280854094661847	0.01018558371970448	0.01006204941571091	0.0101352815866367	0.1243939522206909	0.04725144590341783	0.1746359170664848	0.01910609994076164	-0.05113905437498376	-0.004548462598675351	0.03676649849746199	4.003563546479675e-06	0.003686801999739259	-0.04838612873560412	-0.01887570742175774	0.03089419625601842	-0.0009768593613915162	-0.01374213639136073	0.1481051063027267	0.009278359251115375	0.1291654362108883	0.3418540136602766	0.125345838203186	-0.08984632672371737	0.3499147660335428	0.01307727810340439	0.01172043222831568	0.03150138495347812	0.04714094434197613	0.01859475092424943	0.01409282879090367	0.06518523851973863	0.01582235067660288	0.091845775598138	0.04902624747063326	0.01454306389638444	0.01218570866234271	0.0103905216195253	0.0102589247978546	0.06482413686088795	0.09569374927886573	0.06746657452506202	0.06875697244550764	0.04550051536997032	0.04357870684365984	0.02518914704169772	0.02364260562406277	0.02355360641070403	0.01695534257078472	0.01206574547230266	0.01428885401549337	0.01244428859670387	0.02353700636131257	0.01152060134757866	0.01091025337921089	0.01292855386078452	0.1058276933356704	0.04022990518423925	0.0101894445603525	0.01439487111975659	0.2315293095666779	0.01172639641221434	0.0259341603856686	0.05592595248797744	0.03075879750508038	0.04497855037884597	0.2187968777360605	0.01023395850129884	0.01018028054398726	0.01049447458631141	0.01439546620568299	0.01016915470310216	0.09898941343811594	0.01075794770481148	0.01136631943852905	0.0254448858930849	0.06139544136585891	0.2398228228135802	0.3815988509920692	0.01017514872878192	0.01008033514193833	0.01006826474492791	0.2251620675936071	0.04540048137767286	0.01131355216801587	0.1607306890910402	0.1289805677679096	0.07880727123038536	0.05610776633003238	0.4488910886390352	0.02929276517160853	0.05989732008802041	0.01944687322566673	0.4026235576062783	0.2799183943804715	0.158020262475526	0.01025422243760171	0.01056685229705839	0.5044382791886206	0.2327393548305844	0.01031341205079051	0.07641357184810275	0.01009323933821201	0.01003058381260619	0.01006758665691508	0.008705057506519563	-0.01836383345880766	0.0032919977444923	0.01327464738898541	-0.005579287292465941	0.04292180186218458	-0.02715620725611944	-0.005661037467335346	-0.0378516945683216	-0.0441527621629632
1.500964912280702	0.01254464635213949	0.01159571185811383	0.02563560215889182	0.04223707772558333	0.01601736545310623	0.01305059904866798	0.0601660691700372	0.01740145662046628	0.08403613681301811	0.04454201239552519	0.01340833128286739	0.01162453938371174	0.01254916015661502	0.01038225246199411	0.06170720143312694	0.08748435754253599	0.05621032745907076	0.0788966074283452	0.04989429393094724	0.04657335962046823	0.02815948940134899	0.02576210809744305	0.02492804689074606	0.01581698281181624	0.01220789627739942	0.01323068680330601	0.01183541030032746	0.0276711417892104	0.01196403078899502	0.01082117080061768	0.01460338506968036	0.1024479458563794	0.03681436998857624	0.01013559485950579	0.01574467134789285	0.2114774959432767	0.0112800567550797	0.02260315028506525	0.04720830182037892	0.0266158371431862	0.0218091804024221	0.1095112384678832	0.01040216028948012	0.01038658359020147	0.01059674207175478	0.01160534630543226	0.0102619352391092	0.06260713700800315	0.01048530889169069	0.01087951485929367	0.02440490311700414	0.06115887756775331	0.2312900997370412	0.3788671891238537	0.01029425114689091	0.0101472654577227	0.0101213609148463	0.2196772680773543	0.04045133794530106	0.01133782246994897	0.1329190265154243	0.09483368585356143	0.04955696121308664	0.02700498902444491	0.3869574627856264	0.02855080496025499	0.05969388116891611	0.01232640579671215	0.313950893444481	0.2247399627114637	0.101747175890529	0.01037288280956557	0.01071852389068904	0.5137831655595473	0.1848781533355773	0.0102006601789941	0.07585111466687952	0.01026055492396171	0.01008786494076673	0.01019052378910938	0.2021790931757468	0.005565824136972971	0.199000648296157	0.02303413446369263	-0.05338623056301186	-0.00439086688256305	0.03831564868125448	4.644013435881167e-05	0.007642527446532426	-0.05086020261490577	-0.02017631887194314	0.03421712403588925	-0.0009913688929416838	-0.0274798295575751	0.1400435582325722	0.01757107592496924	0.1503159146485291	0.3517012346944367	0.1525460292468199	-0.1049948348284822	0.3800651642884316	0.01120425797030934	0.01073841002846873	0.02039897574552015	0.04315361306539867	0.01248530286816978	0.01154091252736522	0.05189746016835082	0.01417301296026248	0.09009908259582315	0.04656451207828928	0.01259901775722822	0.0111491120103277	0.01018688607485307	0.01013086372427109	0.0803042302251431	0.1111683608835875	0.05454486651925312	0.1263401576737425	0.07377302836394271	0.0648752470765746	0.03886463640381655	0.03467030634504732	0.03207440570167504	0.01336648333427263	0.01168659501700395	0.01246599208595757	0.01133149008410493	0.03161913226045333	0.01094245868349822	0.01076225032426013	0.01215801567307746	0.09467858939115677	0.03291339636431537	0.01008268690808359	0.01890764905699243	0.2318239301336689	0.01089122146842275	0.02489706571956894	0.06103513119749113	0.03089084308997836	0.01287448074273013	0.07593694330380629	0.01057690884484835	0.01056969198948008	0.01079622324165364	0.01116527935059713	0.01036192516045158	0.03509329174721335	0.01032468156103061	0.01059835850072481	0.02446869023141624	0.06173641042322558	0.1803449054785987	0.287427727698681	0.01041777009719761	0.01021219752292116	0.01017470275175579	0.1298068987971859	0.02636510452161315	0.01124218392805792	0.07900593719793747	0.0555124085681622	0.02785043122059058	0.0141100313284241	0.2333092380107077	0.02851207266788558	0.06017281785311111	0.01080415481195989	0.1956247548180188	0.1604324130725414	0.0588413733712787	0.01049768112458318	0.01092480801136251	0.4523964004307777	0.1112960892847266	0.01013243194072898	0.07776091740090714	0.01040446187967575	0.01013727710362727	0.01029641105367097	-0.004263466464324695	0.01061233877798777	-0.001851202603339667	-0.001707311033820052	-0.01124491022783833	-0.01776838909508326	0.03057191685676236	-0.005718867479941863	-0.0367831052703979	-0.04516769975726039
1.510877192982456	0.01159245258788054	0.01099034565717164	0.02192423312237159	0.04394132123126985	0.01345426508954278	0.01199059792839378	0.05867887901717699	0.01589132771267649	0.09323455204932046	0.04893180121629706	0.01311307957259955	0.01139699632668246	0.01113111859593155	0.0102409278299034	0.08252017381705122	0.113300800534757	0.05794473221871189	0.1226399696420627	0.07465347207950304	0.06712910391607727	0.03988011097867951	0.03637558106978488	0.03437096918134943	0.0142303337755757	0.01184433109722497	0.01294943856524553	0.0116056616482278	0.03682448979343949	0.01133190152682554	0.01076347218737468	0.01329629779557706	0.1049865642088877	0.03706194949771922	0.0101056996615885	0.01941567936224354	0.2329661261921268	0.01108649920173323	0.02713089481012188	0.06536629679794445	0.03371827196332335	0.03039301690942413	0.1187022165932183	0.0104486639158288	0.01042178137990217	0.01069931930009737	0.01586970441341796	0.01030362154089796	0.05610645494892403	0.01050458224367089	0.01091643339955006	0.02433946551827212	0.0587963407179716	0.1984428372913423	0.325868493984501	0.01033303972165815	0.01016576933436233	0.01013677039512221	0.1638912675711985	0.02952773057393687	0.0114293326969495	0.1032376386020801	0.07773852323754148	0.04351335221281991	0.03157130630490527	0.3272536197923363	0.02797898837896813	0.05733694919229552	0.02530126261111513	0.2770694576239739	0.2011161676115089	0.09428777701230986	0.01044978245643026	0.01088815280930003	0.4638164586269374	0.1544443233933066	0.01020731065917046	0.07380056717681582	0.01028657931858867	0.0100969964252017	0.01020985682882012	0.2876452441815248	-0.03934103963588377	0.2226522581608467	0.02824275104479641	-0.0537477857425647	-0.003809987351618704	0.04019385711086802	0.0001152487301103159	0.009814835022250069	-0.05465319671222904	-0.02146881079535951	0.03721523498805154	-0.0009979408858497225	-0.0423372113522845	0.1501432267092898	0.02372039632908209	0.1513387371991215	0.34395976963485	0.1636341123768037	-0.1519365450421962	0.554034097564265	0.01137167976914675	0.01078734758523923	0.02208700419589574	0.04851898875411214	0.013098173976175	0.01191601103431109	0.06773200798295845	0.01618402127412977	0.1124441394326408	0.05861100126918805	0.01389108209867374	0.0116968046541304	0.01031473367675233	0.01021035529721456	0.1130058220041595	0.1553297801316138	0.06827663542281782	0.1749222710582025	0.1043994999691347	0.09361929802291356	0.05279396331666941	0.04917695765978738	0.04692364821977245	0.01420952981907556	0.0116567383244659	0.01367491451454282	0.01195400110762386	0.05223723843090486	0.01109419301017984	0.01074025952894866	0.01299283729246464	0.1240386649782989	0.04403716923676983	0.01012597289274358	0.02325924582732425	0.2823122400589916	0.01131080267665132	0.03591130596965883	0.09603143061271451	0.04644550729879545	0.07084001975591953	0.2273075093897742	0.01026631476240728	0.01018975520698858	0.01063420901817495	0.02723146834318891	0.01023471507186822	0.08775175915315599	0.01085317977309498	0.01153720125914377	0.02444548683183085	0.05203509408662921	0.1634495314148129	0.2535448441977014	0.01021752021847772	0.01009928292279391	0.01008326465224779	0.1111113848753332	0.02357343423961354	0.0117562978720248	0.09964519560767697	0.09479375403494708	0.06675414842763402	0.06960240555110163	0.3295108253891938	0.02691476866145127	0.05073428790843895	0.06036751116617306	0.3318020863398923	0.2276761361482205	0.1488607026537989	0.010419373574948	0.01094995035270611	0.3388491453735898	0.173999672464512	0.01035083786836862	0.06592770524869866	0.01009874344253818	0.01003300271134969	0.01007212426605181	0.007649093553664847	-0.01723909265228128	0.003398289510001004	0.01248029133311844	0.0126586104924869	0.051667132512512	-0.05844426192371592	-0.008583946342661564	-0.03557603895096341	-0.04624646932465443
1.520789473684211	0.01112501479055905	0.01068139946169653	0.01905639721342168	0.04629395479820209	0.01240317485998788	0.01148233580768612	0.06106137577985636	0.01519066727521526	0.1039175148040998	0.05419390474594151	0.01286005630067013	0.0112295296540016	0.01053036846774146	0.01017146129544075	0.1058353167663245	0.1416078351571674	0.06024613413282184	0.1704392361750952	0.1027233329844842	0.09090712723520916	0.05508105819705578	0.05065955051811859	0.04738295266671817	0.01326523396509395	0.01150487497066677	0.01270270569177263	0.01142627129060487	0.05081689870447924	0.01097242057670361	0.01069054126046061	0.01265998624311317	0.1149624178174326	0.03915299101760288	0.0100877131594692	0.02943665401742491	0.2567278778100388	0.01095026747402337	0.03249813091043504	0.0851719728650315	0.04185526169506514	0.04694984747148039	0.1550433049273437	0.01050755435716442	0.01040905714385709	0.01105504980710217	0.02301035780531835	0.01033298920255485	0.05700018758289204	0.01054480947270178	0.01099733260755736	0.02288076987130022	0.05108165652016036	0.1668051824757175	0.272539441939109	0.01039252946620613	0.01018138442672082	0.01015642614801506	0.1173586890315656	0.02813367221512878	0.01528469780420329	0.08337956769494764	0.07215241869187194	0.04812055413749177	0.04481970541137431	0.2896887725157122	0.02550423446326968	0.04977523044014893	0.04550751839211083	0.2643966437323271	0.1826758847559679	0.09533824123511386	0.0104383260492467	0.01091449449355868	0.3878526496994079	0.1360534974111554	0.01022211071934459	0.0647742201686182	0.01023996721477433	0.01008116151308526	0.01017504207113628	0.3648829816609902	-0.08475169312375774	0.240254963271317	0.03260101179347791	-0.05248443836138559	-0.003057086653778435	0.0415548143349306	0.0001893634929165669	0.009388419834562789	-0.05850890197924737	-0.02226008056157574	0.03910450613352077	-0.0009814995555894159	-0.06028349972682327	0.1497576941390823	0.0291340701939884	0.1568225348734197	0.3241210302494238	0.1630093539979105	-0.1155020835898582	0.5048454040588737	0.0105956758974255	0.01036399835149798	0.01473767380965757	0.04743922020521233	0.01111938147263945	0.01080957477621989	0.05941080075862704	0.01410295376747144	0.1134943037507893	0.05795536101478638	0.01207789569482179	0.01082266082990288	0.01015164702226982	0.01009020375990163	0.1302894598918932	0.1714538695748573	0.05773152398989405	0.2377835037188619	0.1365830648783401	0.117496049743803	0.07348147600944756	0.06710198202826419	0.06145611601479816	0.01191825188032448	0.01115029575818652	0.01195778359199706	0.01097733039339779	0.06433703592958787	0.01060796721493821	0.01060365275634551	0.01196326316821947	0.1223494762060485	0.03869655325983074	0.01004997088068189	0.04345390799263234	0.2846744639707334	0.01062973974595031	0.03636465828776029	0.1032140044771209	0.04822069630604314	0.05060301292690319	0.1612092585571705	0.01068062588065611	0.01051070158921299	0.01156953204610299	0.02968214331049935	0.01042501937218174	0.0422975928484379	0.01048609397341894	0.01089130485460375	0.02052207303698888	0.04134689437558884	0.1203488360182472	0.1845221250886491	0.01053871568559726	0.01024022400037459	0.01021384710803112	0.05479405277380215	0.02848239702391464	0.02052134015461928	0.04965023737636091	0.05327332967985399	0.04287998063828339	0.04545143396930826	0.2002010298965361	0.02218338200867901	0.04028181470964459	0.06257554556934965	0.2070177137962388	0.1315809256013499	0.06963040471319909	0.01047353870926213	0.01101595629120119	0.2472180964610872	0.09102611473310433	0.0101979792803784	0.05257616231971037	0.01027520783855051	0.0100936277803194	0.01020019579715472	-0.00539903383751916	0.01147114033940196	-0.002156907121053141	0.0001973427255981278	-0.01493166176119621	-0.02771335348705345	0.04403810586737396	-0.003590135855546797	-0.03406545707293027	-0.04722258670984536
1.530701754385965	0.01084439765795106	0.01050999029336083	0.01639773900959679	0.04750508667937197	0.01169704565810131	0.01112028905823937	0.05972723314899743	0.0148796016741809	0.1154429805093206	0.05992203167465283	0.01252226487755344	0.01101517449501139	0.01031118013220709	0.01012269860462358	0.1242858503073061	0.1632746372216132	0.05852968634721414	0.2193418105584984	0.1291063702977327	0.1111940545853478	0.07178880541381412	0.06527788269310598	0.0595242263067509	0.01256551083298854	0.0113690409833472	0.0123776270698849	0.01119918080494998	0.06096414163880755	0.01079135414524879	0.01065161725659002	0.0123833958992647	0.1212134414989105	0.04036483907691799	0.01006435717578096	0.04195350513430433	0.2811171123677881	0.0107780371070245	0.03797344187706347	0.1043380758969957	0.05005813261274474	0.05712632139751155	0.170813927267761	0.01054879513928909	0.01041378799594778	0.01124928820767915	0.03683325585371412	0.01042228125810623	0.0569839075709926	0.01081755121705971	0.01142988503887318	0.0210098382961082	0.04106232216993638	0.135173593501021	0.2190555551196392	0.0104576595244201	0.01020832250381174	0.01018397681575255	0.06702376226380204	0.0248328544671532	0.01789587286849678	0.05955217895411786	0.06302890338066743	0.04954711183901274	0.05523635825890683	0.2503735264522112	0.02267511459516111	0.04003845548043869	0.0784191204283923	0.2479028566070233	0.163166957391348	0.09623709987960248	0.0105776473711723	0.01132485063850506	0.2973177058623184	0.1160969540409035	0.01034353059898883	0.05188529222065092	0.01023237283268279	0.01008019170895751	0.0101697969569317	0.4263525742672951	-0.1291661981378788	0.2482596142642255	0.03566962590913943	-0.04959473240218706	-0.002199525361513099	0.04233230971179127	0.0002611878846434512	0.007785559896633079	-0.06220518036866388	-0.02254530487685717	0.04024809120348822	-0.000942419444419966	-0.08005061501768614	0.1501485092173334	0.03155234927661264	0.1635027762528176	0.296064302528261	0.155730530332379	-0.2349002345167153	0.7202783908679087	0.01098893191302335	0.01057564405807782	0.01697281081444585	0.04968796667320486	0.01201776917144538	0.01133163981726255	0.06067174193615551	0.01594019992004099	0.1375023774720632	0.07085423963520168	0.01313286501157877	0.01122308075677582	0.01024080845988612	0.01013249982134218	0.1452104175292225	0.1914820995886427	0.06011079007462239	0.2828594271077055	0.1578217042807994	0.131621030432906	0.08900079034461533	0.07966002424210435	0.07090118289776368	0.01306536016873606	0.01157989796317571	0.01294846431370744	0.01145392189996227	0.06880261962742162	0.01090239881739419	0.0106947987160164	0.0127859707136545	0.1316664999156873	0.04555128666808515	0.01007416152093388	0.05125557961248815	0.3351605270761744	0.01093187075895993	0.04720568183499217	0.1359184533763094	0.06340771179134894	0.08628201466091547	0.2347598131004896	0.01033195216563157	0.01021582278825109	0.0108683354366255	0.0626382896607373	0.01047027084775205	0.08671908276442919	0.01162047936699103	0.01273917858059774	0.02028923667144592	0.02971235290368703	0.1033840107918906	0.1542290316306461	0.01035310976292325	0.01016390927636714	0.01014585909100642	0.01411007343422942	0.0150844294082379	0.01575419687772529	0.04756239376537903	0.0717939422608892	0.06631690191127557	0.08925438399869699	0.2472688039318579	0.02091151735399152	0.02911946590716755	0.1464795349124799	0.2896506407662464	0.1855078668110227	0.1506577211046264	0.01084151486359804	0.01213759837058662	0.1412984428839512	0.1306281240736725	0.01069507915883821	0.03603969972045505	0.01012065412676264	0.01004517883574563	0.01008973498251121	0.005860995347895435	-0.01640220757982249	0.003504135134759473	0.01230589119187416	0.02372529188099711	0.05492029580475333	-0.08271025633346125	-0.006959336136677654	-0.03247122984520692	-0.04755077913830737
1.540614035087719	0.01069768073715456	0.01041706777207511	0.01509733290187962	0.04944933403316784	0.01138936447873627	0.01093244517191381	0.05892721482465821	0.01462163076228724	0.127291491128563	0.06610928888837632	0.01228465001683017	0.01088545800955511	0.01021200372584899	0.01009843033154778	0.1411703315796697	0.1823377528838711	0.05641119785899645	0.2681798263418748	0.1550489783992403	0.1303105775630573	0.09029107844791374	0.08112306752743483	0.07230986183851042	0.01218094932080066	0.01121327343203365	0.01214557142229295	0.01105365455817187	0.07021618347351836	0.01066373243422234	0.01053392165247794	0.01210811246829486	0.1285662203264875	0.04213588880866712	0.01005335203629769	0.05821445819738045	0.304667641679377	0.01067630528551378	0.04435836090889462	0.1251584652260942	0.05933961532763272	0.07806207276406385	0.2056669876476624	0.01042430032824568	0.01030073206786293	0.01125904180345416	0.05763480966755435	0.01027510049400877	0.06592012659234486	0.01113865631933447	0.0119819446089294	0.01896550626256197	0.03025299182375999	0.1089089726935029	0.1743477433443526	0.01033692720844227	0.01013423836352268	0.01009401703194705	0.03399497043244022	0.02101314013949149	0.02617571136158191	0.04832343787386983	0.06383363514972523	0.05686476653050974	0.07392366878711826	0.2382830019992684	0.01980443203853772	0.02959591655922369	0.1155642403966663	0.2573556290029013	0.1497325650673103	0.1098813347712896	0.01049588486061531	0.01116545158323137	0.2018204717566086	0.1118042655968077	0.01047184590467032	0.03719271294609159	0.01014822120173332	0.01004180362051677	0.01010707143661691	0.4589262469352608	-0.1624019975902634	0.2465079360820176	0.03872397709529675	-0.04557953310213714	-0.001240841204945817	0.0428050096368246	0.0003278280688875046	0.006616213779652571	-0.06531636408601606	-0.02238557339502627	0.04088886638200183	-0.0008862411234465443	-0.08529271043442589	0.1478186627704781	0.03972854031400786	0.1711405703840398	0.2615140007743147	0.148257696915871	-0.1235186786510273	0.5841218612692496	0.01042082914495356	0.01025658863379308	0.01277486972588754	0.04987115088641393	0.01078011789480437	0.01056118960918	0.05440560702519061	0.01373056931389456	0.1376896860799696	0.07067575579976174	0.01162338366861766	0.01058863285636354	0.01011331062444248	0.01005851847696813	0.1594918262218623	0.2020315000694097	0.04941353490361177	0.3429541640146247	0.1888886554713918	0.1534524875029619	0.1133482852369848	0.1003842043234875	0.08726118368934746	0.01136650708656113	0.01096416883979152	0.01151209411255406	0.01070964563221972	0.0802207129540916	0.01044498180791342	0.010503578064921	0.0115855180137803	0.1327715048148471	0.04089542120557918	0.01003217601949762	0.08105210881177465	0.330391598689559	0.01044870136661904	0.04954435131586054	0.1465724162860203	0.06736625008619272	0.09541339411045424	0.2363434122122942	0.01042011154470156	0.01027161735437022	0.01181388579628755	0.07760542802204642	0.01029407972017643	0.0623466720899922	0.01143787418527113	0.0123393859015302	0.01639541689112614	0.01994999810349933	0.07795790505777507	0.1179211723601234	0.01032118347860315	0.01013537597629543	0.01013279983284483	0.01214112358750891	0.02040690893063121	0.0393145698976261	0.03494749634779822	0.05685802489138857	0.05764138664323428	0.08504965486164975	0.2037729975065957	0.01659332689954639	0.01966940948789228	0.1443862512009879	0.2479029124906404	0.1121085271902141	0.1013653413060045	0.01036220692322974	0.01092862142359765	0.07310317616704302	0.09087255268367972	0.01063740505961335	0.02276999155986208	0.01011656912804383	0.0100391962998145	0.01008472342665983	-0.006176638893126658	0.012961699925165	-0.002487353917101779	0.002624665028561591	-0.01665767194796022	-0.03583266461889928	0.05527214357990758	-0.0006821302762044779	-0.03086893158161879	-0.04677453870380394
1.550526315789474	0.01059290541799016	0.01035823688729503	0.01335151402278906	0.04540195360091593	0.01109131713143691	0.01078394649056157	0.04810651184972747	0.01444691256864114	0.1376974073543666	0.07163083972984557	0.01201944138590439	0.01074402214198777	0.01015869257714108	0.01007609699045086	0.1481544730945379	0.1879633611832487	0.04415907393020007	0.3120933631905548	0.1755392792336012	0.1426022063539236	0.1078359770602786	0.09536414801205993	0.08248779333137794	0.01179856325133536	0.01140402257541483	0.01188438440242938	0.01089426819986659	0.07404696398547268	0.01063290449415776	0.01108648961698236	0.01217219629089886	0.1222603688550479	0.03846453377156439	0.01004158753599865	0.07849543647728627	0.3232221229667965	0.01056743472398359	0.04976438846616917	0.1431530958410804	0.06725075348515736	0.08822667265184429	0.2153660748600178	0.01058518602169411	0.01034073366356906	0.01270129958233207	0.07679132015373447	0.01118723952395885	0.0631462228840064	0.01240247661406038	0.01335939076844024	0.01743604110234628	0.02250667231628001	0.08756431946429928	0.1399587806307716	0.01066169858857595	0.01041822380946706	0.01062477514016423	0.01990865624777998	0.0184227725659819	0.03234064489476468	0.03251256000773657	0.0504685879356236	0.0545062962405588	0.08294396530123152	0.2003147473860827	0.01779419987191265	0.02219344025909505	0.1448501690267019	0.2414504777758377	0.1347074564969697	0.1062936639503802	0.01089745452183229	0.01265579472161076	0.1155674084283726	0.08812951006032488	0.01122993954919633	0.02589437944695311	0.01020995833732109	0.01015119944747569	0.01016474973989412	0.476326395061442	-0.1885382044054766	0.236043269052531	0.04032024107945377	-0.03978123423336453	-0.0001561175960088798	0.04264513443427833	0.0003915394232434369	0.005042623181501503	-0.06869952614665874	-0.02209546892852651	0.04099939038198547	-0.0008279429232787299	-0.09665199910148101	0.1517398974160123	0.04214778543536789	0.1718718990645635	0.2218908079486206	0.1373679629048017	-0.3327528679286655	0.830639661821683	0.01081921196606233	0.01049036889669759	0.01304676889129901	0.03485499688082459	0.01143038301376844	0.01107195059171951	0.0276052681076854	0.0156704216798478	0.156968417505311	0.08134272943697214	0.01257522123563432	0.01092890401016129	0.01017777633211624	0.01008966896986243	0.1444339640825165	0.1804889409758723	0.0242201488711101	0.3670562259943844	0.1918288186505977	0.1467512145789657	0.1239906029983436	0.1068705043267762	0.08844172274156525	0.0123017106873686	0.01229257949429108	0.01239747294134286	0.01112174153646812	0.06987853690003798	0.01093284928213144	0.0124395068219357	0.01323952125433808	0.09896917279885666	0.03226264483954561	0.0100499111745926	0.0976785574103448	0.3636874415192033	0.01070725421726	0.05715179507641291	0.1697298289818441	0.07806018209236824	0.09438403089944289	0.2122724778683281	0.01092534269764846	0.01044137156372246	0.01512937680124007	0.1012061342403653	0.01330575500303929	0.06752842240399659	0.01505647739083327	0.0162967907651446	0.01774437018360753	0.01781008351623614	0.06983202297780147	0.108606497286526	0.01142678350832003	0.01107236954217797	0.01179819826436992	0.01039950602006786	0.0112766737787631	0.02576597574768876	0.01176460026940454	0.02856415159449886	0.05053817470142532	0.09686326889511596	0.1249379803830123	0.01776226016191619	0.01784160396719486	0.2015890664449951	0.2085242824813222	0.1520575860762611	0.1206102684385764	0.01210555627750904	0.01670689343071999	0.01649057250523398	0.05690707896516725	0.01281325605882569	0.01786362749171574	0.01038273192576399	0.01040431620432597	0.01031945183406785	0.003717030609002567	-0.01482304039254325	0.003506599533099004	0.01300083734074063	0.02531815209135533	0.05896811850642616	-0.09235699062333766	-0.003648871068786009	-0.02945695276275631	-0.04421103610788112
1.560438596491228	0.01052773679944962	0.01031649227471795	0.0127334970632706	0.04494617959627372	0.01097043880990172	0.01069496279737335	0.04050099169798466	0.01422676296835802	0.1446201846089948	0.07550281712994796	0.01187627079614545	0.01067376070796775	0.01013355903916442	0.01006584442558132	0.1556656742507957	0.1943306757185978	0.03532947664911713	0.3548638042066106	0.1956098233981646	0.1542501396067804	0.1265680112787329	0.1100503244413265	0.09257648438812907	0.01160461738021991	0.01112039112693259	0.01174098421729539	0.01081217685114442	0.07614444591982669	0.01055650359984354	0.01030196147529574	0.0119178016288146	0.121288161836022	0.0376135058883532	0.01003640243316226	0.09799437602145129	0.33394031635702	0.01051410169191667	0.05655344831815578	0.1633598381013752	0.07684041664491094	0.1037805059425691	0.236364643627709	0.01035425985314767	0.01021730940492827	0.01170313116638804	0.09561182870271161	0.01043159206944204	0.07215448413410055	0.01601011041847828	0.01551837794933623	0.01634730171524866	0.01783611956062435	0.07446905140550747	0.1168228022149196	0.01035251458059147	0.01011174418249419	0.0100744404378787	0.01382654837704963	0.01427005003697381	0.03334980277041865	0.02247106571605544	0.04792342372106776	0.05874602467789095	0.09860855001753896	0.1912431226299867	0.01645618494142925	0.01776772138796851	0.1738364709169037	0.2484669349613477	0.1302813370507535	0.1197056228501291	0.01084374404161266	0.01281577338253057	0.05575580840009466	0.08372368706476195	0.02104404988094533	0.0189096751973938	0.01009224653396678	0.01002129044019889	0.01006392815611399	0.4781534846757646	-0.2101162504673961	0.2179442250281173	0.04130143000987976	-0.03239457950844694	0.001074628275224435	0.04210708270593935	0.0004538392870565739	0.003763261472495825	-0.0722646000969716	-0.02177589929843212	0.04066406016908558	-0.0007756361132114343	-0.1042252502746928	0.1460532097712039	0.03561289888590176	0.1651124972077798	0.182660939527157	0.1249023516086327	-0.1214824671107323	0.5618372949402098	0.01032321319272613	0.01019436713485418	0.01194118738332631	0.04776593152023848	0.0106106346501705	0.01042369452140013	0.03843910397520175	0.01332464606482393	0.1463465250349728	0.07635840553876691	0.01140466149197642	0.01048541540990817	0.010090006196941	0.01004494392488298	0.1678691704930693	0.204694207773117	0.03167452358891377	0.4283216019227697	0.226455585001815	0.1722204075349401	0.1526118252266799	0.1301510979365691	0.1064089180111587	0.01105617635201531	0.01080760287937024	0.0112877988277019	0.01058582580455396	0.08035830200188104	0.01033448065834472	0.01043312342544509	0.01121965958588622	0.1244447790544293	0.03794194331168799	0.01002507303255364	0.1242910530133122	0.3343151365630654	0.01037200313589019	0.06302328818003806	0.1871806733308803	0.08646855618445239	0.1227542376131756	0.271354011736641	0.01022521230234864	0.01013925219301146	0.01144615852739511	0.1113886916926506	0.01022233862137526	0.08020615295583491	0.0206220538015256	0.01735027045422555	0.01465390479085875	0.01371256014414663	0.06017833953131384	0.08924091871811475	0.01018439712851044	0.0100832608020709	0.01008022480512162	0.01052503927452638	0.01232703663399075	0.03721520874482451	0.01899397747930373	0.05372731925161058	0.06456763377529863	0.1134027168975915	0.2006868976107816	0.01459751613234058	0.01382333565348658	0.1933676456527533	0.2688168993211415	0.1118196023500717	0.1291191421179708	0.01032741917231501	0.01113890074090006	0.01056783637399767	0.08836828922234749	0.03744531486575867	0.01323512507936916	0.01006022686824454	0.0100232507012078	0.01004488979777644	-0.006720752668837154	0.01381972771999012	-0.002730746022909695	0.005266350995357365	-0.01276943469465764	-0.04447650673816247	0.05602728410163825	0.001095851274096666	-0.02821584900535249	-0.04067982429893122
1.570350877192983	0.01047897937629683	0.01029527382155961	0.0119737896449873	0.03800264103966828	0.01079558646530364	0.0106183147321656	0.03231050475834576	0.01414747595399884	0.145850088496596	0.07649252614190188	0.01180043315770956	0.0106320291219877	0.01011966812603523	0.01005918088682045	0.1497933148361039	0.1816224570873565	0.02773947784829213	0.3901218280559016	0.2089233706963101	0.1578069801447796	0.143708727423543	0.1228568698617892	0.09987659385828601	0.01136035461821269	0.01307561451303876	0.01165410110689513	0.01076126140878321	0.07315504975096354	0.01064309255305864	0.0175320793327396	0.01251686049686269	0.09873734077220087	0.03125512200905145	0.01003290991343838	0.1234684725910969	0.3320062456902195	0.01048481001998432	0.06023107811653289	0.1762869344471959	0.08233695964703043	0.1002642471105348	0.2232385490805455	0.01167677410186173	0.01072057551577756	0.02059392906418799	0.09836683801034453	0.01768745296147351	0.06375576634660957	0.02204020136481456	0.01811905363637268	0.01557258740065976	0.01526018780203687	0.05878863814041049	0.09332064398305769	0.01277666760457251	0.01286843343383153	0.01525452939074117	0.01179796804489452	0.01279520840294196	0.03052688929478363	0.01862046370980647	0.04166101836918065	0.0515482094486674	0.09464040474481371	0.156395430773293	0.0155771221517839	0.0153641916612838	0.1761327023365142	0.2237026208963037	0.1210571022297149	0.1071877447918823	0.01147163452781725	0.01344419186582441	0.02778515265994032	0.06820947644607171	0.04079569256351803	0.01523329055513393	0.01090381212136335	0.01119817338900434	0.01080727430693212	0.4684016864888447	-0.2200013154383414	0.1941916979107783	0.04237869848275226	-0.02595369772703296	0.002104964688310863	0.04178769793835331	0.0004938309129881576	0.003643253726959628	-0.07435541694123592	-0.02114622790577726	0.04044462486213717	-0.0007207718526666862	-0.09909031887008189	0.1477252039132	0.03942865659902503	0.140289897678814	0.1512786145522158	0.1204615076478276	-0.4333827513734511	0.8846687376171178	0.010737243524502	0.0104674189828767	0.01139254868743854	0.01405882982722523	0.01102899844194726	0.01093027698501456	0.01132946518363342	0.01564743065098257	0.150783278079696	0.07977510278958619	0.01248772050537495	0.01087255000963645	0.01016066839277228	0.01007974831945878	0.1113539785525335	0.1222161659467319	0.01107958505396327	0.4235935222896163	0.2069770272222848	0.140856553489031	0.156825386385845	0.1303116506830689	0.09942175909416105	0.01176454913274308	0.01836311935988406	0.01227749289508701	0.01104953427165391	0.05752327889145712	0.01126120114887862	0.03480059757228889	0.01525854706820583	0.02494114339838861	0.01382506899142978	0.01004453248110389	0.1590473626577051	0.3321026570407901	0.01067151289826652	0.06097477753366479	0.1847144315114828	0.08410604685184291	0.06117937789801095	0.1214803893142949	0.01505741672878829	0.01204480274556887	0.04281925436805378	0.08586932167769629	0.03573209583039329	0.02961636575801515	0.02961922402503036	0.02196946485825843	0.01650018212935237	0.01478593041219975	0.0364028866397659	0.06359285964104054	0.01890755620334006	0.01953652494762836	0.02774600815349939	0.0104233881656459	0.01100938832045592	0.01611097364753031	0.01091618801778887	0.01233213951005374	0.02294085602314715	0.06270276013824083	0.01726389920805447	0.01645253342706303	0.01508191815521332	0.1640947366059104	0.0992358523079984	0.1262051601205634	0.05902010432541083	0.01401443777828387	0.01842363524317777	0.01058366366580695	0.01328160472335938	0.06331520750441416	0.01394911221786361	0.01289186908965534	0.01400598512145793	0.01261061233155459	0.0014994132895941	-0.01104798532625359	0.003230657939778359	0.01342392862855356	0.01720112409468172	0.05784099579646317	-0.07797412691979952	-0.001611401525788594	-0.02742232643192819	-0.03712330465677571
1.580263157894737	0.01043230463480803	0.01026530816185825	0.01165346123143161	0.03697760368167331	0.01071297318590811	0.01055680488170459	0.02420157732238029	0.01387472124940217	0.139916004149431	0.07353276830852233	0.01181544718584429	0.01063243218793513	0.01011565694904967	0.01005752304996209	0.1496418805847026	0.1783001208996325	0.02006778618402567	0.4218451774753559	0.2221212972244266	0.1624069650902916	0.1607842061923264	0.1350624686293903	0.1065416132563585	0.01121023770769475	0.01214171753796737	0.01165635236502226	0.01075959986985812	0.06862760765989537	0.01058564366617372	0.01493238443622695	0.01232297090289143	0.09312284284761756	0.02941701289207588	0.01003243777186346	0.1430961132033408	0.3153831926124703	0.01048730641135413	0.06744429487435553	0.1947263293760926	0.09214356604046871	0.1056493875946295	0.2245605734504225	0.01152093008896168	0.01033980943148002	0.02221413859467795	0.1056037617511633	0.01806274803653463	0.06798757518548838	0.0328097404872912	0.02216338577853502	0.01486426200924859	0.01374942068964882	0.05245924966437426	0.08297983718461356	0.01255409017136212	0.01202270339919713	0.01475663077142013	0.0103195825609969	0.01126343845930717	0.01943678415496284	0.01447137874841589	0.03630020327048162	0.04898247771248345	0.1001168184408548	0.1496708220017434	0.01483446987812476	0.01394173934355987	0.1793808328363286	0.2212022293866776	0.1344032021869507	0.1137166028531548	0.01097769581266934	0.01328007382647273	0.01661294199449997	0.065579713971697	0.07128457183474589	0.01335533133678123	0.01047432697153843	0.01014152163352911	0.01032599219640584	0.4567032231092585	-0.2313615765405235	0.1663035017427357	0.04241434667667722	-0.02031651265813612	0.002861162495656272	0.04143885336207825	0.0005106571544188438	0.003096110270204095	-0.07524537067159041	-0.02025043640749474	0.03989890471086599	-0.0006673743324490815	-0.09477630321288939	0.1460702371123462	0.03787180263310444	0.1029310999130863	0.1345306354993102	0.1167436200696911	-0.1010263391874863	0.4273035049833179	0.01024552017251675	0.01014424592161039	0.01150298003059273	0.04727580293110418	0.01048189030991865	0.01032025931322253	0.0234558009261742	0.0128034534494404	0.1236671833146354	0.06578345453571273	0.01154353069122464	0.010535512839457	0.01009407104763739	0.01004714451781641	0.1647138861065263	0.1954446483135938	0.01794012752993115	0.4816058441555414	0.2483880635738173	0.1770448671546481	0.1863951533242101	0.1530030682777772	0.1173676298581281	0.0108051738515435	0.01069700891908837	0.01139261535071308	0.01063849875177551	0.06703231157191476	0.01024789074955998	0.0102658382179312	0.01090811429521997	0.1191724302694035	0.035386050091454	0.01002717988348246	0.1618600436514644	0.2694459279400877	0.01041630577831638	0.07731211256794945	0.223648787737988	0.1059940310624885	0.1298013958141494	0.2678608680850491	0.01015658394348569	0.01009404215364271	0.0112552741795289	0.1176574854768652	0.01018323009794889	0.09081461898997512	0.04510900190757082	0.02609295960339333	0.01338841653151619	0.01188213439929879	0.05236067253587796	0.07700871365177854	0.01012404423379625	0.0100556042478729	0.0100506940357648	0.01034221997068899	0.01063921888705215	0.01165877034615793	0.01294547901233429	0.04330246280764324	0.05883499563060713	0.1214911328062332	0.2051941662105165	0.01334471564081335	0.01210972629661282	0.1813764211341135	0.2713472759820242	0.1440807092853271	0.1461599913322131	0.01027805428389136	0.01111364174985776	0.01014485610824279	0.08878089154989793	0.1092409469895549	0.01141755093599561	0.01004463531389193	0.01001574827581592	0.01003294633296155	-0.007173077637730825	0.01332950215023645	-0.002695585342767098	0.006619924077499915	-0.006142345289967783	-0.04258103161964628	0.04178869222383894	0.00238279162076661	-0.02702683865703953	-0.03357772242391911
1.590175438596491	0.01042925311647602	0.01027159496391052	0.01145306812460058	0.03590651728311933	0.01065732910806741	0.01053406382859787	0.0210946711981996	0.01393122897423906	0.1262401348966705	0.06662750916310461	0.01203361698144907	0.01072608644132205	0.01013125703299422	0.01006542304181917	0.1378038429848089	0.1585655964189679	0.01723254834386109	0.4414376250210763	0.2268486140466402	0.1580078949572823	0.1739850976971446	0.143052811694216	0.1085486558148767	0.01113001379104957	0.02168643339210691	0.01184123502620851	0.01086229724699403	0.0578054915904852	0.01075518807638051	0.04384906265587	0.01311210153203871	0.08640124187568329	0.02807345161378094	0.01003706980709336	0.1614129204311412	0.2832032208734162	0.01056646533614881	0.06824588930541742	0.1989797468703215	0.09365427349191364	0.09381871585496789	0.1979984398309095	0.0136329619156262	0.0139488360158336	0.01502831711357506	0.0885707092432609	0.0208955521875346	0.06729485653475339	0.04186103967513622	0.02534005364207398	0.01429997091957911	0.01275152065992002	0.04282940148820347	0.06325460449910678	0.01625997638546798	0.02181366283349939	0.02349482018596082	0.01499642626475664	0.01272962319304195	0.01563247397968608	0.01356208586886915	0.03444891037367069	0.04562090588013375	0.09066647613070312	0.1450855541979436	0.01427933683057492	0.01303820649961748	0.1511679639204881	0.2024727840881368	0.1067657188580461	0.1082133579707105	0.01578326723315858	0.01541855003494976	0.01264180910751374	0.06449783006284285	0.0976550391668435	0.01225878163066649	0.01493166092237757	0.02065516908770297	0.01522457635945917	0.4468123047979058	-0.2422128852369732	0.1367892500040168	0.04155861512499885	-0.01637096627149321	0.003224070545221574	0.04115411283364869	0.0005006890663728264	0.001556501522178032	-0.07422372620250627	-0.01896376265137991	0.03888525356595795	-0.0006107174530116641	-0.09363766363377997	0.1355848115966635	0.03616866114276308	0.05817719658007604	0.132263342974499	0.1135053659180542	-0.5224978581750436	0.8951629136196018	0.01077259388034581	0.01051443154047268	0.01110722280778947	0.01198284378324741	0.01094330792953588	0.01092161732871165	0.01072145903187321	0.01607829723107682	0.1117504620854339	0.06107912434807972	0.01311922963121117	0.01114873214589747	0.01021049304462603	0.01010462196609388	0.07023111388498036	0.0576315690744159	0.01061271012872066	0.4336543595954228	0.2003950493984199	0.1173840471031495	0.1773494716736164	0.1399891598315028	0.09684958333077164	0.01167057293873558	0.04805782793932509	0.01282247249302951	0.01135446624483082	0.02889551206411533	0.0118166553861463	0.1282723488615091	0.01778769239826405	0.01174120520702159	0.01178562660562907	0.01005864143179029	0.1958253350428573	0.2353156469686384	0.01090282781025693	0.05469777132332768	0.1681929873540176	0.07599036618460611	0.01444549913496575	0.02058877107089961	0.02148695643795433	0.02313089491572285	0.01960717452086625	0.01958762194061718	0.04398769468329807	0.02187451533133382	0.04619068082097678	0.0275032904294568	0.01550835263818848	0.01328680763917876	0.01422779812409821	0.01443941171676244	0.03020942738973195	0.04991807071959921	0.0547871637765817	0.02574977366866584	0.0168263352086022	0.01614974542594549	0.01233092332754222	0.01289626285215817	0.01569086969976889	0.02389759619615702	0.01403851167727524	0.01552128729579183	0.01377671465918667	0.05741051627246303	0.03512452661174686	0.01262163599953979	0.03067980786388018	0.02881997303872499	0.02496652908962103	0.01022206476895169	0.01344861027509133	0.1132933173895433	0.01251603229903035	0.02657232555828755	0.04663139740760535	0.02765917562836862	-0.0005650746355203478	-0.004189374570971339	0.002156627727335263	0.0108274738758505	0.007183952198754091	0.04148821586775001	-0.0439235908363682	0.0002470846828232497	-0.02694998401818505	-0.02940785797212444
1.600087719298246	0.01037984832811837	0.01024196458845008	0.01107839503318695	0.0370910394958559	0.0105545675655719	0.010469298077232	0.01513605593845587	0.01345083987348182	0.1056069547953927	0.05617533900530093	0.01210781751215043	0.01076248402685173	0.01013240961586992	0.01006659422242001	0.1352102059916011	0.1516416631700242	0.01327380526066579	0.4579876070192265	0.2347683284413411	0.1585392071311217	0.1901967725690156	0.1541364896194175	0.1136168624095133	0.01095313277532189	0.01975256992481069	0.01190046511465018	0.01089977600069239	0.04587804324322456	0.01070632048873216	0.0433694037044776	0.012925467291571	0.08741579045841864	0.02722300440075918	0.01003908694304474	0.1795644736003004	0.2367985190774675	0.01059877258736562	0.07590028951845397	0.212537188838056	0.1033136433335769	0.09319000395441239	0.1916931434371073	0.01282285087750571	0.01078759809156026	0.01424592925900684	0.08128048181826011	0.01958772946735927	0.0730987220140935	0.05509869755448778	0.03135389272029179	0.01348570760053585	0.01203820731050061	0.03573738820379629	0.05036411314436941	0.01585068648092915	0.02105417590755797	0.02337628678431844	0.01021271619886731	0.01075457683111472	0.01333094383572896	0.0126058301294038	0.03387788523829668	0.04101609309908034	0.08875464689119809	0.158191350795504	0.01348667476835864	0.01231836784167174	0.1223438092892467	0.2040381322353134	0.1289581496877565	0.1163570359807356	0.01185986561012895	0.01360455614475615	0.01099456659564248	0.0755635777291306	0.1262672856343734	0.01160078058183504	0.01487432825746273	0.01989963910512879	0.01493458919990391	0.4240594905692021	-0.2543734077055646	0.1072158152919339	0.04167953037756005	-0.01350410634664456	0.003371561344892584	0.04132194891503198	0.000474911114764266	0.000919671034219078	-0.07219448771315616	-0.01762131913498868	0.03781905980755144	-0.0005656815899410217	-0.06982547312598916	0.1315168534808734	0.02671108995855787	0.005727150273066996	0.1391245925536974	0.1069026367751367	-0.06255254594353254	0.2371340763870184	0.01014880311899649	0.01008749347944843	0.01076697956130394	0.05073205243409983	0.01027678035872173	0.01018921974723939	0.01239146876099912	0.01191117988749499	0.07436383491985575	0.04159235962439986	0.01193378996072797	0.01074741669410077	0.01012223211174706	0.01006289571417758	0.1597075109318886	0.1844638465260061	0.01136429812065574	0.4971219525090454	0.2619632342017315	0.1766294826558944	0.2213487712981179	0.1769912734942519	0.1284144024214334	0.01045745201280698	0.01086487128300211	0.01174499912055108	0.0108687723725245	0.04153622078728433	0.0101681412400158	0.01028988919964065	0.01064054000633976	0.1260301917449967	0.03418221977214681	0.0100397443351348	0.1993505263655819	0.1539485582588605	0.01059642222283633	0.09410915968720038	0.2495913227684318	0.1269463371196455	0.1312362594064941	0.2651086760009028	0.01011468743327624	0.01006898546999555	0.01057998045210996	0.1029689874316656	0.01011622358923935	0.1044028052988312	0.07627613347068586	0.04063600509765642	0.01174625014828236	0.0107366144629491	0.03958118196788351	0.05495924428537304	0.01008346016811074	0.0100414792206745	0.01003924538861461	0.01029008991106601	0.01030774186804928	0.01028733669961513	0.01596891836926252	0.04470797576604094	0.04917007047102323	0.1177493759225235	0.2475387244572411	0.01176292707552192	0.01090588740209184	0.1135258437479597	0.2871419643622354	0.214984675641458	0.1672800773069757	0.01016252653313221	0.01046819444225552	0.0100490270293473	0.1186410134784155	0.1740928861677648	0.01052725750386943	0.01004263538436967	0.01001546483095288	0.01003136383505519	-0.006957801969938796	0.01117146660339599	-0.001164289860083138	0.004880392835030127	-0.002624819525506121	-0.025459713580904	0.02337599015473596	0.002809192952036414	-0.0272510151470379	-0.0249966577985293
1.61	0.0103833430007946	0.01025450978977715	0.0109698267586838	0.03765150595337373	0.01051573568528199	0.01043922965897289	0.01312318902929724	0.01395240420057968	0.08148453047539422	0.04481240623614455	0.01324315706664663	0.01138462995978394	0.01024745169372081	0.01012599609325053	0.1199091220125478	0.1349277015996983	0.01196243936016524	0.4549097777877697	0.2334162529465076	0.1493175898394394	0.2051305291162827	0.1642964829298245	0.1176076724197156	0.01091419971938193	0.04653579725363409	0.01297392371714796	0.01159336342301341	0.03624815272204263	0.01092018641970619	0.08169334205816234	0.01407528706439714	0.08773650049415162	0.02694159216060624	0.01007596754352034	0.1998505567544369	0.1808412891714174	0.01111697052674491	0.07778238836675065	0.2055658014581241	0.1042729659041434	0.09216998223847304	0.1854374184970008	0.02182157640359543	0.04232236125574805	0.01255825809020368	0.07549293023003396	0.03441537876577946	0.0742478174432519	0.07545598744678796	0.04174561128127945	0.0129341458453269	0.01138114868037976	0.03190888103890819	0.04378869107309085	0.02279807945614439	0.03706218376532436	0.03334820822098467	0.05626169103558109	0.02715201421684653	0.01350036233475693	0.02860106957978005	0.03711354737506094	0.03885407915489655	0.08447653893690241	0.1651600576710822	0.01295932106222799	0.01165844015989046	0.09419971421880154	0.1983955589287577	0.1397877471313423	0.1150384868374041	0.05094162441439451	0.02926669938085634	0.01042788243142947	0.08115781052257075	0.1641710012066613	0.01102743582869942	0.01919793026594729	0.0361601805049928	0.02172851356075825	0.4052948592978021	-0.2587750850341037	0.07893422763323049	0.03975515082234559	-0.01267020056818311	0.003004491004859909	0.04106103269373887	0.0004188617578403772	-0.001659003890618448	-0.06797309186956692	-0.01588044134161012	0.03605422659987972	-0.0005132852824369768	-0.05812943472860596	0.1203052688124872	0.02378335005435952	-0.03649486679979802	0.1516917476278081	0.0983096328248719	-0.5887156581573902	0.8798010648919766	0.01082983727556325	0.01057958450703167	0.01114431745693508	0.0123246447598055	0.01092636590606723	0.01089438567453235	0.01071354464776472	0.01803146836848474	0.06013293237122553	0.03758876426490867	0.01641642289815802	0.01295337950256623	0.01054881215476772	0.01027872662369341	0.02270416016805962	0.01262823151156056	0.01061868018656117	0.3773773839547411	0.1796555152804353	0.08384640786928581	0.2050649432928942	0.1586851421673789	0.1030728763356231	0.01172391269226917	0.1349587963309099	0.01594886178189766	0.01337007067027984	0.01349338098969088	0.0124952237936735	0.2600688839521219	0.0213910475693136	0.01125327153537463	0.01185750382471944	0.0101655024713216	0.2421306401799707	0.1125440788211495	0.01240332676060915	0.05080576290180744	0.1164405038460458	0.06535374275177479	0.01212041001933547	0.01124960415607673	0.0494651065559458	0.1246704406262748	0.01533376165716428	0.0117161903640216	0.09141402056053309	0.01757839641753664	0.09617991693609509	0.05319428829299708	0.01465401252493262	0.01202460184557849	0.01076109823599249	0.0104499949116243	0.05172138546003201	0.1008268230201241	0.08605489764568491	0.1773220308316314	0.06860867811575334	0.01887125961303928	0.06181765909313636	0.02337502696158229	0.01451043965779077	0.01299748142402595	0.01331619184559487	0.01471792964252961	0.01251161825900087	0.01091587748737176	0.01142826969981921	0.0106619951545181	0.01313723997566332	0.1565320711461327	0.07468892034057495	0.01013049128703766	0.015694498797262	0.2061227347989063	0.01144930806820855	0.03967547732305715	0.09819003526877659	0.04853295479650071	-0.02652323704941889	0.04822348061001826	-0.003687002554931243	0.0150406966175385	-0.003617181171011179	0.01742737074711118	0.01031452888558446	0.017948588087905	-0.0277263475943842	-0.02044632675704552
