cycle_id,phase,sin_phase,cos_phase,pos_pelvis_tilt,pos_pelvis_list,pos_pelvis_rotation,pos_pelvis_tx,pos_pelvis_ty,pos_pelvis_tz,pos_hip_flexion_r,pos_hip_adduction_r,pos_hip_rotation_r,pos_knee_angle_r,pos_ankle_angle_r,pos_subtalar_angle_r,pos_mtp_angle_r,pos_hip_flexion_l,pos_hip_adduction_l,pos_hip_rotation_l,pos_knee_angle_l,pos_ankle_angle_l,pos_subtalar_angle_l,pos_mtp_angle_l,pos_lumbar_extension,pos_lumbar_bending,pos_lumbar_rotation,vel_pelvis_tilt,vel_pelvis_list,vel_pelvis_rotation,vel_pelvis_tx,vel_pelvis_ty,vel_pelvis_tz,vel_hip_flexion_r,vel_hip_adduction_r,vel_hip_rotation_r,vel_knee_angle_r,vel_ankle_angle_r,vel_subtalar_angle_r,vel_mtp_angle_r,vel_hip_flexion_l,vel_hip_adduction_l,vel_hip_rotation_l,vel_knee_angle_l,vel_ankle_angle_l,vel_subtalar_angle_l,vel_mtp_angle_l,vel_lumbar_extension,vel_lumbar_bending,vel_lumbar_rotation
0,0.0,0.0,1.0,-0.0401665926322725,-0.1939821523096557,1.4816002919515767,0.5320620599452215,0.9226626959056606,-0.9569871677932292,0.6760368071533169,-0.1422591609041402,-0.0936480549202263,0.7108166582203648,0.0852536213329426,-0.216421978401205,-4.658470764018057e-05,0.1439203834790876,0.0516951254608015,-0.1911081075928099,0.153739091883668,0.2225686134225534,-0.0259926857014285,0.0002037879907274,0.0498933723647067,-0.0160591430346147,-0.0020480690525415,0.126525924034405,-0.145641925437853,-0.1032072378666349,0.0111253170525293,-0.0396498585271388,0.0757384829590927,0.0189519679982022,0.4123680127616339,-0.7315014084074045,-3.771831678281152,0.1068860549818056,2.5019869925652207,0.0,-0.1926616006976565,-0.147483263357784,-0.2876500633400455,0.0405987231843944,0.4360294571238198,0.4891195333306778,0.0,-0.0006287857735521,0.0039079315490545,0.0002302271563693
0,0.01,0.06279051952931337,0.9980267284282716,-0.0390903011133869,-0.1953109514574142,1.4796752979044456,0.5322165000639675,0.9220119868689703,-0.956150703970858,0.6746831255304722,-0.1363279998806774,-0.1030340563384209,0.6528342353498496,0.085491635624204,-0.1748396442938813,-4.658470764018057e-05,0.1391829015199736,0.0505475296982842,-0.1945930473217599,0.1529435551031986,0.2286783270877184,-0.0210533375689393,0.0002037879907274,0.0498837979109174,-0.0160013964208805,-0.0020447050047383,0.0545172941346222,-0.0457582548625878,-0.1280990974367783,0.0100944839049409,-0.0443113077292176,0.0422629908502809,-0.1574691842024991,0.3827246631875661,-0.5805464516361641,-3.887972052988996,-0.0276206214225253,2.914606959312939,0.0,-0.425350068005472,-0.0412389152877058,-0.208943701180945,-0.1830264398770758,0.2928753200104961,0.2684209439918881,0.0,-0.0006638516822671,0.0038223445794278,0.0002212255426634
0,0.02,0.12533323356430426,0.9921147013144779,-0.0389108606534318,-0.1950597544069526,1.4779223365865877,0.5323440261288609,0.92129898410829,-0.9557969289278062,0.670675683379192,-0.1311126024152636,-0.1106265625395104,0.5944207063240673,0.0847200691167148,-0.1292337552554133,-4.658470764018057e-05,0.132133240477133,0.0504830281150209,-0.1986268753906862,0.151224230951251,0.2331454284851429,-0.0144446143714522,0.0002037879907274,0.0498736670345001,-0.0159448716438814,-0.0020414710813649,-0.0165596144362096,0.0345426238536756,-0.1183169599624505,0.0071354048532073,-0.0501038314488874,0.0177358620259272,-0.3049668023301154,0.3218945810140818,-0.483469118961941,-3.88749849364552,-0.0221698354278833,3.071217471136813,0.0,-0.434921889872941,0.005313208769933,-0.3509427400613772,0.0267114084179919,0.4240641047187697,0.6512552545597574,0.0,-0.0006605719697871,0.0037376684266337,0.0002127464701159
0,0.03,0.1873813145857246,0.9822872507286887,-0.039465907096566,-0.1949924197389148,1.4764266728811917,0.5324687644538136,0.9204201441752106,-0.9555867515603366,0.6661451660310942,-0.1266428525852673,-0.1175255595109893,0.5370204202714783,0.0852542527531056,-0.08366261668715401,-4.658470764018057e-05,0.1261297241864096,0.0507006254868387,-0.2042926622816566,0.1523417230301209,0.2409851499617901,-0.003999717174926804,0.0002037879907274,0.0498650257993141,-0.0158892960411694,-0.0020383212210178,-0.03513988613715701,-0.018898927304203374,-0.07073184861794295,0.009314220361363498,-0.062878367759236,0.012651789591090201,-0.2930446790418034,0.2959392131234309,-0.4414164235572548,-3.7936454646772,0.011052933067419848,2.959618305269276,0.0,-0.4077541681044412,0.023405958254147888,-0.2719473469570047,0.0069904497679586924,0.47387590639506205,0.5204338923727451,0.0,-0.0005423051280269,0.0036893199776386,0.0002083723789114
0,0.04,0.2486898871648548,0.9685831611286311,-0.0398628625008466,-0.195866109427785,1.4765604591890331,0.5326291835302988,0.919371859205702,-0.9554299174222396,0.6618044136500367,-0.1224351886964428,-0.1241626305073221,0.4812109579366299,0.0845180112814505,-0.0438520729830908,-4.658470764018057e-05,0.1207267513908812,0.051014167713197,-0.2044789131137397,0.1527558069789177,0.2480339125026117,-0.0008269956943695,0.0002037879907274,0.0498580689832344,-0.0158343862421068,-0.0020352452594826,-0.0257749457460326,-0.0848354587058286,0.0305716702641161,0.0123110332942754,-0.0736948750362316,0.0107689560383502,-0.2777975067154432,0.2710501604778736,-0.4559916853745589,-3.673413817009528,-0.0487645292061661,2.521598521030453,0.0,-0.3140504529253364,0.0094828746493555,0.0113565791939563,0.0876765727535565,0.5071936779242934,0.1723844415735925,0.0,-0.0004153688160679,0.0036506299443265,0.0002042708825201
0,0.05,0.3090169943749474,0.9510565162951535,-0.0401141426946782,-0.1985224004604703,1.47714628948128,0.5329290574760756,0.9181285045585232,-0.9551907672782776,0.6590175928774723,-0.1182404783523089,-0.1310157342166551,0.4286542720933652,0.0838069921899703,-0.0098327184535425,-4.658470764018057e-05,0.116750601298439,0.0507047235243623,-0.2060905503883867,0.1530742031371184,0.2544801789758633,0.0030957201186444,0.0002037879907274,0.0498531758006951,-0.0157799800479844,-0.002032202995686,-0.0078226748021261,-0.2031159915615332,0.0481831167462428,0.0242013804134198,-0.0861174789350184,0.0148646794463178,-0.1542384447189005,0.2872119729926793,-0.4478691771765131,-3.401195265234032,-0.0325240952954367,2.13086644638408,0.0,-0.2777944081732403,-0.0306984407416253,-0.1229790363863603,-0.0569822152741208,0.3612398034612979,0.2699628436955338,0.0,-0.0002889718922121,0.0036156669467852,0.00020207263349
0,0.06,0.3681245526846779,0.9297764858882515,-0.040241386455219,-0.200797266533512,1.478339434039928,0.5333600184065329,0.916843911282066,-0.9552343539039836,0.6561334356786857,-0.1142326938043994,-0.1379366255705424,0.38101711111892866,0.0844692479355107,0.01933500747477438,-4.658470764012961e-05,0.1116169663867579,0.0502288889545357,-0.208214215714708,0.1522519832406901,0.2596560898325065,0.007637388077765097,0.0002037879907274,0.0498486817071558,-0.0157262193413529,-0.0020292231553685,-0.018440687673267474,-0.1425013080900513,0.09839313784193876,0.0292488463452156,-0.086219233834199,-0.007635082929726096,-0.19034045158159602,0.24455293866619776,-0.48855969967374074,-3.059164992837951,0.07206396484411326,1.8931214909487224,2.208810534618833e-29,-0.3203896248465639,-0.03462322526476248,-0.18878136457625716,0.025319238548202783,0.37582554152191516,0.36723603856410514,-5.9164567891575885e-30,-0.00027726470016590013,0.0035531434633527,0.0001952764373036
0,0.07,0.4257792915650727,0.9048270524660195,-0.0404126930875002,-0.203924641098321,1.4801254648631872,0.5338837855098792,0.9154629312574027,-0.955272133234472,0.654963202421694,-0.1109245331969606,-0.1473812217880837,0.339349504148477,0.0856710713536611,0.047978255463367,-4.658470764012961e-05,0.108524251275777,0.0493083124364792,-0.209860860843506,0.1543763345725508,0.2670164149769717,0.013479843467743,0.0002037879907274,0.0498458848599659,-0.0156732796091226,-0.0020263146317571,0.0093112880904679,-0.2258287937850062,0.122289619174232,0.0406510005453897,-0.0938836513269914,-0.0046390571019723,-0.0416285824994206,0.2257035587500681,-0.7040908149707472,-2.6313790924783325,0.0720680677650152,1.919627468356868,0.0,-0.2146758179005919,-0.072396371791142,0.0084488618088173,0.1049090247500818,0.5364562369897499,0.3292027399069581,0.0,-0.000155543865896,0.0035256576544818,0.0001943278641155
0,0.08,0.4817536741017153,0.8763066800438636,-0.0393552276811843,-0.2068600801873047,1.4820843720517796,0.534711953299764,0.9140687921052802,-0.9556220458517024,0.6542712127564267,-0.1071293329380048,-0.1592145917449864,0.3045475577745909,0.087103050467583,0.0778187352214167,-4.658470764012961e-05,0.1030890047354093,0.0478815569989382,-0.2080436437212901,0.1532546522830928,0.2745536874379927,0.0162655159246741,0.0002037879907274,0.0498437909798837,-0.0156202973113103,-0.0020233650791294,0.099087223019509,-0.1776259732653992,0.1388728540210769,0.0625412561271688,-0.0921729794323629,-0.0316237307367689,-0.0482075928779505,0.2645044810191573,-0.8162718102761457,-2.159469973734521,0.1363951723965134,2.047617652110937,0.0,-0.4033519005016175,-0.1209513901384062,0.0943415516141639,-0.0976441806016804,0.4610259756028518,0.144034912959477,0.0,-0.0001297398719284,0.0035389290142053,0.0001981428740529
0,0.09,0.5358267949789967,0.8443279255020151,-0.0379614809051018,-0.2091855434486824,1.4846001582560626,0.5357429024961825,0.9127076523614724,-0.9562297344282568,0.6536755638115959,-0.1033003257470779,-0.17049313818327097,0.27625213780998603,0.0897594237767317,0.10720987372652536,-4.658470764012961e-05,0.0979261325010296,0.0456202570298187,-0.2074611242052795,0.1541845638907907,0.2801150332371138,0.0166640297317046,0.0002037879907274,0.049842193803685,-0.0155679562118967,-0.0020204672397467,0.07826136159532326,-0.16136227907155254,0.1853589248216898,0.0692274486497754,-0.091077503073156,-0.04253619524715349,-0.02009070814593101,0.24128019260522535,-0.6984969191093074,-1.7625193660709984,0.1509619448157167,1.8573373992680084,0.0,-0.308094027323214,-0.14740201993754973,0.05620453243628107,0.11679778826595605,0.3732381826515999,0.0292760065705249,0.0,-7.284698128794383e-05,0.0034545582395989,0.00018946723283510002
0,0.1,0.5877852522924731,0.8090169943749475,-0.0361300065105719,-0.211991380897036,1.4871679672844904,0.5370030680524359,0.9113162190076562,-0.9569806386844336,0.6539488678761949,-0.0990495767995733,-0.1787785141370617,0.25369675701001,0.090351185807121,0.1326493517056856,-4.658470764012961e-05,0.0927509736790508,0.0426657733034967,-0.208359650135143,0.1548929571657016,0.2897529657932386,0.028483164746294,0.0002037879907274,0.0498417720264956,-0.0155163397998116,-0.0020176193062821,0.1553550763984773,-0.1879183537095723,0.1528318891297065,0.0946968762619376,-0.0928125903393255,-0.0556883002980263,0.0235487556398537,0.3187531612426315,-0.4552391067929286,-1.365520052910898,0.0254979097728714,1.61636507065303,0.0,-0.3667335140177989,-0.2433977884808884,-0.2060392506417558,0.0377856565451757,0.7404675185829365,1.173560813706708,0.0,-1.1405014216972938e-05,0.0034459508830105,0.0001914974718451
0,0.11,0.6374239897486896,0.7705132427757893,-0.034012999910713,-0.2140506267636521,1.4897980457954736,0.538466454628569,0.9099665906293498,-0.9580828216141728,0.6537372027901963,-0.0948900212023152,-0.1816796050663862,0.2377529605031098,0.0930082843035845,0.1524173454778049,-4.658470764012961e-05,0.087112816302593,0.0389999351107425,-0.2128552524990691,0.1571873747442149,0.2988938934706897,0.0421788327302137,0.0002037879907274,0.0498417494547598,-0.0154652185520042,-0.0020147764361158,0.119351406773452,-0.1061832567786594,0.1995431712208813,0.0947448996620755,-0.0884404811396984,-0.0842822473621322,-0.0391529474322295,0.2342273933900336,-0.0607926538821209,-0.9138456291156368,0.2455204044280237,1.1370390926329166,0.0,-0.4079148162848813,-0.2106374028885986,-0.1890889121893,0.1563030248502798,0.5401396272269701,0.607178794246166,0.0,-3.370890158394029e-06,0.0033590316219765,0.0001843847894031
0,0.12,0.6845471059286886,0.7289686274214116,-0.0325189994524923,-0.2158090651218749,1.493263717284436,0.5398715722050292,0.9086156592158224,-0.959531312299102,0.6535591544367432,-0.0921895884000636,-0.1788833477299491,0.2283964863866931,0.0960668016600774,0.1636666064236324,-4.658470764012961e-05,0.07953129510106761,0.0368647813745602,-0.2096223728412609,0.1560583495115211,0.305102189413607,0.0426039378263173,0.0002037879907274,0.0498422877866515,-0.0154158329857722,-0.0020121024810292,0.09228952223322782,-0.1409077724017625,0.23838927915295038,0.0946135946666315,-0.09193220004671199,-0.09952153227218519,0.02252404185240284,0.16148882274653498,0.3134280799328575,-0.47668325101129433,0.15018447063963886,0.5582484421520532,0.0,-0.5373176676444124,-0.12006220727663769,0.3354020030327193,-0.19208192519329786,0.3245253811792991,-0.16001718382442748,0.0,5.7673023494453394e-05,0.0032606113789919,0.0001755864486353
0,0.13,0.7289686274214116,0.6845471059286886,-0.0314402413446373,-0.2178895214247134,1.4974468595405863,0.5413027564834977,0.9072225708808688,-0.9611930368336064,0.653991091680357,-0.0904708018311822,-0.1707573147407926,0.2253481452727287,0.0970640315563096,0.165934321057573,-4.658470764008732e-05,0.0712464695124873,0.0351662136658943,-0.20513185058508,0.1531724604854626,0.3097721624538913,0.0419825850085337,0.0002037879907274,0.0498436861781743,-0.0153681805895174,-0.0020095981813516,0.0609846908878572,-0.1195809077741016,0.3140937720127052,0.094308014952813,-0.0923669025985888,-0.118780529398472,0.009245797184516,0.0795624267404385,0.6308260664429969,-0.0683404139729959,0.0555373936133605,-0.0537077695566102,0.0,-0.5487151617688262,-0.1120767374915401,0.2850881440625337,-0.1248634111953631,0.3709877896492635,0.0516747401242135,0.0,9.917689402433198e-05,0.0031295143742483,0.0001616191142507
0,0.14,0.7705132427757893,0.6374239897486896,-0.0309168675654651,-0.2194858846646548,1.5025512378479726,0.5427194277503254,0.905821155384432,-0.96316972373885,0.6539827917527816,-0.0901242135021401,-0.1592273151087972,0.2283946329665698,0.0982881519970971,0.1598218284556786,-4.658470764008732e-05,0.0630433647291824,0.0336145703217647,-0.2012044142004495,0.1525775235055187,0.3173370931256411,0.0468769672746143,0.0002037879907274,0.0498457817028012,-0.0153224160686235,-0.0020072836623243,0.0299739977612936,-0.1064798251153361,0.3368192367676146,0.0974974456923361,-0.0944289628843651,-0.1380751343306078,2.592906899019208e-06,0.0127616868750708,0.8282288280238334,0.3305105750720504,0.0890733518326461,-0.54310637592538,0.0,-0.5683430144299491,-0.1071547167711633,0.2151893168338171,-0.0550646500984011,0.5340102292413517,0.5082362718434041,0.0,0.0001609339453671,0.0030264370649647,0.0001526834314178
0,0.15,0.8090169943749475,0.5877852522924731,-0.0302861292410296,-0.2204654498745731,1.5082014678947313,0.5442690220127286,0.9044169363650956,-0.9655443245421524,0.6529032017564705,-0.0903238495386819,-0.14641184596112714,0.23617969799545738,0.099744589765803,0.15024194729385293,-4.658470764008732e-05,0.053255428469204925,0.031669114970780406,-0.1990805568103215,0.1511475324776568,0.3250848929211555,0.05811427332015977,0.0002037879907274,0.0498481335769753,-0.0152773782065942,-0.0020050218005506,0.04083115547570274,-0.0485231518058259,0.41687357110521484,0.1036192304845284,-0.0932116783645388,-0.16640131145186715,-0.11001714330066711,-0.03897063936126586,0.8623422539175626,0.5941792860590075,0.08329913698095079,-0.704207469368823,0.0,-0.6491012712633212,-0.1412120433453252,0.1271041087155889,-0.03846740866922467,0.5181409905865758,0.815782699670584,0.0,0.00015398860583819998,0.0029687215787523005,0.00014668439661830006
0,0.16,0.8443279255020151,0.5358267949789965,-0.0301210346600411,-0.2220408088067672,1.5153768063873028,0.5458429998996505,0.902956679942201,-0.9679953855073726,0.651551887555975,-0.0912490945590882,-0.1328588217347376,0.2464508980725236,0.1000938340685588,0.1351741891749229,-4.658470764008732e-05,0.0461091183610352,0.0290535802303474,-0.1966842730907105,0.1541579524304567,0.3338972342212628,0.0710592178136986,0.0002037879907274,0.0498513337651741,-0.0152339358490401,-0.0020029351696147,-0.0004065643255312,-0.1475385199403912,0.4953925151244448,0.1074790485145775,-0.1005010295268638,-0.1608767845099072,-0.0655000726390623,-0.0582383696587743,0.906671248597205,0.7208355514023616,0.0221084377045908,-1.1404849609491283,0.0,-0.4186879620356337,-0.1854907384726261,0.2189474551714572,0.2282684625405942,0.6043379812871741,0.8227571534763206,0.0,0.0002384217171106,0.002861452841913,0.0001357607029396
0,0.17,0.8763066800438637,0.48175367410171516,-0.0304810978454709,-0.2244398955070286,1.52339138283454,0.5474650583456806,0.901408970385919,-0.970646079330401,0.6496885438876044,-0.0925035382920695,-0.1206824822259292,0.2576687554279143,0.101427002173762,0.1176969478688316,-4.658470764008732e-05,0.0375369800304587,0.0272132874007289,-0.188774471476214,0.152409292298769,0.3383436776835049,0.0720025175547446,0.0002037879907274,0.04985507633762,-0.0151920829187051,-0.0020010060323328,-0.0521937125513475,-0.1344360168362832,0.5542817899862219,0.1050886343454468,-0.1026987994667505,-0.1903476332745376,-0.1922463086313076,-0.1187515404263308,0.7576930394754463,0.7514075497105112,0.114090643504456,-1.135487150356886,0.0,-0.6744508509915007,-0.0706126152810467,0.6836406797649988,-0.2668347618185745,0.1092314367250923,-0.3547663535777218,0.0,0.0002430488960877,0.0027440771044573,0.0001237162037712
0,0.18,0.9048270524660196,0.42577929156507266,-0.032908288516346695,-0.2258966517851363,1.531694054459814,0.5489059998824279,0.8998766720788108,-0.9737751326272248,0.6450671110774613,-0.09567740228370489,-0.11060130550876833,0.26895613330897206,0.1029742815023687,0.10121058681937795,-4.658470764008732e-05,0.027636423242480623,0.0272139831937101,-0.17842852509494814,0.1510627567636346,0.3378930765171308,0.0673919503012618,0.0002037879907274,0.0498586560999426,-0.0151522801244383,-0.0019992828938578,-0.20391494238113722,-0.11845862550141888,0.5575245166523066,0.0941312175778026,-0.10395572115525888,-0.20962003920750133,-0.3258999295220069,-0.2426160748020822,0.6220598456026107,0.7465528961684605,0.07242939672021284,-1.0846381980384476,0.0,-0.5783858974824683,0.005579209628484155,0.6405437147301486,0.06706184973573633,-0.04891880530473747,-0.15159480860184055,0.0,0.0002586999924138998,0.0026153682319255004,0.00011124547889620002
0,0.19,0.9297764858882513,0.3681245526846781,-0.0346734340770049,-0.2298106155773706,1.5415268370524715,0.5505639923577496,0.8981652665899769,-0.9766869949253928,0.6411281955128966,-0.0982333902386236,-0.1042836461841426,0.2781709520968205,0.0959042475117279,0.0845687416754054,-4.6584707640048135e-05,0.0216862819607918,0.025523202244707,-0.1675870604920475,0.1533937121865951,0.3400945418703391,0.067910608162747,0.0002037879907274,0.0498632006608315,-0.0151134272093634,-0.001997640956583,-0.0404212545104219,-0.3219488115780709,0.714713330603454,0.1229715532361758,-0.1191375768658461,-0.1875569138673077,-0.2292150401175124,-0.1061940658341587,0.2941720565579173,0.5081346987392102,-0.984445626388792,-1.1794085177239542,7.836345094375847e-15,-0.3543618744549148,-0.1889816461731316,0.7998329001172586,0.10408857082952,0.2608249716696083,0.1335346814730899,-4.770656300969038e-16,0.0003123194518821,0.0025881106855383,0.0001096732758666
0,0.2,0.9510565162951535,0.30901699437494745,-0.0332234485952368,-0.2356797508109188,1.5523746574299997,0.5528488964131913,0.8964061361743421,-0.9793036525808054,0.6400957930903376,-0.0979387006935084,-0.1053096458811346,0.2819279205784885,0.0554078535182902,0.0633165760284732,-4.6584707640048135e-05,0.017109742494011,0.0206567111422997,-0.155177397061213,0.1534573478715404,0.342533385364983,0.0700597264301882,0.0002037879907274,0.0498680792254773,-0.0150745562331666,-0.0019959665160835,0.1434150900881451,-0.4199190135977963,0.6709455271611482,0.1676826908670064,-0.1154201875997628,-0.1666923904170985,0.0424475144993735,0.0753525194884108,-0.2391060114025255,0.1546098574747025,-3.4134506573840446,-1.4771705948596563,0.0,-0.2519690365341722,-0.377521792979449,0.8109849856997762,0.0391440095989701,0.0787722895955837,0.0348506964660682,0.0,0.00033540275768,0.0025920857326273,0.0001130162133005
0,0.21,0.9685831611286311,0.24868988716485496,-0.029459829112603315,-0.24149730636009187,1.5593900971578718,0.5559981649140466,0.8948873645609352,-0.9818105291139938,0.6428138273439061,-0.09452811150550641,-0.10931933738722399,0.2860773041281367,0.010063206128698605,0.043605058021389954,-4.6584707640048135e-05,0.0160305817239517,0.012535643329100328,-0.1469944068195867,0.16096339521860797,0.3435683927128534,0.0681995343947732,0.0002037879907274,0.0498733294977747,-0.0150356247194655,-0.0019942142791961,0.33312229958989165,-0.34462628949347623,0.390724500343549,0.2348678568623284,-0.09087987009987909,-0.17351242115217375,0.20234271807588625,0.324117679432128,-0.21673574467793633,0.41489271490664115,-2.530727739662539,-1.2542817826981254,0.0,0.011959628853884074,-0.6647332729248562,0.32489478277599737,0.7746874874881367,0.07614623737057208,-0.10261878149767431,0.0,0.0003533159090543,0.0025996602879248,0.00011876513464209999
0,0.22,0.9822872507286886,0.18738131458572474,-0.0229408310533536,-0.2448974314923996,1.564068054539289,0.5599888510540737,0.8939007111999155,-0.9849163437983594,0.6453235643180851,-0.0877856758531801,-0.1107020163028589,0.2994298857968919,-0.0175230338579917,0.0206142534552971,-4.6584707640048135e-05,0.0137077354035624,0.001404089129919,-0.1409154472197361,0.1716028695031282,0.3422479227667462,0.0574442446252164,0.0002037879907274,0.049878595464744,-0.014996791563624,-0.0019924170111961,0.4189682600005836,-0.1643309392478844,0.2576670824568174,0.2695527080857408,-0.0533220925032175,-0.2277669457495163,0.150824527145185,0.4503453621314633,-0.031438285665382,1.1574119345981244,-1.5962008348740555,-1.671466235058572,0.0,-0.3347749055858373,-0.6703545273889604,0.6848163036939958,0.4895638598179302,-0.2306270786786303,-1.3255187350820867,0.0,0.0003519048574985,0.0025554369383248,0.0001170338334657
0,0.23,0.9921147013144779,0.12533323356430426,-0.0186844785765447,-0.2454927108625306,1.5655109659448951,0.5639409725800867,0.8934652466126346,-0.9888212164341867,0.6469872921559849,-0.0822130879693471,-0.1075110746718363,0.323010666842133,-0.0295224436098658,-0.0016612626894944,-4.6584707640048135e-05,0.0059970085417473,-0.0059301275841242,-0.1265506863260222,0.1783431419328312,0.336919871782084,0.0303530582353203,0.0002037879907274,0.0498835581341066,-0.0149599879150019,-0.0019907968372887,0.2472203926052458,0.005892476453489,0.0140101073672254,0.2676625837951829,-0.0177994595498538,-0.2695638596528429,0.1012127948285693,0.37817546982794,0.3754106589643232,1.7173861139914433,-0.2681064139831497,-1.3316622140726462,0.0,-0.4953906916073867,-0.4698343365506812,0.8795157181772172,0.6200645942201666,-0.3173620292197072,-1.6323009617167406,0.0,0.0003183697938158,0.0024158823882027,0.0001053223255726
0,0.24,0.9980267284282716,0.06279051952931353,-0.01500048479767861,-0.245585868947961,1.5638950355715229,0.5682404193858454,0.8934543947146484,-0.9927873757960248,0.6494166117998458,-0.07488378936880703,-0.09759889463922043,0.34997987276207426,-0.019864393018343637,-0.018533871088843558,-4.6584707640048135e-05,0.00144315916639331,-0.013640936558568677,-0.11611160244679992,0.19290992000625334,0.3315796622801377,0.00977192474923416,0.0002037879907274,0.0498887123928784,-0.0149244693349921,-0.0019892378308462,0.25642689183721995,-0.014244385593435578,-0.13829482094931006,0.29510075916374323,0.008025691172222123,-0.2630669894849517,0.1674961156303616,0.5421008203730986,0.7383410264762044,1.780353462013283,0.9272801698538256,-1.0487429380640543,0.0,-0.24147209452401486,-0.5345255348756349,0.7266658615935752,1.058321139595204,-0.44150342774098705,-1.459480160434677,0.0,0.0003732757690892998,0.0023467046121238,0.00010260306877980002
0,0.25,1.0,6.123233995736766e-17,-0.0085772068693945,-0.2439696539406228,1.5629428152848617,0.5731143006360554,0.8939856101726869,-0.9971646479150238,0.6472381318991083,-0.0643879500829774,-0.0901975435359635,0.372555893902069,-0.0042327732512115,-0.0311049418799524,-4.6584707640048135e-05,-0.0025526551879543,-0.0246970741457644,-0.1006908375938805,0.2120136298967823,0.3241402214045036,-0.0167915589297694,0.0002037879907274,0.0498934441638525,-0.0148890900762367,-0.0019876552870961,0.5283760630716569,0.1790238297115062,0.0002834295900818,0.3396987150813047,0.0502003824606507,-0.3063312025451863,-0.3310100010165178,0.770162522329822,0.3041794701343329,1.3341376715622746,1.0459739842169935,-0.7192213034800042,0.0,-0.2328379177788935,-0.8652524324118838,1.1539975081070797,1.487028452291996,-0.4867981158762378,-1.868721214701276,0.0,0.0002844775167777,0.0023660378510946,0.0001070948009774
0,0.26,0.9980267284282716,-0.0627905195293134,-3.366671368688987e-05,-0.2421588688897221,1.5667373414014163,0.5780894807500278,0.8950044303189518,-1.0014741097901114,0.6410938054313658,-0.0535685518732295,-0.0894132523452686,0.3878892507115777,0.0086251145672042,-0.0421054352453438,-4.658470764001989e-05,0.0006808490158162,-0.039727427062864,-0.0839483150552082,0.2433262958552389,0.3158488940983491,-0.0400789822782766,0.0002037879907274,0.0498976603048027,-0.0148544555544582,-0.001986161444915,0.543053568571574,0.0514086662856418,0.3721276997103038,0.3197596801675867,0.0734887540110517,-0.2714304299552442,-0.3900757229952087,0.6731511923318367,0.0200555814872233,0.8845835181384374,0.7404017504879246,-0.8281933230930512,0.0,0.4421993055545588,-1.0048360697677854,1.114047869076069,2.301169493633547,-0.629957819893194,-1.4121346331597326,0.0,0.0002966382821088,0.0022639555123006,9.438761655845196e-05
0,0.27,0.9921147013144778,-0.12533323356430437,0.0059552010229407,-0.2415143780840817,1.5718903749688962,0.5824879468377895,0.8963027686791142,-1.005609978103098,0.6336922272432904,-0.0439456104144624,-0.0856789362417026,0.3981680631952698,0.0191339497114297,-0.0588181642823837,-4.658470764001989e-05,0.0076689644779892,-0.0503225632513307,-0.0573994523621812,0.2781130884706274,0.3021715839424622,-0.0788647050832383,0.0002037879907274,0.0499021457596032,-0.0148222400736043,-0.0019849200094491,0.3286938768447015,0.0792021728515214,0.3011080460988786,0.2810645696173363,0.0945732380650929,-0.2849611414262143,-0.5873642590257517,0.6320663525758471,0.3521687763565134,0.6041028831771904,0.7403841055574287,-1.2281248808290577,0.0,0.4352421495131107,-0.53751684513965,2.166995245499327,2.3490663500206423,-1.0337628379171453,-3.342752618608748,0.0,0.0002900530604941,0.0020846949145138,7.66540335275121e-05
0,0.28,0.9822872507286886,-0.18738131458572482,0.0083877652637279,-0.2399135170635053,1.576888038130624,0.586175131866369,0.8979113656935735,-1.0098575403801229,0.6236164023917756,-0.0370056387330272,-0.0805611362341262,0.406011255659611,0.0320160059626324,-0.0768674976503354,-4.658470764001989e-05,0.016740936807546,-0.055625231263487,-0.0278353582534891,0.3182442315268753,0.2843979384876777,-0.1247713334872116,0.0002037879907274,0.0499064768008284,-0.0147929219559115,-0.001983966594441,0.0598611526520048,0.1052984083913992,0.3553263368727034,0.22488855314899,0.112503461174511,-0.2778914771831396,-0.6837088942688403,0.3412363819311169,0.3242848765391873,0.4973167616826291,0.9028556882026432,-1.131787977322352,0.0,0.7150001807897687,-0.2802367434218579,1.6089449553816797,2.8378784456605244,-1.294073270316077,-2.527250584105809,0.0,0.0002944215194066,0.001891541414297,5.7174308543140105e-05
0,0.29,0.9685831611286312,-0.24868988716485463,0.0073450392734101064,-0.238084404448759,1.581834441032775,0.5891937403107385,0.8997732998096624,-1.013977331001939,0.6120766833921402,-0.033947759480851415,-0.07595145660132442,0.411597560979013,0.04550408139978592,-0.09044557401188653,-4.658470764001989e-05,0.02892135761293933,-0.05836427921319329,-0.011907687746256074,0.3628357836147643,0.259407194643491,-0.15486166493795395,0.0002037879907274,0.0499106507128409,-0.0147662249461841,-0.0019832647478919,-0.07005701700910455,0.14825501282822082,0.31446202734829254,0.20132540421661863,0.13113969589247315,-0.2777627517051698,-0.8539607999433703,0.20442665750142622,0.2721561636883909,0.28131995526797365,0.88633225491284,-0.786615581276962,0.0,0.8235103677085851,-0.1943676132243782,0.8943223179306944,3.01568437903984,-1.856084388035169,-1.921717839877257,0.0,0.0002550804881687005,0.0017544014766827,4.534260451362083e-05
0,0.3,0.9510565162951536,-0.30901699437494734,0.008894876427858288,-0.23466488986964312,1.5861397381696951,0.5926318372118496,0.9019402769130472,-1.018257034469206,0.5965811272943796,-0.028580215303003535,-0.0741863626403153,0.4133829085741594,0.05832142108204713,-0.09813361944153917,-4.658470764001989e-05,0.042368083212482414,-0.06397073511312157,-0.002267842842995447,0.41271721069813905,0.22794005033010117,-0.1865131517193018,0.0002037879907274,0.0499141173113134,-0.014739961884575,-0.0019825507949266,0.15394368659697785,0.23125179580969185,0.2545414948670888,0.23654586379672585,0.14777969450151296,-0.28018083292235657,-1.050654630695569,0.3977842302896123,0.06717541420631928,0.07112105643284597,0.8236213052493037,-0.3731992316373244,0.0,0.9975093902848515,-0.4005566186218309,0.5609509755838591,3.5452608957992315,-2.164800343689957,-2.352157706703648,0.0,0.00023827673563179977,0.0017431352880998001,4.827971476957714e-05
0,0.31,0.9297764858882513,-0.368124552684678,0.0090449197693669,-0.2332434432577625,1.58823284046246,0.5958021557236001,0.904064861125856,-1.021863005723583,0.5836572821025362,-0.0250359425121275,-0.0730395364697267,0.4144573329203851,0.0699171931251387,-0.100346909596895,-4.658470764001989e-05,0.0625287360551862,-0.0667048885564287,0.0041176313281829,0.4716723383236349,0.1955455795907376,-0.2277857335378375,0.0002037879907274,0.049918575469558,-0.0147153669508224,-0.0019819547274922,-0.078834810916219,0.0210661680559653,0.1094804184056769,0.1939220017252929,0.1376476713406509,-0.2199319428464589,-0.7692633138839278,0.1214304188582459,0.0531637037391925,0.0753140822666359,0.7682708295994671,-0.0412678928536637,0.0,1.5118324286589098,-0.064167645520136,0.3839982603210271,4.068554689897804,-2.147009020659985,-2.828948409936542,0.0,0.0003199439354442,0.0015789774331756,3.414079250563605e-05
0,0.32,0.9048270524660195,-0.4257792915650727,0.0087599446119877,-0.2337575477454326,1.5923340651927795,0.598602682141372,0.9060766210810126,-1.0248259044423929,0.5719135160973455,-0.0241855153840487,-0.0773374343403919,0.4136781969044846,0.0810561520928197,-0.0968910648142202,-4.658470764001989e-05,0.0890844107700255,-0.0685673688565148,0.0119385257733675,0.5356551089603694,0.1647289869009764,-0.264883092580569,0.0002037879907274,0.0499235556905067,-0.0146926885956448,-0.0019815439897529,0.1112115517709708,-0.0122670279223298,0.3831587451224706,0.2006748553079009,0.1349344140650096,-0.1961170262139009,-0.8736177526887365,0.1354273752837634,-0.4997564227517578,-0.1690274389767791,0.7281579879167165,0.3510696166385602,0.0,1.8542281882239693,-0.2855606144674358,0.555949465630278,4.37861249962058,-1.987728059708572,-2.161809104479718,0.0,0.0003172090741093,0.0015104189013974,2.759497743990768e-05
0,0.33,0.8763066800438635,-0.48175367410171543,0.012101087878188,-0.2334175026553432,1.598785594200977,0.601753474207762,0.9080608214964484,-1.0276917189968195,0.5571544122757491,-0.0212442751326903,-0.0885319382231256,0.4089323680394811,0.0917122903159542,-0.0885813602577681,-4.658470763999594e-05,0.118697716048261,-0.074493052054073,0.0185115981252261,0.6037227939219411,0.1344822187551619,-0.2938770410325417,0.0002037879907274,0.0499278981652838,-0.0146704152168643,-0.0019811375137818,0.0967556121958379,-0.0933280041104636,0.363419681925348,0.186020172462034,0.1217866906509024,-0.1606924994847266,-0.8160248134898797,0.0488679500897849,-0.7597789009934808,-0.275553679770993,0.6977225265628276,0.6848461285613238,0.0,2.18261933803195,-0.2049822143282359,0.3921841454799001,4.622747179909417,-2.0684695281791248,-2.042302746626065,0.0,0.0003030088228729,0.0014399053494721,2.3501443531229763e-05
0,0.34,0.844327925502015,-0.5358267949789969,0.0090473779479006,-0.2408655748524772,1.6007209174754264,0.603939984926889,0.9094000399412242,-1.02863474155047,0.5539048499495517,-0.0243686452824257,-0.0974981194591956,0.4078911786074653,0.1026678888232837,-0.0761537646586197,-4.658470763999594e-05,0.1614382578622639,-0.0724694712918342,0.0207210433115592,0.6773555233126491,0.1045899657472901,-0.3186209058284572,0.0002037879907274,0.0499331565146725,-0.014650132740423,-0.0019808902393742,-0.1871633433876113,-0.5751940416070568,0.0718173442123014,0.1546229762628476,0.0808579480345222,-0.0396577854735414,-0.1164475458480325,-0.1545519552900208,-0.5757281652872533,-0.0558835050634642,0.7591590926596984,0.8366694787532116,0.0,3.0346950413351665,0.0570713481163074,-0.0362714720775575,5.021689387689963,-1.886312041204414,-1.0854134582567068,0.0,0.0003683817492135,0.0013383794650346,1.6484989833908343e-05
0,0.35000000000000003,0.8090169943749475,-0.587785252292473,0.0113531314470939,-0.2445733668203126,1.604991216122559,0.6068094431606483,0.910705262606453,-1.0299646499111317,0.5445011794609405,-0.0226670124136069,-0.1107274945366121,0.4033084117875251,0.1130085092993631,-0.0625237775524354,-4.658470763999594e-05,0.203026146146054,-0.0776381382117281,0.0202552528870125,0.7515500402836783,0.0818555407859432,-0.3203440180392225,0.0002037879907274,0.0499375255286669,-0.0146300800069261,-0.0019806193988384,0.2553781183360286,-0.0195022882920492,0.4151378680753554,0.1908607107255926,0.0940635631324568,-0.1240977977795515,-0.9400893071580886,0.1444691235791418,-1.039720307528066,-0.4232953794148807,0.6195066310267306,0.9773126835257184,0.0,2.553457399461379,-0.4077937388371288,0.0844882375752141,4.853131817586107,-1.320468182419242,0.099732928403882,0.0,0.0002450176972221,0.0013227240438122,1.729428537059703e-05
0,0.36,0.7705132427757893,-0.6374239897486897,0.01151308834497511,-0.2417891509393189,1.6075380932712338,0.6091235955502936,0.9121020754596352,-1.0320889691466286,0.5287264133143471,-0.023015364769936795,-0.12175225122803207,0.398364490800872,0.12176587202390904,-0.047736093527682974,-4.658470763999594e-05,0.2377196324084147,-0.0790732777802165,0.019041717246614926,0.8214638965114333,0.06841550147421785,-0.3196610561688519,0.0002037879907274,0.0499404725905596,-0.0146116388634993,-0.0019804666329777,-0.11883772870452201,0.14025067529837926,-0.09289075423290505,0.150798761162999,0.08434152805325579,-0.121866105020551,-0.8928986401435576,-0.028318377673036285,-0.4195357445612879,-0.21312847312211183,0.5819812837600168,0.901835653148678,0.0,2.3576769621679743,0.009782267285898462,-0.322150369291874,4.615379114949905,-0.6317132136942216,0.010910161400842389,0.0,0.0002063774967436996,0.0011802032480435006,7.307843642201179e-06
0,0.37,0.7289686274214114,-0.6845471059286887,0.013988012880900869,-0.2413331497927953,1.6072177206332303,0.6120154297638041,0.9131554575280648,-1.0333914205478612,0.5171766047468007,-0.018290856115932935,-0.12688045191769745,0.39447567654601995,0.12907247600887808,-0.03900299846331704,-4.658470763999594e-05,0.27644064368724186,-0.08335679858725006,0.015595993503345193,0.8902597064718255,0.07147233318870014,-0.3196255379898985,0.0002037879907274,0.0499437122347681,-0.0145941628649948,-0.0019803465889368,0.3724802870688143,0.12642626233135734,0.2652840671137213,0.2007879745323258,0.07349315353109308,-0.10174355009877235,-0.9732496715615395,0.42993421464300974,-0.5714596595193673,-0.38802685474009335,0.4671584516977752,0.500071219292708,0.0,2.5143925103083204,-0.4294368416650066,0.07725908354832867,4.480968896436255,0.616274999234483,0.004622345316279548,0.0,0.0001852073520454007,0.001160981281654,7.841484714102538e-06
0,0.38,0.6845471059286888,-0.7289686274214113,0.0160345441713041,-0.2368872976102525,1.6128802778994644,0.6140683830687227,0.9143676673105714,-1.0353131383221126,0.4989010321974669,-0.016313413717154,-0.1356902096908692,0.3883048827747016,0.1372961717323368,-0.0317536059249724,-4.658470763999594e-05,0.3092783659186082,-0.0844764694010757,0.0187890750448634,0.949622666461361,0.0858856810265689,-0.3195176230503823,0.0002037879907274,0.0499455101057584,-0.014578405166898,-0.001980395342954,-0.1088288092562577,0.2729740244694503,0.2130318992009152,0.1031120266507446,0.0782174950085919,-0.1189390976919709,-1.1484137204533769,-0.0462376410208462,-0.3526005535823655,-0.3347642128538525,0.576742912238118,0.4153361693650343,0.0,2.120175235045517,0.174602067339382,0.0384905428448027,3.701214226149852,1.0262817316244046,0.007375321134779,0.0,0.0001130165305834,0.000979924284891,-9.750964488956655e-06
0,0.39,0.6374239897486899,-0.7705132427757891,0.010251603998187,-0.2328951870815395,1.6093842606219186,0.6153818755339543,0.915496486950799,-1.0368765689623092,0.4835372165314512,-0.0179387904406854,-0.1322085122376837,0.385427503538209,0.1463327029392538,-0.0288816236516084,-4.658470763997268e-05,0.3395738673366751,-0.0794767581010489,0.01164403744892,1.000157149296317,0.1022747100362354,-0.3194144023026601,0.0002037879907274,0.049947017281594,-0.0145653687560573,-0.0019806560167637,-0.4841439488457915,0.2613519283046031,-0.427783945469298,0.0836586075129286,0.0733613795786831,-0.0948211158598368,-0.9476109365798404,-0.1210762754317915,0.4892225872463057,-0.1078774548053529,0.6208662415475328,0.100040583059763,4.652745193530316e-15,2.00546929388903,0.3766667899202066,-0.702451218839225,3.251398266479834,1.1414007335500882,0.006715000622784,1.3119304827664856e-15,9.375935606138564e-05,0.0008175543935465,-2.018449786170376e-05
0,0.4,0.5877852522924732,-0.8090169943749473,0.0028108907615098,-0.2309747844398082,1.6061074167838565,0.6161834029802007,0.9164541856768252,-1.0377166926044514,0.4721629033498678,-0.0217208671317911,-0.1272992754788449,0.3848920898464925,0.1558353267555245,-0.027977191740263,-4.658470763997268e-05,0.3726915958780651,-0.0724343752980961,0.0031981317512778,1.0451471412262243,0.119642974248227,-0.3193156692245019,0.0002037879907274,0.0499487930110705,-0.0145545501802477,-0.0019811126665982,-0.4381075319443723,0.1056531343332677,0.0254791146162969,0.0374516134004293,0.0626207045234332,-0.0484214104884781,-0.772406943101981,-0.3107904433599681,0.0625402663186995,-0.0668491247279482,0.6378872999954576,0.0963070857788691,0.0,2.247667682796232,0.4895400640006134,-0.350314736198097,2.819566001302361,1.133039653026442,0.00652260631229,0.0,0.0001118496685045,0.0006872537948707,-3.5457544871924126e-05
0,0.41000000000000003,0.5358267949789967,-0.8443279255020151,0.0009881040192268,-0.2260095913944188,1.614517931160573,0.6167856859992636,0.9176031214287288,-1.0390635829359909,0.4539420518172379,-0.0245742939193003,-0.1357274321018252,0.3805377006784802,0.1652818271032426,-0.0247704593613553,-4.658470763997268e-05,0.4026054050424932,-0.0677230586271302,0.0058941438081192,1.0815855636430498,0.1352808932133719,-0.319219964539386,0.0002037879907274,0.0499492091745045,-0.0145443982567228,-0.0019816624306853,0.0172174502475346,0.4261303455949384,0.7211010818354602,0.048934337032723,0.0819514706197555,-0.105532088973309,-1.3856818306168803,-0.0864454737563426,-0.7122767315501519,-0.383379797125106,0.5857215448001885,0.1947613084622584,0.0,1.8900874691535905,0.2041642647522067,0.3366082313040002,2.260127629824942,0.987545858099882,0.0063064764657898,0.0,-1.2713974373242862e-05,0.0006748588540844,-3.6361930064184976e-05
0,0.42,0.4817536741017156,-0.8763066800438634,-0.0016914065788854705,-0.2235481828190938,1.6204217162071497,0.6173212017235175,0.9185693358451968,-1.0397142897980696,0.43984556266999486,-0.027392562349795972,-0.14089234130286948,0.3775566344482885,0.17276938707830794,-0.02267406372668152,-4.658470763997268e-05,0.4342714318557093,-0.06293185626174035,0.005353126606283925,1.1100688520581388,0.14750111209594985,-0.3191275929136087,0.0002037879907274,0.0499498106355947,-0.014535645300319,-0.0019823000342941,-0.35666180656690283,-0.043873095211864194,0.16361396108464676,0.01785610512896274,0.05102005001273003,0.0022800636610763175,-0.5974947191043136,-0.34173508625772053,-0.17260754234116327,-0.0383604688725028,0.5126283445636809,0.22716451526807427,0.0,2.286596487113187,0.46251103164765345,-0.2930162285291713,1.7030717647502498,0.7233413564778514,0.006084557620157401,0.0,6.529784282201709e-05,0.0005311329097771009,-4.6625303621063135e-05
0,0.43,0.4257792915650729,-0.9048270524660194,-0.008088777042110369,-0.2253411561940347,1.6208643129434477,0.6174327273463595,0.9192451701586284,-1.039400733661774,0.43243348944995047,-0.03385286240721167,-0.14396037921858817,0.3775238015417223,0.18139498396763204,-0.015398891951822744,-4.658470763997268e-05,0.46807439008458623,-0.05570344489483833,-0.0021016686560054584,1.1294646452327244,0.15725068760848665,-0.3190385457848023,0.0002037879907274,0.0499507397654006,-0.0145285240564489,-0.0019830436146665,-0.36331318154736214,-0.03544362684478437,0.06259794896654748,0.013737270593210745,0.04940582012375849,0.005269912630342877,-0.6387339270356671,-0.3672163259415633,-0.2556440819457149,-0.08235549801806573,0.5836599748191373,0.523096473878376,0.0,2.106585703731762,0.39226756367161547,-0.49857314255236435,1.081237234944805,0.6403730707611492,0.005862582059219801,0.0,2.5825822876753713e-05,0.0004719565857219,-4.879654670072513e-05
0,0.44,0.36812455268467814,-0.9297764858882513,-0.0110696467402001,-0.2221281233942738,1.624950686590751,0.6177607899477993,0.9201918943131974,-1.0400120643932913,0.416479353489926,-0.0370249202477072,-0.1501537757091937,0.3726950139089899,0.1901177304897428,-0.0091186166846123,-4.658470763997268e-05,0.4941526024583299,-0.0518411081521314,-0.0066504782208293,1.1386855714940751,0.1663715537122591,-0.3189528387698309,0.0002037879907274,0.0499496704838705,-0.0145216873985874,-0.0019837898750772,-0.1431769148201316,0.2995027085569942,0.362763648616632,0.0214170254796535,0.0673858848278648,-0.0551093766284891,-1.2126699037888025,-0.169514936174208,-0.5071488069009116,-0.4153138544127147,0.5802207246114794,0.3941066717098407,0.0,1.604591068975189,0.2320656027494681,-0.2035611082009158,0.3865874468297791,0.5902450542094905,0.0056395643043067,0.0,-0.0001195037801919,0.0004437381036722,-5.06659438866076e-05
0,0.45,0.3090169943749475,-0.9510565162951535,-0.0121573644891236,-0.2180354856881605,1.6295974134696265,0.6182653019656984,0.9211181136306014,-1.0406520392795873,0.398973787286658,-0.0380983995596643,-0.1575037513106717,0.3661493320840089,0.1984165273207556,-0.0034064817374531,-4.658470763997268e-05,0.5176916661442559,-0.0499766042608493,-0.0099204690445739,1.1387165847982184,0.1753296505259249,-0.3188704940028647,0.0002037879907274,0.0499476654505381,-0.0145152357653244,-0.0019845237004938,-0.0485211465382096,0.2206087000575818,0.2408174910055436,0.0417674089683398,0.0563620973732352,-0.0287470409339531,-1.0815809192649166,-0.0181514499188802,-0.4163273761730903,-0.4238777413550219,0.517102014244429,0.3570442116300861,0.0,1.5926571643984613,0.0622170657181884,-0.2706186638382901,-0.1863318673885405,0.5954273921637161,0.0054148620042323,0.0,-0.000115008999752,0.0004174429301125,-4.838018669337959e-05
0,0.46,0.24868988716485482,-0.9685831611286311,-0.0132006376800651,-0.2155596307496244,1.6323110833557344,0.6188111152115575,0.9218648334052502,-1.0408522411172605,0.383815487796032,-0.0384177208131835,-0.1623318748066867,0.3595546962089306,0.2043112036383898,0.0023258866573916,-4.65847076399504e-05,0.5408255135868177,-0.0488633332611559,-0.0147034823801957,1.1295521104091746,0.1831395456621238,-0.3187915263133515,0.0002037879907274,0.0499460799627537,-0.0145099984340471,-0.0019853193581347,-0.0776905707838348,0.1692755155408325,0.183020561876241,0.0311961771740723,0.0485413757871276,-0.0126513024634902,-1.0285464528475678,-0.0308785868342644,-0.3095079798552939,-0.4635631698637318,0.3409226073540398,0.4046099226668689,0.0,1.4748678094666845,0.0899846937701757,-0.3158676916898514,-0.826435306711532,0.480860532231454,0.0051896125371509,0.0,-0.0001317994923833,0.0003168230850713,-5.635915321287325e-05
0,0.47000000000000003,0.18738131458572457,-0.9822872507286887,-0.0143919273155263,-0.2130254006107342,1.6356931133834771,0.6191492415964782,0.9225298068415078,-1.0409925756646154,0.3679558216399083,-0.0389410571774055,-0.1674440482536126,0.35194321389715,0.2099102316993673,0.0076105927125661,-4.65847076399504e-05,0.5613901084688474,-0.0474492809984509,-0.0191167498618803,1.1114346025050983,0.1893416109668433,-0.3187159057763552,0.0002037879907274,0.0499435680784594,-0.0145065834615482,-0.0019863342411528,-0.0861726894152549,0.1526959271973621,0.2445362429454885,0.0174301351250754,0.041055583529813,-0.0044480535026598,-1.0472417304210162,-0.0460439605499985,-0.3666780821028073,-0.5180282083689396,0.4239605112087284,0.3246322408724269,0.0,1.3389132558769097,0.1019293955716415,-0.283397752698074,-1.3927248593365031,0.3748572143092398,0.0049680233857785,0.0,-0.0001676664483915,0.0001778706076262,-7.272785753163003e-05
0,0.48,0.12533323356430454,-0.9921147013144778,-0.014475098980600405,-0.2114516156703407,1.639072757089363,0.6195559057282611,0.9230193424429582,-1.0408633227372337,0.35345311607305824,-0.038474341086660306,-0.17239368325193846,0.344819717106116,0.21600974676879378,0.013296954092407965,-4.65847076399504e-05,0.5807352080752792,-0.04728055927124279,-0.022845545535825282,1.085111428205525,0.19362130072665168,-0.3186435808515626,0.0002037879907274,0.0499411543452165,-0.0145042077282836,-0.0019874185917107,0.056011578010650646,0.08721837065768244,0.2120492465730782,0.03587343411983496,0.028670721225593162,0.01409692789027232,-0.9289931215075982,0.09593311468238566,-0.27739150344446833,-0.4488759697094563,0.34894309763784076,0.41487871962633255,0.0,1.2596240688354514,-0.055456903502429294,-0.2304675213664013,-1.9371982592216166,0.24249123396300687,0.004749083928966201,0.0,-0.00016290020889669993,0.00015616749752750002,-7.128192203784778e-05
0,0.49,0.06279051952931358,-0.9980267284282716,-0.013750375239476,-0.20941255266909084,1.6424003692987998,0.6199991968896478,0.9234314236892744,-1.0407585769602992,0.33818336027918333,-0.036583908151899804,-0.1751046386760861,0.33689925841545265,0.22031374192116146,0.01811777862770378,-4.65847076399504e-05,0.5967829050854093,-0.047792052839242,-0.025796617206935588,1.0499370389837221,0.19665401797035317,-0.318574451202662,0.0002037879907274,0.0499377974357364,-0.014502538007228,-0.001988539798013,0.009432508211310454,0.18434516180510369,0.22637824198430123,0.020973957478312957,0.02877989075293437,-0.0020734220154947237,-1.1129333823015701,0.11514141880363667,-0.16254272047167917,-0.6127129813016676,0.28887636976229003,0.24161045421141358,0.0,0.9351885359072116,0.010763746708180165,-0.18223056807785973,-2.5564327910386386,0.18848300471204882,0.004541315971409001,0.0,-0.0002625717692557993,6.690796586960869e-05,-7.91329418450909e-05
0,0.5,1.2246467991473532e-16,-1.0,-0.0142422091933369,-0.2064493525879142,1.6461347508076711,0.6200977253986228,0.923816666570378,-1.040847280822873,0.3202858270459368,-0.0355167487157176,-0.1800733949509858,0.3261292331134472,0.2261322338905367,0.0221140613769266,-4.65847076399504e-05,0.6081294451485978,-0.0466208439748793,-0.0277057191184687,1.005651313918129,0.1977248092901113,-0.3185083787968605,0.0002037879907274,0.0499333692266044,-0.0145028812348463,-0.0019898582295044,-0.0412639850030452,0.1532868315582897,0.26901079355532,-0.0001768050354617,0.0206259643145611,0.0020874695931295,-1.152803048432045,0.0390016614507563,-0.443593587741629,-0.7149797879040456,0.4623979408649168,0.3090836273439662,0.0,0.7299120393377956,0.1087478738855971,-0.0952150950872223,-3.1387497526803805,-0.0204193410800067,0.0043271388360066,0.0,-0.0002864339795376,-6.416009703250286e-05,-9.17665894154992e-05
0,0.51,-0.06279051952931335,-0.9980267284282716,-0.0146182792746699,-0.2060024796973936,1.6498777853152513,0.6200577932684062,0.9239334311676816,-1.0404601910943685,0.3057564963151875,-0.035045589948426,-0.1859871729174771,0.3167906423214764,0.2332038063828763,0.0260093388962986,-4.65847076399504e-05,0.6187928555785285,-0.045013232067748,-0.0287803962119558,0.952853145801416,0.1943906036941121,-0.3184472220218551,0.0002037879907274,0.0499296039443961,-0.0145046862095013,-0.001991295744559,-0.0048467755455726,-0.0195591949490219,0.2139718022250001,0.0005479666963357,0.0019649490181738,0.0354688042483886,-0.8810952801016195,0.0508019969682048,-0.2911353697083292,-0.5726026763504994,0.4259325890486704,0.2360873685040358,0.0,0.6856315542520888,0.0778363582329934,-0.0758599728257941,-3.712333582046316,-0.3073130255119292,0.0039566758826095,0.0,-0.0002342889114561,-0.00013723904335,-9.63971040081502e-05
0,0.52,-0.12533323356430429,-0.9921147013144779,-0.0151280566609353,-0.2079534014174367,1.652154371021299,0.6199600304990767,0.9237748274971894,-1.0395953296331206,0.2954027279395582,-0.0350021312604861,-0.1890402145261425,0.3096405867629808,0.2395343742626183,0.0301297961506829,-4.65847076399504e-05,0.6285174114017482,-0.0435061511519153,-0.0306639478707843,0.8915307894974405,0.1880164651519652,-0.3183753333849742,0.0002037879907274,0.0499267051246033,-0.014507816762234,-0.0019928251957687,-0.0611531583770956,-0.1733751349193311,0.144263095739748,-0.0144337157272227,-0.0159252130355648,0.0661354814433714,-0.6145506102016276,-0.0400934651359409,-0.223788323692867,-0.4284060600677678,0.4544869876784957,0.301407668712333,0.0,0.6096056381582873,0.141181599072261,-0.1339598516456105,-4.289224520076189,-0.4842060340645616,0.0056699743582784,0.0,-0.0001800997115566,-0.0002571070323106,-0.0001065201386303
0,0.53,-0.18738131458572477,-0.9822872507286886,-0.0153454384260806,-0.2095195092759132,1.6542748429885972,0.6197636380967173,0.9235204272873369,-1.038859326963969,0.2851781720127995,-0.0350022747518494,-0.1929243846330178,0.3041361256135613,0.2474450374253635,0.0354742532428,-4.658470763992948e-05,0.6333309394388026,-0.0418045474209221,-0.031382267562537,0.8204284981117216,0.1770570502988197,-0.3183465143828112,0.0002037879907275,0.0499232935540085,-0.014511597219733,-0.0019943934249815,0.0110943156758486,-0.0501519621272087,0.1194019898004613,-0.0098245198069528,-0.0163929247300614,0.0363543443182992,-0.7401248178151207,0.035548702090727,-0.2397226547125481,-0.3498996412521829,0.5516345070636477,0.3440705731313359,0.0,0.1508259353141791,0.0837564632297794,1.4094843966333228e-05,-4.959656600125828,-0.8535737111596371,-0.0045222866806632,0.0,-0.0002603369617677,-0.0002510496575149,-0.00010341816143
0,0.54,-0.24868988716485502,-0.9685831611286311,-0.0154868745832074,-0.2092509809490882,1.6548635176505198,0.6195839887814776,0.923233060808232,-1.0385519996424772,0.2734284004439933,-0.0341731589766241,-0.194502583969865,0.2994912645256956,0.2560387554961686,0.0373664061245207,-4.658470763992948e-05,0.6316843824791014,-0.040513785747805,-0.0302997342537902,0.7412745622184279,0.1644647691670451,-0.3186187853996962,0.0002037879907275,0.0499184346592855,-0.0145159855276504,-0.0019959771689422,-0.0101505874711709,0.030472063906252,0.0121545609921849,-0.012766238474098,-0.022158287057214,0.0164658617045574,-0.7809449327826896,0.0680973597761475,-0.0360294717641339,-0.2858184052651117,0.5911028338369474,0.0291776065655173,0.0,-0.2050990546201956,0.0822850512318564,0.1001948330230326,-5.409447733888361,-0.8314290033028482,-0.004082823667387,0.0,-0.0003357849149827,-0.0003023703240389,-0.0001054877948008
0,0.55,-0.30901699437494773,-0.9510565162951535,-0.0145136082066007,-0.2094069200175363,1.654899202824144,0.6194943648276018,0.9227539048702724,-1.038264819231135,0.2626091684007082,-0.032155008354969,-0.193725217312285,0.2957258562988213,0.2649560918723321,0.0382948279988744,-4.658470763992948e-05,0.6271278397826987,-0.04057986986383,-0.0287805072134265,0.6562655715614089,0.1481574499888009,-0.313296449688321,0.0002037879907275,0.0499134815866111,-0.0145206034783775,-0.0019975416883774,0.1049365639608174,-0.0160478391879715,-0.0051652778398325,-0.0020484884280012,-0.036060907833601,0.0181414009844676,-0.7090157468454004,0.1683989862428641,0.0715043539862683,-0.2394848882296478,0.5759777420663302,0.1222546154844845,0.0,-0.3594838497814448,-0.0554375477886514,0.0948780429216871,-5.780653126053558,-1.2289560616788444,0.6260392138109723,0.0,-0.0003348828016626,-0.0003048772459194,-0.000103022519466
0,0.56,-0.3681245526846783,-0.9297764858882512,-0.0122425339137786,-0.2087245782244826,1.654396794601768,0.619506295345494,0.9221467228742792,-1.0382160847151312,0.2511930065780101,-0.0289864383444973,-0.1927502973703516,0.2927088482795512,0.2732759611585156,0.0407852186732354,-4.658470763992948e-05,0.6192081755857693,-0.0423956361176288,-0.0268481724706647,0.5674133374300466,0.1268234008226264,-0.2957243659029392,0.0002037879907275,0.0499078354090462,-0.0145250811581549,-0.001999047130894,0.1656184910067253,0.0634552042406253,-0.049527291748185,0.0011439303385563,-0.0432165143967378,-0.0027812941954624,-0.7737371770632389,0.2281427502009977,0.0800556675629996,-0.1769017856828694,0.5624218484769437,0.1243142638008614,0.0,-0.6093794347270957,-0.1447996556811163,0.1506617563730903,-5.999828785403554,-1.5340506161766678,1.3933784244711294,0.0,-0.0003870522474244,-0.0002946541894354,-9.897857691769446e-05
0,0.5700000000000001,-0.42577929156507266,-0.9048270524660195,-0.0100033129698254,-0.2078826215244955,1.652831516738957,0.6194573887351441,0.921388451340726,-1.0383663491728168,0.2397706133064084,-0.0254071783635118,-0.189406319214604,0.2904369428784424,0.2817145824466712,0.0397592055070987,-4.658470763992948e-05,0.6079357643653366,-0.044699842796625,-0.0243484494340843,0.4756316966770959,0.1006445743374402,-0.2711576792917734,0.0002037879907275,0.0499021933597563,-0.0145300667644704,-0.0020005658483517,0.1397423516470428,0.0695046129839484,-0.13681407240419,-0.0054334099446034,-0.0536102041432009,-0.0165822735149593,-0.7773987407804138,0.2466161558788756,0.3112255091691909,-0.1496759777259151,0.5445829070947297,-0.1500307365661823,0.0,-0.8248881032468813,-0.1606310215500589,0.1564411399526646,-6.130285386640865,-1.7436330287096622,1.787649031122033,0.0,-0.0003872036383101,-0.0003374767460458,-0.0001002672681601
0,0.58,-0.481753674101715,-0.8763066800438637,-0.007671407403073925,-0.20455094408430996,1.6489704765997222,0.6194347168702122,0.9205779266269613,-1.0391560246121352,0.22535129985198768,-0.021272960959762346,-0.1832213404993395,0.288120051130849,0.2904611552805413,0.03923230644885209,-4.658470763992948e-05,0.5925598010671731,-0.04888558765130745,-0.026379945475548942,0.38735219221754025,0.08391586639606792,-0.2334440951071194,0.0002037879907275,0.0498956983957889,-0.0145349197072986,-0.0020020143812698,0.14846222670975226,0.30914774810765394,-0.33709644068572225,-0.001436075553484152,-0.053336202974853225,-0.07323759822876312,-1.0659698499065244,0.26311912447514857,0.4320828399201421,-0.1487458355837311,0.6373930378546447,0.1011654808790658,0.0,-1.1381649437997636,-0.33511071904534095,-0.35376358673490943,-5.730776810633934,-0.7307651020205868,2.9177331320127267,0.0,-0.0004568716162650992,-0.00031889539260130013,-9.486358582095177e-05
0,0.59,-0.5358267949789964,-0.8443279255020152,-0.005941879301938622,-0.20000783468257222,1.6433316725659295,0.6192640567533646,0.9196523288539744,-1.0403677692907447,0.20942685921024576,-0.017958766228520242,-0.1759141831269556,0.2862819983763733,0.3004706797692614,0.0406427146921087,-4.658470763991088e-05,0.5753538183588435,-0.054027035565964644,-0.03696990421910907,0.3062235688681652,0.08176452263093538,-0.18004352344346475,0.0002037879907275,0.0498889127227957,-0.0145402837787168,-0.0020034710254604,0.1371889957855267,0.24156931474593288,-0.3276076419398752,-0.014105559222397049,-0.06975662830340479,-0.07299585860650107,-0.9923964419416859,0.24110809155038257,0.5086702173029131,-0.11127718868189043,0.6384596605781094,-0.019400157776337246,3.720298734704425e-15,-1.056068548511639,-0.34452496561739754,-0.7869913456843656,-5.221834176342597,0.09903928753231,3.8067380770067936,4.071321456849578e-15,-0.0004202615123256011,-0.0003742565579625995,-9.88703337131767e-05
0,0.6,-0.587785252292473,-0.8090169943749476,-0.0032802152169081242,-0.19815426152934823,1.6402472613088164,0.6188751451858912,0.9183858647125106,-1.041231953170602,0.19634041314988804,-0.014258621702411134,-0.17060137196167324,0.2846119673810741,0.30941243634164717,0.038903687607513615,-4.658470763991088e-05,0.5626898010950597,-0.058350618368652955,-0.04911801090818005,0.23445939883364514,0.08628064261401004,-0.12160617130320517,0.0002037879907275,0.0498835200074183,-0.0145465365862023,-0.0020050174839684,0.14601092398163598,0.0969304797332966,-0.19406980467654042,-0.03753360239014206,-0.08886066900504959,-0.056372230848602864,-0.853281511641892,0.19359272006047062,0.25087830699878544,-0.11885366720199045,0.6010660765446311,-0.08391617777259724,0.0,-0.7900547371459129,-0.23286871834805187,-0.9152789396621571,-4.562094904779844,0.3017915848387255,3.9549158299002523,0.0,-0.00033789158121160054,-0.0004512405520974987,-0.00010645184032349987
0,0.61,-0.6374239897486896,-0.7705132427757893,-0.0027821539888309,-0.196612145966276,1.6361727579183527,0.6179868273749061,0.9169962445482768,-1.0422227968137232,0.1829355525378768,-0.0134523035131703,-0.1672011659142543,0.2825376482712571,0.3196605014439143,0.0403758028956767,-4.658470763991088e-05,0.5517720519453021,-0.0608522511657451,-0.0717060949210262,0.174848596257242,0.0891811272124092,-0.0532295340691194,0.0002037879907275,0.0498788569854651,-0.0145543544804968,-0.0020067095649461,-0.0075502581545385,0.0891510669673891,-0.2901325265327686,-0.0691702286176208,-0.0954443445430235,-0.0678439669043076,-0.8911025498982815,-0.0041776048208891,0.2474464274266807,-0.1300935264779062,0.7376038573442703,0.1893265854417144,0.0,-0.6710435617989412,-0.1351477648319865,-1.767347092014438,-3.6672175624185215,0.1534962147682434,4.873097514856615,0.0,-0.0002854210898337,-0.0005510943904801,-0.0001156183385044
0,0.62,-0.6845471059286887,-0.7289686274214116,-0.0033382104327216,-0.1963672344348224,1.6326891014223248,0.616623894557859,0.9154656259122436,-1.0431598736830607,0.1710079669496121,-0.0146768540542964,-0.1635502191303013,0.2815923599756823,0.3306299803388581,0.0440698909271953,-4.658470763991088e-05,0.5435136469028432,-0.061040223175355,-0.0993995467402736,0.1270585315446803,0.0891135412158967,0.0193560189731164,0.0002037879907275,0.0498754984451805,-0.0145633980746247,-0.0020085218006985,-0.0368217540403679,0.0035439744524576,-0.202620582709968,-0.0990755840637122,-0.1036020454413481,-0.0637643953707188,-0.7735932399139938,-0.0974930258327583,0.2373560183605644,-0.0489752275151426,0.6843697090828695,0.2411414062003637,0.0,-0.5111230389494045,0.0363886957624226,-1.8248736936449232,-2.9323244831305906,-0.1163477240685137,4.618639689249579,0.0,-0.0001943911516975,-0.0006155142978312,-0.0001222240531573
0,0.63,-0.7289686274214113,-0.684547105928689,-0.0039543267289006,-0.1951121745727876,1.6310311866039062,0.6148891217650351,0.9139693470708852,-1.0444680115305682,0.157224103799982,-0.0163414767557321,-0.1614686049268792,0.2795546897004305,0.339480554479199,0.0481595701471619,-4.658470763991088e-05,0.5366097275444582,-0.059677429016304,-0.1277955359087277,0.0949902074255788,0.0847736725794585,0.0783025944360344,0.0002037879907275,0.0498724295717947,-0.0145729784721958,-0.0020104413540929,-0.0499759309259,0.1329002602032424,-0.0299551920166004,-0.1270838495219253,-0.0970787948285189,-0.1018669798804199,-1.021735388849298,-0.1242630732961804,0.0454672904444185,-0.1894637733371415,0.5750665132465004,0.3057104732971113,0.0,-0.4357208594492032,0.1232947259880588,-1.9614729779800535,-1.6931521074225702,-0.3278010574585507,3.642672954716117,0.0,-0.0002103201927952,-0.0006679121291604,-0.0001324981913199
0,0.64,-0.7705132427757894,-0.6374239897486895,-0.0040784382358221,-0.1930402535080657,1.632715600021679,0.6128211220291905,0.9125112356250256,-1.0461414805046303,0.1417548765110145,-0.0178351824616807,-0.1628417655541572,0.2773422784283156,0.3489320154965277,0.0520950536404892,-4.658470763991088e-05,0.5324872350446238,-0.0580555271962323,-0.1552142259579139,0.0837880563341283,0.0809196920029735,0.1187982527580736,0.0002037879907275,0.0498700341571151,-0.0145832593242153,-0.002012484319882,0.0283124292404832,0.1124450520553727,0.1129506615573486,-0.1353178355693345,-0.0988168655053431,-0.1093865684585009,-0.955770890859158,-0.0732458824131217,-0.083645938550628,-0.072952397494186,0.6491142055248424,0.2198648803214462,0.0,-0.1690481696463762,0.0585605377857466,-1.6392546689499312,-0.2779794371545158,-0.2116112610922843,1.9859402389191203,0.0,-0.00012213871979,-0.0006775081924631,-0.0001352763142093
0,0.65,-0.8090169943749473,-0.5877852522924732,-0.0031537571586065,-0.1920126901370818,1.633354050513399,0.6108581412461749,0.9110116975262728,-1.0477980098962865,0.1289735209405053,-0.018413979720857,-0.1618416764094182,0.2771796166038082,0.3583179546618155,0.0545881844674095,-4.658470763991088e-05,0.5317422727817127,-0.0584504743540801,-0.1667492692129074,0.0914218094345325,0.0786584773930565,0.1192373249929414,0.0002037879907275,0.0498692812833328,-0.0145932388572032,-0.0020144811143627,0.0631985097872102,0.0718558285563114,0.0188363522524382,-0.1330183978012633,-0.0986795791406957,-0.1174161861095228,-0.8556939653755801,-0.0386134618521131,0.1175021293540499,-0.0089542733622393,0.627128015325941,0.1750127990513593,0.0,-0.043503782237908,-0.0413980133266255,-0.2930338597470337,0.8478564230152491,-0.1143273680966433,-0.9055796115008848,0.0,-2.1414364125945415e-05,-0.0006609632558249,-0.0001323105541906
0,0.66,-0.8443279255020153,-0.5358267949789963,-0.0022073024279734,-0.1901560567395328,1.6323894625483986,0.6087443325796107,0.9096233860364532,-1.0498930636801642,0.1158889951179447,-0.0196209699582446,-0.1608572445399785,0.2785007146618029,0.3691141474898032,0.0585947438253237,-4.658470763989404e-05,0.5288382408145055,-0.0587069387995048,-0.1590611584131665,0.109329832653064,0.0779175423360117,0.0862106988237199,0.0002037879907275,0.0498690558348012,-0.0146028583647085,-0.0020164034531808,0.0721407607136159,0.1341752629905932,-0.0829452548168585,-0.1451190112909014,-0.0903328668886928,-0.1481627169440286,-0.8589329381315499,-0.0899481554874135,0.0150930453113324,0.1418772152572297,0.7477425259017295,0.2854708568472057,0.0,-0.2773425509160157,0.0061456848378295,0.9258398303659467,1.2742867139074834,-0.043177542708749,-2.734104752361567,0.0,-1.2595174028653998e-05,-0.0006367199355414,-0.0001269433593545
0,0.67,-0.8763066800438636,-0.48175367410171527,-0.0012412814010599,-0.1875769542901825,1.630392122124425,0.6064117882247828,0.9083421732331036,-1.052420565092606,0.1025307778735924,-0.0211997715100867,-0.1595078502092392,0.2811035827462287,0.3786651872616713,0.0616266441649863,-4.658470763989404e-05,0.5219092160268155,-0.0576205223147246,-0.1367309714386736,0.1297716496393294,0.078451014091308,0.0372355267635774,0.0002037879907275,0.0498687850150428,-0.0146122033055597,-0.00201824925428,0.0369168437912564,0.1885431074274636,-0.1954447405229772,-0.1616567779957063,-0.0836182917508392,-0.1765663184618525,-0.9004847979187335,-0.1350897534582825,0.1954961342102112,0.1956105266388809,0.5770936615745917,0.132070029908067,0.0,-0.5269574956488405,0.1106582485466872,1.5800144440862438,1.422716317511426,0.0369335030072223,-3.334558304445296,0.0,-2.075620957591344e-05,-0.0006189596772284,-0.0001198480848819
0,0.68,-0.9048270524660198,-0.42577929156507216,-0.0041446727767369,-0.1868927279502917,1.625346202018929,0.6034077487197965,0.906971033782854,-1.054626616839378,0.0924646968405683,-0.0272782864288529,-0.1534989310396145,0.2864375751425403,0.3872036301532556,0.0627566088581987,-4.658470763989404e-05,0.5161398204352193,-0.0525699251172194,-0.1229038350468099,0.1473824916215965,0.062258912035227,-0.0001404924579723,0.0002037879907275,0.0498689385002787,-0.0146228631562114,-0.0020201581969583,-0.3452302591041674,-0.03891541336363,-0.3771576704629984,-0.2271557737764981,-0.0938508170145264,-0.1276914873564058,-0.5437956960760847,-0.5825475453754018,0.4593250601037392,0.4355737025397959,0.5590405332321573,0.0951380072887666,0.0,-0.2931708608910903,0.4857160506911287,0.4888669479683545,0.8946870507108396,-1.8891814503974924,-1.8517138452919577,0.0,1.891672388442932e-05,-0.0007598635517129,-0.0001317981264739
0,0.6900000000000001,-0.9297764858882515,-0.3681245526846778,-0.0126776992247498,-0.1860812226502133,1.6211139844971751,0.5992706146576103,0.9058461844353978,-1.056759618465264,0.0826307657264577,-0.0391541093287845,-0.1460759378765005,0.2929689688694489,0.3913535127691941,0.0616681331956119,-4.658470763989404e-05,0.5085847664355152,-0.0418891644022099,-0.1219392725311726,0.1469337220627147,0.0218580965295657,-0.0042909734654141,0.0002037879907275,0.0498682852231993,-0.0146353267272384,-0.0020222448318688,-0.6536248929270561,0.147303310835817,-0.2285341937875216,-0.295483235559595,-0.060955599664264,-0.1609245799913886,-0.7626367130857681,-0.8551782308635361,0.5236112987359757,0.4295617529047353,0.0975195184692937,-0.2322092441606387,0.0,-0.6954471968107164,0.7958320858689327,-0.00979156247489,-0.4611359599055741,-2.7120347084523364,0.4860091756841475,0.0,-7.970857004763269e-05,-0.0008573073550449,-0.0001419807433567
0,0.7000000000000001,-0.9510565162951535,-0.30901699437494756,-0.0244295356147604,-0.1843281272706562,1.6160384805963712,0.5945580259497929,0.9052070740492588,-1.0591695809987338,0.0739912268111069,-0.0540421538158739,-0.1363577974715094,0.3035459684960042,0.3903855669869338,0.0540405528141533,-4.658470763989404e-05,0.4971882433766865,-0.0290267658399924,-0.1237051851178715,0.1380181816710079,-0.0139795017889587,0.0160558275986026,0.0002037879907275,0.0498674331898562,-0.0146488859639134,-0.0020244341363877,-0.8189634367800216,0.0502263539155961,-0.409913847403815,-0.3178572693310037,-0.0365971897509086,-0.1502607082874753,-0.3998247770486349,-1.0407579337533792,0.7123984494459293,0.8927124607056476,-0.0997750544417343,-0.6359045964593869,0.0,-0.6841214005700536,0.8573810863513707,-0.1748193075483603,-0.4733227675310398,-2.3383115060245503,1.470957124830689,0.0,-1.528211045789043e-05,-0.0009127388073995,-0.0001461129320233
0,0.71,-0.968583161128631,-0.2486898871648553,-0.0349341634553958,-0.1838173210476323,1.6095343178529289,0.5900206740542223,0.9049079988591778,-1.061425098656176,0.07003238080004594,-0.06775441789652216,-0.12351348952238016,0.32005929582523435,0.38789467489361723,0.040164737071543374,-4.658470763989404e-05,0.48960645673749587,-0.0183111053539222,-0.1254430236131617,0.1413068705368284,-0.046774059668461966,0.021853114089458156,0.0002037879907275,0.0498680393830163,-0.0146619104976484,-0.0020265371976206,-0.5900438527811008,0.048488210153649236,-0.4193132123696884,-0.28816469030966047,-0.011075971227253284,-0.15467170123275045,-0.24696395116381697,-0.7949016485665987,0.9228084730434702,1.1505338374884149,-0.21047130595423183,-1.049103003774559,0.0,-0.42081700938779953,0.6009609299152076,-0.003656452794727788,0.6167063002830131,-1.984856667308523,-0.32723393100608666,0.0,5.820897711640814e-05,-0.0008363585172273011,-0.00013636543531490015
0,0.72,-0.9822872507286887,-0.18738131458572463,-0.04062695936781355,-0.183940050974121,1.6050417029413797,0.5859752553073434,0.904917917647647,-1.0636058343694317,0.0683042220157524,-0.0767776209859765,-0.11030226545229024,0.3390986468063727,0.3819144556445081,0.024608642335578766,-4.658470763989404e-05,0.4863278892650382,-0.011686607112477272,-0.12007904789708677,0.1581858941102533,-0.06672226047547063,-0.000674207138356784,0.0002037879907275,0.0498696513981017,-0.0146736867912509,-0.0020284976317375,-0.34439704798197635,-0.04359916159440788,-0.2367300514779482,-0.27286402829963863,0.006717423387741884,-0.13860231420725352,-0.030496600833302384,-0.5844279033340891,0.8418557273976597,1.3598916565386387,-0.5081193930081143,-1.0016127891664648,0.0,-0.14590617297486683,0.4399809596516606,0.45190580471327707,1.2434331120510913,-0.9928740004630088,-1.9008861013010234,0.0,0.00013911072704469885,-0.0007747521954903001,-0.0001299163831829
0,0.73,-0.9921147013144778,-0.1253332335643046,-0.04716587108273752,-0.18519193022590968,1.6029067296723498,0.5814250216839456,0.9052633686381424,-1.065506623683586,0.07071053687546316,-0.08720945813812067,-0.09582834561360298,0.3637385306226402,0.3709875286772657,0.006352218636539524,-4.6584707639871694e-05,0.4845679566038159,-0.0026036282471427114,-0.11381194447990187,0.17465510186858993,-0.0715057751273785,-0.031835042501861054,0.0002037879907274,0.0498719875599244,-0.0146862223797501,-0.0020305554003076,-0.46467081958535544,-0.0963798421655657,-0.10231928803226731,-0.3148542351224017,0.031923235918047896,-0.12164391933372404,0.2585197452803931,-0.7300731756404989,1.0479131178550865,1.7941587468619904,-0.8324195282996606,-1.3478975673770313,0.0,-0.11645263714391953,0.6693314794448422,0.43310685873266297,0.9961919136825677,-0.02264566422187786,-2.068787737764747,0.0,0.00015690158668670007,-0.0008620280051207992,-0.0001407186727549999
0,0.74,-0.9980267284282716,-0.06279051952931321,-0.055075373480864505,-0.1857337650402825,1.6015624215294075,0.5764365552449008,0.9061220618815478,-1.0675067731080097,0.07560924852570715,-0.09950000136529144,-0.08003152761866476,0.39390810570470747,0.35585749769705527,-0.01340594931768829,-4.6584707639871694e-05,0.48041069794073243,0.008860038013535063,-0.10604300867962299,0.18709545023659077,-0.06880474907835753,-0.054431911439269516,0.0002037879907274,0.0498736208727156,-0.0146997160636237,-0.0020327240400443,-0.566921166123118,-0.001194796572166007,-0.08351986611096103,-0.34286189195266614,0.07051709015819467,-0.1418001103755225,0.3459146131262014,-0.872697306248557,1.03271116167034,2.1081332785622346,-1.1000902694447798,-1.263192208384301,0.0,-0.38039217385162993,0.824067072872344,0.5704212711335652,0.7522352517639225,0.20447855880497678,-1.1339867321148256,0.0,9.231374618363191e-05,-0.000927007123573099,-0.0001474331942745999
0,0.75,-1.0,-1.8369701987210297e-16,-0.0632894116097058,-0.1866552063617527,1.6008550245262672,0.571217293700692,0.9074005774935648,-1.0694959779585214,0.084386833741279,-0.1123470759900423,-0.0638152395313997,0.4300118404577926,0.3351886498799378,-0.0326465638641424,-4.6584707639871694e-05,0.4739648919496201,0.0221748789300476,-0.09471097877189,0.1956298579833214,-0.0656513776501885,-0.0684273521708869,0.0002037879907274,0.0498756959058717,-0.014713447293883,-0.0020349079679951,-0.5157544776397325,-0.1026273761611256,-0.0435771590379205,-0.3445709099842637,0.0903371166891493,-0.1243301206422929,0.7327363971472703,-0.8166688655450408,1.1462386727468985,2.569561341167017,-1.5295986085916566,-1.357412437291229,0.0,-0.4265641885750951,0.887711148382354,0.8090112824098271,0.4752464722475825,0.2292184193661313,-0.9913284597888392,0.0,0.0001657015095167,-0.0008980350368781,-0.000143311773702
0,0.76,-0.9980267284282716,0.06279051952931283,-0.0701673067891053,-0.1865062966253445,1.5989112299206174,0.5663128093620949,0.9090066354690052,-1.0715952638408404,0.0965259494071608,-0.1234850240569468,-0.0456598294366591,0.4725485308233514,0.3091752767634926,-0.0537631984569544,-4.6584707639871694e-05,0.4648843445450561,0.0341366979711127,-0.0862554919784788,0.2002297427588572,-0.0608356175834079,-0.0831616637131715,0.0002037879907274,0.0498778293330176,-0.0147261844750565,-0.0020369628066211,-0.4462478576910633,0.112837246503265,-0.190663804137454,-0.3193804972856245,0.1173500246394107,-0.1565074948967611,0.7926593851974147,-0.736586179693969,1.1710321952458207,2.963873907465396,-1.814897995206305,-1.3021124246206277,0.0,-0.7524404858144247,0.7525502830744257,0.3754618427551676,0.2255563762891201,0.3647884826641537,-0.8935334535083204,0.0,0.0001171650074531,-0.0008362457285616,-0.0001350670204426
0,0.77,-0.9921147013144779,0.12533323356430423,-0.0765305022554205,-0.1847872348444701,1.5938384121263565,0.5617480533798307,0.9108192107467362,-1.073883176881356,0.1118746249155476,-0.1349714085831057,-0.0309523938068309,0.5219182312714954,0.2786732839895874,-0.0694480293793276,-4.6584707639871694e-05,0.4526552942902374,0.0441641834045749,-0.0858780709778431,0.2022464360172857,-0.0537055952256195,-0.092748264031517,0.0002037879907274,0.0498798479731672,-0.0147381743901413,-0.002038899796092,-0.4011107313989147,0.0538377918093779,-0.4143147991161851,-0.2945284153138321,0.1175963848362891,-0.1388096185676334,1.216692276958101,-0.7635123051313025,0.8995441401806867,3.461068167221349,-2.1916504395036847,-1.05423515222271,0.0,-0.7718769495865826,0.6180709811555648,-0.1006105123507667,0.1015873036788132,0.5680014017743245,-0.5162260441679536,0.0,0.0001672085544824,-0.0007830168056598,-0.0001264013490623
0,0.78,-0.9822872507286887,0.18738131458572427,-0.0817805877550766,-0.1828264690424065,1.5863852219564878,0.5575808075756692,0.9126433282419926,-1.0760941036791352,0.1313939305563138,-0.1462473670123348,-0.0213723191502853,0.5762837615386438,0.2384916416263024,-0.089045986121127,-4.6584707639871694e-05,0.4389465928877584,0.0518864452948202,-0.0913796161038904,0.2022241744806507,-0.042298182275516,-0.094420413858405,0.0002037879907274,0.0498821825076407,-0.014749152042623,-0.0020406913011068,-0.3011293913354842,0.2215281867035007,-0.5035626621453506,-0.2671732644083569,0.1263597249247546,-0.160859621160799,1.2597661160214333,-0.7208659299734212,0.4753900552779191,3.658551289571225,-2.904375687988505,-1.3668726824727568,0.0,-1.03438685563155,0.4360395701390812,-0.5580376622882379,-0.044595541225528,0.7988447623684497,0.1759146653980557,0.0,0.000127076599166,-0.0007090156855935,-0.0001167286041845
0,0.79,-0.9685831611286311,0.24868988716485493,-0.084739288869903,-0.1788656552164075,1.578910750538072,0.5539291348320722,0.9145106896326788,-1.0785010605947318,0.1512948485122112,-0.155694124368547,-0.0171186286013744,0.6330176943310503,0.1931996567103261,-0.1078496433964936,-4.658470763983808e-05,0.4228303029583226,0.0556593784087859,-0.106513692435209,0.2014143359761725,-0.0311254779350969,-0.0819618691054586,0.0002037879907273,0.0498840724350734,-0.0147589443317327,-0.0020423445018358,-0.2000481075293444,0.2378434612880315,-0.5136082736205861,-0.2402084265841576,0.1203187199688693,-0.1510348445476424,1.432871750258126,-0.6436476160095971,0.2429343995860987,3.9049692571863455,-2.9840338458351225,-1.1922423335053929,6.72364372417824e-15,-1.040089137392325,0.218459674059254,-1.192864580479384,-0.056778759058883,0.7153118253645419,1.0782035523797675,-1.5081779351472577e-14,0.0001530242557711,-0.0006475887693765,-0.0001092100928949
0,0.8,-0.9510565162951536,0.30901699437494723,-0.0895476966649937,-0.1760150153139648,1.571499346667513,0.5500054715066431,0.9161817813702868,-1.080426731971902,0.1768321716792473,-0.168031264254367,-0.0147333791808322,0.697202198223256,0.1534446132854337,-0.1226111410044658,-4.658470763983808e-05,0.4081549299794983,0.0608673337887349,-0.1250049341670668,0.1997990094005083,-0.0214406905541373,-0.062829985600911,0.0002037879907273,0.0498868087365925,-0.014769455335162,-0.002044070993764,-0.3504824228241459,0.1872276046217792,-0.4583000052222541,-0.2694059906252493,0.1079527024403932,-0.1211214473927567,1.7977830480191,-0.8776515312172354,0.0992203296784095,4.427856186404168,-2.5109702864265997,-0.8866129666039615,0.0,-0.9785988825697506,0.4007410716700189,-1.1767497161503937,-0.1515093569799653,0.6217796524277448,1.3214068331541973,0.0,0.000179028686116,-0.000715696808798,-0.0001175223405633
0,0.81,-0.9297764858882512,0.36812455268467825,-0.0919163795605977,-0.1731998664722731,1.5667029754509263,0.546375404451481,0.917663552493816,-1.0820697661238174,0.2046169854505268,-0.178054389506919,-0.0159564982403432,0.7636684356517176,0.1149424461985914,-0.1384555743753762,-4.658470763983808e-05,0.3942555803827968,0.064423581102703,-0.1401562337320904,0.1986563455580831,-0.0113208691283564,-0.0436871908304669,0.0002037879907273,0.0498895093500038,-0.014779000896294,-0.0020457099331276,-0.0357538556091809,0.18966916415081,-0.2470693331939821,-0.2226967277831637,0.0938642253010677,-0.1031108061183758,1.8635326592822528,-0.5292112259172543,-0.1943617285473684,4.385240144216766,-2.61072238880467,-1.184269066569568,0.0,-0.8710411510724928,0.1134356085064974,-0.9429285966275162,0.0334242748853495,0.7019430718340842,1.2631062601578182,0.0,0.00017925950003,-0.0005955382887808,-0.0001049519777323
0,0.8200000000000001,-0.9048270524660196,0.4257792915650726,-0.092356051674723,-0.1705211165248387,1.5639965945740677,0.5430838827598268,0.9189463084551612,-1.0833701906674111,0.233925249088054,-0.1854678017991007,-0.0198921777039014,0.828546711790217,0.0744585797463014,-0.1598573527287169,-4.658470763983808e-05,0.3824355033234036,0.0662113473471114,-0.1518495686649851,0.20084392245496,-0.0008857566350873,-0.0260807207756603,0.0002037879907273,0.0498921823327379,-0.0147877386943933,-0.0020472701050305,-0.0658543008802131,0.1545407826216744,-0.1573625004102366,-0.2244729550791758,0.0806703607757444,-0.0757525310025932,2.02864246691996,-0.5128025970940115,-0.2433285726299767,4.309607608201313,-2.774279558166498,-1.5756923136724286,0.0,-0.7506045051078789,0.1744588886380631,-0.6949831045317815,0.1458027882528416,0.6984622526378359,1.1142474049996407,0.0,0.0001921116467711,-0.0006010128490339,-0.0001061155619175
0,0.8300000000000001,-0.8763066800438634,0.4817536741017157,-0.0936856586517604,-0.1684976330400647,1.5621804709012592,0.5396944163297169,0.9200156284006472,-1.084265578869493,0.2658663633277214,-0.1930675327850989,-0.0229579730557036,0.8924827279952948,0.0318220626797385,-0.1872519863392938,-4.658470763983808e-05,0.3714266815626262,0.069926621646723,-0.1607563579173389,0.2019813473494339,0.0088015519561905,-0.0111046131710311,0.0002037879907273,0.0498951878346306,-0.0147965843322322,-0.00204885999964,-0.1066783878429507,0.143092340505292,-0.1224906757051898,-0.2266998698958491,0.0655996992539144,-0.0540936283729656,2.165934477328645,-0.5231610987429584,-0.195262176953412,4.243879940948449,-2.820185443029609,-1.889192031092648,0.0,-0.747479260681129,0.2911960101139585,-0.5265481553099912,0.0347185576302684,0.5975754680307575,0.8672848610822141,0.0,0.0001833076584343,-0.0005790345584782,-0.0001049918963549
0,0.84,-0.8443279255020155,0.535826794978996,-0.09643632406439485,-0.1673184839729772,1.5596755489068377,0.5362207517294321,0.9207590885516592,-1.084698179680796,0.3010546662522125,-0.2021519067254835,-0.025619673279113672,0.9554584061627381,-0.0067299700130394,-0.21684017592660093,-4.658470763983808e-05,0.3606044554669462,0.07620523534005631,-0.1636126435122882,0.20029695184948212,0.016245698472875228,-0.007794434996982288,0.0002037879907273,0.0498983206342153,-0.0148057777996827,-0.0020504695620492,-0.21904045207655878,0.01148557496323363,-0.1770344999116155,-0.23363264712062365,0.0404656549299838,-0.010769725051592544,2.464220254076463,-0.6324647776311335,-0.1682255284084809,4.150326775852234,-2.4134085721211895,-2.094717688629231,0.0,-0.681570262542465,0.47563181918614905,-0.03603313310836612,-0.2022555159260735,0.44444100720884716,-0.07394742973311114,0.0,0.00023953918058869904,-0.0006235479345590997,-0.00010819842897389998
0,0.85,-0.8090169943749476,0.5877852522924729,-0.09923468394084577,-0.16688607333254252,1.5572743695481457,0.5329354113659065,0.9212839063679412,-1.0847527815731255,0.3377480357949781,-0.21033706761685603,-0.028261978074183167,1.0144120090469173,-0.03560853623613303,-0.25466629303759064,-4.658470763983808e-05,0.34948634433700765,0.08289266163648423,-0.1640309357306761,0.19601339085028865,0.02367655004227271,-0.008682571992518399,0.0002037879907273,0.0499018336353936,-0.0148146335215954,-0.0020520449277271,-0.1359238813513461,0.11320068486218529,-0.15413207923268715,-0.205842149190276,0.03738733633368817,-0.013672792364168225,2.335733189349778,-0.4752223775419102,-0.20121280988896195,3.8078166015701727,-1.581217190349354,-2.652835161816838,0.0,-0.8396873633831324,0.39514585291719495,-0.028137203786921028,-0.29367417247484146,0.551777169210487,-0.01417374610446568,0.0,0.00020405100149390102,-0.0005641210723128007,-0.00010217765577960009
0,0.86,-0.7705132427757896,0.6374239897486893,-0.1002632737917356,-0.16232744548173425,1.554964031878681,0.5301605643669955,0.9219974888398114,-1.0853396667533128,0.3687160055667484,-0.21636844965740204,-0.03243390566951715,1.0671028498817519,-0.04285343123130932,-0.2905536876414879,-4.658470763980492e-05,0.3332452372789372,0.08757231033290926,-0.16713621951313284,0.19065375405259655,0.031121641739570927,-0.0040942381877896,0.0002037879907273,0.049903912987947,-0.0148225604952705,-0.0020535169816234,-0.037026211612965675,0.3554464651276724,-0.15067698531963702,-0.17442245697926909,0.05089647038865832,-0.04379572537678925,1.973160637434772,-0.3612358847171667,-0.30670354897921587,3.3338798341113263,0.10925263538288377,-2.181887128970884,2.208810534618833e-28,-1.1515544561385784,0.25582334457630895,-0.3885811563630454,-0.37965159247142505,0.4363691154099325,0.5997966413988602,-5.585135208964764e-28,0.00011020766207040085,-0.000504962121214401,-9.567227391361674e-05
0,0.87,-0.7289686274214116,0.6845471059286886,-0.09846101153750372,-0.15777915490496514,1.552846141739216,0.5281337343882851,0.9227293617562764,-1.0856667764136194,0.3982120687835264,-0.2181355119187372,-0.03700214593478716,1.1106047634239782,-0.028019474772034918,-0.3150123780081638,-4.658470763980492e-05,0.31761789305925686,0.08790635310261372,-0.1770526350015419,0.18624197436529205,0.036419455353892544,0.011959341467530516,0.0002037879907273,0.0499056558251419,-0.0148290094670185,-0.0020548300117613,0.16659132705649715,0.23788372240648356,-0.1740186858860419,-0.11843608486603906,0.04530843112652975,-0.003423422958245201,2.0365299982109053,-0.007343137919818124,-0.2461611274166828,2.715679971503854,1.3056215726341884,-1.3359525359954072,0.0,-0.946063781763558,-0.0522913357958112,-0.6948247175598721,-0.26946935063638644,0.3249127220896856,1.0981729417444146,0.0,0.00013739061190329904,-0.00040210827645800073,-8.408785379885036e-05
0,0.88,-0.684547105928689,0.7289686274214112,-0.0983581904824443,-0.1576902136851175,1.5471323611741248,0.5262973811333731,0.9232091836671312,-1.0849261009448967,0.4343896107725243,-0.2185003632427171,-0.0360116943612409,1.1483929560588628,-0.0053788744732037,-0.324783582722307,-4.658470763980492e-05,0.3071294938993557,0.0897443394304733,-0.1828582150455822,0.1811236008099559,0.0418626229442671,0.0167170790180105,0.0002037879907273,0.0499087786539476,-0.0148353140038368,-0.0020560953082717,-0.0411323304835541,-0.0876177098412972,-0.4272269966791928,-0.1242528731615765,0.027040437196327,0.0704575504268658,2.538955379585809,-0.0271392125406146,0.1522828092449988,2.3944972094166355,1.52458985762889,-0.3104229686148155,0.0,-0.6009282034947507,0.1889837569293556,-0.2059172324280473,-0.3607899687542262,0.4195710874648841,-0.0227735366312424,0.0,0.0002408071024867,-0.0004214021758048,-8.392607974200974e-05
0,0.89,-0.6374239897486896,0.7705132427757894,-0.0936840877278217,-0.1571023472353308,1.5455094273878205,0.5250886195038912,0.923813117515696,-1.084161102129522,0.4660280336564634,-0.2145174330013738,-0.0400049828651672,1.175442928106048,0.0147296020179221,-0.3231288449214438,-4.658470763980492e-05,0.2964091030187978,0.0876595219398551,-0.1829726492674094,0.1770750017627512,0.0487526229094534,0.0202394784964797,0.0002037879907273,0.0499116676354895,-0.0148405546529711,-0.002057249949404,0.5107431976074148,0.1529672328115351,0.0458575588639857,-0.0536489929079035,0.0505601195314681,0.0318509846495854,1.8209273457294932,0.4235998866319977,-0.5088746378054372,1.4775707911228892,1.211191206783188,0.2931583022160159,0.0,-0.8319672688929197,-0.3389901474342594,0.0055182892974635,-0.2383710777616131,0.4175836625673134,0.4529672320469643,0.0,0.0001605018318695,-0.0003161039096762,-7.365945225612874e-05
0,0.9,-0.5877852522924734,0.8090169943749473,-0.0865528322851211,-0.1547605508060141,1.544685151356902,0.5244375202571679,0.9246234220902644,-1.0836340609243251,0.4925637693799305,-0.2077551667771178,-0.0465290092773988,1.1917332137337455,0.0287824793546142,-0.313797367325794,-4.658470763980492e-05,0.2831465779565375,0.0827883140790947,-0.1849103295018052,0.1716105717391376,0.0532303680288151,0.0266289948567713,0.0002037879907273,0.0499138531487457,-0.0148450058988006,-0.0020583062346351,0.3766813289850258,0.0819498688944643,-0.1497211666918629,-0.0489338533328344,0.0499829287634582,0.0503700137489373,1.8692513861257205,0.4186427966064636,-0.2862905315150389,0.9467024155176336,0.8447496611979382,0.7318580390965157,0.0,-0.8326425585709806,-0.2331732604902583,-0.1847219467678144,-0.4418738769142094,0.2515606687223538,0.3465542394944844,0.0,0.0001681399792283,-0.0003078790504813,-7.085732719916596e-05
0,0.91,-0.5358267949789963,0.8443279255020153,-0.0828800585808192,-0.1567301873224725,1.5422120480531376,0.523483553876908,0.925148406051686,-1.0821997163747858,0.5237768218265093,-0.2024636212579592,-0.04862319285978,1.2015741762702876,0.0427359559395553,-0.299901422771225,-4.658470763980492e-05,0.2752658971232703,0.0809928509793811,-0.1881055941425597,0.166785679273259,0.0569481803615702,0.0314903469942727,0.0002037879907273,0.0499172794999923,-0.0148498156715865,-0.0020593843457104,0.2416219229623447,-0.1942218606286857,-0.1233080290822462,-0.0643957430462493,0.0302190010304662,0.1105290780670938,2.1020222358798906,0.3544171352557064,-0.1537860411478121,0.4713346872252364,0.9889453991677336,1.0271674645968345,0.0,-0.4037329301397986,-0.1197245416819104,-0.1696875541806332,-0.2293424480652938,0.2788396091013573,0.291385944492144,0.0,0.0002541023542967,-0.000309252383232,-7.095012137209753e-05
0,0.92,-0.4817536741017153,0.8763066800438636,-0.0775840229625556,-0.15751462436564,1.5415091744900946,0.5228122192135732,0.9257412349888208,-1.0809341540293436,0.5501481399607495,-0.1951478718832816,-0.0524130269690179,1.2014199609260694,0.0556595677405372,-0.2852244610280435,-4.658470763980492e-05,0.2660565573390296,0.078227537228854,-0.1859926286995759,0.1615000905190049,0.0615037813630358,0.0308808668413133,0.0002037879907273,0.0499200414843535,-0.0148536048451581,-0.0020603595755726,0.3890422838195082,0.0469583526007082,-0.0262895693625536,-0.0365491296608583,0.0458951063497005,0.0661138389110924,1.5568974946871252,0.5386332282022618,-0.2808233936321024,-0.2470236270258173,0.7464201022445649,0.8769028854256549,0.0,-0.7455441079687615,-0.2062280655113794,0.2438451370481325,-0.4008267619748472,0.3144644711576417,-0.1449219996637396,0.0,0.0001435493435285,-0.0002329360515752,-6.285227307698869e-05
0,0.93,-0.4257792915650722,0.9048270524660197,-0.0714428013264587,-0.1554242814074019,1.541450370831709,0.5223941358421992,0.9264768623552552,-1.0801497498227302,0.5697871143808478,-0.1868820369930206,-0.0575579917459832,1.191634810683377,0.0659404529848553,-0.2743872594910496,-4.658470763976282e-05,0.2542228989704191,0.0743244360017257,-0.1836164823195296,0.1573779078814683,0.0674895357465672,0.0316264702871798,0.0002037879907272,0.0499213818035758,-0.0148564066421157,-0.0020612247185813,0.4108811573966862,0.1418721053979922,0.0017549473714052,-0.0253928843733224,0.0469512078499747,0.0539595720416552,1.2485176659069293,0.535957160574309,-0.3795220385600265,-0.8323148544182561,0.7119522337528641,0.7115515121417157,0.0,-0.747775087626707,-0.2836578219923824,0.090091709562032,-0.1797830136725442,0.4567759817694898,0.1438572454273904,0.0,9.258071442512974e-05,-0.0001576036560176,-5.415069896904612e-05
0,0.9400000000000001,-0.36812455268467786,0.9297764858882515,-0.0666669517245571,-0.1541920396687661,1.5403537834813557,0.5219408005455006,0.927025833058305,-1.079065873408935,0.5885763505409676,-0.1805744472321916,-0.0632174107973175,1.1742763130721907,0.0775532051300085,-0.264531448913259,-4.658470763976282e-05,0.2464155524608275,0.0701926148747849,-0.1867387624086723,0.1598894904298514,0.0774990163748058,0.0362421289848971,0.0002037879907272,0.0499235192649518,-0.0148590889960721,-0.0020620417003566,0.2592022710339107,0.0787650690828646,-0.1309115552662706,-0.0324705396211324,0.0334647888667024,0.0758594014978174,1.2245555661992458,0.3697949505777547,-0.352481393597425,-1.332363777479078,0.8082249041882721,0.6080370964420573,0.0,-0.4625933511253584,-0.2574665005381581,-0.360000809609901,0.2836777699902634,0.7293454452373735,0.4121890732285062,0.0,0.0001464792389481,-0.0001945237570994,-5.509889233784964e-05
0,0.9500000000000001,-0.3090169943749476,0.9510565162951535,-0.0635985476499313,-0.1521382155263005,1.538284350715894,0.5213949357520073,0.9275401003626792,-1.0781371467829817,0.6040489925098278,-0.1753692874881849,-0.0685037293998904,1.1483016984742338,0.0894988979056318,-0.2557285480343134,-4.658470763976282e-05,0.2362769571444255,0.0679211745936768,-0.189683207795195,0.1591331398931081,0.0844059086199214,0.039851927407402,0.0002037879907272,0.049925057932521,-0.0148624544548585,-0.0020629249476147,0.2051419464007192,0.1437865588862866,-0.0706729430518278,-0.0407233085032442,0.0332382481061245,0.0582643714693273,0.9418087713202252,0.3272945248284658,-0.408397589010284,-1.9236431569225565,0.7419740153932838,0.5856786063840993,0.0,-0.7621866770502779,-0.0982815982251459,0.0203790511294287,-0.2259854709370715,0.3494251349569489,0.0225142526524708,0.0,9.771489456552988e-05,-0.0002280600988541,-6.077059406235683e-05
0,0.96,-0.24868988716485535,0.968583161128631,-0.05991172072362904,-0.150811821542463,1.5398601206965032,0.5207156790369833,0.9279050684225556,-1.0770946214717352,0.6166288347112974,-0.17117248415165257,-0.07633717654779501,1.1148380847061725,0.09629992171596315,-0.24805733266266689,-4.658470763976282e-05,0.22680841419649247,0.06610838710484873,-0.1873766470922078,0.1581402662789501,0.09263677359785699,0.039789415405894375,0.0002037879907272,0.049927045647289,-0.0148653369354986,-0.0020638056207391,0.24758808099816249,0.06450056718661909,0.11149885480360817,-0.04274701581258944,0.020043731302242636,0.07464138502304636,0.7974979327908243,0.28218741335121333,-0.501013113976822,-2.3834392324873064,0.31086014542691953,0.46158933080638526,0.0,-0.5660206338151377,-0.14696881912484766,0.05060501801924655,0.025204857375864982,0.6243854030233772,0.15153558773548986,0.0,0.00015472277061319924,-0.0001704204034450007,-5.603515278650279e-05
0,0.97,-0.18738131458572468,0.9822872507286887,-0.05751243137659132,-0.1501964297453846,1.5389657828264778,0.5201646205976491,0.9281164081675816,-1.075937326634013,0.6273970967660029,-0.16710136741686502,-0.08204055462163845,1.0741506571274513,0.10076825001633265,-0.24083600649944167,-4.658470763976282e-05,0.21802595146834078,0.06416211123931131,-0.192626409422362,0.1571652334644991,0.09986250680797654,0.050199022690235434,0.0002037879907272,0.0499297892353886,-0.0148678665972648,-0.0020645913594067,0.11236458408243633,0.02246792301196728,-0.1173349921217702,-0.03688829917048856,0.01060142562242733,0.08006047320366176,0.684479434955731,0.23972407000925794,-0.35799383234497095,-2.8690461491568575,0.3236838347327309,0.538268185195924,0.0,-0.5755399301359849,-0.11636437442914035,-0.5569376335264058,-0.0828871591142986,0.4330435537391985,0.9974498404996028,0.0,0.00019731041439079945,-0.00017548843440029976,-5.2000368880271086e-05
0,0.98,-0.12533323356430465,0.9921147013144778,-0.05601142602520322,-0.1501984800161249,1.536894853663234,0.5196800240846838,0.92817648008042,-1.0746703514219074,0.6362140496040387,-0.16364734375301296,-0.08767857213429833,1.0268898560274944,0.10523287888378165,-0.2308346522991356,-4.658470763976282e-05,0.210217974091033,0.06226041138459972,-0.20226166087786382,0.1573073583738826,0.10752739022158532,0.06536438442590319,0.0002037879907272,0.0499331013305821,-0.0148699136667959,-0.0020652921073728,0.11380452144949975,0.01669036242476029,-0.15063937029500682,-0.02716519287319158,0.0027976398562734126,0.08039101198548322,0.5006397378829057,0.2549456337530957,-0.3896014550357482,-3.2999223756001244,0.2963443729581327,0.718968804698134,0.0,-0.5546990958331356,-0.12002761111136673,-0.4653083722018884,-0.010324867837341364,0.5398843254025759,0.6862541502904766,0.0,0.00020787339685120074,-0.00010091477044430113,-4.232697606267728e-05
0,0.99,-0.06279051952931326,0.9980267284282716,-0.055025338463902305,-0.1497724487736337,1.53519734666919,0.5191477549037098,0.9281828312780628,-1.0735672810851773,0.6410531216447162,-0.16065967722581473,-0.09451854872330882,0.9722591171603621,0.10902931042320577,-0.22100656609168268,-4.65847076397186e-05,0.2005507598367461,0.06224849475331369,-0.202869839510954,0.15473406127923123,0.11461922425952333,0.06688153638043519,0.0002037879907271,0.0499358745987694,-0.0148713183255132,-0.0020659092847285,0.03157403290553963,0.0006376992260139352,-0.07901683109781789,-0.04190614765571731,-0.0030230811033548554,0.0768583334739458,0.2714502287208909,0.157855504309536,-0.48067689140199776,-3.8092028041093937,0.15733225456681943,0.5549992515362899,8.844688357989465e-15,-0.6282697706761126,0.0476683877507775,0.008129542575635857,-0.20599026318784738,0.44110735708471804,0.055873807252128455,-1.7266523089302137e-14,0.00019500338079429948,-0.00010421293292619978,-4.24685322911456e-05
0,1.0,-2.4492935982947064e-16,1.0,-0.0544560189119292,-0.1513144522892026,1.5338573283887456,0.5186642735233644,0.9279615277470536,-1.072143542956015,0.6448960072769108,-0.1575005013608217,-0.1011939331765371,0.9112671754487104,0.1074711754147148,-0.212524778175672,-4.65847076397186e-05,0.1933390627636405,0.0621916274672487,-0.2056260489054449,0.1525354444255001,0.1213653708220882,0.0711937993467537,0.0002037879907271,0.0499396260331939,-0.0148723706097939,-0.0020664807756351,0.0394287371710614,-0.1283435182270761,-0.1128900860449494,-0.0262025329758954,-0.018930437385556,0.0988347775088663,0.2245323771295904,0.2364156070539228,-0.4282042665560266,-4.182752751463054,-0.1675171342058786,0.6963747935619883,0.0,-0.4488157715118455,-0.027138689896509,-0.2651255245525224,-0.1398863983553572,0.4516109324095566,0.3981986107854318,0.0,0.0002724950417308,-4.6682876326932574e-05,-3.474422309186917e-05
1,0.0,0.0,1.0,-0.0543856418402841,-0.1516507805992652,1.5332825869559683,0.5185240630100283,0.92787624037063,-1.071710719200939,0.6453820970812315,-0.1565156307170975,-0.1034873103764441,0.8898294217589204,0.1068054949949548,-0.2080001471237434,-4.65847076397186e-05,0.190681961270691,0.0621936459871395,-0.2070299539402849,0.1516905393180528,0.1236670403310472,0.0736219170192649,0.0002037879907271,0.0499408104921059,-0.0148725945570959,-0.0020666524503067,0.0140759063043692,-0.0672680131366751,-0.1149523043214949,-0.0280430828176154,-0.0170580714914877,0.0865677766968876,0.0972213589054233,0.1969810135448628,-0.4586914719786157,-4.287700599920193,-0.133140737432735,0.90495784010296,0.0,-0.5314388732245958,0.0004037180887423,-0.2807908210542281,-0.1689869278516192,0.4603499917569167,0.4856405084111637,0.0,0.0002369000624343,-4.479102592833687e-05,-3.433613441528388e-05
1,0.01,0.06279051952931337,0.9980267284282716,-0.05538661211029093,-0.15024943142405983,1.531559697955285,0.5179506787804437,0.927713911037651,-1.0708827503394043,0.642611042044965,-0.15527300889608855,-0.11117874139726988,0.8228610513199518,0.10451184904443743,-0.1897183012039826,-4.65847076397186e-05,0.17978001280351394,0.06368745896220701,-0.21157700777548663,0.14902558934049237,0.13082741274290535,0.08172948599699571,0.0002037879907271,0.04994360583734982,-0.014873378813976738,-0.002067171018514479,-0.10172137355865311,0.12734331878590274,-0.1363840607246448,-0.03967880765666708,-0.01066732099528068,0.04682493697809568,-0.2721483930929019,0.06088493745718131,-0.49387365274313194,-4.5258879397282525,-0.2503813912140044,1.3355075536660457,0.0,-0.7712964798491194,0.1363083016235523,-0.34245646787543366,-0.17389337340565897,0.4572310671756886,0.5268577127278403,0.0,0.000183439348518158,-5.625095421386052e-05,-3.3914268042189614e-05
1,0.02,0.12533323356430426,0.9921147013144779,-0.05674214033317858,-0.14946026722161773,1.5285970413188874,0.5175705867639095,0.927420460904875,-1.0700738135897587,0.637862511422185,-0.15268885892589984,-0.11676248678936167,0.7522689966619612,0.09539688958663536,-0.16623561720736843,-4.65847076397186e-05,0.16902321308231189,0.0655112943844629,-0.21664390808647135,0.14645789491964287,0.13704153630681493,0.08666313764158859,0.0002037879907271,0.04994711464983372,-0.014873545454370932,-0.0020675969335101642,-0.06656040298312078,0.016549527415777913,-0.2010376364804423,-0.017146729861217094,-0.02391905225412454,0.05734749510122503,-0.34018163899372267,0.22869555886519405,-0.34128836478969404,-4.762804255269442,-0.744903436123498,1.674346664884004,0.0,-0.6822557295895516,0.09819008792183884,-0.28125000834660907,-0.16629596871603486,0.4267403787435276,0.23219091016611867,0.0,0.000255952044551534,1.7974465906761994e-05,-2.504699343648536e-05
1,0.03,0.1873813145857246,0.9822872507286887,-0.05742899422767748,-0.14969655349075528,1.5274455165604737,0.5173188803997162,0.926951067173925,-1.0691339179507733,0.6319844358638983,-0.14965345599586294,-0.12379431133596054,0.6799147094086185,0.0833796602417817,-0.13702575378341444,-4.65847076397186e-05,0.16003803230274083,0.06659462293496608,-0.2178645304330054,0.14502116866739537,0.14565459874146852,0.09013258098825613,0.0002037879907271,0.04995145424762308,-0.014873021375375453,-0.002067986545979051,-0.05952588507542557,-0.021116294902157197,-0.013458352228978097,-0.020914151765168306,-0.03417097671092751,0.06319135564131205,-0.41812096329904536,0.15667794530938475,-0.53579323031616,-4.812788030604284,-0.7704795778325857,2.0805664803766226,0.0,-0.5653503422525903,0.08357263258547203,0.0010332826909239224,-0.06155902635381472,0.630335748284799,0.24888106983704367,0.0,0.000295891926210397,2.153076050842235e-05,-2.8633609342356797e-05
1,0.04,0.2486898871648548,0.9685831611286311,-0.05885209499699751,-0.15006539128782903,1.5276210422968228,0.5169844398898741,0.9263605490542787,-1.0682481333257436,0.6247092777788078,-0.14788112622060615,-0.1326141104515181,0.607857723277827,0.07387239058920025,-0.10324765790652446,-4.65847076397186e-05,0.15167812067220135,0.06823935742378187,-0.21879231811657265,0.14457856234467747,0.1548831087111391,0.0956677249436218,0.0002037879907271,0.04995641674290312,-0.014872598115726636,-0.002068409552955684,-0.09191629022919698,-0.03917161253330041,0.010859370662181414,-0.01807987367364682,-0.04273665462464042,0.05930155744661491,-0.4993647578187838,0.12975721626032005,-0.593619862364877,-4.758292382560467,-0.5990523618716919,2.2880309121133973,0.0,-0.5162050325321247,0.09239936280343279,-0.12867478523814688,0.03928433953489893,0.6167053579783409,0.4318480127270558,0.0,0.00036145440727449206,5.231691967201223e-05,-2.522996039840313e-05
1,0.05,0.3090169943749474,0.9510565162951535,-0.05955385227963565,-0.1511144070766301,1.5274091758854715,0.5169698265837098,0.9256066227495721,-1.0673435108403877,0.6171320820151152,-0.14476550380128378,-0.14139103827034552,0.5381911980508702,0.06464711143781476,-0.06831537060315007,-4.6584707639716545e-05,0.14492525932687628,0.06861320417037858,-0.2204084683181799,0.14676388736581078,0.1648780546140066,0.10032435303776656,0.00020378799072709501,0.04996263701141585,-0.014870701326553744,-0.002068658191880685,-0.03038664493820537,-0.0679398421182832,-0.0233543378403669,0.00590655130087391,-0.05236023563962517,0.056079276244676034,-0.5242429851979434,0.23419323542109374,-0.5875065385287582,-4.559436573847109,-0.6121426666165296,2.3259911351226203,4.1018157087735814e-16,-0.4709104092847628,0.01208721532509322,-0.04478718813864882,0.11438581676296876,0.6608528224384246,0.18962899079321144,-8.923295762949037e-16,0.00042850630957738504,0.000164719375256475,-1.2034370655178762e-05
1,0.06,0.3681245526846779,0.9297764858882515,-0.06040338483075785,-0.15218261064207303,1.5279393531375878,0.5170134430482333,0.9247585442330021,-1.066597316981104,0.6088766680543081,-0.14198562274238805,-0.1506167516172939,0.47238247925267574,0.054959461012817824,-0.03458577207233564,-4.658470763967758e-05,0.13754984995541927,0.06936637079052349,-0.2190493954450615,0.1476738816734044,0.1746897125511819,0.10171544053438682,0.000203787990727,0.04996980367145226,-0.014868125303103642,-0.002068839167041424,-0.08279265037845442,-0.08660836641975825,0.06520634666435626,-0.0005428260707292839,-0.05926731164409793,0.04955952069346667,-0.5361577898654682,0.14883088045313758,-0.6033851926607917,-4.259737138664103,-0.6462149610761923,2.1942798146117273,0.0,-0.46417398111739516,0.07193394450744031,0.11061044339939773,0.07500379443382776,0.6624621152572329,0.140834745391331,0.0,0.0005076901874332319,0.000165431343663992,-1.291783325927166e-05
1,0.07,0.4257792915650727,0.9048270524660195,-0.06151293877533852,-0.15292037487779972,1.5278360051912336,0.5172592893558492,0.9238466015844066,-1.066047827098512,0.6002747887766219,-0.13869701553570607,-0.15762346226889198,0.41216542030488756,0.047341328872954495,-0.0019049768739984804,-4.658470763967758e-05,0.13001664741967692,0.06981714156222879,-0.21887453650836694,0.14933501150702988,0.1849479474279739,0.10510365521554944,0.000203787990727,0.04997794755464786,-0.01486486884170699,-0.002068930399325399,-0.03988286023882019,-0.002932543846904321,-0.06382687933776929,0.03162424851896876,-0.05940512934667697,0.024984809863925598,-0.6218007211429571,0.2913014891673863,-0.39493025841059876,-3.8693027539128155,-0.41239626420866843,2.1818927228409892,0.0,-0.5479181761776296,-0.01951758724465732,-0.011356213803389022,0.13592588968050928,0.6952414608883086,0.14263378936523405,0.0,0.000539126052512698,0.0002572762872897891,-9.080527493049207e-07
1,0.08,0.4817536741017153,0.8763066800438636,-0.06098167646396214,-0.15283619263696088,1.5267316860610474,0.518048795196094,0.9229158784835554,-1.0658080805396526,0.5905765099941331,-0.13312690222043244,-0.1630358634274054,0.3584913242551472,0.04481231685003843,0.031004162482505794,-4.658470763967758e-05,0.12206171918865276,0.06817331526335864,-0.21822277261046716,0.15297825946394328,0.19613361396358162,0.10388785299995008,0.000203787990727,0.04998662237894769,-0.014859872403971497,-0.0020688158510673562,0.06400314830246012,-0.02743449675101743,-0.03450108594982472,0.05725554614431103,-0.06524705932093663,0.017372830478555805,-0.6163520299184859,0.38174866015450687,-0.3528017917733473,-3.4046075242993337,-0.059212296019577455,2.1286559184564844,0.0,-0.49083107156464134,-0.13615600788494026,0.09602781836954408,0.2625041560932573,0.761955970253827,-0.11998309327166963,0.0,0.0006070795989956921,0.000356307621174636,1.008281477402204e-05
1,0.09,0.5358267949789967,0.8443279255020151,-0.06018342226014335,-0.15330142493999813,1.527493236057468,0.518865197450368,0.9218987525811485,-1.0656521853602514,0.5818266743661346,-0.12829701504955554,-0.167771653936034,0.3130955695243162,0.04551038426108823,0.06022525611912837,-4.658470763967758e-05,0.11437678735450153,0.06654434567043341,-0.21523214640113703,0.15603089363433786,0.20723402592144458,0.10234456746419542,0.000203787990727,0.049996301086147506,-0.014854637604028945,-0.002068693544060435,0.026372724352233125,0.0001983936853520536,0.06048568731110252,0.05199700928319657,-0.06669249841130528,0.002403525522878674,-0.5836104899496348,0.2715822678417887,-0.3078784628640931,-2.8067764556351147,0.09186567770303294,1.904284799530471,0.0,-0.5339716718342855,-0.08660064011071499,0.16219444691368662,0.2183604739593837,0.7212412929950911,-0.04216013273475885,0.0,0.000644840679921715,0.000335918139397927,6.823844270465125e-06
1,0.1,0.5877852522924731,0.8090169943749475,-0.059351284967206076,-0.15335936133849007,1.528368655950583,0.5198396445876222,0.920863193304661,-1.0657049967758865,0.5733832406845804,-0.1239222292804169,-0.17293089199852377,0.2761996805717965,0.04796110606336169,0.0871489030857272,-4.658470763967758e-05,0.10686528034161874,0.06451025603630793,-0.21279246529674678,0.1606424325101594,0.21968066226459354,0.10187625354912525,0.000203787990727,0.05000639349829626,-0.01484897552937304,-0.0020685024186906696,0.10241458019466107,-0.03352343945856686,0.07795721293928677,0.07488038374820502,-0.0713447259580349,-0.003964067529584897,-0.5444126567284991,0.3373660769882324,-0.35063916722681915,-2.2983823912930514,0.1959664260451179,1.6826154527548172,0.0,-0.4862722791942891,-0.1761282119480805,0.26707533669876615,0.2899411949608197,0.8952325181946017,-0.09611366297940802,0.0,0.00069163909770679,0.00040369789944581,1.5650273197766876e-05
1,0.11,0.6374239897486896,0.7705132427757893,-0.05712020119231037,-0.1532136399877845,1.529489222035022,0.5212086932742448,0.9198209252946992,-1.0660432125358512,0.5642338029152953,-0.11818787800616046,-0.17733048716826966,0.24662661948764392,0.05246716834656748,0.11037264471533675,-4.658470763967758e-05,0.09850845324686586,0.060982000673524564,-0.20979353487342176,0.16525754163861414,0.2335562751193713,0.1035569503267669,0.000203787990727,0.05001673721359648,-0.01484203624608613,-0.00206816370284319,0.14735015275554347,0.0694253144994072,0.05190430550288561,0.09709495759590467,-0.06589474914580123,-0.03576908581823143,-0.6577866058746709,0.3768466415107267,-0.2653293227065335,-1.7744767243588657,0.3501268711549424,1.4995006488645415,0.0,-0.5881684167361294,-0.2582208483024527,0.06255702230098945,0.39258357916861547,0.9121258188836745,0.24892721892926872,0.0,0.000674642569468759,0.00048293548114674,2.5416059622038272e-05
1,0.12,0.6845471059286886,0.7289686274214116,-0.05547924955194708,-0.15155594968546413,1.5305331279667196,0.5226486101096367,0.9188465085193779,-1.0667521052015605,0.5545786957856096,-0.11371860134021135,-0.18089381901116414,0.22617462316447776,0.058290625769962544,0.12984563101411867,-4.658470763963836e-05,0.08985163609551841,0.05756008385848211,-0.20745942300094963,0.1727246499480125,0.24703776327833454,0.10305976896685756,0.0002037879907269,0.05002714992938771,-0.014834957061624516,-0.002067797281911132,0.08567854682472352,0.08006299981420349,0.09484669875479297,0.09214786184034839,-0.06739793491744077,-0.04564001482408374,-0.5874603905068407,0.2501964406698989,-0.21191705494465543,-1.159899657287557,0.39113606768884773,1.1516925357431893,6.903139667502223e-15,-0.5435617524464326,-0.19139588754120207,0.2914381675885075,0.4883532411845379,0.8927530751906927,-0.23258328943534795,-1.5518944947052338e-14,0.0007203530335439999,0.00045933304921063603,2.3151778100945125e-05
1,0.13,0.7289686274214116,0.6845471059286886,-0.053970445244689115,-0.15180179428829074,1.5326302560807732,0.5241049910389318,0.9177240695586788,-1.0673380401210053,0.5474649118045125,-0.1102815951930939,-0.18281207299211366,0.21434355612400652,0.06400942544352917,0.14184187589838768,-4.658470763963836e-05,0.08287580046999675,0.05459544234006775,-0.20106583250461935,0.17940824481868917,0.2605778876198763,0.09820859797976536,0.0002037879907269,0.0500388493647863,-0.014827794305623159,-0.0020674194855888183,0.1240785997334306,-0.03768460821901347,0.15673046376055497,0.10259766338594846,-0.07638558692050947,-0.039916682121583814,-0.4443307830175953,0.23300504746228973,-0.09862902283774999,-0.5976588900283812,0.3816957796220484,0.616745683359594,0.0,-0.4467377591524268,-0.22188347562268232,0.47201341052012646,0.43253886742578146,0.9133937899123877,-0.3684649679988953,0.0,0.000800354377010607,0.0004950694688695969,2.7316013094415415e-05
1,0.14,0.7705132427757893,0.6374239897486896,-0.05166085579746385,-0.15192220033098855,1.535341663374746,0.5258040795636193,0.9165891859350969,-1.0681172612205159,0.540564851471737,-0.10696849963499942,-0.18520517440322215,0.2106339622186557,0.07053319086179638,0.14555626576957936,-4.658470763963836e-05,0.07633544504153886,0.050587750802033774,-0.19182108252056937,0.18737031303068044,0.275252701217793,0.08793421776393553,0.0002037879907269,0.05005114890365226,-0.014819525488710582,-0.00206689881889898,0.15566553480088458,0.016628631917652018,0.1917156875524881,0.11632973899222404,-0.07408671846858139,-0.05913931351071693,-0.4827093285535993,0.20474664380814686,-0.1765716015917357,-0.08661562236296547,0.4595143048365957,0.04442726213168192,0.0,-0.4218519823930189,-0.28175797270458747,0.6576346489080741,0.6187800160716832,1.0077773933786707,-0.7671956762839878,0.0,0.0008139113353937279,0.000568773830602934,3.784779183511012e-05
1,0.15,0.8090169943749475,0.5877852522924731,-0.04941969251693571,-0.15122860579915523,1.5380843674092486,0.527687189287945,0.9155025352722714,-1.0692284698530765,0.5325657478382079,-0.10400701874675032,-0.18534659016931843,0.21372543895090326,0.07793941878781889,0.13986247437240498,-4.658470763963836e-05,0.06993879981687047,0.04582624179173972,-0.18515912403052623,0.19823222925937364,0.2905314709747749,0.08329793944008067,0.0002037879907269,0.050063694918688,-0.0148106114251188,-0.00206625080029143,0.14752939567054346,0.04487590166467089,0.16300355253698534,0.1310050954086435,-0.07245589290801381,-0.07953756122790277,-0.5348012394756475,0.20373904932999368,0.09801634311824402,0.3493128286114108,0.4908812467756908,-0.5786941187808432,0.0,-0.44699935280760505,-0.33074252981320157,0.3114696570251105,0.6942306421696781,0.9885294019960502,-0.05749553363687384,0.0,0.0008483502424145549,0.000605668023661855,4.500739556286069e-05
1,0.16,0.8443279255020151,0.5358267949789965,-0.04762797230269218,-0.15103155269788351,1.5403179781533594,0.5297079505931691,0.9143694217359185,-1.0705537249091148,0.5249990892442803,-0.10120039171090842,-0.18174117837421344,0.22254008531442596,0.08333533268023945,0.12612291221023994,-4.658470763963836e-05,0.06137695357709675,0.041932980979631565,-0.17703045473974086,0.2037183035552818,0.3034131107301369,0.07830325754877174,0.0002037879907269,0.0500767620126152,-0.014801656571879988,-0.002065585531125912,0.09235001647007825,0.0021036668356492066,0.1687850665872192,0.1312458852310296,-0.0762836125266755,-0.09236758764373555,-0.49717104870604073,0.15106617990496105,0.2709717250707689,0.6896008810193218,0.28831303219484694,-1.0551810351729118,0.0,-0.6126619016804467,-0.20690036183555563,0.7251207875796832,0.24003022633237214,0.8010265134522686,-0.5529876029078031,0.0,0.0008775822702310759,0.0005788755654009039,4.235537639520412e-05
1,0.17,0.8763066800438637,0.48175367410171516,-0.04630737569942314,-0.15063588093732658,1.5440744472628873,0.5317369489891829,0.9132393365070556,-1.0720811601517193,0.5163807512734979,-0.09923426941759718,-0.17819766321019614,0.23383348889383748,0.08433980399301251,0.10665120204946565,-4.658470763963836e-05,0.05326657429720097,0.03801822613432077,-0.16774205070989326,0.21105542632723517,0.3160323319155879,0.07171434630915931,0.0002037879907269,0.05008979807272819,-0.014792995236304302,-0.002064973270399987,0.11735059319659406,0.03364298100907561,0.2672871447370297,0.1453000332194697,-0.07516686868993691,-0.10372990945884837,-0.6058826635920337,0.17674845690760524,0.22294376656064152,0.7221505420431239,-0.14210572060934135,-1.4271171506440383,0.0,-0.47952110923904295,-0.3369358375614567,0.4649032648676581,0.6607967630835503,0.8610089488661141,-0.334292367059731,0.0,0.0008579901391286119,0.0006023739887772292,4.306214211633954e-05
1,0.18,0.9048270524660196,0.42577929156507266,-0.0422640233209265,-0.1519903746545977,1.546604439771373,0.5345846496308009,0.911951329583571,-1.0732690083537841,0.5099946373547489,-0.09280444365752083,-0.1767436510180943,0.24024975156721068,0.06701249934561274,0.08191705493012276,-4.658470763963836e-05,0.047993966129605395,0.03054199596632811,-0.15896938731648058,0.22083064716216838,0.32763760488957183,0.06079431464563704,0.0002037879907269,0.050103025503329124,-0.014782917242411465,-0.00206421246612072,0.3567263864282887,-0.17780255345341411,0.11540145667906124,0.21160537979746255,-0.0902290266827018,-0.061697870375780804,-0.2862793304408991,0.5540005630104393,-0.04784761014241509,0.2244366015522091,-1.7072234805805668,-1.6769767368086883,0.0,-0.2947852940465631,-0.5579554603792978,0.8083243260888804,0.5459037154019919,0.7080951016299882,-1.0593587960188693,0.0,0.000892449699517834,0.0006986678604096139,5.38210138051817e-05
1,0.19,0.9297764858882513,0.3681245526846781,-0.03361356135566147,-0.15579655347778268,1.5487638164597421,0.538368195658086,0.910660897924531,-1.0739566524905464,0.5077677034657133,-0.08187971243572224,-0.185271546532671,0.23890301141382553,0.037619935416949093,0.06362682470358513,-4.6584707639599146e-05,0.04456258643865327,0.019059521574889295,-0.14320973195319966,0.2280362607206975,0.3359272692817809,0.0405948363234928,0.0002037879907268,0.05011657649024005,-0.014771462974379708,-0.002063303148491723,0.6796792782452198,-0.2542874145652469,0.17518261582210928,0.2699930911045702,-0.07974653087378017,-0.04465711659976901,-0.12156625849359166,0.7857866403035106,-0.8067422997735069,-0.1427818648325333,-1.7779147066298546,-0.8791637993413225,0.0,-0.2004149850090954,-0.8898036628812287,1.0026768888005027,0.5245987572234966,0.4781544403790511,-1.284450286916105,0.0,0.00090171854927298,0.000794241733838881,6.390194258886962e-05
1,0.2,0.9510565162951535,0.30901699437494745,-0.02335746689397061,-0.1586287298214957,1.5506851763518779,0.5426337896073701,0.9097570173005829,-1.0748454061497428,0.5063879142253344,-0.07059523683353915,-0.1960572219999836,0.242067751516619,0.01782752749790902,0.054534678931812165,-4.6584707639599146e-05,0.04124511301075579,0.004877588561702386,-0.13244465270742778,0.23763005786813357,0.3416543988266966,0.026709784755878145,0.0002037879907268,0.05013034388048114,-0.0147595862806889,-0.00206232614986584,0.6214860837427023,-0.14244689166080401,0.07738305665645358,0.28232875900718635,-0.04890004981234406,-0.06935235390122903,-0.08288872307934368,0.6953950670270194,-0.5197393910397631,0.4503537164584993,-1.2413495811923119,-0.6726251350989395,0.0,-0.25635196486661765,-0.8914254689894361,0.6301003014525003,0.6696846913622969,0.3326365568203081,-0.8250349434806894,0.0,0.0009204079907966599,0.0007613634590795398,6.264920036266048e-05
1,0.21,0.9685831611286311,0.24868988716485496,-0.017253210639439305,-0.15883611634687336,1.5494191957453884,0.5466221257716373,0.9093762257783391,-1.076299853517521,0.5046430909842994,-0.0628079779549827,-0.19751978793053582,0.2562243503684476,0.00035883282884945035,0.04010022752314499,-4.6584707639599146e-05,0.03571577231183101,-0.004454276899179727,-0.1225033549379101,0.24949353785390566,0.34432827572110086,0.006179817640819325,0.0002037879907268,0.0501441850882999,-0.014749096555921208,-0.0020614737112557013,0.2984092117245387,0.052576673392973894,-0.17333058102464088,0.2557579398833547,-0.014130376515068255,-0.10984039094822995,-0.1342487219975933,0.4197382356912358,0.04576616241425502,1.171159123812747,-0.96987430264952,-1.0051727862931668,0.0,-0.4174425125885251,-0.4783811692452207,0.6610047762248161,0.8729126115987266,0.0828103042618425,-1.7231967907131849,0.0,0.000916195603608624,0.0006651391656894781,5.3815965121227313e-05
1,0.22,0.9822872507286886,0.18738131458572474,-0.014728250200301529,-0.15715540593355684,1.5460989688533573,0.5502554750710998,0.9093956952036043,-1.0780414481450702,0.5033595841525977,-0.05900649489095419,-0.19604016806176625,0.27844160246407407,-0.0024345032336863083,0.027464906254718986,-4.6584707639599146e-05,0.030110101301257998,-0.009472665583471623,-0.1121465751267959,0.26566970729249045,0.34310502004973753,-0.023335864940028966,0.0002037879907268,0.05015792172233479,-0.014739948057888693,-0.00206075102678584,0.1267147011155898,0.11765767583298699,-0.20141377538710817,0.2361397180825059,0.007415396134035588,-0.11267663977855508,-0.040370228479630586,0.19102202714589944,0.10878720711932455,1.5707551840474339,0.17041511929473924,-0.7532828293981066,0.0,-0.30056787068977087,-0.304536826962027,0.7197074695262713,1.1953577038293743,-0.1441021189360675,-1.9246374150168044,0.0,0.000914630062472752,0.00058366676981805,4.510422521861656e-05
1,0.23,0.9921147013144779,0.12533323356430426,-0.012801611109921892,-0.15554428096342898,1.5434186380655355,0.5540267721139703,0.9096988462362907,-1.0795922721494982,0.5030800496756813,-0.054838212691642935,-0.18913342210765435,0.3009612294611706,0.0032060610030449164,0.014169453406592708,-4.6584707639599146e-05,0.02898080615142361,-0.016213892298274177,-0.10748096837614078,0.28926797121575465,0.34017231121061353,-0.03958704880798748,0.0002037879907268,0.050171729967304374,-0.014731392021936341,-0.002060110825839683,0.15459116114333254,0.11355189532022061,-0.2133759125254253,0.2684069146210083,0.02791752683684335,-0.10232592026556789,-0.05418914001267239,0.39640598636416124,0.7467155979014557,1.396673511942796,0.3644612805596719,-1.040267228664094,0.0,0.012955168351272476,-0.5696657655391761,-0.04135062840324175,1.759089733061113,-0.21050667967117576,-0.5190058858199379,0.0,0.000913536427107401,0.0005742415577627191,4.336228853440791e-05
1,0.24,0.9980267284282716,0.06279051952931353,-0.008688852534517077,-0.15309366966397,1.5398465290626075,0.5585819105616978,0.9103982614515665,-1.0813373400527906,0.4988363567554046,-0.04469052779236326,-0.17296656364832155,0.3169048380274154,0.007896166446754574,-0.005322644334554499,-4.6584707639599146e-05,0.030152877985939342,-0.027115423715294098,-0.1067067948129174,0.3195444453010799,0.335885112744396,-0.04930798388300583,0.0002037879907268,0.050185319984525585,-0.014721607039573592,-0.002059340147890784,0.3228123560883165,0.16777279932646222,-0.1562282673829566,0.3059093796907123,0.05404194199147591,-0.11921775114992628,-0.3831186608092495,0.7380456600632133,1.0544764912204905,0.896334603828607,0.326423240749825,-1.348947822268703,0.0,0.15309510447825392,-0.7337334649302882,0.43886959809767934,2.1454630944482505,-0.3457062128952739,-1.1562895441270116,0.0,0.0009072750862770439,0.000674773399958136,5.278865776053024e-05
1,0.25,1.0,6.123233995736766e-17,-0.004210531534840847,-0.15157296644180784,1.5406491536763405,0.5628380485694441,0.9112972766150017,-1.082926871840204,0.4926330508582259,-0.034788947859712115,-0.1607547123170722,0.327930032682026,0.014147556638528706,-0.025773858706451838,-4.6584707639588636e-05,0.03751572365174489,-0.03653228623907853,-0.08985808250348853,0.3581711243842603,0.327665558204554,-0.0824456039736372,0.0002037879907268,0.05019971796493325,-0.014711655083501899,-0.002058599499490025,0.2704007558984203,0.06865051018012008,0.09203703015195176,0.27531848296791456,0.0616193484985174,-0.0981980995914717,-0.40632472526722313,0.630149461129784,0.7425020864232524,0.6812176656828463,0.45341351914598127,-1.358247110904477,2.1013927825717488e-15,0.6478339372256215,-0.5792305163541412,1.2814119714041365,2.774621007947158,-0.6602891761866126,-2.5347025099015275,-2.6577434676705583e-15,0.0009866146781688252,0.0006525122058936999,4.7904739546272766e-05
1,0.26,0.9980267284282716,-0.0627905195293134,0.0005214139665172757,-0.1514605220796274,1.5431738330884912,0.5670348818226382,0.9122522525142838,-1.0841339179962313,0.48647990362199517,-0.024573282407605024,-0.1518067946020478,0.33629888812655234,0.02166534093361211,-0.04406107112328986,-4.658470763955712e-05,0.05296813013980528,-0.04634572090320285,-0.0704516534334581,0.40814039799863405,0.3151301282787722,-0.1202308968970899,0.0002037879907268,0.05021539270879767,-0.014701139943504395,-0.002057819451957532,0.3493258451928128,-0.012780143540003572,0.23838028894130406,0.2797283136015129,0.06459369622898824,-0.0719664298105127,-0.4308313618542086,0.7039274484751269,0.512896641703898,0.47615626396900956,0.5235188697939754,-1.147831372982393,0.0,1.2346050858785993,-0.7076826885352208,1.2564110114706761,3.6418834864647773,-0.9051811544310315,-2.38320695739937,0.0,0.00105735173853388,0.0007305509351249199,5.402337446263347e-05
1,0.27,0.9921147013144778,-0.12533323356430437,0.0057810477817301555,-0.15144767121693242,1.5486938132038734,0.5710482434343481,0.913277922679475,-1.0851035679099643,0.47866415718691807,-0.01445917445440124,-0.14580625177885265,0.3412866965137944,0.030198929904291072,-0.0622734359782067,-4.658470763955712e-05,0.07617860370506581,-0.05682785122805267,-0.051528788650091695,0.47013545718701666,0.29700245499589273,-0.15387168654735756,0.0002037879907268,0.050230978795054226,-0.014689980009008063,-0.002057039303631449,0.33893321780897034,0.009985897634550761,0.41413452025480113,0.25878753635681,0.06956804376944796,-0.06096952598473098,-0.5571892931458119,0.6369704831630137,0.3050786489058384,0.2740746740980531,0.5865840577505402,-1.2110652089149125,0.0,1.6724518332963383,-0.6732665312259342,1.2630487264297852,4.302072748127784,-1.4241220874069564,-2.215847497363899,0.0,0.0010209335232099438,0.0007390382998903681,5.0566623676716015e-05
1,0.28,0.9822872507286886,-0.18738131458572482,0.01082428302892646,-0.1513006462894062,1.5557749741240132,0.5747762966433247,0.9143175495206541,-1.0858442195068445,0.4696420572372806,-0.006166275121458731,-0.14626278316085156,0.34405335391342456,0.040144087609305365,-0.07494222252487019,-4.658470763955712e-05,0.1055242417400381,-0.06713417694554526,-0.03608542285129153,0.540789526648419,0.2671100188227652,-0.18547853528701908,0.0002037879907268,0.050246381282798055,-0.01467829487527602,-0.0020562240156076082,0.33407102905884467,-0.004551673253091103,0.5009547649344114,0.24192131012890766,0.0673067892790079,-0.040625167263404836,-0.6047697638723539,0.5074836560085454,-0.18534721244286356,0.13715057686395327,0.7021829257111143,-0.6157709452615933,0.0,2.103641244946115,-0.6936506646179385,0.893471564869579,4.896218972661607,-2.2401918031679515,-2.0024939344422648,0.0,0.0010427274735591043,0.000796225863549136,5.586216020874569e-05
1,0.29,0.9685831611286312,-0.24868988716485463,0.015423016536388503,-0.15137274406704587,1.5630794291213739,0.5782714475423065,0.915295555443878,-1.0863162082856865,0.45985669370621235,0.00033733153246710037,-0.15156765243285544,0.34436050462923307,0.05112756421497361,-0.07805754330825579,-4.658470763955712e-05,0.13918376563397586,-0.07701515129829554,-0.02428529272838804,0.615829166364106,0.22597582980290606,-0.2132821850810645,0.0002037879907268,0.050262394679371325,-0.014666471341158071,-0.002055384286530092,0.293863227261712,0.029296926652663098,0.4333913649656547,0.23182942952716298,0.06615243548861728,-0.033582693668414466,-0.7103828674207882,0.41484175609974017,-0.4068918345430997,-0.0403996548616701,0.7276063838988226,-0.015970351358312034,0.0,2.2236473826366616,-0.6404410834579746,0.7333159928486067,4.953221496151588,-3.016702370965987,-1.8235959075274508,0.0,0.0010436952652665673,0.0007854116551747379,5.7050898302595454e-05
1,0.3,0.9510565162951536,-0.30901699437494734,0.020346188391136482,-0.14995447862052277,1.568526757670979,0.5818309167859802,0.9162847307271748,-1.0868191813318024,0.4479984569437018,0.00666934865445698,-0.16026883096925115,0.34289418532083704,0.06174229687975214,-0.07368942932275434,-4.658470763955712e-05,0.17295224900994638,-0.0867296172067371,-0.013337726312233112,0.6909303932856465,0.1739941924916722,-0.24381468323930763,0.0002037879907268,0.05027766434282319,-0.014654260601596759,-0.0020544685865710897,0.34602153789916773,0.08321030512746834,0.37805730366708207,0.23446921747708258,0.06150306131770164,-0.023805924425306935,-0.7616549644700318,0.40729241306401565,-0.6869406532694743,-0.0967297125228996,0.7000499097905689,0.3978199267584478,0.0,2.3327308340901984,-0.637305183739001,0.7875187932629956,5.053293050554864,-3.5642827371772157,-2.1431736852750207,0.0,0.00102113536492238,0.0008265323885320799,6.23529749576132e-05
1,0.31,0.9297764858882513,-0.368124552684678,0.026366531898707607,-0.14965897928794222,1.575217619873613,0.5853213117607822,0.9170019798508858,-1.08672730425045,0.43867566368135447,0.012877811222541407,-0.1718798112610801,0.3426636688060409,0.07292463235856421,-0.06705906752545754,-4.658470763955712e-05,0.21163524024209068,-0.09636431382006902,0.0005547838867683518,0.7688330768539581,0.12728291299179814,-0.273295729414117,0.0002037879907268,0.05029367090883126,-0.01464144825450121,-0.0020535084151696442,0.44593182165318523,0.026103576592082574,0.43771668099292044,0.23758827866607612,0.04267470721795281,0.014271126591459639,-0.589700683247852,0.4539379088801626,-0.7693886787355277,0.028556530489921867,0.7765664386356389,0.45624277846867195,0.0,2.6286045326148475,-0.6729126956674785,0.9365396069837747,5.21521876375878,-2.716948817958439,-1.754050239575626,0.0,0.001066822078990535,0.0008717813661107939,6.603719786416524e-05
1,0.32,0.9048270524660195,-0.4257792915650727,0.032530945032408255,-0.148669802929851,1.5795739501735515,0.5888610292253602,0.917485264246387,-1.0864001496469535,0.43005467218308074,0.01944686527641255,-0.18223956170671307,0.3445697770922817,0.08563181993602254,-0.05842286387356849,-4.658470763952018e-05,0.25048552105115984,-0.10525627453760979,0.012832765724420258,0.8452830297177386,0.0986634707869568,-0.29575284279276376,0.0002037879907267,0.05030947447069115,-0.014628497877189324,-0.002052501579819996,0.3374424450826629,0.047110523550170466,0.21292344277640457,0.22447614316877573,0.025379047658017004,0.031210309049398803,-0.5250363214607291,0.3725983084458919,-0.6284748079111725,0.17796279045354954,0.8589261847577785,0.6242209875406013,5.023663720930614e-15,2.577523323051294,-0.48416806043194016,0.7511825971712377,4.968908414801717,-1.5300870372427677,-1.4368276864033425,-7.457620038482945e-15,0.0010565928947772081,0.0008317496533852117,6.476190783397169e-05
1,0.33,0.8763066800438635,-0.48175367410171543,0.036002700110904395,-0.14840836642290536,1.5815808441058945,0.5919513517914535,0.9177471075002651,-1.0856702863169838,0.4228490730659144,0.023757299735965236,-0.1897170813845324,0.3473164753877591,0.09736590907696006,-0.04947070765227699,-4.658470763952018e-05,0.28932370606490027,-0.1104560758437866,0.022052775764206112,0.9166654533725014,0.08991762221066063,-0.3116530362895712,0.0002037879907267,0.050325535716009326,-0.014616822547173183,-0.002051600916338655,0.1970918098735692,0.052815101531010905,0.10957355224457985,0.19764178457651302,0.018247897001494054,0.04816282853753153,-0.5205576145316829,0.25514338543040976,-0.46520831670090057,0.16458349092451174,0.7450726713990443,0.6054130130897198,0.0,2.52613747518669,-0.30916535840959825,0.5301446254684214,4.6115269835512285,-0.0441602941588555,-0.7383932516477137,0.0,0.0010476790444968298,0.000757139358184688,5.833629640742886e-05
1,0.34,0.844327925502015,-0.5358267949789969,0.03814692921454464,-0.14520202599953616,1.5831020403684564,0.5946579553429234,0.918208281227909,-1.0852069497080126,0.41212915995494964,0.026593683460855763,-0.19690047705854177,0.34913272125751044,0.10843647437617243,-0.038639787628809305,-4.658470763952018e-05,0.32404564177027845,-0.11429593644725522,0.027272877117606228,0.9810651130881636,0.1019464814378677,-0.3137590565260775,0.0002037879907267,0.05034019050157712,-0.014605640671603647,-0.002050740653639212,0.11753973741228757,0.2704812016249395,0.08648389777379922,0.1728922032798818,0.036256710205788904,0.02571851854383866,-0.7916939597969848,0.17698573425184538,-0.438794383308371,0.07940427738656364,0.72595011701235,0.7187760518552939,0.0,2.2257938427692188,-0.23176862283676125,0.2511790529396295,4.118993294852193,1.0696958330548398,0.03206961715442374,0.0,0.0009372990233074019,0.0007329190136434499,5.642417150143163e-05
1,0.35000000000000003,0.8090169943749475,-0.587785252292473,0.03750122614278662,-0.1395845215141326,1.5810997045380313,0.5970321625874976,0.9189824799771238,-1.085034678734248,0.39724100498171006,0.02858446210831626,-0.1992638142471352,0.3478592483805519,0.11857597590508062,-0.029215740408648747,-4.658470763952018e-05,0.3535688318061539,-0.1160639754303532,0.026044756139212078,1.0361274483776373,0.11640366723740704,-0.3132787971245089,0.0002037879907267,0.05035337254561505,-0.01459528447650051,-0.00204993234785036,-0.1367975801582847,0.4358293275842634,-0.24688767127778238,0.14817255678914734,0.06059110001209103,0.0013484546268093054,-1.1026950980625836,0.08898394329412737,-0.057380766995593885,-0.16231483087782322,0.6484218713426514,0.6292179433899235,0.0,1.7977608227970994,-0.052926418623353635,-0.24867347931704417,3.396360310167865,0.8262710979047059,0.012695473572361761,0.0,0.0008448384223226249,0.0006640771057518648,5.1969450401261646e-05
1,0.36,0.7705132427757893,-0.6374239897486897,0.03574338305967507,-0.1354751445532561,1.5797534468758918,0.5990047529449191,0.9198114532759211,-1.0843870172662249,0.3836267728635518,0.029108572998958387,-0.20480348278135876,0.34516112060297577,0.12707868181583498,-0.017639425035179315,-4.658470763952018e-05,0.38409027783513067,-0.11648255943924483,0.024051323254806405,1.0827471838482396,0.12717088823339587,-0.313237950857893,0.0002037879907267,0.05036633972224161,-0.014585485432646513,-0.002049181839911672,-0.0950311707935684,0.12224192673021743,0.03914923292824716,0.11924291929405124,0.04638541409737568,0.07808567832068317,-0.7075020240772363,-0.004115152855749409,-0.5373416755989732,-0.16240729386069447,0.5156080508483039,0.8214682068015171,0.0,2.258557783834104,0.00348000894970759,-0.017264967833852132,2.9893391304633172,0.7074678396988053,0.0029581548326843145,0.0,0.0008880951170480598,0.0006531083070393521,4.940236422066183e-05
1,0.37,0.7289686274214114,-0.6845471059286887,0.0326859779970768,-0.13478521578368388,1.580535487812235,0.6003820279348258,0.9205257121791717,-1.082949047720317,0.37372305927236105,0.027852990740180723,-0.209380945581617,0.3414512428519723,0.1337540770993712,-0.008738334892502505,-4.658470763952018e-05,0.41795302340590773,-0.11411210239274813,0.022514306051276946,1.1215187482544062,0.13766897835104666,-0.31316671724763473,0.0002037879907267,0.050379702735757204,-0.014576294884130451,-0.002048510063025989,-0.25309984520372686,0.08130904627202089,0.025427342335234707,0.08309258075165947,0.05416149266696933,0.08770724979157637,-0.7485084267586805,-0.08096816038640992,-0.11184305870306335,-0.3343514433785077,0.4144110573806023,0.3899764528154633,0.0,2.1157092936198554,0.20262274266175542,-0.18364748341616033,2.3225334427117343,0.6935349839997337,0.004993387694947253,0.0,0.0008664622244926462,0.0005870460446880591,4.204078731835264e-05
1,0.38,0.6845471059286888,-0.7289686274214113,0.02861584896616322,-0.1343901863611413,1.5809879463608547,0.6015116398452804,0.9213695419817067,-1.0814576036902979,0.362696704437971,0.027072312091865426,-0.20859763654938432,0.33487306334973527,0.1392012511189677,-0.007101470699666268,-4.658470763952018e-05,0.4489855565384708,-0.11070646078809465,0.019182357357632993,1.1499702165206047,0.14836016884726924,-0.3130960606601141,0.0002037879907267,0.05039280702677059,-0.014567703004596222,-0.002047913237722052,-0.29155712478995777,-0.06661014497426666,0.012612580639604052,0.06838850165175103,0.05098866089885704,0.11983956233952006,-0.6061458350321862,-0.07903613041202039,0.08531772779123191,-0.4217159915405979,0.33775637883703574,0.065881548382592,0.0,2.1375628388288734,0.26277507260216415,-0.24632731512350856,1.7114469323187151,0.7142804983163263,0.004560815588428599,0.0,0.0008946918276757081,0.000566753813512462,3.927153857411275e-05
1,0.39,0.6374239897486899,-0.7705132427757891,0.0230484059412574,-0.13602601291630056,1.580604041345343,0.6022400387544861,0.9221164334178604,-1.079411754792329,0.35520827883497735,0.024317637928094597,-0.20676407463767357,0.3296163850131856,0.14366535824445642,-0.0060705900797244205,-4.6584707639484e-05,0.4808397092392524,-0.1052616969675935,0.013887836607373453,1.170202843691355,0.15795226647334598,-0.3130295391457862,0.0002037879907267,0.05040625443044081,-0.014559720886548357,-0.00204737054333649,-0.38566351319587533,-0.04727568416919019,-0.0013104622954069368,0.04018405133036808,0.05528483711486713,0.12665138880260507,-0.5699584529446969,-0.2069099409537311,0.12089706469970105,-0.3553647278758263,0.2818061220973512,0.05909958327142768,0.0,1.99788720064974,0.3850988076320501,-0.37572931273757065,1.1353815044486524,0.5908159634609884,0.0043582716484889894,0.0,0.0008593105110765508,0.000521033126357256,3.487900637667295e-05
1,0.4,0.5877852522924732,-0.8090169943749473,0.017563046026348575,-0.13530862248495762,1.5815314082077785,0.6027102679365788,0.9230844065669517,-1.0777851347217708,0.34420561895625373,0.02120732945404778,-0.2058344896716052,0.32317620029935146,0.14770340459693665,-0.0037104000812442353,-4.6584707639484e-05,0.5071762870133755,-0.09908999494296528,0.008766183659809516,1.1806870007285402,0.167441910608342,-0.31296597857542274,0.0002037879907267,0.05041820072203712,-0.01455161837120458,-0.0020468378007352803,-0.33854574802682147,0.0577970349398174,0.0806873711358176,0.029909444675246078,0.06567992357644792,0.10547458273368523,-0.7646290730496489,-0.1920185342736142,0.011474594201123546,-0.4595199174942052,0.25394298278131655,0.2298546050818589,0.0,1.666932780249729,0.4180274684751251,-0.3028034336370626,0.4896357805089103,0.6853678010692681,0.0041531799129552,0.0,0.0007811992658897799,0.0005550456743142401,3.6782192781044845e-05
1,0.41000000000000003,0.5358267949789967,-0.8443279255020151,0.014907752681936103,-0.13322562214773537,1.583542272283986,0.6034202665567817,0.9241391179189357,-1.0764066789573656,0.3310421724516582,0.020509430012721555,-0.2076805442560055,0.3159123206100225,0.150499656003428,0.0001639589087551662,-4.6584707639484e-05,0.5294523781865033,-0.09479307888960783,0.005744273706837111,1.182974208764382,0.178388056718126,-0.3129056242037022,0.0002037879907267,0.050429248658645974,-0.01454244317777236,-0.002046202656722676,-0.10798433743797314,0.19035016314284206,0.14347283675486477,0.055457764712555674,0.0721901838697655,0.08400987190329144,-0.9236018786333983,0.013560343261048716,-0.15016585183562273,-0.4612875734780324,0.16459183202042316,0.23494626699134435,0.0,1.3862515021694348,0.20638623747865464,-0.19576673850435966,-0.002693348062658446,0.6962398635546173,0.0039387213229769655,0.0,0.0007050060266431609,0.0006340404108153091,4.473063958477349e-05
1,0.42,0.4817536741017156,-0.8763066800438634,0.012704274494857507,-0.1303633817282478,1.5854112997398524,0.6041047853785396,0.9251446543151896,-1.075050688027743,0.31804833611024635,0.019751866141782922,-0.20920583197310447,0.3104363689835678,0.15430796589416126,0.0035933820427210715,-4.6584707639484e-05,0.549179543262873,-0.09171723809196829,0.0011931753439651666,1.1777378974203159,0.18568724827728364,-0.3128485153336154,0.0002037879907267,0.050439316031218324,-0.014533379283794222,-0.002045576954231782,-0.19887135912044826,0.1406009427422808,0.11315459620748484,0.03467864573527624,0.060433877747206474,0.1018377551937547,-0.7760177815642165,-0.11794161514281828,-0.08785407563297568,-0.319828189071705,0.3044343974346277,0.26077025603839726,0.0,1.3179781277396883,0.2518427474521926,-0.34690646988069157,-0.5394973411770405,0.37492666774803707,0.0037222181956383248,0.0,0.0006737335415234919,0.0005736660427433561,3.8611135967580565e-05
1,0.43,0.4257792915650729,-0.9048270524660194,0.009378025105387882,-0.13079502194948514,1.586982651784806,0.6044861296150427,0.9257778543935273,-1.0730097114758337,0.3099088829135761,0.017183689059991358,-0.2119778508512155,0.306552160564444,0.15930120285506333,0.00942994755238013,-4.6584707639484e-05,0.5703097530850442,-0.08710843259657455,-0.003711331861389949,1.1643383310422342,0.19024607686212633,-0.3127947090813031,0.0002037879907267,0.05045007326758601,-0.01452487792059775,-0.002045010595131367,-0.18903853546330562,-0.08159430271726235,0.11795006170102514,0.027029634065545073,0.03501716203640577,0.14604904228971188,-0.47303749029876646,-0.15052129930082045,-0.2561589084395513,-0.24332016603458081,0.3389764911970963,0.4313872126108335,0.0,1.418713552118106,0.288290577174099,-0.29261830197290795,-1.0437763832614722,0.3029565890308501,0.0035011265394693865,0.0,0.000727205425480175,0.0005758615756312908,3.862432189949992e-05
1,0.44,0.36812455268467814,-0.9297764858882513,0.007817242524088027,-0.13046061835206046,1.5889993100664026,0.6050315256229244,0.9263314802142402,-1.0710943773813917,0.3007681834735681,0.016231396871598212,-0.21619993305950685,0.3025480339857905,0.16498908190808892,0.015286299749789208,-4.6584707639484e-05,0.5882350903292506,-0.08433077015241448,-0.008161129286329163,1.1439564139354281,0.19452438922976578,-0.31274426899811564,0.0002037879907267,0.05046013619857341,-0.014515577304522949,-0.002044367885630156,-0.09091475042811628,0.10356635451294186,0.12414671860423337,0.03666745094587033,0.04030910870652983,0.11241502859803311,-0.7055070258482359,-0.048556212417258215,-0.25184359716609445,-0.27760622977876476,0.39399095569486176,0.3597801056566493,0.0,1.025904466082137,0.15859515904436586,-0.32726051445025955,-1.5357960579562315,0.24848792290138877,0.003276404998287848,0.0,0.0006280883013430319,0.0006282653693119919,4.375670458588543e-05
1,0.45,0.3090169943749475,-0.9510565162951535,0.0053084408026045984,-0.12829973954595938,1.5907900997756292,0.6053226278465101,0.9269270363329439,-1.069526492918619,0.289442193374154,0.014204578636816859,-0.21944186061652537,0.29824708476890527,0.1702089925392902,0.020968339386899997,-4.658470763946926e-05,0.6003239405623227,-0.08104268792307251,-0.014523116442206743,1.1145667149491603,0.1957908828865227,-0.3126972406788411,0.000203787990726655,0.05046897159994688,-0.014506704996912204,-0.002043777228984145,-0.18923170597421507,0.11121654251614338,0.12140150501665134,0.013646981771886845,0.03518562856818374,0.10949532694563352,-0.7152359416292936,-0.1586880396546201,-0.20149624283546375,-0.2846843192003597,0.30810280934393536,0.3859377767222886,2.9481842759937468e-15,0.7608012127466324,0.23159028611584656,-0.45635812665557646,-2.142196360478823,0.0005943191204354908,0.00304848058675959,-3.5544100042390475e-15,0.000590045797801435,0.000573062716903965,3.722854535230772e-05
1,0.46,0.24868988716485482,-0.9685831611286311,0.004586438270245756,-0.12891470015313647,1.5917085167191183,0.6059142884386858,0.9272134852877256,-1.0674721968334804,0.2817070829858535,0.014048648861144968,-0.2228161130267943,0.29489063167367685,0.174221876468539,0.027805008605029304,-4.658470763945124e-05,0.612512134780651,-0.08030782837628768,-0.021247726482120134,1.0781763027675355,0.1949558168111143,-0.3126536842666663,0.0002037879907266,0.05047840325986466,-0.014497553696935332,-0.002043160539456038,0.04693475021335082,-0.09092973960708245,0.015137688023213355,0.057470752082061594,0.012999023827293248,0.14511797899892176,-0.4432119988374287,0.08575810038037471,-0.27712975393754996,-0.19366487585076134,0.25890897879072833,0.5332158059473631,0.0,0.8005839845278938,-0.08095400929483927,-0.45073556761765016,-2.551826740826219,-0.05007225469234732,0.002816895449837026,0.0,0.000636262062120506,0.00063398919534566,4.383503561179899e-05
1,0.47000000000000003,0.18738131458572457,-0.9822872507286887,0.004905958977446821,-0.12893820645840356,1.591640399612309,0.6067002369966232,0.9274601362049236,-1.06557778481229,0.27278314500341644,0.015427961155806188,-0.22530005135606426,0.2905135208451327,0.1787845437447691,0.03299205257927377,-4.658470763945124e-05,0.6205153152557455,-0.0816352093893287,-0.029146459804463745,1.0346652910226952,0.19585898183750577,-0.3126135994793302,0.0002037879907266,0.05048715910826092,-0.014488049377157058,-0.002042507658157292,-0.05494207466222645,0.040891551685408735,0.01984922624426902,0.0358075225455436,0.018093626666228647,0.1163468546836296,-0.6788134552607478,0.03932410056647178,-0.0007347124833568808,-0.3632769252478447,0.3454437501720372,0.10038543356156954,0.0,0.3987623554591041,0.00789018423599229,-0.5442065298566267,-3.0769285053164133,0.10262433807415791,0.002586767629057484,0.0,0.000556435819962249,0.0006103651295777559,4.083108421248615e-05
1,0.48,0.12533323356430454,-0.9921147013144778,0.003950832291465306,-0.1301602536065588,1.5930275440166952,0.6070532849693694,0.9275557444468454,-1.0635327371247987,0.2645029003713638,0.015773958402031437,-0.22419985445086787,0.28513112603995516,0.18429263251330838,0.03291166864101688,-4.658470763945124e-05,0.626428523069465,-0.08024320165332677,-0.03586762654948951,0.9831502433437234,0.19306369556564262,-0.3125769433697514,0.0002037879907266,0.05049583394818217,-0.014479018417857821,-0.00204192039798088,-0.0072121228499735165,-0.15010769082755948,0.10898238342280159,0.02918503957723736,1.577663607939912e-05,0.14736835337727014,-0.46016786646035845,0.06290690114839717,-0.004969532397063568,-0.32286435383885637,0.34658804861925174,0.11181399977776245,0.0,0.3996921667423309,0.051126578656485414,-0.39836618389004813,-3.5854015727513966,-0.3907491860972204,0.0023620613943829485,0.0,0.000590537432874248,0.0006135729467128318,4.0218329026955306e-05
1,0.49,0.06279051952931358,-0.9980267284282716,0.004643351618759172,-0.1318311774171349,1.5937004812272095,0.6076352100158852,0.9275627178120995,-1.0614578522285107,0.25701966998638276,0.017508617405531734,-0.22440722112360403,0.280465084929282,0.18921542975229347,0.035618175353427324,-4.658470763945124e-05,0.6292832441396697,-0.08085176607988803,-0.04275121129633917,0.9246825175470349,0.18478626783586916,-0.31254352222603493,0.0002037879907266,0.05050411650633578,-0.014469276585465972,-0.002041253294312,0.041058387881009795,-0.06349015328883072,0.009713670014070891,0.037928088118279656,0.0026626294652809454,0.1278696446331425,-0.5553266616164216,0.11489441773875314,0.032210121227293054,-0.32052028734316107,0.3285354221355911,0.12294233925356118,0.0,0.050619300142199966,-0.050443302502227325,-0.5020661756245808,-4.031672527838922,-0.5637992302405403,0.0021425333050880176,0.0,0.0005141871592053263,0.000653270791474091,4.530719861127468e-05
1,0.5,1.2246467991473532e-16,-1.0,0.005980494146219794,-0.13195220700381105,1.5944040597169993,0.6082040256081639,0.9276163895205085,-1.059718183342438,0.24770336153961503,0.019608470109863992,-0.22605070329029403,0.2757562560126633,0.19439310700272747,0.038555311683254385,-4.658470763945124e-05,0.6270441342838532,-0.0819373593639046,-0.049486975905260785,0.859748682477013,0.17514015498382388,-0.3125159163585697,0.0002037879907266,0.05051115309759684,-0.014458958076278351,-0.00204053849250315,0.12196001398299407,-0.003812589564996421,0.0856051177761109,0.03810886139186651,0.001977939711658928,0.11390779633685968,-0.6214048219194911,0.1603991606770799,-0.19693444696229725,-0.3012443026166947,0.3713513019539787,0.2634437780313249,0.0,-0.20989190185648265,-0.08166558781957921,-0.38551770541178226,-4.443368570575569,-0.7159068441328521,0.0016483964662867014,0.0,0.00046244666148169986,0.00070168997792385,4.799847241238222e-05
1,0.51,-0.06279051952931335,-0.9980267284282716,0.008171672099514533,-0.13277256887154018,1.5963333887548345,0.6087357900421426,0.927522424340392,-1.0578994711398588,0.23934674690234897,0.022617750466052477,-0.22773639320718198,0.2715242274062232,0.2002356587368494,0.041281703493401024,-4.658470763945124e-05,0.6233067095524325,-0.08280939195235835,-0.05330726646099108,0.7902088794264479,0.16155903361939042,-0.3124781848703939,0.0002037879907266,0.05051865889736113,-0.014448562785730234,-0.002039857427800013,0.1556645460938332,-0.0801015020817405,0.12945921361619775,0.03494495116391299,-0.010183080613870727,0.12371348344201415,-0.5235508998455713,0.21935955539494895,-0.053852073433658956,-0.27269162106772166,0.3716529007462355,0.12594867116856517,0.0,-0.27474025114546125,-0.05424978756071039,-0.21105758410921321,-4.699320569028165,-0.995094736386572,0.0036310878439876435,0.0,0.000516859100506659,0.000689488666028705,4.481817282269715e-05
1,0.52,-0.12533323356430429,-0.9921147013144779,0.010692009170174877,-0.13401839575239785,1.5974367506593006,0.6092639846846649,0.9273106108243426,-1.0561386867015266,0.23103994047977508,0.02597402349970638,-0.2289982032472729,0.2670705031485318,0.2066839453723976,0.043842152819746745,-4.658470763942072e-05,0.617289112477765,-0.08403856637946117,-0.05695430994756654,0.7183153210683624,0.14443753609520682,-0.31245345384686446,0.0002037879907266,0.05052671144093495,-0.014437891818403168,-0.002039143454477976,0.15973640072627487,-0.07978518577844185,0.040029394345231825,0.03297607984753873,-0.01587349843206861,0.11281648541557912,-0.5741531593720879,0.21071692462889596,-0.09784328388976231,-0.3161690797268636,0.47135666351103545,0.20005281278620643,2.930050360849711e-15,-0.4616275875817715,-0.08054659740444343,-0.26109167939624356,-4.792324925588471,-1.1886664410045793,-0.004479373720040824,-3.684681448457542e-15,0.000545704945369224,0.000710122710740584,4.804226502040153e-05
1,0.53,-0.18738131458572477,-0.9822872507286886,0.012546735871880323,-0.13545062575700956,1.597477094077806,0.6096035347438333,0.9269877109119394,-1.0544464971418606,0.2229631801189927,0.02842659139705861,-0.22959225996628388,0.26285338634614525,0.21321616731966234,0.04705148070277642,-4.658470763942072e-05,0.609336289876068,-0.08433399337960457,-0.060277590588091234,0.6457022812082445,0.12459716807985453,-0.31301807675681304,0.0002037879907266,0.05053542331563429,-0.014427712191823788,-0.002038468003704256,0.12010002702858492,-0.09577487482432084,-0.005164368607089083,0.01913172528082608,-0.02380381886357269,0.11135476189326597,-0.5167190453343204,0.14824499263767635,-0.036475243864216654,-0.23742571393320575,0.41630394962802053,0.2504795111592208,0.0,-0.5628145795869338,-0.00339359953815812,-0.186045331250334,-4.838598819732109,-1.4040394938557594,-0.03930263752462822,0.0,0.000590350697341134,0.000675053903968908,4.464174414631791e-05
1,0.54,-0.24868988716485502,-0.9685831611286311,0.014824125789958134,-0.13556826516731252,1.5979145487137598,0.6098720626348979,0.9266559259547869,-1.053104553398015,0.2132764754868894,0.031130540055536088,-0.2311681434983994,0.2590952167320685,0.2205262653894218,0.051893760823841756,-4.658470763942072e-05,0.598586238280832,-0.08478447268749913,-0.061514984277187046,0.5736522745050227,0.10195327877226557,-0.3070114601988051,0.0002037879907266,0.05054341821426029,-0.014417294717743043,-0.002037790355489584,0.1583844237497088,0.04867013616201739,0.0523528414044492,0.015924571178680815,-0.020107191405345694,0.07504689289592094,-0.7426140222487135,0.2034386864799137,-0.08202537107528578,-0.3090461212853117,0.4998167384748918,0.2775275615947058,0.0,-0.8033007754720072,-0.03684332569467778,-0.044012451049509835,-4.754357047503256,-1.5335235666616387,0.7724761511815237,0.0,0.0004936815868405174,0.0006901419006265758,4.402317458351252e-05
1,0.55,-0.30901699437494773,-0.9510565162951535,0.017744269813748187,-0.1342219772683327,1.5984507412212363,0.6101457574687151,0.9263413029127313,-1.0522045248977858,0.20037494076421872,0.035147511947995765,-0.22969018903315522,0.25220229342284495,0.2265466030725387,0.05414910452602687,-4.658470763942072e-05,0.5850540281040338,-0.08616004765567947,-0.06286317106197907,0.5033428652505849,0.07898509983969092,-0.28275861678632336,0.0002037879907266,0.05055033453841398,-0.01440637928817421,-0.002037074432151205,0.2408601904165776,0.08656572787386504,0.010624021201118636,0.024946514396824607,-0.023082053967716273,0.05633006672050949,-0.8756674588470742,0.3114005765649787,0.1282384475539129,-0.4986888651191976,0.3486082088087041,0.18249891087110037,0.0,-0.9145731915783347,-0.15934430038926767,-0.12175888187854626,-4.598791123850563,-1.4856657195117815,1.9803063566064936,0.0,0.00046004079181381996,0.000749569762787425,5.026147826558989e-05
1,0.56,-0.3681245526846783,-0.9297764858882512,0.022042316061245654,-0.13374083957647812,1.5981847933310367,0.6105827114382606,0.9258578042811522,-1.0512956976140209,0.189000627697513,0.039994470962003606,-0.22926650044475447,0.24709157307948598,0.2322433366873614,0.05863023471514322,-4.658470763942072e-05,0.572003789107125,-0.08965032218541655,-0.0646664290214715,0.4379983847316378,0.05937340355249912,-0.2476861337610266,0.0002037879907266,0.05055803919861764,-0.01439497505063714,-0.002036307489272292,0.2464713413550894,-0.005436739350003425,-0.016790917286291562,0.019410299008960574,-0.03754653419782192,0.06434489261310426,-0.6746574018951099,0.2734296336998078,0.029419524492264225,-0.23982822179793065,0.44131068369412185,0.23535716429920261,0.0,-0.8382947830572972,-0.18174876787830663,-0.0851647207360463,-4.218830160792122,-1.2024679693561329,2.367221432817726,0.0,0.0005395606949575122,0.0007377651966417676,4.862627150269968e-05
1,0.5700000000000001,-0.42577929156507266,-0.9048270524660195,0.023932063718294008,-0.13487010717308345,1.5982676618384932,0.6103969612405851,0.9251430148772052,-1.0502217230457342,0.18137482173287292,0.041528703793299024,-0.22944535924482923,0.24695981533256578,0.2419538664852167,0.06058318667260958,-4.658470763942072e-05,0.5600677400051041,-0.08953651454503492,-0.0634215036407203,0.37793867179968194,0.04423981889833229,-0.21402686478869173,0.0002037879907266,0.050566857322219924,-0.01438453053415977,-0.0020356535010649193,0.1145970428476506,-0.0977436416801292,0.010831419318474991,-0.019800881762446633,-0.051300050125103865,0.07325639294493834,-0.42660297572633615,0.04840765167554462,-0.11293166685146072,0.12756881776435222,0.716685818660062,0.2251742365144777,0.0,-0.7738766266385441,0.03541670395059678,0.14852899805395559,-3.8648777547737603,-0.9238933819668551,2.2271400792273908,0.0,0.0006137606526366894,0.0006906521182415503,4.277364659675478e-05
1,0.58,-0.481753674101715,-0.8763066800438637,0.026839527303872422,-0.13661283476686714,1.5979876804834623,0.610291167532454,0.9243126911604219,-1.0491893761204947,0.17483800457819818,0.043524401745873575,-0.23060998472793515,0.24792753336111525,0.25112601064534307,0.06584265101656461,-4.658470763942072e-05,0.5489542376989225,-0.09120716839027711,-0.062072396227807636,0.3239152125341457,0.030761875180404533,-0.17643918766827796,0.0002037879907266,0.05057645207494462,-0.014373389176111305,-0.0020349377195022444,0.20971848131118648,-0.12309045426060031,-0.03832693545360247,-0.0030817539809560282,-0.056729061465840044,0.06521599514734938,-0.45970382670388754,0.173305884842587,0.04553402603219248,-0.016612471204949186,0.5399488921505413,0.289169905048575,0.0,-0.7260263646971016,-0.16544975391631042,0.04039565669470805,-3.453628196242048,-0.9136910094865972,2.625400465079423,0.0,0.0006469936651602759,0.0007533053240728003,4.8632658753625404e-05
1,0.59,-0.5358267949789964,-0.8443279255020152,0.028412396435756403,-0.13715577271051985,1.5974854969164167,0.6098813563576289,0.9235212017973198,-1.0485616491096765,0.1668575643224435,0.04436422103069792,-0.22938168398522227,0.24901415770104265,0.260087952159589,0.0684853191280583,-4.658470763939211e-05,0.536353992574267,-0.09222726646126497,-0.062050596564523976,0.2764081934840138,0.015412903013422505,-0.13899376420468626,0.0002037879907265,0.05058582679821503,-0.01436274414339415,-0.002034290614708363,0.04595846127311514,0.025860003204877375,-0.016978313765881523,-0.042427474597505836,-0.0492224196841191,0.026782281111422168,-0.5759160982386455,-0.02453960994915369,-0.0016194441491245853,0.15172507371803753,0.6562607986515809,0.1898753779829725,0.0,-0.9083863069889647,-0.0011826576737302558,-0.003368668987629832,-2.986879836585781,-1.0750327790250866,2.339829811911126,0.0,0.0006053967181766461,0.0006836553059535491,4.0039991244752e-05
1,0.6,-0.587785252292473,-0.8090169943749476,0.028345614007294503,-0.13734172802721425,1.5974349017713652,0.6089988784082301,0.9227183150754281,-1.0482294545795006,0.15734067797374243,0.04335033850633599,-0.23035119492512937,0.24854831367597835,0.2700087114117269,0.07192021022941704,-4.658470763939211e-05,0.5239164486532301,-0.09119921381684125,-0.06183802312353312,0.23738894530684096,-0.0005199787440206029,-0.10791373322143816,0.0002037879907265,0.050595135674447164,-0.014352742814244101,-0.00203372633021408,-0.0219770204898286,-0.07503242581354438,-0.012345522205324203,-0.06346239652439993,-0.058327972952727285,0.02703693035230164,-0.6313677220614378,-0.06507607609040043,-0.013191404584547671,-0.17567847190984814,0.6305309649845194,0.20350944919166095,0.0,-0.7350742981882221,0.08894944643805851,0.011254022003365026,-2.4001222736993784,-1.0044494777266586,1.9708941987360218,0.0,0.0006363155083594794,0.0006633149089523401,3.72827951673555e-05
1,0.61,-0.6374239897486896,-0.7705132427757893,0.028048364694897247,-0.13876752106135223,1.597004492757104,0.6079687949193423,0.921801987800851,-1.0478588979122425,0.14879388516672162,0.042276751096952184,-0.22897433892258492,0.24709599100568452,0.2788985854458155,0.07410752607504718,-4.658470763939211e-05,0.5139110091336221,-0.09008007515688556,-0.06411502789754044,0.20724440458620808,-0.011728832717250736,-0.07938077269835617,0.0002037879907265,0.05060524793074153,-0.014342521606135389,-0.002033146812569549,-0.0006079279767394301,-0.04584844670236318,-0.013627431669031246,-0.07079910517178332,-0.05810023323882939,0.014115394069917407,-0.5752462840894284,-0.07160013675560653,0.07790379370928832,0.00047175240660358997,0.5824882477631782,0.1388505021475679,0.0,-0.6839421650520985,0.05805875790512223,-0.2592504771501226,-1.783959905592103,-0.5821749038678645,1.8532888676269765,0.0,0.0006656088945016451,0.000696549234501278,3.993568539415318e-05
1,0.62,-0.6845471059286887,-0.7289686274214116,0.02757596695488239,-0.13784258284297435,1.597098410484677,0.6066574419645508,0.9210200490517986,-1.0480259495681914,0.13884687422113753,0.04031643965895594,-0.22941523847371054,0.24838394933258245,0.2887320181637099,0.0762977084802728,-4.658470763939211e-05,0.5027292529024809,-0.08837510868778005,-0.07130685070543717,0.1870383386073847,-0.014364079035912698,-0.055402891378461286,0.0002037879907265,0.050614835790237,-0.014332073265554421,-0.002032555776054712,-0.09124143570649319,0.04895010601924515,-0.020707182651270944,-0.09932752465382658,-0.053512317291844906,-0.012885585814029606,-0.638182175842328,-0.19857380178798573,-0.02483185053417865,0.11775535465126545,0.7015886258072768,0.1380684467008854,0.0,-0.7172221112409454,0.17425626657844356,-0.5976343101047987,-1.1389762792594769,0.020117390617319764,1.4163118145847127,0.0,0.000644080075023406,0.0006751140297142801,3.726238399472527e-05
1,0.63,-0.7289686274214113,-0.684547105928689,0.024665239565997504,-0.14116275879259144,1.5955579296515539,0.6049049160312648,0.9199131449103665,-1.0476207877202446,0.1345519757068875,0.03533021141910374,-0.22857580042154327,0.25220127821122057,0.30011510824395005,0.07904523825995481,-4.658470763939211e-05,0.4963722112511793,-0.0845717111858241,-0.08341157587206899,0.1748546977427592,-0.010955468097621143,-0.03875826390629509,0.0002037879907265,0.050625524282828537,-0.014322068506591883,-0.002032013496337838,-0.18046302338210582,-0.32745581326900236,-0.10830785418664966,-0.11649380345521268,-0.08148921458853782,0.04202908424443535,-0.1457094465328817,-0.33074674160971534,0.05203249693374455,0.3061766637040187,0.7582482993432527,0.23129388855612118,0.0,-0.2921931621793911,0.23052398396044785,-0.8758878699960866,-0.644317943503925,0.3035189231383063,1.021748326081214,0.0,0.000740627211991657,0.0006761087751033479,3.6933046025071456e-05
1,0.64,-0.7705132427757894,-0.6374239897486895,0.023856843556007704,-0.14503866431247944,1.595110486035701,0.6032757972225631,0.9187582218100605,-1.0473269268094232,0.13063392698357879,0.03237917679006474,-0.22833260971016114,0.255837389262305,0.30994033771049956,0.08235383575285758,-4.658470763939211e-05,0.4911082502589875,-0.08259188974297899,-0.09606122076073657,0.16939029445633563,-0.005343367681085139,-0.02613307030471711,0.0002037879907265,0.05063625945698345,-0.01431095132882402,-0.002031383897686772,-0.03329230643489395,-0.20641460411422033,-0.004763226871583582,-0.11169262150586054,-0.07300830714888061,0.004554720357350415,-0.3378744103517789,-0.17616394449970366,0.018332586738782786,0.20418631478904203,0.6059945554926345,0.17947871650959998,0.0,-0.42925668007482304,0.1388893868553513,-0.772355522585378,-0.2767415060919396,0.36565360686950416,0.6471114290469032,0.0,0.0006874440098774637,0.0007544984436967799,4.1935135920469274e-05
1,0.65,-0.8090169943749473,-0.5877852522924732,0.023079784416853745,-0.14655407571388324,1.5948280422111325,0.601412605128629,0.9177656983782004,-1.0477306475896542,0.12336018488279767,0.02923475116786308,-0.22801151711749906,0.25862920047444565,0.31946835917896116,0.08429754306950418,-4.658470763937486e-05,0.481717639741269,-0.0798069765436527,-0.10517546967449261,0.1674723750221245,0.0004517530619973385,-0.02270871394122574,0.0002037879907265,0.050645661516661306,-0.01429946768751908,-0.00203076565637794,-0.0376113372514391,-0.048744265188663226,-0.03505966342250748,-0.124177424759113,-0.06303948467883039,-0.04156794583545406,-0.5533128035648487,-0.19879852358923147,0.024444668591931132,0.18374896958882547,0.6608289566926265,0.12696103737826492,3.450661782693786e-15,-0.6917892881888931,0.1645008929976372,-0.5562885806034297,0.005259261956129607,0.43553713285707185,0.08565762266428904,-6.1489964879251035e-15,0.0006006200660705351,0.0007892486549419498,4.368519879637287e-05
1,0.66,-0.8443279255020153,-0.5358267949789963,0.02275518612778035,-0.1480361676779628,1.593392525078623,0.5995172752732366,0.9167260663591125,-1.048317512719861,0.11638433271185822,0.02607588935300542,-0.22683364303794498,0.2626322506851459,0.330170905689276,0.086701174509723,-4.658470763936557e-05,0.4722460594846879,-0.07763308157830107,-0.11036764069730953,0.17123380214552472,0.0075048157345202066,-0.027445304292111943,0.0002037879907265,0.050655309659458476,-0.014287117245893988,-0.002030053806813252,-0.04009059130720498,-0.14383876150034977,-0.11755583811217012,-0.1329646711232663,-0.07359761787958202,-0.033802111065881,-0.3885898005727536,-0.24925422912215767,0.1045738142524158,0.32102076331955526,0.7340779962974326,0.17920781257051774,0.0,-0.5924960400939823,0.18005050735450487,-0.18443099484059222,0.30817389229147457,0.4039424946933786,-0.5864711849125036,0.0,0.0006665162248795082,0.0008181368705917058,4.713899629481294e-05
1,0.67,-0.8763066800438636,-0.48175367410171527,0.020489508574801814,-0.15030026919035872,1.5915444798761273,0.5971137108657223,0.9155526366268841,-1.0488504843939281,0.11059203818715213,0.020520004774684485,-0.22415814786342184,0.26768821185340763,0.3405217756797185,0.08796932524892018,-4.658470763936557e-05,0.4632083640640598,-0.07283389859305571,-0.11206315685306956,0.17400327757047296,0.0012353454723332729,-0.040715127045714054,0.0002037879907265,0.050665039245875475,-0.014275550761703544,-0.002029423237021358,-0.22821161269307855,-0.1353534823566225,-0.12627826390171928,-0.17547101349066216,-0.07939080722378748,-0.037519875413330864,-0.4133246963375509,-0.4411101659919626,0.23044693177563816,0.31673321322378817,0.6346881901871545,-0.016018241200413535,0.0,-0.6117363379245461,0.39713047224584525,-0.19745611839605964,0.050292500778933796,-1.0256621122557328,-0.9084322874174039,0.0,0.0006221464788056042,0.0007436965886508742,3.930526333736127e-05
1,0.68,-0.9048270524660198,-0.42577929156507216,0.013201460261179642,-0.15191069288277664,1.5895469713054433,0.5937428215310745,0.9144227317571129,-1.049429021988344,0.10406674000269876,0.009796029372654105,-0.2198385507250899,0.27256488907109044,0.3488466515442298,0.08621390565293857,-4.658470763936557e-05,0.45337509246612345,-0.06328279639374841,-0.1224412047596826,0.1665879949870079,-0.02986690838791394,-0.04988955358362083,0.0002037879907265,0.05067384916296185,-0.014265229881149715,-0.0020289253392103282,-0.608651105126141,-0.10600835771966564,-0.1298172075939072,-0.24839922476072487,-0.07279288886861805,-0.03667324300044751,-0.41398210544073594,-0.8561999766995833,0.2771083426641747,0.35750585822114783,0.5388738879865391,-0.0990102487409929,0.0,-0.6619611800313682,0.7465466662670548,-0.971347810780057,-0.7562880088278261,-2.31548595021424,-0.3683711134923862,0.0,0.000573489045769976,0.0006555310211498757,2.973072008721786e-05
1,0.6900000000000001,-0.9297764858882515,-0.3681245526846778,0.0019209636105074089,-0.15357214766795385,1.588050428040938,0.5895435792561536,0.9134199121022394,-1.0499495750030234,0.0986225325561042,-0.005168623240028975,-0.216013409953667,0.27889894092720996,0.35606122882706653,0.0829316887797208,-4.658470763936557e-05,0.4444315134939375,-0.05034298511053278,-0.14157040256020564,0.15432817071525154,-0.05753688938773884,-0.04696718488089322,0.0002037879907265,0.0506825733336513,-0.014255856957466726,-0.002028544101156717,-0.8082228195656465,-0.10580731832399998,-0.08751469663047695,-0.2914581997729806,-0.06245575429201324,-0.03550548582747819,-0.3494269597014368,-1.0310419746910706,0.2843947713690692,0.43367158668221173,0.4305063215353904,-0.38878343407269034,0.0,-0.5528758097623074,0.9076085699193039,-1.304293292361411,-0.7351169116968952,-1.5350786890053933,0.39478880894722024,0.0,0.0005870529526658622,0.0006128896347307749,2.38120797182833e-05
1,0.7000000000000001,-0.9510565162951535,-0.30901699437494756,-0.010680995611847221,-0.15572440171864022,1.5864922123545084,0.5850355931599477,0.9125863836136356,-1.0504083753461047,0.09454691137100016,-0.02068813079599255,-0.2098074658510333,0.28626114943457837,0.3618731138946504,0.0724384353697302,-4.658470763936557e-05,0.4383740424967595,-0.03677792880223437,-0.15899702570175867,0.1491469983561185,-0.07370591859345224,-0.041184127956039505,0.0002037879907265,0.05069224519443103,-0.01424630934586141,-0.00202815888030966,-0.8112200908569739,-0.1818604449850813,-0.11448796541288091,-0.2975234798831908,-0.053024744499596294,-0.024187692610513213,-0.2031686903104975,-1.0077886056184509,0.46188758674646374,0.5384652283309601,0.37672070276716535,-0.7673215750841519,0.0,-0.2945985739921768,0.8549870105010369,-1.0717725242038854,-0.09020602220404728,-0.8243496649567846,0.29668818117208784,0.0,0.0006766096757053603,0.0006639090859044804,2.853710890208936e-05
1,0.71,-0.968583161128631,-0.2486898871648553,-0.021045548827642216,-0.15848178131107932,1.5853147420615574,0.5806593656246452,0.9119492518952336,-1.050760925775091,0.09227082352419377,-0.03465598778509782,-0.20299832515336091,0.2961487344154252,0.3659823566378297,0.06252088511476281,-4.658470763936557e-05,0.43608202835790805,-0.025479899067238403,-0.16968785216864854,0.15630133857539724,-0.07581925056130265,-0.04007717800660914,0.0002037879907265,0.05070285541642229,-0.014235168906562713,-0.002027614194027828,-0.6504148816465609,-0.11904179278356963,-0.03623365892663106,-0.29391806191237263,-0.032149817006965474,-0.034349104967226395,-0.2033101305261444,-0.9154470812581766,0.4111100179447083,0.7132226247554199,0.21291048244094077,-0.5721425888963997,0.0,-0.16653541248577458,0.7424010903267005,-0.48079235448866114,0.7091336470949003,0.20112219445799515,0.035872338715669326,0.0,0.0006946229333630552,0.0007710747406821669,3.919655010264774e-05
1,0.72,-0.9822872507286887,-0.18738131458572463,-0.03339349458093995,-0.15742010964445127,1.5857922965082214,0.5755720474308887,0.9118723983905138,-1.0516946507203406,0.08753025990535185,-0.05151908269907748,-0.19730510394042144,0.31004677932975894,0.36972467421998456,0.051359977337371535,-4.658470763933794e-05,0.4311459162241597,-0.010470259900342435,-0.17039051164785388,0.16934470549882852,-0.06611692425787001,-0.03869694909177031,0.0002037879907264,0.05071272434212649,-0.01422378940340216,-0.00202705407987154,-0.9391413761614378,0.11244836124849188,0.04686657626872,-0.3628197570621561,0.005572454917576863,-0.06500939891957734,-0.2878226985307279,-1.2441768497412393,0.41631600369209315,1.056950959622854,0.27330374530684337,-0.957064336854748,1.5471563656064443e-15,-0.3580772035747515,1.153359375604585,0.15664747406517787,0.8936351212774991,0.8032048701620093,0.051791902598434233,-5.1260701953916734e-15,0.0006514477416142239,0.0007367377946081726,3.503235516221218e-05
1,0.73,-0.9921147013144778,-0.1253332335643046,-0.0481582164676047,-0.1558449994890569,1.5871097050953578,0.569912722001535,0.9122105106775001,-1.0525710103850752,0.08525872218235823,-0.07080854586086763,-0.18916441835992256,0.329488605994521,0.3712948485238373,0.03275913239464895,-4.658470763933794e-05,0.42563122667569275,0.008085530810629947,-0.16322813032774303,0.18189269469638727,-0.051530943513215306,-0.04272996749136094,0.0002037879907264,0.0507228491574921,-0.014212508043870755,-0.002026524238055583,-0.9464246501710939,0.11925929294789381,0.10913534880328468,-0.3731274214430881,0.03222976917290504,-0.059547316461062545,-0.10958786267752332,-1.2514781932654748,0.5987606644573721,1.4064164282493137,-0.004447701567046783,-1.2744363023785996,0.0,-0.4099242458688444,1.2077401419226166,0.5962049633368501,0.7736720427854337,1.0225690273155281,-0.4403770999009538,0.0,0.00067480530287586,0.0007842967704353447,3.811974408539709e-05
1,0.74,-0.9980267284282716,-0.06279051952931321,-0.060573333221052336,-0.1539451370226328,1.588095669009817,0.5646067373758676,0.9129418598524551,-1.0534305105216462,0.08656933991122703,-0.08835426837446295,-0.17779170270870723,0.35618070334269053,0.3686758440906644,0.013612536320172137,-4.658470763933794e-05,0.4178414976789039,0.02431509657424926,-0.1539106761263632,0.19056171065951194,-0.03541930798217562,-0.05225630951338951,0.0002037879907264,0.0507333290282504,-0.01419954670062333,-0.002025832680268052,-0.7648674094542166,0.10465701492639806,0.026328717346072686,-0.34120071351746195,0.05452497296215037,-0.05082981407116085,0.2343669460390967,-1.1259731947695717,0.8385147197749951,1.9847393638308939,-0.27038777606524506,-1.3013332223190643,0.0,-0.5468732568203639,1.0109292925234028,0.5650144231868324,0.4702640797185695,1.0867549866956867,-0.6416542662832212,0.0,0.0007182470297494779,0.0008975204860935441,4.976377965435015e-05
1,0.75,-1.0,-1.8369701987210297e-16,-0.07078641781472567,-0.15355275251528164,1.5866666273006376,0.5598125692076913,0.913854121612543,-1.0538949765964176,0.09499418888013099,-0.10410350183595406,-0.1607772751862825,0.3918705942380261,0.3602034099610261,-0.010452908981638226,-4.658470763933794e-05,0.4101306925849541,0.037583334083460644,-0.1504454884302177,0.19576064531112647,-0.02025638093129579,-0.057242487186487494,0.0002037879907264,0.050745017135850425,-0.014184945162516024,-0.00202496297477185,-0.6419934871550566,-0.014985731070637224,-0.1788583410647286,-0.3058990561126045,0.062489796012575365,-0.019603337028755725,0.7329301898976407,-1.0062759824105678,1.3203770814286786,2.5730364422308707,-0.7017854541954313,-1.7549384175257636,0.0,-0.47260379189327006,0.8132588237814263,0.046221207812030485,0.31534230593352186,0.949644555180335,-0.16301614252402735,0.0,0.0008078550587932497,0.0010072837076707997,6.207035046452365e-05
1,0.76,-0.9980267284282716,0.06279051952931283,-0.07878446180889546,-0.15494478399139205,1.5808146711676767,0.555745597850491,0.9147950453895022,-1.0538071483751585,0.11216896869369275,-0.11745997637367522,-0.13590340102490509,0.43767681435697225,0.34663170895287565,-0.0374413174525587,-4.658470763933794e-05,0.40442038913903583,0.04716438727765624,-0.15315722033242563,0.199965868431027,-0.006684991972713541,-0.05775962610380126,0.0002037879907264,0.050757983386262265,-0.014168599964110368,-0.002023891716261788,-0.47480543920914,-0.11685639735112281,-0.47944361339025515,-0.25290155462887465,0.06306519008172805,0.015518751291878016,1.3174491412135132,-0.8171715282079319,1.794536769177762,3.244618462421038,-1.0257585629968946,-1.8156098124050672,0.0,-0.3587292605750418,0.5568912710030129,-0.259744727201839,0.24480022230248744,0.8759040435813966,-0.028538432319851426,0.0,0.0008842800662889162,0.0011290721764296765,7.604941801989916e-05
1,0.77,-0.9921147013144779,0.12533323356430423,-0.08491373379217845,-0.15559689649559863,1.5715772632368752,0.5523000819107247,0.9158711036827852,-1.0536976943881255,0.13354190521452355,-0.12806713947359435,-0.10660548084169523,0.4897355927238504,0.3261613574422739,-0.0652606822137924,-4.658470763933794e-05,0.3967727440435738,0.0544224538729763,-0.15876804360957203,0.20139374233194704,0.004653346103456124,-0.06002476469197315,0.0002037879907264,0.05077112903720922,-0.014150255854744623,-0.002022593892033782,-0.37956798500747657,0.010462023346595503,-0.6773293421664649,-0.21865458249175015,0.07628591656782903,-0.00014029028210662924,1.4455575764764064,-0.6677329797636672,1.958572471605999,3.5669556147150936,-1.5139274841224586,-1.7834174142388435,0.0,-0.6007104429172945,0.45364537851974296,-0.4333399393060071,0.027989241244634297,0.7054517052639969,-0.20022067969449994,0.0,0.0008609366462013771,0.0012598708566861397,9.089669786128737e-05
1,0.78,-0.9822872507286887,0.18738131458572427,-0.09044423957970232,-0.15459252203527987,1.56046273175185,0.549121433047603,0.917079446395051,-1.0537333380690779,0.15699370068563007,-0.13820689328920222,-0.07993024531049825,0.5466710900437632,0.3001058648408015,-0.08841409273516289,-4.658470763933794e-05,0.3865892279972367,0.06134150346041319,-0.16489392921333354,0.2010983843091203,0.01493555135072669,-0.06535892799838776,0.0002037879907264,0.050783897790579964,-0.01413055245548899,-0.002021141472828682,-0.37434828610120335,0.0747540084400612,-0.7422493374075857,-0.21154804158141144,0.08073718926010423,0.00034069719099240814,1.6316110979937755,-0.6905937383174497,1.6536260535876253,3.8757875196361606,-1.8270974902550305,-1.4179989830449538,0.0,-0.6922357801716396,0.482929620825724,-0.34778927794092235,-0.049763112425322595,0.6753893231382541,-0.4322779728520583,0.0,0.0008505102127776661,0.001313699243676408,9.674286096926722e-05
1,0.79,-0.9685831611286311,0.24868988716485493,-0.09544348490600583,-0.15281830027292015,1.5506643657142527,0.5459921181461612,0.9183077075022152,-1.0537510896208533,0.1823243957205117,-0.14819570482579422,-0.058758189570686514,0.6065947342392382,0.26869619759876334,-0.10860437206085034,-4.658470763928539e-05,0.37495647363398793,0.06808251893471585,-0.173023466246135,0.1986350210033555,0.024372783209313492,-0.06393527233543504,0.0002037879907263,0.050796392365329276,-0.014110266257756035,-0.002019682288012167,-0.2810992798847884,0.1699670827375468,-0.5958506473246376,-0.20107534459450963,0.08321819118787925,-0.007408599633230787,1.6570513249304681,-0.6150696832756295,1.2970792222238097,4.012698935722272,-2.2475866551677317,-1.4051259188340108,0.0,-0.8357905214916572,0.3900165592114285,-0.7229650524001774,-0.2032275927521312,0.5834291876411101,0.4674635132523274,0.0,0.0008033341936487643,0.0013882575922630515,9.994354168714596e-05
1,0.8,-0.9510565162951536,0.30901699437494723,-0.09912992019878233,-0.14921189577472366,1.5433742983051395,0.5429979505567208,0.9195536886532565,-1.0539272430939581,0.20683464336402146,-0.15679952445474651,-0.042007000713715124,0.6669054391710534,0.22786609927915277,-0.13082676299189008,-4.658470763928539e-05,0.362003923954096,0.07367776262580057,-0.18404254192230518,0.19613672569730148,0.031064738790487833,-0.05617927080710719,0.0002037879907263,0.0508079850452041,-0.0140886417351741,-0.0020181293483298598,-0.28082671295055756,0.23662487777965918,-0.43064690308375464,-0.20722750514255875,0.08036475637242083,-0.007472433611072532,1.66139252186819,-0.6070384192691473,1.020807704096836,3.99790501185282,-2.9813158601316934,-1.4063016744536074,0.0,-0.8393967128453025,0.4271123599062824,-0.6407362725864791,-0.1554421123422646,0.38040521614732514,0.40484928527550096,0.0,0.00077010515455818,0.0014377903561851,0.00010240475931661999
1,0.81,-0.9297764858882512,0.36812455268467825,-0.10488397968625847,-0.14632539943431788,1.5381794761543874,0.5396124776872231,0.9206145319113493,-1.0538452037717865,0.23351386899994492,-0.167121261619396,-0.028511592813988976,0.7279058814880336,0.17992715486320443,-0.15545506203618784,-4.658470763928539e-05,0.3502920999019011,0.08168862204017806,-0.19438164664872457,0.19422512035758535,0.03690927188887607,-0.047796842438850747,0.0002037879907263,0.05082008174675593,-0.014066938745218248,-0.002016605688081507,-0.3958556679012108,0.17476155054734155,-0.29903884821381094,-0.22739225211294856,0.06465845146039492,0.011780074732610217,1.8183680240333104,-0.687522945664198,0.8016693100179035,4.091102087590083,-3.139594507792323,-1.8063899661598017,0.0,-0.7332616659492557,0.5389081052827683,-0.7599956443329257,-0.06951938046161897,0.431946187204664,0.6953446982174537,0.0,0.0008292286531651555,0.0014531439588033861,0.00010116019634712
1,0.8200000000000001,-0.9048270524660196,0.4257792915650726,-0.10920009946498185,-0.14476023268503466,1.535499150678146,0.5363887082725352,0.9213443020558666,-1.0533255509284913,0.2628451830783072,-0.17611974163069133,-0.021711911995294497,0.7903908834403881,0.13761440269378145,-0.18140218475423817,-4.658470763928539e-05,0.3414351246544518,0.08834255935294695,-0.2048422580502755,0.19452773521704383,0.043994609506583036,-0.03730052076698687,0.0002037879907263,0.050833238287322786,-0.01404365402563847,-0.002014963549250332,-0.2280108018086427,0.06205024699362577,-0.11962216143684841,-0.20789727039261482,0.039906552937637924,0.04707957096828163,2.0297629936115125,-0.5567010278505725,0.3175862005550437,4.203735267736446,-2.6644107610347096,-1.6148321956818725,0.0,-0.5240709882641443,0.40104504209676506,-0.583678118318365,0.02187521599848822,0.4475576922668948,0.6124809297346093,0.0,0.0008957892040187421,0.0015955286307675722,0.00011339646915291202
1,0.8300000000000001,-0.8763066800438634,0.4817536741017157,-0.11223457478153816,-0.14404073694672453,1.5340886885430014,0.5333430207978207,0.9217884851338431,-1.0524325614533099,0.29475359359152736,-0.1840572578416084,-0.01699278152784457,0.8545808220484808,0.09687340054077251,-0.20677810147194794,-4.658470763928539e-05,0.33440346460029563,0.09439705339604736,-0.20825050209440665,0.1952916443651909,0.04817541817025567,-0.034246003578130076,0.0002037879907263,0.05084687413502366,-0.01401828872574219,-0.002013129987433062,-0.20279321478496276,0.06651489835134469,-0.10460322572883962,-0.1988177683069633,0.027003022113159372,0.060283045831667395,2.1255675273751655,-0.5160255180521165,0.3177217679210647,4.244346880031849,-2.794957408073531,-1.825843092433381,0.0,-0.47070666246082987,0.40599207700800216,-0.09069818429779627,0.07514726600255868,0.18582996466988874,0.00919782020451243,0.0,0.0008880690919299374,0.0017234144970868907,0.00012563713598103408
1,0.84,-0.8443279255020155,0.535826794978996,-0.11464262454100585,-0.14189086437093498,1.5322291778597645,0.5305954010511351,0.9221351903891176,-1.0516269552243247,0.32576317388942644,-0.19090082773258113,-0.01350525732302246,0.9165086608670324,0.053926912896811584,-0.23779807337319211,-4.658470763928539e-05,0.3258450487662183,0.09972633623274695,-0.21073349846983447,0.19611215890330658,0.04945638861029074,-0.03313839610512633,0.0002037879907263,0.05085944540565755,-0.013991036761403385,-0.0020111109436201,-0.12708260646885994,0.17816900284785914,-0.12156090697841106,-0.17378301991528727,0.01933891109306422,0.05139467186057657,2.0311841899937773,-0.4142470533000589,0.19411887609766765,4.051541039893318,-2.8492206638241018,-2.134171167822969,0.0,-0.6097287487053187,0.3217083652231208,-0.2579344658889887,0.04193577032527743,0.05843227293180725,0.21589628379749873,0.0,0.0008133575918909886,0.0018603514041085826,0.00013885988348129186
1,0.85,-0.8090169943749476,0.5877852522924729,-0.11684729447100434,-0.13842728143614874,1.5292604700492225,0.5281369820648164,0.9223542322677935,-1.0508728412636006,0.35594516849630986,-0.19668455546705135,-0.009345258570306636,0.974891097672016,0.011913339398678965,-0.2701261120578092,-4.658470763924516e-05,0.3157843299622148,0.10465940181903512,-0.21679559715939378,0.19636040436036145,0.05079482999072375,-0.028384063023961098,0.000203787990726215,0.050871116395078644,-0.01396226889414772,-0.0020089332263323353,-0.17609213209984945,0.2540233940229752,-0.2612540204683195,-0.1578750726248394,0.01329630461039038,0.04862071387279491,1.988143376869609,-0.3745186810213467,0.33771456327893035,3.7644092377071843,-2.7408132391516724,-2.1243399439555706,8.04675543265001e-15,-0.7077299023355801,0.3370147750777961,-0.4453175838715888,-0.0046730320333911585,0.1237229587456683,0.2759885165881391,-1.88744511107427e-14,0.0007605917354985701,0.0019161964581711451,0.00014600718366195
1,0.86,-0.7705132427757896,0.6374239897486893,-0.11796559165830159,-0.13424585574364453,1.5262009442610367,0.5261091158305494,0.9225400010164297,-1.0501388079581067,0.38408249857898624,-0.20071050566723206,-0.007413984000427902,1.026591980964538,-0.025693631709761078,-0.3001828338874987,-4.658470763923806e-05,0.30483220655060306,0.10790283565968725,-0.22160189902287866,0.1972073215930567,0.056417165645455035,-0.024930298051809057,0.0002037879907262,0.05088204925942108,-0.013932020210153523,-0.00200659831595466,0.02126324486089018,0.2620886959295265,-0.10059807337936093,-0.1237440488069897,0.010445117269453501,0.054618915539763606,1.820690250700357,-0.20951989591941608,-0.08074096623680863,3.2695167125736098,-2.2976590844925715,-1.9595648624142599,0.0,-0.6873561929390436,0.1340856788708365,-0.17530717685233502,0.12162019208525167,0.5175216293075036,0.19223343158098818,0.0,0.000722719020833814,0.0020632100839622102,0.000159764050025568
1,0.87,-0.7289686274214116,0.6845471059286886,-0.11647416193803008,-0.1317914500722686,1.5268696890933646,0.5242955121353333,0.9226255901256872,-1.048963382664602,0.41176338541070534,-0.2037131678908567,-0.012402387167626013,1.0712280133649572,-0.04357403316746799,-0.3266020982592739,-4.658470763923806e-05,0.29590382471700194,0.10988479597608858,-0.21911035286148287,0.19775769369435325,0.06095912498801741,-0.027399655049788293,0.0002037879907262,0.0508934006601903,-0.01389996390029773,-0.002004111750064164,0.06745343504147244,0.11797969524283891,0.037372535291197266,-0.12381803260183818,0.004594254563185444,0.0886872243998135,1.871836160958494,-0.2328408143228696,-0.3279083654938976,2.814179011726413,-0.46930064586663167,-1.4515250933795616,0.0,-0.5717048329204597,0.1893774371110427,0.26356797628640904,-0.062189876717913616,0.12722810794251022,-0.3437707222881933,0.0,0.0007771163956382857,0.002143284204253476,0.00016637234198106098
1,0.88,-0.684547105928689,0.7289686274214112,-0.11822143612886489,-0.130504342943025,1.5247360630664182,0.522290586788644,0.9227527675586428,-1.0474554501673372,0.440814055547958,-0.2088293627456583,-0.01404185956924246,1.108505007081949,-0.03244786687191589,-0.33236980498140933,-4.658470763923806e-05,0.2875744225983501,0.11521169167987444,-0.21580796243870703,0.19594232955617297,0.06350604637970723,-0.03380315895481032,0.0002037879907262,0.05090541106125048,-0.0138678615688406,-0.002001613107895064,-0.17838726896401796,0.10908781283734584,-0.21289076715743827,-0.1334758468326279,0.013742022077931564,0.09831948736487492,1.8977878614823667,-0.35880380786309757,-0.028319956475976467,2.2819358547560684,1.1636484287103892,-0.0008660750690574759,0.0,-0.588465311636509,0.40645134176730385,0.19164002537395558,-0.13091483471765936,0.23842450520447128,-0.41627628267366534,0.0,0.0007871927660056839,0.0021331608503766964,0.000166315712375652
1,0.89,-0.6374239897486896,0.7705132427757894,-0.11865084815257466,-0.12634306302324266,1.5221812882070629,0.5207560385388563,0.9232676240132006,-1.0464246454075243,0.46407095528291187,-0.21119238269616852,-0.015669735331354375,1.135032837152977,-0.011364605759598639,-0.33161899888873914,-4.658470763923806e-05,0.27498217251223606,0.11942331228243348,-0.21123880575304516,0.19301317622871506,0.06754077039288607,-0.04146644568074308,0.0002037879907262,0.05091632955245807,-0.013834520454198612,-0.001998994756708494,0.09979851746934842,0.3299405614344677,-0.1344023745175763,-0.07816160047713497,0.04206221456358586,0.05888484439336909,1.3834833709244967,-0.003506639183490784,-0.18121594001049718,1.4856938799493218,1.4329063144910887,0.016918753407394523,0.0,-0.920997790726139,0.15441363161464872,0.3712103587151805,-0.21177348521564593,0.27330298859556656,-0.5769492781013706,0.0,0.0007039077296436872,0.002268605989100229,0.00017903453957696794
1,0.9,-0.5877852522924734,0.8090169943749473,-0.11481479509037057,-0.12299123235459519,1.5199486434883593,0.5201327855034819,0.9238857499082179,-1.0451958946645472,0.4847623616800945,-0.20752826969287777,-0.01855948663813037,1.1501514962671904,0.0079384976860277,-0.33175470796686957,-4.658470763923806e-05,0.26330183648373234,0.11863371752842156,-0.2052080822720829,0.19078247488411515,0.07260942008875161,-0.05056090059874367,0.0002037879907262,0.05092733051832541,-0.01379890987293853,-0.0019961545416437598,0.2724723077654655,0.1710952928268599,-0.15781826173566474,-0.034147664864026456,0.0408765184841448,0.09283059480060424,1.3886078045955415,0.30129779324018374,-0.1513693871962178,0.7887398739266696,1.1516407577344538,-0.010206180154448354,0.0,-0.7048372778312793,-0.08332637917358106,0.42089916875815664,-0.12649680307994637,0.35949582383060114,-0.6259159338749702,0.0,0.0007531040508773101,0.00240498063737197,0.00019250046695924
1,0.91,-0.5358267949789963,0.8443279255020153,-0.1110524214099992,-0.11984132228981348,1.5178398018191044,0.5196143541510594,0.924636939774891,-1.0438686828346824,0.5038762389310838,-0.2028001516392434,-0.019441255493649973,1.1562236188991175,0.02170768542646225,-0.33184995178207444,-4.658470763923806e-05,0.2517536145628075,0.1179682350253703,-0.19889661316780044,0.18819813851724157,0.07682490274974606,-0.05994858249110442,0.0002037879907262,0.05093798022581484,-0.01376212038227525,-0.0019932233847585763,0.2851524247845587,0.23686945536761816,-0.13531096092775638,-0.024080747263749376,0.0543042660321426,0.08427580161474432,1.185818663977946,0.38867783294784697,-0.03301664139739264,0.19827124917631483,0.8301552690212319,-0.00551744252284248,0.0,-0.8040149325762015,-0.0941516238375359,0.37294316465162364,-0.16841481645120204,0.24807905077966289,-0.5377755192055482,0.0,0.0006845619886954928,0.002488956529706647,0.0001986950268584881
1,0.92,-0.4817536741017153,0.8763066800438636,-0.104807057838105,-0.11730535076938366,1.5154071578893509,0.5198114436181946,0.9254109284696465,-1.0423695437902638,0.5208861308353766,-0.19291063018679705,-0.019772685784731337,1.1525536614676708,0.031622955240151504,-0.3319409437136448,-4.658470763917381e-05,0.2415769495003207,0.11335095433782832,-0.19558201434122588,0.18786035335078652,0.08135318871618595,-0.06515626820448282,0.0002037879907261,0.050948683448971334,-0.013723150112976912,-0.0019900819482121003,0.43190427052695807,0.10796938775175696,-0.18181193247973007,0.02122460773309063,0.047692874343209735,0.11185521951380703,1.144507901280719,0.7159416111609506,-0.010305231364042598,-0.4534939388780522,0.5794624515820221,-0.006360349334703129,1.028076432858793e-15,-0.5811020167376246,-0.34506980607107945,0.1565014762587681,0.03579883379976427,0.33488580183421846,-0.31861833839794557,-1.7547341267018263e-15,0.0007380211264632361,0.002628044670190708,0.0002127239145078
1,0.93,-0.4257792915650722,0.9048270524660197,-0.09850454764775546,-0.11670221580395335,1.5112801521665613,0.5202465303056432,0.9260432456267941,-1.0405279196314663,0.5378213087085894,-0.1818136882782579,-0.0190337558592038,1.1398312738400198,0.0431051463720313,-0.3320258114555902,-4.658470763917381e-05,0.23318348085439428,0.10830305578805145,-0.19495028390302765,0.18679775461535306,0.08732730964027673,-0.0684094974145848,0.0002037879907261,0.05096017703410147,-0.013682447169078252,-0.00198675300336681,0.4325865851198114,0.03375299061125758,-0.3084486625442139,0.03654559559700874,0.04059285164847542,0.12281522361899178,1.0838187637681442,0.7747545477273727,0.07010379168814458,-1.0353607971857204,0.961487701738492,-0.0046261741462524965,0.0,-0.5910227862027202,-0.35464839290390576,0.006352092780166258,-0.15042356808379276,0.41523364625936526,-0.1475444046707275,0.0,0.0007619742499892829,0.002753242346932053,0.0002262917764063431
1,0.9400000000000001,-0.36812455268467786,0.9297764858882515,-0.09205459162022665,-0.11554493294749582,1.5084717434294572,0.520732945725718,0.9266561658000503,-1.0387292732692077,0.5519433813569112,-0.17079050905291546,-0.01987180019614073,1.1193634246282145,0.060728519560386905,-0.33211820155146454,-4.658470763917381e-05,0.22428794641514216,0.10306474105558598,-0.19368963497802053,0.18562284841921786,0.09418105376063912,-0.07091581002893961,0.0002037879907261,0.05097102406575549,-0.013640454826300686,-0.001983324476679836,0.4066461185511147,0.08490876266135014,-0.1121565000201922,0.025041540263610045,0.03990717578383809,0.11967660950872674,0.8708352160405222,0.6729337308447213,-0.14442229091838887,-1.5284988614388169,1.1321033396496982,-0.011390638614429956,0.0,-0.5624557457893554,-0.32071858584547513,0.13169575164997352,-0.00972794382062861,0.482686645444753,-0.19693947848333676,0.0,0.000711354811697458,0.002793755137271506,0.000227056878607998
1,0.9500000000000001,-0.3090169943749476,0.9510565162951535,-0.08701630175008072,-0.115690277433657,1.5074221653120898,0.5209363477632479,0.9271184122374145,-1.0367266132876647,0.564319219912208,-0.16209706356222842,-0.023153910878251093,1.0901731444609477,0.07241408989692479,-0.3327538650561588,-4.658470763917381e-05,0.2175746423130421,0.09927425707376888,-0.1910176411160207,0.18632600654572254,0.10041040769192623,-0.07428682382943148,0.0002037879907261,0.05098219468963361,-0.013598137321696914,-0.0019798869173859148,0.30500892686781855,-0.06241121253614661,-0.062213443321687864,0.010088249233341416,0.025376281775982914,0.14084428475104765,0.8047372538906801,0.5470102201335525,-0.2361982390335627,-2.1469394622451343,0.6423320670000169,-0.04581870640611477,0.0,-0.38050551838488583,-0.22873573811801254,0.18459381886156714,0.07781078295858983,0.35753063938577423,-0.23068465667612334,0.0,0.0007619892993909053,0.0028262461616507706,0.00022976266641260004
1,0.96,-0.24868988716485535,0.968583161128631,-0.08231681474690004,-0.1168447578640902,1.5069257294649696,0.5211333022250332,0.927401196731578,-1.0345679545650008,0.574896378831506,-0.1546789803835011,-0.028881037755430466,1.0529567731033995,0.08444994875084119,-0.32768837089649766,-4.658470763917381e-05,0.21225461310592003,0.09528537991397558,-0.1907904422534808,0.1877669096124844,0.10701904432244018,-0.07322091122208743,0.0002037879907261,0.05099367324983132,-0.013554547123080978,-0.00197633365454158,0.3094774984932208,-0.05369392269190834,-0.032985385623695004,0.014411759867298894,0.01741230049127245,0.13886358046153638,0.628970010905888,0.45067041813398895,-0.44594156283932207,-2.617918625414366,0.9027165229018419,0.6634914911169189,0.0,-0.39571562751416206,-0.2773286931270903,-0.11488362855861267,0.06164011976195403,0.5339860737578921,0.302949585363534,0.0,0.000736220907048917,0.0029256046367636115,0.00023892185956053994
1,0.97,-0.18738131458572468,0.9822872507286887,-0.0793033888314646,-0.11700015241286187,1.5061018365037813,0.5211025684614249,0.92763581186574,-1.0327148178145487,0.5823769321851664,-0.1504482955901118,-0.035954795094317336,1.0096062110468786,0.09808597107735488,-0.31041033195543616,-4.658470763917381e-05,0.20298988244024244,0.09355154388882914,-0.19084555954846058,0.1836650743370293,0.11490622345561222,-0.06989224509341767,0.0002037879907261,0.05100444855805452,-0.013510800995306143,-0.00197276457205091,0.14537580274392903,-0.02085098169168714,-0.027954595155444684,-0.01435741696908737,0.012579646189835817,0.1204783425600388,0.4573333632531645,0.18307246989838633,-0.515336725801733,-3.0145543188992603,0.8526263022951444,1.2148093721123618,0.0,-0.6917357878480614,-0.014102884086332479,0.18047455145874938,-0.45328078104773173,0.45105484069531543,0.03152617195105131,0.0,0.0007203840572934069,0.002900475530315832,0.00023615532402750802
1,0.98,-0.12533323356430465,0.9921147013144778,-0.07745193394808261,-0.11807708436691335,1.507112621344988,0.5207454800748307,0.927694311214831,-1.0307873599813695,0.5881669657515923,-0.14898347300284578,-0.04563228960456743,0.9601194259287156,0.1075862400847108,-0.29531003262566147,-4.658470763917381e-05,0.19398016874364368,0.0938196016075135,-0.18621991341816527,0.17776101452581056,0.12050557740172896,-0.0710062607756734,0.0002037879907261,0.0510157633429741,-0.013466627125035368,-0.001969181389794172,0.11965299335673199,-0.06961396098534109,0.07136704615679204,-0.021719339468137026,0.0013354567317032699,0.12795278533898016,0.32187062727191584,0.09385910796151943,-0.6625489503981715,-3.422336532724667,0.5315741889993264,0.9377848863705587,0.0,-0.5587612530930249,-0.0016821651626351027,0.2383909883019245,-0.30338856755567806,0.3612314951430749,-0.02641450439704285,0.0,0.0007483150176981639,0.002962984086608412,0.000240869972542146
1,0.99,-0.06279051952931326,0.9980267284282716,-0.0762604023133436,-0.11945110565339859,1.5078363463396163,0.5204401173628591,0.9276195062317096,-1.0288131556716957,0.5916982141056772,-0.1480090583367246,-0.055668637992514286,0.9047892436955819,0.11063087911659086,-0.28110742119334575,-4.658470763909773e-05,0.187044127679118,0.093402937986836,-0.18727763161719635,0.17573580670980096,0.12660836730425623,-0.06598213972474923,0.000203787990726,0.051027241967329016,-0.013421698761809236,-0.001965502437157351,0.04627253115559389,-0.12784309400851268,0.043344924480604397,-0.0228262074780528,-0.009702976808343334,0.13685962830810894,0.22145192307789346,0.03569308389810868,-0.6589693693881257,-3.8012139249806967,-0.048967986592437285,0.9068677270168526,0.0,-0.39315534459384244,-0.023193307135807688,-0.23019563890205422,-0.0775830879207891,0.412039671582658,0.5613535690631237,0.0,0.0007899577631395286,0.0029966683215173337,0.0002456119117502
1,1.0,-2.4492935982947064e-16,1.0,-0.0756649716745231,-0.1220866312608568,1.5082660138911266,0.5201414903677636,0.9273566278557404,-1.0267047960093278,0.5943921805213329,-0.1475211447251756,-0.0653713022607024,0.8445255376328571,0.1050894412313954,-0.2663670385519794,-4.658470763909773e-05,0.1810265920780989,0.0931445338023817,-0.1915462367746652,0.1727583378460188,0.1316130279343633,-0.0553767521738417,0.000203787990726,0.0510395648600416,-0.0133755524013254,-0.0019616984544062,0.065646727903047,-0.1833657025978581,0.0346628003544852,-0.0150563861947207,-0.020492484882692,0.1383185894081435,0.1378680467663922,0.0444237521423255,-0.6869940548908685,-4.096767841348643,-0.3733459780961956,1.1176206597289355,0.0,-0.4405823724577343,-0.0277361681502004,-0.1962583444462653,-0.2941211331278909,0.3117986105750857,0.6422705647240257,0.0,0.0008179536809516,0.003115457622677,0.0002576792054724
2,0.0,0.0,1.0,-0.0753332852685444,-0.1229260646604156,1.5084999164001796,0.5200674187456562,0.9272481227789052,-1.0260437174095136,0.5947425142761149,-0.1474124934492293,-0.0692182167975924,0.8235984385806588,0.1035797675564073,-0.2601197525647938,-4.658470763909773e-05,0.1785249084405288,0.0931048256412752,-0.1919494447898055,0.1708922680024729,0.1331989880211466,-0.0527928712940537,0.000203787990726,0.0510435779226986,-0.0133597466371706,-0.0019603886566319,0.0663395998703669,-0.1678925480235927,0.0467821369207595,-0.0148148422237965,-0.0217017738785733,0.1322203412742754,0.0700691999864918,0.0217310147228175,-0.7694097994754375,-4.185566102638548,-0.30194528846617,1.2495008694817595,0.0,-0.5003542156904585,-0.0079419098036864,-0.0806444216789915,-0.3732270135875153,0.3172031041101448,0.5167942387390085,0.0,0.0008026405849555,0.0031612633221367,0.0002619687110759
2,0.01,0.06279051952931337,0.9980267284282716,-0.07584069560674772,-0.12481439188535097,1.5090479309874487,0.5196621130143257,0.9268684204449404,-1.024064101904214,0.5933756122668817,-0.14846104143654965,-0.08285131231967502,0.7500995862108237,0.09494127559347458,-0.23882512313934384,-4.658470763909773e-05,0.16876101758861678,0.09461174097286108,-0.19465049972797266,0.16449268419086543,0.13917257611915798,-0.04284822172690276,0.000203787990726,0.05105698682883808,-0.0133060086585873,-0.00195593910582828,-0.05922964849711176,-0.09487417046151599,0.024228569677763597,-0.02409697254488866,-0.02378143894363124,0.11132364134499503,-0.14133069110975846,-0.07045242511741345,-0.8002308592061511,-4.375542272352964,-0.6408523184309196,1.2498518354924255,0.0,-0.5760716637314963,0.1031961679776974,-0.2762116151064093,-0.32984607082279355,0.39154200603273576,0.7438334857881982,0.0,0.00079266559313586,0.0031756111060539,0.00026321259464434003
2,0.02,0.12533323356430426,0.9921147013144779,-0.07659269600365694,-0.1258731681525496,1.50928034277541,0.5194431359781171,0.926418926980531,-1.0223724627947268,0.5888059477723198,-0.14888579295869672,-0.09844747604641328,0.6743514983467426,0.08587167094026651,-0.21364617399306204,-4.658470763909773e-05,0.15810529670750553,0.09593964303352694,-0.20023030340568418,0.15862693468364814,0.14548742537945833,-0.02919897042850556,0.000203787990726,0.051070255206174725,-0.01325032535161766,-0.00195128701495962,-0.04388519014054206,-0.04083615516913716,0.022127841309152727,-0.00974030338917202,-0.0276882858203053,0.0924865721103634,-0.3379524584103711,-0.01927716671163922,-0.9814979215040123,-4.47383019366587,-0.4348885969713824,1.6575704738189547,0.0,-0.6465817949945757,0.07830816879082433,-0.30465994384703027,-0.33297430665405664,0.3349067934394554,0.72696706770038,0.0,0.00076687254563542,0.00330961555621284,0.00027659455363257995
2,0.03,0.1873813145857246,0.9822872507286887,-0.07790447195633438,-0.12742648232668582,1.5109898427625008,0.5191887512533224,0.9258014372420958,-1.0207102703887974,0.583301481001451,-0.1498592829035196,-0.11505732344848375,0.6001532683294725,0.07868960218109554,-0.18027742839418504,-4.658470763909773e-05,0.14973929339024783,0.09723957453074604,-0.20763112048076712,0.15670648353213407,0.15249666923402788,-0.01266834190162282,0.000203787990726,0.051084580215497895,-0.01319358070857358,-0.001946563494629,-0.08686189403156794,-0.12076300707272805,0.1256359526640729,-0.01489765612402014,-0.04114891026523114,0.09961524781192994,-0.30410612957889677,-0.059676060586919974,-0.9716421859289716,-4.287448862560371,-0.4312512204420982,2.1487939811247188,0.0,-0.44965790427154945,0.0764269361812277,-0.45804514755705916,-0.08178369404051217,0.4571846592976114,1.0617570751010488,0.0,0.0008870301785533601,0.00336888364001736,0.00028044592120862
2,0.04,0.2486898871648548,0.9685831611286311,-0.07863921254076904,-0.12872938202853143,1.5131833810328195,0.5191633428211894,0.9250779792515876,-1.0193317748492468,0.576879774773334,-0.14954746242985098,-0.13146008993014102,0.5298174076345628,0.07272902214781857,-0.1365417740341073,-4.658470763905362e-05,0.13945712136009503,0.09863472586630956,-0.20711573048074547,0.15174261620993215,0.1604553209138811,-0.0055714125150361,0.00020378799072594,0.05109978254699206,-0.01313451044477246,-0.0019416187461776,-0.03554129543163432,-0.05557301044097552,0.13929482073721602,0.00280126467559262,-0.04303447893304084,0.07206090557287058,-0.41752215373109225,0.04755209603544914,-0.9226650663664722,-4.052802166181148,-0.33070918923010284,2.7491125190104166,8.821377196519115e-15,-0.6555053682083054,0.0920199317397153,0.25866626844879315,-0.342535400670747,0.46853374761835087,0.111900036135175,-1.2919804655078881e-14,0.00090930607847316,0.0035214744430668,0.0002951734239043
2,0.05,0.3090169943749474,0.9510565162951535,-0.0789169520545838,-0.1301168476045142,1.5173300594514818,0.5192580177339439,0.9242760018282842,-1.0181045702455167,0.5696583659592817,-0.148471791426281,-0.1456278338269522,0.4641657400126544,0.0652441254166478,-0.089165516370421,-4.658470763902422e-05,0.1308451831705159,0.0991160890218157,-0.2035360840367205,0.1503672120567276,0.170240540993644,-0.0002559519440557,0.0002037879907259,0.051116578590771,-0.0130737851929726,-0.0019365600831271,0.023343214748935,-0.1207015916046593,0.3147919327218312,0.0105528251075683,-0.0511625891361887,0.0770623934141497,-0.4076429537659086,0.0862093343801696,-0.80362638023161,-3.747275664996642,-0.5045980717088385,2.748163905138457,0.0,-0.37195095766724,-0.0478850162227574,0.1270322040613489,0.1181981622622666,0.6648684989654616,0.4917356872079294,0.0,0.0010360157227124,0.0036193106466029,0.0003011903761502
2,0.06,0.3681245526846779,0.9297764858882515,-0.07833317943925064,-0.13273509041244824,1.5206496838303563,0.5197550435084388,0.923328294951978,-1.0168522762822363,0.5631259373061737,-0.1456650135181447,-0.1545949217186288,0.40499460982368074,0.05666805391067808,-0.045257264466737834,-4.658470763902422e-05,0.12659877446190904,0.0970496760859211,-0.20707288398723875,0.15651872270985967,0.18212712531710126,0.010452782578384756,0.0002037879907259,0.05113522959032906,-0.013011103377204281,-0.00193129438217378,-0.0038599789020759435,-0.08457577625208394,0.08856431225346263,0.03624100641930672,-0.05182753306668357,0.056162973643209727,-0.4449530237576148,0.17964403443914814,-0.34965222955083897,-3.310574495015982,-0.4523955268024146,2.4991210604629663,0.0,-0.3068779282588819,-0.11082559622583239,-0.4159896928294046,0.4335314682495449,0.6865369975043938,0.7483527292644654,0.0,0.00109571448265088,0.00370484839190188,0.00031293125191512
2,0.07,0.4257792915650727,0.9048270524660195,-0.07799457796539763,-0.1325468595293144,1.5224011888766498,0.520539257493859,0.9225410352112818,-1.0163747324549992,0.5543425889807502,-0.14227443981436966,-0.15969112959750673,0.35535554595528956,0.051108718336428556,-0.007445923400898372,-4.658470763902422e-05,0.11813332644766145,0.09517425542076131,-0.211325715019274,0.16075311423822397,0.1927326070888845,0.021298421292702183,0.0002037879907259,0.05115355855759072,-0.012947346269102801,-0.00192590169173482,0.08788621087301329,-0.03006311585210958,0.18515734087666902,0.05324721698303702,-0.049754623103531674,0.029158738264376427,-0.46605719572423043,0.2306723953788683,-0.33570528531145044,-2.6950523026085094,-0.3041391521486223,2.013952765582136,0.0,-0.4961223549212662,-0.15331346664116785,0.0006208088908997988,0.1496525287773539,0.616063100984069,0.42825556489603145,0.0,0.00109923554801242,0.0037886866724798603,0.00032058470835036004
2,0.08,0.4817536741017153,0.8763066800438636,-0.0751799961436348,-0.1347390630797198,1.526528277295747,0.5216474109463638,0.9215688196847539,-1.015820630945443,0.5486938455753504,-0.13755338002235426,-0.16388362233732212,0.3170526506463481,0.0465172330184704,0.020296436734217993,-4.658470763902422e-05,0.10962649567874033,0.09209066226425339,-0.2047395588143249,0.15964673891704365,0.20277470645690235,0.021148043482806522,0.0002037879907259,0.051173143581304655,-0.012882083184576761,-0.0019203586721244599,0.16271849217244466,-0.12698005812352295,0.2282886390505877,0.06923387482539177,-0.05724230712759365,0.025827129024273685,-0.3035458875555141,0.2753034315924237,-0.16737561830787814,-2.0029029541772467,-0.20691892410334276,1.4782136124694008,0.0,-0.5432219975938273,-0.1710271908563053,0.44267339225024693,-0.1354403076328083,0.5838322151465485,-0.06589889057540131,0.0,0.0011796683140508002,0.0038555222595552203,0.0003286611730226
2,0.09,0.5358267949789967,0.8443279255020151,-0.07340795325818104,-0.13667407371497806,1.5297867989271396,0.5228533564866078,0.9206146451897004,-1.0154939724107785,0.544455698597737,-0.13385247136576733,-0.1643051059612093,0.29035691333521396,0.04450595522389378,0.042089041559715185,-4.658470763902422e-05,0.10184335903819906,0.08923465752906798,-0.20183370382612204,0.16117450827033575,0.2144165147599532,0.025628729471699543,0.0002037879907259,0.05119387089352964,-0.01281656277458618,-0.00191475921622412,0.08690402435657422,-0.15306496946309123,0.18595046962814216,0.07249069987791232,-0.05860529921452368,0.023029276499673845,-0.18133776561032583,0.19853725093778177,0.06423708910742379,-1.3562773446695504,-0.11133734538695222,1.1580324311220118,0.0,-0.37371230839082065,-0.17224958829024448,0.06184564920924614,0.1853696029049387,0.7094952336151219,0.35314026641799806,0.0,0.00126686130271548,0.00386631548772578,0.00033085883828662
2,0.1,0.5877852522924731,0.8090169943749475,-0.0710402192491173,-0.1396026317839628,1.5326227843065785,0.5243888726609269,0.9196094471614472,-1.0152443880386095,0.5415758301815108,-0.1293552046874196,-0.1590012412193469,0.2728048673151831,0.0418975159274979,0.0581197167190885,-4.658470763896272e-05,0.0949660267646346,0.0854317052982542,-0.2005358084774569,0.1628224639024202,0.2250645031970692,0.0290322307873123,0.0002037879907258,0.0512160016142628,-0.0127496240910853,-0.0019090002656065,0.177450354309838,-0.1446951240867081,0.1515727739948922,0.1027090945558494,-0.0568214201714699,0.0034793937750821,-0.2124989982804448,0.3132679704569842,0.4795846152637387,-0.8532147087811204,-0.165332614332216,0.828687837567033,1.2300703576021306e-14,-0.4438928152277222,-0.2639798968633362,0.1088889164520149,0.0954732039113397,0.6162597661936715,0.0774570180753095,-2.0025914063385944e-14,0.0013067950171843,0.0039891688526573,0.000344621117694
2,0.11,0.6374239897486896,0.7705132427757893,-0.0678832197851018,-0.14158397458393526,1.535530807842891,0.5262595860109903,0.9186692742418797,-1.0154469929265297,0.5374003491303382,-0.12421353768288594,-0.14869127675498178,0.2642140262676926,0.042191510273790464,0.06810045199515094,-4.658470763896272e-05,0.08683280858394815,0.08073427717132249,-0.1981076537232548,0.16502997286874196,0.23727329250967683,0.03174422490032092,0.0002037879907258,0.05123909110365654,-0.01268081980363572,-0.0019030301525503601,0.18640219666574503,-0.10926776411394955,0.19110114774977763,0.11214660022448503,-0.05541287540648914,-0.018717602807061307,-0.24724627140324087,0.2787549331014451,0.5666332936119016,-0.32348539092251205,0.14049965018156904,0.46198166324001255,0.0,-0.5112464704467814,-0.27802543780998457,0.17749896778334776,0.08676018792943059,0.7585174686135701,0.24127850630264297,0.0,0.00138790959562544,0.00406604416239238,0.00035313018827682
2,0.12,0.6845471059286886,0.7289686274214116,-0.0652404448890804,-0.14368249196731858,1.5394108475952446,0.5281445483585123,0.9176902159548462,-1.0158994289654888,0.5334589649125246,-0.12064505821951209,-0.14069813438243883,0.2636909777679891,0.045577774351898116,0.0704337972547758,-4.658470763896272e-05,0.07782939774044538,0.07653081066221624,-0.1931491976808298,0.16544066893707648,0.24900699383880814,0.0334237084095151,0.0002037879907258,0.05126364990869422,-0.01261144787300426,-0.0018969992456383,0.10873607959934908,-0.15181764391377467,0.24581279711300136,0.10563478380089851,-0.060000422260900035,-0.027313025408498042,-0.20981674107555795,0.1603729669412768,0.5108127929411924,0.10862731131602757,0.15937967094324865,-0.1026353632614349,0.0,-0.49004919601856484,-0.1972184195395964,0.34853853218571845,0.06295979742293525,0.6468060896424886,-0.07432656500678775,0.0,0.0014827482496176,0.00407654368967506,0.00035421385723916
2,0.13,0.7289686274214116,0.6845471059286886,-0.0639610896430685,-0.14694972460501868,1.5444245295028725,0.5299010656682328,0.9165947444658243,-1.01642383461262,0.5299653928287754,-0.11882797270830052,-0.13211119308882247,0.26908161257523705,0.047666092700789746,0.06370373229323634,-4.658470763896272e-05,0.07052923418694024,0.07365369446876564,-0.1856411411238272,0.16773618326482156,0.2613281060896242,0.030850073298705965,0.0002037879907258,0.05128975300655768,-0.012541765831854481,-0.00189094213217558,0.10025923008474995,-0.17331627349125506,0.3307291287561184,0.10906840437152551,-0.06435857128009687,-0.04045206733463783,-0.25630420402470916,0.10668716796923063,0.4125384299414529,0.4146160778122408,0.1545741969971644,-0.48567603358214845,0.0,-0.4681700820013946,-0.20915650416046747,0.4128845841717828,0.1058432093651816,0.7513464750700181,0.003117610311919053,0.0,0.0015348001301908399,0.00413405215920936,0.00035977476545518
2,0.14,0.7705132427757893,0.6374239897486896,-0.061322142720621316,-0.1483526245799239,1.5513279953218815,0.531992532056445,0.9155624911983097,-1.017560489962804,0.5225796987975561,-0.11668467537389461,-0.12961790517150837,0.2774846694336566,0.05108022995189896,0.052262356690336804,-4.658470763896272e-05,0.06069206515683469,0.06812916554891517,-0.18249782831620073,0.16937319968928838,0.27310583527580956,0.03800693766506507,0.0002037879907258,0.051315156609508576,-0.01247064932713942,-0.0018847539055999,0.15058940598368337,-0.07694925719180509,0.4473764884136242,0.12431682564130854,-0.06186759730022191,-0.07282028531472955,-0.48167957415841284,0.10609761407480005,0.010638639721215176,0.5195984308580631,0.17768964867953135,-0.7709815860061868,0.0,-0.5666251779876489,-0.34730040730743633,0.1587218973441803,0.14605224167507222,0.6793974721081659,0.4797914587666302,0.0,0.00149850742025672,0.0041896992929402,0.00036405005669374
2,0.15,0.8090169943749475,0.5877852522924731,-0.0588144895007905,-0.1513042056617551,1.5598379148585506,0.5341575408608227,0.914323725011574,-1.018654402580502,0.5152093879424422,-0.1151080536536439,-0.1333574661189877,0.2854549770368563,0.0478613770767175,0.035957594022843,-4.658470763896272e-05,0.0526611595455583,0.062027416908876,-0.1776715812365036,0.1716951954824933,0.2849462000811743,0.0455351393244464,0.0002037879907258,0.0513413833663177,-0.0123989217534894,-0.0018785200353967,0.1811546681184226,-0.2158782289665996,0.5091340415374856,0.1375969162096945,-0.0789152466121249,-0.059639139910574,-0.4138649505275708,0.135974874073583,-0.3597292620077171,0.3790690431063026,-0.6076660977938431,-1.12036524131084,0.0,-0.4142580100946995,-0.4134362623834208,0.2481402678091484,0.1701951263491916,0.7150363353419595,0.526205104312514,0.0,0.0015635649702053,0.0042607883346468,0.0003708993022567
2,0.16,0.8443279255020151,0.5358267949789965,-0.05201459895809915,-0.15645459535759798,1.569687900436252,0.5371600384180828,0.9128440887039367,-1.019297334276751,0.5101928522471586,-0.10977716835080778,-0.14875071486134586,0.28684415044549094,0.01787701175882888,0.013009266123418068,-4.658470763890981e-05,0.04978041867021082,0.050347555633228375,-0.17536487718783264,0.17924056826087012,0.29639912427749315,0.05316287670957358,0.0002037879907257,0.05136842628027124,-0.01232489791561252,-0.00187205490804546,0.5433915080862644,-0.33757409436431934,0.6109261313051851,0.20005147929843634,-0.08836153039784389,-0.030407413934472407,-0.22225453854573005,0.41935457772876145,-1.2315523882332422,-0.03878718034819404,-2.1119062902083563,-1.326168923434706,6.350123020613712e-15,-0.12318766238187288,-0.8176419900000645,0.2903069485655973,0.429560437493377,0.6074206422381341,0.11377724163347408,-1.2519720069838479e-14,0.0016002424612988999,0.0043973223645960005,0.00038473881095192
2,0.17,0.8763066800438637,0.48175367410171516,-0.04016974616075933,-0.1613742430525792,1.5779584004977627,0.5412120031773338,0.9114753379506189,-1.020042305119747,0.5074311332085825,-0.09985141288207376,-0.17054153055418447,0.2877947210387314,-0.004696726169483091,-0.0028024865257409363,-4.658470763890981e-05,0.04572905093184978,0.03542769666794196,-0.15911027821584053,0.1840167024826307,0.30745922029377454,0.036680483163272576,0.0002037879907257,0.05139564005814396,-0.0122490462615125,-0.00186537275360676,0.7285090215752646,-0.26125853256800763,0.40062307326900326,0.254455507930355,-0.07428898750570617,-0.049289982271332446,-0.11669362660737403,0.6430298051102571,-1.094915652162768,0.2219773549276699,-0.6948273118323127,-0.7357017803660357,0.0,-0.2131626082812254,-0.8970351374907889,1.1185807824830345,0.3917160142754326,0.7168691596445309,-1.3444403318451523,0.0,0.00161125549473198,0.00449693233448632,0.00039850388809532
2,0.18,0.9048270524660196,0.42577929156507266,-0.02693270564863811,-0.16503555700974237,1.583895013561763,0.5459664877751474,0.9104905376332939,-1.0209414439860622,0.5069957858494925,-0.08723249002955501,-0.17987186874234848,0.2999367407945736,-0.0016038528353771475,-0.013366947441818954,-4.658470763890981e-05,0.04514351803757292,0.01817017562217769,-0.1451088399625727,0.19794700277990881,0.3204785365885108,0.01670041542096953,0.0002037879907257,0.0514230710556607,-0.012171933026113699,-0.00185849714936754,0.8238743606197325,-0.17107243679499257,0.33505584999128574,0.29498497487250164,-0.04695723658388038,-0.0599764194599415,-0.0191009789746881,0.8196245877252583,-0.2651102879643227,0.9584125058572671,0.5881364370920459,-0.597228302685515,0.0,-0.00077595592247744,-1.0820673388413744,0.7441483657785061,0.9710719567968239,0.7897180286457826,-1.07280029618318,0.0,0.00161107308439818,0.00456976123553946,0.00040793875020362
2,0.19,0.9297764858882513,0.3681245526846781,-0.013656112163783908,-0.16632199561178537,1.5876428380936145,0.5511345478579883,0.9100625920054143,-1.0222022647404228,0.5062905025522805,-0.07275540785411487,-0.17799489534324658,0.3202982363960132,0.015847100651054602,-0.024772915366702977,-4.658470763890981e-05,0.04481508697071374,0.0007074030049880236,-0.13113758777401766,0.21745471667317642,0.333085708955449,-0.005456460070707075,0.0002037879907257,0.051450249280553556,-0.01209426321814812,-0.00185155309844086,0.6990309091573133,-0.06311406314683068,0.125507367880143,0.2997799919971685,-0.01620296381775836,-0.07224960947572523,0.003247770336991411,0.8083498237291988,0.25023620239484345,1.2744629892799788,1.1087326083038438,-0.7435865766002667,0.0,0.027096345208246636,-0.923655990402983,0.9178492630679373,1.2632915589735312,0.667013784496035,-1.6548758928282041,0.0,0.00161192246745306,0.004543395986178539,0.00040645849673546
2,0.2,0.9510565162951535,0.30901699437494745,-0.003465085493911,-0.1674109877323437,1.588130892024844,0.5560660801443852,0.9100538870628264,-1.0233485550706798,0.5062999988881416,-0.0601577570458257,-0.1732534576657489,0.3401445444829485,0.031695883865456,-0.0362410844973919,-4.658470763890981e-05,0.0464100323636833,-0.0116672454433572,-0.1052893600462906,0.2403316039641443,0.337843130114162,-0.0582972846320548,0.0002037879907257,0.051478407397776,-0.0120179096284739,-0.0018447017806914,0.5515988643686843,-0.04348080456565,0.0266912715459655,0.2818998624577109,0.0102780271432088,-0.0690565760694664,-0.0668377747821601,0.6901270050882552,0.2559017115982522,1.053070986094854,0.8618903253855609,-0.5329483448009896,0.0,0.1317153974982398,-0.6478158448883858,1.741852953307109,1.4373680082218567,0.0482396062803495,-3.65408440286334,0.0,0.0016692008937775,0.0044602648565155,0.0004002492775671
2,0.21,0.9685831611286311,0.24868988716485496,0.0034631061296304328,-0.1682679022899811,1.5916855160861494,0.5602524985490337,0.9105045931598941,-1.024317009497178,0.5029097993405754,-0.051257177202671006,-0.16946991897821798,0.3535456262362469,0.045526868835289384,-0.04577744401536993,-4.658470763890981e-05,0.05543156384323762,-0.02084223665603985,-0.07553606569633071,0.2774119614260022,0.3389022607946956,-0.11337902191432231,0.0002037879907257,0.05150741429813968,-0.011942726906219999,-0.00183798910189758,0.3768063708420194,-0.05571896675922019,0.3460609178520545,0.23340700946688317,0.035014635494853306,-0.051745259979726975,-0.29947084748401664,0.4931430023059683,0.16246482498038964,0.6072843544894619,0.7380929779428524,-0.6694869564423573,0.0,0.7479310559975044,-0.53142857429263,1.8199729945237952,2.5873862779179753,0.08265721380176286,-3.1244676048978013,0.0,0.0017250351242237198,0.0044104746025012,0.00039235168588128
2,0.22,0.9822872507286886,0.18738131458572474,0.009845958682507663,-0.16928509423507102,1.6014792141411949,0.5640593084824788,0.9113589229085973,-1.0249792429754212,0.4954931117175619,-0.042833635883596656,-0.17010094586833382,0.3590896397148501,0.056477083082288666,-0.05867274499215613,-4.658470763886204e-05,0.07469843580277283,-0.031878904036259946,-0.05052523774990629,0.33188125476873676,0.33499686459696937,-0.1595016087363874,0.0002037879907256,0.051537161810214165,-0.01186809234097116,-0.0018313994561323201,0.34485573804915576,-0.08726265725622928,0.6888808157039723,0.21355126500336896,0.05602273200023713,-0.023230288663183288,-0.42659583111737875,0.4470585404435065,-0.13840919665211648,0.2446147801004623,0.6297633453362238,-0.7610045234855433,1.9107020605415022e-15,1.3940829413840607,-0.6917082639965257,1.213038359320468,3.5320796157973104,-0.43517479838629924,-2.32859232253017,-4.043131215071224e-15,0.0017679307780254,0.00437304219433244,0.00038479591943036003
2,0.23,0.9921147013144779,0.12533323356430426,0.013986093618353587,-0.16963025261657075,1.6147411025235556,0.5671371487199938,0.9125858097647522,-1.025404403995678,0.4860686108788543,-0.03784829151286585,-0.1762596559004472,0.36119590347252606,0.06715957619823636,-0.06806611931527468,-4.658470763886204e-05,0.10067350630705135,-0.04043084452679346,-0.024790018464876034,0.3967188793856471,0.32110876520674597,-0.2027184392383029,0.0002037879907256,0.05156699104999286,-0.011794319648887339,-0.00182492657317102,0.22423248943444568,0.05406190055982667,0.7858685557225429,0.1719605313119748,0.0833167070961253,-0.03641362706272303,-0.6959551521941121,0.27087554524088914,-0.4513291992083653,0.029147856983430604,0.621973362192783,-0.45951581812954306,0.0,1.5166976267157244,-0.4196099319116606,1.6687094720510318,3.936683563077027,-1.0154398851586157,-2.7253913835212846,0.0,0.00173250415825734,0.00434680604860128,0.00038175566958972
2,0.24,0.9980267284282716,0.06279051952931353,0.0168901561883511,-0.16806011067427737,1.6275358518771368,0.5698490724204277,0.9141888502714595,-1.0259765575514566,0.47258469902495337,-0.033899650852124846,-0.18420146778238009,0.35966316038737073,0.07648134161372871,-0.07482644783629404,-4.658470763886204e-05,0.1289187666449324,-0.04615130706290972,-8.220616157577146e-05,0.46854435008144,0.2969035722485389,-0.24685573320910492,0.0002037879907256,0.051596643891496964,-0.01172062312012126,-0.00181843892856536,0.11005677483861975,0.07486488042383595,0.7125070906057268,0.14935822114779412,0.09651391858633579,-0.023921933749892002,-0.7783982764024054,0.16695915849306076,-0.49770776667438,-0.1227866130329322,0.5223183476511223,-0.26321263772009096,0.0,1.7744757148989712,-0.27393869018876416,1.2860884017941412,4.350614994933779,-1.6702371850429547,-2.457279510302208,0.0,0.00177183496575078,0.00431046655685576,0.0003799745421948
2,0.25,1.0,6.123233995736766e-17,0.0201498345149819,-0.1678933566498242,1.6364188471856966,0.5729124463303655,0.9157877315236382,-1.0260562813668634,0.4601858555489241,-0.0285814555240823,-0.1934028987806853,0.356050511907109,0.0862058465450327,-0.0744586155212751,-4.658470763886204e-05,0.1626589823814452,-0.0542831874581152,0.0112263053976155,0.5465950850351914,0.262728830317193,-0.2784352495083997,0.0002037879907256,0.0516278152941764,-0.0116466217860711,-0.0018118585706534,0.1825193303436422,-0.0003847203204004,0.3883419698409934,0.1869942449097961,0.0928039783264006,0.0010725339837157,-0.7172364604303489,0.3320874995936362,-0.52838329698405,-0.2302602105678916,0.6316512722044079,0.1874843463868136,0.0,2.049395956790317,-0.5046705010074818,0.3268152217080587,4.704113782333027,-2.252717658894274,-1.740285933155635,0.0,0.0018597210925127,0.0043643207268922,0.0003911026629712
2,0.26,0.9980267284282716,-0.0627905195293134,0.020574041446822865,-0.16632665337894179,1.6414157286254005,0.5755894340210367,0.917379572641464,-1.0261737258968362,0.44666544466526503,-0.02591777553485831,-0.20231358540984537,0.3525864841571154,0.0969392263952203,-0.06768370097434871,-4.658470763886204e-05,0.1959527104062743,-0.059277454238101275,0.015470641086807353,0.6253958869548987,0.2165471790076047,-0.3097406643121532,0.0002037879907256,0.05165889981923818,-0.01157321435765266,-0.0018052793746225599,0.06009759962961733,0.1191379171262467,0.3332728800997882,0.15836474262821007,0.09148384386453541,-0.00580721150720147,-0.8158413682671931,0.17426788442338137,-0.5703515052764164,-0.20735119355159837,0.5755686545080217,0.38374507449162204,0.0,1.9778030592117741,-0.33426816621040645,0.29821196713008746,4.627151462719976,-2.8084390997424116,-1.5175165450459747,0.0,0.00181713903160318,0.004329101524065741,0.00038799231441054
2,0.27,0.9921147013144778,-0.12533323356430437,0.023912387692793594,-0.16636365513857884,1.6472394049912538,0.5786141053102882,0.9185800307340345,-1.0256627574266362,0.4365696104921039,-0.02123707651963556,-0.21203380138291752,0.35074859663138086,0.1051358777711338,-0.06130159624814571,-4.658470763886204e-05,0.23399276686187032,-0.06795394582505965,0.01975158045759847,0.7051784751009225,0.17420891761644205,-0.3160660631348728,0.0002037879907256,0.05169089521843348,-0.01149894707159042,-0.0017985973510802398,0.22414462260609086,-0.03867311353464221,0.290483308441042,0.18388923661834686,0.05895078007932518,0.04131311198499458,-0.5246133261175191,0.30282884883118055,-0.5397033540807153,-0.0706706269204772,0.4760145968510713,0.4629008936597303,0.0,2.2831487289338805,-0.5501087573893492,0.16320921380607675,4.645739609625217,-2.231895771315247,0.03182455094642406,0.0,0.00191228338809586,0.004385269731221461,0.00039606099858296
2,0.28,0.9822872507286886,-0.18738131458572482,0.02810836922222783,-0.16455189002801718,1.651785334141543,0.5817412337618072,0.919434476420754,-1.0253375174231911,0.42446674353222114,-0.014938738615996582,-0.21957033965879738,0.3490071877686576,0.11479697702958111,-0.05560105429112303,-4.658470763881953e-05,0.2689372410163216,-0.07740696341008543,0.02269178548388031,0.7800607999566628,0.14931996587224372,-0.31546245581385907,0.0002037879907255,0.0517223818080948,-0.0114242082639116,-0.00179183501559878,0.27855791987324097,0.19826528646337943,0.24312037153016475,0.18852743122177465,0.04728420554829137,0.006076974356687757,-0.8158096799551189,0.43533456601904286,-0.37624163836431934,-0.10622343747913898,0.5950639626909486,0.20812673528053952,0.0,1.93682419049808,-0.5826698318913046,0.20098431327671185,4.297820019492334,-1.019523150387216,0.00021973579244514247,0.0,0.00182269113083234,0.00441103836628456,0.00039975093915748
2,0.29,0.9685831611286312,-0.24868988716485463,0.032942887237160816,-0.16139943374651702,1.6543978169147422,0.5849547621352684,0.9200239039696153,-1.0249890473103962,0.4115846651787962,-0.007151861312064155,-0.2251633933402205,0.34765769150110254,0.1243418918692794,-0.05119293480828267,-4.658470763881953e-05,0.30229594738576526,-0.08707095508001561,0.025326519758926292,0.849815092696607,0.14244721580744737,-0.31562039217595156,0.0002037879907255,0.051753763376516757,-0.01134912084173806,-0.0017849850172788001,0.24668963048270323,0.1406385243832408,0.13867944555963602,0.17914191447574396,0.02711913879730101,0.035227828945264494,-0.689277287793882,0.41400658110218097,-0.32055700782327234,-0.07696319601883345,0.5342360283950568,0.3155005510590353,0.0,2.0044585474151733,-0.503569033565311,0.1367025959446903,3.9468154222325014,-0.1035355786972913,-0.007215388128826817,0.0,0.00186884672582284,0.00438932190815114,0.00040079027643636
2,0.3,0.9510565162951536,-0.30901699437494734,0.0370996342991944,-0.1575031213449547,1.657091001251651,0.5878319764962204,0.920548297685545,-1.0245856783813438,0.3971948836583491,0.0003639331308645,-0.2306142924520439,0.3441959850394462,0.1318470015730749,-0.0453462338045653,-4.658470763881953e-05,0.3332653471121957,-0.0949269232203647,0.0280245864130647,0.910117384079256,0.1487007751444831,-0.3157145299156949,0.0002037879907255,0.0517844493075606,-0.0112745760118521,-0.0017781802387292,0.2307674115991232,0.3005122503524227,0.1267794564813315,0.1637837396132998,0.035653085538826,0.012834444125983,-0.9598075352891264,0.4545768385190659,-0.2773491015426003,-0.2646941135350049,0.4049193297422053,0.335525062650723,0.0,1.6863811326687892,-0.4265169301338196,0.1460434106802322,3.323512228308644,0.5417575683243039,-0.0055772044846024,0.0,0.001759959175235,0.004388188587513,0.00040148081265
2,0.31,0.9297764858882513,-0.368124552684678,0.03912793089954906,-0.15351557759883375,1.6586516396638866,0.5901765374743304,0.9211342151141894,-1.0240385109266734,0.38162201872394796,0.006586455306280834,-0.2324611464656689,0.3384240503452401,0.13682272704302975,-0.04297583159934442,-4.658470763881953e-05,0.3621106353666628,-0.09898004043075528,0.030795447997001856,0.9597284766227379,0.1569844221789723,-0.3158154090845208,0.0002037879907255,0.051814561433249105,-0.01120128423314648,-0.00177147023337818,0.09232495365422465,0.1881279656106,0.12400733793015753,0.12754818725781433,0.0337374335464303,0.04394863841497019,-0.8906268609504331,0.34882435737256484,-0.06967672948263949,-0.4055026088542981,0.23852889499618077,0.02998532148043305,0.0,1.7203520065677131,-0.17824479985045877,0.20479887625245674,2.687317037415604,0.44512717952971803,-0.00602856475357544,0.0,0.00178015857011744,0.004279904175303681,0.00039130289494102
2,0.32,0.9048270524660195,-0.4257792915650727,0.03881951345334769,-0.15115418381998616,1.6609563756514345,0.5918415126696196,0.9217234946688511,-1.022993745999904,0.36792439532274146,0.010011041537688364,-0.23394753908554988,0.33266207044752344,0.14327417948346136,-0.04119056642652983,-4.658470763881953e-05,0.3910814825618087,-0.09905968942271243,0.03417739023593793,0.9983392669267307,0.16543998502821078,-0.31591976125859683,0.0002037879907255,0.051844980739855884,-0.011129912827151079,-0.00176495831724386,-0.11712800291028111,0.11344389863432683,0.09993886739711778,0.07750119767903599,0.03517268670440923,0.07134642793716707,-0.7415801355331328,0.08122216028111946,-0.0412449734472628,-0.25541594075315444,0.4694835360050082,0.15340936421966928,0.0,1.6873212967513582,0.12870284365303805,0.15413567979838932,2.061108103280943,0.5471403435643738,-0.006206030102929421,0.0,0.00179484728830094,0.004145479806884019,0.0003781515597658
2,0.33,0.8763066800438635,-0.48175367410171543,0.03473307406062269,-0.15041050643107381,1.6624895234145924,0.5926939998077322,0.9223387708010004,-1.0214919694404896,0.3564932641289508,0.009455789744735097,-0.23184531344577317,0.3281908557363722,0.14971134376982861,-0.04241453259664449,-4.658470763881953e-05,0.41934774736943475,-0.09382465605261477,0.03661605435526343,1.0261522482519958,0.17502002899600722,-0.3160275604714292,0.0002037879907255,0.05187566487666976,-0.011060725909975701,-0.0017586612517769,-0.2594563581655522,0.01718838502859338,0.14272004201695979,0.03958857444617703,0.03777990715097269,0.09443564930120209,-0.6686974259080201,-0.053808780439558786,0.13044207056659052,-0.31076242924855435,0.3044893999120224,-0.19055184002282333,0.0,1.640760177541805,0.36316531675705144,0.19604821324461105,1.3838996327370154,0.5496513690020022,-0.00641553386445808,0.0,0.00180636455932398,0.0040419490927369,0.00036670708894142
2,0.34,0.844327925502015,-0.5358267949789969,0.0317992254594315,-0.14941649997526016,1.6671815780977328,0.5933139234044246,0.9231084370612483,-1.0199466568522242,0.34389150515587025,0.00926618842142988,-0.23313789968837936,0.32206784762857904,0.1547433567943139,-0.04383834156577092,-4.658470763877982e-05,0.44542561606276376,-0.0881168774005772,0.04244258952705558,1.0418869181697343,0.1838018985298742,-0.316138959815258,0.0002037879907254,0.051905728808186294,-0.01099151128946472,-0.0017524178848441,-0.13828966679025573,0.07439115366731777,0.2687013938968807,0.038770603062181816,0.048281671014990486,0.09047889361950952,-0.7507081055345015,0.0146139158959359,-0.10197220962019041,-0.35031465327826616,0.3105958151815891,-0.011431791925964368,0.0,1.47448089261776,0.31283721243990753,0.3531694604604833,0.6928516709028394,0.5165036771821935,-0.00662737234405522,0.0,0.00175291206825126,0.0040932497628804,0.0003702352521305
2,0.35000000000000003,0.8090169943749475,-0.587785252292473,0.028080768889379073,-0.149068826255832,1.6675390213410897,0.5939913843801046,0.923893574397456,-1.0181496882929235,0.33352622766660994,0.00916653489394209,-0.22834879257580779,0.317843095848654,0.16006897484398844,-0.046405543534845314,-4.658470763877982e-05,0.469483911457049,-0.08251542246550496,0.0440372649201043,1.0469360953254303,0.19254361588291305,-0.3162538936191379,0.0002037879907254,0.0519359560012082,-0.0109223440039072,-0.0017460831802786,-0.27884989243080394,-0.005049037919251072,-0.06804236509086498,0.03372951630674035,0.04480580821666911,0.1135934296087593,-0.5401619922954763,-0.047013115819760504,0.45441048013774693,-0.19380179369622777,0.31907518276465074,-0.2397744018386054,0.0,1.3804387770757862,0.3651591058332884,-0.03212782912665499,0.07102482691430069,0.4909965317922954,-0.006836698445083101,0.0,0.0017835163044847998,0.004029939569202799,0.00037025192335129987
2,0.36,0.7705132427757893,-0.6374239897486897,0.02395429640857672,-0.14843008147258516,1.6706638614749043,0.5941618522919188,0.9246923482773888,-1.0163446607202637,0.32270433327368137,0.007065746836657362,-0.2280578502021635,0.314322041599369,0.16641084455231928,-0.04629874357472605,-4.658470763877982e-05,0.49065226007801105,-0.0751198067237315,0.04694019718406501,1.0408243108639859,0.2001789055982947,-0.3163724163571816,0.0002037879907254,0.051965639930431316,-0.010854325620601159,-0.0017399143264912199,-0.17322748798788595,0.07058042575977375,0.34020293334995266,0.004609283640564755,0.04858210419606998,0.09865887729597828,-0.7260563460256809,-0.11137500671881018,-0.2688822125897379,-0.2562992392537441,0.38304206849604205,0.15451748959815234,0.0,1.1652408674167536,0.4300801734803884,0.3402793984851361,-0.5824934618277993,0.43968457683408585,-0.007042595645306279,0.0,0.00172714388157612,0.004016713584749559,0.00036232261050079997
2,0.37,0.7289686274214114,-0.6845471059286887,0.02340964563388642,-0.14807117053542382,1.6759068966953874,0.5946526787525352,0.9254064677586367,-1.0145435934167424,0.31081786520583704,0.008004103157354338,-0.23362497485548298,0.3084992576717068,0.1719556564907012,-0.04251818352990869,-4.658470763877982e-05,0.509788660879171,-0.0708972690664374,0.0526988941115403,1.024374083593912,0.20678244810771002,-0.3164943626610863,0.0002037879907254,0.05199505922560768,-0.01078542477437348,-0.0017336793101656,0.0033875347022010215,0.000640614890190171,0.27210834716611293,0.037372576692497904,0.03873719567526964,0.10864257993361404,-0.6964522691170107,0.11858943199672499,-0.30806687904228647,-0.4074008590939671,0.3030063782909782,0.2411311794687312,0.0,1.0872105349363899,0.16628719698748506,0.25747679080370384,-1.1855888201790485,0.33476987721989143,-0.0072454206523745795,0.0,0.00172747975494896,0.004053828437377519,0.00036699299943852
2,0.38,0.6845471059286888,-0.7289686274214113,0.02083400625868405,-0.14652280588377148,1.6791526773780854,0.5948790236259687,0.9261249452183249,-1.0129926635155677,0.2959797520445099,0.008354792381129635,-0.23584095189842974,0.2988380906175915,0.1774982843912026,-0.0399420255707121,-4.658470763877982e-05,0.5241029568272683,-0.06650414783948105,0.05317569517976137,0.9968923694257386,0.21050988189991385,-0.31661971327304533,0.0002037879907254,0.05202329968710962,-0.01071730825832036,-0.00172751148063922,-0.26172132626158096,0.11278403607390408,0.06046542359270732,0.0008242280870608134,0.04173814051357588,0.08943199701327864,-0.8675522243796592,-0.0652859729978592,0.08317136090468288,-0.5313757573501087,0.3399119133537009,0.04905741410320685,0.0,0.7346696864014419,0.33466356573563616,-0.12313570438159746,-1.8413289516010254,0.15222696970218044,-0.0074435747647460205,0.0,0.00163608341005614,0.00397772340860046,0.00036136931996914
2,0.39,0.6374239897486899,-0.7705132427757891,0.015972908099352798,-0.14596013483325115,1.6770394101235206,0.5949074613344635,0.9266278331655766,-1.011092511234994,0.2874432198481166,0.005342432609744938,-0.23312108271242557,0.29902861125199043,0.1841544668312325,-0.03761901333683113,-4.658470763877982e-05,0.5356094892437671,-0.06129594538124014,0.04818853039361796,0.9592122283756418,0.2107337182300838,-0.3167484225323036,0.0002037879907254,0.05205144119041248,-0.0106493983007929,-0.0017212756863860801,-0.2173360481779808,0.0014835731052900043,-0.14598359841381203,0.01233028689844214,0.02400844774193169,0.11705510190277159,-0.4147228602699748,-0.13676861007533025,0.08451279270072508,0.12444727861301491,0.39686672862248695,0.23849099644353472,0.0,0.6434327359336403,0.2009561664619262,-0.34249234698743625,-2.4058024917294656,-0.04515474520295566,-0.00763967359939448,0.0,0.0016667934893576598,0.004019888938570241,0.0003699593932449
2,0.4,0.5877852522924732,-0.8090169943749473,0.0152735190051799,-0.1455931258040427,1.675639466273227,0.5955448920749793,0.9269800280091024,-1.0093467356836985,0.2765940981831362,0.0072188350476876,-0.2327838993891545,0.2941640815426154,0.1897430810240671,-0.0336921568219398,-4.658470763874164e-05,0.5444830943058148,-0.0617335436980353,0.0422347519073191,0.912842604744512,0.2088282825800382,-0.3168803869284658,0.0002037879907254,0.0520793515947317,-0.0105800213569004,-0.0017148912569311,0.0022050809591781,0.04379232503188,-0.0510246130597723,0.0414814707376782,0.0198407768412607,0.0944326629419629,-0.7448404959294742,0.1866431045079987,0.0333120476825671,-0.4614811562986921,0.3131053718569907,0.1812870041684811,0.0,0.4276526188604092,-0.0784816911703318,-0.3485585162413571,-2.9366285170340025,-0.1641455316162555,-0.0078328579873175,0.0,0.0016142238711203,0.0040889240084679,0.0003747718085963
2,0.41000000000000003,0.5358267949789967,-0.8443279255020151,0.014506134336196018,-0.1454294385651931,1.674141792205475,0.5960093264964307,0.9271957223529568,-1.0076392777468814,0.26541398884089756,0.008728521504620767,-0.23269024148511513,0.28777144163623974,0.1964171864135232,-0.028227644063605485,-4.658470763874164e-05,0.5497434176662508,-0.061996339638785626,0.03508523586291492,0.8563269050617552,0.20279138327260926,-0.3170155600201523,0.0002037879907254,0.05210696279989364,-0.010511227235684019,-0.0017085747344203,-0.047423210225589325,0.00432419733034105,-0.12344714304607243,0.025618647622599133,0.009622118689240072,0.10027015703150832,-0.6308769498978841,0.06066406262949376,-0.05402789089899164,-0.3280310274322123,0.42179565892804705,0.4383280694088396,0.0,0.23600528204345222,-0.03207566555112979,-0.4940177762963269,-3.504331646994922,-0.45358320036016453,-0.008007816449956781,0.0,0.0016264994223859398,0.00405563133323868,0.0003735932773705201
2,0.42,0.4817536741017156,-0.8763066800438634,0.015281186294093436,-0.14495833857852286,1.6713651872919766,0.596709403173392,0.9272918959838046,-1.0061308909934181,0.2536518560983172,0.01159902322147859,-0.23426632269682585,0.2816510186490769,0.20268304684032495,-0.020314224521863516,-4.658470763874164e-05,0.5511785077840189,-0.06512965586379059,0.024716268649080785,0.7923642330993481,0.19229132814560138,-0.3171534382347561,0.0002037879907254,0.052134282914476436,-0.01044136691760162,-0.00170211219973202,0.09089820554178607,0.014007887048204451,-0.17168529100205313,0.04687643715520929,0.0015161844365040515,0.08722181707927686,-0.6988700092956395,0.22475287404367814,-0.053587689387257886,-0.38197344866476907,0.3629310350882754,0.42889848615723847,0.0,0.03826662282007608,-0.22951064140096,-0.6328079795356458,-3.8869438201901385,-0.7314725280919097,-0.00819791600640348,0.0,0.0016089693720391799,0.00412920758511576,0.00038263943986658
2,0.43,0.4257792915650729,-0.9048270524660194,0.017850374954948723,-0.14494922153937587,1.6687649596039444,0.5975476918255591,0.9272151068608577,-1.0047072302906366,0.24150010921015372,0.016515130765458106,-0.23431180383127986,0.2741630831311723,0.2093611245417554,-0.012973501346987092,-4.658470763874164e-05,0.5499483594185907,-0.06928225820307589,0.015023572804807511,0.7215357922144738,0.1771555644118081,-0.31729952565646,0.0002037879907254,0.05216158977526604,-0.010370579781782959,-0.0016955402251414,0.18198962565042426,-0.007793150303267782,-0.13929850437341074,0.05019988605500121,-0.007756957909544121,0.08260835672345206,-0.709461815271978,0.3152422028573908,-0.003571375217667611,-0.45853851081132646,0.39523369264062536,0.41725844048243454,0.0,-0.13804580384877976,-0.25112173596248916,-0.5139791570498696,-4.341839882327016,-0.9353393280760032,-0.008685637799080497,0.0,0.00160547769811086,0.00418249336147634,0.00038852877732482
2,0.44,0.36812455268467814,-0.9297764858882513,0.020807067443263324,-0.1471328780348748,1.665996955345199,0.5982855614885222,0.9268358050646772,-1.0029702792752093,0.23267442030750085,0.020790775299542263,-0.23574282229060334,0.26830383720196693,0.21719025006892742,-0.004546036745020728,-4.658470763874164e-05,0.5482818848303813,-0.07297641144395592,0.006345909376956388,0.6448261899140333,0.15717598045071057,-0.3173824539336843,0.0002037879907254,0.0521898049336613,-0.01029988911780414,-0.00168896450175414,0.15840862441012515,-0.18449094965639595,-0.1923978898351211,0.03940815034070035,-0.029751024516109212,0.1107672788509077,-0.43202953574628383,0.20882619354649493,-0.13944669205991123,-0.2822071539039029,0.5120562551847061,0.6061597493505527,0.0,-0.07187769048574309,-0.2068286030377356,-0.5706730240821338,-4.54513085865352,-1.3691169861439336,-0.0021741255300902354,0.0,0.0016904487414934,0.0041394721708707,0.0003855698738507
2,0.45,0.3090169943749475,-0.9510565162951535,0.0234899330540482,-0.1492752156608019,1.6627104065901124,0.5988470920116834,0.9263075616127098,-1.0013841254833704,0.2237079141085474,0.024508431597157,-0.2379571745788903,0.2630564977665229,0.2267896853164325,0.0055465826501018,-4.658470763874164e-05,0.5444595380042585,-0.0759263489599249,-0.0019156247970181,0.565898490670774,0.1302925569466785,-0.3180493984921625,0.0002037879907254,0.0522175026389833,-0.0102297254211293,-0.001682432609735,0.1652687360803274,-0.0881949217406374,-0.1630602959258756,0.0275544859655398,-0.0312137554942424,0.082172137768791,-0.5884490436817671,0.2333091241776706,-0.1032633714838625,-0.3309808140124448,0.5611858985999184,0.5157491301310838,0.0,-0.3271161588248751,-0.1259554827771957,-0.3237333806993067,-4.728539127425012,-1.6480377822226937,-0.0841275774649477,0.0,0.0015911768284069,0.0041215742158036,0.0003816222985901
2,0.46,0.24868988716485482,-0.9685831611286311,0.02569110731875337,-0.15127322006452865,1.660433696514933,0.5990430722572856,0.9256748741747951,-1.0000311532545227,0.21416284173877936,0.027584236719984796,-0.23952227413846341,0.2577483515415994,0.23506828787981182,0.0141829157572184,-4.658470763870469e-05,0.5372384525614248,-0.07643992491946422,-0.0048385115031009795,0.4824852413457527,0.09878206647031243,-0.3146103755456064,0.0002037879907253,0.05224469777852088,-0.010160487802792939,-0.0016760387120589,0.12132097753057304,-0.13878573902696667,-0.14397670289306622,0.008195575401673495,-0.04086889027762048,0.07907865427062463,-0.5504835740809506,0.17006478714444295,-0.09189716497089248,-0.32118300308309317,0.4559109816077467,0.5274584888118349,0.0,-0.45209327208993816,-0.033284658998097426,-0.19978646445241022,-4.964262875337882,-1.965676545400369,0.6464199455280066,0.0,0.00160772250926532,0.00405835442140434,0.00037488286454078
2,0.47000000000000003,0.18738131458572457,-0.9822872507286887,0.02824940019177133,-0.15467638331672387,1.657578059204442,0.5992530989807026,0.9248028097966425,-0.9985909344768469,0.20626315581745452,0.03067148162937975,-0.24164785898904437,0.2534562425150283,0.24370767831312984,0.023568035346243795,-4.658470763870469e-05,0.5309096967703879,-0.07905511315982075,-0.012620890379543956,0.4007092463566992,0.06709663938655584,-0.2767307797576926,0.0002037879907253,0.05227280100166518,-0.01009140425673556,-0.00166965162569544,0.16221879315555104,-0.2224912343744608,-0.17429925634084803,0.01237769042497582,-0.05668569448972632,0.08731656185882403,-0.3896367640503209,0.16236899457919574,-0.1788781915929605,-0.12632119152187887,0.5802119826060759,0.6189477152189434,0.0,-0.32667074494409226,-0.21002883406612488,-0.6089055383822612,-4.676583982152979,-1.7231835256003631,2.9794807554620397,0.0,0.00167925829727576,0.0040701586656307,0.00037589279590974004
2,0.48,0.12533323356430454,-0.9921147013144778,0.03128588679234539,-0.15720570910610215,1.654559210798528,0.599393552744244,0.9238442689448334,-0.9975066685927473,0.19700731262349053,0.03387241405485912,-0.24468089253020214,0.24917426742539558,0.2528282294490491,0.035753323891235186,-4.658470763870469e-05,0.5236782979691227,-0.08298420451644799,-0.024792967124814495,0.3239020269128385,0.045516565384909384,-0.21664355187216278,0.0002037879907253,0.05230051377463428,-0.0100217136645036,-0.0016632003253121,0.19501033096460352,-0.10318961269569522,-0.18316733819113026,0.008510381987798752,-0.05511062475078892,0.04581385523258307,-0.7299110949041879,0.25677743429592265,-0.09406973221132178,-0.5259441256208742,0.4356925029484945,0.6732939950558221,0.0,-0.4973376516011103,-0.24095974698353959,-0.7542968472403925,-4.443681508781376,-0.9614273768241824,3.7716103695294843,0.0,0.00161036524451434,0.00412710198842538,0.00038319737456862
2,0.49,0.06279051952931358,-0.9980267284282716,0.035010013978693626,-0.15790316485872724,1.6510659853498546,0.5995676240520404,0.9228969188247578,-0.9971196705610169,0.18222189052361587,0.03946536724747943,-0.24472730309673138,0.23829523935739635,0.25912790402145314,0.044989903941746935,-4.658470763870469e-05,0.5142171517713896,-0.08799953033324984,-0.040830632935009284,0.25307431590731294,0.04015429294779672,-0.1420342275262769,0.0002037879907253,0.05232744195084088,-0.00995105143402212,-0.00165662430790604,0.19692987850606952,-0.012023358575509976,-0.21322774561865357,0.0032890816690603307,-0.056736779553660126,0.015008281270206007,-0.8541884497878263,0.28565745550296223,-0.03001080752035716,-0.5134286678155733,0.3963858074506227,0.5459918347458527,0.0,-0.5702057837409938,-0.28823278073729175,-1.0875710769547313,-3.9891301407583306,-0.05127490544617838,4.705531804750399,0.0,0.0015681467799282,0.0041411789695784,0.00038504048289774
2,0.5,1.2246467991473532e-16,-1.0,0.0367722366985271,-0.1571191853876007,1.6478319003703217,0.5991323374719703,0.9219217340309792,-0.9971112858178404,0.167776237822188,0.0416588774791222,-0.2462802936405429,0.2327318301445849,0.2667449510379946,0.0557152812804321,-4.658470763870469e-05,0.504246169209885,-0.0907158474739063,-0.0629602713272407,0.1912219434026698,0.0407800522145698,-0.0591557461360204,0.0002037879907253,0.0523534769300799,-0.009881814121779,-0.0016502134672427,0.0769349085996041,0.0846587289844951,-0.1658301888481566,-0.0378466230514778,-0.0569340712720026,-0.0110349009521413,-0.9025370392406438,0.0935572255252984,-0.0847414367308266,-0.3291777822815651,0.4475293748347544,0.6330210496611839,0.0,-0.60398393506076,-0.1023976592952757,-1.382736824508559,-3.446494124446101,0.0206660494411402,4.890901022410312,0.0,0.0014977829507829,0.0040396259285982,0.0003724134175796
2,0.51,-0.06279051952931335,-0.9980267284282716,0.03723440745232156,-0.15835059118305395,1.6445279632275989,0.5982291258394848,0.9207193382804755,-0.9969671991049807,0.15525687960657,0.04215696718905112,-0.24641625340676235,0.22696643409213915,0.27494325455552454,0.0653166418468083,-4.6584707638690666e-05,0.49800675105669007,-0.09075837233162565,-0.08844222772275782,0.14007859243312604,0.038315524584649215,0.01760365981717111,0.0002037879907253,0.05237981738579548,-0.00981363051399284,-0.0016439220632830799,0.00016302486335413244,-0.1759844170953087,-0.20925901008188744,-0.0621576180471643,-0.07914518402475586,0.02303217303112359,-0.5998171033677194,-0.023499020594866686,-0.019213429885727648,-0.28970740570928266,0.522745688316084,0.568522311946742,2.8049290569562206e-15,-0.22365057792298504,0.059035537380064076,-1.4886722904245901,-2.7726771367449747,-0.2642391327404944,4.119630263466047,-1.6372025032871637e-15,0.0015807375421402004,0.00399759083411426,0.000369032886857
2,0.52,-0.12533323356430429,-0.9921147013144779,0.03525850015281326,-0.16273091602325152,1.6404795215991015,0.5966641094568671,0.919260037625494,-0.9964736269703602,0.1478709937035274,0.038577262460603,-0.24758961374800437,0.22512612928896775,0.2860181501401325,0.0756932101772855,-4.658470763866963e-05,0.4954561808774252,-0.08684746231070252,-0.11144753968082728,0.09901376792319076,0.03166966641663524,0.07194941103314022,0.0002037879907253,0.05240734050669554,-0.009746590999514419,-0.00163774135186604,-0.22326410077858383,-0.32019197522965537,-0.2758727119394491,-0.11355454994059211,-0.09075101310413451,0.03528322299568354,-0.32909364189011336,-0.352270110122916,-0.004433595294604131,-0.013057481585655478,0.7518943569102237,0.5615387739270824,0.0,-0.07974814872896945,0.34867503851153475,-1.3742460266307266,-2.1578437203898937,-0.3565795028641321,2.7657369835697247,0.0,0.0016389460308322,0.003906037282218,0.00035986540023424
2,0.53,-0.18738131458572477,-0.9822872507286886,0.032211338286774846,-0.1685746197011163,1.635504346224782,0.5948167907797325,0.9176623327263844,-0.9959903064192382,0.142486116253239,0.03386373263441342,-0.24361910948069912,0.2242799177424856,0.2982925896428212,0.07971552591353173,-4.658470763866963e-05,0.4974863647649317,-0.08264551094325073,-0.13773823004412428,0.07810329761182062,0.034778547120981586,0.10818290876407044,0.0002037879907253,0.05243563240803964,-0.009679972871133499,-0.00163159843869286,-0.020558991935922193,-0.23365609586952044,-0.2596439080357713,-0.08504620508082647,-0.08741001431070344,0.0019913840619245338,-0.47246799252578847,-0.08150703268749901,0.22375121402880566,-0.140811664592339,0.591190458396629,0.20171355756119014,0.0,0.1311375792621095,0.03904504294394891,-1.5225980827405896,-0.6477759818985934,0.5597771212655323,1.8067251581302413,0.0,0.0016502969155804197,0.00395830555139844,0.00036550946606234006
2,0.54,-0.24868988716485502,-0.9685831611286311,0.03387572058408192,-0.1674550966264635,1.6330667580253753,0.5934571922932075,0.9165013837270187,-0.9970869637526345,0.12792433570210648,0.034571062925343926,-0.2445964599482495,0.22056115506359722,0.3071721002015471,0.08849698354674836,-4.658470763866963e-05,0.497052525159155,-0.08490512709661739,-0.1525325647664137,0.08346407666337634,0.047752129832808216,0.12262144941564058,0.0002037879907253,0.05246256139551876,-0.00961214298965302,-0.0016253380706821399,0.0254960065860588,0.11208611967689783,-0.10861040760142421,-0.10016347604695214,-0.06529451893802603,-0.07942134350158965,-0.9019294490888268,-0.05216699787628818,-0.09470022250750938,-0.17211662224577717,0.6000224227724327,0.5403101887395244,0.0,-0.04201347225173937,-0.06263206125742261,-0.3987598481241927,0.7237613615271976,0.6107490061477304,0.1387834510552085,0.0,0.0015661662814885002,0.0039779829607964196,0.00036656520586055995
2,0.55,-0.30901699437494773,-0.9510565162951535,0.0331731842225037,-0.1694575461054656,1.6302001226508835,0.5914227094856083,0.9151581629252408,-0.9979206012683222,0.1189218314697861,0.0313925594362258,-0.2442263617730862,0.2217425339607259,0.3190218820623074,0.0947818238596673,-4.658470763866963e-05,0.4989437815220754,-0.0839986573884509,-0.1420973624069678,0.1000939588258931,0.0462054590558414,0.0985586928149101,0.0002037879907253,0.0524896809525745,-0.0095445893787001,-0.0016191063841772,0.0091563107003727,-0.2167552032322718,-0.2139045261369235,-0.1139824124742785,-0.0845006495802098,-0.0385880116933309,-0.3650842077225552,-0.1552711042664831,0.0723300686471141,0.1656505999220864,0.6907142602763113,0.3022464795574526,0.0,0.1352798145678742,0.024819327242948,1.138736529999023,1.0171929852263328,-0.3940117305352073,-2.154782260613278,0.0,0.0016031072935062,0.0039930097332516,0.0003690101519141
2,0.56,-0.3681245526846783,-0.9297764858882512,0.034951051160773225,-0.16809241408371026,1.6255705456821001,0.5896814708341038,0.9140697577598904,-0.9998683050582813,0.105099079423378,0.0315781748666792,-0.24069581141467,0.22106724495258467,0.3290835412046779,0.09942642939244212,-4.658470763866963e-05,0.4918914176769515,-0.08516341940345562,-0.11670300845296012,0.11615088619481387,0.044197679484616934,0.060178582515937926,0.0002037879907253,0.052515218925319344,-0.00947577923023994,-0.00161272346230604,0.08211377261642737,0.2731450216245143,-0.3042962560540484,-0.1107700187887863,-0.05134193186113397,-0.16029798764591868,-1.093631715899999,0.008669075837252106,0.28558186382336226,-0.1395401411214896,0.5554965308800388,0.30369160165132497,0.0,-0.746510874679451,-0.03082529674331627,1.5437756846854893,0.8922290199906219,0.10304455781110908,-2.117139942153567,0.0,0.001438194459478519,0.0040550792740276,0.00037663225525148
2,0.5700000000000001,-0.42577929156507266,-0.9048270524660195,0.03286485754197791,-0.16504353110111714,1.6173369473768318,0.5872194303241964,0.9130468462071414,-1.0023685749694953,0.08938682889173125,0.027194965344076606,-0.23348339856167585,0.2213421667307467,0.3387333325399266,0.10515848795673904,-4.65847076386453e-05,0.47905868108105915,-0.08206377964324617,-0.09901242560310623,0.12803839868019126,0.03867831597462389,0.0348377082036189,0.0002037879907253,0.05253933297196204,-0.00940771850265492,-0.00160637944955282,-0.28319349175626196,0.0028358971130279798,-0.6285309353641776,-0.16582047084159965,-0.07409471562248525,-0.11300870613449222,-0.659981913269742,-0.45908800948196204,0.4944320746598148,0.15399701913548064,0.5957642655304847,0.3111824315626396,4.867153667057006e-15,-0.602728727158181,0.32084145306633227,0.5709193338251562,0.49319629217490396,-0.9458951858164999,-1.0230724290420574,-5.9026029323810074e-15,0.0014322028261605202,0.003971794196979919,0.0003708396988671799
2,0.58,-0.481753674101715,-0.8763066800438637,0.02124906741792236,-0.16643078008688883,1.60515797868535,0.583304254885415,0.911793201703417,-1.0040241410638644,0.08003095707427667,0.01234073986360024,-0.22454575277811903,0.22479355503184412,0.34877155390117515,0.10689862623751177,-4.6584707638639214e-05,0.46820382096309343,-0.07058498377965666,-0.1036511535948407,0.12356402851062386,0.004287378776594479,0.0401258296064414,0.0002037879907253,0.05256289563885092,-0.009341296244755541,-0.00160018376155622,-0.8366879369460265,-0.02509237589046524,-0.6809387816381424,-0.2605140553883912,-0.06543153063663784,-0.10967883061376787,-0.6362070873094121,-1.0181823505770775,0.5323039014774097,0.1620371912799109,0.5250608400604537,-0.026978102166413442,0.0,-0.7668498799785465,0.8171691246160173,-0.5642052505117235,-0.6452172391178568,-2.223311466293152,1.0877857475748753,0.0,0.0013368465732004,0.0038807943939255,0.00036147218156254
2,0.59,-0.5358267949789964,-0.8443279255020152,0.006751285916636143,-0.16428704936440425,1.5943049374587348,0.5787025420168748,0.9110699652507881,-1.0064339077844755,0.06655319745483892,-0.005000775671739504,-0.21416122088134082,0.22751836616535942,0.35553846591232563,0.10392195596384714,-4.6584707638639214e-05,0.45247061200279876,-0.05698313396578046,-0.11515436609187392,0.11233918434202378,-0.02644392337741275,0.06795491651137861,0.0002037879907253,0.0525841351222909,-0.00927495733706792,-0.00159400736582814,-0.8391765420774792,0.1553333635725691,-0.6533061725971147,-0.2700092200165983,-0.032884077616837204,-0.14787188259000505,-0.7830424231016472,-1.0107480884554882,0.6815705467257731,0.223866021728358,0.3591246763111442,-0.24180212290377634,0.0,-0.904630038436447,0.7593501357167031,-0.7313181598788455,-0.4610685310846457,-1.684274816350443,1.5043647536300206,0.0,0.0012379162333130997,0.00393281348424876,0.00036673983013231997
2,0.6,-0.587785252292473,-0.8090169943749476,-0.005797883831968,-0.1623972187239331,1.583777202101786,0.574271560640645,0.9107032742012848,-1.008799280471024,0.0554841433606506,-0.0207884209946349,-0.2027674933154851,0.2337249861709852,0.3596070523700422,0.0978127947262117,-4.6584707638639214e-05,0.4411543142641796,-0.0463619668200015,-0.1292230102834471,0.1166019041397628,-0.0544310901540033,0.0720510137832534,0.0002037879907253,0.0526058938699648,-0.0092070724067966,-0.0015876662361062,-0.6870917188032933,0.0969851335436503,-0.5629847812772876,-0.2591019297012815,-0.0146891567117758,-0.1363749873862265,-0.6027454185597448,-0.8853013363361951,0.5728203493902919,0.4303515237486263,0.1689375513789308,-0.422305114822927,0.0,-0.5551093933201449,0.5706137273248987,-0.8241825826647492,0.6198466386725084,-1.5349641899794986,-0.54368238106367,0.0,0.0013005663756872,0.0040302060970253,0.0003762950733408
2,0.61,-0.6374239897486896,-0.7705132427757893,-0.01803513920784408,-0.16412371926401392,1.5770842689979883,0.5694073671604127,0.9104487814225548,-1.010377454664514,0.05086059806907702,-0.03704568508117416,-0.1960492955370977,0.2447696815913021,0.36096298010369665,0.08643940617225065,-4.6584707638639214e-05,0.4373026884074765,-0.0347927843036763,-0.13986082692086618,0.13009140710115616,-0.06889455961729841,0.051512377573266745,0.0002037879907253,0.0526286849181219,-0.00913874436207956,-0.00158130360603134,-0.7456444588157417,-0.1991488472901961,-0.3154987098699543,-0.3017678513363665,-0.01456790317665806,-0.0702710887772361,-0.10350529424914842,-1.0091507250235339,0.35201415279140214,0.7728068574497546,0.018933041100429916,-0.7665098363443649,0.0,-0.07828391500582688,0.7504722270763213,-0.5678516329889458,0.7846808574253035,-0.40275870958195037,-1.214961099772381,0.0,0.0013526747510143801,0.00400569982590038,0.00037237856623064
2,0.62,-0.6845471059286887,-0.7289686274214116,-0.031226638020730793,-0.16687244986194644,1.5729705297893168,0.5639688961336202,0.9105257286696155,-1.011630603136988,0.04982761173814744,-0.0550413925765532,-0.18860897593005932,0.26090350688280795,0.35960039324236703,0.07140102129892816,-4.6584707638639214e-05,0.43427449486386893,-0.020311895846318873,-0.1455160691208361,0.1402128495463223,-0.06780304997527421,0.03708100350246609,0.0002037879907253,0.052650345132874816,-0.00907083324257516,-0.00157501055951764,-0.7586040565961487,-0.16752951129805116,-0.20255712997604636,-0.3232235302824974,0.014555070305315495,-0.07215857957951959,0.0019832364388934764,-1.0354057030445254,0.5573100124277038,1.04223171947955,-0.13787274085870388,-1.0449180858672764,0.0,-0.2360213219381676,0.8816386745562439,-0.07581871877457913,0.46918808297128134,0.11070021376568967,-0.7130565070546888,0.0,0.00124311033603618,0.0040115042367134,0.00037144611617156
2,0.63,-0.7289686274214113,-0.684547105928689,-0.04279888380211061,-0.1712725426319546,1.5692435843669255,0.5585843904801272,0.9110049035952364,-1.0125429040999077,0.05419159281120965,-0.07172651504842492,-0.17508961739202594,0.2822197163792989,0.3545898667670796,0.050049984137989216,-4.658470763859806e-05,0.4298451625308035,-0.005279181240880446,-0.1405562960422336,0.14524092066097283,-0.06633529920766595,0.027183335449049557,0.0002037879907252,0.05267135731576368,-0.0090019991984852,-0.00156861472216822,-0.663864023077112,-0.2369980919143914,-0.2673074787944189,-0.314895110337065,0.0397441058459415,-0.05530018495714484,0.3254535086268985,-0.9991005825291548,0.8671551885348076,1.3909643678629333,-0.40264948318209737,-1.2490548265127441,6.584589935405613e-15,-0.33819678530422254,0.8969436336941202,0.3645200877348236,0.23015345287777608,0.1655211435010703,-0.5600666437961419,-1.2863424171521852e-14,0.0012146978230074398,0.00406914856577298,0.00037913887562102003
2,0.64,-0.7705132427757894,-0.6374239897486895,-0.05238572685728811,-0.1739172262382199,1.5629813618455881,0.5536494102294554,0.912019268811376,-1.0135829133417844,0.061234553938579,-0.08722504998903412,-0.15688044275898982,0.310029411948859,0.342357439032879,0.02683191836363526,-4.658470763859806e-05,0.42218691592971413,0.007973150202956367,-0.13527240055539222,0.14810015486190548,-0.05999302085477857,0.013988357253825818,0.0002037879907252,0.05269129943019332,-0.008931861070989458,-0.00156204972946172,-0.449483888736057,-0.1739678082221246,-0.3966843953601862,-0.2666223052646474,0.06510301165959217,-0.053032720572140195,0.5290842132957158,-0.783843355114915,1.1983612129350425,1.7707002395264064,-0.8560955114282036,-1.4268833230224087,0.0,-0.43540413292752855,0.645239780421839,0.31347952412231883,0.12943702807087692,0.4406031170408988,-0.8906827687688074,0.0,0.00116871196611852,0.004167557997895041,0.00039095384656178013
2,0.65,-0.8090169943749473,-0.5877852522924732,-0.0567479708630219,-0.1760886738348484,1.5565346836420126,0.5496262596861587,0.91333727715196,-1.0145795817337626,0.0714762918354719,-0.0981155392950887,-0.1367451772815612,0.3447216303917713,0.3275495733092058,0.0089804726712759,-4.658470763859806e-05,0.4123099354818771,0.0156572471857746,-0.1344936328833594,0.1468669746952967,-0.0536480655668941,0.0060432110617231,0.0002037879907252,0.0527103870746514,-0.008859842442676,-0.0015552751521081,-0.1799539656414245,-0.1015097841492861,-0.4028922913622104,-0.22390973706266,0.0840441490387247,-0.0613361972779557,0.6588625281633943,-0.6055771710476267,1.1806072104503291,2.198674259988897,-0.8984572799204333,-0.8785262534892468,0.0,-0.6755720956289358,0.3731084326045754,-0.215072496781295,-0.2133952218781672,0.2715542268582441,-0.1221689639389245,0.0,0.001098689098291,0.0042696229638838,0.0004024298893936
2,0.66,-0.8443279255020153,-0.5358267949789963,-0.061926874048129146,-0.17522925891729824,1.5481099835404148,0.5456676683090201,0.9150315915236171,-1.0159875447711257,0.08171012776707196,-0.10959029565576969,-0.11383563480022535,0.3833337224458662,0.3094172346761938,-0.016469722895248697,-4.658470763859806e-05,0.3973650435541612,0.02386603652650252,-0.14400714625463953,0.14204509005625654,-0.04851416196174241,0.009984501712610781,0.0002037879907252,0.05272770687174104,-0.00878733142333356,-0.00154842245375662,-0.37294984857639424,0.1645680986384568,-0.5119386107348983,-0.23873235512353266,0.10902587289307668,-0.10092551804348524,0.5101389882040412,-0.6946865053380462,1.4240742482965605,2.2787506821628596,-1.1633592640260333,-1.796981893546555,0.0,-1.009452979047044,0.5476143725726493,-0.6819190654416452,-0.283947060397683,0.37107557523854395,0.40913779832886993,0.0,0.0009718972873019592,0.0042630388497945804,0.00040285666385344004
2,0.67,-0.8763066800438636,-0.48175367410171527,-0.0648107326200366,-0.1723594771586269,1.5401257473666983,0.5421967578586012,0.9168681425134907,-1.017529390611782,0.09301251121397734,-0.11805656781051896,-0.09187272963173765,0.42594648248667943,0.286739194698319,-0.039698775332211195,-4.658470763859806e-05,0.3806313876830964,0.029433672500946067,-0.15869589089334393,0.13713899573343968,-0.043728208644329844,0.023468140029510195,0.0002037879907252,0.05274373162924506,-0.008713659964441439,-0.00154144735324248,-0.044823913321563,0.13872836796513505,-0.44144905865044226,-0.18476496080074117,0.10410243365661936,-0.07765070226330278,0.7950634044745615,-0.3958451564693223,1.1594540002678528,2.652516436609485,-1.373038511504964,-1.0731020102474218,0.0,-0.9056562989061407,0.1955072014927187,-0.9097103613225208,-0.24445370508518366,0.22413959895909863,0.8995524519839084,0.0,0.00094350812742544,0.004378239198068761,0.0004151031129396001
2,0.68,-0.9048270524660198,-0.42577929156507216,-0.06653101115245358,-0.1700792038338014,1.5340577966303672,0.5387985145594941,0.9185411655092784,-1.0187002346138654,0.10797193599128661,-0.1262241952372829,-0.07645406571159911,0.47392047068451,0.26265106180373626,-0.05607838026219149,-4.658470763859806e-05,0.3671722579962815,0.03420692147818826,-0.17047947229523094,0.13643651817049957,-0.039173132276684695,0.03314412257457809,0.0002037879907252,0.0527597752536222,-0.00863962613499284,-0.00153444269219354,-0.17566980814969496,0.1270145046244279,-0.2867312376915352,-0.21859735432084684,0.09486028087028156,-0.06416822117261946,0.9310488825990078,-0.5875542760610007,0.727284352591688,2.9255295244518154,-1.5053659005394588,-0.8938786314911528,0.0,-0.743203616235216,0.3866120336747398,-0.5556449026769257,0.028674302097890257,0.2556722177747201,0.36804212439794015,0.0,0.0009431950628144799,0.00433293549553428,0.00040931205154652
2,0.6900000000000001,-0.9297764858882515,-0.3681245526846778,-0.0706751459930399,-0.16747869944873403,1.5313693276937022,0.534709407683839,0.9200396721216295,-1.0196991628587992,0.12491277312893116,-0.13831828621849773,-0.06830091296263224,0.5262225658671084,0.23374276570233884,-0.07033076685048725,-4.6584707638538193e-05,0.355562184864204,0.04269610221007148,-0.17626405408412532,0.13870047156195156,-0.034239936050390905,0.03658138798896639,0.0002037879907251,0.05277531882306654,-0.008566064664184919,-0.00152750910474078,-0.2054311526642169,0.14192629718941008,-0.1503748028874662,-0.23166577695644622,0.08152666063390017,-0.05057626028381212,1.0526458971008836,-0.6563346566483943,0.4931361364551709,3.120568882451597,-1.761268332112061,-0.9402172979893486,4.7896305021658046e-15,-0.6013581882760652,0.4443116386463916,-0.2439469282348055,0.24720332233154657,0.40658150303065765,0.1151932054949596,-9.036056730062208e-15,0.0009062935368466201,0.004360785178116801,0.0004114865588588801
2,0.7000000000000001,-0.9510565162951535,-0.30901699437494756,-0.07116938367571331,-0.16502337357946728,1.529432421253364,0.5313489697842022,0.9212278833978036,-1.0204562542191622,0.14284743132082908,-0.14596286971930342,-0.06095096626915499,0.5793650998927612,0.20179538335292665,-0.08858396998025367,-4.6584707638538193e-05,0.3464203802307126,0.046579666747231366,-0.1786000499281779,0.14525799612620335,-0.023383063723240567,0.03850656573060153,0.0002037879907251,0.052790182281215,-0.0084906444631734,-0.0015203775998473,0.005774288438674169,0.20322900373080394,-0.025764114452570173,-0.19733346301688967,0.06791834824066774,-0.05217230769463207,0.9880534604003778,-0.4521505277858649,0.22606904485104373,3.1417573499870124,-1.936413135278313,-0.8974081761073779,0.0,-0.5970719657662609,0.2121309430275966,-0.05341191492447066,0.3900519018222574,0.7120666594874656,0.16448417416106662,0.0,0.0008277129809262998,0.0044544723939595994,0.0004206922618944999
2,0.71,-0.968583161128631,-0.2486898871648553,-0.07518721734494226,-0.16282319668458506,1.5290233942278448,0.527256799013401,0.9221460513336827,-1.0209141949707312,0.1644563836011118,-0.16009640944672424,-0.061029375315235786,0.638124039121471,0.17580533790558403,-0.08651159410022524,-4.6584707638538193e-05,0.3371190701813071,0.05484283201296397,-0.18040560629629146,0.14953760077371922,-0.012745734873454762,0.04115618605559591,0.0002037879907251,0.05280436925408264,-0.0084159284905054,-0.00151333045045728,-0.3340353184599706,0.101140459579004,-0.061273888051836846,-0.25344058402411795,0.047309515946526055,-0.015580698023248359,1.4093894968033218,-0.9660420330897341,0.00848630531071792,3.6230276580199337,-1.2402205686850094,0.42466161901851623,0.0,-0.5370668864753781,0.5800099708733644,-0.2060963836131717,0.178264020188617,0.5709680898051196,0.20832261707895172,0.0,0.0008373340610657408,0.00437376785425544,0.00041253829366184
2,0.72,-0.9822872507286887,-0.18738131458572463,-0.08040892584502861,-0.15842199138050908,1.5286062329632333,0.5231530499397847,0.9230129390187806,-1.021472594745527,0.18630328278131866,-0.1753287968447886,-0.059242807961439964,0.7002800019615704,0.15493766389523184,-0.08647210970520927,-4.6584707638538193e-05,0.3255715573575583,0.0638260447800103,-0.1854937365924049,0.15370351314192557,-0.0031603377260370816,0.04876189174518878,0.0002037879907251,0.0528172641794681,-0.00834108267915038,-0.00150627114401516,-0.26823664603646763,0.23894402700268308,0.03602967264838723,-0.23472362767551172,0.046749626487058576,-0.020826349424336563,1.3499367289749973,-0.8328297321887517,0.11435439970323201,3.6825299217685394,-1.3468714741788146,-0.2867287826030084,0.0,-0.6098954726513834,0.4841089205050522,-0.23472464278866773,0.3272047943371769,0.5753516566228996,0.4893943499716974,0.0,0.0007430244324610399,0.0044243628608529595,0.00041711989717516
2,0.73,-0.9921147013144778,-0.1253332335643046,-0.08400447018275688,-0.15857232291194756,1.5299266494704418,0.519330380269643,0.9234388972070691,-1.0208140229426157,0.2164090271854432,-0.1884656281525093,-0.05709635836074381,0.765110792765819,0.1314088279844992,-0.0955419441918085,-4.6584707638538193e-05,0.31985176109519103,0.0713468075877895,-0.1857631834452678,0.15831496491037134,0.008155979659652786,0.054225303879770245,0.0002037879907251,0.05283018013538558,-0.008265293957738179,-0.0014991132274670199,-0.2118950509456942,-0.008854973151970497,0.019976737305667142,-0.21668482075294404,0.020857128780434952,0.044427028244430414,1.8239954529342524,-0.7591451870288508,0.20640180406287728,3.8103169574665245,-1.3895166907724616,-0.6137176190566049,0.0,-0.3697782891683562,0.4386915965126544,-0.00919324305835852,0.20257299192814376,0.707676187583826,0.2226118254903689,0.0,0.0007354537806862196,0.00448338047423766,0.00042445922124328
2,0.74,-0.9980267284282716,-0.06279051952931321,-0.0893772218238744,-0.15591405641724906,1.5266593942931161,0.515814852965052,0.9238756763253607,-1.0203666559463065,0.24604471732612637,-0.2020564802627264,-0.04939991871070392,0.8280891548211282,0.10941485435499453,-0.10776146927623176,-4.6584707638538193e-05,0.3097677233556103,0.07994430439146384,-0.1886369427442629,0.16022237334822964,0.017926211787890802,0.055517963788203915,0.0002037879907251,0.05284135832126722,-0.00818905851683426,-0.00149186510459574,-0.3328628597575976,0.17441272207466518,-0.2693064975555942,-0.1977074219336855,0.024405819726893253,0.02906413462507002,1.7729108457440554,-0.771368120036028,0.5539124178321552,3.6510661434302327,-1.1968667615820257,-0.7973897175148426,0.0,-0.6426892062178929,0.5092342864381451,-0.1967535190465851,0.038212538734968625,0.49766459681516206,0.03377987102103944,0.0,0.0006318608510750801,0.004496035151322279,0.00042863822409067994
2,0.75,-1.0,-1.8369701987210297e-16,-0.091277832257383,-0.151238246441967,1.5219278694494756,0.5133493176132965,0.924383024251473,-1.0201304958521369,0.2725716886928189,-0.2091211380342222,-0.0391373440535389,0.884470021217196,0.0893647346668894,-0.1248713319052381,-4.658470763848413e-05,0.2953751425523654,0.0845960744623844,-0.193346809947523,0.1587548596920827,0.0271766070517879,0.0591189259840864,0.000203787990725,0.0528510282398407,-0.0081113040980857,-0.001484431741618,-0.0135258099882237,0.4374035317055645,-0.3135226951368602,-0.1168835146834147,0.0412390583210831,-0.0141947103613572,1.3039408823368737,-0.2474878558977004,0.6263621119173822,3.066272809945818,-1.1814878334756362,-1.1492490226591043,0.0,-1.0759107508918364,0.1663219711502366,-0.3774217608514635,-0.137629709379459,0.5831560844936674,0.3121155821191809,0.0,0.0005117042432886,0.0046051347282,0.0004409243242296
2,0.76,-0.9980267284282716,0.06279051952931283,-0.09282698009623827,-0.143855940379374,1.5140551924777093,0.5115062991624032,0.9251243776785847,-1.0201706439583942,0.2950317465055072,-0.21425836140287546,-0.030187908316977572,0.9309581186294108,0.0790484419496372,-0.1532657273979804,-4.658470763848413e-05,0.2774639562095869,0.08804079056233441,-0.20069856705263514,0.156566350367234,0.036283518728331556,0.06409458064968412,0.000203787990725,0.052859150513394584,-0.0080331109442908,-0.00147691997721542,-0.09793340849397016,0.2388653175406167,-0.4907987551708003,-0.10345587784407197,0.03141083533762906,0.03957223509422095,1.5560717893076716,-0.29432954062181466,0.4304774558477004,2.603735110506464,-0.19988570614051587,-1.950355989438351,0.0,-0.8063546731573911,0.18223103763339893,-0.41021496348053094,-0.08733113178161113,0.5185367230010494,0.2633306517509917,0.0,0.0004970302339390402,0.00460109814957416,0.00044262059018894
2,0.77,-0.9921147013144779,0.12533323356430423,-0.09225309319458115,-0.14451498245473568,1.5075893565154794,0.510048241685639,0.9253914169359809,-1.0184849743402662,0.3259171799924556,-0.21639594161307993,-0.025065600606977698,0.9699459530585197,0.085185432166699,-0.18732248830073692,-4.658470763848413e-05,0.26924488228233256,0.08939766130743862,-0.20399345747935238,0.15502105321330165,0.04471379056854086,0.06361117678211288,0.000203787990725,0.05286760675912036,-0.0079541307073758,-0.0014693179053856201,0.09191441236920886,-0.044789680807854594,-0.3250361804348556,-0.07824167762430996,0.0178150126626745,0.10538375563625328,1.789540544392219,-0.05994559460029928,0.26527855007659823,2.0879942697697964,0.580793810537916,-1.9316762722037348,0.0,-0.4820601033240942,0.057327466043203545,-0.04900125939013267,-0.13028387956870707,0.4641358912241454,-0.23703582283675373,0.0,0.00046371925650482,0.00467994497977952,0.0004504032786558
2,0.78,-0.9822872507286887,0.18738131458572427,-0.08887381599830933,-0.1433089382869303,1.502287872302731,0.5091717879102452,0.9259120622105903,-1.0169488557833894,0.352722806990336,-0.21462356435900284,-0.02023734412856331,0.9984728749016593,0.09777834918664279,-0.21675533506011121,-4.658470763848413e-05,0.25826671404333756,0.08874189514617412,-0.20181562718156476,0.15163458763132373,0.05157926292494113,0.05642129927908508,0.000203787990725,0.05287392177418554,-0.00787339704405532,-0.00146153956454524,0.2701476958701998,0.08247676785696911,-0.2822163845064938,-0.03607336285117811,0.03405007115772173,0.09112269751018554,1.4988536062140543,0.2068035888492702,0.25687586912340604,1.449101946961547,0.7134288842364158,-1.5939400883555876,0.0,-0.6494908648997229,-0.1188896881138397,0.1890873727504482,-0.16489641829687926,0.40989204080464975,-0.4576980621931923,0.0,0.00034310895108536005,0.00479420357205342,0.00046209956554964
2,0.79,-0.9685831611286311,0.24868988716485493,-0.08467432626192342,-0.14242789512743767,1.49958725635884,0.5084073813250094,0.9265270355819777,-1.0152146840158844,0.377177661693235,-0.21247764470773778,-0.0187890116340326,1.0169166689890248,0.10697581094253149,-0.23644096474659634,-4.658470763848413e-05,0.24882969489945592,0.0872526589850086,-0.1979688411261452,0.15102189692801507,0.05907486633924681,0.04990473921069594,0.000203787990725,0.05287944536111008,-0.007791965148160439,-0.00145370998401958,0.20120642893946286,0.08587404032448465,-0.11122156466220731,-0.05442261829659774,0.04048007188870471,0.09809030842982197,1.368694616199383,0.043205147942633415,0.015586279104347463,0.8995671788392778,0.4809726304797521,-0.9063518966157142,0.0,-0.5940869884158116,-0.021389325818184642,0.25217265792416427,-0.044435858231838335,0.42237325127423336,-0.3427544624663346,0.0,0.00028586274668869884,0.0047721787354962795,0.00045825351113782
2,0.8,-0.9510565162951536,0.30901699437494723,-0.079402178678772,-0.1398633075912589,1.4965725353567931,0.5081060407377627,0.9273094622947308,-1.0136157904995893,0.3982554772619504,-0.207877084274723,-0.0174321667798118,1.025486768599142,0.1131747540694712,-0.2477038673154638,-4.658470763848413e-05,0.2381949835109267,0.0842355683571044,-0.1948100868861783,0.1515556491056406,0.0673058110250688,0.0439944188145484,0.000203787990725,0.0528831678453827,-0.0077099459922684,-0.0014458142259124,0.4068478439657029,0.1376145469399131,-0.2436446365060169,0.0121614480016521,0.0450583957458044,0.1006086711249091,1.2162112763891038,0.4644298872981903,0.1602636319834507,0.2761259209047533,0.3164612538831728,-0.4962258850039978,0.0,-0.578910736218885,-0.3218569164145046,0.1119613759347,0.1009832663836226,0.5358011307969452,-0.3963791837382953,0.0,0.0002044257272007,0.0048672898199141,0.0004696138647918
2,0.81,-0.9297764858882512,0.36812455268467825,-0.07336823194172726,-0.1392914135628651,1.492566499987552,0.5082433305357446,0.9279409084832041,-1.0115345732187695,0.4198750390981926,-0.20055118770181898,-0.01471136040735086,1.0242425014175263,0.1202295633534895,-0.25091969235952805,-4.658470763842966e-05,0.23046963359054043,0.07969046121263487,-0.19113581351125958,0.1532423716742274,0.07622093679566196,0.03222680435935047,0.0002037879907248,0.05288686488604188,-0.0076271453508087,-0.00143781661740906,0.2879480173697193,-0.008860571050854492,-0.18845405279710606,-0.004673945677863059,0.03377975303029964,0.13283795434302137,1.2882536866138128,0.3477168903513146,0.08322169093330828,-0.26190645189832507,0.48179892810653374,-0.1629769119508504,0.0,-0.3781906751240938,-0.1875397282002098,0.32350346790594464,0.13225266947541586,0.507411124109817,-0.8209676609062962,0.0,0.0002160388489048397,0.004849816479967239,0.00046821654875623997
2,0.8200000000000001,-0.9048270524660196,0.4257792915650726,-0.06928860188132306,-0.13778174932932694,1.4913435724077169,0.5079567529801607,0.928611723124797,-1.009532108457994,0.4382123767831892,-0.19633303686930603,-0.01691505604487741,1.0132050663966312,0.1264558118012894,-0.25616586649919376,-4.658470763842966e-05,0.2221412152405588,0.07814076663329075,-0.18141757313210477,0.15481421050981636,0.08364824559002552,0.01723905530097905,0.0002037879907248,0.05288898731905566,-0.007544995555165299,-0.00142989624637792,0.2462215321865121,0.15241865037071975,-0.0453326340421285,-0.015966061870628684,0.04250252980599673,0.1059958347947709,0.9569852615509301,0.2241339095379317,-0.19136087888376474,-0.8377560081421731,0.2796295031017885,-0.285085534666188,0.0,-0.6010413165835812,-0.07584299459265706,0.6388407368283726,0.012339755353457868,0.4262257889882226,-0.8567472810623412,0.0,6.860783218738617e-05,0.004846474069352601,0.0004673668005631201
2,0.8300000000000001,-0.8763066800438634,0.4817536741017157,-0.06391703062955735,-0.13757714709588673,1.4902157921732733,0.5079868195574803,0.929093229665779,-1.00730112988497,0.4556587137223928,-0.19156823705119003,-0.021504657282129188,0.9935651484887345,0.1328248950009878,-0.25658031520230895,-4.658470763842966e-05,0.21430898534000478,0.07484850961588997,-0.1747778505323717,0.155637584473714,0.0928287141144674,0.007673364490140451,0.0002037879907248,0.05289030611376976,-0.007461878421719859,-0.0014218622903859799,0.3517070771620648,-0.08083347385056222,-0.052088035900569346,0.010678360381551824,0.019823014923255795,0.14917027419912146,1.068383869623925,0.31900158383773136,-0.3647808644280009,-1.3587335460439562,0.43768733785026326,-0.00363457855982464,0.0,-0.33535370244403573,-0.26601001415913206,0.23948396187321794,0.12107994295164629,0.5802136863304558,-0.3588102273562258,0.0,9.278458511260026e-05,0.00490601033385494,0.0004744544781445
2,0.84,-0.8443279255020155,0.535826794978996,-0.05810685176892534,-0.13902913547513276,1.490430409322996,0.5081651573189061,0.9293590433813808,-1.0046643953675884,0.47232480510043173,-0.1867634332935061,-0.030898844980607014,0.9641932235739757,0.14012504648249074,-0.2564218072764917,-4.658470763842966e-05,0.2097688710654872,0.07021077176604817,-0.1712280290555881,0.15945311427694916,0.10284074242978365,0.003714672895373415,0.0002037879907248,0.0528911705448027,-0.007378698095776881,-0.0014138464843388,0.3102561645331322,-0.06508961619589688,0.024537948244736364,0.006953067203379494,0.014689921488045186,0.15354273992486364,0.9174942894954398,0.23594521203735988,-0.6016970684522804,-1.9152845560201959,0.38971901363307243,0.06484280093994113,0.0,-0.2680536857664924,-0.24315553015978586,0.17464862416652485,0.25518234352722985,0.5810490906252337,-0.2140131219441718,0.0,1.0529077169194199e-05,0.00487466338077266,0.00046950198380886
2,0.85,-0.8090169943749476,0.5877852522924729,-0.054331965780326,-0.1393097824211108,1.4893488974921132,0.5082513002473361,0.9295744460453776,-1.0021806109564628,0.4862234268447178,-0.1838562353526212,-0.0397001494337032,0.9268656898996696,0.1476414691533087,-0.2496504056566326,-4.658470763842966e-05,0.203941879840603,0.0671721142342674,-0.1724365334011716,0.1628299423942552,0.1111510922899896,0.0029324115798648,0.0002037879907248,0.0528903635064366,-0.0072964581806502,-0.0014058979299196,0.1763563637955232,-0.0140672671679588,-0.1241994831438331,0.0057769937941611,0.0096134127254839,0.1459469970979897,0.7905233940182728,0.145640418826811,-0.4754224604211524,-2.350552905427398,0.5189559966399109,0.6607396791443862,0.0,-0.3713450959777195,-0.1470135822207548,-0.1388459407347793,0.1355442945834433,0.4413799076325463,0.0184847188990133,0.0,-6.0832468610397695e-05,0.0048209110096742,0.0004672449825214
2,0.86,-0.7705132427757896,0.6374239897486893,-0.05224469132479563,-0.13969670722335895,1.4872712101653813,0.5082348003775249,0.9296456624126065,-0.9997493549444098,0.4979533366806461,-0.18266495953737805,-0.04813805456218822,0.8815205944098421,0.15289933934043148,-0.2350699899738392,-4.658470763842966e-05,0.19638962324025805,0.0661620575648317,-0.17177682096610153,0.1624406390419931,0.11883069627546819,0.0020545457175952194,0.0002037879907248,0.05288876149137888,-0.0072147683983722795,-0.0013979764940473599,0.09989443942831192,0.00834170519087854,-0.10590423236281261,-0.0050584374069236595,0.004105094206189065,0.1344007586142633,0.5862310210139506,0.029109947053534386,-0.5000243466455312,-2.830379317383393,0.07544095731000787,0.7953020833305879,0.0,-0.5224560743279448,-0.015386938414071401,0.05423357693212373,-0.10136755647296833,0.4309211208322993,-0.03338983886707949,0.0,-0.00014087400577250073,0.00479173317944802,0.00046400148570235997
2,0.87,-0.7289686274214116,0.6845471059286886,-0.05059158965984814,-0.14004147338133607,1.4859902568363308,0.5082092519982779,0.9296056457431005,-0.9974120302328491,0.506522864543777,-0.1819753833782842,-0.05730900225327691,0.8287000052138377,0.1487311472496265,-0.22448659506404642,-4.658470763837158e-05,0.18767318215587817,0.06571531829701249,-0.17250995667947083,0.1601152007067286,0.12501762717196033,0.002696485380074894,0.0002037879907247,0.05288612979508788,-0.0071332582377002605,-0.00139009116287602,0.10535133643014294,-0.06956390391285244,-0.0521485919883622,0.0018260567180113443,-0.008761026086026337,0.14728840149400596,0.508297388548864,0.04880732534985481,-0.6085198823894337,-3.2440868613794844,-0.2676517828655844,0.6832246903003915,0.0,-0.43144402339900395,-0.05716133297244229,-0.10473984900003516,-0.07604119919189632,0.37210072047295717,0.12481018444035076,0.0,-0.00013470460540412018,0.00480612090267876,0.00046510143605534
2,0.88,-0.684547105928689,0.7289686274214112,-0.04871463700747842,-0.14142609325093003,1.4857916941317906,0.508261499385376,0.9293344907041192,-0.9948243749446728,0.5143182096163117,-0.18215455781102438,-0.07025129128746965,0.770638198774775,0.14545681107414826,-0.20663465342725093,-4.658470763837158e-05,0.18178518740005062,0.06405527666420795,-0.17705042612779082,0.1614016487322819,0.13278005118370553,0.010939591227520955,0.0002037879907247,0.05288357112797498,-0.0070507900401648,-0.00138210340978676,0.10519511267514219,-0.07689823659160712,-0.00044247469802955906,0.003616902649172456,-0.01859597041363986,0.15057488427353038,0.4103519256564864,-0.03138171898776135,-0.7944487514921298,-3.509379481881054,-0.3119318469302086,1.1098866367488252,0.0,-0.35253647929777787,-0.0973480316980995,-0.25492949164146433,0.0728006628890177,0.5024331528396014,0.5435045614851256,0.0,-0.00016013770036962002,0.00487313862813058,0.00047252611217832
2,0.89,-0.6374239897486896,0.7705132427757894,-0.04757320467391864,-0.14305941651105186,1.486133117750844,0.5082974278426029,0.9289307072895835,-0.9923013696308091,0.5198716446763766,-0.1827996227028889,-0.08427531480545533,0.7076187255488345,0.1323743700087536,-0.19081581633879907,-4.658470763837158e-05,0.17517035471833284,0.06341411961562009,-0.17729653307653392,0.16054600696317242,0.14100885365731936,0.014890789041006557,0.0002037879907247,0.0528807201820741,-0.006968258977787759,-0.00137409776294916,0.05089637175254286,-0.08956728997386187,0.03139052255509471,0.001955812683451258,-0.025451273655935528,0.14468087204100416,0.268825469359874,-0.04291526956241479,-0.8545029790955674,-3.8015665748078487,-0.9121118031398702,0.93941015558033,0.0,-0.41791856997005983,-0.013546001224236888,0.02012422444289621,-0.0860084512096436,0.43622794069083004,0.1496583192168256,0.0,-0.00018349397643842085,0.00484182980670818,0.00046933170427867994
2,0.9,-0.5877852522924734,0.8090169943749473,-0.0475493155257613,-0.1438457322567411,1.486737329899208,0.5083129258672339,0.9284736895484468,-0.9900822745565356,0.522162956215251,-0.183752227476045,-0.0994970558672411,0.6408343225216975,0.1194670818157988,-0.1725589822355566,-4.658470763837158e-05,0.1662126921490545,0.0642484024847663,-0.1769575587240782,0.1574619415895843,0.1482862905914765,0.0186083701099757,0.0002037879907247,0.0528767645211523,-0.0068866494768154,-0.0013661915306325,-0.0336084503829743,-0.0505031964454738,0.0401293744961904,-0.0004001588371755,-0.0298810620220459,0.1285233444941675,0.0966554300358522,-0.0629464516944599,-0.909627634059994,-3.98349133351662,-0.6553182549544723,1.119053633361296,0.0,-0.5338618916089073,0.0808963004468044,0.0262678407878971,-0.2003330434068297,0.4634497310201734,0.2704656698613953,0.0,-0.0002335864731179,0.0047819878262346,0.0004633897299128
2,0.91,-0.5358267949789963,0.8443279255020153,-0.04853076327734069,-0.14565637163938835,1.4873885665338769,0.5083713821727226,0.9277940204519031,-0.987719418642264,0.5247342308821196,-0.18495376097259758,-0.11579781836199698,0.5738171562584837,0.11059384040701445,-0.14792308655962835,-4.658470763837158e-05,0.15944108512322194,0.06516426244744901,-0.17972828186507747,0.1565384118445973,0.15709563056332357,0.027397020059142553,0.0002037879907247,0.0528734556869013,-0.00680553840965178,-0.0013583110999411598,-0.07650026331982614,-0.0909585988420464,0.03661783267082433,0.003917689110019372,-0.04201440837866412,0.13492090988027308,0.1315478399141552,-0.09406103010477215,-1.0072182076960214,-3.9049191622367347,-0.4410941006110478,1.6739954242031319,0.0,-0.40916807268313,0.06053008282463844,-0.26288772336697297,-0.03656858612697598,0.5067842981314319,0.6533235985121792,0.0,-0.00020748064012674058,0.00475640306485336,0.00046261478121124
2,0.92,-0.4817536741017153,0.8763066800438636,-0.04932871780965513,-0.14497218953657431,1.4887666557814383,0.5085904373680816,0.9271731586008025,-0.9859710121879629,0.5231646138645584,-0.18603166664185855,-0.1346133254732613,0.5077615143879107,0.10396786611134078,-0.11262917736125529,-4.658470763837158e-05,0.14869583547386978,0.06625572480888003,-0.18225467325892125,0.15358521270599476,0.16414865703465784,0.0354659577965377,0.0002037879907247,0.05286830306837176,-0.006724687507081299,-0.00135044029126964,0.03330469381291107,0.11820265701048305,0.13570535165364733,0.02717780921256789,-0.03252748026574755,0.08423988960843867,-0.2532774558306049,0.015627768961648886,-1.1915710823407681,-3.89706170306018,-0.3519913871173223,2.31397352021277,0.0,-0.7395021467981194,-0.005514700214582946,-0.012712266511408318,-0.18954243992561198,0.42615713150684564,0.32081456685135457,0.0,-0.00035195817992296106,0.004781426404992481,0.0004658605051177601
2,0.93,-0.4257792915650722,0.9048270524660197,-0.04658587222860556,-0.14345933827744844,1.4930164720624757,0.5094519855832836,0.9265329664752421,-0.9844897273067114,0.5178948883736259,-0.18329004685659653,-0.15600664461495495,0.44254701636763416,0.10055412733104144,-0.06827127910384895,-4.658470763831736e-05,0.1386659079396073,0.06284363181397415,-0.18464809156423798,0.15523691083093208,0.1735798689135209,0.046401956692435,0.0002037879907246,0.052862345484426455,-0.00664271854076214,-0.00134244311876382,0.1405061565732769,-0.006756659864131889,0.25370231507039653,0.05225440528876766,-0.04690449473972014,0.1044435944827147,-0.18892971634784367,0.1775591567414588,-1.1814667212258134,-3.7390258376037644,-0.12873827055849146,2.6812511207973926,0.0,-0.4094326988175349,-0.2267974647809917,-0.35571234121668976,0.24784347547470084,0.5673211979413385,0.9179376108109143,0.0,-0.0003199497272579998,0.00481650267111152,0.00047042752539112
2,0.9400000000000001,-0.36812455268467786,0.9297764858882515,-0.04688527066805595,-0.1461561188511789,1.4942725191315482,0.51027363567557,0.9254633167545059,-0.9823373627444975,0.5194812136483973,-0.18061171302694234,-0.16976547781431398,0.3834575648821953,0.09725218017555826,-0.02585282230732401,-4.658470763831736e-05,0.13405492373261313,0.06129256697589414,-0.1932278569427044,0.15806049078428844,0.18294349575033736,0.06233400218185468,0.0002037879907246,0.0528578238720555,-0.006561479348022439,-0.00133447279701978,-0.0703604153204255,-0.19792539010628898,-0.011367902511527864,0.05003664130510886,-0.06826295065999005,0.12877534809111663,0.1848907277011643,0.1687319799609037,-0.6450972891915834,-3.3354919879128366,-0.24861995957055968,2.380962295555583,0.0,-0.2941490476664772,-0.01730546358051121,-0.3500515681506711,0.02535682255183601,0.5617276005477772,0.651942343333311,0.0,-0.00024381231614509967,0.00476604738571252,0.00046888847065818
2,0.9500000000000001,-0.3090169943749476,0.9510565162951535,-0.0484924714163569,-0.15017849812705092,1.494396765503615,0.5111237854835684,0.9241959172759124,-0.9801456071296653,0.5241900772880065,-0.17797444518177497,-0.17963941151880253,0.3315625746488112,0.09327179313142424,0.013015732577256616,-4.658470763831736e-05,0.12901044310775633,0.06210456497961059,-0.1929560133915199,0.1565249546011326,0.1917051839614018,0.06375367508772324,0.0002037879907246,0.0528542905856651,-0.006480689381641199,-0.0013265146796449,-0.0697173616669176,-0.23071296063079566,0.07586149970460038,0.05283430082361343,-0.07531652125168645,0.12475179583626335,0.26220376690401603,0.1534811609830054,-0.6331499278193575,-2.9152250360728784,-0.23449154135062525,2.2395286773702683,0.0,-0.2816743180209766,0.01804310076618724,0.07417238462561034,-0.046792002993683815,0.4966796930993139,0.062444958797115105,0.0,-0.00020548260070420127,0.004761859298018001,0.0004686342610313001
2,0.96,-0.24868988716485535,0.968583161128631,-0.04690841479166873,-0.15257322767292658,1.497150880483409,0.5125423475625688,0.9230126162265051,-0.978470988112345,0.5255162992782906,-0.17301464669832398,-0.19399005190998853,0.28499216501305,0.08802095943167491,0.049911838952391784,-4.658470763831736e-05,0.1222504040403685,0.05933755191530352,-0.19075387468270205,0.15615960175468066,0.20055005546715915,0.06598462423320822,0.0002037879907246,0.05284996442843606,-0.0063988098045083,-0.00131843372771478,0.1371873122795939,-0.13487179664820126,0.1613551839845501,0.09578660413567952,-0.07006643505565142,0.09315029721563677,0.06184487548106621,0.3455104194967926,-0.8956920228507858,-2.615487587742539,-0.32733695043393096,2.1267951971327768,0.0,-0.4003369211425396,-0.2144468373163265,0.1925397836460563,0.013976664901915042,0.5650731536921954,0.04952523346604807,0.0,-0.00025025978488272074,0.0048393888231335405,0.00047868161523708
2,0.97,-0.18738131458572468,0.9822872507286887,-0.045345246876032724,-0.15528770734798833,1.4987951348770077,0.5142645659867451,0.9217455533298904,-0.9768923973205469,0.5281724652786997,-0.16727572940576374,-0.20740171305580582,0.24618380587045446,0.08397284763091128,0.08406713739868146,-4.658470763831736e-05,0.11684092122013133,0.056114337977157265,-0.18830098004655588,0.1587223846386501,0.21215667841630217,0.06700957480778373,0.0002037879907246,0.05284633016526184,-0.00631699956875496,-0.00131028402498356,0.08173749581790044,-0.1243830159458878,0.06966183992268127,0.10631500055480021,-0.0733640673347884,0.08299947125176896,0.14329398576162417,0.3391901930617796,-0.734213194928405,-2.106231241272565,-0.14687161722834657,1.9599643736207022,0.0,-0.3527057072120775,-0.1852294039981455,0.07656956202692318,0.1694545151543579,0.718344997115462,0.15006000329979027,0.0,-0.0002279916588650197,0.00480268340407124,0.00048065161487488
2,0.98,-0.12533323356430465,0.9921147013144778,-0.0432506880519805,-0.15651068950825525,1.5002331934130013,0.5163528000490717,0.9205483418029332,-0.9757929166397915,0.529424415297556,-0.16069270856347914,-0.22044823357543256,0.2149198647699094,0.08303687704181112,0.11515101114538104,-4.6584707638306405e-05,0.10948214343670912,0.0518463783221591,-0.1879458486442277,0.16113764747015819,0.2238578800290356,0.07090615567215963,0.00020378799072458,0.0528418981362132,-0.00623496874421968,-0.00130204818480396,0.13733144082527549,-0.08471819887724681,0.09741470194628907,0.13027154338065836,-0.07150526744944043,0.061987834286798056,0.08100523090092693,0.4067092301825978,-0.7985289712326208,-1.6895410412913123,-0.03387063905242493,1.7319918085448023,2.1915202382577345e-15,-0.42260189674027304,-0.284012734767686,0.0064312625177754094,0.1508244145058374,0.6699135854616295,0.20662952230600118,-5.279164893049801e-15,-0.0002464428356122798,0.0048311932375103605,0.0004857589972326
2,0.99,-0.06279051952931326,0.9980267284282716,-0.041281400120304866,-0.15811704845767538,1.502356975039029,0.5186558497757257,0.9193148269384862,-0.9748310618675207,0.5309897844474375,-0.15434456601464958,-0.23270031737631766,0.19132943208107728,0.083212626236551,0.13993412826747184,-4.658470763826257e-05,0.10333226806188169,0.04624136083429204,-0.19276471796353833,0.16578770445644356,0.2345841892823414,0.08235854994293323,0.0002037879907245,0.05283821287736324,-0.0061535245338374,-0.00129384324498848,0.06546756734061582,-0.11348552897389454,0.10680395132763382,0.13357600060253969,-0.07458700661664756,0.05696139470206891,0.14304553178630006,0.32180073942126863,-0.6321972945722406,-1.195843329750102,0.04586616923515351,1.2960179364142868,0.0,-0.31722591579014364,-0.31419801695777283,-0.5098968347257097,0.3145387451935516,0.5848920891219974,1.0273354425325396,0.0,-0.00020066064735842036,0.00475575204284246,0.00047991698571804
2,1.0,-2.4492935982947064e-16,1.0,-0.042343824418564,-0.1622735032473512,1.5025991026495051,0.5207483063972754,0.9178417425665352,-0.9736103834971886,0.5377619214653871,-0.1508814324228448,-0.241438239699646,0.1784292024151757,0.0871262691079647,0.1576744388543017,-4.658470763826257e-05,0.0994100935958871,0.0438601728481488,-0.1985136030191521,0.1687657869029526,0.2437464740922084,0.0931489546951391,0.0002037879907245,0.0528352735731774,-0.0060734471034729,-0.0012857292135982,-0.0515727619395393,-0.2303071023014838,0.0327386882091835,0.126176281237825,-0.0865892775626216,0.0621470035603092,0.3802961059492881,0.1904567585560353,-0.5284516437830495,-0.5631391288323548,0.3388823087893067,0.9217018674166888,0.0,-0.2811106054414932,-0.1138495974086759,-0.0796672927647246,0.1252082047146434,0.5545448723994252,0.2407603459109581,0.0,-0.0001922910883941,0.0047079766246481,0.0004779327236897
3,0.0,0.0,1.0,-0.0420788931234636,-0.1626742830234909,1.5032307665603062,0.521451702092689,0.9174621964235212,-0.9734689961178852,0.5384413206208117,-0.1496573479934423,-0.2443344647947068,0.17597656808821,0.088901736005062,0.1617043974846861,-4.658470763826257e-05,0.0971055004913302,0.0428420969492586,-0.1980549047407967,0.1694691223149687,0.2466820782024485,0.0935984749137004,0.0002037879907245,0.0528340583209581,-0.0060498725983336,-0.0012833337560362,0.0529881110389199,-0.0801587569041042,0.1263371978464093,0.1406840562144512,-0.075911881843914,0.0282784642380619,0.1358845804673391,0.2448254429195143,-0.5792652652554017,-0.4905440106872845,0.3551057909322119,0.8060198977555401,0.0,-0.4609347313140569,-0.2036222967014825,0.0917428622301796,0.1406719991135426,0.5871413435727285,0.0899071861115487,0.0,-0.0002430589391499,0.0047150658269239,0.0004791082579985
3,0.01,0.06279051952931337,0.9980267284282716,-0.03977433379730419,-0.16123337622282624,1.5062438670219185,0.5239733751360499,0.9164363664096161,-0.9736761625694931,0.5365327690731077,-0.14490993928250376,-0.25091834782289607,0.1714301472937938,0.092895405225,0.16796288299567982,-4.658470763826257e-05,0.08667338933333985,0.03839298014847618,-0.19384400832133317,0.17193036462877476,0.2574753919884853,0.09206317589760721,0.0002037879907245,0.0528291065500319,-0.005975632587910685,-0.00127576462150161,0.12892020827533723,0.10095403129297278,0.1747035237238089,0.1628512620475733,-0.06551885428911787,-0.018732068427548085,-0.12608731669665038,0.2884114624720983,-0.2541335779815968,-0.15766680907249683,0.16898455001064275,0.1670275222698104,0.0,-0.666701053681153,-0.2698768980428348,0.2629587255141783,0.1696209952887112,0.7149702545731864,-0.1341143528131148,0.0,-0.000314729980231775,0.00469522503324287,0.00047982966796927
3,0.02,0.12533323356430426,0.9921147013144779,-0.03870835095031804,-0.16011790320993222,1.5093530180825132,0.5264970412552582,0.9153552221702506,-0.9740358493330217,0.5348065410540347,-0.1414590743684788,-0.2493492378472402,0.17239579977753478,0.09205051026226203,0.16441266663978657,-4.658470763826257e-05,0.0765103596477741,0.03468806360954361,-0.1918535722212068,0.17391745604580655,0.26726335288812897,0.09364415345036933,0.0002037879907245,0.0528241658930688,-0.00590260696103822,-0.00126829278106985,0.07802106110050532,0.08518936417271437,0.25115762176663287,0.1624783610360919,-0.06785455347794328,-0.031209884389074287,-0.16278236931828857,0.20900221177819603,0.2267224866038323,0.14736998612150498,-0.13194080943395073,-0.3867039802298164,0.0,-0.6700875333570211,-0.25028281612288594,0.1629737761854579,0.10627086914111206,0.5932697129255702,0.15968049497246747,0.0,-0.00032715595950456,0.0046210241244913405,0.00047223623283686
3,0.03,0.1873813145857246,0.9822872507286887,-0.038389164650834265,-0.15979912900649162,1.5138899694128714,0.5289713318774479,0.9141839739602948,-0.9744852881530953,0.5330834951848942,-0.1393992053897581,-0.24296435104479747,0.1782976908482757,0.09294841454353836,0.15673964572812815,-4.658470763826257e-05,0.06772881418761492,0.03172562159158969,-0.1856042531870935,0.17725409261790306,0.27800093036816936,0.09122588334522351,0.0002037879907245,0.05281913831140264,-0.00583032904700886,-0.00126089247727874,-0.07245427038892145,-0.06675450816682449,0.2675712861332745,0.1465696743457778,-0.08186477555385928,-0.017086354796850542,0.0048544011143533475,0.04431644000974751,0.5390064797822712,0.5123749909015807,0.2172169109383023,-0.5117315214834399,0.0,-0.4381073820924333,-0.09537615366707236,0.45471168249939875,0.2693003335503595,0.721848574391872,-0.30988003764023087,0.0,-0.00029988225964420003,0.00455682480971737,0.000467357394097565
3,0.04,0.2486898871648548,0.9685831611286311,-0.04010002982239876,-0.16107514797828368,1.518640026997021,0.531314826623495,0.9128676191591788,-0.974882923495717,0.5320981107730856,-0.13907872030199206,-0.2301184217450084,0.18760875884802872,0.09689556468488843,0.1458225425522395,-4.6584707638239665e-05,0.06142385635990554,0.03021835040505094,-0.17986441935195785,0.18265109806207713,0.2893727199442509,0.08857981967174494,0.00020378799072438,0.052813862079130164,-0.00575905430990728,-0.00125356807422862,-0.08128147863853045,-0.03475133779673842,0.34483798871689636,0.15617697564959274,-0.08038424782417346,-0.03926992120414366,-0.18012673172370608,0.04582667373705858,0.9397436376725677,0.5894565306455125,0.15855251686152605,-0.8255507841518485,4.58145640903288e-15,-0.4497092299725126,-0.1441633524993778,0.2988106685808313,0.35275300432680023,0.6849853648272377,-0.0338790052492735,-1.726543884923431e-14,-0.0003856685737793,0.00452390626089938,0.00046500145471208004
3,0.05,0.3090169943749474,0.9510565162951535,-0.04163385738130763,-0.16171961510511643,1.5250047327158327,0.533773955170484,0.9115695254196038,-0.9756682699945671,0.5283809647871753,-0.1389264613378924,-0.21374103608223097,0.1982162280820392,0.0982134348890912,0.13054973909469547,-4.658470763822439e-05,0.05351628130163192,0.0284349949311857,-0.1734755640940301,0.18608266407113294,0.2984967812137698,0.08642819694999777,0.0002037879907243,0.05280723130995015,-0.00568846523566385,-0.00124630306208585,-0.10448319684481659,-0.06565328222585293,0.42528139056150627,0.15676438788692604,-0.08530390422148112,-0.05225167770617828,-0.2409942156043011,-0.00884150867715283,1.015913723407009,0.7361275222214088,0.14390334905378782,-0.953582435906681,0.0,-0.5040375556051102,-0.09577044681107097,0.5103502909183912,0.17026045020126257,0.5748336574016043,-0.24376438970571024,0.0,-0.00042707627778344997,0.0044648726323372,0.000460246397055325
3,0.06,0.3681245526846779,0.9297764858882515,-0.04286152929151088,-0.16255718556917761,1.531786059633062,0.5364742217040562,0.9101983538285718,-0.9767242955214176,0.5227764578819247,-0.1382745301043135,-0.19957737481215507,0.2099327644930275,0.10123914180554547,0.11698664474352108,-4.658470763822439e-05,0.04502353077219891,0.026295032244276192,-0.16367245393333277,0.18904337139437505,0.30898691720554267,0.08256915255483321,0.0002037879907243,0.05280005740393275,-0.0056179435828033,-0.00123900383913105,-0.052087978401703455,-0.03223157183348589,0.4421829653952052,0.1814568715221282,-0.0870317894653586,-0.07633961342135821,-0.4355875330255766,0.0924315954980786,0.8605911492602765,0.6934088716771032,0.04763481017188578,-0.933233710291052,0.0,-0.5718445691150031,-0.17108107781934861,0.6776513470941807,0.19114843159501393,0.690236931121208,-0.25423674910552013,0.0,-0.00048445495996005,0.00449441709318756,0.00046571948060568
3,0.07,0.4257792915650727,0.9048270524660195,-0.040973402455235036,-0.16406746860997945,1.5395572026052242,0.5398610956701267,0.9087721859716638,-0.9777416007858336,0.516667973518422,-0.1340721066600312,-0.19223280415709074,0.21645350135315788,0.08028868729726478,0.09832131166745951,-4.658470763822439e-05,0.03759161122843897,0.020633162818849107,-0.15042666465597843,0.1928225083087501,0.31779909018804425,0.07234610653521058,0.0002037879907243,0.05279203672744707,-0.0055464953648381,-0.001231583926973975,0.2218903054640392,-0.15586076365546328,0.5037518768845607,0.23389330246932896,-0.09182031722090815,-0.05137117980954951,-0.30073980298210257,0.34696303279438795,0.13018564681511896,0.2404320155445334,-2.189532133987181,-1.1821762670591116,0.0,-0.38419474423459904,-0.4669572994850615,0.9199797423205361,0.2675898006686925,0.46791740501420465,-0.8587179118039573,0.0,-0.0005128079066799001,0.004556223263282084,0.00047397908369985
3,0.08,0.4817536741017153,0.8763066800438636,-0.03498586394156292,-0.16652120465169698,1.5465976020232117,0.5440831422448871,0.9074833093896725,-0.9784723565599979,0.5132276845041897,-0.12718284642384384,-0.19976444822856876,0.21756592293721913,0.044150777477244205,0.08561824429217023,-4.658470763822439e-05,0.03270049572133052,0.010459459094438532,-0.13901553905180988,0.19923258521451334,0.3237338676113829,0.061744910210942895,0.0002037879907243,0.052783793193687284,-0.00547433493884648,-0.0012240421824818999,0.4721021262759296,-0.12444883153046253,0.40970797735144304,0.2889813292699606,-0.07316202869074366,-0.04991922623400983,-0.2136322642166662,0.5039408544623757,-0.662457306418311,0.08097441854516114,-1.8696976206816882,-0.6644541121373402,0.0,-0.2741151363217387,-0.7570794999280848,0.547950303655641,0.5521604274408233,0.3620864353207277,-0.5381946484376957,0.0,-0.0005309246393841,0.0045929291615997994,0.0004812171627978
3,0.09,0.5358267949789967,0.8443279255020151,-0.02583853757472909,-0.16717986665168336,1.551774675255604,0.5491083235474684,0.9067174912714908,-0.9795075895121932,0.5097340447558567,-0.11786296975858282,-0.20946207755643304,0.22436700168602522,0.026889521163639525,0.0716157125617987,-4.658470763822439e-05,0.028846919301628336,-0.0030012373797657114,-0.13079707015943468,0.21179745326676194,0.3281306626124628,0.04588707521106799,0.0002037879907243,0.05277529085248771,-0.005402087235559825,-0.001216427718125255,0.55788163933722,-0.004144726859761107,0.27664700271885206,0.32091643759326466,-0.03542297616446734,-0.07544748457540604,-0.21064594934168468,0.5604523836664919,-0.5469630724565807,0.6669137503999855,-0.9133830404127133,-1.0808702972549402,0.0,-0.28530134232409654,-0.7931193870867765,0.6661899416807803,0.7988608932225039,0.18702225281183887,-1.4673777575946192,0.0,-0.00053897761228395,0.00455685260505009,0.00048199383513526
3,0.1,0.5877852522924731,0.8090169943749475,-0.01980105227077745,-0.16648749618005573,1.5543513398455968,0.5538697823444506,0.9065399987729202,-0.9809181820298808,0.5072426472402334,-0.11225084792252965,-0.2163343352483748,0.2421741647375816,0.0180771608437879,0.05262363973790424,-4.658470763822439e-05,0.023046069129149947,-0.011622186437248655,-0.11604194295154784,0.2234698046140963,0.3290128198894863,0.013287068229525379,0.0002037879907243,0.05276660537927145,-0.00533186921470795,-0.00120896421785845,0.31943272417803487,0.08129353834834716,0.10710075996077656,0.29762955784559547,0.0017663603891916319,-0.09730752403040903,-0.1612191925400269,0.27747435157811107,-0.38803667698916827,1.3137674674945066,-0.2647351780792881,-1.1365363695147497,0.0,-0.38900976938599596,-0.47401779901948526,0.9458078107447608,0.7896936576620095,0.005002078503919823,-2.084140589168115,0.0,-0.0005649100265245001,0.0044138098011549,0.00047051290225805
3,0.11,0.6374239897486896,0.7705132427757893,-0.018448219299643336,-0.15875295412400964,1.551538064808246,0.5582898745641904,0.9073141616115163,-0.9837036220964938,0.4979467492656451,-0.1108189994942035,-0.21920749963420896,0.26317665097940507,0.022562318513837522,0.04438355697512239,-4.658470763819684e-05,0.007451324726808593,-0.01397049394456895,-0.10114571096584277,0.23167594805937577,0.31170215286104475,-0.021092316853727963,0.0002037879907242,0.05275611300241099,-0.0052632179743143,-0.001201608490180405,-0.09108281217538827,0.7654912795969857,-0.36421725441072655,0.2642881958796871,0.0778355218776107,-0.2312947088967149,-0.8879256242104373,-0.04768125284740875,-0.06366824347832452,1.2834417148337023,0.49223859714684803,-0.14195395096214075,0.0,-1.4404822850252328,0.10813702157437416,1.0485893875440362,0.2368022896549099,-1.9023729323892966,-2.504301786128928,0.0,-0.0007240569645582751,0.0043281691620014,0.000464885978131715
3,0.12,0.6845471059286886,0.7289686274214116,-0.017161448445941124,-0.15599098860883795,1.5494473939144549,0.5629332296319519,0.9082036666218327,-0.985504403889221,0.49270295838442274,-0.10864784508011474,-0.22240924814670304,0.28017439301350794,0.029369702714549657,0.04412961459226922,-4.658470763819684e-05,0.0017645808097890734,-0.019385080837934034,-0.09275754274087598,0.24816936384151805,0.3079770129744423,-0.03737102160992188,0.0002037879907242,0.05274501927025272,-0.0051954037315555405,-0.00119430807489528,0.30514081686335326,-0.36331221934069224,0.08873253947446608,0.32936962805180925,0.029494006009595362,-0.007984424456850839,0.18399964930847645,0.37368296659617517,-0.31014890620309843,0.9426562906536773,0.3121440720553876,-0.08515785152559852,0.0,0.606501862079222,-0.7996193666673179,0.08707530238950117,1.7586438088311485,1.0824376003019396,0.12162624375339981,0.0,-0.0006807336376406601,0.00430373068917532,0.0004637673194065
3,0.13,0.7289686274214116,0.6845471059286886,-0.011072128869782398,-0.1614098905110958,1.550667090845862,0.5684608925619906,0.9089826180600504,-0.9857754317575169,0.492389485109882,-0.09972324025911486,-0.22550697084013255,0.2892793426543474,0.03326535931731825,0.04636030713034288,-4.658470763819684e-05,0.011975763888438334,-0.03300398057226055,-0.08482313512835153,0.2770712147183686,0.30868743213101396,-0.05456690138814396,0.0002037879907242,0.05273349250489363,-0.005127668232600165,-0.001186985103489735,0.4035077888490744,-0.14314873365147415,0.06626489457194454,0.35571257915100307,0.07242992396926044,-0.05865434904397274,-0.355434982321254,0.6310400962515653,-0.15397673608825996,0.37140474996401673,0.2635888779199239,0.25411941521610204,0.0,0.4076914015744785,-0.8248644960963172,0.9072239808550919,1.776644444279187,-0.698367342128036,-1.949069385865096,0.0,-0.0007955698097933149,0.00429582297296174,0.000465210358521255
3,0.14,0.7705132427757893,0.6374239897486896,-0.004087238925097954,-0.16063751667950824,1.552334768565391,0.5741530406508163,0.9105126527366723,-0.9872458021286653,0.4818191577228789,-0.08872138616787444,-0.22911382903296212,0.29254356798792563,0.03932943191410681,0.04961536655028916,-4.658470763819684e-05,0.017481007707922307,-0.04700742538448557,-0.06858860024908099,0.30990447991968767,0.297607131940739,-0.07672169453135087,0.0002037879907242,0.05271985258027107,-0.0050602513634813,-0.00117966042861757,0.40755322555309825,0.0677847671644086,0.09401668033526868,0.3565297481215701,0.10289115573974095,-0.0949326907551371,-0.693802367016863,0.6746007850007719,-0.2413200234171077,0.19769531727690517,0.4458185355152478,0.17100401450929342,0.0,0.4129227133973458,-0.8742684229084378,0.9451217997812967,2.2506782442511923,-0.6089117475223074,-0.9606352049881913,0.0,-0.0008697859321331199,0.00424873911465829,0.00046273401727449
3,0.15,0.8090169943749475,0.5877852522924731,-0.0008495041668398259,-0.16124299298179046,1.5540078349010575,0.5791940324235062,0.9121332127637733,-0.9884322394766032,0.4725127365134505,-0.08069799713308753,-0.2305053887479796,0.2949288876539832,0.04687115857899075,0.049279837560099876,-4.658470763819684e-05,0.027124545928767115,-0.05722672775095482,-0.05355178887382619,0.3465566935645866,0.2824077701888803,-0.09749902354445059,0.0002037879907242,0.05270639181234042,-0.004994820277067651,-0.0011725077845239002,0.11161622233772388,-0.10366712686082878,0.13236508687016482,0.30095734934240587,0.10193789065004737,-0.06408071971056269,-0.5459549339999749,0.4360660446489522,0.003714274467164309,0.0963390710009841,0.4886452305723989,-0.1812271327091425,0.0,0.721574111994403,-0.5252429834592609,1.0629377889000582,2.3447193170617933,-1.2090908076820117,-1.7056631857057227,0.0,-0.000851621436988225,0.00410904538566435,0.000449946359368825
3,0.16,0.8443279255020151,0.5358267949789965,0.001183350508298122,-0.1622170566703828,1.5560876712508755,0.5839468461385527,0.9138523510323935,-0.9894998731198359,0.4622368318534299,-0.07295485393331198,-0.22964809496065314,0.294592074292179,0.055266245396006546,0.04325514657241512,-4.658470763819684e-05,0.04021170366611763,-0.06547723786122754,-0.035807728208773114,0.3872317535374804,0.2605709945202898,-0.12595661788696108,0.0002037879907242,0.05269266941956982,-0.0049305591174140595,-0.00116543967049728,0.18814653608763354,-0.021134075937310634,0.11786181652673516,0.3123474955963379,0.11351926792690584,-0.07203458299581837,-0.7241883785980335,0.5668225624064575,0.04132830609986523,-0.07253971398494799,0.5480486020891356,-0.3785167469886232,0.0,0.8811679973765565,-0.5987090532700262,1.0388949184436123,2.744312924083765,-1.4166189585863231,-1.6225768114660595,0.0,-0.00088485190330424,0.00408795268458252,0.00045074715364662
3,0.17,0.8763066800438637,0.48175367410171516,0.004666767707120527,-0.16275238963863972,1.5580446720841101,0.5888664017480316,0.9156330654798384,-0.9904995690534061,0.4507388834388559,-0.06382088645169831,-0.23046177933368264,0.29261955488352176,0.06382680785038945,0.040598506170245595,-4.6584707638175074e-05,0.056924738990379815,-0.0755830337678298,-0.02314385421180059,0.43455645009134175,0.2360389552924966,-0.14687013020136405,0.000203787990724,0.0526791066208017,-0.004866608166792725,-0.00115836019672312,0.2024665947548023,-0.02030249589396114,0.1310226002928209,0.30427773100768984,0.11323326972958946,-0.06247525923689784,-0.745072843080852,0.5352100697408941,-0.12590484743823216,-0.135322940463048,0.5320910335091333,-0.05838626455068341,1.9589507435854042e-15,1.1310103558931823,-0.6100245750270857,0.7016303959805217,3.144919113322434,-1.6568164559850118,-1.3014873918201195,-1.480312965389319e-14,-0.0008572454306802701,0.00402755200076138,0.000446715039429035
3,0.18,0.9048270524660196,0.42577929156507266,0.008009394610674028,-0.1617661774689993,1.5603337239381874,0.5935186490169186,0.9174349024341796,-0.9915811103265665,0.4378545743865646,-0.05638508004998026,-0.23606993162336326,0.2910635011899349,0.07236831096436501,0.042322835064941194,-4.6584707638175074e-05,0.07633330405975233,-0.08506064542002326,-0.014989672653935493,0.4893659249167314,0.20643905438484675,-0.17012711076931358,0.000203787990724,0.05266509234854127,-0.0048035705634935704,-0.00115133473389464,0.2263988895764538,0.06183177169699666,0.16682648991871946,0.2918020292128191,0.11158989460571773,-0.06392724469504714,-0.8017009014200284,0.44637515277618584,-0.46615547140353075,-0.06473792343028952,0.5789129402990727,0.1963231209988273,0.0,1.3214635343851622,-0.6110897183440629,0.48503510062372,3.5993697233603115,-2.004727067435114,-1.5359078067347502,0.0,-0.00088646771500058,0.00399092650588126,0.00044578543948282
3,0.19,0.9297764858882513,0.3681245526846781,0.010769607641026187,-0.16211777257472998,1.5639680535970757,0.5978008954935987,0.9189972167750156,-0.9922242784494886,0.4275775696664538,-0.05091244583782827,-0.24367302749061312,0.2913789710391961,0.08213727855636138,0.04677985937635853,-4.6584707638175074e-05,0.09983458013541044,-0.09332775328842013,-0.004512419515902637,0.5453499014423508,0.17017020571677063,-0.19474398217768274,0.000203787990724,0.05265150784642883,-0.004742065548610335,-0.00114443738761915,0.13772104561360754,-0.04224467635230783,0.25945831905874644,0.25982084567758235,0.09364294565454896,-0.03289204144720792,-0.6025958407249739,0.2961383582507734,-0.4397281942937116,0.05743182478031392,0.6271289811885983,0.2532324007249893,0.0,1.561679858709397,-0.46141876857491776,0.7377561729699184,3.5653968708223465,-2.4739100865286288,-1.6625375799655895,0.0,-0.0008566544701585699,0.0038499829081906647,0.000432659691324265
3,0.2,0.9510565162951535,0.30901699437494745,0.0135059185011761,-0.1627845837264303,1.568816290243464,0.60180968964908,0.9203015460506254,-0.9925709150892874,0.4186071096296389,-0.0460956900141084,-0.249945029176978,0.2932475621960921,0.0921902672027291,0.0481782792922189,-4.6584707638175074e-05,0.1276429007328948,-0.1010967495863875,0.0048743689318505,0.6074474265789046,0.1291976331585492,-0.223835920305976,0.000203787990724,0.052638387030811,-0.0046821242084617,-0.0011376943610268,0.2283788705224259,-0.0478448888669906,0.338366916558994,0.2575008114543662,0.0764836551749032,-0.0147502607069187,-0.5498057690879978,0.3410385512593988,-0.4310053876686505,0.1452390261973817,0.6160002293350344,0.0669063105460536,0.0,1.888172061641329,-0.5584828487548348,0.5124748240055965,4.159446521123669,-2.565126509749553,-1.8562721558908324,0.0,-0.0008240802933127,0.0038103070640875,0.0004294298927119
3,0.21,0.9685831611286311,0.24868988716485496,0.015976348206306893,-0.16434513024168643,1.575146685274454,0.6054348441168926,0.921208766795299,-0.9925065842809039,0.4112552123608872,-0.042340081481173665,-0.2572583152134296,0.2956466276457966,0.10135233604680617,0.04943674509975616,-4.6584707638175074e-05,0.1591867770977023,-0.1074607595916212,0.015832827352124268,0.6722231146570007,0.09663106672807778,-0.2506706832021272,0.000203787990724,0.0526256957701145,-0.00462348804067282,-0.0011310557998574099,0.09179855970142496,-0.11130942968436908,0.43085469268910626,0.21071838974058327,0.04778772765764249,0.010669360818793801,-0.44149650341162283,0.16406738486208997,-0.43735705067042924,0.14934659030208147,0.5983782590051184,0.03242788430710278,0.0,2.017540427410846,-0.2673813214147535,0.8504986814632589,4.0154395224381085,-1.7473549379991704,-1.6145962695632614,0.0,-0.0008148118534915848,0.0036700045912123,0.00041667619114453503
3,0.22,0.9822872507286886,0.18738131458572474,0.01883004352069872,-0.16345245032916506,1.5820996268059626,0.6087934479817412,0.9219254718461192,-0.9926695684649488,0.4010528257499612,-0.03807217858647571,-0.2635739703015179,0.2968483446485317,0.11088389110406473,0.04863379444363089,-4.6584707638175074e-05,0.1888506270890918,-0.11160523348824898,0.03064222633986858,0.7347963754354526,0.07827273369418117,-0.27486413604975385,0.000203787990724,0.052611674438218146,-0.00456604966175677,-0.00112449731428917,0.2612552488985307,0.16591440783905426,0.4269284481480825,0.22284767207925854,0.04706038139873986,-0.02565370557443203,-0.7883809521107428,0.3684514701218464,-0.40333598428530054,0.023390626021761014,0.5762242452933072,-0.04517116334815396,0.0,1.788425759864492,-0.3258217184668314,0.8889255105331056,3.9577789825148963,-0.9156353575333571,-1.5537847016330708,0.0,-0.0009261483135413301,0.0036466931713735697,0.00041762294760677
3,0.23,0.9921147013144779,0.12533323356430426,0.02381878772782952,-0.16065439571602094,1.588288502164757,0.6123410716642692,0.9225587433344822,-0.9929668652017662,0.3884936760027498,-0.031251730889435496,-0.27020069572611083,0.29702732446847485,0.11937368365172346,0.0485827791384379,-4.658470763816621e-05,0.2170827651461083,-0.11740096868282769,0.04237149655057737,0.7942266162476804,0.07250610161943961,-0.30336724867780845,0.00020378799072390998,0.052596843818621154,-0.00450890398706339,-0.001117901888708495,0.3079215716324718,0.10318072885144368,0.3793398101959188,0.21980971519208825,0.0320038047153589,-6.865598285315383e-06,-0.6954180344847147,0.4266365758169208,-0.3969805908411297,0.031065938059222243,0.5311989945362618,-0.030889916162230927,1.7723259218117203e-15,1.8898735620457512,-0.34378115356754074,0.6890706995925566,3.6664139270819502,-0.05251450250730619,-1.9325916148619011,-1.5164181596671237e-14,-0.0009226066174341649,0.0036014603339718297,0.000417383185352225
3,0.24,0.9980267284282716,0.06279051952931353,0.029358395817899216,-0.15988860411293912,1.5942144881767142,0.6158483927977998,0.9229754685971144,-0.9926797195056037,0.37829276926360944,-0.022902615473774326,-0.27441437939908303,0.296117828905647,0.12606657361307871,0.04481890439590618,-4.658470763815538e-05,0.24808253069492922,-0.12420229408611055,0.04995679499925136,0.8477094888881189,0.07792080323227502,-0.3231771544383885,0.0002037879907238,0.052582270060530636,-0.00445257381504252,-0.00111133369856578,0.38225131644415916,0.08651460929546317,0.3723926474026494,0.22632607594520607,0.029087277628084836,0.01462420054990473,-0.7076192049398028,0.5944806359967982,-0.2091542279049767,-0.11769503664047269,0.3821247172928791,-0.33757822394297654,0.0,1.920040940260644,-0.509091054463817,0.3413455661765664,3.2219205506953528,0.4574314926914135,-0.6688835049077803,0.0,-0.00096094094129178,0.00356871798383102,0.00041744452152614
3,0.25,1.0,6.123233995736766e-17,0.032666051411696574,-0.15813767446547003,1.5986195892446045,0.6189059444467351,0.9234802165490104,-0.9924356411563068,0.3672486373534836,-0.016282382536279973,-0.2760112573790158,0.29514348079544195,0.13276986949156017,0.03942900830170445,-4.658470763815538e-05,0.2763982383854621,-0.12963692663001827,0.05238654343544162,0.8912964583389688,0.08710748866936438,-0.32368301109509257,0.0002037879907238,0.0525664689803956,-0.0043981157245305,-0.00110489612444585,0.08749340609018441,0.11587330757539498,0.22690708839693957,0.17110004091585912,0.033468947696090545,0.016681951762831975,-0.6883984446662402,0.2913746104723802,-0.03481034409595675,-0.026773765462649424,0.4404401897950676,-0.3216181165259362,0.0,1.7231367438170409,-0.20150547459450546,0.09567425130967533,2.5024144106437216,0.66678948223753,0.07204893334908358,0.0,-0.00102190840074615,0.003390418599024175,0.0004031460789677
3,0.26,0.9980267284282716,-0.0627905195293134,0.03185497775274569,-0.1553186279904429,1.6015715896395724,0.621139018679599,0.9241275729903509,-0.9923203845412617,0.3550486966785709,-0.013444624854997811,-0.27384593839226656,0.2942164573492326,0.13899460491293517,0.03357212226562639,-4.658470763815538e-05,0.30066950682204213,-0.1302149701957128,0.05255824745421293,0.9233376672666497,0.0992949859062116,-0.3234299203787614,0.0002037879907238,0.05254934839583089,-0.0043464948857803104,-0.0010986960035020599,-0.1135194121087942,0.22009311037849671,0.1851888648803406,0.12663077214766633,0.04569260930685119,0.001833185132139069,-0.8263697666129616,0.1263726747733315,0.2035565518108156,-0.07749569829169567,0.348864486559033,-0.39214668227532024,0.0,1.4536229352578092,0.038263911410381816,-0.03378109941346267,1.8048630641988335,0.7806298877493951,-0.004374413911236412,0.0,-0.0011258239670537,0.0032197428358072704,0.00038873474938715
3,0.27,0.9921147013144778,-0.12533323356430437,0.028708740739580994,-0.15037883554402018,1.604832638182869,0.622713726396747,0.9249971740901559,-0.9924943084321312,0.34037478991142484,-0.012995411854052757,-0.2709995958718356,0.2927588108790244,0.14366111099306786,0.02729846195942401,-4.658470763815538e-05,0.32080314921722247,-0.12771477876116547,0.05124547741065811,0.9451958013079235,0.1103922185603632,-0.32348004195399604,0.0002037879907238,0.052530410823044375,-0.00429711169606779,-0.0010926809573131,-0.18562484293452702,0.34907010613943446,0.21805226508151368,0.09706809460921843,0.05905715193774771,-0.016513552859555435,-0.98370729725239,0.04762902041571226,0.16039979252887773,-0.11291446999030928,0.30421585791180483,-0.42731557593726305,0.0,1.2072376825013162,0.15426592966645655,-0.09227165395958568,1.2035265546718694,0.6826934700831678,-0.0008899113555007369,0.0,-0.0012368051447956953,0.003120124211462465,0.000381452047233875
3,0.28,0.9822872507286886,-0.18738131458572482,0.027826578510309053,-0.14618191188161234,1.6081752525649828,0.6244692202470074,0.9258563917044842,-0.992494667017762,0.3259952434259555,-0.010018720715885858,-0.2682641811540113,0.29044001783619194,0.14847586911604407,0.019967474887526645,-4.658470763815538e-05,0.3409329395164232,-0.12728372020540188,0.04944572542617833,0.9600076433937339,0.12043461411680538,-0.32348413296800355,0.0002037879907238,0.05251095168261078,-0.0042482452757767195,-0.00108666276462972,-0.0513726999146605,0.18906503704455715,0.1927168920162819,0.10904234053136,0.049364297573338156,0.015977757354086734,-0.8149215537636396,0.18752081963901618,0.19193622709861566,-0.13288597676567315,0.30116367545999767,-0.4629047498040328,0.0,1.3500282748618166,0.029795115923691686,-0.15181192486851663,0.7924585425812555,0.6080141092398285,-0.00042623949385062134,0.0,-0.0012200456622897,0.0030749614058770396,0.00038059056743767995
3,0.29,0.9685831611286312,-0.24868988716485463,0.02308856888349679,-0.1460567425621649,1.6099743228986754,0.6254226752046577,0.9264150898484654,-0.991638160260916,0.31777665195296895,-0.011823254924062887,-0.2646922122721049,0.29088625516909494,0.15573785820022484,0.013771170478057319,-4.658470763815538e-05,0.3640215155528564,-0.12192797844103861,0.04502245813100194,0.9667153327071925,0.13016434365689705,-0.3234948205165051,0.0002037879907238,0.05249199144703897,-0.00420164772249629,-0.001080819985038565,-0.38582780306697884,-0.01697515890077212,0.09528572670739453,0.040754239577158076,0.03310916025907237,0.06043489768622226,-0.4669236509180767,-0.22648517080728647,0.21623979308630367,0.08840222607425577,0.553146002760888,-0.3267509833085609,0.0,1.4425093964478912,0.46162793607007296,-0.31393908834356044,0.23186148550228008,0.6445071750973508,-0.0007362310071680199,0.0,-0.001211842655754365,0.002904559316900245,0.0003666039582111
3,0.3,0.9510565162951536,-0.30901699437494734,0.019818302207725548,-0.14427083706239002,1.6126179063430142,0.6263127740934149,0.9270598762278072,-0.9910765953259033,0.3072502567906607,-0.0126833320594259,-0.26333880107834395,0.2910448769210916,0.1636214386862862,0.01064945104263815,-4.658470763813798e-05,0.38362391295555853,-0.11719890453007835,0.0412744851580494,0.9649252020478603,0.1404628637806635,-0.32350751941489636,0.0002037879907237,0.052471822656723996,-0.0041558395395681,-0.00107500808814645,-0.10402793731644805,0.1453982914477021,0.1979888002534788,0.0690586927687901,0.04198778253355985,0.029717100608325497,-0.729785439132264,0.057803541697337445,0.03685323640860945,-0.035887337662913854,0.42621637885913666,-0.18219353700635946,0.0,1.19525719489065,0.1838356877820394,-0.21565233019158447,-0.27378298604871987,0.6364637785281579,-0.00085842244798365,0.0,-0.0013035503098761001,0.0029146741494119,0.000370757533772
3,0.31,0.9297764858882513,-0.368124552684678,0.0178891960808277,-0.14234999774924698,1.6154837844370955,0.6272571911099885,0.9276372031390372,-0.9905005778351481,0.2963229126824222,-0.01202569477867606,-0.261574310043564,0.2903261958792533,0.1694788614433403,0.005908167305794216,-4.658470763813798e-05,0.4020851261551464,-0.11411623729963707,0.03701186197359581,0.955520829934694,0.15001444363023186,-0.3235237340461066,0.0002037879907237,0.05245117996504715,-0.00411132112329561,-0.0010692616745989949,-0.1639082974836262,0.1224804937232985,0.17579033905822414,0.04801525261550422,0.034834889242832144,0.03740981913991689,-0.6929340213703181,-0.007705657223836045,0.16227179457007743,-0.05426971156292627,0.3853541000496155,-0.3505598922363984,0.0,1.1322279940215183,0.25659540006418613,-0.2840585024810764,-0.7821342851506309,0.6080676877746612,-0.001091062372236115,0.0,-0.0013286908586564849,0.00276044552251748,0.00035958059260922
3,0.32,0.9048270524660195,-0.4257792915650727,0.015513470399703223,-0.14200307081530528,1.6178053963661005,0.6279577842319218,0.9280081219184894,-0.9896366830052078,0.28720920560620367,-0.0120423972156651,-0.2591027896638155,0.2893861368677371,0.17609689577413068,0.001540745252824003,-4.658470763813798e-05,0.420352434907685,-0.11011433695278898,0.032208189815172886,0.9382504327175664,0.16066109307410273,-0.32352685118367297,0.0002037879907237,0.05243048080493054,-0.00406877211977188,-0.00106365342541916,-0.1221007602609122,-0.09392327195630903,0.09844998929004632,0.05091457952282882,0.012817376061210504,0.0753829174830787,-0.43184076360824886,0.032037081946637166,0.14513791415506686,-0.035331335252000995,0.4167584382901217,-0.20270326795420157,0.0,1.2460007297190838,0.19714457792400958,-0.36234903316487926,-1.2401629801265954,0.7057658884819403,0.0005875742920103754,0.0,-0.00129113914872358,0.00267902733209916,0.00035514707092672
3,0.33,0.8763066800438635,-0.48175367410171543,0.014199818174084932,-0.144833245821844,1.6178843898946378,0.628873062039187,0.9280460488682942,-0.988226937912795,0.2821585889531348,-0.011053368895750223,-0.2569645885823615,0.28935729077531136,0.182550137541802,0.00019115653262040345,-4.658470763813798e-05,0.44012917095193593,-0.10841043573331575,0.024840693525288587,0.9144936547887068,0.1713559054336962,-0.3236178083625503,0.0002037879907237,0.05241018366956756,-0.00402709656400246,-0.0010580661878156399,-0.07975276651590321,-0.1212673408914968,0.005873763060373526,0.05258623958572707,0.0045954537248901845,0.0786449418236903,-0.3919911438131053,0.04422466411488513,0.09960312151932842,-0.005369663884972901,0.4266836364944579,-0.04619511928806398,0.0,1.1470454029971051,0.11587189913578487,-0.4627962591870034,-1.670174948252458,0.659244200780496,-0.014396452607218144,0.0,-0.0013232451486897803,0.002626506519421145,0.00035412308670178
3,0.34,0.844327925502015,-0.5358267949789969,0.01254808982274528,-0.14463639856170582,1.618668596153054,0.6294372550274903,0.9282254448096698,-0.987393189319949,0.27314568204480916,-0.011292114519679798,-0.2574118628367788,0.288483137036778,0.19033215113906696,0.0013092973332115931,-4.658470763813798e-05,0.45424327756299293,-0.10610897169456368,0.01734702562920113,0.8824490573089228,0.18068149429157976,-0.32360241280979085,0.0002037879907237,0.052387995946430295,-0.00398665240811412,-0.00105255416341822,-0.06804267142278586,0.04248060616603145,0.0411745593315924,0.041190511143984095,0.011958013151386957,0.04551332179013268,-0.6278534890921339,0.02754303726882114,-0.08062991679707944,-0.09321733089282955,0.5087662517123687,0.16537008484364304,0.0,0.8134798130532105,0.06263053148742329,-0.5354637448336081,-2.1933184056769983,0.5554591472541865,0.05010843925449954,0.0,-0.00143805579740845,0.00256122293344956,0.00035053813473217
3,0.35000000000000003,0.8090169943749475,-0.587785252292473,0.012591520176658048,-0.14361135072561435,1.619518106415571,0.6302462996466385,0.9283889446430104,-0.9868155768708431,0.2623641018631762,-0.009074761421852394,-0.257345049932701,0.28627798392719833,0.19786622869237055,0.0017306360953035442,-4.658470763813798e-05,0.46525867308839314,-0.10754226674470195,0.007745291941185688,0.843880212696396,0.18786680662677252,-0.317083649656948,0.0002037879907237,0.052365005900100126,-0.003946850004796249,-0.0010470846132591251,-0.014966514677557531,0.06457386909343579,0.08651512076138403,0.043575565921638276,0.009354967963061298,0.03473083122732647,-0.6918716842649221,0.12725079246204032,0.048663120428842785,-0.1484156065046009,0.4494466535662356,-0.08856457031359109,0.0,0.6403883772417093,-0.07452113965913357,-0.596240322538176,-2.619315344650748,0.3735458247495384,0.6114442752104513,0.0,-0.001471530840801325,0.0024778189415637242,0.00034211162781324993
3,0.36,0.7705132427757893,-0.6374239897486897,0.011651516828188942,-0.1434345526900294,1.6206187646030736,0.63071310081469,0.9284539460058814,-0.9861824920454803,0.2522433382579845,-0.00822900995422956,-0.2576942602654784,0.28361412845655243,0.2048094923821351,0.0019316782022507585,-4.658470763812256e-05,0.47404782839064563,-0.10791983667482556,-0.0014230695269986885,0.7968814463420315,0.1902885511303706,-0.3064305644696257,0.0002037879907236,0.05234184022168244,-0.00390921068705672,-0.0010418003060080599,-0.053718643729783924,-0.0071352799767855635,0.028807963994792896,0.03076364569150287,0.0015568817231286654,0.04090744546372057,-0.6327124838336253,0.06046981805769285,-0.023550058058162918,-0.19198610105191108,0.4684326458530223,0.0750091312609488,1.849984616711016e-15,0.5150124905692055,-0.050150904748080316,-0.6167712784390605,-3.126745871659711,0.04291530896271408,0.6281986598536575,-1.4718558928557973e-14,-0.0014686261965218,0.00236573529002956,0.00033482818829528
3,0.37,0.7289686274214114,-0.6845471059286887,0.012195040655397707,-0.14326562007349997,1.620372732989586,0.6313935027185886,0.9284427901477691,-0.9856826513259869,0.24144723998178472,-0.005623378004207066,-0.25695487248771925,0.27987488838369273,0.21276246916345484,0.003824277110228199,-4.658470763812256e-05,0.480436127426984,-0.11057179243840205,-0.011885125277476259,0.7446129501485715,0.1877968793481459,-0.29843132143724616,0.0002037879907236,0.0523183653063565,-0.003872066291365985,-0.0010364945337405299,0.07149450114340467,0.020915310613336926,-0.0055256794842172725,0.04442666011422948,-0.0018742611417253631,0.027229664247364834,-0.7116195574158882,0.19416789737509133,0.024967164110852744,-0.24893636237051264,0.5153195335633401,0.15862265244716459,0.0,0.35461701687361685,-0.19628306510265103,-0.6492206526842588,-3.4181689173679017,-0.2570068521454617,0.4462836269886362,0.0,-0.001500463277020715,0.002351122787457725,0.00033709600125426
3,0.38,0.6845471059286888,-0.7289686274214113,0.013628650226294765,-0.14332610909080654,1.6210447619834902,0.6319537634887369,0.9283183765430608,-0.985239241330583,0.23046071306722937,-0.002893415767673163,-0.25910401986745024,0.27583333501012314,0.22127563624368704,0.00766631886349346,-4.658470763812256e-05,0.4855579629603669,-0.11333577351928378,-0.020518787732872378,0.6880955481937443,0.18041384738434943,-0.29639054515828234,0.0002037879907236,0.05229503365919271,-0.00383607573819531,-0.00103127468368076,0.11263503230254979,-0.0282490686688568,0.0582347483753338,0.03443017383982531,-0.011834405164811107,0.0304257860700543,-0.6770028361585183,0.1839986684380315,-0.19008561303700514,-0.2709378258889278,0.5195055792263921,0.2700525677984776,0.0,0.31992958329778903,-0.18092309704164972,-0.4784768003328511,-3.679257088054901,-0.5827577333481262,-0.05339018408149608,0.0,-0.00146936625598438,0.0022540131798530097,0.00032916265360809
3,0.39,0.6374239897486899,-0.7705132427757891,0.015695106555865392,-0.14521560800844766,1.6224721756646225,0.6323711993529498,0.927967189975455,-0.9845808642934364,0.22147492871840735,-7.324361005805471e-05,-0.26249613715753856,0.27181928242290393,0.22888363084694655,0.012407390676075814,-4.658470763812256e-05,0.4909054987596872,-0.11563653737980467,-0.026376713982292493,0.6273952895975448,0.1684960588966313,-0.29810292256741566,0.0002037879907236,0.052272324589379075,-0.003801717304098045,-0.001026177262840265,0.1060990018621355,-0.16204561730664846,0.10414590036849755,0.01590397168240545,-0.027521153879540412,0.04661848679173239,-0.5145079967070882,0.1336931866855694,-0.22077165702300913,-0.2172245027773716,0.5229196551465499,0.3204260104492981,0.0,0.3381962550284173,-0.09476437497248381,-0.3691500426323628,-3.9369926499648678,-0.8129172232381008,-0.03950276036049828,0.0,-0.0014271892680743998,0.0021263756102624896,0.00031895101210049
3,0.4,0.5877852522924732,-0.8090169943749473,0.0174088859960551,-0.1460387402970749,1.6242345185200495,0.632518512043198,0.9275775071870752,-0.9842801309818966,0.2108861462529631,0.0022957762553415,-0.2654869664211703,0.2679622599633988,0.2378635467883187,0.0173401775058944,-4.658470763812256e-05,0.4930168850811559,-0.1174020346959645,-0.0332505594815348,0.5638857379946052,0.1573450888315064,-0.2924637184837025,0.0002037879907236,0.052248872543412,-0.0037694313866667,-0.0010212476081138,0.1657993699397741,0.0370602446533995,0.1326683928766498,0.0147242516962566,-0.0212621597598278,-0.0015069703609551,-0.8101557346375459,0.2256632725035929,-0.217480693516144,-0.3112660635397929,0.5374972351932377,0.3313730022946576,0.0,0.005983320690418,-0.177545921425315,-0.4237840065226806,-4.067278490559019,-0.6193386634320693,0.5876523639919513,0.0,-0.0015299890594916,0.0020392769144934,0.0003129562050626
3,0.41000000000000003,0.5358267949789967,-0.8443279255020151,0.020299822103118446,-0.1464197689442513,1.625958311184996,0.6326608771787221,0.9270927734483564,-0.984206199525871,0.19941551115924788,0.005448220236389832,-0.27168363116004124,0.2630775245421386,0.24608532143616615,0.025260317707602165,-4.658470763812256e-05,0.4930934651009445,-0.11995730013293583,-0.03850729642523409,0.49829557979025835,0.14870125583416416,-0.27935428189541106,0.0002037879907236,0.05222479682798033,-0.00373807122920311,-0.001016356703930635,0.11024087091264825,-0.159366432741318,0.025907063376223883,-0.003251225037198846,-0.04276832336292441,0.027828406589442637,-0.5207264957016797,0.08393236068564298,-0.40437161425299506,-0.2118339965363982,0.5812103459481965,0.5735158410141028,0.0,0.09754177330004779,-0.08095126866887091,-0.34465693661254937,-4.222742655733984,-0.5518214469630306,0.9281480704713684,0.0,-0.0015004017348026896,0.0019443644360623393,0.00030725939125105493
3,0.42,0.4817536741017156,-0.8763066800438634,0.020778828497879265,-0.15106364442201917,1.6244982232417209,0.6324114692459724,0.9261861535331326,-0.9834793586665652,0.19438745504389188,0.005211935508312304,-0.2753148249372702,0.26170793334407,0.25685994102163145,0.03411796246102779,-4.658470763811883e-05,0.4957147083196751,-0.12029739535986773,-0.044710082713716605,0.4315975797961526,0.14108289080447767,-0.25709249684505325,0.00020378799072357,0.0522015512177666,-0.0037087144573439003,-0.00101160450341099,0.09066898704295645,-0.22591537980559295,-0.06917133216794516,-0.010287396059332259,-0.055483774476595,0.02865874273595318,-0.4347757150049895,0.06463563772034985,-0.2260758797222377,-0.1449423736942507,0.6472755403177453,0.5918524604209111,7.464992870947969e-16,0.07968134525508228,-0.0876110924862328,-0.37112596226616884,-4.203876429710068,-0.44992384831414123,1.7163068064599651,-7.230797016173131e-15,-0.0014976178521905299,0.00184849271253296,0.00030123281487249
3,0.43,0.4257792915650729,-0.9048270524660194,0.02524735050452539,-0.1513172800196797,1.6247902456589627,0.6325599855292973,0.9254529886685848,-0.9837591609761335,0.18243206508197782,0.009797019259327093,-0.2819990942333864,0.25648357526381893,0.2643936108525606,0.04502808687440294,-4.658470763811012e-05,0.49393461404528427,-0.12489915219839813,-0.05112027184524104,0.3682225298570507,0.13184504792402243,-0.22389624550779902,0.0002037879907235,0.052176943947792355,-0.0036797652252526453,-0.001006844700012295,0.3279438372749203,0.05303957111267235,0.033005288174414414,0.011931115041296085,-0.04477249979226677,-0.033525890643173455,-0.8558574725116853,0.3423261571103636,-0.4762907001075102,-0.37604058827262227,0.4352177317864961,0.6782144351992679,0.0,-0.17057030029314577,-0.34473344613269435,-0.4764219398636328,-3.9174258272991653,-0.6704334938391414,2.229817289843992,0.0,-0.00159217372477233,0.001819447891068185,0.00030145559228022
3,0.44,0.36812455268467814,-0.9297764858882513,0.02881888292902394,-0.15105988906916018,1.6248397398506045,0.6323674378733716,0.9246192731764579,-0.9842715015432797,0.17005856943697167,0.013393623826760142,-0.2867092250329494,0.2520741585402565,0.2721304290958972,0.052975430516912086,-4.658470763811012e-05,0.49178948336220596,-0.12844957719682196,-0.059542863746814646,0.30907099340510574,0.11912372473022982,-0.19076396018510833,0.0002037879907235,0.05215201871902908,-0.00365305458275964,-0.00100226156556284,0.15061025339805684,-0.07174184827083055,-0.018649891989543425,-0.028772502592309984,-0.06181716106156386,-0.019539448394003903,-0.6553977177609541,0.1343878907232918,-0.18238229979223924,-0.19109820748643092,0.5450117808792436,0.4162839027682702,0.0,-0.05359980102533468,-0.12701119329628585,-0.5177736522129053,-3.690411007671516,-0.8786042674248694,1.9839555852435926,0.0,-0.00155790028715512,0.0016322805805496399,0.00028562903359444
3,0.45,0.3090169943749475,-0.9510565162951535,0.0282661435215804,-0.1549079827287866,1.6238970696012762,0.6313025116063706,0.9233750413046612,-0.9841821666311468,0.16369134372670457,0.012209640526357275,-0.2845284526417057,0.2514904694340956,0.2830547088884002,0.0530835718227356,-4.658470763811012e-05,0.49352553144866323,-0.12697496354678717,-0.07022968796612145,0.25372340417112454,0.10546018096754255,-0.15819047077741405,0.0002037879907235,0.05212804112764662,-0.0036292610725011,-0.000997925552331925,-0.10651595672809565,-0.24573986479373996,-0.06809588479484124,-0.08381731441563887,-0.08174365813909465,0.0017067111340078756,-0.40959592614345597,-0.13341991385793503,0.3345512933665444,-0.03663515909785634,0.7204795020591319,-0.2769206372036658,0.0,0.10857851846335692,0.17029859406830367,-0.8465584152987311,-3.3920049565173,-0.799953372492889,2.236541337953666,0.0,-0.0015283788290077751,0.0014477348439405,0.000269861701024425
3,0.46,0.24868988716485482,-0.9685831611286311,0.027938194244026264,-0.15499966798245035,1.6231407645387328,0.6300773276201791,0.9222802089340824,-0.9850095159648434,0.15150984520042232,0.01207281661825724,-0.27965545884269777,0.24828853019043143,0.2916179050103053,0.04914875397787973,-4.658470763811012e-05,0.4914197546567319,-0.12615999498942113,-0.0876608230042334,0.20453066171317338,0.09667030070196567,-0.11530935784455912,0.0002037879907235,0.05210287661058733,-0.00360700614068135,-0.0009936962174241699,0.030035114366372784,0.08319083033904134,-0.06714475550348684,-0.07249484562970851,-0.06559752116145931,-0.07308778516099004,-0.8851861109276538,0.025758190747127346,0.1522505475926967,-0.21088592587407584,0.4969674582001673,0.021273385010853685,0.0,-0.22439429234192518,-0.023429304203252597,-1.2006678190462945,-2.983804222219822,-0.45184105925082535,2.926056582010742,0.0,-0.0016207713346658,0.0014013965178813399,0.0002688657940987
3,0.47000000000000003,0.18738131458572457,-0.9822872507286887,0.028430273778978443,-0.1552247508809561,1.6209458948768922,0.6288182078344389,0.921081118645394,-0.9859563362283876,0.1404898724068969,0.01097601930599744,-0.28112245436824723,0.24774748599267188,0.301472953966603,0.05737396731186036,-4.658470763811012e-05,0.4898416286312477,-0.12649132098971355,-0.10715650295034285,0.1619966033986881,0.08992630458841935,-0.06975255693091158,0.0002037879907235,0.05207829507918799,-0.0035859097809400695,-0.000989512794333,0.059093778623075466,-0.06449414353967697,-0.12580545084738473,-0.0820615675359733,-0.08151373642782658,-0.05476137531358909,-0.6387202558177629,-0.06064480818811135,-0.14278742457200297,-0.017076153403622913,0.652210562916987,0.5914860877294201,0.0,-0.020730595968130514,-0.02664520534313041,-1.215863404092991,-2.534628211581017,-0.44327854042440784,2.798026342023341,0.0,-0.001533974102108955,0.0013090985764301047,0.00026365192171947993
3,0.48,0.12533323356430454,-0.9921147013144778,0.02823762498526239,-0.15765339014604807,1.6197214818079562,0.6271448464747812,0.9196574729778009,-0.9867321137924717,0.13116261478240415,0.009394789187479094,-0.28096363008936276,0.2459090647710472,0.3107179419216808,0.061229214731816556,-4.658470763811012e-05,0.49144499194827507,-0.12491188471547382,-0.12441951473707878,0.1275013121785655,0.08281373360459576,-0.032786343536470086,0.0002037879907235,0.05205457367335866,-0.0035669543352645403,-0.00098550592335324,-0.10534499380197772,-0.20367738927622958,-0.10765096696356802,-0.12474316649621976,-0.09472235720055955,-0.04550030528661955,-0.5427008493036296,-0.19303280444299514,0.10695426171780331,-0.11971671777057456,0.5824860260777825,0.11682805402404318,0.0,0.14397240554502272,0.2036374473236612,-1.0574774219381293,-2.025273983028817,-0.4363873542623815,2.109091981542765,0.0,-0.0014913065595552402,0.0011376010945749406,0.00024884422549234004
3,0.49,0.06279051952931358,-0.9980267284282716,0.02666006130299495,-0.16015899081156998,1.616518158607071,0.6251388050246464,0.9181940934361215,-0.9877233064655503,0.12214183494605366,0.006073419819185583,-0.2780175860499905,0.24513228667317677,0.32042667441866873,0.06344838999744709,-4.658470763810119e-05,0.49278557365287207,-0.12234426297715607,-0.14296917279211624,0.10121968383166399,0.07779990058584928,0.0010365943184341584,0.0002037879907233,0.052031201000788285,-0.003549942797288835,-0.000981628079960435,-0.04353992299349375,-0.11144077454323788,-0.20701442566158335,-0.12295349269253655,-0.09035082263017132,-0.07636517800602956,-0.6272216814231635,-0.16085511565796087,0.1867742661521561,-0.03607549193917361,0.6069181746303156,0.13775094239151114,0.0,0.04518952747745933,0.10045287951040131,-1.2207476366422738,-1.477375097356185,-0.25070711517185845,2.245561974455378,0.0,-0.00149570057621611,0.00107209068232202,0.000246704272234555
3,0.5,1.2246467991473532e-16,-1.0,0.0274059226913924,-0.16181960444861276,1.6135678928516954,0.6232804627083559,0.9167670560720009,-0.9890987171003254,0.1119140434570165,0.004595526360497901,-0.27874857563647765,0.24415061455443526,0.3288305753976042,0.0706446628049007,-4.658470763810119e-05,0.49387004671582296,-0.12239101574919806,-0.1585593631410817,0.08453992341975315,0.07342325137285535,0.0303422773727834,0.0002037879907233,0.052007862877147495,-0.00353343559287955,-0.0009777555320766,0.0992459246633924,-0.1344852307713279,-0.20973911302441195,-0.11167678566622585,-0.09279991833505195,-0.08656689709237464,-0.6145906917628341,-0.06391439398815665,-0.2134811506793426,-0.06292152774219034,0.5107514222443221,0.7726452289054571,0.0,0.12724901131696775,-0.08196256165353265,-0.8453493112733874,-0.7986330385508817,-0.30578545552306186,1.524691664403779,0.0,-0.00145824147365345,0.0010362000101627501,0.00024584680532345
3,0.51,-0.06279051952931335,-0.9980267284282716,0.02902232773311568,-0.16406743979043187,1.6097105618207488,0.6214118059736431,0.9152832122849355,-0.9905666968969549,0.10237315433727216,0.0034955978147476214,-0.28039334960378726,0.24320180787110182,0.3372996795446597,0.081805789965563,-4.658470763810119e-05,0.49722122726008966,-0.12405271825436898,-0.16854766682800523,0.08142621850075549,0.07089935930468824,0.043754680640961,0.0002037879907233,0.051985395333942384,-0.00351810925773116,-0.000973948391504515,0.043849745411519786,-0.10326505258067367,-0.23758265285486269,-0.13475850856373053,-0.09187160754079393,-0.10621114474894475,-0.6681252386793921,-0.10620877693757017,0.14729132693823827,-0.08769335668643856,0.548248600777979,0.31428622988614136,0.0,0.1790720702768777,-0.03219820759117775,-0.4916486293536082,0.06796402946105899,-0.04602023674147626,0.49663381380262217,0.0,-0.0014336156478421754,0.0009146876686977942,0.00023655361726510993
3,0.52,-0.12533323356430429,-0.9921147013144779,0.029199630623141397,-0.16414224780247857,1.6054453607675532,0.6190968026702796,0.9139554709239452,-0.9927536677041157,0.0896343416889901,0.0019034108920832024,-0.27296340942252134,0.24114232061144864,0.3441318434187432,0.0791570731999217,-4.658470763810119e-05,0.49688010981778313,-0.12405189807227414,-0.1689668315912227,0.08693384366696091,0.07210820651451258,0.040183606014703804,0.0002037879907233,0.05196227495524364,-0.0035048451334502998,-0.00097031066936908,0.06355042463918319,-0.007991377127789509,-0.33304501940921116,-0.1389159433928567,-0.083785292558857,-0.14435610734208987,-0.7786363984296162,-0.07064388440349385,0.43144456401256753,-0.06922853300678522,0.36625820859369784,-0.028854013157698755,0.0,-0.062169050607923826,-0.0764945564861741,0.2053636761069568,0.4946469532053892,0.09313510194947687,-0.6019895642467876,0.0,-0.0014634076320809402,0.0008285262956112401,0.00023108306078888002
3,0.53,-0.18738131458572477,-0.9822872507286886,0.02774150700906863,-0.16558544372205508,1.598995711965754,0.6163433436569554,0.9125451657056742,-0.9949066354259849,0.08054696454496278,-0.002792261888230502,-0.2647411468601354,0.24396447743079183,0.3529713569430021,0.07780387986303891,-4.658470763810119e-05,0.4960920243465695,-0.12226568893253759,-0.16111248320613195,0.09844212361061937,0.0720014803858282,0.02124971070166171,0.0002037879907233,0.051939727400445,-0.003493365340232035,-0.000966791117458365,-0.27569999586921107,-0.05925740316999967,-0.3943115438242539,-0.21450922405282194,-0.08791224472346645,-0.14947971664979243,-0.6341153965133128,-0.46169309477484893,0.8065876809037886,0.14882522740104245,0.6882817134642469,-0.5554425486905276,0.0,-0.15016894358904675,0.35346725755929775,0.6528129739400481,0.7971245639067402,-0.06653482941382355,-1.4381788159208255,0.0,-0.0014461360311593702,0.0006586600076634846,0.00021728626268718997
3,0.54,-0.24868988716485502,-0.9685831611286311,0.026816926973977934,-0.1635092987809007,1.592766017005396,0.6133664144109277,0.911378118443246,-0.9980967110075475,0.06449444195268947,-0.006305957818936485,-0.2563875057490065,0.24057372700701926,0.359383145466609,0.07621557195455558,-4.658470763810119e-05,0.48840711936423,-0.11973522178339994,-0.1469585125969032,0.11143887959762243,0.07039284953271681,0.002792690561023614,0.0002037879907233,0.05191586130993337,-0.00348348095295843,-0.0009633807044178899,0.14441144843558887,0.16194262398276943,-0.44808575592405725,-0.15760519164516879,-0.07127811277991802,-0.21440837532086487,-1.0597678405631332,-0.07358490056804924,0.10405103810109172,-0.22940691303126162,0.24697768292187078,0.633778150629765,0.0,-0.5777703984928036,-0.06218935737032277,0.9480139600661349,0.8459812870934875,-0.173314759897204,-0.9169972769467816,0.0,-0.0015283463433154794,0.0006212581213943893,0.00021749474806892998
3,0.55,-0.30901699437494773,-0.9510565162951535,0.026466242576008225,-0.16435284212339427,1.5834981695284007,0.6104017174767806,0.9100213511305376,-1.0009361819431073,0.05331147785257987,-0.0114353322785106,-0.25530527515333196,0.24107111169782774,0.36349094053795794,0.08841715080997331,-4.658470763808792e-05,0.4810427882271411,-0.11806992827125687,-0.1369753936081392,0.12197118731378086,0.04924733917116043,-0.00488756248897875,0.0002037879907232,0.0518924339942778,-0.0034753638068294,-0.0009600780855636,-0.13726845499745077,-0.15767783195222146,-0.6172822489805319,-0.2109783918741363,-0.09345593568785095,-0.1618955827131997,-0.5490276662529726,-0.45894809181766383,0.19720437829155713,0.1361058860210974,0.24301057202631937,0.563310187171798,1.991274650624648e-15,-0.39134534450180647,0.23427727956521482,0.43071585838027693,0.5096616991983753,-2.172344763363304,-0.2542559827252506,-1.94228055253373e-14,-0.0014750652522178,0.000447857996388225,0.0002040033165544
3,0.56,-0.3681245526846783,-0.9297764858882512,0.021553205305988424,-0.16439682455383647,1.575543607850609,0.6063212164138909,0.908874145356387,-1.003849438036489,0.04345182434356804,-0.021626608407616002,-0.2475547382979172,0.2458166278482963,0.3644303092862032,0.08875938132910159,-4.658470763808792e-05,0.4716505812571897,-0.11067789139643489,-0.13384027201613247,0.12177434317442459,0.0016162131301139604,-0.000570195187663296,0.0002037879907232,0.05186839349561542,-0.0034703357295764203,-0.00095704485651164,-0.44840293383414215,0.14624924555673005,-0.4396750917415929,-0.29184180715351976,-0.056464943587947236,-0.21074575133714504,-0.7510803333273781,-0.7834955165719871,0.6767877989603106,0.36317408046709043,-0.04060576081742899,-0.3122800286806891,0.0,-0.8016531391225633,0.6370137768924666,0.13656454150246808,-0.2899327102765711,-3.0314556304217986,0.5173111682764939,0.0,-0.0015630178713412404,0.0002590311628130392,0.00018735524154609993
3,0.5700000000000001,-0.42577929156507266,-0.9048270524660195,0.013419275810491477,-0.16141934359086002,1.569728142681721,0.6013534886493174,0.9083330175598662,-1.0072944334400367,0.03216312199785818,-0.03575345819637922,-0.2409581800222865,0.2537601975714641,0.35965849736580957,0.08467703634632874,-4.658470763808792e-05,0.4589747295752708,-0.09996165055816753,-0.13365577006367427,0.11814336403879341,-0.0363404050548059,0.007579100999340422,0.0002037879907232,0.05184376492246877,-0.00346771425301978,-0.0009542311631327199,-0.5138363723995296,0.1264204852533453,-0.3253385871309376,-0.3216491315674001,-0.027456716867859436,-0.20712125175818272,-0.6041093119864661,-0.9210654597069884,0.17603077759034005,0.5873589243655348,-0.39642293044716853,-0.15486266700096962,0.0,-0.6533563957080907,0.6608119023823156,-0.0723762765493259,-0.005628023055533227,-2.139282665358004,0.2797567697985654,0.0,-0.0015303133218578038,0.00012983221939157888,0.00017554348492554992
3,0.58,-0.481753674101715,-0.8763066800438637,0.0041028130384920345,-0.16058818707878117,1.56670557366155,0.5958203438431275,0.9081833232480971,-1.0103645003959945,0.024903741004387078,-0.05123644151201982,-0.23720093226833774,0.2652440134800758,0.3538067768292532,0.07648967081817856,-4.658470763808792e-05,0.45292575769750987,-0.08801185992164141,-0.1367887966819965,0.12826289195925228,-0.06234332160837895,-0.006390630948975692,0.0002037879907232,0.05182060446121469,-0.0034673090591995,-0.00095161963726798,-0.6176354404916221,0.0550436443604365,-0.11066459729716599,-0.3653297747681218,0.0029456049486508524,-0.19672463398153156,-0.4371404455490333,-0.9898111460956388,0.4057665273070983,0.7964986742378253,-0.4069337444689439,-0.8216120215201028,0.0,-0.3143323336668728,0.8071204514765342,-0.20231825995500463,0.9305780893633718,-1.3419688424543292,-1.5322439668932593,0.0,-0.00145093081297927,-3.278680819923382e-05,0.00015978043931563012
3,0.59,-0.5358267949789964,-0.8443279255020152,-0.006234775956197579,-0.15892402183919915,1.567093827023132,0.5896859006132891,0.9086500366456275,-1.013644679974272,0.01804630392338889,-0.06745184585802538,-0.22637983145898738,0.28018581474764614,0.34392091409019565,0.056411258132156,-4.658470763808792e-05,0.4472814892456219,-0.0740238051227533,-0.13770763157367805,0.14495615249845634,-0.07100510649597999,-0.038054651494310004,0.0002037879907232,0.05179747829082345,-0.003469565849826875,-0.00094927967298791,-0.6549387757227481,0.11064064269965475,0.06675081888679961,-0.3963795491051921,0.041943122353053974,-0.20877316048338096,-0.3967207745731964,-1.0525836085442501,0.7162810570097722,1.0498998404105655,-0.7529861429856103,-1.2743559403135056,0.0,-0.36416297695046046,0.8906150135221184,-0.02600587479279407,1.059134475773056,-0.1075935667053372,-1.925763898714154,0.0,-0.0014714160704749001,-0.00018222312775253982,0.00014523966354225
3,0.6,-0.587785252292473,-0.8090169943749476,-0.0157888918620629,-0.1590382876970823,1.5694579845120635,0.5833203552826537,0.909521143514398,-1.0164902547512988,0.0162196188047897,-0.0843846742485899,-0.217345070390962,0.3012476919278429,0.3301647509989656,0.0404709722409335,-4.658470763808792e-05,0.4441806643878332,-0.0600844055854392,-0.1363865415665635,0.1609303409051529,-0.0649053628402703,-0.0549962655243571,0.0002037879907232,0.0517750460989205,-0.0034731965641352,-0.0009470335116784,-0.6290105824908532,-0.0613912240677429,0.1942082134280321,-0.4167377809494169,0.0631701263048529,-0.1683929004466534,0.0325954717263033,-1.1249412402461707,0.5255565702929748,1.500671329257174,-0.8568252649128008,-0.9798145287246948,0.0,-0.1527357473339851,0.9560739259950058,0.234093036035701,0.9449083489685822,0.4939322009528586,-0.6800314494030927,0.0,-0.0014019877473206,-0.0002776721370323,0.0001389023369712
3,0.61,-0.6374239897486896,-0.7705132427757893,-0.026276381122312727,-0.1597717987527535,1.5727955522809296,0.5765146895562491,0.910867524988924,-1.0192580538849803,0.01868441659154915,-0.10289940094533133,-0.20769802420032124,0.3288276426840024,0.31546409940068515,0.02263436506870313,-4.6584707638083445e-05,0.438656068390463,-0.04269983296255809,-0.1253013284461476,0.1723021643339433,-0.05808045767865807,-0.06536349404385539,0.00020378799072316998,0.05175294712172289,-0.0034788754020118897,-0.00094494348933851,-0.6171857345086517,-0.04107046095763478,0.2084271635208846,-0.42652712285443384,0.09518820546842455,-0.17875363998675425,0.21779404921455287,-1.1265694647971911,0.732416959236393,1.8630363641476753,-1.073957596031009,-1.2596941289074302,8.944980564315697e-16,-0.425009045825721,1.0931976151697516,0.8644110154476021,0.6667407070570368,0.4251523970823384,-0.7507770771202742,-5.698765799520401e-15,-0.0014021712451859852,-0.0003772302730314799,0.00013231283936823
3,0.62,-0.6845471059286887,-0.7289686274214116,-0.0317004449142017,-0.16116671440054106,1.5751863852966446,0.5705853402608032,0.9124758039183024,-1.0218625463023108,0.025219447277109723,-0.11603247584039264,-0.19134814871189243,0.3608445849607054,0.29198226962741397,-0.0021150535026444647,-4.65847076380581e-05,0.4330948052380059,-0.030119893033771675,-0.11353284636669075,0.18314218628508241,-0.04993980260466301,-0.0770547420545531,0.000203787990723,0.05173108834701999,-0.00348492072167177,-0.00094282559021549,-0.22808501426665034,-0.08697187545296581,0.12932546648729626,-0.35432484921581114,0.10579799230731488,-0.16297657012550526,0.4741465087830503,-0.7002880219432249,1.1572464343183284,2.0982183397798297,-1.6655816685366789,-1.7276323465490402,0.0,-0.34648786420723904,0.6696778681278822,0.6496086180760428,0.6611804614953487,0.5606831474499875,-0.6815916207628525,0.0,-0.0013921456325871298,-0.00038643384768882993,0.00013563254362137
3,0.63,-0.7289686274214113,-0.684547105928689,-0.03559942557773896,-0.1619570644429172,1.5762866662397015,0.5650527720313615,0.9142443988770638,-1.0245054446934192,0.03426243876184507,-0.12659310127561052,-0.1685492766949609,0.39728489885982865,0.26397697865703484,-0.03418737322392243,-4.65847076380581e-05,0.425652745082493,-0.019067352057225134,-0.10578251774923196,0.19012585478105032,-0.042211511404240024,-0.08758417157686607,0.000203787990723,0.05170867505114499,-0.00349196339774923,-0.000940743791363185,-0.24635554540789706,-0.10934614256241207,0.011867412563084719,-0.3463153293917614,0.10929198379153755,-0.15485130964730423,0.7537029623487016,-0.6619628276945978,1.5558375637375659,2.4892355772937256,-1.8026137475220188,-2.045300104543224,0.0,-0.44718405379451553,0.6980786004433296,0.4139777159113953,0.3474536334809224,0.4254992740145993,-0.6845624062824873,0.0,-0.0014033515471668248,-0.00047673395675116513,0.00013076806478131
3,0.64,-0.7705132427757894,-0.6374239897486895,-0.03826131067272698,-0.16519079691184935,1.5742779553635675,0.5599615419149431,0.915830219139329,-1.0265813234489731,0.05138463059697024,-0.13642352650135042,-0.14458003751336718,0.44127773685278526,0.23299922961200176,-0.0642348447714802,-4.65847076380581e-05,0.419309846111854,-0.0098809885077155,-0.1027736183244506,0.1936489273056229,-0.03682402139564334,-0.09698098942027128,0.000203787990723,0.05168689823890916,-0.0034997837592754,-0.00093866686005804,-0.147559357422316,-0.155098240105575,-0.16868162776906484,-0.3164001677644328,0.10227695293453597,-0.13928316793565595,1.1054611547433768,-0.6206407987906284,1.457869442204604,2.8790169336998352,-2.1090752496086957,-1.9606876377566986,0.0,-0.49835546503702455,0.5440578570975707,0.04338851239402354,0.15242659041439272,0.3174308734693172,-0.46413446785255147,0.0,-0.00140336560862764,-0.00050549476544962,0.00013238185652778
3,0.65,-0.8090169943749473,-0.5877852522924732,-0.03997292952365008,-0.1640710064988031,1.5724413620381796,0.5551280490843151,0.9175887004415305,-1.0293616391743838,0.06573451721178097,-0.14485174954249053,-0.12461773580700762,0.4872699132724167,0.1968433778369501,-0.09986442055578057,-4.65847076380581e-05,0.406995069676068,-0.002434537541844875,-0.10782930581793099,0.19480953158070907,-0.032140399036096154,-0.0961683656190427,0.000203787990723,0.05166348172946145,-0.0035084596654468,-0.00093662896446575,-0.0899447046345008,0.1713166763066259,-0.10537710429141516,-0.298314177067476,0.11506034852952976,-0.1925020554960925,0.8254485736466921,-0.4523453660885878,1.2410811246089533,2.9188211401017745,-2.3593686656949493,-2.4785486225854605,0.0,-0.9045141557943034,0.4284761142046414,-0.5070474246230149,0.04499539036751635,0.30975120284313395,0.30442158071777,0.0,-0.00152824993798475,-0.000575813707362425,0.0001278667461884
3,0.66,-0.8443279255020153,-0.5358267949789963,-0.041825337215836714,-0.16018543787318995,1.569688871047114,0.5505594454286005,0.9193724710545468,-1.0325431607045048,0.078547677272446,-0.1515422374901157,-0.10643774415585588,0.5336777170346315,0.15741237135657568,-0.14171486672596723,-4.65847076380581e-05,0.3907446383824466,0.0041753677778384336,-0.11762016100865544,0.19421991544292563,-0.025384388484037155,-0.08839836415037433,0.000203787990723,0.05163853454164935,-0.00351859424893229,-0.00093466408915545,-0.15604304325671992,0.25558407437451747,-0.17737774917185076,-0.2966856896215614,0.10975878126509829,-0.20052980665586154,0.8532132071935856,-0.5016162610633572,0.968014241946505,3.0216372205650996,-2.553093984996342,-2.5676559109535977,0.0,-1.0558937394152443,0.46515211997009637,-0.5982273967571009,-0.07103451739061117,0.516380229907767,0.5401624398895285,0.0,-0.0015950979939111098,-0.0006941761539688807,0.00012103858772836992
3,0.67,-0.8763066800438636,-0.48175367410171527,-0.046286860120829686,-0.15688806080964884,1.568168799053891,0.5454249839060555,0.9209059266838778,-1.0354216080620433,0.09480331919710054,-0.16317070734646497,-0.0971218319855772,0.5861371034967475,0.12114146954670352,-0.1766542625204518,-4.65847076380581e-05,0.375332248114463,0.01391440837567088,-0.12544059059474755,0.19358026321650915,-0.014214512870927846,-0.0788763398728582,0.000203787990723,0.051613922354817515,-0.003531195456820035,-0.000932911203662195,-0.30959314140267347,0.17774591468327558,-0.07453171748237232,-0.32991249073317686,0.09009870414025122,-0.17213890591558792,1.1364429655300397,-0.7795255807705478,0.5299636892984406,3.4951755713376906,-2.0595426378813415,-2.019605928096482,0.0,-0.9295029524738359,0.6355535613368409,-0.45694521407136607,-0.015083628862593082,0.7733691974032643,0.6138431922710024,0.0,-0.0015330108739562195,-0.0008366536346582899,0.00010824362650163504
3,0.68,-0.9048270524660198,-0.42577929156507216,-0.05033597990670983,-0.15492633568098096,1.5666827515695163,0.5405792942909855,0.9221297185226763,-1.0378264440723086,0.11536900787141921,-0.17302799413987902,-0.08527750325374438,0.6439143622424539,0.0926907300773121,-0.2077647425584188,-4.65847076380143e-05,0.36223056825730293,0.021904585744948517,-0.13357437006922224,0.19487344199616308,-0.003289389433146277,-0.0687221839871826,0.0002037879907228,0.05159051381605774,-0.0035445377864704,-0.0009311867825721,-0.2587523747973663,0.08802650887296136,-0.10513682040882864,-0.30123583596967607,0.07141974163340098,-0.13966804622535514,1.4044504535672788,-0.5716793870354406,0.860059172396036,3.724233778421336,-1.8366500841363123,-2.094275841553132,0.0,-0.7528300816864558,0.47227425780370946,-0.5786700782915719,0.15691510056299734,0.6515485955585703,0.6946282941015038,0.0,-0.00146084564920612,-0.0008730037725625803,0.00010800753638865997
3,0.6900000000000001,-0.9297764858882515,-0.3681245526846778,-0.055143982163246195,-0.15529072550099168,1.5643031133453529,0.5359211532332303,0.9230415397849824,-1.0394724149497483,0.14174594832806012,-0.18142404639369986,-0.0705749703597458,0.7037493475361317,0.061200290680618635,-0.24431295367581998,-4.65847076380143e-05,0.353245061380472,0.029371069941923005,-0.14301211276161413,0.19862256225435923,0.00815927465248757,-0.05694737010260128,0.0002037879907228,0.05156827774856386,-0.00355932425127328,-0.0009295483365634499,-0.3234056395042971,-0.06345770038358484,-0.1899688449163414,-0.29157077593922087,0.05235237715769049,-0.09010743681552594,1.7997877025165832,-0.5303723338554663,0.908208370841065,3.829013259000149,-1.9978749042387287,-2.3228116586767706,0.0,-0.5237972909830791,0.47131563445060526,-0.598822998331673,0.2337635921503036,0.7839509255226197,0.7855541131198855,0.0,-0.0013932348843894754,-0.0009650191251123557,0.00010311681774798998
3,0.7000000000000001,-0.9510565162951535,-0.30901699437494756,-0.061530918147321124,-0.1555416419639848,1.5607242235670669,0.5312146906234602,0.9238484180172583,-1.0408387700627018,0.17108658412950878,-0.19198242850215314,-0.06001763917400676,0.7638229801371559,0.03212714120874049,-0.2770015651162805,-4.65847076380143e-05,0.34364257094608086,0.03800940549750826,-0.1534159193011777,0.20134565618583733,0.02122761819527689,-0.04282313202668463,0.0002037879907228,0.0515455813351939,-0.00357573529306195,-0.0009280130634158,-0.43484983414716666,0.00367079607433306,-0.20492804839802364,-0.3044334844391571,0.05042718470216744,-0.08388691628801866,1.8846000420269728,-0.7301922196699295,0.5478778791139138,3.797073453584667,-1.7955986197699434,-1.9922554758694908,0.0,-0.6343449389812751,0.5993192291103958,-0.6212097200652442,0.1506853078000186,0.8170973014001194,0.8325967282521727,0.0,-0.00146213321245205,-0.0010736576501019,9.444849150905653e-05
3,0.71,-0.968583161128631,-0.2486898871648553,-0.0673723354404234,-0.15553120372185975,1.5572950060264064,0.5267176310449678,0.9244811339610345,-1.041975852374399,0.20176844667494143,-0.20203350443321508,-0.05166518919189591,0.8227333976429465,0.004959612014623265,-0.30850622909447256,-4.65847076380143e-05,0.33315726012611835,0.04687562130566055,-0.16136088356172315,0.20169169570016846,0.03206186642652783,-0.03328265462359029,0.0002037879907228,0.0515222482258394,-0.0035924124251170402,-0.0009264769155125551,-0.3334306777992553,0.02347583997627761,-0.2778230496122451,-0.26895015730309113,0.03613352495515682,-0.07173621994567556,1.950224334525399,-0.5704611475800142,0.5699649880215278,3.6848850535741273,-1.6819560950833146,-1.9954903076539743,0.0,-0.7329041609070794,0.5133353877985736,-0.5533951370388248,-0.07956028814872858,0.6164929249329567,0.6407196119096203,0.0,-0.0015030224800085393,-0.001051132469157355,9.994958658942112e-05
3,0.72,-0.9822872507286887,-0.18738131458572463,-0.07099275189616917,-0.15459772017626483,1.5540146856630883,0.5228386511294946,0.9249923421775481,-1.043052098371552,0.23112905288437996,-0.2087985583430912,-0.04671606126009626,0.8759612339052808,-0.01953454118586333,-0.3356847482902016,-4.65847076380143e-05,0.32060200430589647,0.05409859134408579,-0.16607630179968358,0.19889075750258883,0.041225263142747645,-0.025808550342822322,0.0002037879907228,0.05149748997612408,-0.0036087847048510598,-0.00092486758735146,-0.16594473581307775,0.06092234398746081,-0.10100103278143802,-0.23872668647999384,0.03056579383969881,-0.06247207130447963,1.808883574634163,-0.35624059709673617,0.06466596405192943,3.172357621018593,-1.4283763182674183,-1.4185347395510481,0.0,-0.7782094300719793,0.4517276261589369,0.010515403407711787,-0.16739296812151078,0.6065853799617817,0.15977336376660078,0.0,-0.0016082388699137997,-0.00103923099229424,0.00010167019485924001
3,0.73,-0.9921147013144778,-0.1253332335643046,-0.07424122742640317,-0.15392927448973528,1.552095615421876,0.5190830641705583,0.9254151590070574,-1.0438232269097973,0.2602061375147463,-0.21599318937118486,-0.049208506070834226,0.9227154505178924,-0.02755150646493035,-0.34176591317758076,-4.65847076380143e-05,0.3078271079759946,0.0627175489211509,-0.16280038057243018,0.19356526591336648,0.04735483549949714,-0.034801052806487015,0.0002037879907228,0.051471986682225135,-0.003626275281727325,-0.000923348807261735,-0.23584470556485315,0.06095911684812155,-0.19497656498419313,-0.2361813491494232,0.02691877360264292,-0.04874783954804943,1.8599641675565648,-0.5321704350554483,-0.16471453685447157,2.907822305248647,0.1282784783321531,0.01892107431783091,0.0,-0.9251642702718256,0.5896044993766932,0.17361623864799605,-0.5684742815079097,0.12665035408355774,-0.8786594928549033,0.0,-0.0016388881235918202,-0.00113573485130961,9.561691301921748e-05
3,0.74,-0.9980267284282716,-0.06279051952931321,-0.07614870146407475,-0.15051052855892336,1.5494154257327506,0.5158242349353716,0.9260124443606325,-1.0448940918559395,0.28545580619316724,-0.22229605486585072,-0.05225667916603745,0.9624414500555398,-0.011339603232219109,-0.3408733354774151,-4.6584707637965e-05,0.2905881282839957,0.069198520695435,-0.16484006269049128,0.18567697700580463,0.05282713385855816,-0.0351646606024831,0.0002037879907226,0.05144497333214655,-0.0036444166965075,-0.0009218494157875101,-0.08599497101992934,0.24355375327164513,-0.14176738209405743,-0.19485740035857382,0.04069239117084231,-0.06637554239743122,1.5299031978065545,-0.3147743809935416,-0.18262588337628674,2.3015449589255312,1.3597190287124625,0.02240963476535742,8.8738273098282e-15,-1.0520712139760862,0.3261138014364073,-0.3203554034465983,-0.28449450936197784,0.7696151281484869,0.7389883942527226,-3.5441639355926896e-14,-0.00174236933215223,-0.0011713824172366598,9.322442103921914e-05
3,0.75,-1.0,-1.8369701987210297e-16,-0.07627142169652096,-0.1477172039746979,1.5476118320126284,0.5131034496991665,0.9266526018600642,-1.0456279415128245,0.30998895935350834,-0.22450596073536316,-0.055270670252015174,0.9929731018727582,0.016089361202675727,-0.3408465992448549,-4.6584707637965e-05,0.2742271079716208,0.0736002053091338,-0.16612563654785037,0.17893380245067117,0.0645890165817005,-0.026542509436356998,0.0002037879907226,0.05141744890913895,-0.0036629559747912753,-0.000920364374729,0.0595836826522823,0.16008209195870973,-0.10398643425162199,-0.15778225431702803,0.04175830467684955,-0.03944261202011565,1.549459495739917,-0.048836000901906096,-0.23442527218780837,1.7483412271582992,1.8685888701472602,0.0018053238234607,0.0,-1.0605225511038125,0.2338049190842694,0.0847877121641626,-0.5605732898081311,0.49217907225574564,0.14513419565984964,0.0,-0.00176552209356355,-0.001169112561853425,9.612296068479177e-05
3,0.76,-0.9980267284282716,0.06279051952931283,-0.07435429689901381,-0.14720384555652763,1.5453800657343242,0.5110228301251807,0.9272305901944953,-1.0457026403684162,0.3361342983108985,-0.22298206513528349,-0.057991955735430215,1.0143790092690128,0.042835953999653856,-0.3407675351233601,-4.6584707637965e-05,0.2608435337119439,0.07524532662212806,-0.16800365434483686,0.17153872132859468,0.06998407471515951,-0.023094981640795043,0.0002037879907226,0.05138994576794464,-0.00368145212651698,-0.0009188205729946201,0.16131377156483134,-0.04401296897021102,-0.14436848811425532,-0.1181778590112218,0.03333488663845107,0.014013513757718102,1.7147896524491937,0.1943509269905132,-0.1343584430966845,1.1443992350394687,1.5126421696934604,0.005511644579070898,0.0,-0.7333757350290919,0.027388926236052824,-0.24917786347592644,-0.4098156674336041,0.36870467876765395,0.4259714214878716,0.0,-0.00173321277651908,-0.00118033757233028,9.85109157823176e-05
3,0.77,-0.9921147013144779,0.12533323356430423,-0.07043048515148778,-0.1492866649130775,1.543501660578887,0.5095471822631086,0.9277003343621604,-1.045139597523469,0.3632637585852438,-0.2171652637142151,-0.060139108192896404,1.025716729680689,0.06085713136706126,-0.340687064521285,-4.6584707637965e-05,0.2508474337066253,0.0738675440814966,-0.17252539094169722,0.1653630694172892,0.07622975266497208,-0.012615792023230035,0.0002037879907226,0.051362706276824904,-0.003700075121452535,-0.00091724330318262,0.263445317843569,-0.16817912460840792,-0.11305184639582129,-0.08668478499363577,0.02816273623737381,0.045164247025580334,1.7233389894647397,0.41501175215182823,-0.13827796754202576,0.5166046168429229,1.006702943447272,0.004943955685577315,0.0,-0.5949020030324248,-0.10824279102005,-0.2953790553178404,-0.385367951598144,0.3924055823048188,0.7225736138000681,0.0,-0.001725572746546415,-0.0011944618399147649,9.982164262953522e-05
3,0.78,-0.9822872507286887,0.18738131458572427,-0.06626148666999478,-0.15162482194292798,1.5419991585080397,0.5083147332125313,0.9281551067414516,-1.0443843169309046,0.388659048158251,-0.21005044287096608,-0.06284374307047044,1.0277894009775443,0.07487449545875367,-0.34061097580904326,-4.6584707637965e-05,0.2416754483887687,0.07197157583250588,-0.17701788549900133,0.1603532990313967,0.08278783341319057,-0.003322337219920474,0.0002037879907226,0.05133457778339513,-0.0037196540263974304,-0.0009157353569899599,0.277181957782755,-0.11242963587600503,-0.09955047416883017,-0.07028942389930873,0.030480657099611633,0.04480046085039531,1.5230897134738695,0.4863641456353973,-0.19578532084572176,-0.08097490083638523,0.872755906396222,0.004773653483160389,0.0,-0.6070659502845842,-0.14286685940590793,-0.2811262398022711,-0.29393234991219164,0.43139554085789844,0.4860781867105195,0.0,-0.0018345233260673602,-0.00125709923039906,9.524740324803894e-05
3,0.79,-0.9685831611286311,0.24868988716485493,-0.06201769659489908,-0.15275672922125555,1.539859854698027,0.5073815474607792,0.9286221917115696,-1.0436836565995204,0.41097405089538397,-0.20210766188022136,-0.0669385584806179,1.020632752506349,0.09310165145211459,-0.34053972767606905,-4.6584707637965e-05,0.23162635213576746,0.06940184509602071,-0.18345195067003917,0.15594869460737942,0.08961428953826929,0.00553498050231992,0.0002037879907226,0.05130434771879963,-0.003740191537946805,-0.00091427987940201,0.26190033648041844,-0.06318519213372734,-0.14106976850613304,-0.05528752352406921,0.028019565214883815,0.04630080103968055,1.3738359500480768,0.5082865951920625,-0.29221359445308454,-0.6373516959411717,1.3022307169845764,0.004384364339341087,0.0,-0.6404208986832844,-0.16892934450312663,-0.47118623536516363,-0.26658527012245503,0.4238694445999123,0.656415513275407,0.0,-0.0019614266270979908,-0.0013367334672757555,8.945995408858568e-05
3,0.8,-0.9510565162951536,0.30901699437494723,-0.0566260385484585,-0.1544614881476962,1.5393831637092346,0.5067248627748583,0.9289482980405004,-1.042749716665533,0.4313195792394279,-0.1927477400837509,-0.0733809777034884,1.0048162927832889,0.11004465565655,-0.3404536023889994,-4.6584707637965e-05,0.222903772053084,0.065298459960129,-0.1889786731058022,0.1524875559142227,0.0963630424855321,0.0169140284465992,0.0002037879907226,0.0512731116854664,-0.003761164291342,-0.0009128582577277,0.3937640142862714,-0.1612840490003455,0.0578012785599926,-0.0363309836140257,0.0146953045771088,0.0717758247137732,1.2747032657884747,0.6250368006251297,-0.5063890375403344,-1.1956158758034736,0.9123958216853986,0.0066904938386457,0.0,-0.4672149555528107,-0.3143895277186798,-0.2689432985194415,-0.1938396093133947,0.4521881559780289,0.7550969834136704,0.0,-0.0019826176912601,-0.001334780042017,9.023158363956406e-05
3,0.81,-0.9297764858882512,0.36812455268467825,-0.05042358063430162,-0.15733862944488936,1.5412754044249943,0.5061835613569929,0.9290727646341429,-1.0414673434526978,0.450247294026531,-0.18341285709265853,-0.08305456202018432,0.9806983019533664,0.1242498815631548,-0.3404479276054352,-4.658470763791342e-05,0.21677168985323064,0.06007054245674646,-0.19367399312721403,0.15094475565201074,0.10466258017214673,0.030648021378829396,0.0002037879907224,0.05124130954659862,-0.003782924670985715,-0.000911501613433035,0.36066976338378404,-0.14753088393668112,0.10104497896297905,-0.034413721238345046,0.007654099989738777,0.07702391383317848,1.1233915867505948,0.562371607998594,-0.6228530158634833,-1.7041325072058615,0.9461208980341218,-0.009735940713305097,0.0,-0.41749882291151147,-0.31035162372333436,-0.35939766884396296,-0.05826876808671247,0.5421016700694523,0.9142096960603072,0.0,-0.0020613669977721507,-0.0014203895848799656,8.315048216569943e-05
3,0.8200000000000001,-0.9048270524660196,0.4257792915650726,-0.04621099973279423,-0.1587500468101848,1.5408667851934759,0.5056579550593739,0.9291792475842565,-1.0404269741477292,0.46570487083638645,-0.17557088523210743,-0.09141937065205084,0.9486690768461239,0.13747987328286632,-0.3405646630652422,-4.658470763791342e-05,0.2083448527722897,0.056404416428527414,-0.20137132687831544,0.14890410151447334,0.11206464300719696,0.04464662994783907,0.0002037879907224,0.05120797357340818,-0.00380660321330799,-0.0009102446220164,0.2290283402555978,-0.06941376601336507,-0.10043224872564507,-0.030840543034548234,0.005708000154508766,0.06135994126868766,0.9141059913944787,0.48034443664436566,-0.4544247437087739,-2.1929711942447567,0.7433806643555594,0.040327763282726,0.0,-0.591578279379933,-0.20063017410470396,-0.5344249994205925,-0.18453008939839383,0.4308960109442542,0.865610453272989,0.0,-0.002134155024087931,-0.0015339440678327602,8.048030409763634e-05
3,0.8300000000000001,-0.8763066800438634,0.4817536741017157,-0.04333886920765842,-0.15929170157246655,1.5384542931245198,0.5051865468955303,0.9292328428087542,-1.039564851137781,0.4780091970556919,-0.1687911451144266,-0.09758083595529099,0.9096577473216682,0.1482922655860988,-0.3323896214656229,-4.658470763791342e-05,0.19780550466675384,0.05418996268539897,-0.20890497489982088,0.14485406561489192,0.11875034141258722,0.05662848803509954,0.0002037879907224,0.05117332171390016,-0.0038314553837049,-0.0009089637193316951,0.15839263377882126,-0.03733391814686874,-0.1492154305924294,-0.03213852830094243,0.0008138654120144265,0.056672600638694816,0.7432850436793739,0.39235400052182234,-0.3865644473632121,-2.6172347237920706,0.6547644140203455,0.7956811374477674,0.0,-0.6648727318996986,-0.10762863255599854,-0.4326380354765166,-0.2674413089292261,0.4506233916604978,0.6944631545812573,0.0,-0.00222028628592659,-0.0016146883274104854,7.857639467810755e-05
3,0.84,-0.8443279255020155,0.535826794978996,-0.04129035835371577,-0.16014153086404906,1.5358717515981182,0.5047108755034725,0.9291542189479273,-1.0385726599868672,0.4888388587862649,-0.16320986829479892,-0.10295964096804655,0.8645563197807309,0.15605420331742362,-0.3168450874911568,-4.658470763791342e-05,0.18809048867879957,0.052694871025663725,-0.21678255839610755,0.14133664069299962,0.1264095548049426,0.06791994474414038,0.0002037879907224,0.0511381299158403,-0.00385764271552812,-0.0009077598788128801,0.13748139495265085,-0.05436681556664315,-0.18004786789862773,-0.02470967944749265,-0.007498970239730811,0.06428482073662825,0.6455861343239252,0.35451777190721434,-0.3389934428183057,-2.9837076474312263,0.4369554540350841,1.041724092680748,0.0,-0.6050941177436407,-0.11546042577480337,-0.5497397456169371,-0.19965368664998517,0.47675322047139906,0.7613809107914075,0.0,-0.0022499969154348596,-0.00166375223436736,7.817566900195316e-05
3,0.85,-0.8090169943749476,0.5877852522924729,-0.03890181261052088,-0.16087728712196972,1.5326951429723148,0.5044651037715602,0.9289774262157501,-1.0375784690645729,0.4974978930898416,-0.15763217092771845,-0.1092121600432608,0.8141128763409817,0.1612069102515878,-0.30112180527799387,-4.658470763791342e-05,0.17808044509502693,0.05080364183457777,-0.2238374248720952,0.1374442468334942,0.1330273684125106,0.0782787228637326,0.0002037879907224,0.051102073116407846,-0.0038838628741209753,-0.000906476736269775,0.12510664833025853,-0.044466469969737375,-0.23320934858495226,-0.014705316403641401,-0.013146209164885625,0.06265026268830243,0.5094250331892313,0.33552554918086336,-0.3913183314120856,-3.316527129217329,0.2181452590608149,0.9268655766748829,0.0,-0.6510346987667283,-0.08642118453171196,-0.3863340965745498,-0.272854442012616,0.40360377335919717,0.5357443204506835,0.0,-0.00230254789214065,-0.00168647750199185,8.134152857939514e-05
3,0.86,-0.7705132427757896,0.6374239897486893,-0.039004933814874805,-0.16148185858087744,1.527228389561048,0.504143343864018,0.9287136509366001,-1.0365669416161991,0.5048530561314425,-0.15369306481767728,-0.11365784851140386,0.7589773661844548,0.1612964905135205,-0.2866942590977248,-4.658470763791342e-05,0.16835350654075046,0.051059069459177785,-0.23299833551431565,0.13457903309407887,0.13964061701579195,0.08707268219411961,0.0002037879907224,0.05106550164863761,-0.00391186118226376,-0.0009052949943211201,-0.04622488099564211,-0.04458563574265333,-0.35580359195948713,-0.02245619759422773,-0.019150124709005942,0.06749822947938063,0.4455902561049144,0.21277631949706238,-0.28749443449479967,-3.591739745684719,-0.0724829050891142,0.9430619887537516,0.0,-0.5733172632858893,0.03790194630884759,-0.700615142139335,-0.11240430867021062,0.42660738032542317,0.6804279585032481,0.0,-0.0023279127890738897,-0.0018229270228471792,7.108971626391321e-05
3,0.87,-0.7289686274214116,0.6845471059286886,-0.03805262319701512,-0.16331093444267497,1.5242111479842955,0.5039475145377232,0.9282917094825052,-1.0353210880781294,0.5112246759814136,-0.14942731009326127,-0.12182093029128636,0.6998504222012742,0.15611314644367752,-0.2716356223596122,-4.658470763786207e-05,0.1602445835174926,0.05074642451933569,-0.23794626346438352,0.13181719840758166,0.14619690650150324,0.09219494591940999,0.0002037879907222,0.05102869367659137,-0.00394069185020086,-0.000904170878570345,0.10466418989875283,-0.14107480757394503,-0.12975335714146324,-0.007857439449981341,-0.029933563674742147,0.08128901229325522,0.3726749453820198,0.29862592989937353,-0.6038424442891186,-3.8245649930855974,-0.5160482298246651,1.0031654779182912,0.0,-0.5251874110343414,-0.02281891117890915,-0.030315819968063717,-0.25459306960984124,0.4032323346668274,-0.02229455625667905,0.0,-0.0023448588356930647,-0.0018342148655227399,7.187016406345254e-05
3,0.88,-0.684547105928689,0.7289686274214112,-0.036662995697349855,-0.1654954636161681,1.522234992400935,0.503918230644669,0.9277704057646942,-1.0340650407384897,0.5159998685731328,-0.14461158429192064,-0.13185829904241883,0.6382684731182444,0.14364237713524583,-0.25110134205692264,-4.658470763786207e-05,0.15194348000262342,0.05046934079281713,-0.2384215525049595,0.12782454369134205,0.15316238710527197,0.0921311171849567,0.0002037879907222,0.050991693466530916,-0.0039705709937482405,-0.0009031070615253801,0.09937280746280887,-0.15450882681505293,-0.11671438175928825,0.0056868987690905926,-0.03605808608095475,0.08364255894204456,0.293833421410444,0.3396222203582527,-0.6672709597009562,-3.9427207108211286,-0.8575007237980995,1.4584284254537339,0.0,-0.48190938660653204,-0.057581660006852886,-0.09295905735490412,-0.20034437505531325,0.5079578937648426,0.14335748465954146,0.0,-0.00234066769507356,-0.00191694504544326,6.629290911015763e-05
3,0.89,-0.6374239897486896,0.7705132427757894,-0.034604605822696755,-0.16860745258113488,1.5208499859556035,0.5042228711429867,0.9270794841775708,-1.0325582677187881,0.5210378938064979,-0.13844093107950092,-0.14365448996554944,0.5765561070223839,0.13227494501649176,-0.22208949865195204,-4.658470763786207e-05,0.14693116679870058,0.04827668168178112,-0.23926964520807106,0.1283854498570469,0.1628512867352148,0.09372227363264748,0.0002037879907222,0.05095502541918105,-0.004000963376043275,-0.000902050269111745,0.12394845322505416,-0.1950955882032917,-0.07463166415475112,0.02121068294652891,-0.04614631248066698,0.09597780092609955,0.30652014790315363,0.38599746842317895,-0.7757981169673577,-3.893950375374118,-0.6534043692311569,2.0494520892188466,0.0,-0.2866516827298794,-0.1377659116990233,-0.004937437497169541,0.10296409226214834,0.5931149285224233,-0.01444972349111548,0.0,-0.0023450778660014703,-0.0019567030286273403,6.522396490007997e-05
3,0.9,-0.5877852522924734,0.8090169943749473,-0.033547134434439296,-0.17102421803660667,1.5204988369853334,0.5044525405340735,0.9263324109229603,-1.0312138685382939,0.5245195623912295,-0.13338958982119314,-0.15713033852056296,0.515797670608952,0.1212649051819703,-0.18423503723496681,-4.658470763786207e-05,0.1414218123014307,0.0473877944856392,-0.23787680926253355,0.12930754386787996,0.17120657273484274,0.09210859286965176,0.0002037879907222,0.05091716181642305,-0.0040331505414776,-0.00090114947460915,0.041265555583703054,-0.13645552649450024,-0.0035114623976521503,0.012575726840429149,-0.04861413566476935,0.0810916885046823,0.1880122676466388,0.28528402840443245,-0.937063409323227,-3.830334737978868,-0.7143436953931337,2.6031568458065633,0.0,-0.3699477744160453,-0.02778622586834045,0.1208223461649533,0.0555567070695708,0.5520602853268128,-0.08538253762856415,0.0,-0.0024343716502777998,-0.0020833595277029,5.399690054776753e-05
3,0.91,-0.5358267949789963,0.8443279255020153,-0.032308031667955636,-0.1725607867344066,1.5203348070001472,0.504867096231224,0.925524995802225,-1.0300668133024145,0.526732301000439,-0.1285783871344413,-0.17389067524770985,0.4572244003133439,0.11014340969495377,-0.13876741688287972,-4.658470763786207e-05,0.1352500841839777,0.0460495691412589,-0.23587812939999558,0.1313282847179799,0.18092187990262437,0.09075345456523204,0.0002037879907222,0.05087801799446897,-0.0040659267043149545,-0.00090024370276093,0.11463706162442144,-0.09295404530639091,0.0013562031166649141,0.035073903784123485,-0.05349340096194442,0.07115681797439394,0.12871711160613303,0.33957944103637594,-1.0798157880934998,-3.656159869304268,-0.7219037316800097,2.952516683092906,0.0,-0.38024720037007653,-0.12947530912685173,0.12646853282728704,0.1806994466714359,0.6305775875811839,-0.12260621659703372,0.0,-0.00249629690454638,-0.00207120542312721,5.995674953347117e-05
3,0.92,-0.4817536741017153,0.8763066800438636,-0.03055117834594467,-0.1757442291542761,1.5213599463763,0.5054528268452915,0.9244999311588271,-1.0286773235458255,0.5305427969995239,-0.1231552545094935,-0.1905141188522769,0.40186935027731246,0.09956474409268866,-0.09237560172650708,-4.658470763786207e-05,0.13143709035311693,0.043864203227431765,-0.2337894807716121,0.13458550494209617,0.1903904997503383,0.0890337632622992,0.0002037879907222,0.0508391516434029,-0.004099108276466,-0.0008993276948404001,0.08727652971487875,-0.2610540882088484,0.08447360525006282,0.03601756822265195,-0.07137073954911329,0.09782091318166854,0.3109497850845861,0.32384109642613357,-1.0537308423594272,-3.4322391264863015,-0.5986512362861091,2.9484925446300245,0.0,-0.16411544345125256,-0.13251416533943824,0.07353138456039116,0.2210387102015511,0.5884171531365687,0.02104821671760332,0.0,-0.0024502190453724194,-0.002137889972526961,5.601719575997344e-05
3,0.93,-0.4257792915650722,0.9048270524660197,-0.02885394773589159,-0.17954884335774005,1.5226897650769768,0.5062050318945367,0.9233224300444149,-1.0272342822180018,0.5350220173196389,-0.11755359791501967,-0.2078466850608166,0.35016697972462585,0.09361954847190294,-0.046441208580249,-4.658470763781777e-05,0.1288325553327506,0.041099180881102364,-0.23337446187602778,0.13889343855307,0.2001379617203927,0.09077235250250411,0.00020378799072201,0.050800268013275654,-0.004133147551834805,-0.000898416695831475,0.14800173902441893,-0.210353697016754,0.08586994055711074,0.05806157284536331,-0.07518109522128512,0.08274017470214692,0.24047917779137593,0.4063416272867829,-1.1224739013877576,-3.2065290045769226,-0.27629064063827363,2.8708737363723134,8.860816429007303e-15,-0.22819948915744737,-0.19946254328677226,0.15478690790910452,0.23154600685281443,0.6443244421435338,-0.06428978269589472,-3.8177990228556326e-14,-0.0025018096774913055,-0.0021542614718441247,6.02587861744572e-05
3,0.9400000000000001,-0.36812455268467786,0.9297764858882515,-0.0263222199262343,-0.18302186890053493,1.5242734846053396,0.5072434131957103,0.9220586558699437,-1.0260147392962509,0.5390318604143847,-0.11059095108774938,-0.22356306646131271,0.3026319682359199,0.09051988112799855,-0.004016302231548201,-4.658470763781544e-05,0.12435016673717082,0.038221537727846235,-0.22735743646138812,0.1406871101978323,0.2107748344692789,0.08537227770660992,0.000203787990722,0.05076065698548046,-0.00416735946665186,-0.0008974582496744499,0.1427102246478935,-0.23735705604845517,0.10167151969001478,0.06700415908876753,-0.08350061879433102,0.07821539467964367,0.2812200133266851,0.4351453167329902,-0.899504996133415,-2.906586181143128,-0.15830301032325156,2.6072671515077026,0.0,-0.2608906547170083,-0.17253214635842715,0.3962657514596841,0.12968421941761446,0.6928104371378405,-0.37404029740000705,0.0,-0.00250528841696983,-0.0021990889237551107,5.938624785148994e-05
3,0.9500000000000001,-0.3090169943749476,0.9510565162951535,-0.024309203832529328,-0.18632996166824906,1.5257531517507816,0.5083900563563666,0.9207129770076802,-1.0249455707721744,0.5430945417558166,-0.10394720516489829,-0.23593086849708622,0.2606148780528367,0.08836376777088417,0.036665102169924885,-4.658470763781544e-05,0.11986495212768952,0.03551491097968279,-0.22137491561281306,0.14327131361209472,0.22174551823710612,0.0794638294974092,0.000203787990722,0.05072089162786862,-0.0042023685785656005,-0.00089649798059115,0.12874280681532158,-0.18266719805902734,0.1041905877985236,0.07548655094767727,-0.08537367339403144,0.05965860038701172,0.2280383769703185,0.4104644917743751,-0.7701593836389099,-2.544844485150905,-0.1522718481271042,2.612857690023074,0.0,-0.3217835894870026,-0.1735657238015832,0.3510379219037275,0.16692547649752484,0.6807929223885094,-0.3192657182812701,0.0,-0.0025561790937156004,-0.002224953160650326,6.210326350252239e-05
3,0.96,-0.24868988716485535,0.968583161128631,-0.02243543737450785,-0.18969920638932655,1.528719332446087,0.5095553268850295,0.9192974537396237,-1.0239806603984105,0.5472729787572564,-0.09848759131555314,-0.24808181241545785,0.22464667324751242,0.08509699331474246,0.07809905842118453,-4.658470763781544e-05,0.11615971457568502,0.0324972820387681,-0.2183243224077502,0.147608501693924,0.23260090055106566,0.08027531169348762,0.000203787990722,0.05068072417595696,-0.004238374774866219,-0.00089562703749992,0.1137581499229395,-0.262162994430812,0.22359197019541843,0.07420739990372517,-0.09411069260317263,0.06769613826207166,0.32144740584737513,0.3226946818348907,-0.7559739845921177,-2.1484251501300107,-0.22779392991417874,2.598144391427021,0.0,-0.1612981689485391,-0.20177901314504107,0.16211451146282949,0.30909490922263483,0.713177194412865,0.17997961847314783,0.0,-0.0025366186295087,-0.0023145798495752996,5.332245141018443e-05
3,0.97,-0.18738131458572468,0.9822872507286887,-0.020370330428516735,-0.19493966760417575,1.5323105553627003,0.5108995624972602,0.9177214330387113,-1.0228376406945636,0.5534555121425303,-0.0930785308607702,-0.2578984592989126,0.1948147269453333,0.0809420204614518,0.11579885064496515,-4.658470763781544e-05,0.11463153070931734,0.028773147526868874,-0.21466006658958545,0.1522203837850176,0.24352181506677836,0.08079686731163743,0.000203787990722,0.050640917280492824,-0.0042752758434672,-0.000894789843270855,0.1408821736297079,-0.3398084890577771,0.24654111362425443,0.08978355799164908,-0.10094758906987505,0.0693283546360037,0.38821498328550785,0.34463547904771363,-0.5497712822209154,-1.7652992950110333,-0.2681478771497008,2.264268863104677,0.0,-0.09342875540110948,-0.2526951114139894,0.26418218172447133,0.2961357927098557,0.6570118764342411,-0.0514514496109503,0.0,-0.00252937632815905,-0.002358611445842895,5.2691816007088676e-05
3,0.98,-0.12533323356430465,0.9921147013144778,-0.017839277693494644,-0.19917904711620515,1.5374983919590675,0.5123528537246038,0.9161948284672509,-1.0221143635677317,0.5578122516643577,-0.08844725716282618,-0.26615408600472673,0.17134097066926313,0.07912920249786828,0.14830785425531579,-4.658470763781544e-05,0.11124434602086355,0.02465919528069812,-0.20922693133051917,0.15563653919066042,0.2532908036469845,0.08034256904741996,0.000203787990722,0.05060023637788376,-0.0043128938921649105,-0.00089398508684379,0.16545615733101446,-0.20629552220371014,0.3529452172580225,0.09392474404319262,-0.093304681298436,0.029500437419332254,0.19844909882276443,0.2643816205761357,-0.515208542228985,-1.3318804972109524,-0.011215373936235576,1.9524252958029529,0.0,-0.30189269531525975,-0.2614193678787618,0.3556677228311499,0.1854733317417013,0.6308354833612141,0.047998072264811426,0.0,-0.0026310749185315006,-0.0024049589848168,5.0817512248490836e-05
3,0.99,-0.06279051952931326,0.9980267284282716,-0.016336618633672452,-0.20049293188171838,1.5426242771499405,0.5137700152508582,0.9148332937373935,-1.022083326968454,0.5592795930205974,-0.08586235451093523,-0.2726071499477707,0.1560453526046489,0.08157496146066597,0.1725561997377908,-4.658470763781544e-05,0.10523616334885766,0.021414511916634918,-0.20540313681084071,0.1606855422088676,0.2642075960292879,0.08340820465090948,0.000203787990722,0.05055772648727588,-0.00435197928141994,-0.000893259593659025,0.04462739599229134,-0.07076433128847343,0.30594870088348614,0.08569983581256976,-0.08604250811969943,-0.00404280360333378,0.10247427580607299,0.0988029797146219,-0.35350020158751316,-0.7624944456533439,0.23403383281285567,1.3129788913014326,0.0,-0.3877059194286179,-0.1575650169923051,0.22519180896206925,0.3489694635613434,0.7067195047560421,0.1938155267908646,0.0,-0.0027130030689121202,-0.0025262977713009596,4.3092355629286775e-05
3,1.0,-2.4492935982947064e-16,1.0,-0.0167089364395462,-0.2026267043863041,1.5471914277687795,0.5150462320148714,0.9134185172964232,-1.0221506934993687,0.5623581782600047,-0.0859868953427212,-0.2768256847475366,0.1504652224259645,0.0870261912587092,0.1869852358196977,-4.658470763777112e-05,0.099012023798898,0.0200970231998261,-0.2000188444197301,0.1637953153998002,0.2744165924703611,0.0848876740224878,0.0002037879907218,0.0505147009960886,-0.0043927845852393,-0.0008926405914607,-0.0300975608465523,-0.1221040236338972,0.3067121312287637,0.0825333479763285,-0.0884627932682003,-0.0129162871650727,0.1707519195209184,-0.0370480257240435,-0.2078023670028377,-0.165099175848401,0.387127333227581,0.6461423714919741,0.0,-0.4348956100405824,-0.0799493707446164,0.403209412615432,0.1476980771132034,0.6109982394447748,0.0609614341265697,0.0,-0.0027611129290242,-0.0026074069732492,3.896568318780776e-05
4,0.0,0.0,1.0,-0.0165798406250712,-0.2028041641312982,1.5491550222735748,0.5154936396639219,0.9130080863391036,-1.0223195196093415,0.5625107145967423,-0.0860884710449684,-0.2775887524174751,0.1502223472312659,0.0889137799819141,0.1885708341467686,-4.658470763777112e-05,0.096386898941082,0.0193964048665673,-0.1976751047107241,0.1645663509053816,0.2774058999949617,0.0851619841735704,0.0002037879907218,0.0505006107772195,-0.0044058872638587,-0.0008924482528986,0.0258200653473844,-0.0354931895422982,0.3927326275896483,0.0894846574413393,-0.0820890606072614,-0.0337664021840778,0.0305083336623558,-0.0203158505207645,-0.1526188682601106,-0.0485767367740109,0.3775309399483736,0.3171307496387647,0.0,-0.5250433226632097,-0.1401285643681741,0.4687643258606837,0.1542124910883483,0.5978824018619172,0.0548639477988451,0.0,-0.0028181422723785,-0.0026206273189768,3.846905699176504e-05
4,0.01,0.06279051952931337,0.9980267284282716,-0.014616740370065337,-0.20118502168319935,1.5589197328651923,0.5170062355082289,0.9118946881276632,-1.0233478338227338,0.5593254608434735,-0.08639805570425689,-0.2781344211718949,0.15292890270583073,0.09227072272194228,0.18287846757561912,-4.658470763777112e-05,0.08700905814897426,0.015233096931324774,-0.18911849557051807,0.168800243242999,0.28717022821036825,0.08649528743988893,0.0002037879907218,0.05045526890133669,-0.004447393365461128,-0.000891915175250238,0.1226156654837308,0.1272844877275162,0.6913644274102585,0.09645277117825934,-0.06966853960965125,-0.07278968249114712,-0.24441689093640998,-0.048492911711408834,0.08537409200445169,0.30713904474157316,0.11110949994254507,-0.7005832260222027,0.0,-0.5823648482614989,-0.2825307541515117,0.5546234159966498,0.3436880732097401,0.6377516713582936,0.08992885644602452,0.0,-0.002940689752817686,-0.002710687041405226,3.0382672855498977e-05
4,0.02,0.12533323356430426,0.9921147013144779,-0.017003695849444358,-0.20118996524805083,1.5661393559870591,0.5181239305765799,0.9106689728441367,-1.0242823630949103,0.5585876353836984,-0.09019875211738798,-0.26811655414187513,0.16316443732799377,0.09307725619537732,0.165470881595134,-4.658470763777112e-05,0.07952134652345144,0.015651435697725046,-0.18130622156448,0.17360391193094382,0.29608488230199725,0.0836557167029576,0.0002037879907218,0.05040975298622359,-0.004491019377166042,-0.000891544176281932,-0.2944514744193726,-0.06684171823293023,0.3419197551747341,0.059162086785305885,-0.08372482668346298,-0.055203405724109436,0.04235825799352224,-0.3428056014607233,0.919413999679398,0.8231187830253168,0.08661790782091941,-1.2517514776082388,0.0,-0.450918422922613,0.19645570407674115,0.4814292271218884,0.27115294552458197,0.5514971001084846,-0.3445058547041125,0.0,-0.002923948946764,-0.00285104662460514,2.086671793445049e-05
4,0.03,0.1873813145857246,0.9822872507286887,-0.018555352074881126,-0.19902030054211148,1.5734712424029966,0.5195609171305077,0.9095676196414783,-1.025989501153395,0.5530234510897413,-0.09282799589061815,-0.2538810311528939,0.17729705267439397,0.09598236206623979,0.14420895340819267,-4.658470763777112e-05,0.06833359857586523,0.015437286021040903,-0.17209722728242813,0.17758763676689138,0.30559598102278723,0.0781154124073044,0.0002037879907218,0.05036308934210332,-0.004535776291388217,-0.000891219519755243,0.08314358552963841,0.3262826830296786,0.6006747084527747,0.12002736848205842,-0.05915701127658532,-0.15185619535139097,-0.6787155372067082,-0.016427358357311822,0.7824547974439255,0.9139153520862163,0.20026025532039807,-1.3966712470433797,0.0,-0.9345716829859676,-0.22243098657043442,0.6850318856117702,0.24860003754784435,0.6379697387822219,-0.3018840710870496,0.0,-0.003058175206411596,-0.0028846235063044972,2.148754469073453e-05
4,0.04,0.2486898871648548,0.9685831611286311,-0.016904174429010464,-0.1934960328512725,1.5830251806329823,0.5216190983651325,0.9086265225314634,-1.0285344365549132,0.5417270370517988,-0.09232800091217336,-0.24320082883191563,0.19310832153318286,0.09361147994421547,0.1210161369099931,-4.658470763777112e-05,0.05350816708434301,0.011324172651495984,-0.16033703568656651,0.1816725316669926,0.3149582940858523,0.07156521249039338,0.0002037879907218,0.050314868235670246,-0.004581614612872348,-0.000890945403951436,0.039894280225870396,0.2335782322167429,0.5548773398588687,0.12966873148078203,-0.07057423025482698,-0.14239090404054072,-0.5465545433438386,0.007613949520256104,0.7013589300457181,1.0588021651810402,-0.5483865492933702,-1.6079948892760576,0.0,-0.805449166286349,-0.19363354298382907,0.7737642795996015,0.29090867537209864,0.578583176483366,-0.5819871090442472,0.0,-0.0030919154860755958,-0.002990259073599724,1.4719700808309832e-05
4,0.05,0.3090169943749474,0.9510565162951535,-0.015438711060974344,-0.19170666590244353,1.591419380767066,0.5239103878360014,0.9074638498749534,-1.030371031310429,0.5357841675017748,-0.09077644819038122,-0.23678054777891122,0.20426813921476134,0.06151727135383282,0.091938667580204,-4.658470763777112e-05,0.043940731134899894,0.007422036321304737,-0.1458978507404641,0.1877854333496214,0.32231737337023825,0.05826528678668734,0.0002037879907218,0.05026661816536476,-0.00462855571222206,-0.00089071954914952,0.16547795587727113,0.16560190167074584,0.5683438612565062,0.1608250193813082,-0.06753335130920762,-0.12470647743337177,-0.4458152312655551,0.16684040055643698,0.18784607289407051,0.45542735085032493,-2.726148185629094,-1.909977834174052,0.0,-0.6195957069047047,-0.33840309082419406,0.9667014063682936,0.4721563767343782,0.38440530400545103,-0.8683473300195956,0.0,-0.00313670891082825,-0.00302340899941274,1.535584643211784e-05
4,0.06,0.3681245526846779,0.9297764858882515,-0.00825795771990224,-0.18763175275697766,1.599822694793463,0.5274304248695603,0.9067015256705434,-1.032514941197947,0.5269214465738444,-0.08296038195419365,-0.2374548562462383,0.20658769811000902,0.02536394147135528,0.06648256696101074,-4.658470763772844e-05,0.03596119967480626,-0.00444927620240095,-0.13975364404131368,0.20116320337190552,0.3272118346671656,0.05266264213046503,0.0002037879907216,0.0502171552091657,-0.004675561568125252,-0.000890431190461152,0.6341902837816843,0.22676148125773335,0.46689244360704746,0.269525918918589,-0.043757706721623546,-0.13078711667203916,-0.5173159820945544,0.7262243386785581,-0.04922363182342702,0.12489941523467529,-1.8365425308177732,-1.4801212533516162,0.0,-0.35725325363942295,-1.004731481169629,0.06042778785563574,1.089185296406786,0.3450555143752877,-0.1909784584611912,0.0,-0.003183166654046174,-0.0030239023307293542,2.037116242845524e-05
4,0.07,0.4257792915650727,0.9048270524660195,0.0008325480232773113,-0.18341943129113983,1.6045512646480031,0.5317730854589003,0.9063643061634142,-1.0347520574968543,0.5196837358303131,-0.07190696581873475,-0.2352005786649541,0.2146789026833059,0.005193127317988714,0.0460748845487883,-4.658470763772844e-05,0.03057937315566737,-0.018724217957184795,-0.1348362011559011,0.22023613547768228,0.3323170765062299,0.03859778126749735,0.0002037879907216,0.050167506223860424,-0.00472366371829843,-0.0008901646542859961,0.48182205388579347,0.3854904777345902,0.2708382804156355,0.2642649364608477,-0.0034110424356477154,-0.168677563135564,-0.5464298430480369,0.5826840721471512,0.20005376371941247,0.7747428773174341,-1.1622304189940547,-1.2541309308677187,0.0,-0.48843236327223766,-0.7664923442126872,0.6314804020069799,1.2055925786116268,0.2639238103171335,-1.3501960881184114,0.0,-0.003228630533180488,-0.0031514934059551124,1.2569742760782366e-05
4,0.08,0.4817536741017153,0.8763066800438636,0.005987956694123888,-0.17637690055754854,1.6071739289577376,0.5356234054179515,0.9066991998780255,-1.0376782890896568,0.5114740616668765,-0.06581794768918998,-0.23192887833568118,0.23394922798808318,-0.007198945306608284,0.027817660124731212,-4.658470763772844e-05,0.020816237688648626,-0.02744880467680148,-0.12036341620183384,0.23759926241007842,0.33365793261797605,0.01138173813195056,0.0002037879907216,0.050116896703464434,-0.004774389037553292,-0.000890099542819556,0.2756029238442821,0.4216738096157473,0.07233054765466365,0.24737541287031858,0.02989573222707783,-0.18523170774013645,-0.4425474862538326,0.34142107218646445,0.2501003542981096,1.4324857584799058,-0.546192186583297,-1.1534657694715376,0.0,-0.616013168318888,-0.49156088105480034,0.9496062866269377,1.0972457780279556,-0.024558720433717166,-1.8844607683982326,0.0,-0.003241471497729148,-0.003306321992587908,1.6686999304659227e-06
4,0.09,0.5358267949789967,0.8443279255020151,0.00936876670177257,-0.16984172937152953,1.6056794639126102,0.5395995725020202,0.907459245941042,-1.0405599753240364,0.5052097369666724,-0.06074445771687984,-0.22751660507586619,0.2570749661743183,-0.009075275206734462,0.011626650234302292,-4.658470763772844e-05,0.011667817579636816,-0.03432527103679547,-0.10623029999172055,0.2557551957191734,0.3293744228069802,-0.01984836751397751,0.0002037879907216,0.050066233446534075,-0.004826636546174782,-0.000890075956659342,0.20621123726104387,0.44767210412160513,-0.1517964366077443,0.2615808611719183,0.06067231069710656,-0.1893990307251048,-0.43715711968133436,0.3377471538081729,0.2660742025768404,1.4417470652060596,0.0586130124671754,-0.9287725593186037,0.0,-0.5754986717727951,-0.44936916581733166,0.912641118654088,1.2489325892119878,-0.38125782620630955,-1.9917793336307428,0.0,-0.003294868625448442,-0.0033808829936350627,1.6704271733055552e-06
4,0.1,0.5877852522924731,0.8090169943749475,0.013249076973593062,-0.16405001167795905,1.6027737320709015,0.5440053027637805,0.908626343959182,-1.0432909051737862,0.4981124781058135,-0.053199261105439814,-0.2205136960961813,0.2757195416951267,-0.0057219329329427585,-0.0010614475409775135,-4.658470763772844e-05,0.00689360875545007,-0.043134125872520176,-0.09189318180503268,0.28076647784643144,0.3222199944850532,-0.04836407860571375,0.0002037879907216,0.05001503509229445,-0.0048794786138537495,-0.00089001546151108,0.26690133917243014,0.28782779114499557,-0.2021176832540036,0.29347178711946376,0.07886997433689237,-0.1618821528606861,-0.4316817726675014,0.56813055188058,0.6102319818243414,1.0649014441546432,0.28082345307479456,-0.82447268180979,0.0,-0.1223040935321544,-0.6157256442756692,0.930891803555685,1.797792000752304,-0.490123158899075,-1.7848274097255257,0.0,-0.00328083548334302,-0.00342137841340361,2.850510136830468e-06
4,0.11,0.6374239897486896,0.7705132427757893,0.017275963702765584,-0.1608421752692131,1.6006442535926382,0.5485507193940633,0.9100152131688357,-1.0456750865968762,0.49012562327218623,-0.04365661992614675,-0.20982606413544072,0.28821460371967794,0.001718263451732034,-0.013382742792376327,-4.658470763772844e-05,0.008318094070890288,-0.05291445351223164,-0.07507582808699008,0.3124303546370864,0.3120107903874509,-0.07547191401258535,0.0002037879907216,0.04996386883662399,-0.004933629580397289,-0.00089004431225005,0.24467988620988787,0.2094571859382559,-0.07650697181266707,0.28599031999893015,0.09662965988047084,-0.15600023896550777,-0.6016802236054728,0.5978963209563465,0.6151986696079723,0.6724329265472688,0.5480733129710642,-0.7283455190533603,0.0,0.1531175581301646,-0.6192596346606408,1.1843777538200424,2.1429721440145917,-0.7608971766596391,-1.720305647210596,0.0,-0.003307715705958213,-0.003524591584779947,-5.888326117348856e-06
4,0.12,0.6845471059286886,0.7289686274214116,0.02032396616315176,-0.15882819936589893,1.6000628743719547,0.5528680010285009,0.9115828982666562,-1.0478112063647917,0.48088994050497263,-0.034886752550196486,-0.20347402347702806,0.2955379523221214,0.009141102554102202,-0.023870283910254572,-4.658470763771192e-05,0.015217656280021604,-0.06239024614931715,-0.056900447221864284,0.3507613030698023,0.29799134335170363,-0.099414022206687,0.0002037879907214,0.049912699007891484,-0.004989742160528292,-0.000890237833031984,0.1864101897306701,0.07082680749613335,-0.02920220528025088,0.2777949729255678,0.10072492533456881,-0.12376867227460663,-0.5600509181944847,0.5722147010439477,0.330704277614718,0.38450334819895327,0.44813915453666725,-0.6931267878065739,2.2468706937495853e-15,0.6220028872469465,-0.632670670541384,1.089576123299329,2.646723790913145,-0.9644724967953318,-1.3900815811716218,-2.7176260466483905e-14,-0.003272256054058812,-0.003643355989433908,-1.4809927679558414e-05
4,0.13,0.7289686274214116,0.6845471059286886,0.0228883845930297,-0.15778309129639673,1.6015768725910604,0.5569368122453717,0.9132212795737876,-1.0496638080169682,0.47087338860255695,-0.02702048184871657,-0.20132546968706272,0.29971670866326283,0.01787759063769823,-0.0333706791425505,-4.658470763771192e-05,0.028013191019648012,-0.07206297469942395,-0.04030442888542563,0.39636607076204167,0.27877014235074266,-0.11967737200870816,0.0002037879907214,0.04986174819609579,-0.005047835794601744,-0.00089061860519622,0.14565590881103077,0.05847159861826176,0.17172989984791423,0.24938324802330725,0.10656757618067542,-0.11548808709541993,-0.6757867522712451,0.44795387214337895,0.040415464069143835,0.2282638436698627,0.623332046603108,-0.5231792910418629,0.0,0.9310280858289409,-0.5875593136887631,1.115786474756365,3.071248216885412,-1.3821276237470452,-1.3178238002858116,0.0,-0.003278000659182232,-0.0037879683243298022,-2.985613371458539e-05
4,0.14,0.7705132427757893,0.6374239897486896,0.025714689424543646,-0.15806503072642233,1.605115305900771,0.5607433840616046,0.9148127305925401,-1.0510981072507815,0.4610447778673339,-0.020188252651701055,-0.20273299281774437,0.3021537709100294,0.028251661586761817,-0.038561505222912386,-4.658470763771192e-05,0.048007016357634956,-0.08131027611228527,-0.023489900781066202,0.4509869710514209,0.2552145700491073,-0.1389436706619265,0.0002037879907214,0.04981109316149759,-0.005107308792515086,-0.000891101849513396,0.22755902509055848,-0.026542679513290417,0.24345191200773897,0.2485509234774689,0.10181234541237798,-0.08510717368258235,-0.6450235373072939,0.47015869711113784,-0.17374380530872113,0.1044009082488011,0.6874421166807256,-0.2298173210661025,0.0,1.4424645877619016,-0.6376881683139874,0.9966124317443984,3.7600195269041943,-1.5985776031380312,-1.2024532402428543,0.0,-0.003259709148861914,-0.003832228437444222,-3.0323024128086963e-05
4,0.15,0.8090169943749475,0.5877852522924731,0.030562251655327756,-0.1565766068989795,1.6095244362591448,0.5647305800543152,0.916510836823166,-1.0526469063589707,0.44789893477669535,-0.011920564558649361,-0.2085248833538919,0.30184900520462526,0.03949762696986348,-0.03805170063652808,-4.658470763771192e-05,0.07095183310580859,-0.09312553983762936,-0.01171649134187137,0.5125792918928729,0.22467955199709688,-0.15581595647523752,0.0002037879907214,0.0497593112359626,-0.005167312440034435,-0.00089157472670196,0.31814064340204573,0.15104059865801878,0.29821572317574274,0.2543148111276345,0.11196943848430008,-0.10543935384365823,-0.9258690519996098,0.5225343255898961,-0.4472614067018542,-0.05603246315037069,0.7397725048651478,0.16361276638642647,0.0,1.4810810713943225,-0.7829333577232376,0.6478225524532241,4.010678811883381,-2.153610190515872,-0.9717480357823541,0.0,-0.00337050600665141,-0.00388975657589102,-3.2240660518143866e-05
4,0.16,0.8443279255020151,0.5358267949789965,0.034844918796034824,-0.1541055414644504,1.6148087986485307,0.5683975346483734,0.9181765810143375,-1.0541035473016784,0.43391076084084906,-0.0056645717681833695,-0.21793066103839082,0.30161676148787336,0.05187283901392061,-0.03226509538325861,-4.658470763771192e-05,0.09643598308207911,-0.1044201828212363,-0.002681877439388573,0.5774838135178925,0.18654059756401553,-0.17225970963095286,0.0002037879907214,0.04970616993258692,-0.005229234641012356,-0.0008921932744071119,0.27690267969822424,0.16607784932758585,0.37553853888550615,0.2284361367059411,0.1040927204845726,-0.08835257962506422,-0.8922741468059839,0.3579765555873478,-0.708351960840424,0.00045873243517707916,0.8239116104574533,0.47534802264266895,0.0,1.713322455928968,-0.7074675777714692,0.6039355709031005,4.259318421950709,-2.625408712659507,-1.3539102112161183,0.0,-0.003446250425833224,-0.0040108101691061805,-4.194667886124132e-05
4,0.17,0.8763066800438637,0.48175367410171516,0.037927146278769246,-0.15076187288777196,1.619952062076702,0.5716279553610122,0.9197009181549841,-1.0554827508038782,0.4196591048356659,-0.0018085478578632895,-0.22872089219337477,0.30240294922455585,0.06504483005465796,-0.022350395074319487,-4.658470763771192e-05,0.12274598876254585,-0.11279753439289976,0.007650802344249169,0.64434860211042,0.14665360617855794,-0.20391998521010413,0.0002037879907214,0.049651688042028214,-0.005293011589564938,-0.000892938937129576,0.10877774403793222,0.21525481129450197,0.2708184247515489,0.19179489394155447,0.09240819432392258,-0.08368420796024974,-0.8800383565470588,0.1521223753332405,-0.6264930806700165,0.11866268453008641,0.8652827289408335,0.7109829003836521,0.0,1.695320745806379,-0.4046277363429278,0.649790805721262,4.318949053020841,-2.290043651252281,-2.0298936723061667,0.0,-0.003516190109067014,-0.004169141298795441,-5.3008790887674366e-05
4,0.18,0.9048270524660196,0.42577929156507266,0.03877051755142634,-0.15019620261357955,1.6236927159197618,0.574392568783789,0.9206910845010107,-1.0560144118931485,0.41074824063436066,-0.000899819551392547,-0.23832594949358718,0.3068753671660354,0.07870963843766406,-0.009885600692710262,-4.658470763771192e-05,0.1542266069260419,-0.11778067641341082,0.017052441399713437,0.7142492900519419,0.12605213623189152,-0.222586674981737,0.0002037879907214,0.049597495080946276,-0.0053590945372920095,-0.000893845596733136,0.07342857258292528,-0.030933851440330104,0.2624728140579698,0.17515295097789957,0.049253896386811456,-0.01315678012065062,-0.4629341111095452,0.05427570290990329,-0.6493077522741835,0.33406442953854687,0.8757496941428812,0.8210346209735137,0.0,2.172936046822302,-0.31517383484470507,0.6300550963457902,4.559412708960845,-0.9375759598107034,-1.0309218728723204,0.0,-0.003472482833161562,-0.00427140851560837,-5.9177930725629426e-05
4,0.19,0.9297764858882513,0.3681245526846781,0.04183341671630237,-0.14936176252593167,1.628935761310372,0.577199658527466,0.9213451670407101,-1.0562426207444653,0.401917391607437,0.0020399534232318902,-0.248023039243621,0.3109261854133951,0.09204354874010881,-0.0010441177389462002,-4.658470763769534e-05,0.1879691646547407,-0.12315803227948513,0.02893861601110762,0.7842537161906844,0.1162820847317555,-0.2508103793635018,0.0002037879907212,0.049542477249574356,-0.005425888748493078,-0.000894763226273123,0.2583860237062821,0.0525539861285986,0.351091325694036,0.1860291249006911,0.036458338621446644,-0.0065467652157028215,-0.5606695065119374,0.2683895433449882,-0.5760998270592703,0.22863201428739602,0.8342596446047494,0.4029959023197594,0.0,2.222835962368539,-0.3723286015537794,0.7810850547855156,4.463967511078931,-0.4571349828378479,-2.2675731248917104,0.0,-0.003553562890458009,-0.004303144144179895,-5.819362973296587e-05
4,0.2,0.9510565162951535,0.30901699437494745,0.043831671530651185,-0.14871835120981172,1.633106203929022,0.5796898312705706,0.9218006230737713,-1.0560783685343937,0.3939690742257259,0.004356379823723702,-0.25500076569912805,0.31455779089683883,0.10441082445037425,0.005393709223014085,-4.658470763769534e-05,0.2226657483996096,-0.12623593384591694,0.037001069121014724,0.8492058160537531,0.11514182421448237,-0.2996037874337218,0.0002037879907212,0.049486772230965204,-0.00549446706990582,-0.0008957778433394,0.06319351824071952,0.11326956540550531,0.22204155397844294,0.14755347878133063,0.032468796967376076,0.002884377215042618,-0.5960184566654563,0.09839820082080258,-0.39313157812390687,0.20757393978088054,0.7800054962438975,0.4799778153769129,0.0,2.116514657843466,-0.13606112487172095,0.3315163692324428,3.988531859354315,0.11284867803905382,-3.3009561291402347,0.0,-0.00362871357482858,-0.00445469934467144,-6.816206956093412e-05
4,0.21,0.9685831611286311,0.24868988716485496,0.04739673154127399,-0.14257103412168168,1.6353692330111933,0.5825022962783841,0.9226331924312406,-1.056784535438692,0.37832658542144243,0.01043170898977239,-0.25981718541877424,0.31456536488971143,0.11494234674380313,0.011773123957534099,-4.658470763769534e-05,0.2494543857440858,-0.13395361227719116,0.03558362405668289,0.9056385460237206,0.1224083094876785,-0.32333494041232397,0.0002037879907212,0.04942865531554493,-0.005563841527035901,-0.000896802386799666,0.331273692451511,0.5097303747687688,0.10667504835708785,0.20183279492408304,0.0630899534970331,-0.06479933954892736,-1.1814002767995397,0.5627224189704516,-0.25750697177797255,-0.10919733014048988,0.6045870239016172,0.30672674003382966,0.0,1.562266360891567,-0.7079492215896624,-0.2735967298275804,3.4473090342101256,0.6214806495282537,-0.49262357702855114,0.0,-0.0037882425829978547,-0.004459417778442012,-6.406923625894364e-05
4,0.22,0.9822872507286886,0.18738131458572474,0.04970673583879829,-0.13587264505041927,1.6354778900621467,0.5851528668145103,0.9235749803965944,-1.0574131498424326,0.3616925326289272,0.01681752523532002,-0.2601672953262443,0.3128580216080237,0.12323271657458065,0.01351681477031725,-4.658470763769534e-05,0.27403724603602847,-0.14217172183849164,0.028834563692527505,0.9530087031871206,0.1346473707565564,-0.32196755706091235,0.0002037879907212,0.04936914357766305,-0.0056345580256947116,-0.000897886005774242,-0.04545994209038524,0.32283157219883396,-0.058586710671105074,0.13587162675457276,0.05427019798855114,-0.014500684249066198,-0.9101668070981082,0.20560150529711707,0.12877614799433434,-0.051818468287851346,0.5360713730405919,0.056984579419798405,0.0,1.6556493620617032,-0.28204926795176444,-0.4951638801176722,2.8351725257864686,0.8453363584593496,0.10184940575499807,0.0,-0.003833315758219602,-0.00461582160766421,-7.507548198969317e-05
4,0.23,0.9921147013144779,0.12533323356430426,0.045526223181695955,-0.13320903633982156,1.6333953292513106,0.5865755921841093,0.9243153951968632,-1.0571032307063746,0.3505366266529596,0.01620882199465126,-0.25691221623045707,0.3128331579645969,0.13091272138613946,0.015498629025194794,-4.658470763769534e-05,0.3006896536036914,-0.1415031613802427,0.020839813587327408,0.9902444853923001,0.14801178399628176,-0.32175003028279947,0.0002037879907212,0.04930922097069584,-0.005707998571314261,-0.000899177302944325,-0.2729084035063141,0.1620989986278666,-0.12219940394003809,0.08482936869171348,0.04965210395759992,0.023339998785322322,-0.7239915504213642,-0.05277676161973427,0.11704778583121882,-0.02451614517873729,0.41988198459152243,0.22040368393549437,0.0,1.675278143716746,0.07714168484421699,-0.46101550767490485,2.1608428686550547,0.8389007930698659,-0.0028467054876217764,0.0,-0.0038768562589466633,-0.0047544187722608185,-8.484655723309665e-05
4,0.24,0.9980267284282716,0.06279051952931353,0.042222761373542674,-0.13107859318696646,1.633163827684443,0.587796363177375,0.9251248012717517,-1.0565894316973454,0.3393714794369095,0.01593663490003693,-0.25752258377820775,0.3117934597990313,0.13558277509157657,0.018598345894939583,-4.658470763769534e-05,0.3266796092455258,-0.14034955825899467,0.0166533761361149,1.0176396450937664,0.1588748226123114,-0.321689212712574,0.0002037879907212,0.049248132462278014,-0.005782591861598852,-0.0009005353776855919,-0.2465518152494438,0.06511563714370074,0.009098116137303842,0.06683765530136089,0.048423384999125574,0.04947970309753606,-0.6328568366609146,-0.04957347928159564,0.04498995435247574,-0.06730687144367667,0.2919843679641094,0.03057887548729657,0.0,1.7370090749649605,0.14832698463442853,-0.21908667399614576,1.5801608753225067,0.6102069007800928,0.006881926477490606,0.0,-0.003933646308873164,-0.004844721544020179,-9.107440629398632e-05
4,0.25,1.0,6.123233995736766e-17,0.035704987306169014,-0.13112856867882117,1.632089394771184,0.5883237289018279,0.9258377730157816,-1.0555385267400943,0.33111227716622715,0.013010156589866748,-0.2509409578149634,0.3112512243304443,0.14118543842437095,0.013502075707116245,-4.658470763768228e-05,0.35349939140065983,-0.13413847006356197,0.012202845537649372,1.0363071258948646,0.16577343404456177,-0.3215798399350244,0.0002037879907211,0.04918635235175005,-0.0058598383475307,-0.000902097039777375,-0.4753303456473639,0.03742519280445321,-0.09905185244554252,0.020591880914253603,0.05009343630177679,0.0628020887701283,-0.5701954193747962,-0.2369072625041782,0.545274237185267,-0.021859482155719867,0.39430565300949405,-0.40828889971267546,6.53254641212232e-16,1.6263501907061086,0.49747196364631613,-0.2965905291883537,0.9780840040885376,0.37425267218203073,0.006724081002171149,-8.310700124301676e-15,-0.00402131085053425,-0.0050214267210873,-0.00010415590287087501
4,0.26,0.9980267284282716,-0.0627905195293134,0.029645797905863556,-0.12793607959352768,1.6321480592295752,0.5886365199145072,0.9268130451204062,-1.0549982116538945,0.31840705207003456,0.011459017019711268,-0.23976984963812675,0.30896648186685627,0.14735768155269408,0.001738737772846096,-4.658470763768228e-05,0.37519440054622405,-0.12662989218227544,0.010249659651002788,1.0460156676183676,0.1731409528861425,-0.32147830087349827,0.0002037879907211,0.04912200413184988,-0.005938350331261258,-0.00090373352948448,-0.3127278836016767,0.25429508460282185,0.0883020507459479,0.025433073699478895,0.06545558899132427,0.026905692882806358,-0.91347514267781,0.024307835054680565,0.8464898223167426,-0.24810056193655522,0.3778569165705909,-1.0801747880311765,0.0,1.3432337617081642,0.4322238371921381,-0.01940592163558738,0.4905593212780293,0.5724798779616389,0.00651314445207436,0.0,-0.004187581623692242,-0.005052576390708824,-0.00010526578428562
4,0.27,0.9921147013144778,-0.12533323356430437,0.025353259283328787,-0.12660211190696852,1.634539408459956,0.5889323684489474,0.9275731144042596,-1.0539879218922767,0.30790577863252727,0.011707947944529357,-0.22827305332479342,0.3060341879368878,0.15371193433222835,-0.016119512460384774,-4.658470763768228e-05,0.3991583018903805,-0.11949949852723112,0.011066669436598129,1.0498488943699775,0.18302553090517135,-0.3213772812244046,0.0002037879907211,0.04905704509482278,-0.006017744546505322,-0.000905424615906269,-0.3001049471778106,-0.03788023850309935,0.13562471607344806,0.009927339595512298,0.037560772678216586,0.09205349177569963,-0.4749550679933625,-0.0770672764185657,0.5613354155718029,-0.07183980610295074,0.4432455497817174,-0.9138801686359075,0.0,1.6581371549979103,0.515673473512768,0.034627574325465496,0.07663316396056477,0.6146180684367433,0.006477579037347631,0.0,-0.00416748641737014,-0.005142775713674603,-0.000110942326623923
4,0.28,0.9822872507286886,-0.18738131458572482,0.019329657437815596,-0.12780690267813966,1.635162060907658,0.5888080203566413,0.9280679320933535,-1.0524231048992763,0.3019216992805241,0.007902882518105492,-0.2219988075078371,0.30710963983869016,0.1612385956749621,-0.023748789603991877,-4.658470763768228e-05,0.4231749394744754,-0.11014532990965994,0.009232313872436232,1.0436714751640892,0.19102913556954734,-0.32127731351064887,0.0002037879907211,0.04899161927592022,-0.006099300037642764,-0.000907241859458588,-0.4120120159818519,-0.042662228460492016,0.007477092412103789,-0.013610102319783445,0.03281661618189212,0.09355313891116904,-0.4277351287653484,-0.28409617995868375,0.3847829767488164,0.087998493422928,0.49905430701692005,-0.38027469097525074,0.0,1.4214745534637634,0.6151782252408718,-0.1801749888583689,-0.6345150942946497,0.48550304205479217,0.0064046033097726,0.0,-0.004262161628152057,-0.005287680453775805,-0.000119103845759844
4,0.29,0.9685831611286312,-0.24868988716485463,0.014988830940356954,-0.1278127820853831,1.6358100504610162,0.5888326825331469,0.9285343360840699,-1.0510885179809952,0.2942476579983259,0.005496334651687206,-0.2175594377700656,0.307943631323396,0.16871617652238446,-0.02831363637761005,-4.658470763768228e-05,0.4434347637558801,-0.10266356095062015,0.007642862193203024,1.0287022962924726,0.19869002780049427,-0.32117847732262916,0.0002037879907211,0.04892415278529319,-0.0061816493831696176,-0.000909068022313466,-0.19640712564640397,-0.0058709336471423346,0.08490473521057719,0.010056871845451235,0.026161930701100906,0.08735497054441947,-0.49272632164300356,-0.07857270576172512,0.22294505384674224,0.037873620441235586,0.4581024449022872,-0.277180464403197,0.0,1.2900940747005558,0.4078606553746675,-0.03282673452798914,-1.1099780950308604,0.4830063244381835,0.006331556808590704,0.0,-0.004364768387872096,-0.005301183282541479,-0.00011696654754227899
4,0.3,0.9510565162951536,-0.30901699437494734,0.012492490067543133,-0.12835225459284047,1.6382388040685998,0.5889062720221689,0.9288111471910123,-1.0496358638603487,0.28702813400558025,0.004295804164250072,-0.2152246411018246,0.30836314270096615,0.1754874708616527,-0.03217955510477936,-4.658470763768228e-05,0.4629351782814643,-0.09656113623735028,0.007655543610523821,1.0066049226750926,0.20479576556662873,-0.32108080408500067,0.0002037879907211,0.04885585512523518,-0.00626508097884151,-0.00091097482317972,-0.16682664607772474,-0.04032826946215169,0.16725845319494473,-0.0003616854843647114,0.014341004613718919,0.09468115893930487,-0.4550568700502331,-0.10134119030527562,0.1205210113104196,0.03352069850854929,0.45678542569594416,-0.20966366046713247,0.0,1.2136807170963912,0.40078984370001114,-0.01599909864284653,-1.5812239651958797,0.3479698618965865,0.00625587220173739,0.0,-0.00441230811795421,-0.00541628910942715,-0.00012700850173486
4,0.31,0.9297764858882513,-0.368124552684678,0.009681404676977028,-0.1288454282771304,1.640242438403563,0.5888689497849858,0.928959927892966,-1.0481936163016787,0.27997341077638516,0.0024306993589941267,-0.21388704867023406,0.309249352611067,0.1843202595947234,-0.03394699355358129,-4.658470763767793e-05,0.47986990562987064,-0.09097600774971853,0.0058961329849124494,0.9764833462787758,0.20909000890758803,-0.3209843306452557,0.000203787990721018,0.048785868907588605,-0.006350769688352603,-0.000913037765532835,-0.19764042838746962,-0.031277903745430866,0.09035764531677176,-0.002661923137839218,0.007233721608318387,0.09193167069575513,-0.4538451671688981,-0.12862236116430725,0.09826075551836089,0.05673290419587941,0.5971162096021058,-0.0709125407581711,8.690726268276579e-16,1.0211517556092053,0.3324197098899686,-0.18603572443243943,-2.131393065826967,0.2331604257802621,0.006177792613935741,-1.230926907256156e-14,-0.004533349783602331,-0.005565137017533549,-0.00013613301288426
4,0.32,0.9048270524660195,-0.4257792915650727,0.006174749523893812,-0.12837161241378878,1.6385242582256587,0.588978186366559,0.9290904448144661,-1.0470379726753796,0.271422386097377,0.0008018772123254471,-0.20963209364515886,0.3094000203592842,0.19250076168975216,-0.03448215990290592,-4.658470763767168e-05,0.4917156480222952,-0.08746366146907018,-0.0009121833068562503,0.9378045927907966,0.21121571223037733,-0.32088909380673136,0.0002037879907209,0.048714076116745254,-0.006438052880281713,-0.000915137968388036,-0.21390820299019844,0.0665449567611312,-0.2069988003966032,0.015154242769814776,0.009245560618103018,0.06413823266261202,-0.6021949785279275,-0.07020034124088903,0.3605742559554651,-0.009509056539534818,0.4904603332539959,-0.03968868971655838,0.0,0.6258148023109834,0.15190749739149148,-0.5547548370534016,-2.655415881150047,0.08696159732815666,0.006097463296375848,0.0,-0.0046583814060298405,-0.00562047695910072,-0.000133224282626036
4,0.33,0.8763066800438635,-0.48175367410171543,0.005121281362284057,-0.12933219811657043,1.63670114225382,0.5894118594774824,0.9290059890408175,-1.0457048732364105,0.26430752720476486,0.0014416554008299847,-0.20597634492300196,0.3089957294982693,0.19957523683419923,-0.03489683077039204,-4.658470763767168e-05,0.5027864869177774,-0.08703905388941288,-0.008604136832860229,0.8926649661646054,0.21033197318553884,-0.32079511068234573,0.0002037879907209,0.04864137536241221,-0.006525876337473767,-0.000917220026741331,0.020208019081263486,-0.15470138250063228,-0.03432547241815063,0.03385512985987128,-0.015237129224838365,0.10239847545017235,-0.3559049694041102,0.10483209388034695,0.12352070729947567,-0.04575645958241988,0.4366208955534107,0.004463308778271918,0.0,0.8083684305333845,-0.03276065226404336,-0.42613245729988974,-3.0084354077249373,-0.14295563352824775,0.006017067619461464,0.0,-0.004677761532797426,-0.005665308958897072,-0.000134816203441876
4,0.34,0.844327925502015,-0.5358267949789969,0.005994588605597585,-0.13166195744508616,1.6361230913186824,0.5900103130299975,0.9287208315400327,-1.0442054797995475,0.2580651855497721,0.00412084065740706,-0.20341524260512395,0.30691496045344185,0.20583274294436632,-0.03530760180919683,-4.658470763767168e-05,0.5135251782657939,-0.08859964869222942,-0.0160346626087668,0.8418888965099361,0.2050269935848742,-0.3207021071286794,0.0002037879907209,0.048567727521005764,-0.006614796058551972,-0.0009193638109033101,0.05047515349949295,-0.10679438534045202,-0.07027955103480292,0.03985227377468047,-0.01634042294405208,0.08495393999607541,-0.4753119374284005,0.1980756801499108,0.2420216577551743,-0.18467218159182136,0.3738761353360573,-0.07350084382681148,0.0,0.5593893315812293,-0.12883959859617744,-0.5419150736722438,-3.4226879681455378,-0.4515406787175596,0.005969506394974822,0.0,-0.004794205931707287,-0.0057555529632421845,-0.00014008046871327002
4,0.35000000000000003,0.8090169943749475,-0.587785252292473,0.007829038017433116,-0.13303006251119046,1.6349715663430628,0.5907670485167624,0.9284434763898507,-1.043025794476736,0.24996684253697843,0.008330783922923288,-0.20024096255180127,0.3034889397091302,0.2109202339328684,-0.03633593750738428,-4.658470763767168e-05,0.5199899108171098,-0.09202474958830908,-0.024589149797133072,0.7843849017666183,0.19545297891065902,-0.3206110011658599,0.0002037879907209,0.048492170807541514,-0.00670462691232571,-0.00092153764523474,0.15307379305293944,-0.10625524875135318,-0.06248325400099165,0.05080315599928309,-0.0207400917390003,0.07649737944131746,-0.5087906003002702,0.2905662028014905,0.14456911014537488,-0.22378885689507944,0.33449802497286946,-0.04383759276731772,0.0,0.37950493771582156,-0.2441228365421948,-0.5138258650394101,-3.833906209094726,-0.6795614128344383,0.005729033666148348,0.0,-0.004874030560558146,-0.005793285279401335,-0.00014024494445819002
4,0.36,0.7705132427757893,-0.6374239897486897,0.010255751757714543,-0.13537773261856484,1.6338444732764892,0.5914597933373068,0.9280360289027336,-1.0418111999451487,0.24216406747525884,0.01275922627131177,-0.1977461886487488,0.2990141983490801,0.21731111922778543,-0.03749224500008899,-4.658470763767168e-05,0.5247658283049349,-0.09500343640646401,-0.03181634984847377,0.7208809594545613,0.18348962772164173,-0.3205240877095638,0.0002037879907209,0.04841616122784821,-0.006795664044941868,-0.000923770125049156,0.15891134138968718,-0.16667619661535116,-0.08297309722165454,0.04229315047592436,-0.028692179607837653,0.07758514195242783,-0.5076306104865599,0.2906958070858238,0.19336760024678412,-0.3258055404644366,0.4520932631817523,-0.07762644006206104,0.0,0.26733060497103706,-0.17608877771899478,-0.4812372196987663,-4.191929585635254,-0.8101063024728836,0.005932392312031276,0.0,-0.004896486832315772,-0.005884213153754904,-0.000144938471271316
4,0.37,0.7289686274214114,-0.6845471059286887,0.01355102238269335,-0.1375467969996606,1.6333040261349903,0.5921360266347063,0.9275526302472514,-1.0407697208213482,0.23356874409103318,0.01783165454979936,-0.19704769302195296,0.2940610626881397,0.22577715058621342,-0.03498322118277412,-4.658470763767168e-05,0.5275245041839771,-0.09868940816155886,-0.04056657896876944,0.6547467176179809,0.17005304383191036,-0.32036368648946467,0.0002037879907209,0.04833919233375282,-0.006887529824913213,-0.000926054823557049,0.2506890420811286,-0.11188820613379316,0.007617834510656249,0.044974609683217585,-0.03132287919348605,0.058628429111672,-0.590821894834698,0.3517855096089311,-0.08853114962216824,-0.30986290268711,0.5672133591519547,0.30974086424000297,0.0,0.1179972872913733,-0.2750299557456207,-0.568664608812545,-4.269246614002166,-0.895669863713418,0.011952391343674004,0.0,-0.004990358252319464,-0.0059190442796067414,-0.00014825870957921
4,0.38,0.6845471059286888,-0.7289686274214113,0.017930538537313905,-0.14015042101403333,1.6340903260121598,0.5927488247600355,0.9269576350447299,-1.039819973791156,0.22498583972807507,0.023386432769283812,-0.19973873417750093,0.28881173420172596,0.23328741027162822,-0.03009313562505014,-4.658470763766292e-05,0.529013760040295,-0.10217872562343717,-0.046887927834170895,0.586740415385021,0.15587684818784645,-0.3208654487600864,0.0002037879907208,0.048261435582729544,-0.006980420113882515,-0.000928420920947592,0.2758210943941361,-0.2173108937868965,0.05396473660290207,0.03313766643978899,-0.04324397688613523,0.06682774934108893,-0.49806771512782233,0.333334141436095,-0.164413259462175,-0.3363558390994519,0.4422195482721106,0.2769718465101737,0.0,0.10620650391119141,-0.16338002273950852,-0.2982743815163902,-4.438391914198755,-0.8960520690762491,-0.07087028418182481,0.0,-0.004999173367086608,-0.006011861013808844,-0.0001547265608887
4,0.39,0.6374239897486899,-0.7705132427757891,0.02073377669145385,-0.14379581097264107,1.6338809473529672,0.592925828606368,0.9262219553818795,-1.0388513109346114,0.217622364458181,0.02635044918051108,-0.202341864184608,0.2845453411037687,0.24149158096186435,-0.023134525005652606,-4.658470763766292e-05,0.5292232387534952,-0.10250985415161963,-0.05112437376930978,0.5165595210974356,0.1429553026023593,-0.31794145841603483,0.0002037879907208,0.04818340465892527,-0.007075803135518052,-0.000930963824156402,0.10859921317915726,-0.236301961519744,-0.07134599282160703,-0.0012624088817072888,-0.04887466634066758,0.05818160681097269,-0.474720791428728,0.09684460889583155,-0.17588668963172754,-0.2481592458230957,0.6096581941806288,0.5984372620742562,0.0,-0.04520470271793666,0.04387472977728938,-0.35694792887363175,-4.5294121172020105,-0.781867724676765,0.5505639103030184,0.0,-0.005035035251983283,-0.006205579883289373,-0.00016883168040001003
4,0.4,0.5877852522924732,-0.8090169943749473,0.021792113909918785,-0.1482454601469057,1.6314729766610663,0.5928303494696128,0.9253399295038309,-1.0378995656608256,0.2111896389460846,0.027117424123098668,-0.20488686584814508,0.2808330249629865,0.2517626517333929,-0.012154122713850237,-4.658470763766292e-05,0.5287495793671076,-0.10219036902505627,-0.059790835748199635,0.44708644443050094,0.13289622685396635,-0.287073711982164,0.0002037879907208,0.04810495103328098,-0.007173662049599181,-0.0009336752606733399,0.11611611460421675,-0.27498480739967995,-0.14938762307284778,0.0005753956577396468,-0.05852144141388981,0.0559501147285527,-0.43594197302603144,0.10902078562617162,-0.17146689205266,-0.27078423255436146,0.6283592299615858,0.6707965495257401,0.0,-0.03988693206977364,-0.048469350316462025,-0.5652833296997833,-4.415108566384443,-0.5938949371868061,2.633045891110456,0.0,-0.0050666080858001806,-0.00630880003758978,-0.00017458502968864
4,0.41000000000000003,0.5358267949789967,-0.8443279255020151,0.02561794246861686,-0.1493544112902227,1.6308149149401396,0.5929905280242681,0.9245761647681499,-1.0377610888609976,0.19977224206630695,0.031098875056527118,-0.209757377845069,0.2748407208113014,0.2594336087944707,-0.001740613458172704,-4.658470763766292e-05,0.5246655244295907,-0.10473073219558575,-0.06629921083201142,0.38061046494434236,0.12322736504391103,-0.24013640247749365,0.0002037879907208,0.04802453025082451,-0.007272232904975554,-0.000936410497592181,0.2407945447692345,-0.006095010249872013,-0.024857335035348458,0.004349795261721329,-0.04691022651421806,-0.0076405920273455675,-0.8230746357011184,0.24015560235667613,-0.374559160990289,-0.3916331944324197,0.4561937183547869,0.7320589763453104,0.0,-0.34904899200989864,-0.149098056712416,-0.39953615012020155,-4.213377014003077,-0.6888568376225354,3.0666035098680196,0.0,-0.005216761362884225,-0.006378347267416284,-0.0001788901277733951
4,0.42,0.4817536741017156,-0.8763066800438634,0.02759713299655166,-0.15029333538061493,1.6298640701132163,0.59267772754533,0.9237148545405899,-1.0378459635684878,0.18825496646343623,0.032684418285886696,-0.21483816044597234,0.26984715826038647,0.26699997079327853,0.00972404380731547,-4.658470763766292e-05,0.5193730091386667,-0.10483250879463762,-0.07211870037920297,0.3163427097113904,0.1099420386553617,-0.1958992516641381,0.0002037879907208,0.04794321453743738,-0.007373286453648334,-0.0009393484951820439,0.12350496796158388,-0.07984789428081805,-0.06299702489605608,-0.023131438773741252,-0.059468420791188054,-0.0062262096274754465,-0.7138445899393646,0.10698713264814054,-0.2640025956208216,-0.30936819540145527,0.48592375125712073,0.6561821731252719,0.0,-0.33262182779045246,0.008308220772156483,-0.3151112208381809,-4.075745600872213,-0.8561401866255723,2.7217721523134295,0.0,-0.005233605689425442,-0.006540379463140058,-0.000192173171300408
4,0.43,0.4257792915650729,-0.9048270524660194,0.030116131883458613,-0.1534534800338428,1.627286457634584,0.5924924292799582,0.9225576565918296,-1.037697307457304,0.18015164341301088,0.03503376238609193,-0.21675010583400817,0.26683413681248747,0.2755990919907878,0.018944163190400747,-4.658470763766292e-05,0.5167430762412052,-0.10627725396038598,-0.07892231882070885,0.25723993050498684,0.1018582741137819,-0.15339495359809216,0.0002037879907208,0.04786208677027193,-0.007475655028087575,-0.000942359026590543,0.13022472156236928,-0.30121068718555166,-0.24059157304793743,-0.014362275329083806,-0.08424870718486087,0.023725992811336152,-0.38338333207014164,0.10661947412664032,-0.05656841869447193,-0.12495043705645284,0.6103915653632348,0.5917099643359868,0.0,-0.05444995747258502,-0.09487765295560874,-0.5658516402376337,-3.6490699888213403,-0.3574621249572415,2.758430367967823,0.0,-0.005204755688848075,-0.006622864921405973,-0.00019605633711319002
4,0.44,0.36812455268467814,-0.9297764858882513,0.0320439835267436,-0.15745825745409944,1.6251953517849906,0.5920093790371187,0.9212251256002666,-1.0376349731490233,0.17228757678618972,0.03664947151938208,-0.2177609665113752,0.2632168081378137,0.2840224804440958,0.025598162696277224,-4.658470763765832e-05,0.5152197585582966,-0.10678267790327853,-0.08767298516960871,0.20400464620103329,0.09779194536228078,-0.11144107818229568,0.000203787990720632,0.047780214864076936,-0.007579867391363644,-0.0009455224434599801,0.177379570820041,-0.1609584165817969,-0.021418016788029695,-0.034028472453579116,-0.08150386486698014,-0.01985126922185634,-0.6731914627129912,0.17369222675221666,-0.10888481836115378,-0.33379007775272995,0.4698029427099425,0.32784684278637,9.187308219604853e-16,-0.17950882026816148,-0.04323851744911802,-0.5265105917306215,-3.28443842825982,-0.21321800607121197,2.7178640978522446,-2.577000109776648e-14,-0.005323736310939316,-0.0067212294952108875,-0.000205311919104128
4,0.45,0.3090169943749475,-0.9510565162951535,0.0345095760855492,-0.1585881694924104,1.6248199400868701,0.5913209250065243,0.9199719615147788,-1.038298081958635,0.1601805358364882,0.03894170630334239,-0.21979554940460141,0.25824727560588395,0.29179429303441656,0.03175056619367954,-4.658470763765745e-05,0.5120480119876347,-0.10744975002194722,-0.10173084245042008,0.15928911434664256,0.09661364075961835,-0.06348570752891682,0.0002037879907206,0.04769627463354058,-0.007685505278605585,-0.00094878860850229,0.0803276273780317,-0.09540988587940796,-0.11083681716192531,-0.05551525392129603,-0.08458665361214172,-0.040706912075089335,-0.714750662652548,0.04486724713988896,-0.09167639207641456,-0.23035345005677954,0.5588537703733125,0.49955567314318816,0.0,-0.15437771756899782,0.0006374153008422631,-1.1980988142155538,-2.650091427727959,-0.040457511771397975,3.2271933711673424,0.0,-0.005407509853198065,-0.0068528862854000455,-0.00021407388913955504
4,0.46,0.24868988716485482,-0.9685831611286311,0.033690552366565915,-0.16301694450180493,1.6208268729743924,0.5901371503187927,0.9184030748708221,-1.0384890657230903,0.15381938958364036,0.036719103651679956,-0.21904359275866234,0.25787121833763477,0.3024042695312106,0.04051614760880189,-4.658470763765745e-05,0.5131087423257039,-0.10574696300117199,-0.12422736806153825,0.12389893857607118,0.09445653900702812,-0.017724231821500902,0.0002037879907206,0.04761250639527168,-0.007793521094797992,-0.000952221458344098,-0.07711535705432188,-0.3650331433628191,-0.2729287222396292,-0.08322864817912663,-0.10775822121966518,-0.0024066052916116277,-0.2978306679452136,-0.18455941353795355,0.07727006441481565,0.03163129222276181,0.72036659494248,0.5460877508661643,0.0,0.16329251754835059,0.14052996597992698,-1.4714307252446162,-2.093938746675633,-0.1937457771081706,2.7841552369545273,0.0,-0.00537904806667091,-0.006990427653339302,-0.00022413132369210602
4,0.47000000000000003,0.18738131458572457,-0.9822872507286887,0.032754319347424725,-0.16767865051886477,1.618267293869148,0.5886330472864617,0.9167657443326325,-1.038905216193781,0.14729019449717962,0.03402267741172621,-0.21945711947310947,0.25726421107376796,0.31304732958534764,0.048042601171854625,-4.658470763765745e-05,0.5151072094760009,-0.10316447548041512,-0.14546849496411424,0.09813228570908096,0.09132941473619616,0.02299346761754177,0.0002037879907206,0.0475278990436444,-0.007903275311869599,-0.000955835788397475,-0.05278193775096859,-0.23050573090483145,-0.105031983342552,-0.10446713301498838,-0.10137930400506202,-0.04584310491525509,-0.5300023069768681,-0.1632257614737983,-0.059508002297166566,-0.09608248743395592,0.6502511046130544,0.43226536833439333,0.0,0.07075065194796519,0.1852701667476755,-1.2606461376253302,-1.4259886274179163,-0.1836594238422078,2.466405168389332,0.0,-0.005497791948981155,-0.0070890972825534216,-0.00023633473240624803
4,0.48,0.12533323356430454,-0.9921147013144778,0.032899931762598165,-0.16966671103793754,1.617010636950823,0.5870531735615142,0.9152832902829318,-1.0401001519125623,0.13652488139608238,0.03304643615901365,-0.2187308719646163,0.2541708415482525,0.32183868407602134,0.052448586389578396,-4.658470763765745e-05,0.5150793825024301,-0.10136054108385063,-0.16150859799246362,0.08369284279256686,0.0896498774032148,0.05443161846917458,0.0002037879907206,0.0474411581130871,-0.008013793464406057,-0.00095951777823934,0.05498974910361536,-0.1066168468106616,-0.10312716118729846,-0.09413842860134726,-0.09434981643734357,-0.08621093666666729,-0.7258952126516767,0.0017717731769006442,0.11335597366147647,-0.22335444764657456,0.5396238901735935,0.24272828767767993,0.0,0.009723366821204544,0.039585294676355874,-0.9430616600286927,-0.6343753632871367,-0.06430625495241717,1.7918441330160513,0.0,-0.005595223747551176,-0.00711117210080626,-0.00023580765550693198
4,0.49,0.06279051952931358,-0.9980267284282716,0.03397217391381302,-0.17169913205491497,1.6145449708978235,0.5855734140568502,0.9137918150148461,-1.0415453723705541,0.12603201954662147,0.032937876827964035,-0.21682243969492354,0.25188862640075316,0.33079548807041703,0.05796094482619313,-4.658470763765745e-05,0.5162667070033089,-0.10164863118088113,-0.16994225554827883,0.08317212618962717,0.08728463139598593,0.06733512709434145,0.0002037879907206,0.047354314643040823,-0.008125134709401757,-0.000963224178993887,0.06033185577681693,-0.1424899193078491,-0.18183582582303937,-0.0999404081493481,-0.09639067619386722,-0.09721070486585923,-0.6482150927591118,-0.03557636712626726,0.11362742371226912,-0.09744330659889669,0.5999038869485306,0.4027198237773774,0.0,0.08736260726815694,-0.017272048968565698,-0.26158634842480283,0.23547725755752252,-0.22209924558729413,0.20012625244420335,0.0,-0.0055815620210100565,-0.007193120423603119,-0.00024052090577517598
4,0.5,1.2246467991473532e-16,-1.0,0.03571687990493305,-0.17263659905837947,1.6114811662405195,0.5840235747837541,0.912381811998356,-1.0434811247665468,0.11455737776070316,0.032942861481146044,-0.2152594827059801,0.2506654378720376,0.3398672172120446,0.0632357228182383,-4.658470763765745e-05,0.5159692023965209,-0.10276162782483975,-0.1635179398175437,0.09341323148989619,0.08316404326814886,0.0538337945036657,0.0002037879907206,0.04726663164949195,-0.00823738622086735,-0.00096696801490965,0.1407886237742669,0.0240691569250767,-0.18390608627054245,-0.1004276240703718,-0.08510968594706685,-0.14613107884222298,-0.8426965535023254,0.0297237764141496,0.09422603654089459,-0.10033927389906025,0.5570516952400589,0.2892949677927577,0.0,-0.12397760875497184,-0.09601549744789581,0.7631896551725986,0.8454480796120172,-0.28379087694545824,-1.2677652899170295,0.0,-0.0056933171532659,-0.00723080130985605,-0.00024102955782740002
4,0.51,-0.06279051952931335,-0.9980267284282716,0.037581583936421546,-0.17229796786174165,1.6076246026711962,0.5823350550767858,0.9110665538487663,-1.045952616361946,0.10167727980587163,0.03300376047420752,-0.21220203427009626,0.24937555643190562,0.34834476132183195,0.06803781266041704,-4.658470763765479e-05,0.5121977486489717,-0.10378719866688399,-0.14538003591865759,0.1086915190762268,0.07839914980498358,0.030141954485830732,0.0002037879907205,0.04717738122114888,-0.008350808056593639,-0.000970783477690672,0.10555655374887721,-0.059241531273677706,-0.32901087661704226,-0.11022944370707224,-0.08925917578509601,-0.1511514542116884,-0.7121910530126947,-0.023262981249030056,0.27387868966976536,-0.032893670861785226,0.565536614155955,0.3554751968077147,0.0,-0.24415265304609873,-0.052470021980461086,1.287562316017366,0.9889885682139996,-0.28986980238069343,-1.5866933451391618,0.0,-0.005744481092356114,-0.0073260817389380565,-0.000247143202646698
4,0.52,-0.12533323356430429,-0.9921147013144779,0.03889024904458543,-0.17251072046566726,1.6005183775641538,0.5805432860688727,0.9097294750397554,-1.048616040191791,0.08972532535074963,0.032022554448462,-0.20659213582091762,0.2490473325413094,0.3563809536958869,0.0738501225885491,-4.658470763765479e-05,0.5052483161848031,-0.10423461682204807,-0.12617121154092253,0.12290603803281851,0.07099508437650011,0.007320705022319484,0.0002037879907205,0.04708696743876822,-0.008465463992977956,-0.00097464762356886,0.06480177093715822,0.0870159878323992,-0.4962831078406724,-0.12045995207009284,-0.07996594103020072,-0.19369513759474843,-0.905647903770166,-0.08183449675165722,0.39365731025084905,-0.0575109757427755,0.43445324027741644,0.3414214950229178,0.0,-0.601644432878532,-0.011107132383664297,1.0907177173379359,0.8627892480542986,-0.7921788489193347,-1.295048787238481,0.0,-0.00587710675618906,-0.007404027096053068,-0.000250047770161032
4,0.53,-0.18738131458572477,-0.9822872507286886,0.03733734972258523,-0.1723204638104353,1.591648913680101,0.5782645145848877,0.908434203775394,-1.051364844609395,0.07703730532345303,0.02831406539804825,-0.19799198079813932,0.24794766056736614,0.36002131417374766,0.07603011268718417,-4.658470763765479e-05,0.4967943765933126,-0.1023577243142711,-0.11839061952126043,0.12913441391494862,0.03337250841778115,-0.004932881459373196,0.0002037879907205,0.04699455447907888,-0.008582237264331065,-0.0009786655943328391,-0.2225538233344478,-0.13833964319882025,-0.6103658102105067,-0.16550350769923078,-0.08930469195896658,-0.14663798480439894,-0.6181030162424904,-0.36322411875719884,0.6545730911092914,-0.03739566772315222,0.15357131493645734,0.012325046170736764,0.0,-0.40774899993173536,0.22566360465745988,0.21928500019301309,0.04224523823103393,-3.275814185817176,-0.5296775746551889,0.0,-0.005954606738303431,-0.007562480166603691,-0.000262731476532743
4,0.54,-0.24868988716485502,-0.9685831611286311,0.03207810694472654,-0.1778433108608669,1.582382363264838,0.5753193320579262,0.9070237756542401,-1.053023028069511,0.07247651176206205,0.020755535803951983,-0.18736943443306012,0.2491993713739546,0.35970680988015646,0.07341990959740947,-4.658470763765479e-05,0.49296591907030557,-0.0974378716943837,-0.11981370290189372,0.12190957208326433,-0.02070397587750782,-0.0020998285241477163,0.0002037879907205,0.04690155495468594,-0.008701081701285784,-0.00098286058297404,-0.32900237350652384,-0.3563590298356939,-0.5545675282611713,-0.19299386953236233,-0.08292162286384273,-0.10746917625614183,-0.26082569868280364,-0.4741097944985123,0.6302279582342564,0.12837187961141772,-0.1385057536479563,-0.22647827686661698,0.0,-0.25607235465055855,0.29399711588316174,-0.2304367434481843,-0.5587785451582321,-3.252035669124957,0.5730418948419433,0.0,-0.006018110161154544,-0.007669099249658687,-0.000272207477954294
4,0.55,-0.30901699437494773,-0.9510565162951535,0.025149437732123418,-0.1781807070839922,1.5759902118753728,0.5716671254327745,0.9063178767837374,-1.0557187414080833,0.06268727942834877,0.010926213395962305,-0.18140072157365775,0.25238592509245644,0.3567451760209858,0.06938097232419904,-4.658470763765479e-05,0.48439509474218173,-0.09038338840089248,-0.12538773721164026,0.11874594131447666,-0.06469189977467735,0.0012571237968559224,0.0002037879907205,0.04680627487627907,-0.008821323980742877,-0.00098717677135159,-0.5972665564598966,0.17291387435456296,-0.3398619608031457,-0.2743813062222341,-0.024786778732552292,-0.21233991247020562,-0.8480601927788819,-0.8326208051631953,0.23127592254607043,0.2609797515387361,-0.13733630894640758,-0.2149295000040821,0.0,-0.7317312770552933,0.6496012897406737,-0.38804570763297613,0.03741724546133779,-2.6941525981312093,-0.3284134997200203,0.0,-0.006178426123023517,-0.007778730882177326,-0.00028164884094327515
4,0.56,-0.3681245526846783,-0.9297764858882512,0.014880509471420184,-0.17473798404947952,1.5720129134943024,0.5669354787558145,0.906258050150347,-1.059231586239034,0.049297293291800735,-0.004581066247485278,-0.1832358020062443,0.25862440728808866,0.35519636432820345,0.07148780750642385,-4.658470763765479e-05,0.4733432774510013,-0.07866276092623813,-0.1313930217661065,0.12656361416844192,-0.09916368912006472,-0.023188862479516317,0.0002037879907205,0.04670966318292919,-0.008943277556251997,-0.000991638286431688,-0.6047127893246761,0.158980116444075,-0.21630557250962523,-0.3019582228722863,0.0013967302045463678,-0.2155469646607926,-0.7646004214362875,-0.9723432041915968,-0.2575958627275313,0.46064561008590865,-0.12220312141872273,0.25818160493359865,0.0,-0.6011507909533539,0.703572469724651,-0.3692540648106722,0.6784943852827887,-1.8227347479565092,-1.9891648488913547,0.0,-0.006210590498218976,-0.007854867980305864,-0.00028725116031470805
4,0.5700000000000001,-0.42577929156507266,-0.9048270524660195,0.005135665887742623,-0.17416600288419795,1.570097770369074,0.5619899514438872,0.906438466459507,-1.062177358809126,0.040322079664839076,-0.020196981717702213,-0.1866156060429648,0.2670128590888698,0.35068184205415115,0.07280791264513822,-4.658470763765037e-05,0.46744215134210293,-0.06713434123014775,-0.1391719005448415,0.1385920934589371,-0.10807939185683138,-0.04580807803468296,0.0002037879907203,0.046613017567328774,-0.00906667866379344,-0.000996213957279267,-0.6756388424192264,-0.01958634094974515,-0.08968701559785949,-0.3322923982012244,0.017757770663857496,-0.17597726890690982,-0.4809408326805409,-1.0606189650037614,-0.12014129137507387,0.5865570891714574,-0.4215369790516417,-0.030533300031876952,6.440792596333591e-16,-0.2689455143177551,0.8020902117768521,-0.6004130239506064,0.8018447507760675,0.00596018483084218,-0.9447494104365302,-2.4358266316702463e-14,-0.006221159060930645,-0.007991681296633225,-0.00029917589849347205
4,0.58,-0.481753674101715,-0.8763066800438637,-0.006021081174407878,-0.17659730684440905,1.568219128551767,0.5565569086570692,0.9069717159821188,-1.064483412729304,0.0374718840547792,-0.0381971533401354,-0.18345072274079416,0.27973026956590885,0.34077111379725156,0.06981783673179817,-4.658470763765037e-05,0.4650372951225855,-0.05283279653367916,-0.143031653536598,0.1500271273178878,-0.10330238933148281,-0.052300663767392966,0.0002037879907203,0.046516321306180976,-0.009191740281553716,-0.001000907477703104,-0.7251860548204935,-0.19159471858738697,-0.11201718375041983,-0.3576484274939508,0.04603670871669467,-0.14259729022995588,-0.06866795052918419,-1.1875834133556196,0.328239834931764,0.9414752772646943,-0.7258332921136046,-0.28818122824338555,0.0,-0.1762949564447275,0.9899870526852796,0.09319096473888104,0.6620481827170399,0.31632630843996623,-0.35063886637650105,0.0,-0.006227426618568206,-0.008064258725969695,-0.000303379502707858
4,0.59,-0.5358267949789964,-0.8443279255020152,-0.016785587197796,-0.1780648817354953,1.568969319346817,0.5508254461434926,0.9081863442978728,-1.0670634843209752,0.0352730481284781,-0.05585257035693761,-0.1793782509415589,0.2955138446184018,0.32642466781571927,0.06281373923713335,-4.658470763765037e-05,0.4588865779156741,-0.03607721884646409,-0.13393917492644627,0.1587848161881678,-0.09624211167219432,-0.06024888247641083,0.0002037879907203,0.04641804715131381,-0.009317996952737473,-0.001005740673719109,-0.6549792404372357,-0.04460799871764702,0.10630056666737599,-0.36774807730088654,0.09340684448379154,-0.17693906185778271,-0.1850896676160883,-1.0891838363748576,0.21201323137257394,1.04246819449449,-1.0185120626204438,-0.4934166489528373,0.0,-0.4875264874755088,1.079593295447237,0.7466216936463245,0.5360384184074969,0.5787542195402527,-0.7053171327471187,0.0,-0.006374167953433528,-0.008133513416727904,-0.000312284206743131
4,0.6,-0.587785252292473,-0.8090169943749476,-0.024771694591419004,-0.179260117575618,1.5702078115991787,0.5454688406754883,0.9099079283180227,-1.0696617664916224,0.03529606823426011,-0.07097760902411109,-0.1732450180581761,0.3153488630816428,0.3068834207164809,0.05204313303365367,-4.658470763765037e-05,0.4509249040845378,-0.021422401631755367,-0.12171187706440773,0.16479808170806706,-0.08572934322532892,-0.07627973409871361,0.0002037879907203,0.046318381477494786,-0.0094444886566766,-0.0010105608030783401,-0.4288525373095362,-0.11789036213818328,0.05259292411669354,-0.3287744675551703,0.11704901498805953,-0.156703858636576,0.15099789186488324,-0.9021674624879316,0.55427786431195,1.432221448234181,-1.391882894315006,-0.8436682991916553,0.0,-0.5092522649452018,0.8377848346792287,0.6518562096232587,0.2730643070605242,0.6432698207793979,-0.9426017430678089,0.0,-0.00642016348187004,-0.0081343750079934,-0.00030876439728518
4,0.61,-0.6374239897486896,-0.7705132427757893,-0.029424301484834114,-0.18147830175904733,1.5692095838375693,0.5408652920284794,0.9118926197933644,-1.0719563635477445,0.04119055744236744,-0.08337560074194905,-0.16159236603860055,0.3421657707390943,0.28399950255300677,0.039501009363920044,-4.658470763765037e-05,0.44193539222311656,-0.011992061364457357,-0.12093003735146282,0.16613808052310347,-0.07741543532405706,-0.07854976038809443,0.0002037879907203,0.04621810965423799,-0.009570884993552258,-0.0010153096865668418,-0.26193846054946657,-0.13003033315121162,-0.13947134647525972,-0.28284199903776425,0.13323789967177377,-0.14827741693404148,0.4538375985934946,-0.7715147579046783,0.7841894970071565,1.8502084769265827,-1.4569039708541451,-0.6800124578553826,0.0,-0.6417479713911618,0.5187759705145507,-0.22872959382324973,0.008439928230757517,0.522188050737085,0.2197723914475885,0.0,-0.006471186633069754,-0.00812609399504601,-0.000303289671292129
4,0.62,-0.6845471059286887,-0.7289686274214116,-0.03319534046683076,-0.1833685364860874,1.5649635627625331,0.5367546655783534,0.9140386777057079,-1.0742478285527217,0.05030856724099473,-0.09465472505569335,-0.14786703749315017,0.37374804299078296,0.2606459841079309,0.027915875699536935,-4.658470763765037e-05,0.43061367415900254,-0.005524302164643854,-0.13199630316497318,0.16442817062855108,-0.06851721847316279,-0.06630666944608639,0.0002037879907203,0.046117097433492335,-0.009697252675386138,-0.0010199517219250458,-0.21639918707182113,-0.11710267594573831,-0.3217420594899241,-0.25297409147513383,0.13922413210411777,-0.14605533563866838,0.6570081475435907,-0.6738678704534372,0.9835370027275189,2.1268490319048134,-1.6014351251552812,-0.9392063105738,0.0,-0.7581513669448403,0.3472801874855254,-0.9752497838593611,-0.15671306268332022,0.6004977237329908,1.1524336580951344,0.0,-0.006512285920763656,-0.008121761107853436,-0.000296227348422632
4,0.63,-0.7289686274214113,-0.684547105928689,-0.035466780988123774,-0.18251956223089422,1.5601318729928348,0.5330171548632094,0.9163284447303629,-1.076946763426168,0.058861122390182055,-0.10390552444398182,-0.1312577208186086,0.40854817989639225,0.23080245744939998,0.008625612885889075,-4.658470763765037e-05,0.41551903511362154,-0.0013196345944623533,-0.15052253560147952,0.16104796426845175,-0.059598826928170416,-0.04088837513726331,0.0002037879907203,0.04601416542402457,-0.009823721502136664,-0.0010245488746807219,-0.13717927750829825,0.15315306404447768,-0.31505673990494243,-0.23986879072760006,0.15104106469350492,-0.18992247578581067,0.48752094446011535,-0.6094543842031508,1.0374315606123856,2.3149540153034374,-2.008702252689935,-1.2013112916096242,0.0,-1.102792132480865,0.28023318128162805,-1.1781438555637938,-0.26634153744254346,0.5233276380146747,1.6434250498518228,0.0,-0.006678697178388823,-0.008148973017982295,-0.000296202116054178
4,0.64,-0.7705132427757894,-0.6374239897486895,-0.038407936110509695,-0.18140668903282484,1.5535574132076881,0.5292505795465033,0.9184620502056833,-1.0795536265133558,0.07128828163834687,-0.11520708257532027,-0.11642548364474131,0.4506562396589059,0.20243462381358704,-0.001702949187430517,-4.6584707637640366e-05,0.3993168519754548,0.004088750775664589,-0.1658642962578123,0.15585799128610045,-0.05243061218213552,-0.022431959463771533,0.0002037879907201,0.045910428279250126,-0.009951019974294217,-0.001029158512755196,-0.2200727644789613,-0.03696792838855345,-0.47246971347607436,-0.2417751794432091,0.12502219030650286,-0.1426963819710351,1.0357047338079233,-0.7523479509242006,0.9569582568438524,2.890361382642538,-1.7813379745392894,-0.6051711407553696,0.0,-0.9070542445500606,0.3711407894097279,-0.9361179203169003,-0.3173799357736408,0.4765066192197174,1.0345383473671697,0.0,-0.00665675273854922,-0.008213465849061992,-0.00029801396896513997
4,0.65,-0.8090169943749473,-0.5877852522924732,-0.04298322153317194,-0.18458106004114425,1.5463642243374196,0.5254819835548131,0.9200525859139874,-1.0810852381588605,0.09190885252100146,-0.1255618130080413,-0.09993611866150577,0.49571462100008995,0.16853996228865056,-0.029409489919123746,-4.6584707637640366e-05,0.39054680049589224,0.010310660551284276,-0.18249380124729003,0.15486692606363237,-0.042765186835579005,-0.004552818191440172,0.0002037879907201,0.04580686182003657,-0.010079658381256434,-0.001033868643797325,-0.3158323362113573,-0.21871510506720887,-0.4434755115565728,-0.24237725503734026,0.09465283795515725,-0.08907358996833892,1.3804530251231972,-0.6360472572422279,1.0548616941810294,2.8905371715649673,-2.372349840643015,-2.235148583441421,0.0,-0.47187944781465135,0.40202584839758054,-1.117925196304232,0.05901791878821662,0.6730790407861557,1.197336094018369,0.0,-0.006679814086896156,-0.00830170313585732,-0.000305480658200905
4,0.66,-0.8443279255020153,-0.5358267949789963,-0.047174992228818824,-0.18520931706620905,1.5406203236613236,0.5217359449783573,0.9214600379273707,-1.0829031377607605,0.11094879422589758,-0.13618318187807527,-0.08932137934826745,0.5424818342708312,0.13354989708017412,-0.05438191595451722,-4.6584707637640366e-05,0.3793915760635095,0.0167034491796879,-0.19491755083709353,0.1540330972191687,-0.032332526650057244,0.008757245411950691,0.0002037879907201,0.045701218930308915,-0.010209048473975775,-0.001038631503554008,-0.25494253171646303,0.05477012231264626,-0.3274720253799703,-0.24259075999239818,0.08880187498660577,-0.13373809483165913,1.127483207033817,-0.7182049923453594,0.48468410116696603,3.0596323514337898,-2.114798288224948,-1.197861153659948,0.0,-0.8884206315080219,0.4493813454821519,-0.5501456397847979,-0.19140785113695222,0.6718323261337028,0.575323306574648,0.0,-0.006857251938725531,-0.008332021260638936,-0.00030686882238826005
4,0.67,-0.8763066800438636,-0.48175367410171527,-0.052001755768803934,-0.1829484375221615,1.5366170846658176,0.5177624341040238,0.9226955545966065,-1.0851131710580704,0.12784200811879853,-0.148871634534597,-0.08432681376237669,0.5919688521243396,0.10509080018707573,-0.06648848854547906,-4.6584707637640366e-05,0.3634262778354036,0.025668892187748028,-0.19880430464944782,0.14871397445606951,-0.02260999325605571,0.011097319260409128,0.0002037879907201,0.045593086970362795,-0.01033968538569358,-0.001043512457739513,-0.32999374032867373,0.158937039956998,-0.21480664490101592,-0.26012390102047117,0.07247617392622491,-0.1375651311499385,1.1200299848819566,-0.8557815943269027,0.28504608881589666,3.2780191442866564,-1.6743891679919476,-0.6341816964546836,0.0,-1.014039360879274,0.598787790888849,-0.289506884889231,-0.33300640220197186,0.5780840920760881,0.2269095141276259,0.0,-0.006982062133725116,-0.008435291135965316,-0.0003180989391809641
4,0.68,-0.9048270524660198,-0.42577929156507216,-0.056850406710751894,-0.18197665445470965,1.53451459638745,0.5138041918907644,0.9235034704964598,-1.0866974897022073,0.14863253518262592,-0.16192524975298347,-0.07879493478352287,0.6460415025151189,0.08396032614568845,-0.07720921469586577,-4.6584707637640366e-05,0.35161367970138424,0.0331217394734899,-0.21312403005878872,0.14757595128086445,-0.014049848095403652,0.032817276902260994,0.0002037879907201,0.045484851707519695,-0.01047132404948639,-0.001048539973993812,-0.30357580013075325,0.0036808038299187204,-0.10345353599621333,-0.24976221863718792,0.04138601724268064,-0.08065975578459966,1.4528570935017653,-0.8055140330503481,0.4014226486747976,3.539355403564704,-1.2459281970472564,-0.8491677174697789,0.0,-0.5857782386312135,0.4151042337194476,-1.1864454797098651,0.1369141094116185,0.5989837381432119,1.8476321915482021,0.0,-0.00695048124513132,-0.008484563375803248,-0.00032549956842795605
4,0.6900000000000001,-0.9297764858882515,-0.3681245526846778,-0.06146243616113685,-0.18099261391820345,1.5336243381347423,0.5100850614446509,0.9239777038522349,-1.0878602220467075,0.17085283928940906,-0.1725389396557817,-0.07352720418147059,0.6995410002742268,0.06463514883246645,-0.09904569464533855,-4.6584707637640366e-05,0.3427401953582745,0.03995101980744747,-0.2246709543147718,0.15138015040075425,-0.002604713696637552,0.050642567294311804,0.0002037879907201,0.04537540346344174,-0.010603657889701922,-0.001053631923273879,-0.3078020220828444,0.13660191365854807,-0.04749374044468007,-0.23718975703007097,0.028024016299538948,-0.08293110764842089,1.3669122321570206,-0.6651062719876512,0.2718793815749965,3.3938019747308323,-1.1913757505514182,-1.5356569325979494,0.0,-0.7051737941857463,0.500161147631206,-0.39013451547305567,0.10090352517104373,0.7132181542896121,0.6675859511507197,0.0,-0.007105018527130512,-0.008525809659042599,-0.00032847066996620706
4,0.7000000000000001,-0.9510565162951535,-0.30901699437494756,-0.06709302776882496,-0.17793236788648253,1.5322543167815479,0.5063298849238318,0.9242931053829139,-1.0892317448251934,0.19232691931806226,-0.18434933394505737,-0.06914922397022633,0.7535266600261951,0.051189040122562174,-0.12151027522565004,-4.658470763763732e-05,0.3278484416496913,0.05010904261720368,-0.22257729293045797,0.14659812327015492,0.006516610632198605,0.050351199977044764,0.0002037879907199,0.04526380745713322,-0.0107365039509835,-0.00105873941695711,-0.39552254835119116,0.18114022197635735,-0.09516018758488813,-0.2453095167787297,0.013927556845708762,-0.08011107939401939,1.4416823504289515,-0.7984843028676569,0.31319436497113556,3.5034882717790965,-0.7355192540884112,-1.5162964665279794,1.8296551154283406e-16,-0.9679119351025566,0.7246903820914735,0.330145658973794,-0.37315057241788974,0.6032664395659006,-0.3472813088022995,-1.455429655819397e-14,-0.00718425546393087,-0.00856124051817852,-0.00032957012917982006
4,0.71,-0.968583161128631,-0.2486898871648553,-0.07376307471760675,-0.17524000498359807,1.5316158144406797,0.5024986039641793,0.924406691543695,-1.0901392988724485,0.21540836400782573,-0.19773310463235658,-0.06727554244141577,0.8053526562916544,0.04286063593732676,-0.14310851875898614,-4.658470763763732e-05,0.31579724338823434,0.061009205751145115,-0.22362269417216718,0.14633164664971504,0.017353226349867253,0.05228331202017861,0.0002037879907199,0.04515160211843674,-0.01087031810650012,-0.0010639341491864131,-0.4092107384572667,0.22083946239028548,-0.03146926420531729,-0.23796073317426367,0.00813652138670639,-0.05634537395102899,1.433524057944606,-0.868900742122812,-0.027577477067504616,3.185509230584027,-0.361411958471226,-1.204915130114062,0.0,-0.7363717636001498,0.6259239933246853,-0.3641796356720449,0.16143196845664554,0.7081630100235295,0.546919634807535,0.0,-0.007254205682089931,-0.008612374910719953,-0.000334411924229653
4,0.72,-0.9822872507286887,-0.18738131458572463,-0.07882849825445859,-0.17066398890518744,1.529688511484172,0.4992737572787222,0.9245892705245352,-1.0910322742032668,0.23673343940536562,-0.20921479545792707,-0.06790867082717378,0.8504643834893926,0.046457847411719135,-0.17197956641494527,-4.658470763763732e-05,0.30244758721724774,0.06947822218688969,-0.22609203005757608,0.14708184130945254,0.027145317324192883,0.05435493842249893,0.0002037879907199,0.04503745499596896,-0.011003888103923812,-0.00106906685252628,-0.2904397127601659,0.2791581564391895,-0.16934251971668232,-0.1945947221516224,0.011370958519746534,-0.05092453140710346,1.4063013657415069,-0.6471891124407789,0.026481444485960307,2.769273977416982,0.5329755728161584,-2.381748824071826,0.0,-0.9332250119014771,0.562225977256384,0.18052637320258685,-0.16752216165590111,0.5688882299795247,-0.41428456242357947,0.0,-0.007375284722575216,-0.008577314610514985,-0.00032765773349238805
4,0.73,-0.9921147013144778,-0.1253332335643046,-0.08203180994342726,-0.16792066641649345,1.527192353901403,0.4965806477577555,0.9247160965826382,-1.0913430138543547,0.26063928469087794,-0.21695742270561666,-0.06658927162019325,0.8895594327130519,0.05957023609890823,-0.2113155815747669,-4.658470763763732e-05,0.28951354429652104,0.07699735475111033,-0.22199197346807553,0.1434561627383208,0.0362617209420028,0.04755297218722819,0.0002037879907199,0.04492235500893892,-0.011136782003473336,-0.001074095328308824,-0.15659562474796876,0.1566738676939513,-0.15681682734219773,-0.15929368117363965,0.008732174387364882,-0.0075473899076069,1.5596670365598237,-0.43783977172382116,0.0825644463111404,2.3719757799004815,0.9646454109027214,-2.389051889412618,0.0,-0.7323774562139124,0.3734707857733297,-0.00712991141284054,-0.06921015464529442,0.6326441388418007,-0.02214258599169077,0.0,-0.0074184482255612695,-0.008523208020516728,-0.00032054981230812007
4,0.74,-0.9980267284282716,-0.06279051952931321,-0.0834494840956081,-0.16495692710025028,1.5236721399727569,0.4945077899687988,0.9249813459025189,-1.0913775763184563,0.2840813821040538,-0.22233709864216306,-0.06500313164792233,0.9211309008467813,0.0763327463626667,-0.24330938971583263,-4.658470763763732e-05,0.2782442502035293,0.08079930135726193,-0.226101370541535,0.14417773820122148,0.045435238172830336,0.05179707012770427,0.0002037879907199,0.04480589322788355,-0.011268783558291006,-0.0010789964748064802,-0.06495546592943122,0.17402198409813932,-0.25963707442894096,-0.12318781490775654,0.019899076493435485,0.003953785836228748,1.5207694624592525,-0.28708638863741454,0.135966003523184,1.8550927364647452,1.0836515379635991,-1.921563663531676,0.0,-0.7551152331395421,0.24297642313268913,-0.09212886016503839,-0.06476220297269278,0.5175728232292779,0.0029124178802475975,0.0,-0.007520470675244868,-0.008474917379543598,-0.00031268873809914
4,0.75,-1.0,-1.8369701987210297e-16,-0.08222287246799286,-0.16441401672606193,1.521080441645638,0.4929870790105451,0.9252699420863517,-1.0907485793338711,0.30941158671511715,-0.2232960037302718,-0.06328705214557995,0.9446134196452035,0.09061117862863444,-0.26838714748671905,-4.658470763763732e-05,0.26951228513478614,0.08269734164387507,-0.2210156226462204,0.143766577446198,0.053294516801844855,0.04389521055005626,0.0002037879907199,0.0446885930646253,-0.011399992909918725,-0.001083787787564325,0.1798331612199982,-0.010689357625289228,-0.09058872251190611,-0.08073733831040958,0.01915515138160051,0.056686327048362864,1.6390732259374876,0.07405105782565226,0.06050681528167039,1.3217332858763948,0.7922619103396333,-1.4658583179907465,0.0,-0.4203162297972611,-0.006030041436500728,0.3727701138395044,0.15229240002931657,0.5794393265325268,-0.5048799193382265,0.0,-0.007560175324397801,-0.008409060109030825,-0.0003050211220245
4,0.76,-0.9980267284282716,0.06279051952931283,-0.07805070258716898,-0.16385506365292538,1.5198504405752253,0.4921268251506419,0.9257119643375331,-1.0898280285050386,0.33329891715948134,-0.21965975399880788,-0.062029636930815146,0.9596856455064552,0.10026935044171596,-0.2877249267709052,-4.658470763763491e-05,0.26335425078633495,0.0806316284729446,-0.2164556361850797,0.14852991500851873,0.06438236342399606,0.03613221483535222,0.00020378799071979202,0.04456972320810628,-0.0115299708424225,-0.001088432381949048,0.2757256364719873,0.054025132000907125,-0.1094144330811321,-0.04729381199787115,0.03253184516915232,0.059311543251050126,1.5067319478860899,0.28089793922793244,0.12723124237835354,0.8100177968003276,0.5930197897179638,-1.1271883718443012,4.81565226380778e-16,-0.43430964596207705,-0.13213809636664145,0.3490608816724067,0.26046749306413874,0.7223099531311901,-0.6896895242131138,-2.1538212110793374e-14,-0.00768725257757462,-0.008339646155931184,-0.000295518713001812
4,0.77,-0.9921147013144779,0.12533323356430423,-0.07393865537149846,-0.16319827954905464,1.5179086445628744,0.49148649588205007,0.9262780826219151,-1.088756124476886,0.3566156260859358,-0.2147466839943164,-0.05990457475324191,0.9674958456614458,0.11107223631876256,-0.30039617362447535,-4.658470763763063e-05,0.2566506028574815,0.07917480585957802,-0.2078691577237988,0.15170576000985994,0.07367998206662377,0.019344213644601815,0.0002037879907196,0.044449393951207915,-0.011659434728444301,-0.001092997803682736,0.2610602938028236,0.043323269733300813,-0.11787891551343567,-0.038499586207699395,0.03863901428925942,0.07289107886050468,1.479062014085821,0.32643611375348264,0.10914153667707638,0.3301924348084503,0.7614383742067184,-0.6395501622702139,0.0,-0.42476949600645236,-0.08766033661684086,0.5747921588411878,0.20450561273376017,0.5381002835545151,-1.099526450739264,0.0,-0.007784769291863688,-0.008325973604192339,-0.00029417322994642
4,0.78,-0.9822872507286887,0.18738131458572427,-0.06851705200253873,-0.16286748924439343,1.5156467293362095,0.49130882107329493,0.9269039071918784,-1.0874821652516216,0.37889266883584777,-0.2070265860797879,-0.05814724640874695,0.9664648829460573,0.12233298810977507,-0.30702261012283166,-4.658470763763063e-05,0.24996534503100498,0.07605399903461114,-0.19934091371197005,0.15400745338612512,0.08220616807925887,0.0036392920423498703,0.0002037879907196,0.04432727091305193,-0.011788234593628105,-0.001097491156413782,0.42459829533273086,-0.006374899135300146,-0.16331721691853002,0.008407595014936806,0.03957414189038984,0.08940460233400946,1.419318933485539,0.6283581657784885,0.12829042692246698,-0.27366672146110904,0.659095810451632,-0.3615866245210403,0.0,-0.40945628733726963,-0.2941685851212392,0.5886672859183786,0.13192145427383306,0.5688545186470777,-1.0700556817125686,0.0,-0.007877870958675478,-0.008256925801820917,-0.000285486595156554
4,0.79,-0.9685831611286311,0.24868988716485493,-0.06118236726215906,-0.16353145673597272,1.5130751235500701,0.49167277105820345,0.9274935786989748,-1.085925653157502,0.4006034352199291,-0.1958113122814526,-0.05677825862394962,0.9570977681245888,0.13300046262421272,-0.30905671561532233,-4.658470763763063e-05,0.243672504184582,0.07091167359328132,-0.1873665241197578,0.15484849999482508,0.09105514995865123,-0.01673917293768132,0.0002037879907196,0.04420410860599823,-0.011916446702328469,-0.0011018985228637029,0.44236657368225085,-0.04685045596706295,-0.17730655174517085,0.021781255886802162,0.03750053451901528,0.10271098986111063,1.3848204842766743,0.6984933756562987,0.06986350725904064,-0.7457539657295694,0.7588147539946384,0.019450591194922567,0.0,-0.42771682031593744,-0.28789728169983875,0.8159026778860209,-0.006340050491658936,0.5638763671476286,-1.3902440134703782,0.0,-0.007943849799992755,-0.008267667644042399,-0.00028538846706603903
4,0.8,-0.9510565162951536,0.30901699437494723,-0.055339034739771836,-0.1638582746545027,1.5092544579576277,0.4920201362895498,0.9280786435278857,-1.084320547227823,0.4212809205910312,-0.185651822616772,-0.05559736620865328,0.9411262916357855,0.14498270448797484,-0.30808789218453336,-4.658470763763063e-05,0.23640627535703082,0.06701889907439734,-0.17797171344855486,0.15434365674930553,0.09828581910967359,-0.035161453669076984,0.0002037879907196,0.04407937253709786,-0.012045536150484521,-0.0011063659165644,0.38172136086986697,-0.01118251230895457,-0.2512987488181672,0.027854058865709463,0.03746324608525301,0.10462621948856868,1.288274572977336,0.667178209429406,0.046509471869414024,-1.1883596045993343,0.723153106181053,0.06140245420297108,0.0,-0.4708037685666081,-0.28274409925013116,0.46330937528891947,-0.02242657002454975,0.3958567067382347,-0.959281922279956,0.0,-0.00806953350709404,-0.008293277232709778,-0.00028596173205193995
4,0.81,-0.9297764858882512,0.36812455268467825,-0.04866692343417689,-0.16456066810948763,1.5067561513938346,0.4925724208419795,0.9285859704276734,-1.0824911568322675,0.4404767387578689,-0.1750025714798255,-0.05763114321364992,0.9179351065642604,0.15494135914240026,-0.3038449362404879,-4.658470763763063e-05,0.23078590746626432,0.06113479941378747,-0.17429255542532363,0.15628154516439602,0.10563444034940617,-0.04217689422060251,0.0002037879907196,0.043953331328282004,-0.012174122538673154,-0.001110801182687396,0.4295225474815159,-0.06174052428564287,-0.13398431072001035,0.036957162727128,0.029681284796427548,0.12461634910210251,1.2084155025474328,0.6727748900330139,-0.20518706483586532,-1.6471789304526188,0.6008296750600238,0.3844635974168115,0.0,-0.27958171809544635,-0.40994105579195894,0.09558746391419434,0.26583960035923415,0.5669534138617023,-0.22188675038422262,0.0,-0.008116103277515076,-0.00828054458386121,-0.000287058485006144
4,0.8200000000000001,-0.9048270524660196,0.4257792915650726,-0.042271885578195355,-0.16456782715842827,1.5041294033455757,0.4932273466173134,0.92906017847534,-1.0807558478272814,0.45637521189803637,-0.16464752666730587,-0.06225257227422277,0.8866435366419964,0.16249721912680457,-0.29769377539036657,-4.658470763763063e-05,0.22400282499093438,0.05523195003543718,-0.1735685288246977,0.15811981147376963,0.11420071808429505,-0.04543541970239635,0.0002037879907196,0.04382545034548972,-0.012302917475922803,-0.001115230038199588,0.38510262567977044,0.05162532292238398,-0.1946194497195562,0.04117060328995464,0.032215897679828576,0.09851419142965712,0.9012338484763259,0.6287567022933904,-0.36634600658747357,-2.201501940920478,0.44079802781047744,0.48346737223311925,0.0,-0.6075597789837552,-0.3207575162536611,0.10296651254292628,-0.10271419745361945,0.4699921370095869,-0.31390307826505426,0.0,-0.00828278486857764,-0.008302031024445853,-0.00028563445530469206
4,0.8300000000000001,-0.8763066800438634,0.4817536741017157,-0.037999434392796086,-0.16398366596241032,1.5015788340802194,0.4935454002589136,0.9294445547130267,-1.0791630601401871,0.4695322441904059,-0.15840513906793977,-0.07169764171421948,0.8489201779190809,0.16887838673919775,-0.2821451000909606,-4.658470763761325e-05,0.2148255703963556,0.051989441007932485,-0.17259296227513937,0.15641643448081863,0.12084142866959284,-0.04815491531169867,0.0002037879907193,0.04369609621884245,-0.01243314100533649,-0.001119778300370279,0.2467570816980315,-0.02417721270702054,-0.11692119545287118,0.013319305111890275,0.017124222359872668,0.11617950552997212,0.8746931669162844,0.3325402293807044,-0.7143008117788013,-2.529562177722599,0.3290571435708819,1.0687066206454672,0.0,-0.4654755323474827,-0.19997580281676317,0.0012097229426024717,-0.0038667869654197533,0.45014025554441023,9.439781281010001e-05,0.0,-0.008310977936234826,-0.008396155511901976,-0.000294622685049872
4,0.84,-0.8443279255020155,0.535826794978996,-0.03425341914757303,-0.16631881962133752,1.5007501778368957,0.49375462516765956,0.9294937846007226,-1.077016826449656,0.4833619572651644,-0.1528465286784876,-0.08368342334245026,0.8050297888078574,0.17022391807524873,-0.27099727565691045,-4.658470763761325e-05,0.20951035128010323,0.0487182422430905,-0.17375445486197386,0.15578661690328996,0.1271420547653747,-0.045777555784470486,0.0002037879907193,0.04356684637363291,-0.012563903491485989,-0.001124376071618688,0.22994941650092554,-0.16887995951125198,-0.040020970392610655,0.013251648096067636,-0.0010159805789048335,0.13956756690079694,0.8501603271909325,0.36134915054730643,-0.7926620572547535,-2.9738342870538763,0.053298505789672906,0.6404019627735107,0.0,-0.3704809292482854,-0.19030497304896535,-0.05060034111825239,-0.13957937668796255,0.3684642150361644,0.11025910821902116,0.0,-0.008327677850434152,-0.008419764338938988,-0.000296669369437212
4,0.85,-0.8090169943749476,0.5877852522924729,-0.031076801366864644,-0.1685425196651085,1.5011419880823749,0.49384954288190563,0.9293908953207468,-1.0749103546738956,0.4947639061363321,-0.14856694267589265,-0.09836857816792932,0.7556969722645945,0.16975830357379623,-0.2579993167547365,-4.658470763761325e-05,0.2035313526640399,0.046287790512674294,-0.173290639532254,0.15409482430495677,0.13358801113558605,-0.0439310126660213,0.0002037879907193,0.04343605591963832,-0.01269529260224656,-0.00112905463347571,0.1960649503225022,-0.1491099465619717,0.09082177613688465,0.00029734263251754217,-0.010622417077575231,0.13719485631585984,0.6933092323783518,0.21894171351061512,-1.0549797283269295,-3.256317811844159,-0.1583846919443324,0.9211101893682672,0.0,-0.3552239761539873,-0.14488286625830626,0.06178179639660636,-0.07200618835721738,0.4344125757816199,0.22013450550275754,0.0,-0.00842918456846843,-0.00846790526686022,-0.00030423416666822497
4,0.86,-0.7705132427757896,0.6374239897486893,-0.02828985478178708,-0.17101111449587872,1.5044297564487463,0.49370308880632646,0.9291090649797283,-1.072748168791178,0.5044925551848467,-0.14635044344518913,-0.11735230706590313,0.7029857513694837,0.16447102616933304,-0.24249691743262028,-4.658470763761325e-05,0.19820394931643967,0.04457867589998789,-0.171661176096994,0.15253067133071108,0.1405322419955068,-0.03735255444164054,0.0002037879907193,0.0433044805379025,-0.012827400872579114,-0.00113386212115228,0.15222852470560916,-0.12222417500394298,0.20127710469989443,-0.010826904571851082,-0.019510183707776962,0.13215275520440148,0.5608659506498278,0.12155747956374148,-1.219799089016446,-3.447716440987034,-0.3489866074935035,1.0475068571051458,0.0,-0.3944767653663861,-0.08176175677835723,0.06651493090102903,-0.12000881322492062,0.4582979465847575,0.45464287320810876,0.0,-0.008500644807147432,-0.008511064835770068,-0.00031062929791551196
4,0.87,-0.7289686274214116,0.6845471059286886,-0.027396100550771206,-0.17096959118326388,1.5045849461340195,0.49363925317535745,0.9288226663986306,-1.0710705432259209,0.5107132366770865,-0.1442485484098878,-0.1333588472018596,0.64767072809025,0.15886611573808512,-0.22397151965680256,-4.658470763761325e-05,0.18928470104154005,0.04434259139305301,-0.1737218599165713,0.15022428611570163,0.1474399890465883,-0.031127384788857414,0.0002037879907193,0.04317111689434705,-0.012960326738094675,-0.0011387073092927128,0.0169737924576492,0.029433672722229666,-0.04833937705196265,-0.0022767052919773854,-0.020069538168894147,0.10368042357117913,0.3550785417520793,0.13517915263114572,-0.978087779859668,-3.610621013918624,-0.41836436489367196,1.279892147028775,0.0,-0.581861071771706,0.0015787812690109685,-0.24050618181461636,-0.08877425608923437,0.4498874604536005,0.4588281361463487,0.0,-0.00859989130376787,-0.008571780094328687,-0.00031279628131714303
4,0.88,-0.684547105928689,0.7289686274214112,-0.028387357206206075,-0.17081123830047068,1.5039788660284543,0.49348391091124516,0.9283971637647562,-1.069402124363819,0.5159385055693935,-0.14296827807007506,-0.14863090578732868,0.5903779640818848,0.15249602229813944,-0.2002381266521154,-4.658470763761325e-05,0.1810578405522155,0.045256644785467606,-0.1802616007256059,0.14980431817845086,0.15445835721326562,-0.019471316089961225,0.0002037879907193,0.043037310835203894,-0.013094447019640673,-0.001143655555457052,-0.10501518798772982,0.016809761870759672,-0.04390394947457068,-0.013627173127627602,-0.02981544261762691,0.10306571903136175,0.30277765489630787,0.06528814367248896,-0.9610916546563452,-3.723652773797394,-0.34241724515500604,1.658342210537114,0.0,-0.5927117811616088,0.1164637923423762,-0.40795138701375433,-0.1410116203641947,0.4174689320161648,0.7476090351312482,0.0,-0.008617978501769465,-0.008652642192953523,-0.00032098792270376404
4,0.89,-0.6374239897486896,0.7705132427757894,-0.029701719713319884,-0.17042516912017447,1.503862576267283,0.4933355999169888,0.9278603840649746,-1.0679200168930814,0.5197823589127303,-0.14158046481435824,-0.16406988130752145,0.5326241196724912,0.1468521388599853,-0.169164792264621,-4.6584707637599207e-05,0.17017823730990736,0.047640053587065995,-0.18076520394166612,0.14470490814348172,0.16114025647948277,-0.014768991357351456,0.000203787990719063,0.042902968127585865,-0.013228652794381,-0.00114860426915632,-0.04640962630935701,-0.004597840484657639,0.03686624598555235,-0.004591674605485352,-0.03913521546137946,0.10011141286214068,0.26285624163669175,0.10977732949511489,-1.0555196255452926,-3.6782803265749497,-0.4283606139738823,2.189821462679189,2.8084121781758824e-15,-0.648095267665694,0.11897924273964552,0.1044605352484353,-0.2849600745698753,0.47179205664797297,0.16789291727249675,-4.8853309518036284e-14,-0.008637441715979475,-0.008610529606355529,-0.00031588039949040597
4,0.9,-0.5877852522924734,0.8090169943749473,-0.029299608592758257,-0.17295981847465167,1.504299758919324,0.4936003260479667,0.927028200134971,-1.0659168323679065,0.5262861973710712,-0.13801344077629546,-0.1799139255915546,0.4765337194389886,0.1372629696366778,-0.13133360017831466,-4.658470763759547e-05,0.16398381236114695,0.04709930186825725,-0.1836821435214255,0.14303568088221316,0.1690676606124298,-0.006837715598894584,0.000203787990719,0.04276921290645701,-0.01336225769582787,-0.0011534663854134801,0.043863443470692556,-0.2244354055772146,-0.003353823679477487,0.027834884628384217,-0.0593645238918108,0.13925366461834288,0.47988011801861363,0.296108847077013,-0.8998736337162958,-3.572376598215499,-0.7525877977769968,2.5083476556104762,0.0,-0.3069439057837303,-0.09692207357332885,-0.39573235625562075,-0.04289597476026148,0.5181617160688154,0.7302504803956014,0.0,-0.00858328124913159,-0.00858513497178134,-0.00031109029280569
4,0.91,-0.5358267949789963,0.8443279255020153,-0.029203437791370673,-0.17545973049352337,1.5044419409236962,0.4940377435283417,0.9261156667155227,-1.0639526430165813,0.5324831976075526,-0.133325978435146,-0.1913203744409479,0.42187051289680755,0.12238388978475472,-0.09189682831374403,-4.658470763759547e-05,0.1585993822165661,0.04611550803290261,-0.18943761453575036,0.14321426112104776,0.1774095942049009,0.004134693284933156,0.000203787990719,0.04263485626582102,-0.013496188241550348,-0.0011583473672229921,-0.01884275908297994,-0.1280470219547203,0.02897810408879651,0.025722331890912838,-0.05839720226482728,0.11929197581585277,0.3527411291796318,0.28230663711202963,-0.7548620565251273,-3.490686184185291,-1.0045118337961176,2.558647800666791,0.0,-0.37019135432889105,-0.028197466136978218,-0.27919231802328315,0.03339406384026986,0.5563127215581312,0.6130634106653348,0.0,-0.00866863125062845,-0.008632661921461442,-0.000316151420960352
4,0.92,-0.4817536741017153,0.8763066800438636,-0.029336952519410174,-0.17791818958925742,1.5053394792821322,0.4945287043858219,0.9251289494119068,-1.0620581325852754,0.5380951370358286,-0.12911952620535724,-0.20617240637216805,0.36937532630584186,0.10705691208357,-0.04838944384555951,-4.658470763759547e-05,0.1542002786708462,0.04507469939637419,-0.19465516516771875,0.14589897053710818,0.18698569559373618,0.015460668518306984,0.000203787990719,0.04250058694489577,-0.013630222077063029,-0.001163230269261092,0.021421677954485095,-0.16573844103679597,0.07341247823629417,0.038761762524468224,-0.06530173555058681,0.12136346030174144,0.3519047013915908,0.2883905563119339,-1.0200145099768785,-3.3030139168278865,-0.9580713046018846,2.9407467834595407,0.0,-0.2478982818255772,-0.1156321949111297,-0.37962901404098365,0.2412458796064568,0.6317431650436861,0.785965452522661,0.0,-0.008629512747614792,-0.00859315240996364,-0.000310588666202816
4,0.93,-0.4257792915650722,0.9048270524660197,-0.027558711334941706,-0.17935947308995154,1.506646568090685,0.4954606935569268,0.9241463535980338,-1.060516227111672,0.541681413492368,-0.12288883524811609,-0.22070648345456267,0.32031756709283304,0.09536082457210515,-0.00015251296916647238,-4.658470763759547e-05,0.14783434434815626,0.0424056618581428,-0.19595462861379448,0.147408859713461,0.19615585292664642,0.02135661876616611,0.000203787990719,0.042365430162895706,-0.013763107237376079,-0.001167963770239841,0.14081027387129433,-0.0551064386628558,0.08941431255205054,0.06691256494965346,-0.062297791510695165,0.08751480050463709,0.17712275171474026,0.43534884730680823,-0.8875593982085873,-3.07205010916552,-0.6083873708990676,3.173878827773338,0.0,-0.504410894824457,-0.17257299713565682,0.09381556983126178,-0.006061759975278493,0.5710253016965616,0.19877080751269427,0.0,-0.008723513564499416,-0.008529538093748385,-0.000302182796076497
4,0.9400000000000001,-0.36812455268467786,0.9297764858882515,-0.025317098030902978,-0.18079131801562742,1.5085989261727177,0.4965764820456694,0.9230877473913844,-1.0591196147114963,0.5452312504187447,-0.11634242040325635,-0.23537218799801385,0.27609919768995567,0.09044932826854289,0.05200223583233952,-4.658470763759547e-05,0.1410161533898014,0.03926486064189611,-0.19510714170423857,0.14817472227501075,0.20574930784294926,0.026914084905559858,0.000203787990719,0.04223030755113945,-0.013895796778009088,-0.001172666032228946,0.16080089357017605,-0.1250217909910147,0.14254646020228856,0.07738410663484847,-0.07173485623596904,0.09343147867210659,0.26638908810722894,0.43661567841037835,-0.9584742103010515,-2.7272484593154696,-0.1837774219974109,3.4007278940307795,0.0,-0.38543730959823974,-0.23630317868715167,0.014741080030598529,0.08967265422682923,0.6506500790461196,0.3896669730867173,0.0,-0.008670797784533769,-0.008523213278622394,-0.00030106277112009394
4,0.9500000000000001,-0.3090169943749476,0.9510565162951535,-0.02255312479654777,-0.18345012136678976,1.5112626593745055,0.49790387353188703,0.9218880419037969,-1.0576380876278337,0.5499510939175452,-0.10909915763423833,-0.2474931044636665,0.23689635406575835,0.08971586721624628,0.1032038619801574,-4.658470763759547e-05,0.13621557501602172,0.03519493890479828,-0.19361031992775354,0.15061223493295503,0.21651725209326553,0.029658242757708553,0.000203787990719,0.042095877612896224,-0.014028140247182226,-0.001177318727224445,0.15982965287143502,-0.18585938099820998,0.18168772566774888,0.08494090798435493,-0.07940838734752755,0.09521010552598728,0.31766143326500046,0.44855855781817305,-0.6541141412217447,-2.410622229383548,-0.01211064844602663,3.2136041777847626,0.0,-0.2612503454473018,-0.2528930296778863,0.09946947313989796,0.22403524573637934,0.7004507192032046,0.15215184550393202,0.0,-0.008628592353198839,-0.008523944906693615,-0.00030025119355945505
4,0.96,-0.24868988716485535,0.968583161128631,-0.020569870511039277,-0.18632988739752562,1.5138644375782886,0.49925740795915985,0.9206121867623396,-1.0562715375217349,0.5550850965703584,-0.10260441045615265,-0.2537333037997922,0.20356666066938395,0.08942530242795792,0.14874418541306947,-4.6584707637578126e-05,0.13216957046669406,0.03161305787618604,-0.19299045964793932,0.15425230853649524,0.22710113949232436,0.03296571263740198,0.0002037879907186,0.04196204766691131,-0.01416092046302262,-0.001181989961073132,0.11979769360628297,-0.1825516548207442,0.157905903692472,0.089734438876636,-0.08324202156112195,0.08304834007273516,0.33410904939059094,0.4114768376190729,-0.2811161519992339,-1.99766116330283,-0.03912459646936306,2.745040717915513,0.0,-0.2753720754787692,-0.22141047098059224,0.034685547650932416,0.21827768021374078,0.6721644751568107,0.16601313572201964,0.0,-0.00859663398732732,-0.00853718039179848,-0.00029939241942274
4,0.97,-0.18738131458572468,0.9822872507286887,-0.01897200223826038,-0.18885519401236056,1.5166807200436803,0.5006723368166381,0.9193008540615192,-1.0551785259704543,0.5596961804838714,-0.09676125513215934,-0.2556358548194735,0.1765702030376301,0.08839532644155357,0.18373839483197926,-4.6584707637578126e-05,0.1277171306415889,0.02852352355494223,-0.19088532433888777,0.15858485357728094,0.2390268937916693,0.03476369340414178,0.0002037879907186,0.04182852935125689,-0.014293890391023942,-0.001186657502791577,0.11487516790319523,-0.14727415195216917,0.21065483782797206,0.09376398403537223,-0.08444578358466022,0.06272463705006895,0.26373002197265677,0.3654790858328092,-0.08849014235420773,-1.602744683131785,-0.055734660750166955,1.9706680386974131,0.0,-0.29450602323591163,-0.21117267565873732,0.19618549816130593,0.3114912997207807,0.8280839805152491,0.15533285688493528,0.0,-0.008591983555724212,-0.008547286972818329,-0.000299386591537623
4,0.98,-0.12533323356430465,0.9921147013144778,-0.016126398906549124,-0.19017200419887853,1.521528209867866,0.5022757416403338,0.9180154607728694,-1.0544924188768414,0.5627382758058602,-0.0914230559179315,-0.25785884429034217,0.15718120648873873,0.08863324016751346,0.20524576863715666,-4.6584707637578126e-05,0.1224964400403251,0.023969825409047303,-0.1874547091462347,0.16410959016183654,0.25176212386474955,0.037563255476452645,0.0002037879907186,0.04169414769164328,-0.01442646521418217,-0.001191271412751584,0.1800312781803898,-0.04716297732239205,0.35853209885328546,0.10152975842484702,-0.08172278290879542,0.033690440813032616,0.17318856833500126,0.29002923662605007,-0.16184829606601372,-1.028074389688057,0.06056208508270505,1.0922350345183818,0.0,-0.36919000495388504,-0.2924446418224276,0.21120289619398347,0.35575834236034903,0.7795487742433317,0.18776200694863332,0.0,-0.008666982639837364,-0.008539920585581335,-0.00029825973655577003
4,0.99,-0.06279051952931326,0.9980267284282716,-0.0152344658605913,-0.19113200871393943,1.5262129387579202,0.503660308972433,0.916678353509327,-1.0540936481411218,0.5666709573043142,-0.08951356203312223,-0.26058622954243055,0.14868476262828786,0.09167933154692058,0.21671705048594694,-4.6584707637578126e-05,0.11639152063978968,0.021283845233760933,-0.18549375462210566,0.1687725076142103,0.263535470042965,0.04232631635648635,0.0002037879907186,0.04155958175895114,-0.014560115781757272,-0.001195981039571201,0.008770816605290246,-0.09590254946306409,0.23947589745220474,0.08819938276901487,-0.08964596808843335,0.02597962812447283,0.31353122845730835,0.06875649508083077,-0.16303703411580847,-0.3093718890652927,0.2495074823401643,0.5559433717984106,0.0,-0.3610333889536034,-0.13945317028921647,0.052654655275166815,0.32427025458926656,0.7961046393863519,0.3803231334905728,0.0,-0.008634895188997503,-0.008609976666631004,-0.000303376157338351
4,1.0,-2.4492935982947064e-16,1.0,-0.0148850169577338,-0.1921287751380494,1.5302142061300388,0.5051281668642158,0.9152916353251658,-1.0539165199050315,0.5706581344871184,-0.0891947052977692,-0.2608987230470162,0.1488905554645908,0.0941620137965182,0.2169311060513063,-4.6584707637578126e-05,0.1112946351242805,0.0183337495845543,-0.1860967363261836,0.1765888585349999,0.2771116069130684,0.049623949966388,0.0002037879907186,0.0414252192420492,-0.0146937540801433,-0.0012006408046682,0.0513674096663714,-0.0017415839258688,0.3015501688459244,0.0978193066573238,-0.0859492997520951,-0.0056339163389591,0.1643202019667405,0.0027735988313889,0.0794230660555501,0.1577371578410367,0.0890843244656605,-0.2891451803285303,0.0,-0.3939392520638115,-0.212691689314282,0.0140045167521861,0.5137371398081716,0.876891873106881,0.3965637998322996,0.0,-0.0086786821819169,-0.0085824396822785,-0.0002978196368986
