inDegrees=no
num_controls=111
num_derivatives=0
num_input_controls=0
num_iterations=168
num_multipliers=2
num_parameters=0
num_slacks=2
num_states=153
objective=2.906254
objective_control_effort=1.781039
objective_state_tracking=1.125215
solver_duration=1264.737005
status=Solve_Succeeded
success=true
DataType=double
version=3
OpenSimVersion=4.5.2-2025-05-03-6a4c6ec41
endheader
time	/jointset/ground_pelvis/pelvis_tilt/value	/jointset/ground_pelvis/pelvis_list/value	/jointset/ground_pelvis/pelvis_rotation/value	/jointset/ground_pelvis/pelvis_tx/value	/jointset/ground_pelvis/pelvis_ty/value	/jointset/ground_pelvis/pelvis_tz/value	/jointset/hip_r/hip_flexion_r/value	/jointset/hip_r/hip_adduction_r/value	/jointset/hip_r/hip_rotation_r/value	/jointset/hip_l/hip_flexion_l/value	/jointset/hip_l/hip_adduction_l/value	/jointset/hip_l/hip_rotation_l/value	/jointset/back/lumbar_extension/value	/jointset/back/lumbar_bending/value	/jointset/back/lumbar_rotation/value	/jointset/walker_knee_r/knee_angle_r/value	/jointset/patellofemoral_r/knee_angle_r_beta/value	/jointset/walker_knee_l/knee_angle_l/value	/jointset/patellofemoral_l/knee_angle_l_beta/value	/jointset/acromial_r/arm_flex_r/value	/jointset/acromial_r/arm_add_r/value	/jointset/acromial_r/arm_rot_r/value	/jointset/acromial_l/arm_flex_l/value	/jointset/acromial_l/arm_add_l/value	/jointset/acromial_l/arm_rot_l/value	/jointset/exo_J1_R/exo_J1_R_angle/value	/jointset/exo_J1_L/exo_J1_L_angle/value	/jointset/ankle_r/ankle_angle_r/value	/jointset/ankle_l/ankle_angle_l/value	/jointset/elbow_r/elbow_flex_r/value	/jointset/elbow_l/elbow_flex_l/value	/jointset/exo_J2_R/exo_J2_R_angle/value	/jointset/exo_J2_L/exo_J2_L_angle/value	/jointset/radioulnar_r/pro_sup_r/value	/jointset/radioulnar_l/pro_sup_l/value	/jointset/ground_pelvis/pelvis_tilt/speed	/jointset/ground_pelvis/pelvis_list/speed	/jointset/ground_pelvis/pelvis_rotation/speed	/jointset/ground_pelvis/pelvis_tx/speed	/jointset/ground_pelvis/pelvis_ty/speed	/jointset/ground_pelvis/pelvis_tz/speed	/jointset/hip_r/hip_flexion_r/speed	/jointset/hip_r/hip_adduction_r/speed	/jointset/hip_r/hip_rotation_r/speed	/jointset/hip_l/hip_flexion_l/speed	/jointset/hip_l/hip_adduction_l/speed	/jointset/hip_l/hip_rotation_l/speed	/jointset/back/lumbar_extension/speed	/jointset/back/lumbar_bending/speed	/jointset/back/lumbar_rotation/speed	/jointset/walker_knee_r/knee_angle_r/speed	/jointset/patellofemoral_r/knee_angle_r_beta/speed	/jointset/walker_knee_l/knee_angle_l/speed	/jointset/patellofemoral_l/knee_angle_l_beta/speed	/jointset/acromial_r/arm_flex_r/speed	/jointset/acromial_r/arm_add_r/speed	/jointset/acromial_r/arm_rot_r/speed	/jointset/acromial_l/arm_flex_l/speed	/jointset/acromial_l/arm_add_l/speed	/jointset/acromial_l/arm_rot_l/speed	/jointset/exo_J1_R/exo_J1_R_angle/speed	/jointset/exo_J1_L/exo_J1_L_angle/speed	/jointset/ankle_r/ankle_angle_r/speed	/jointset/ankle_l/ankle_angle_l/speed	/jointset/elbow_r/elbow_flex_r/speed	/jointset/elbow_l/elbow_flex_l/speed	/jointset/exo_J2_R/exo_J2_R_angle/speed	/jointset/exo_J2_L/exo_J2_L_angle/speed	/jointset/radioulnar_r/pro_sup_r/speed	/jointset/radioulnar_l/pro_sup_l/speed	/forceset/addbrev_r/activation	/forceset/addlong_r/activation	/forceset/addmagDist_r/activation	/forceset/addmagIsch_r/activation	/forceset/addmagMid_r/activation	/forceset/addmagProx_r/activation	/forceset/bflh_r/activation	/forceset/bfsh_r/activation	/forceset/edl_r/activation	/forceset/ehl_r/activation	/forceset/fdl_r/activation	/forceset/fhl_r/activation	/forceset/gaslat_r/activation	/forceset/gasmed_r/activation	/forceset/glmax1_r/activation	/forceset/glmax2_r/activation	/forceset/glmax3_r/activation	/forceset/glmed1_r/activation	/forceset/glmed2_r/activation	/forceset/glmed3_r/activation	/forceset/glmin1_r/activation	/forceset/glmin2_r/activation	/forceset/glmin3_r/activation	/forceset/grac_r/activation	/forceset/iliacus_r/activation	/forceset/perbrev_r/activation	/forceset/perlong_r/activation	/forceset/piri_r/activation	/forceset/psoas_r/activation	/forceset/recfem_r/activation	/forceset/sart_r/activation	/forceset/semimem_r/activation	/forceset/semiten_r/activation	/forceset/soleus_r/activation	/forceset/tfl_r/activation	/forceset/tibant_r/activation	/forceset/tibpost_r/activation	/forceset/vasint_r/activation	/forceset/vaslat_r/activation	/forceset/vasmed_r/activation	/forceset/addbrev_l/activation	/forceset/addlong_l/activation	/forceset/addmagDist_l/activation	/forceset/addmagIsch_l/activation	/forceset/addmagMid_l/activation	/forceset/addmagProx_l/activation	/forceset/bflh_l/activation	/forceset/bfsh_l/activation	/forceset/edl_l/activation	/forceset/ehl_l/activation	/forceset/fdl_l/activation	/forceset/fhl_l/activation	/forceset/gaslat_l/activation	/forceset/gasmed_l/activation	/forceset/glmax1_l/activation	/forceset/glmax2_l/activation	/forceset/glmax3_l/activation	/forceset/glmed1_l/activation	/forceset/glmed2_l/activation	/forceset/glmed3_l/activation	/forceset/glmin1_l/activation	/forceset/glmin2_l/activation	/forceset/glmin3_l/activation	/forceset/grac_l/activation	/forceset/iliacus_l/activation	/forceset/perbrev_l/activation	/forceset/perlong_l/activation	/forceset/piri_l/activation	/forceset/psoas_l/activation	/forceset/recfem_l/activation	/forceset/sart_l/activation	/forceset/semimem_l/activation	/forceset/semiten_l/activation	/forceset/soleus_l/activation	/forceset/tfl_l/activation	/forceset/tibant_l/activation	/forceset/tibpost_l/activation	/forceset/vasint_l/activation	/forceset/vaslat_l/activation	/forceset/vasmed_l/activation	/forceset/bushing_pelvis/dissipated_energy	/forceset/bushing_femur_r/dissipated_energy	/forceset/bushing_femur_l/dissipated_energy	/forceset/lumbar_ext	/forceset/lumbar_bend	/forceset/lumbar_rot	/forceset/shoulder_flex_r	/forceset/shoulder_add_r	/forceset/shoulder_rot_r	/forceset/elbow_flex_r	/forceset/pro_sup_r	/forceset/shoulder_flex_l	/forceset/shoulder_add_l	/forceset/shoulder_rot_l	/forceset/elbow_flex_l	/forceset/pro_sup_l	/forceset/pelvis_tx	/forceset/pelvis_ty	/forceset/pelvis_tz	/forceset/pelvis_tilt	/forceset/pelvis_list	/forceset/pelvis_rotation	/forceset/addbrev_r	/forceset/addlong_r	/forceset/addmagDist_r	/forceset/addmagIsch_r	/forceset/addmagMid_r	/forceset/addmagProx_r	/forceset/bflh_r	/forceset/bfsh_r	/forceset/edl_r	/forceset/ehl_r	/forceset/fdl_r	/forceset/fhl_r	/forceset/gaslat_r	/forceset/gasmed_r	/forceset/glmax1_r	/forceset/glmax2_r	/forceset/glmax3_r	/forceset/glmed1_r	/forceset/glmed2_r	/forceset/glmed3_r	/forceset/glmin1_r	/forceset/glmin2_r	/forceset/glmin3_r	/forceset/grac_r	/forceset/iliacus_r	/forceset/perbrev_r	/forceset/perlong_r	/forceset/piri_r	/forceset/psoas_r	/forceset/recfem_r	/forceset/sart_r	/forceset/semimem_r	/forceset/semiten_r	/forceset/soleus_r	/forceset/tfl_r	/forceset/tibant_r	/forceset/tibpost_r	/forceset/vasint_r	/forceset/vaslat_r	/forceset/vasmed_r	/forceset/addbrev_l	/forceset/addlong_l	/forceset/addmagDist_l	/forceset/addmagIsch_l	/forceset/addmagMid_l	/forceset/addmagProx_l	/forceset/bflh_l	/forceset/bfsh_l	/forceset/edl_l	/forceset/ehl_l	/forceset/fdl_l	/forceset/fhl_l	/forceset/gaslat_l	/forceset/gasmed_l	/forceset/glmax1_l	/forceset/glmax2_l	/forceset/glmax3_l	/forceset/glmed1_l	/forceset/glmed2_l	/forceset/glmed3_l	/forceset/glmin1_l	/forceset/glmin2_l	/forceset/glmin3_l	/forceset/grac_l	/forceset/iliacus_l	/forceset/perbrev_l	/forceset/perlong_l	/forceset/piri_l	/forceset/psoas_l	/forceset/recfem_l	/forceset/sart_l	/forceset/semimem_l	/forceset/semiten_l	/forceset/soleus_l	/forceset/tfl_l	/forceset/tibant_l	/forceset/tibpost_l	/forceset/vasint_l	/forceset/vaslat_l	/forceset/vasmed_l	/forceset/reserve_jointset_hip_r_hip_adduction_r	/forceset/reserve_jointset_hip_r_hip_rotation_r	/forceset/reserve_jointset_walker_knee_r_knee_angle_r	/forceset/reserve_jointset_ankle_r_ankle_angle_r	/forceset/reserve_jointset_hip_l_hip_adduction_l	/forceset/reserve_jointset_hip_l_hip_rotation_l	/forceset/reserve_jointset_walker_knee_l_knee_angle_l	/forceset/reserve_jointset_ankle_l_ankle_angle_l	/forceset/reserve_jointset_exo_J1_R_exo_J1_R_angle	/forceset/reserve_jointset_exo_J2_R_exo_J2_R_angle	/forceset/reserve_jointset_exo_J1_L_exo_J1_L_angle	/forceset/reserve_jointset_exo_J2_L_exo_J2_L_angle	lambda_cid35_p0	lambda_cid36_p0	gamma_cid35_p0	gamma_cid36_p0
0.48	0.001692336777522586	0.02555707071626152	0.1130892609167332	0.02896142898419828	0.9417023960510633	-0.142446135252303	0.4021850743886886	0.08180176220920982	0.05554809421039708	0.1189520389235132	-0.2599662914123079	0.03198160373896795	-0.1675284415953624	0.09383647675638941	-0.1084629176621722	0.4099400701399378	0.4099400701399378	1.138859603853232	1.138859603853232	-0.01955916242083723	-0.06121437366212396	-0.4236825799230701	0.1089066848995968	-0.1257691868214017	-0.02194265308636062	1.50049025860387	-2.360372832520715	0.09317239762310296	-0.2763468322482025	0.5542143677837361	0.8265816099755234	-0.3540474265237807	1.872751041177394	0.9459777006196717	0.8865748575036545	0.6669894223101738	-1.585034470517088	0.8080724879406951	1.518918976599859	0.5156594689481983	-0.1178488597287021	-4.355038574603845	0.8268890432070648	-2.115289291875075	2.436202484963308	-1.032987741872587	-1.911246500982789	0.2662031411993551	0.8586356253808572	-0.279242128743542	-0.2927986264720354	-0.2927986264720354	-0.3844549107202353	-0.3844549107202353	-0.004240640059982299	0.06086641976269622	0.05530340826156444	-1.291629982955322	-0.4792062856375381	-0.2123697116845687	-3.709672639167378	-2.733252368867451	-0.8221566992393435	2.044854038563773	0.4283120004583544	-0.7092794506576958	-2.385490441014545	1.204375984935178	-0.0002560983940427693	-0.02406224885846348	0.9987929349332689	0.9992918340398291	0.9962642861625237	0.9923395272849603	0.9979686266876688	0.9981099092245734	0.6387529160272571	0.4411710876832389	0.7251119005541822	0.7692301793096884	0.8708823724409505	0.9748559130891586	0.4182835247253918	0.01472523942555785	0.3195140724419209	0.4056160417471588	0.9946263935049772	0.01252748942844373	0.02359595549324384	0.127438817119869	0.01478300990212588	0.02110958304524281	0.04680662951897821	0.995815365777616	0.9359299716854992	0.8833019095354463	0.9613974831132892	0.2085389578966928	0.9963039347959048	0.4591540202374748	0.4559643873321904	0.2277133947218092	0.9806589078119075	0.01363398646832018	0.01715850286595674	0.6908895992609188	0.9843347381710403	0.9921509126102094	0.1109884567364411	0.9941940394996907	0.9781782461134134	0.9909718060149321	0.5506831808950619	0.5194415780727153	0.7704881587729047	0.8068166521479013	0.4724713698797965	0.9896467676809193	0.996125158420837	0.9925576743791639	0.2544835770679446	0.1948845728943816	0.1991198264464523	0.1225808373332678	0.01547631746050702	0.0133539762837433	0.2830357485728395	0.09544158464325324	0.02290963911798089	0.9946293108036574	0.1734722788693733	0.9938379126672745	0.9956943835005936	0.9260621192784468	0.9937031200738762	0.2442208413772282	0.2002571401153727	0.9981895701085002	0.9903046698216444	0.02396618094223331	0.9921773873883188	0.7718478266207214	0.7230507096213664	0.01507057673895209	0.9960490995019323	0.9983623475507235	0.1926722271305579	0.1346060937590355	0.06530580095405518	0.1180959024411299	3.021351918440617	0.0002394857679755923	0.001939850459006155	-0.02297793814945416	-0.0124094561498695	-0.02308860837857017	-0.002952129941420286	-0.0009954984055631964	0.0117062791207405	0.01294156687936374	0.00164078084332395	0.004751173432196391	0.005252469727672744	-0.008111336416886536	-0.005089012707470181	-0.001320324005269578	-0.00640807090039151	0.01416603527445708	-0.02014206929059946	0.01690611767932409	0.01912228002650459	0.02323124415561824	0.03719294966515565	0.06145550958836276	0.0164651427556801	0.01474792532579645	0.02116374366019359	0.02587483112708919	0.01340436295010827	0.01415333353099853	0.01381077223271425	0.01409761285934649	0.01453971471164136	0.01491257176839145	0.01565114181242372	0.01587055239988046	0.01135546616440045	0.01116945500901957	0.01479636223171244	0.01199200017990697	0.01207233135037635	0.01137081898677905	0.01401174382940269	0.01331137585484325	0.01253861516564902	0.01860753928506253	0.01776154639506122	0.01456727705858061	0.01482296760705886	0.01142264544467934	0.02369376514082781	0.01665656932534397	0.01405925234432503	0.01318321320844198	0.014403884133807	0.01204596578945882	0.01366425709908922	0.0130864517076409	0.01508615047051872	0.01436896195785446	0.01140672257552776	0.01422253523262918	0.01250962413039009	0.01233785099472244	0.01148963515568615	0.01128062203303445	0.01177174936919436	0.01291029610124998	0.01183850208769888	0.01602385541863562	0.01588584637862689	0.01521728197715138	0.01341336248938139	0.01206236337907851	0.0108622882673933	0.01049860244868259	0.01193547987724387	0.01178878806029953	0.011226001502491	0.01201738996518198	0.01165240731271697	0.01320767886812214	0.01420485860571706	0.01516103794741771	0.01441855057656667	0.01373831206700424	0.01863280038072543	0.01343361283492974	0.01243258960843403	0.01337566444998232	0.01732278430409467	0.01242854368187404	0.01640917928298607	0.01171663259724909	0.0126711237622298	0.01022877737319016	0.01652449648736282	0.01907691808809912	0.01163584379363547	0.01179750368688702	0.01087646347769881	0.01144658640627575	-0.0008873194623012642	-0.002631210294009778	0.00019746515229237	0.000167720590711069	0.001148623826480177	0.00135504549273805	-0.000455524739817602	-0.001704818727929503	-0.01381920844175153	0.001486265992168328	0.0008766514046927538	-0.001132056002827829	0.001697545474602221	-0.08121357204709828	3.218201585499544e-16	2.851199453778161e-16
0.5001785714285714	0.007724737759384967	0.007323848162196289	0.1187502248223018	0.05816376729260438	0.9511653637821973	-0.1447898278837252	0.3163162845519076	0.09449573135626381	0.04131990571536644	0.1843362104575481	-0.2432712305102176	0.01286315884672763	-0.1592048223245957	0.09555989587385443	-0.1057064596102569	0.3694990483838306	0.3694990483838306	1.171957070104882	1.171957070104882	-0.01661175310258025	-0.0617140478794796	-0.4144592773321423	0.08705880866418386	-0.1332923810705232	-0.03105498459095985	1.438858840132669	-2.417859272308679	0.0861247693550224	-0.2027723579723351	0.5604257009814337	0.8042471653844434	-0.3740817014636343	1.854382791614903	0.9457587584738826	0.8860674721072863	0.06910727434172634	-0.4186612798916039	-0.1165662929474285	1.384710031788861	0.4326102679058887	-0.1108846035916159	-4.05099641759488	0.5009607703920691	0.2535102050440788	3.751650482211099	2.077018695807339	-0.3916985373668063	0.446829439073923	-0.4593995892556663	0.4609586237644109	-2.899652391243022	-2.899652391243022	2.95896258628461	2.958962586284611	0.2824629438627428	-0.0932629611146126	0.7757578754943453	-0.9019768665746616	-0.2877818451068572	-0.6541407892315947	-2.548170330302569	-2.923723409039503	0.2093474788416597	4.392615563453409	0.2402403111418787	-1.386352616097351	-0.02020120620446421	-2.329271368626949	-0.0233216181278148	-0.02618712480738498	0.3851958933589168	0.4259318449771011	0.3427041500884069	0.3367169271924392	0.3562822497146454	0.3574917578011106	0.1957946308141842	0.1226003402963843	0.2294955394798725	0.2467973112635095	0.2861223290282096	0.3251930868190807	0.1172129536257046	0.02350660772751115	0.07933415518441503	0.1078973847693822	0.3318224052948673	0.01160306675999673	0.01245092374856401	0.0276756364203872	0.01339073988241804	0.01318983646142717	0.01515082624121093	0.3401058105366981	0.3249195006763157	0.29083929184554	0.3201736648118418	0.04691302167660653	0.349990743294446	0.1369261133818618	0.1277210045709542	0.05349129562662612	0.3267482712957056	0.04812118803554383	0.01318132659104263	0.215685071300235	0.3288925414600185	0.3373282602202813	0.05626508936016662	0.341822110499744	0.3241418310563726	0.328654744725058	0.1608652406397605	0.1490288347404527	0.2455621530023998	0.2602476605426297	0.1321034439751023	0.3327403109379653	0.3461580244566783	0.3365933759450966	0.06103966375396873	0.04378569603263766	0.04407880532400961	0.02610287500647372	0.0233831481667992	0.01887638264076689	0.06794127798640452	0.04554714719319092	0.03633444913835927	0.3575859826272713	0.0452673587947003	0.3412850840947376	0.3456895697743524	0.3058192641978286	0.334289053793667	0.05810900461007919	0.04541834594934895	0.3687920363730736	0.3318651049243019	0.02826531849692876	0.3382324171231509	0.2460534759106612	0.2278080834166352	0.01048678305854668	0.3459962202138525	0.3709601884540939	0.04293730562692295	0.02949613590901655	0.0163901464697005	0.02586185308100352	3.021351918440617	0.7445185907550586	0.3934123623157734	0.004876759796390785	0.03060189511723239	0.01534718529532565	-0.005982023094498913	-0.007195125429216742	0.005215665940268434	0.01656346141282259	0.0008627221343240387	-0.005528284989239637	0.004286794864806198	-0.003290712314018859	0.01185356070436057	-0.0005310631864895787	-0.00306618062563007	-0.002153548864133003	0.006459199846311897	-0.004342895634184986	-0.02768432571325266	-0.01525937326197225	0.1159097351683902	0.1942830696918763	0.03563678226629033	0.02658260591160935	0.06159292275827295	0.06085827680540076	0.01235867007141912	0.01318339832338354	0.01278001974847084	0.01314590387857203	0.01392907149699443	0.0148289562834664	0.01741800709208826	0.0301013697972606	0.01082108169209865	0.01070551882791976	0.01375308746684615	0.01122254093845989	0.01124320081813435	0.01082052036749473	0.01278690803891666	0.01209005843158928	0.01159506687517738	0.02861014140730712	0.04366795187982438	0.0139956648007919	0.01463245021981298	0.01086830543208198	0.04685383706790496	0.02677271172133086	0.01290793907871764	0.01247388992051513	0.01397180376862456	0.0800455338089606	0.01235714880594275	0.01206867986217046	0.01529322866450935	0.02837635710302479	0.07063671050951104	0.03692418815234581	0.01153999231623393	0.011403903064891	0.01089768380244266	0.01076923590077212	0.01107459078827784	0.01183545988141446	0.0111476523025883	0.01892786615586324	0.04394092638351843	0.02579255185435395	0.01236524929799688	0.01126912708683958	0.01049687100239758	0.01028199381624126	0.03261622384712947	0.02461557657607226	0.01075012497044118	0.05514824439655295	0.05622253794239883	0.07288065908486371	0.02249798447983436	0.0353307942495062	0.04428022166144614	0.01242951947885132	0.01723460881944012	0.01236054085882458	0.01152071690153547	0.09544611640271289	0.01549940911226431	0.04020387536561899	0.02891515356896196	0.01104213410610979	0.01167719981075321	0.01012838514602479	0.04318001261951059	0.09625077065470122	0.01099005325595456	0.01115427866699637	0.0105360942829618	0.01091032749317694	0.0009140189642248374	0.0005086614940135951	-0.0001642058987903217	-0.000104373770763257	-0.0004309914747595912	-9.915858217756485e-05	0.0003617443880680971	0.0008113217161589188	-0.01202007585897678	0.003753083540519132	-0.0006075579150042891	0.0007267598564540267	-0.0612860455785848	-0.02701573309444734	1.696172825256296e-16	1.351584901475063e-16
0.5203571428571429	0.01005846453660157	0.0007305522096890227	0.1136483370555946	0.08521718701488344	0.9595788967471982	-0.146777379569846	0.2429300375548563	0.1048314556177817	0.04755571117554763	0.2585453134232887	-0.2007898884417917	-0.0002927324263398961	-0.15401420146906	0.08451477117804948	-0.09355221829028448	0.3258442695885581	0.3258442695885581	1.229784788699821	1.229784788699821	-0.008721145055935908	-0.0642869352851006	-0.3957291599313246	0.071369275584168	-0.1382439124217699	-0.0468624684203554	1.391630395747857	-2.476719576270625	0.1050803475540571	-0.1335734351737517	0.5660453086964663	0.7753964350675859	-0.3718124312060993	1.806823738351635	0.9449607460544657	0.8855196404007428	0.3003951648585569	-0.4313426303626711	-0.2586880317892913	1.305928815850984	0.4116446956677582	-0.0825499341767114	-3.117830788719134	0.5931514970300323	-0.08699962551779641	3.310885954300503	1.522820656914663	-1.320267735188672	-0.0443241353545098	-0.406919159651209	0.6522195757010572	-0.6113302976105556	-0.6113302976105556	2.066685144543746	2.066685144543746	0.485704720629738	-0.1446201971273205	0.9975717787993217	-0.6812455286150847	-0.2243158037242874	-0.8759600306024349	-2.282121225295088	-2.869422977262033	1.755152260333136	1.611171060284297	0.3696631030614532	-1.355141398699359	-0.1748735718928386	-1.688871815495905	-0.05765067418726284	-0.02807108668116326	0.2310928866418937	0.3262191707128069	0.1255914435601419	0.1123380854731794	0.161501410030206	0.1586898134361744	0.04531368901428651	0.02954602143921639	0.0554829859842572	0.06134694390292688	0.07587241107664529	0.09206675078491194	0.0340141259992037	0.03764301302107136	0.02118305812394393	0.02505182828260282	0.09344133801359722	0.01083564005280941	0.0116478245650555	0.01599402563950508	0.0121665018826136	0.01200570702806033	0.01336813502002152	0.114313150444845	0.1280537196524577	0.07769757459331035	0.08981348240653644	0.01797813127885579	0.1391218226609812	0.05052631115537908	0.03012187574830862	0.01999084617554466	0.0918443189170996	0.1133691695652063	0.01190208839111575	0.05071046846914361	0.09410858943666443	0.1151202348184424	0.1054240350091865	0.1280544033359471	0.08857503465339485	0.09035223276207657	0.03548755008549024	0.03277982226338333	0.05933938414170595	0.06469608709876719	0.02958114637634078	0.09999142304091596	0.1379058518358802	0.1110085429584564	0.02040641623520699	0.01793243632223564	0.01748952622660229	0.01552808677338053	0.04394627089886254	0.0317046997179064	0.01988970907447854	0.0819187363449711	0.07984986159216258	0.1799275016193864	0.03370673955702024	0.1252988710465185	0.1389039505239605	0.08175789302929765	0.09698026854644339	0.02010645999302353	0.01824543149982963	0.2116257943092746	0.09439044182525894	0.05571248743065036	0.1151049933074234	0.05948556618178736	0.05404206965992936	0.01045171414961935	0.1365422389265781	0.2107036578290927	0.01768255316330687	0.01645997867269198	0.01367325961817497	0.01582761207750179	3.021351918440617	1.213607793224437	0.8755196015782428	0.03273145774223573	0.07361324638433428	0.05378297896922148	-0.009011916247577538	-0.01339475245287029	-0.001274947240203632	0.02018535594628144	8.466342532412736e-05	-0.01580774341067566	0.003321120001939652	0.001529911788848818	0.02879613411619133	0.0002581976322904207	0.0002757096491313698	-0.01847313300272308	0.03306046898322326	-0.02559190894769406	-0.07449093145300992	-0.05374999067956274	0.1946265206716248	0.32711062979539	0.05480842177690055	0.03841728649742226	0.1020221018563523	0.09584172248371231	0.01131297719272997	0.01221346311576854	0.01174926726422742	0.01219419489779757	0.01331842828234749	0.01474534079854134	0.0191848723717528	0.04433218719464074	0.01028669721979686	0.01024158264681996	0.01270981270197986	0.0104530816970128	0.01041407028589234	0.01027022174821042	0.01156207224843063	0.01086874100833531	0.01065151858470575	0.03861274352955171	0.06957435736458754	0.01342405254300319	0.0144419328325671	0.01031396541948461	0.07001390899498211	0.03688885411731775	0.01175662581311025	0.01176456663258829	0.01353972340344212	0.1480451018284624	0.01105004051279628	0.01105090801670001	0.01550030685849999	0.04238375224819513	0.1298666984434943	0.05962584107206243	0.01057036050207778	0.01046995513505956	0.01030573244919917	0.01025784976850978	0.01037743220736131	0.01076062366157893	0.01045680251747771	0.02183187689309087	0.07199600638840997	0.03636782173155651	0.01131713610661238	0.01047589079460065	0.01013145373740186	0.01006538518379993	0.05329696781701507	0.03744236509184499	0.01027424843839137	0.09827909882792393	0.1007926685720807	0.1325536393016053	0.03079111035395166	0.05550055055159469	0.0741418927463256	0.0111207268906984	0.01583641725815482	0.01128746888271942	0.01060884419463692	0.1775165683554435	0.01367603392043396	0.06797920704936394	0.04142112785493785	0.01036763561497049	0.01068327585927663	0.01002799291885943	0.06983552875165835	0.1734246232213033	0.01034426271827364	0.01051105364710573	0.01019572508822479	0.01037406858007813	0.002715357390750939	0.003648533282036969	-0.0005258769498730135	-0.0003764681322375831	-0.002010606775999359	-0.00155336265709318	0.001179013515953796	0.003327462160247341	-0.01022094327620203	0.006019901088869937	-0.002091767234701332	0.002585575715735883	-0.03697521755063139	-0.01233922554464674	1.741440650130388e-17	-1.480296508280424e-17
0.5405357142857142	0.0153226290411152	-0.003554715830144013	0.1127941455372704	0.1110141624184998	0.9676581474280623	-0.148958275331875	0.1829203103128048	0.1091591619418477	0.04093149170281918	0.323466535598317	-0.1634457338192526	-0.0200651705379602	-0.1555048674974329	0.07229560349002283	-0.08507617941456759	0.3121106824130944	0.3121106824130944	1.259418830978561	1.259418830978561	0.00188540272874501	-0.06658620813729263	-0.3761464062424483	0.05739838328638841	-0.1432988268562456	-0.06545527514715713	1.351730839885275	-2.530187553576572	0.1231462756845456	-0.09522395861031557	0.5741330008942005	0.7510299954711249	-0.3815197175040183	1.767735658132356	0.944153045434894	0.8851065422243743	0.2303407419194378	-0.04183691599388089	0.09310494658492471	1.255613286811202	0.3875293280950483	-0.1244533387819765	-2.842038497604836	-0.07551231182231746	-0.4416416014150011	3.066799645347906	2.063175199607656	-0.7360235360283909	-0.1071946941350209	-0.7598404938194662	0.2744683831995038	-0.7443202993539572	-0.7443202993539572	0.8320423505001341	0.8320423505001341	0.5580405789170142	-0.09654740871528773	0.940003166797324	-0.7121130564197392	-0.2668985731688328	-0.9621627075620531	-1.729768122466923	-2.409741521783916	0.3469397550635945	2.076593595420923	0.4376920878061769	-1.053900127457151	-0.6271991268421769	-2.119906042914673	-0.02604311171925786	-0.01263098865197771	0.2167092898555793	0.3478972036235645	0.07601131453302656	0.0538524960198799	0.1279271868239404	0.1196890096118046	0.01656737688490009	0.01385181644279932	0.01617722850506998	0.01745499986068173	0.02089142577219286	0.02519624538589883	0.02435956613049545	0.05177552580767731	0.01108227779635752	0.01136197371574924	0.03207883756279054	0.01043634485535917	0.01048527128176798	0.01065845547271163	0.01140580736396041	0.01089910239622114	0.01083984268206378	0.057128269083384	0.07234618569899071	0.02130366078938532	0.02447558889515622	0.01085090113752128	0.08242361762725033	0.03165694346040628	0.01336810591841478	0.01346110367788748	0.02614454528340192	0.151160659320268	0.01100735270132654	0.01483900981986172	0.02639555607783577	0.05267183646637716	0.1230604977540262	0.06936744756196883	0.0199418463793713	0.02015029296946347	0.01238047958490481	0.0120603346668325	0.01529700806583503	0.01641701568713955	0.01194044445742079	0.03685470556071103	0.08763464370615617	0.05005094847819003	0.01206335021210055	0.01100824743418992	0.01062405580380325	0.01042068386610159	0.054427284947204	0.037091107325954	0.01094552246299489	0.08876139376043013	0.09860368328732387	0.1446591961640883	0.02852040840889625	0.0676758807017435	0.08944040556645415	0.01936085696080785	0.02765273514263161	0.0119875187682731	0.01115921794358806	0.1999842479785734	0.02599968000479728	0.07203695939935356	0.06039853776736141	0.01528572519430556	0.0148710145023942	0.01005440389707814	0.08490592737636606	0.189162956204878	0.01086135554432236	0.01092395545539953	0.01042237205161437	0.01074346832826196	3.021351918440617	1.541849909601678	1.437330304746296	0.0385489757870727	0.110023565303103	0.04577707312801424	-0.001441237002762328	-0.02055943194708516	-0.002945360548460269	0.02120313951637146	-5.11860457994971e-05	-0.014031224646902	0.002565789798000961	0.001991053321567229	0.02932189485759766	0.0003283096438224588	0.0009805182250318739	-0.02119912969787341	0.03422812667109299	-0.02550887764158116	-0.107029098232226	-0.05484155205909638	0.2260754015447508	0.3778964543480799	0.07554680380915503	0.04825515536508105	0.1338541118317663	0.1223442016529667	0.0153132785832273	0.01275310623313587	0.01202566899518567	0.01263758746966115	0.01432229694698835	0.01647273195880989	0.0265003818992881	0.05963887046266948	0.01034360132752182	0.01029969921832939	0.03000574180610643	0.0103803166342654	0.01040541419898742	0.01029415139725279	0.01120911243792306	0.01079586304989002	0.01068195810526782	0.05368192686152311	0.0577698638376507	0.01449080889566155	0.01604492880482159	0.01035225558299574	0.0729613637806498	0.02467481482295975	0.01208620056035911	0.01382108700102725	0.01903310676579643	0.1656722086234755	0.01087643030899551	0.01114887329179653	0.01755575401242265	0.04250255293750177	0.1230858165686708	0.05858421153260492	0.0105620356144324	0.01045208828837198	0.01031443497255418	0.01025981224228224	0.01038069150647008	0.01081710628424048	0.01046491163429028	0.03101628176862388	0.08234458005641476	0.04282704137268937	0.01152522293571175	0.01053169698523495	0.01013257264151403	0.01006483427280308	0.05712054957976623	0.03765678897689334	0.01028837374984355	0.08338824894765288	0.1016094045480091	0.1393917887682211	0.02612237545505032	0.05902535784236706	0.08409426246857481	0.01121868676611711	0.0187335445443386	0.01144997418446188	0.01067140835420433	0.2112542231699546	0.01787405431505692	0.07837271477497527	0.05784702364509781	0.01033039562229259	0.01068151994783274	0.01002945083662411	0.07892980391578792	0.1909739737188463	0.01038985530074394	0.01054833086624985	0.01020683227194238	0.0103973843554885	0.003711795336884157	0.003499780005918734	-0.0006626489598384684	-0.0005339410342146804	-0.002929563842872648	-0.002770151824283676	0.001607484570840879	0.00440187301593092	-0.01099435587337081	0.006239971687062523	-0.002667528827353471	0.003765182809908067	-0.03474245525223205	-0.003324543513040168	6.116261847665177e-17	-1.008090951207166e-16
0.5607142857142857	0.01971668555526487	-0.002912968575835598	0.1141400925346064	0.1360787707613084	0.975153850723719	-0.1514304383526925	0.1277490966716494	0.105363607711714	0.03489474635099669	0.3800128649676701	-0.1221821035952737	-0.03389282755797881	-0.1584924759875589	0.05563936455737534	-0.07898113570125657	0.2960297928318457	0.2960297928318457	1.261811831208601	1.261811831208601	0.01349616532905674	-0.06871905696384754	-0.3579293437223587	0.04228202495944142	-0.1486195273113674	-0.08550276128711251	1.319511728435375	-2.573149945744611	0.1316525600542519	-0.05433831200704814	0.5839410907948652	0.7331077624325925	-0.3906646132609314	1.723911316068128	0.9437628808785694	0.8850196630239605	0.21415437289328	0.05699870852568492	-0.04062120545838308	1.233340222213398	0.3538063707622133	-0.1114189014194613	-2.6382612990728	-0.2119858322357853	-0.02877210202977143	2.480808083295544	1.911299654579508	-0.7310504942511591	-0.1926936536875469	-0.8466996723923895	0.4162271348254295	-0.8439832794228788	-0.8439832794228788	-0.6333119434690292	-0.6333119434690292	0.5852375165152693	-0.1281250724624032	0.8622112381762207	-0.7947784447803508	-0.2506591969210669	-1.020140645003504	-1.520873637489455	-1.828161441469389	0.8076477459901171	1.862543666002092	0.5401803975111897	-0.7164235805684039	-0.1191322085365	-2.158306617826995	-0.01626656880347753	0.004262121555068265	0.2400452603676875	0.3914413292079359	0.08980027826449041	0.05753546191500395	0.1513845371539932	0.1379872559454551	0.01983244125321236	0.0143219448612149	0.01499148479987292	0.01596346404920456	0.01856353587482995	0.02170124990785592	0.0315442503871752	0.06682002641203802	0.01120298896334282	0.01143459857184959	0.04378234511655658	0.01037029570807452	0.01049909174781498	0.01075413658707562	0.01106029329547207	0.01084584670653077	0.01091408215280368	0.06567244696432052	0.05534813522506005	0.01883923827475501	0.02113141642288331	0.01096557216615223	0.07848978189945881	0.01901853645395341	0.01360797602584329	0.01559568851138971	0.02638321317430823	0.1699986447981026	0.01084746476370699	0.01380594277234021	0.02301275144750742	0.04669402452792487	0.1182650267318827	0.06205591157537794	0.01484786503463905	0.01480027207129247	0.01209669859574456	0.01187226487724753	0.0134571766031055	0.01415582985725644	0.01186098134486663	0.04028239973571941	0.09125791725544721	0.05041501454525946	0.0123364357258904	0.01113915479103243	0.01070261459382362	0.01049155968795366	0.05833380604233641	0.03732564995229877	0.01103140840446333	0.07510297711825668	0.1003889772817152	0.1454919469867801	0.02381983794208135	0.06485558564622061	0.09275017284655986	0.01528630462909534	0.02474857134110453	0.01221605245226748	0.01129579145338721	0.2261713570403609	0.02459921860794579	0.08245074788732534	0.07038154090407527	0.01339158810473602	0.01347629518719847	0.01006428568455627	0.08730078036367825	0.2003853563327714	0.01098301252832648	0.01103249525475457	0.01048765178781567	0.01083641801881212	3.021351918440617	1.825605965453119	1.850259077348412	0.04436649383190967	0.1464338842218717	0.03777116728680699	0.006129442242052883	-0.02772411144130003	-0.004615773856716905	0.02222092308646148	-0.0001870355169231215	-0.01225470588312835	0.001810459594062269	0.00245219485428564	0.029847655599004	0.000398421655354497	0.001685326800932378	-0.02392512639302374	0.03539578435896273	-0.02542584633546825	-0.139567265011442	-0.05593311343863	0.2575242824178769	0.4286822789007699	0.09628518584140949	0.05809302423273984	0.1656861218071804	0.148846680822221	0.01931357997372462	0.01329274935050319	0.01230207072614393	0.01308098004152474	0.0153261656116292	0.01820012311907843	0.0338158914268234	0.07494555373069821	0.01040050543524677	0.01035781578983883	0.047301670910233	0.010307551571518	0.0103967581120825	0.01031808104629517	0.01085615262741548	0.01072298509144472	0.0107123976258299	0.06875111019349452	0.04596537031071386	0.01555756524831991	0.01764792477707608	0.01039054574650687	0.07590881856631748	0.01246077552860176	0.01241577530760797	0.01587760736946621	0.02452649012815073	0.1832993154184885	0.01070282010519474	0.01124683856689306	0.01961120116634531	0.0426213536268084	0.1163049346938472	0.05754258199314741	0.01055371072678703	0.0104342214416844	0.01032313749590919	0.01026177471605469	0.01038395080557884	0.01087358890690203	0.01047302075110286	0.04020068664415688	0.09269315372441955	0.04928626101382223	0.01173330976481112	0.01058750317586925	0.01013369154562619	0.01006428336180622	0.06094413134251738	0.03787121286194169	0.01030249906129573	0.06849739906738184	0.1024261405239376	0.1462299382348369	0.02145364055614898	0.06255016513313945	0.09404663219082401	0.01131664664153583	0.02163067183052238	0.01161247948620433	0.01073397251377174	0.2449918779844656	0.02207207470967989	0.08876622250058661	0.07427291943525777	0.01029315562961469	0.01067976403638884	0.0100309087543888	0.08802407907991747	0.2085233242163894	0.01043544788321424	0.01058560808539396	0.01021793945565996	0.01042070013089888	0.004708233283017375	0.0033510267298005	-0.0007994209698039235	-0.0006914139361917777	-0.003848520909745938	-0.003986940991474173	0.002035955625727962	0.005476283871614501	-0.01176776847053958	0.006460042285255109	-0.003243290420005608	0.004944789904080251	-0.03844052379213567	0.002474008688738569	1.205869174919731e-16	-1.816987991432378e-16
0.5808928571428571	0.02449003194822395	-0.002275289370048977	0.1121528051185759	0.1608302843978236	0.9819386016076229	-0.1535799975662033	0.07502954097497355	0.1008343967930667	0.03718848334367163	0.4237659535741173	-0.08685423648278484	-0.04573069368506714	-0.1634553216625662	0.03951716701292007	-0.06923867730566141	0.2752505427510476	0.2752505427510476	1.235795463528174	1.235795463528174	0.02547894211041428	-0.07200326639306054	-0.3413016633374495	0.02537853877435036	-0.1532236721392522	-0.1064415979362816	1.29007244649273	-2.604067339377992	0.1395106009648926	-0.01385914795620094	0.5962573375296322	0.7218464801395734	-0.3913889569158164	1.68531286659562	0.9434263114091798	0.8852576950523947	0.2411264465419966	0.01033572713801559	-0.1516764032111597	1.220438403038197	0.3155182793982791	-0.1026093790175963	-2.563238976149111	-0.248866268914633	0.2205968466308098	1.87717150366125	1.603743580925288	-0.4283047310484849	-0.276408230847648	-0.7569030665529777	0.5376265382941807	-1.192745884291865	-1.192745884291865	-1.929993603673193	-1.929993603673193	0.5968193120897982	-0.1939063297235205	0.789301455610026	-0.8820455168055384	-0.2081997977227927	-1.053498141902518	-1.417384795174225	-1.255426018090764	0.1531905304411513	2.030586920859768	0.6926075909351226	-0.4139714661405235	0.03956474629078918	-1.733801582534555	-0.01468476977766294	0.01863252554590461	0.2631254984883382	0.4322894763739383	0.1045311619079626	0.06437031995179038	0.1745746469926521	0.1533207726591446	0.02844534530456787	0.01341044189287999	0.0125706218174588	0.01337209386324523	0.01564250376571229	0.01850160447322175	0.03428626464885994	0.07573960578888121	0.01044830196336382	0.01042952148242678	0.05615385524438549	0.0102954889622885	0.0103793131130909	0.01033380174076418	0.010828983416062	0.01069190325686458	0.01068734092117178	0.07263846858932958	0.04566714755629989	0.01588003809402987	0.01796621484025939	0.01040945693292401	0.07538749748770207	0.01248876719519974	0.01244163517948253	0.0256419326673531	0.03030661237930905	0.1816117918548106	0.01068041066420728	0.01148676455279685	0.01986210284097603	0.04122830127812367	0.1123400981465753	0.05568591998352542	0.01084586050838531	0.01072597142431543	0.01045885026414996	0.01038058409538243	0.01060495227536902	0.01113422400860028	0.01061234656549711	0.04422088718405811	0.08545336524792536	0.0458494213798101	0.01200162925369202	0.01075998806870384	0.01022637453139806	0.01011887864892674	0.05826323552734974	0.03507106585076979	0.01036770037211602	0.05466536704403735	0.09272211772055114	0.1403840081620068	0.01924037784780852	0.05706646145289544	0.08952090829870396	0.01169825419271271	0.02122297910060915	0.01185586496088866	0.01091478494544561	0.2422343283249346	0.02493216653139746	0.08301068549008209	0.07880024289749669	0.01051145019705295	0.01091931690468323	0.01004138089887045	0.08255586629916675	0.1930237484148271	0.01059017908583787	0.01061008589106125	0.01023322770023205	0.01044399702230339	3.021351918440617	2.05796020841288	2.157108391257482	0.05040104415109115	0.1646225655605264	0.0005476549826477679	0.01205638639545756	-0.02217142678494423	-0.003146598661453393	0.02612215393484293	-6.48817203020845e-05	-0.004460519016990541	-0.003755150557825333	0.001162581438860905	0.0282535482581787	0.000336796619584584	-0.0004877813868544023	-0.02620607397081047	0.02359135581835372	-0.02672042708855656	-0.1542078314526071	-0.03108994055556738	0.2794680678078552	0.4645558899887954	0.1146244895647373	0.07034602745923048	0.1901905987909554	0.1621072240134994	0.03619411476950484	0.01338700406474659	0.01247426559083474	0.01326682593184266	0.01550135672113882	0.01829651645874611	0.03503963007571267	0.07829031871323792	0.01039817644049319	0.01036804731121277	0.06488519415985274	0.01027872275429178	0.0103537651319968	0.01029850502324712	0.01078402616614903	0.01065282564481095	0.01064445293811708	0.07700816635203153	0.04360511397912563	0.01573694175910185	0.01778085520148472	0.01036120939192743	0.07427690016311488	0.01169451317804842	0.01232492320141878	0.03397227395124613	0.03502107592134054	0.1850134038459462	0.0106460304569151	0.01138736483209003	0.01961993456433194	0.03927154235868157	0.1076308288318893	0.0530549568005047	0.01058125351340499	0.0104529946387801	0.01037004672227182	0.01029693549493033	0.01043247638458475	0.01096624852512411	0.01057051979403288	0.04779273770778136	0.07870729455014587	0.04255492931327995	0.01215384510968318	0.01084002785883147	0.01023945933459333	0.01011656749171503	0.05630927270837277	0.03271018488016252	0.01034022791189019	0.04044957957802863	0.08358638971219025	0.1342625002192039	0.01706475197741956	0.05152193854390572	0.08537905209974145	0.01154207116904944	0.02045411129081582	0.01198758851998824	0.01100041353831177	0.2480509607575813	0.02701748462918678	0.07893707764008887	0.08404895560526729	0.01033422064344186	0.01079373136158063	0.01004630309285768	0.07739889903183159	0.1781465859316327	0.01065622835925163	0.01058053943498875	0.010216076227958	0.01041708771573273	0.005152139853120323	0.003553761376261982	-0.0006420302779405812	-0.000666657845858727	-0.003866327848276021	-0.004594040993805172	0.002360957726968909	0.004608014543722227	-0.01156126171258538	0.006541230133017805	-0.003292152145530897	0.00492988569751647	-0.03294145879103709	0.004623920496860121	9.804465659329278e-17	-8.353580756761321e-17
0.6010714285714286	0.0287283075032257	-0.002329139543055678	0.1082074338621141	0.1853536177140855	0.9877602939881532	-0.155610792755212	0.02526462824230793	0.09483824573724936	0.04236395545501081	0.4566333938418241	-0.05691396123930051	-0.05061478271653214	-0.1687277515154801	0.02486488472758464	-0.05775908932300923	0.2488144072890573	0.2488144072890573	1.184540586200972	1.184540586200972	0.03735541673881222	-0.07640399199905529	-0.3259357799470743	0.006627308607580145	-0.1571235349774821	-0.1279497264602093	1.261487540225352	-2.624590557987718	0.1451794161176116	0.02280934549404316	0.612379568309405	0.7158266716218157	-0.3893816339638579	1.651259469148426	0.9432674158116476	0.8857434529491872	0.1611208031134403	-0.01154225645206013	-0.2346967719436183	1.210724119675015	0.2583527845871141	-0.09964759987588254	-2.345411730958512	-0.3573816688402449	0.2568512017670373	1.401876566535436	1.377308248094106	-0.04182656972920034	-0.2233781031791773	-0.7010089564442272	0.5884028107107263	-1.404665724284402	-1.404665724284402	-3.134827943857391	-3.134827943857391	0.5747013739210419	-0.2387886227274969	0.7371481732312616	-0.9779176712830635	-0.1808542563534923	-1.076566034360099	-1.43619215463113	-0.7979423240807473	0.5906625381253081	1.484848880809572	0.9174106745383123	-0.1969146754097603	0.1516170480709955	-1.707823585229407	0.001343584867359644	0.02881548195873316	0.2849406435507245	0.4687957620940892	0.1223452860962092	0.07632448144481099	0.1984444077275319	0.1666347354872051	0.04517584347161796	0.01352099902181253	0.01278219445549762	0.01359669366283812	0.01585074376071935	0.01862019203479918	0.03551342205727383	0.07929777384289544	0.01046110324488532	0.01045984179344669	0.07336733416127339	0.01026763651941545	0.01033793620974893	0.01032252944785207	0.01076008600599872	0.01062346453914569	0.01062264807193132	0.08077571092242622	0.04304816477670355	0.01609183744690357	0.01812374085672502	0.01039087848801838	0.07366878004482751	0.01177309307788948	0.01236899711110484	0.04358078405623182	0.04073260558926909	0.1846293947262787	0.01062589023201167	0.01166829250342952	0.01988690699473979	0.0378124611484562	0.103863452473939	0.05109566182869818	0.01093396192518976	0.01080643006594309	0.0105375546418114	0.01044501664781735	0.01070269521743048	0.01127699914864219	0.01073577340016292	0.05171365110759837	0.07189605708636057	0.03913374786739773	0.0124363292897972	0.01102534081673435	0.01034427336573371	0.01018013209598338	0.05377702719302099	0.02992290273237411	0.01041971662566281	0.02627369450238175	0.07451060312465668	0.1291274596915103	0.01482809603768208	0.04606338491529199	0.08118494905874424	0.01197962230939799	0.02004967949217112	0.01224488692151774	0.01119424456441525	0.2474778504896059	0.02988112588155807	0.07376150140959475	0.08842119233628536	0.01060229299395524	0.01107877357133894	0.01005760554942088	0.07223217349047192	0.1658440818980275	0.01082354333734713	0.01061352163530734	0.01023669327259422	0.01044840667939143	3.021351918440617	2.241618800527855	2.299898960226917	0.05643559447027263	0.1828112468991811	-0.03667585732151146	0.01798333054886224	-0.01661874212858842	-0.001677423466189883	0.03002338478322438	5.727207631895256e-05	0.003333667849147265	-0.009320760709712935	-0.0001270319765638297	0.02665944091735339	0.000275171583814671	-0.002660889574641182	-0.0284870215485972	0.01178692727774472	-0.02801500784164486	-0.1688483978937722	-0.006246767672504768	0.3014118531978335	0.500429501076821	0.1329637932880651	0.08259903068572109	0.2146950757747305	0.1753677672047778	0.05307464956528506	0.01348125877898999	0.01264646045552556	0.01345267182216059	0.01567654783064844	0.01839290979841378	0.03626336872460193	0.08163508369577765	0.01039584744573961	0.01037827883258671	0.08246871740947248	0.01024989393706555	0.0103107721519111	0.01027892900019908	0.01071189970488258	0.01058266619817718	0.01057650825040426	0.08526522251056853	0.04124485764753739	0.01591631826988379	0.01791378562589337	0.01033187303734799	0.0726449817599123	0.01092825082749507	0.01223407109522959	0.05206694053302607	0.04551566171453034	0.1867274922734039	0.01058924080863546	0.011527891097287	0.01962866796231857	0.03592173109055474	0.0989567229699314	0.04856733160786201	0.01060879630002296	0.0104717678358758	0.01041695594863444	0.01033209627380597	0.01048100196359066	0.01105890814334618	0.01066801883696291	0.05538478877140585	0.06472143537587219	0.03582359761273766	0.01257438045455524	0.01109255254179368	0.01034522712356047	0.01016885162162385	0.05167441407422817	0.02754915689838334	0.01037795676248466	0.01240176008867541	0.06474663890044288	0.1222950622035708	0.01267586339869014	0.040493711954672	0.07671147200865888	0.01176749569656304	0.01927755075110925	0.01236269755377214	0.0112668545628518	0.2511100435306969	0.03196289454869367	0.06910793277959112	0.09382499177527683	0.01037528565726904	0.01090769868677243	0.01006169743132657	0.06677371898374572	0.147769847646876	0.01087700883528901	0.01057547078458353	0.01021421300025604	0.01041347530056658	0.005596046423223269	0.003756496022723465	-0.0004846395860772389	-0.0006419017555256764	-0.003884134786806104	-0.005201140996136168	0.002685959828209857	0.003739745215829954	-0.01135475495463119	0.006622417980780503	-0.003341013871056185	0.00491498149095269	-0.03248608586847084	0.003954644501136085	6.1247341796525e-17	4.576678324247223e-17
0.62125	0.030808339668632	-0.002891181144578971	0.1028202738697309	0.2097078883333123	0.9923278244973083	-0.1576385181392231	-0.01938911465378822	0.08641853281863282	0.0464825582561323	0.4805389185371945	-0.03115544767980923	-0.04731391327824876	-0.1721419105762453	0.01143929212711496	-0.04574620663088173	0.2182732318657321	0.2182732318657321	1.110014394421745	1.110014394421745	0.04862907550848498	-0.08162998911756468	-0.3114219857143675	-0.01388297409184695	-0.1604463108123444	-0.1497816819183972	1.234704965537403	-2.636180073554207	0.1536417713561402	0.04726312750264385	0.6334428863807068	0.7131820060039433	-0.3881599215622576	1.61966703605126	0.943499005866697	0.8864517906147036	0.0501479902157107	-0.04827754332503142	-0.3099958987434008	1.203757221725365	0.19414244833888	-0.1004656629111627	-2.078708713225685	-0.4677258013074775	0.159613191099221	0.9559289912161706	1.163329508280353	0.3494598929474838	-0.1192767598694221	-0.6252725494746325	0.6123776069004037	-1.592696732512069	-1.592696732512069	-4.240191737139566	-4.240191737139566	0.5433842216803501	-0.2796909664915078	0.7038790677448534	-1.047926258222061	-0.1461649726005566	-1.083225610379205	-1.234583224837298	-0.3578169068352476	0.3346040432257928	0.9632355389484856	1.171090046659873	-0.0754320634234719	-0.00543330634393254	-1.440343831908273	0.02031514801960118	0.03992604574323411	0.3022792059504374	0.4974321958403463	0.1382744007705148	0.0872529412795667	0.2192646109000479	0.1774027926484556	0.05806209569806758	0.01352592630192442	0.01264490956886291	0.01345027409496567	0.01568160647573236	0.01842779140486529	0.03709645066753438	0.08290966196386013	0.01037659539163867	0.01035936647319132	0.08482627291901135	0.01024143250307171	0.01029748341927525	0.01026599940962704	0.01069328237046354	0.01056416914824798	0.01055592996085834	0.08743222074738251	0.04355583947519261	0.0159270503807936	0.01794978185833419	0.01031709881372302	0.07384489129236095	0.01092408151499493	0.01218867488839317	0.06100419428099099	0.04943880271413293	0.1866444759598057	0.01057706544839607	0.01153338922551762	0.01966386612018439	0.03498408131964084	0.09514963631410983	0.04702154421992513	0.01062372613138621	0.01048859871856952	0.01043905412748011	0.01035108729780562	0.01051009083984294	0.01109054409530763	0.01081235825298352	0.05902439425188657	0.06345258384413055	0.03509779742016884	0.01271234791726512	0.01120096227597447	0.01047495950056307	0.01023642060850648	0.05268257564270522	0.0309006136612165	0.01040074122480363	0.01302981780277398	0.05767379914513632	0.1173433018444057	0.01255865674915229	0.03639190537603676	0.07185174945345499	0.01197650419335882	0.01844152550888382	0.01249313326594911	0.01137515050873524	0.2439707255892739	0.0339011564348128	0.05880910812679061	0.09633972671584858	0.010442478691089	0.01104564594519663	0.01007176244409237	0.06146837783177178	0.1478686271230668	0.01097399610162469	0.01056484836278227	0.01020863214364266	0.01040423914502448	3.021351918440617	2.381763285176062	2.361372797732114	0.0587123384790236	0.2030585913654231	-0.05465751217716978	0.0206753350345324	-0.01397581397598742	-0.0008833371437382741	0.03134069809430372	0.000107030614380121	0.01560747535999008	-0.009066370903391055	0.0001582503521152862	0.02916628796912969	0.0002874064764877066	-0.001856826893917374	-0.02810980292816311	0.005763231586909846	-0.02715163457257453	-0.1860142419817495	0.004435567842996406	0.3130036923714292	0.5176519963028386	0.1474662109886163	0.09331986381450298	0.2322579455132662	0.1832267340885182	0.06408203804276275	0.01355821368749986	0.01262809935670824	0.01343158841808674	0.01566485085974952	0.01842843217619511	0.03794627535708479	0.08471475267257726	0.01035365218707996	0.01033490918576184	0.08925543954654341	0.01023256070147549	0.01028362175428824	0.0102506301712773	0.01067269522371923	0.01054451340702905	0.01053398029766128	0.09066286063769878	0.04530458821460184	0.01591477331471144	0.01795369222439169	0.01029851991129698	0.07475725170175528	0.01082577198397511	0.01213598304178772	0.07079823135709119	0.0537978206350445	0.1874322077809393	0.01056304645852973	0.01152214007393081	0.01966035590229035	0.03386007960807311	0.08996445665549369	0.04516103801471775	0.01059992009493694	0.01046537554040769	0.01044387284714757	0.01035422291142441	0.01050944134803073	0.01109217881381238	0.0109232056745434	0.06308720162047785	0.06067274636582583	0.03392303882145031	0.01284176596178537	0.01129740712982635	0.01058132893544548	0.01029049727589854	0.05319804287710002	0.03344359125203938	0.0104148109841914	0.01165794819545012	0.04895078956218799	0.1099592071821611	0.01220853209013673	0.03182045531616526	0.06614766654282099	0.0121244464590368	0.01764282904610057	0.01261393210861826	0.01147216767728655	0.2367420148444187	0.03589670684214912	0.04820802966043389	0.10026018652352	0.01047248922845456	0.01113979466526165	0.01008044504446546	0.05531117268729523	0.141114209046964	0.01105946867015399	0.01055194842859709	0.01020160086767655	0.01039283346076359	0.006084524611602635	0.004855978261148248	-0.000540943882859523	-0.0006770344245912525	-0.003916090740581682	-0.00602245409347901	0.003070008850669098	0.003024247401059006	-0.01082205227843791	0.007644685954748773	-0.003362935929237665	0.00517531064911851	-0.0303878140985469	0.005986134173859047	3.996226018328791e-17	1.783793829899654e-16
0.6414285714285715	0.03095821332037526	-0.004443473055012469	0.09526328513677629	0.2339583058204674	0.995586621231151	-0.1596303978634166	-0.05855600545449215	0.07634204038513064	0.04913838960341738	0.4947441536436847	-0.01046647943941068	-0.03729985567440432	-0.1737133557687539	-0.0001918906774883161	-0.03263674267373229	0.1857374345566917	0.1857374345566917	1.013888606800229	1.013888606800229	0.05931295642899152	-0.08771188666619201	-0.2974286665616628	-0.03538014317084433	-0.1629287940579154	-0.1715008152804547	1.211008723874811	-2.639316104138152	0.1621747739410648	0.0626653443645831	0.6596740662984696	0.7123699752879454	-0.3885881981422966	1.592449997557736	0.944035001499465	0.8872956150725888	-0.0301869433735166	-0.1096909596360804	-0.4497594435754798	1.200430711894461	0.1286375785384623	-0.09609475571697203	-1.801582142742646	-0.5215934437669629	0.1118685443956406	0.4404319347172242	0.8748400394760659	0.6235513723441074	-0.04073743659091087	-0.5231559501282647	0.6970905113146719	-1.602362760744674	-1.602362760744674	-5.275672841500111	-5.275672841500111	0.5162455163045668	-0.3236212317303369	0.6855612626469708	-1.07573295846171	-0.09756861918480492	-1.065383667310008	-1.130290120259434	0.0399252140121259	0.5976647529893382	0.5877026007864929	1.429623530116747	-0.01527298602042996	-0.0119216828525251	-1.274156155487943	0.03151475717221276	0.04224426137935881	0.3149260896411776	0.5175959154683705	0.1527081772046968	0.097864582248608	0.2370642886103807	0.1855779927374983	0.06895631043553568	0.01360412415062283	0.01262871233410304	0.01343134208465651	0.01567216837255038	0.01846580566271204	0.03877525641435134	0.08600818666318047	0.010335292024515	0.01031720108519118	0.09177389105305597	0.01022428876662006	0.01027061551787556	0.01023830152340701	0.01065464881934377	0.01052645708857194	0.01051390601017539	0.09286734367297445	0.0475428304094381	0.01592779990406905	0.01799215870480014	0.01028460249576005	0.07585666472486167	0.01083600046775233	0.01209210914609393	0.07934615195333475	0.05764694833706595	0.1875375370880295	0.01055134409384116	0.01153017167803323	0.01969793993056486	0.03290686928338447	0.08609887456332246	0.04358211398859482	0.01062103308948286	0.01048864707753881	0.01046861404730693	0.01037567325256474	0.01054313955111892	0.01112823694699535	0.0110712182557224	0.06665278486808103	0.05915423439850134	0.03316019827907587	0.01297948163440489	0.01140636779129739	0.01071325970542972	0.01035946139401738	0.05412762614357925	0.03676119240895596	0.01043878017134589	0.01227407895961458	0.04153143063249056	0.1049210301143726	0.012118040850543	0.02760173200200927	0.0612487130093626	0.01234031878790547	0.01680332829455196	0.0127443467336844	0.01158090956432708	0.2315330244225014	0.03781671407191128	0.0378118141843707	0.1028227046039785	0.01054507793618299	0.0112831252937117	0.01009060925659253	0.04990066061104827	0.1396243401541727	0.0111570824284564	0.01054185238264574	0.01019635114447449	0.01038409478866632	3.021351918440617	2.511551827947385	2.411892252625017	0.06098908248777456	0.2233059358316651	-0.07263916703282811	0.02336733952020256	-0.01133288582338643	-8.925082128666558e-05	0.03265801140538306	0.0001567891524412895	0.02788128287083289	-0.008811981097069176	0.0004435326807944021	0.03167313502090598	0.0002996413691607422	-0.001052764213193565	-0.02773258430772903	-0.0002604641039250249	-0.02628826130350419	-0.2031800860697269	0.01511790335849758	0.3245955315450249	0.5348744915288564	0.1619686286891674	0.1040406969432849	0.2498208152518019	0.1910857009722586	0.07508942652024045	0.01363516859600973	0.01260973825789092	0.01341050501401289	0.01565315388885058	0.01846395455397644	0.03962918198956764	0.08779442164937688	0.01031145692842031	0.01029153953893697	0.09604216168361433	0.01021522746588542	0.01025647135666539	0.01022233134235552	0.01063349074255587	0.01050636061588092	0.0104914523449183	0.09606049876482901	0.04936431878166629	0.01591322835953909	0.01799359882289002	0.01026516678524599	0.07686952164359824	0.01072329314045515	0.01203789498834586	0.08952952218115631	0.06207997955555867	0.1881369232884747	0.01053685210842399	0.01151638905057462	0.01969204384226212	0.03179842812559147	0.08097219034105596	0.0417547444215735	0.01059104388985091	0.01045898324493958	0.0104707897456607	0.01037634954904284	0.01053788073247078	0.01112544948427858	0.01117839251212389	0.07078961446954984	0.05662405735577947	0.03202248003016296	0.01310915146901551	0.01150226171785901	0.01081743074733048	0.01041214293017323	0.05472167167997186	0.03933802560569541	0.01045166520589814	0.01091413630222483	0.0331549402239331	0.09762335216075144	0.01174120078158331	0.02314719867765852	0.05558386107698308	0.01248139722151055	0.01600810734109189	0.01286516666346439	0.0116774807917213	0.2223739861581405	0.03983051913560456	0.02730812654127665	0.1066953812717633	0.01056969279964009	0.01137189064375088	0.01009919265760435	0.04384862639084474	0.134458570447052	0.01124192850501896	0.01052842607261066	0.01018898873509705	0.0103721916209606	0.006573002799982	0.00595546049957303	-0.0005972481796418071	-0.0007121670936568287	-0.003948046694357259	-0.006843767190821851	0.003454057873128338	0.002308749586288059	-0.01028934960224464	0.008666953928717044	-0.003384857987419145	0.00543563980728433	-0.03109456548191136	0.004201026033390487	2.310924519391652e-17	3.119376995767188e-16
0.6616071428571428	0.02987899111335163	-0.007461463878227307	0.0848382715163197	0.2581809657565515	0.9975486903759868	-0.1615355634896595	-0.09237703034233588	0.06565333473308975	0.05111172534892183	0.497944935459685	0.00405659668819796	-0.02233439488064501	-0.1739992723191925	-0.009455736383465835	-0.0177608767410446	0.153891448837657	0.153891448837657	0.8974048245214098	0.8974048245214098	0.06961437329179805	-0.09464108171142979	-0.2838059169895485	-0.05697026047788981	-0.164301829013817	-0.1927004275326345	1.190380893358816	-2.633000764863569	0.1717515404136047	0.07179326747163321	0.6906536428353086	0.7120367291115074	-0.3898118225769484	1.570855693044324	0.9447475160232582	0.8881388057177095	-0.09174699900245388	-0.1890395288222551	-0.5783475842029477	1.201160933632963	0.06437035440809744	-0.09318204067465539	-1.531892926338635	-0.5334022933357969	0.08496285055134625	-0.09643381486666167	0.5662736296357523	0.8458924867701287	0.03181862013088821	-0.3957955266596621	0.7723386221077796	-1.532742554581964	-1.532742554581964	-6.241398256340106	-6.241398256340106	0.5047556630112304	-0.3590622481843413	0.6605123410911605	-1.060756927515444	-0.03803124363780366	-1.036269197468528	-0.9097713191070504	0.5362744750128505	0.4127680962914806	0.3415351254161934	1.620735045145282	-0.03016548554471498	-0.09489920252227019	-0.8896907232677767	0.03880090700895684	0.04067422879995231	0.3207713404997387	0.5282075482669381	0.1628708969237062	0.1036859555678392	0.2493770759750978	0.191846442102689	0.07708061846504323	0.01372202799277586	0.01261050770373599	0.01341133624568879	0.0156525724782196	0.01845738986982723	0.04059964584219332	0.0889106242136303	0.0103083070418736	0.01028644174502868	0.1001750158745352	0.010209509052767	0.0102515426606393	0.01021938839884556	0.01062147661874289	0.01050300918264927	0.01048804132451373	0.09778683181889555	0.04921105547986888	0.01591739153683149	0.01799937875775783	0.01026371495716676	0.07905941829960311	0.01074303952416005	0.01208401623130982	0.08574077012230022	0.06155301550522646	0.1880777350289722	0.01053646937342703	0.01151801368536464	0.01966189083313409	0.0301069537301823	0.07569112788552985	0.03913996781360631	0.01060852878552472	0.01048114987754412	0.01048220050631154	0.01038462882172684	0.01055405616681779	0.01120271245541814	0.01209853420470816	0.07374772895391335	0.05793306967467656	0.03261100776883376	0.01308837559553025	0.01148710965103105	0.01086225999275825	0.01046759951466562	0.04841090940056135	0.03262539718680804	0.01045934288018425	0.01097454924873544	0.0292420512253173	0.09003585627648066	0.01172972140364781	0.02186045480590573	0.0512787015277674	0.01354331500203455	0.01750448867825994	0.01284253789695969	0.01165927731830109	0.2114611200694464	0.0447830025293928	0.02397578633758229	0.1077904137303413	0.01124213502669133	0.01229314501480006	0.0100985759267642	0.04030894035756035	0.1378810863578681	0.0112296750980067	0.01051072487581418	0.01018113178178202	0.01035761282623295	3.021351918440617	2.626922462621698	2.512644123996037	0.06943373736064909	0.2354180719866795	-0.07695947853671475	0.02325919585667027	-0.008930408611355285	-3.822999067572727e-05	0.03061714875379962	8.050102208891655e-05	0.03849551195923119	-0.00943301584102358	0.0001825156096933429	0.03391442727527001	0.0002446890083217259	0.001584157232513339	-0.02698801548069645	-0.004134504057866203	-0.03181091920440603	-0.2139432800349555	0.01624589652506273	0.3213939752492745	0.5316676854266809	0.1673525244172879	0.1050282829916357	0.2553016345492243	0.1950918981110285	0.08036843248157267	0.01379740882430802	0.01260897547424018	0.01340961159275461	0.01564980758200318	0.01845166373365582	0.04159917565348191	0.0904638043344495	0.01030311198469597	0.01027945248459445	0.1054774843400698	0.01020383559405968	0.01024595712937294	0.01021522952423872	0.01060929612125761	0.01049805056685886	0.01048277498376842	0.1003712575688489	0.04940244020469906	0.01591909637405078	0.01800438945141793	0.01026039509854262	0.08141267242635498	0.01074674976291548	0.01211582780683856	0.08448933095085934	0.06195364210619069	0.188263240777178	0.01053455918497966	0.01151780387002764	0.01963582155281417	0.02847838515022382	0.0693428699341871	0.03651700984002718	0.01061954861319521	0.01049604319226505	0.01049178713278744	0.01039148337228653	0.01056672970327291	0.01126581569751326	0.01286726776062344	0.07747801242784284	0.05863006866566595	0.03294749693440135	0.01308613123137269	0.01148538836772606	0.0109105332163984	0.01051881093182045	0.04281541530518001	0.02719206625171008	0.01046704864777336	0.01087019856405996	0.02448700289336136	0.08046988018319258	0.01167766729792579	0.02014482794712576	0.04621525709231052	0.01443615348519474	0.01865564100618053	0.01283770577996976	0.01165515067373081	0.1936820487477468	0.04953552895770903	0.01948784124563423	0.1100133859675054	0.0117966865737424	0.01306117812903502	0.0100990093430598	0.03607437325859007	0.1398077125974536	0.01122906541186384	0.01049474453055719	0.01017389479713966	0.01034436683444872	0.006664234121677415	0.00597832276328602	-0.0004782211374633516	-0.0006955314291871021	-0.003540901330374935	-0.00703079555519867	0.003841517294510305	0.002394827527244345	-0.009640370738116365	0.008673087640178786	-0.003282473270832426	0.004979581589444401	-0.0292239709690246	0.002704610021579084	1.475860186837942e-17	3.370874720696664e-16
0.6817857142857143	0.02665154987141194	-0.01205651403097696	0.07213142134935427	0.2824644665922464	0.9981253969629068	-0.1634089669971915	-0.1196242571468496	0.05499365676488098	0.0526174572432966	0.4919320144022482	0.01245363203532457	-0.003721339176251099	-0.1716455189188537	-0.01619594049271311	-0.001668864842012962	0.124740374111519	0.124740374111519	0.7631426512646573	0.7631426512646573	0.07968247582882043	-0.1020369876549513	-0.2709395892195091	-0.07805142034432795	-0.1644439096021758	-0.2133399352124206	1.174473223900395	-2.619681182473528	0.1813040319257874	0.07743841344814456	0.7242677526889804	0.7106518002960495	-0.3918345468081066	1.555595162386863	0.9455885764558936	0.8889107015080545	-0.2431077680731615	-0.2660012648643104	-0.675923773848921	1.206460960351452	-0.008672692688590861	-0.09294665191553242	-1.150019854837373	-0.5187163635995321	0.06552196800048515	-0.4727846332694579	0.2676572364548385	0.9850829033096605	0.2208935673799495	-0.273025101602789	0.8176288725806209	-1.335256538439874	-1.335256538439874	-7.037778849932431	-7.037778849932431	0.4931205565808265	-0.3698793030646477	0.6105884822643326	-1.025287619215673	0.02443747742119995	-1.009868877833818	-0.6624511481812205	0.7341510803230095	0.5952587392194317	0.2425069913879597	1.69074541638691	-0.1195105573215337	-0.09112449454165027	-0.6463838794999458	0.0442555906149615	0.03517786869362086	0.3195462035733255	0.5289379577004024	0.1687890628868862	0.1050256962324789	0.2560282346631208	0.1961622342653679	0.08244821526385923	0.0138850041232991	0.01261006626812457	0.01341077560440923	0.01564946341308886	0.01844505575886517	0.04256347220343451	0.09158688940248588	0.01030035950228886	0.0102747530555209	0.1094573829865136	0.01019818974135417	0.01024121150692683	0.01021253987335804	0.0105974689519106	0.01049501818237199	0.0104797264751831	0.1021192838002277	0.04928623324870501	0.01592349209205339	0.01801021113025289	0.0102592880035265	0.08351414287100113	0.01076890541628225	0.01216358976594249	0.08134651868834634	0.06156213707357821	0.1882646854113177	0.01053444136433775	0.01151969746471423	0.01960547162002184	0.02677843497916704	0.06400446098800967	0.03388828774294882	0.01063789326363346	0.01051915116333829	0.01050335432397691	0.01039989392836599	0.01058328234314731	0.01134440092073555	0.0137982734977711	0.08040395460923147	0.05982317153579728	0.03352616156569326	0.01306298213273689	0.01146828611290828	0.01095418089757857	0.01057422187195531	0.0365826342446768	0.0204604634788827	0.01047461613656882	0.0109540116747287	0.02039792934051135	0.07278790351186898	0.01167234276147441	0.0188391642358505	0.04178318082476956	0.01550866622198388	0.02017298522468717	0.01281277948386061	0.01163495788260762	0.1837789351867609	0.0543683586959318	0.01596543206717832	0.111223572801684	0.01247894589911604	0.01399349720099468	0.01009821618468205	0.03240594655324243	0.1424383717165715	0.01121507768531283	0.01047698817420509	0.01016604025604258	0.01032975854092096	3.021351918440617	2.730247766691117	2.673994962885967	0.07787839223352364	0.2475302081416938	-0.0812797900406014	0.02315105219313798	-0.00652793139932414	1.279083993521103e-05	0.02857628610221618	4.212891736543593e-06	0.0491097410476295	-0.01005405058497798	-7.850146140771622e-05	0.03615571952963405	0.0001897366474827097	0.004221078678220244	-0.02624344665366387	-0.008008544011807379	-0.03733357710530787	-0.2247064740001841	0.01737388969162787	0.318192418953524	0.5284608793245053	0.1727364201454084	0.1060158690399866	0.2607824538466468	0.1990980952497984	0.08564743844290489	0.0139596490526063	0.01260821269058945	0.01340871817149634	0.01564646127515578	0.01843937291333519	0.04356916931739618	0.09313318701952214	0.01029476704097162	0.01026736543025192	0.1149128069965252	0.01019244372223394	0.0102354429020805	0.01020812770612192	0.01058510149995934	0.01048974051783679	0.01047409762261855	0.1046820163728689	0.04944056162773183	0.01592496438856247	0.01801518007994585	0.01025562341183925	0.08595582320911174	0.01077020638537582	0.01219376062533126	0.07944913972056236	0.06182730465682271	0.1883895582658814	0.01053226626153532	0.01151921868948065	0.01957959926336622	0.02515834217485616	0.05771354952731825	0.03127927525848086	0.01064805333653952	0.01053310313959051	0.01051278451991419	0.01040661719553023	0.01059557867407503	0.01140618191074795	0.014556143009123	0.08416641038613586	0.06063607997555243	0.03387251383863975	0.01306311099372988	0.01146851501759311	0.01100363568546632	0.01062547893346768	0.03090915893038816	0.01504610689772475	0.01048243208964857	0.01082626082589509	0.01581906556278962	0.06331640820563372	0.01161413381426827	0.01714245721659301	0.03684665310763795	0.01639090974887894	0.02130317467126917	0.01281024489647513	0.01163282055574032	0.164990111337353	0.05924053877981349	0.01166755594999181	0.1133313906632476	0.01302368034784471	0.01475046561431916	0.01009882602851525	0.0283001201263354	0.145156854747855	0.01121620231870873	0.01046106298850372	0.01015880085918227	0.01031654204793683	0.006755465443372829	0.006001185026999009	-0.000359194095284896	-0.0006788957647173756	-0.00313375596639261	-0.007217823919575489	0.004228976715892273	0.00248090546820063	-0.008991391873988092	0.008679221351640528	-0.003180088554245707	0.004523523371604472	-0.02788730087129165	-0.004162836454776451	9.987904506561972e-18	3.16591541786275e-16
0.7019642857142857	0.02002914467935044	-0.01814097783005692	0.05805609091161151	0.3069284980402522	0.9972162096006308	-0.165332003801515	-0.1391291383279442	0.04491973475106076	0.05372497231818527	0.479526267722753	0.01508275721758469	0.01677932948548248	-0.1649066024307477	-0.02041865673414799	0.01478168874030463	0.09956273415271455	0.09956273415271455	0.6150270503447299	0.6150270503447299	0.08951572671885993	-0.109349850685841	-0.2593890908823299	-0.09825623620392238	-0.1633591001079249	-0.2334376620331695	1.164348592654177	-2.601934655084283	0.1917747739108128	0.08264762869388517	0.7580283830423287	0.7069152091632639	-0.3944136635900336	1.546278906101618	0.946538041646147	0.8895568168801677	-0.3978868463847722	-0.3310439957891756	-0.7148665622263214	1.219369713874913	-0.07895915975444417	-0.09817589881531752	-0.7992745082457976	-0.4793302263905911	0.05939354515809227	-0.7414393720709439	0.002451843958462223	1.02729572764036	0.430854165866447	-0.1499052925629141	0.8098887197631678	-1.144394889420028	-1.144394889420028	-7.541753106085507	-7.541753106085507	0.4847752690261696	-0.3493640885817481	0.5273149262771182	-0.972338238810688	0.08092382402906467	-0.9797432734692328	-0.3649911866534954	0.9838854411423376	0.480881219405133	0.3092173859626446	1.634692830862807	-0.2532791319764552	-0.1404472511146772	-0.3003889769008412	0.04909457984366113	0.02874193923826107	0.3173994314852808	0.5289926897297523	0.1708710082135963	0.1016723242029394	0.2599068075278114	0.2012452063610538	0.08090977375845643	0.01412184514859893	0.01260489386496316	0.0134048675053382	0.01564144914101456	0.01843213560222286	0.04532414619357247	0.09447544954737049	0.01029841175659747	0.01026645871007187	0.1142874563286931	0.01018970122935818	0.01023619528913217	0.01021162543013565	0.01058114111856164	0.01049806069818778	0.01048424007965198	0.1071935616369343	0.05134932016953867	0.01592484308964643	0.01801911806960654	0.01026497159111231	0.09174262252098675	0.01087844804323394	0.01233379336104515	0.06355225076054626	0.05745356122690882	0.1876420219068596	0.01054020646968222	0.01151812117228257	0.01955258789994175	0.02306472144497111	0.04929734600225454	0.02791075873130005	0.01073427617306257	0.01067232681163137	0.0104988065205095	0.01039374205719791	0.01060054353805839	0.01164300852473184	0.01706512749342542	0.09218290665411241	0.06288514446186273	0.03501595011746799	0.01299572109686957	0.01140711435077493	0.01247128658931987	0.01063017755265135	0.02627774573036284	0.01426231535740387	0.01044814961208518	0.01081855819287732	0.01526483205255796	0.05662188322764222	0.01166761862346431	0.01732449996314907	0.03555799433568222	0.02240967026784504	0.03324442434092308	0.01273426566073758	0.01156645014771917	0.1595823174021726	0.07252427177722558	0.01170441605697116	0.1181683215196588	0.03972392672852542	0.02067116071588753	0.01009249071522124	0.02842981934026568	0.1494142904762404	0.0111647955000925	0.01042031680606568	0.01014407767695055	0.01028751110177213	3.021351918440617	2.815254492803302	2.889760498272954	0.09729825234177383	0.2602962138423742	-0.07195810843612416	0.01825661116699972	-0.005028611219885653	-0.0005904486652678699	0.02448560540320804	-0.0001366806769637737	0.05126414667596992	-0.01217553928544796	-0.0003764827562772942	0.0375540171513298	0.0001750286024002997	0.006697495663654046	-0.02858005135634585	-0.003742833953065565	-0.05321457893675417	-0.2373545054375271	0.006747013667094228	0.3154703092225903	0.5294569311375009	0.1702959950491064	0.09754506227353292	0.261299392049718	0.2051178155962834	0.07708428322052563	0.01426472510541842	0.01260194792609093	0.01340145009248304	0.01563692556989396	0.01842536679982209	0.04706798745507662	0.09622181838457468	0.01030078242838718	0.01026490639919837	0.1152530812643591	0.01018682730558052	0.01023617909144454	0.01021400528810288	0.01057653238231968	0.010504295670277	0.01049192904702872	0.1104886589738044	0.05311083694286639	0.01592491965917372	0.01802302865599369	0.01027222303474475	0.0980884016183622	0.01096735178260882	0.01245249448471406	0.04814749065315933	0.05346980768934195	0.186815477627252	0.01054647224616997	0.01151716594123998	0.01952661623680891	0.02106261924149888	0.0403680827115671	0.0246184891158624	0.0108060742674859	0.0107879632684897	0.0104883937455255	0.01038393645540658	0.01060596743705863	0.01184450916841547	0.01924393476632764	0.1010534450339907	0.06514836118214111	0.03606760470997497	0.01294015302803351	0.01135671462748184	0.01368485639171835	0.0106396782995757	0.02142619765359922	0.01292329819434231	0.01042092875133365	0.01079807269534128	0.01422035201328205	0.0483568950233069	0.01170503350877118	0.01726316272115919	0.03360351988653386	0.02759471562537703	0.04372907475029621	0.01267135215806573	0.01151167978625919	0.145854584508162	0.08609934446318843	0.01122127615438827	0.1238513223255126	0.06315477872845596	0.02573348475394621	0.01008737320683556	0.02792264859588052	0.1550805136011129	0.01112273091731772	0.01038519194925576	0.01013123580320798	0.01026229193086371	0.006802797034598974	0.004692986700264933	-0.0002791645912793834	-0.000700676021655497	-0.002818116669694388	-0.007157923927317004	0.005448173714314685	0.002736034044639369	-0.008786402369254525	0.007351526715836157	-0.003632448687504481	0.004133221057305663	-0.02870054967652574	-0.01057484783810462	-9.242278916869118e-18	1.364636355834585e-16
0.7221428571428572	0.01121488311279159	-0.02517368954109314	0.04345444684744078	0.3317182136057391	0.9950390091340408	-0.167392078636582	-0.1525291190153905	0.03566663758765443	0.05562558394009322	0.4626300148175573	0.01293691146843027	0.03694855850564065	-0.1549104653713665	-0.0224230871699499	0.03089567556731886	0.07919477899936811	0.07919477899936811	0.4628531935094773	0.4628531935094773	0.09937869858778661	-0.1159114802691711	-0.2499381283416194	-0.1170914222425884	-0.1612652121580492	-0.2527837290005923	1.158777110339497	-2.581625441396698	0.2022579900990271	0.0913467021988954	0.7894019497851286	0.7003318159686156	-0.3965317034786571	1.542528299255312	0.9475393788320791	0.8900658033875396	-0.4603537096162612	-0.3599868986157275	-0.7280893722205422	1.238741156066389	-0.1343518676294631	-0.1065291823963108	-0.5449323722810853	-0.4373602722310748	0.1441297673510695	-0.9178613565247127	-0.2056142186942122	0.9522322485694426	0.5437331284266895	-0.05315960582323652	0.7842700437363938	-0.8585444161289902	-0.8585444161289902	-7.44001306454874	-7.44001306454874	0.4960663527183164	-0.2954207666693611	0.4024928988975254	-0.8895366989112644	0.1244523331999475	-0.935368078212112	-0.2111655903650055	0.9881518461761639	0.5964951204204529	0.5884044471739756	1.454151501005137	-0.4016714696477693	-0.04542483786023849	-0.09474428909178499	0.04939688576187798	0.02158633519713346	0.3148006609999455	0.529717821933369	0.1690331192244486	0.09357202913109373	0.2610566473663024	0.2070971648702594	0.07272650682921286	0.0144279729867113	0.0125986089054818	0.01339757564862783	0.01563189107169417	0.01841811713783029	0.04879813560355201	0.09754113723455275	0.01030459737687997	0.01026412459852847	0.1150057062719256	0.01018414653501845	0.01023705489194863	0.01021764896496363	0.01057273478446116	0.01051285899212075	0.0105023529730129	0.1129126519300391	0.05496870755905384	0.01592477841248315	0.01802695417770979	0.01028180495861635	0.1035220268204334	0.0110773796062809	0.01259414632394174	0.03223950968662996	0.04920573353657611	0.1862067793206125	0.01055459024218091	0.01151605897745721	0.01949960049134304	0.0189495853731171	0.03174944769578659	0.0212055414247047	0.01089356532116772	0.01092927315410564	0.01047399626427803	0.01037070967949806	0.01061078765153766	0.01208394942068797	0.02175558842362766	0.1085477713735715	0.06732718822483859	0.03720166987273043	0.01287175403217144	0.0112942956727621	0.01517003615642035	0.01064349771198637	0.01667120541938568	0.01215934825019973	0.01038590195638454	0.01079256869766583	0.01368715967680682	0.04133643167365757	0.01176039192815948	0.01746240045604199	0.03224407602857843	0.03356480169883998	0.05533355210598776	0.01259425713257946	0.01144426022208442	0.1393316990637275	0.09852663517960522	0.01130846575890231	0.1282980893391791	0.08833682356300881	0.03161833067277112	0.01008091386077432	0.02802872154573098	0.1589362235995874	0.0110704433179256	0.01034403365109059	0.01011639106856778	0.01023300170409103	3.021351918440617	2.884674655689889	3.114746331010056	0.116718112450024	0.2730622195430546	-0.06263642683164693	0.01336217014086145	-0.003529291040447166	-0.001193688170470951	0.02039492470419991	-0.0002775742456640911	0.05341855230431034	-0.01429702798591793	-0.0006744640511468722	0.03895231477302555	0.0001603205573178898	0.009173912649087849	-0.03091665605902783	0.0005228761056762507	-0.06909558076820047	-0.2500025368748702	-0.003879862357439412	0.3127481994916567	0.5304529829504967	0.1678555699528044	0.08907425550707926	0.2618163302527892	0.2111375359427684	0.06852112799814637	0.01456980115823055	0.01259568316159242	0.01339418201346975	0.01562738986463214	0.01841136068630899	0.05056680559275707	0.0993104497496272	0.01030679781580275	0.01026244736814483	0.115593355532193	0.01018121088892709	0.01023691528080858	0.01021988287008384	0.01056796326468001	0.0105188508227172	0.0105097604714389	0.11629530157474	0.05678111225800094	0.01592487492978497	0.01803087723204153	0.01028882265765026	0.1102209800276126	0.01116449717984183	0.01271122834409686	0.0168458415857563	0.04511231072186118	0.1852413969886227	0.01056067823080463	0.01151511319299931	0.0194736332102516	0.0169668963081416	0.02302261589581596	0.01795770297324394	0.01096409519843228	0.01104282339738888	0.01046400297113681	0.01036125571528293	0.01061635620004222	0.012282836426083	0.02393172652353229	0.1179404796818456	0.06966064238872979	0.0382626955813102	0.01281719506233714	0.01124491423737058	0.01636607709797039	0.01065387766568372	0.01194323637681027	0.01080048949095988	0.01035942541301873	0.01076988456478747	0.01262163846377447	0.03339738184098006	0.0117959332032741	0.01738386822572536	0.03036038666542978	0.03879852150187512	0.06615497482932325	0.01253245941965633	0.01139053901677805	0.1267190576789711	0.1129581501465634	0.01077499635878473	0.1343712539877777	0.1132858771090672	0.03671650389357327	0.01007592038515587	0.02754517706542564	0.1650041724543707	0.01102925951592672	0.0103093209100078	0.01010367074723369	0.01020804181379058	0.006850128625825119	0.003384788373530858	-0.0001991350872738707	-0.0007224562785936183	-0.002502477372996167	-0.007098023935058518	0.006667370712737098	0.002991162621078108	-0.00858141286452096	0.006023832080031783	-0.004084808820763256	0.003742918743006855	-0.03028561949384996	-0.01863821722715255	-3.697804237654362e-17	-1.375654329249029e-16
0.7423214285714286	0.002366462163100016	-0.0324326286702902	0.02934638848072392	0.3569360291672126	0.9919615359585018	-0.1696985384354942	-0.1621504658916466	0.02725923163728272	0.05995794547122529	0.4435098008102542	0.007689489621828456	0.05477393341558591	-0.1440336204700278	-0.02272948388167692	0.04587452231288697	0.0651181371355808	0.0651181371355808	0.3202407306484231	0.3202407306484231	0.109668030231669	-0.1210639356756322	-0.2432977331916044	-0.1338676456974244	-0.1584891926387874	-0.2710329143547633	1.155387020160439	-2.560478834216018	0.2131844264712815	0.1034154440751909	0.8161053650718452	0.6908429331287964	-0.3964697353200098	1.54285118759788	0.9485066266006195	0.8904023676175636	-0.4079491618301381	-0.356937870432093	-0.6592705281850371	1.260775396609946	-0.1673048154952757	-0.1230424197856816	-0.4167564957140401	-0.3928432660374587	0.2913130750752965	-0.9430415545029606	-0.2977566281817658	0.8051877717210764	0.5236425424591968	0.01951408643774015	0.6934423747121052	-0.519487754111652	-0.519487754111652	-6.581301504639537	-6.581301504639537	0.5211198599373571	-0.2120813720293729	0.2533161703177522	-0.7693161983172165	0.1468187457673634	-0.868665990255195	-0.1458315670051584	1.049023498212171	0.5155694420942486	0.5391003244970229	1.183752579880979	-0.5300685375012254	0.06493449972171077	0.09687171765848158	0.04611653264987303	0.01206197588517256	0.3118112207942941	0.5300994196772018	0.1654797794549482	0.08480274693050201	0.2603634177980477	0.2118914535001446	0.06165898934465185	0.01468274471543973	0.01258843818880503	0.01338716217020897	0.01562513726207206	0.01841991091257976	0.05103441108636639	0.09957123841310749	0.01031445054140949	0.01026495011793939	0.1133157831698697	0.01018097179025775	0.0102407623471158	0.01022733841019884	0.01057058400532777	0.01053344275471104	0.01052718809116775	0.1172831238559422	0.05916571350350841	0.01592942812049489	0.01805076617870219	0.01031001977429258	0.1144939219045683	0.01225670756279897	0.01290100987619141	0.01647891276368109	0.04065425379217098	0.1858556042233215	0.01057113408842709	0.01151064920055129	0.01946531437337803	0.01645440874970458	0.02121623273568954	0.01722826114270483	0.01116573548606421	0.01381497779167375	0.01045333541261687	0.01034971628640367	0.01062166079815231	0.01282041826156022	0.03380515541972539	0.1225234743587439	0.07443805811911303	0.04068506831263934	0.01278008148437155	0.01121974927362884	0.04340870557202271	0.0106101879589552	0.01204648714093199	0.01081907767969347	0.01034228607449811	0.01076064945695422	0.01252446126247319	0.03102844610378944	0.011859245929856	0.01790606848320394	0.0307866097218379	0.04127932073155011	0.07331659232453944	0.01249104944639186	0.01135888839071745	0.1278323134836701	0.1185995654586102	0.01068943828999784	0.1332628919339499	0.1241338687074861	0.03988540325714692	0.01007580214885896	0.02895949829078756	0.1766392087092459	0.01100795062030811	0.01027369163924749	0.0100923238338784	0.01018538402362335	3.021351918440617	2.938937164985264	3.303342814377247	0.1318163576238261	0.2790692002457645	-0.0464390746957098	0.006073861092955312	-0.003922539323995351	-0.001463181323402169	0.01817377224672858	-0.0003320677124796666	0.05515369226919808	-0.02067899412438323	-0.001543735514920248	0.04336466731316112	0.0001619319086005617	0.008552877831975196	-0.02926552063219391	0.01047794962436554	-0.08316946721830136	-0.2558985263009823	-0.02015703712367852	0.3092740952236925	0.5301371495545236	0.1623137495453549	0.07943878958511312	0.2588839469979128	0.2146645632011105	0.05431814992506232	0.01479300952633423	0.01258213542105952	0.01338097380737566	0.01562272632407782	0.01842621957279793	0.05178377424774752	0.1003179220440402	0.01032095789753366	0.0102668152016265	0.1111306368424035	0.01018045472799877	0.01024389635323242	0.01023368616103484	0.01057220543896695	0.01054605730397691	0.01054228132190312	0.1193353865754658	0.06172521785681605	0.01593322481749183	0.01806788204597879	0.01032814500824433	0.1208557205299545	0.01316505712203557	0.01307085300543659	0.01391848680131704	0.03595990393867515	0.1861677960138193	0.0105803720203403	0.011506876205705	0.01945502694394926	0.01577861642381569	0.01840643346888114	0.01619898157455487	0.01133902779015552	0.01611661753412442	0.01044349807862413	0.01033922868699324	0.01062662193895031	0.01328603106009169	0.0426627916627382	0.1301529693109242	0.07951720684623065	0.04300040360609576	0.01274323525091053	0.01119358297352043	0.06743524018418012	0.01057553112374151	0.01156073143314686	0.01068084886940746	0.01032534299532918	0.01075056900008579	0.01232090211051404	0.02766625039036876	0.01191530212952169	0.01833267117575864	0.03087010659897208	0.04429687691488521	0.0823204959586432	0.01244989173699019	0.01132688900495901	0.1247411089510184	0.1285819698561761	0.01055983642482265	0.1340702774106737	0.1423315430490735	0.04346283811334189	0.01007515976536449	0.03010567134431537	0.1923920311842856	0.01098589193446642	0.01024071145257214	0.01008164791868417	0.0101641039837149	0.00671918605352682	0.002046664846281114	-0.0001061287819605741	-0.0007217905888823065	-0.002269933661692545	-0.007138279709344428	0.007900288647581594	0.003172871157761287	-0.008821436006019203	0.004807358722767333	-0.004466067492425756	0.00344134493337709	-0.03322777137639794	-0.02569869649262069	-3.763270503066863e-17	-1.778529536021021e-16
0.7625	-0.004897318717102242	-0.03947596097474417	0.01729052373190141	0.3826015907417556	0.9884229556418891	-0.1723967338989144	-0.1696738479743429	0.01993758678679245	0.06762593020045342	0.4259516834878549	0.00159538289715009	0.0690665876148987	-0.1342088956524377	-0.02176780458129055	0.05860189273759918	0.05892286379315708	0.05892286379315708	0.2018403248313593	0.2018403248313593	0.1203030099419041	-0.1243419931834254	-0.2398100117748105	-0.1479804954934812	-0.1554963794511615	-0.2876495256680658	1.152044740393435	-2.54166170254304	0.2242389026531564	0.1103311546462084	0.8368194324477912	0.6792929310616515	-0.3933716510207821	1.545232068571988	0.9493861679257616	0.8905642830486311	-0.3032920390120099	-0.3386170186411921	-0.5246861109779161	1.283119521963564	-0.1800545223199457	-0.1453560801174493	-0.3369924989370989	-0.3297450127737982	0.4747402082243092	-0.7630340744811479	-0.2895334278487025	0.6020864790200287	0.4394521997719623	0.07252580422694051	0.5611148685719153	-0.07738222640091739	-0.07738222640091739	-5.040233959303669	-5.040233959303669	0.5303252761090219	-0.1096397360049416	0.09001550233048203	-0.6255563008729709	0.1459398472324802	-0.7735554299136426	-0.2064268592588946	0.7572657781562547	0.6091857918164763	0.07766152134111091	0.860517017813725	-0.6059593930641268	0.2554999477548081	0.1092337416450216	0.04070385774363364	0.004276011760742235	0.3084367053389147	0.5299843624909332	0.1601837400846007	0.07513705443645816	0.2578576147153824	0.2156085686057784	0.04742113201262119	0.01490537515793999	0.01257482790859073	0.01337390499024037	0.01562050432245682	0.01843491592857861	0.05227342361171648	0.1006525678649968	0.01032870248169689	0.01026939383697711	0.1090909318479122	0.01018026769165814	0.01024781362888562	0.01024122989572436	0.01057496063539094	0.01056078826295537	0.01055987017502226	0.1204284225047441	0.06406234898953375	0.01593783082668979	0.01808792378041035	0.01034957829787647	0.1250436759670903	0.01427038047764272	0.01326146492055509	0.01341490183139895	0.03142359273110509	0.1865956812949898	0.01059089377202261	0.01150235608423465	0.01944686200961386	0.01527657062315194	0.01651713512464972	0.01547888915952257	0.01154264488468814	0.01891100295376567	0.01043283329167984	0.01032766666695683	0.01063191364684997	0.01382768661092918	0.05227343821834045	0.1347274275902741	0.08408961477126194	0.04538735434392333	0.01270643467463326	0.01116888060677786	0.09281010314978795	0.01053089333990502	0.0117162738988187	0.01072227359945768	0.0103084046910118	0.01074159474673281	0.01223800476971708	0.02516052576007125	0.01197899980533115	0.01886039604871415	0.03128550369376665	0.04674750449857849	0.08923727372012748	0.01240885300001522	0.01129566488866081	0.1247743905174228	0.1342708922056824	0.01048223596321891	0.1334935436706955	0.1526775743384418	0.0465773355423923	0.01007513576193942	0.03151450927170027	0.2023525487068116	0.01096497007429234	0.01020511315322436	0.01007034454734522	0.01014152263090992	3.021351918440617	2.983038208792005	3.432955904939043	0.1469146027976282	0.2850761809484744	-0.03024172255977266	-0.001214447954950827	-0.004315787607543537	-0.001732674476333386	0.01595261978925725	-0.0003865611792952422	0.05688883223408582	-0.02706096026284853	-0.002413006978693624	0.04777701985329668	0.0001635432598832336	0.007931843014862543	-0.02761438520535998	0.02043302314305482	-0.09724335366840225	-0.2617945157270944	-0.03643421188991763	0.3057999909557281	0.5298213161585504	0.1567719291379054	0.06980332366314701	0.2559515637430366	0.2181915904594525	0.04011517185197827	0.01501621789443791	0.01256858768052663	0.01336776560128158	0.01561806278352349	0.01844107845928689	0.05300074290273798	0.1013253943384531	0.01033511797926456	0.01027118303510817	0.1066679181526139	0.01017969856707045	0.01025087742565626	0.01024748945198583	0.01057644761325388	0.01057326378523663	0.01057480217236734	0.1223754715761915	0.06666932345563116	0.01594157470519868	0.01810488685991604	0.0103674673588384	0.1314904610322964	0.01516561706422932	0.01343047766677632	0.01099113201687778	0.02680749715548912	0.1870941950390159	0.01060006580987598	0.01149863921841069	0.01943642067764693	0.01459033653948978	0.01379025104194632	0.0144402601758658	0.01171396038187876	0.02119041167085996	0.01042299318611145	0.01031720165870355	0.01063688767785839	0.01428922569410038	0.06139385680194412	0.142365458940003	0.0893737713037315	0.04773811163088132	0.01266927543948392	0.01114225170967028	0.1185044032703899	0.01049718458179929	0.01117822648948346	0.01056120824785505	0.01029126057763964	0.01073125343538411	0.01202016575725362	0.02193511893975747	0.01203467105576929	0.01928147412579191	0.03137982653251438	0.0497952323278953	0.09848601708796316	0.01236732405432404	0.01126323899313996	0.1227631602230657	0.1442057895657889	0.01034467649086057	0.1337693008335697	0.1713772089890799	0.0502091723331105	0.01007439914557311	0.0326661656232051	0.2197798899142005	0.01094252435300612	0.01017210199513648	0.01005962509013465	0.01012016615363922	0.00658824348122852	0.0007085413190313709	-1.312247664727756e-05	-0.0007211248991709946	-0.002037389950388923	-0.007178535483630336	0.009133206582426091	0.003354579694444467	-0.009061459147517449	0.003590885365502883	-0.004847326164088257	0.003139771123747326	-0.034455498781129	-0.03150257907308772	-1.662248704035411e-17	-3.114723601437225e-17
0.7826785714285714	-0.009569643890804813	-0.0460712837159097	0.008932682792462204	0.4087283800289421	0.9848344631543503	-0.1756481890307655	-0.1763174520180235	0.01410677772808584	0.07871227284478355	0.4136635145089961	-0.003032470049419899	0.07976684554397047	-0.1266616426974314	-0.01984059820360123	0.06794945152735545	0.06209121755785965	0.06209121755785965	0.1203921067124827	0.1203921067124827	0.1308605779196133	-0.125518567770407	-0.2396338102078555	-0.1589228282752236	-0.1526676850021572	-0.3021582367780811	1.146667368151248	-2.528285832449419	0.2355968284973312	0.1099753045653561	0.8507192358022903	0.6666537956895251	-0.3870066534546834	1.54710577213925	0.9501693052973675	0.8906085641119005	-0.1656942650244743	-0.3118962523277988	-0.3037094117209805	1.307630764242471	-0.173921860759436	-0.1773827658353334	-0.3211323013449214	-0.2506181806262955	0.6224107699193041	-0.4475713016303681	-0.1575186035556325	0.4620873813348887	0.3179007825027727	0.1141153947879346	0.3685258132036909	0.3912012681354602	0.3912012681354602	-3.020598240854126	-3.020598240854126	0.5030064974936151	-0.01164312423780356	-0.06800318584135737	-0.4604043744892277	0.1344227235515953	-0.6644170225781618	-0.331090473161625	0.5362788053665362	0.5182254273419774	-0.07799319551417717	0.5230339162581552	-0.6380673082815126	0.3807549853369318	0.05231376467781525	0.03634375081795067	-0.0001982771109779849	0.3042953988328194	0.5273278725452597	0.1543433701998701	0.06730237369913646	0.2537389255698159	0.2161662608040639	0.03406721987208189	0.01496456815955406	0.01249036861357806	0.01329797718742511	0.015647015937954	0.018657293037558	0.05334062983388493	0.1030706967688245	0.01032874928873037	0.01026330852148545	0.09961468000847286	0.01018065406851943	0.01025109182501766	0.01024674861719859	0.01058726198425531	0.01058313624389008	0.01057887046806662	0.1208599535166629	0.07165003211422209	0.01599500162610014	0.01831197679680092	0.01036593612272456	0.134089836395547	0.0308792025869138	0.01352935166713251	0.01109073626813128	0.02452040128825548	0.1930146394158465	0.01061492806414363	0.01143376320355059	0.01970303751513236	0.01480956521221382	0.01456046185865533	0.01474586143604686	0.01199428062144739	0.02982997550322502	0.01041682879187249	0.01030925255503783	0.01064292472721115	0.01493886093998737	0.07218017944413667	0.1416985215856649	0.08923726358687041	0.04801456430886705	0.01265228501319378	0.01113004615125216	0.1252616874764946	0.0104786147838994	0.01116813123931652	0.01055192378814521	0.01028229405862518	0.0107053509111171	0.01193461830672564	0.02118705406201501	0.01202769195217403	0.019513451843069	0.03223136684714438	0.05063007387841819	0.09919880014399694	0.01235099461512885	0.01125068294022323	0.1274140330933655	0.1441698325019145	0.01029886034053623	0.133557423092258	0.1779701930855004	0.05492901016732622	0.01007326360610157	0.03349802465959371	0.2152307019066439	0.01093173307313864	0.01015217618140682	0.01005346012270878	0.01010760276909114	3.021351918440617	3.021435007927534	3.505213737546093	0.1491273088877647	0.296927092119546	-0.02453335980357537	-0.006152346681074731	-0.01325893540612741	-0.003310666058254118	0.01635671870509732	-0.0004008858256956701	0.06330657900875111	-0.03000850399235878	-0.002644723507017308	0.05331895695001757	0.0001570944653806558	0.003254905851350981	-0.02311989581022503	0.02412038239085683	-0.1008735231651513	-0.270304548436233	-0.03837590783714116	0.300661129170722	0.5231647100144339	0.1503422223783431	0.06372478861057344	0.2498765825367475	0.2148955848173777	0.02750240280538834	0.01493488295657091	0.01242522998176424	0.01323965932751934	0.01567077352722519	0.01883909888426244	0.05378888793884498	0.1050306259140582	0.01032423850160359	0.01025705795578561	0.09177702073276729	0.01018137384024527	0.01025160310692034	0.01024682805133064	0.01059628714408885	0.01059260038462231	0.01058384933353069	0.1198753776703377	0.0769389485654461	0.01603987369622031	0.01848732759627144	0.01036664613088077	0.1389850222632408	0.04448912872362051	0.01363052762957306	0.01089349007662086	0.02189097509697581	0.2002349441982974	0.01062811832438049	0.01138006350540804	0.01992555560003898	0.0149094969569441	0.01486795806857314	0.01487501095308425	0.01224404881756494	0.03754654289301199	0.01041069815937927	0.01030159553066034	0.01064842102836752	0.01553121698508391	0.08420598045355086	0.1435784864558255	0.09042573636868539	0.04868080141105541	0.01263403710057105	0.01111706480683897	0.139560111177407	0.01045969088354819	0.01109943219582035	0.01052652480509565	0.01027307222188427	0.01068297626404531	0.01183956961969928	0.02011439720108676	0.0120282379996522	0.01976130331578404	0.03298376727194589	0.05193694435956558	0.1023405015955427	0.01233282663419829	0.0112367572074506	0.131709185858579	0.1475300100943488	0.01024621584145439	0.1334219177002949	0.1927214325891216	0.05990512655038301	0.01007225396626123	0.03439525180709872	0.2176159096496395	0.0109203916834734	0.01013225356332411	0.01004724482332572	0.01009498577815311	0.006444424359021145	0.0003252020662312084	6.971809502942082e-06	-0.0007695607357357316	-0.001983839984341694	-0.007206576152976049	0.01026153664597181	0.003856509218840345	-0.009941501041996809	0.003349611877220144	-0.005058745183122276	0.003060556231533043	-0.03646940311681234	-0.03419173540898588	-2.495318926439824e-17	1.471489814331359e-17
0.8028571428571429	-0.01182191241653786	-0.05193476862884547	0.005033366921998737	0.4354219545575391	0.9814724607514067	-0.1795743927043872	-0.1826194505438508	0.009724788998410939	0.09267715874138657	0.4081850863372783	-0.004291948798883007	0.08786109886680753	-0.1210037376796563	-0.01733895327072008	0.0736019482688102	0.07470205409695768	0.07470205409695768	0.08041832593745502	0.08041832593745502	0.1400749611145947	-0.125000207780607	-0.242370878127203	-0.1666180395926587	-0.1500716078686324	-0.3144611136147575	1.138499700065476	-2.521318739008775	0.2452203925102248	0.1085935870143824	0.858164536203829	0.653893535733061	-0.3777880267200197	1.546368084168321	0.9508297697285835	0.8905437226176549	-0.06342801726635908	-0.2660808799139945	-0.08277920148651728	1.33929646624495	-0.1576059475635901	-0.2122338116911545	-0.3031342529197898	-0.1861451217547271	0.7600471500425068	-0.08808631306540199	0.0443231297406511	0.3437922171631351	0.252189395373822	0.1294613070424145	0.1948786301561914	0.8585098715922577	0.8585098715922577	-0.92949326681599	-0.92949326681599	0.3971954569360007	0.05835377956986198	-0.1987333317101239	-0.3037177132602223	0.122883971715921	-0.5549240683083826	-0.4829871552602303	0.1220595966222583	0.4372844421673672	-0.02401737835233962	0.2207786720336104	-0.6179646616002546	0.5383375290639044	-0.1495944462112551	0.02854512382887428	-0.006539675355770943	0.2993581613480147	0.5218160243194678	0.1479544456805104	0.06108312792144965	0.2480165080401391	0.2135044838242288	0.02124134909281938	0.01488104462580529	0.01234590288423427	0.01316894349265087	0.01570010870046604	0.01905713771687169	0.05413576840760537	0.1066664444509415	0.0103176365712497	0.010249011094234	0.08501198192149914	0.01018235709290229	0.01025176276673767	0.0102459546359068	0.01060725967348107	0.01060240897078117	0.01058770800641578	0.1186355867442263	0.08171757935694812	0.01609387904209974	0.01869612458498691	0.01036474878122139	0.1416773000355493	0.05970187833013401	0.01372814370709409	0.01103093535172825	0.01955699143784436	0.2050871334012671	0.01064306412624413	0.01131418250270337	0.0201942822042104	0.01514059150488948	0.01567925174128212	0.01519794335781381	0.01252560885935644	0.04599941635488641	0.01040461221383822	0.01029370601831545	0.01065446885827508	0.01618130284844281	0.09440734325761413	0.143516178102957	0.09053334381459714	0.04898923059802405	0.01261739112977996	0.01110513483153233	0.1465024665664159	0.01044143057895629	0.01109845269032911	0.01052005945507151	0.01026427444548508	0.01065682081921795	0.0117562833323199	0.01936465654403663	0.01202019757090795	0.01999107822263384	0.03383021910702052	0.05280164988041014	0.1034203717612658	0.01231693189748243	0.01122457191380773	0.1356991421916474	0.1481633722545896	0.01020217491665789	0.1332534963549774	0.1993602481797644	0.06450087824809969	0.01007111250611007	0.03522438451635456	0.2154133751416783	0.01090982757287189	0.01011260669749598	0.01004117722807082	0.01008261001025336	3.021351918440617	3.068745087866113	3.542323807476769	0.1513400149779013	0.3087780032906176	-0.01882499704737807	-0.01109024540719863	-0.02220208320471128	-0.00488865764017485	0.0167608176209374	-0.0004152104720960979	0.0697243257834164	-0.03295604772186904	-0.002876440035340991	0.05886089404673845	0.0001506456708780781	-0.001422031312160581	-0.01862540641509009	0.02780774163865883	-0.1045036926619003	-0.2788145811453716	-0.04031760378436469	0.2955222673857159	0.5165081038703173	0.1439125156187809	0.05764625355799988	0.2438016013304585	0.2115995791753029	0.0148896337587984	0.0148535480187039	0.01228187228300186	0.0131115530537571	0.01572348427092689	0.01923711930923799	0.05457703297495198	0.1087358574896632	0.01031335902394262	0.01024293287646305	0.0768861233129207	0.0101830491134201	0.01025232878818442	0.01024616665067545	0.01061612667492382	0.01061193698400799	0.01059289649469405	0.1173752837644839	0.08720857367526103	0.01613817268724194	0.01886976833262684	0.01036582490292313	0.1464795834941852	0.0738126403830117	0.0138305775923698	0.01079584813636394	0.0169744530384625	0.2133756933575789	0.01065617083888501	0.01126148779240539	0.02041469052243104	0.01522865737439842	0.01594566509519996	0.01530976173030269	0.01277413725325112	0.05390267411516402	0.0103984031326471	0.01028598940261713	0.01065995437887666	0.01677320827606744	0.1070181041051576	0.144791513971648	0.09147770143363929	0.04962349119122948	0.01259879876165817	0.01109187790400766	0.1606158190844242	0.0104221971852971	0.01102063790215723	0.01049184136233625	0.0102548838661289	0.0106346990927065	0.01165897348214494	0.01829367546241605	0.01202180494353511	0.02024113250577617	0.03458770801137742	0.05407865639123587	0.1061949861031222	0.01229832921407254	0.01121027542176124	0.1406552114940923	0.1508542306229087	0.01014775519204821	0.1330745345670201	0.2140656561891633	0.06960108076765552	0.01007010878694934	0.03612433799099234	0.2154519293850786	0.01089825901394068	0.01009240513151174	0.01003486455651678	0.01006980540266701	0.006300605236813771	-5.813718656895418e-05	2.706609565316173e-05	-0.0008179965723004686	-0.001930290018294465	-0.007234616822321764	0.01138986670951754	0.004358438743236224	-0.01082154293647617	0.003108338388937407	-0.005270164202156295	0.002981341339318761	-0.03533200199198109	-0.03618381541805517	-6.48818055654442e-17	-4.802374985443372e-17
0.8230357142857143	-0.01271578836438059	-0.0570216258886561	0.005716121829128539	0.4628671746028452	0.9784803646356279	-0.1842451055486987	-0.188375053515313	0.006850487433973203	0.1088962314868807	0.4098944061260898	-0.00123557497400416	0.09519305824794516	-0.1155976767272127	-0.01434889364145348	0.07570652457693933	0.09636656140851373	0.09636656140851373	0.08065006478902079	0.08065006478902079	0.1462393569623074	-0.1233826447889642	-0.2474337427286284	-0.17151201031123	-0.1476147935294575	-0.3246920328069141	1.127468288437534	-2.520817240444697	0.2517838047871416	0.1072957020450775	0.8599833516946578	0.6419034403789102	-0.3661297210702263	1.541474204864195	0.9513022401501268	0.8904011926971974	-0.03214345304863367	-0.2421819381252322	0.1477116919816956	1.38304239144097	-0.1387509746843663	-0.2508441404850445	-0.2691492312636222	-0.09718221083487551	0.8335754686116581	0.2325324373650055	0.2507227429263526	0.3886155900036696	0.2967765442678816	0.1718147918873725	0.01243874985295258	1.273948036781158	1.273948036781158	0.8466071472848977	0.8466071472848977	0.2028190384569103	0.09817666297139768	-0.2963415002995183	-0.1909151665175143	0.1230638739028063	-0.464563665978944	-0.613514728810773	-0.07789409499358245	0.1956164101437161	-0.137306309838427	-0.03065473146159955	-0.5675922150608895	0.6087355144030226	-0.3367113100675977	0.01879102020168988	-0.007279409594003889	0.2989887046422318	0.5204191423602512	0.1455628619171978	0.06010197867562122	0.2459682374886604	0.210867551854622	0.014546656242007	0.01469066215635075	0.01213975430103445	0.01296851358890141	0.01581031088184438	0.01987217871693543	0.05548013263839337	0.1117383136179438	0.01028822429921831	0.01022366622843959	0.06227398447760141	0.01018009599549964	0.01024064372591524	0.01022870851144903	0.01061723177199929	0.01058875709272393	0.01055454114453416	0.1154138778172622	0.0947792249190882	0.016275897683162	0.01946568590417705	0.01032474296663174	0.1489291626340777	0.07224813353139575	0.01368042909280114	0.01081785755026163	0.01682559856693023	0.2223227514465548	0.01064770466157793	0.01115833610013174	0.02127038842044391	0.017821786995478	0.02680711865547881	0.01932047551231739	0.01255153123590046	0.04362451944966531	0.01040604208163987	0.01029033993851806	0.01067123582789446	0.01624958927511658	0.1068937128655564	0.1388436157054657	0.08619407532433293	0.04673251830738399	0.01272163261694652	0.01118920622623653	0.1578174495815079	0.01819510614210493	0.01108362242647683	0.01050160529621099	0.01026701685803404	0.01062436496973623	0.01163336011556513	0.02038208368090198	0.01193222344258202	0.0195618444642132	0.03457982186349903	0.0539491006920523	0.09900275498461443	0.0124274941653644	0.01131332002997275	0.1449343323044895	0.1453969256650069	0.01014266265991832	0.1312565172349064	0.2090356520219108	0.0703215286888431	0.01008046884799799	0.03333522016668706	0.2059809799717879	0.01098093342258657	0.01009040634024929	0.01003373519946893	0.01006807954488887	3.021351918440617	3.137257649441325	3.565800614276887	0.1441051868938872	0.3246823707048218	-0.05167753890405158	-0.01525805810808196	-0.02935969119133296	-0.006504767647245538	0.01788395134630365	-0.0004349517655797273	0.0718481152523532	-0.03461204097493172	-0.003060088602750084	0.05999882932026245	0.0001324740534688017	-0.005666585820761351	-0.01458711891290835	0.01544473374950125	-0.09752465514474853	-0.2880212390537206	-0.007342418216737684	0.3014283581326773	0.5223462757958102	0.1459260879776675	0.06167154484076072	0.2465529250710134	0.2090908585135932	0.0134445116268268	0.01455243769250077	0.01201553120876682	0.01284393121122951	0.01588527191734559	0.02042833062554021	0.05639369761359397	0.1154396475118686	0.01026717615256265	0.01020722856033072	0.04662187182323298	0.01017775464582386	0.01023114001791533	0.01021444042294283	0.01061911526832102	0.01057081386528674	0.01052368701308324	0.1129824567160393	0.1036910608908614	0.01639584234050286	0.01998751134006531	0.01029122215275038	0.1533311577233628	0.07369643460055343	0.01356826445702734	0.01080979725765812	0.01637432003111524	0.2371787015806304	0.01064221266089203	0.0110677974891038	0.02202004162312711	0.01999669068305991	0.03609180807232218	0.02269293432693124	0.01239646496459308	0.03581828685636023	0.01041161598918786	0.010293055522633	0.01068108743580842	0.01588547130810681	0.1102051713156775	0.1328143443677165	0.08123945105354195	0.04424713285366833	0.01282074003904378	0.01126760984695345	0.1598153443724606	0.02467427637631533	0.01112664568446981	0.0105064968277785	0.0102759204688791	0.01061345468871179	0.01160136861088015	0.02200099393544764	0.01185873038160171	0.0190235715845612	0.03469027034700126	0.05407432718910563	0.09251333221005083	0.01253174376793261	0.01139632447502774	0.1513293409117783	0.1403553416208049	0.0101325364573041	0.1292467911483872	0.2095445395306269	0.07209892004808111	0.01008883645696716	0.03104801322803506	0.1945112334302417	0.01104746456994529	0.01008656217775436	0.01003212190293074	0.01006526820862457	0.006185840636727002	0.0008830668795283686	-0.0001242125958705499	-0.0009720734872232243	-0.001834252845349562	-0.007617125913618577	0.01165929147145037	0.003472143123450263	-0.01223173139461292	0.004375462188316893	-0.005093508497444092	0.002919694803783787	-0.03692739270737293	-0.03496947444023873	-5.11320787273664e-17	-7.06130640383202e-17
0.8432142857142857	-0.01340061803234189	-0.06187314582052569	0.01088405894343907	0.4913225319303635	0.9758811336597528	-0.1897033972095413	-0.1935548589599718	0.005865717253674052	0.1257556477097805	0.4165615848492114	0.005508217888047713	0.1037745627280652	-0.1084962312459368	-0.01020659512266548	0.07405237256287113	0.1255168362087571	0.1255168362087571	0.1103129691512561	0.1103129691512561	0.1478174453398261	-0.1211912087032747	-0.2540587217039779	-0.1747089171581463	-0.1450066065446412	-0.3334295112140195	1.113613961843084	-2.524685922925886	0.2524033329230547	0.1017332733997094	0.8573249958938987	0.631101828805168	-0.3535618325194419	1.532728984064413	0.9516085914560687	0.8902623673411109	-0.04270838598607662	-0.2427554102419637	0.3617698314375912	1.439416267667745	-0.1186671018386359	-0.2902947209402623	-0.2460640555729077	0.001135864991752393	0.8235148221393549	0.4033120945830483	0.4098018307701908	0.4676409349383859	0.4202275079660508	0.2436655155613488	-0.1776678938138098	1.600462047462151	1.600462047462151	1.987578005037993	1.987578005037993	-0.05737661090622528	0.1152332366789096	-0.3535623670017132	-0.1355131525298234	0.1378872781865822	-0.4069016188165777	-0.7627804970735611	-0.3110910910503062	-0.1518438974719415	-0.446697813501975	-0.2229763586370514	-0.5001680391172748	0.6284908785426587	-0.5313203289665228	0.01208022033562109	-0.006172497294243161	0.3035631288587335	0.5241852956461811	0.1470591548092458	0.06393293615743244	0.247833724482638	0.2083328250501921	0.01312877776801842	0.01438773999593762	0.01187220785065156	0.01269962554838043	0.01597282477948561	0.02106593862336324	0.05727946698606751	0.1182712842568002	0.01024168118982819	0.01018773845277829	0.03161403492457165	0.01017473619820664	0.0102192386531058	0.01019667080028456	0.01062007375363557	0.01054705594967479	0.01048457018509584	0.1111148856072873	0.1108267274931553	0.01653456684196877	0.02058599929856893	0.0102493983465473	0.1557821455490837	0.07257007409022979	0.01341441527150929	0.01083644370479839	0.01624409108527034	0.2447581559058526	0.01063335689114834	0.01096384494803208	0.02287806201202785	0.02260184894734073	0.04674768901205995	0.02670612348704773	0.01216629879015194	0.02568642018312863	0.01041950518305256	0.01029762916511184	0.01069245977659455	0.01534811607917523	0.1106994590374247	0.1276195682849293	0.07628458182121496	0.04141188290542527	0.01294570396533683	0.01136677833909044	0.1584141063948917	0.03241263142038787	0.0111920859723671	0.01051695935776711	0.01028844515082866	0.01060335437830138	0.01157702281932732	0.02410711850547429	0.01176768400775353	0.01833590719519304	0.03468700813876521	0.05397776249301948	0.08594908080706713	0.01266317595476912	0.01150130625831348	0.1553618698926042	0.1357551641259547	0.01012839523673105	0.1276127816613927	0.2067106942826284	0.07294202735554484	0.01009939930902159	0.02826886354629545	0.1867276612854836	0.01113172966074814	0.01008491683903841	0.01003109454252274	0.0100637586903482	3.021351918440617	3.234332245399854	3.593619982130662	0.1368703588098731	0.3405867381190261	-0.08453008076072509	-0.0194258708089653	-0.03651729917795464	-0.008120877654316225	0.01900708507166991	-0.0004546930590633566	0.07397190472128996	-0.03626803422799438	-0.003243737170159176	0.06113676459378645	0.0001143024360595253	-0.009911140329362121	-0.0105488314107266	0.003081725860343675	-0.09054561762759672	-0.2972278969620697	0.02563276735088932	0.3073344488796388	0.5281844477213031	0.1479396603365541	0.06569683612352155	0.2493042488115682	0.2065821378518835	0.0119993894948552	0.01425132736629764	0.01174919013453177	0.01257630936870192	0.0160470595637643	0.02161954194184242	0.05821036225223597	0.1221434375340739	0.01022099328118269	0.01017152424419838	0.01635762033354528	0.01017246017822762	0.01020995124764624	0.01018271419521021	0.01062210386171823	0.01052969074656549	0.01045447753147243	0.1085896296675947	0.1201735481064618	0.01665351199376378	0.02110525434750377	0.01021661940257763	0.1601827319525405	0.07358022881809513	0.01330595132168487	0.01082374637895231	0.01577418702376799	0.2609817098036819	0.01062825448289905	0.01087410718580221	0.02362539272382318	0.02476472399172141	0.05623795104944439	0.0300761069235598	0.01201879267593505	0.01773389959755645	0.01042482884572862	0.01030012164264887	0.01070222049274019	0.01499773434014617	0.1133922385261975	0.120837174763785	0.07100120067344462	0.03887077451610719	0.01304268131642939	0.01144334178989924	0.159014869660497	0.03892635556733358	0.01123265346678239	0.01052115229322075	0.01029695707162931	0.01059221028471707	0.01154376373961537	0.02570831240847923	0.01169565581966831	0.01780601066334623	0.03479283268262508	0.0540699979869754	0.07883167831697944	0.01276515832179268	0.01158237352829423	0.1620034703294642	0.1298564526187011	0.01011731772256	0.1254190477297543	0.2050234228720904	0.07459675932850671	0.01010756412698497	0.02597168846507778	0.1735705374754047	0.01119667012594989	0.01008071922399698	0.01002937924934471	0.01006073101458213	0.006071076036640236	0.001824270945625691	-0.0002754912873942615	-0.00112615040214598	-0.001738215672404658	-0.007999635004915391	0.01192871623338321	0.002585847503664303	-0.01364191985274968	0.00564258598769638	-0.004916852792731889	0.002858048268248814	-0.03573551240296297	-0.03483925178110618	4.069523813125501e-17	-3.480334722022757e-17
0.8633928571428572	-0.01432592066491695	-0.06651816180611171	0.01935024541753734	0.5210194554740276	0.9737349024603116	-0.1958845764993523	-0.1982965143256488	0.006192941038428031	0.1419854020513464	0.4240158889434054	0.01478601695374152	0.1144560880719181	-0.09860670337842936	-0.004920720701873011	0.06921311810403638	0.1607687464321377	0.1607687464321377	0.1533036990591125	0.1533036990591125	0.143722550481847	-0.1187681746836318	-0.2614593589953945	-0.1773325276787215	-0.1420066487829622	-0.3412736041245987	1.097424662400204	-2.528957729990854	0.244852342100027	0.08949150297568412	0.8513682980981547	0.6218760151654216	-0.3409645184818284	1.521100878110546	0.9517647020522245	0.8901559357534637	-0.03877213252132521	-0.2039773826431339	0.4573245750441995	1.501895709017421	-0.09195636905580637	-0.3203194905911655	-0.1939267057008719	0.007694643630418877	0.7686247341056307	0.3031441728728251	0.5004426602705376	0.5755875691975786	0.5433232698730466	0.2636618254353478	-0.2906245925488793	1.963990577968934	1.963990577968934	2.16539160745989	2.16539160745989	-0.3386340043346349	0.1273568905409294	-0.3752887173191242	-0.1232867286112668	0.1584215042173876	-0.3723856369719951	-0.7988171544567556	-0.1136386884995302	-0.6075263080633121	-0.7969515799452106	-0.362847170474443	-0.4134635804653959	0.6082407884787507	-0.6132753491562449	0.003759242681512573	-0.004300465207138679	0.3174115446291177	0.5365041003046351	0.1549255921432117	0.07372349662579146	0.2580501306893974	0.2083477811151193	0.01185855918139473	0.01426711432406775	0.01160357601636281	0.01240406722600389	0.0162022303863983	0.02272075883964056	0.06058165575247103	0.1248989217479219	0.01019463083857345	0.01015102311339617	0.01596145664850815	0.01016567216469953	0.01019253778003181	0.01016343857680647	0.01061181758995175	0.01048908754824209	0.01041154190665967	0.1053696417230537	0.1352410649967148	0.01688202687860232	0.02210165983752529	0.01018929716983374	0.1668888838793043	0.05716031130986413	0.01308876319421025	0.01093628376066564	0.01654773778433109	0.2670918125576511	0.01058817970583693	0.01078811298590479	0.02510039302760692	0.02577033857594384	0.06016310652172555	0.03166690942672209	0.01169555425267337	0.01636737431088195	0.01047358532595907	0.01034002603937292	0.01072106099094761	0.01411279773393261	0.109833878865694	0.1112135522633053	0.06455606883191757	0.0357351064718217	0.01320842481443599	0.01162851636755042	0.1413529607422073	0.04397027753211254	0.02653477513794521	0.02167291415107412	0.01035908015283684	0.01061160989801874	0.01267330574599822	0.03965488583023143	0.01170776903777416	0.01794938370985597	0.03649568876434665	0.04609884798860197	0.06261672133464719	0.01295150072297217	0.01177195635210024	0.1627673802448071	0.1045987320021691	0.01013253053519655	0.115465980868289	0.1937474627104572	0.06941222128304227	0.01013779495181117	0.02409905218720209	0.1589230970990039	0.01135803358495599	0.01009375721378608	0.01003360128179911	0.0100700113169554	3.021351918440617	3.361500916620405	3.635745882359211	0.1259681728670626	0.3623378447477058	-0.1312568002979255	-0.02317214910063643	-0.0416130781644772	-0.009585561592472949	0.02079830949427134	-0.0005153795265606613	0.07102691655590666	-0.03423839110234105	-0.002550644424747991	0.05958360678044453	0.0001870891063038658	-0.01359104191639582	-0.005018850794477821	-0.01082565077442441	-0.07684708656075159	-0.312283525747922	0.06792766080254094	0.333570352086846	0.553287438997825	0.1630269915662627	0.08175171464764919	0.270108356827738	0.2096860683918145	0.01161308308419485	0.01426414853452663	0.01147006414424008	0.01224813666453666	0.01634026677300645	0.02372476546094391	0.06296697122529894	0.1290241333905747	0.01017078561237993	0.0101324694072027	0.01341427723845666	0.01015986733486966	0.01017726718471223	0.01014613422341527	0.01060361235027428	0.01045391279970202	0.01037306564381144	0.1013365789854728	0.1542855361163323	0.01708694047486262	0.02301068246814016	0.01016334152212516	0.1761754826772572	0.04215543733806814	0.01289703271421498	0.01102717326671625	0.01713471381064212	0.2835854470458118	0.01055477889247942	0.01070765388389765	0.02645621015203083	0.02691802908849357	0.06554147900958794	0.03352410466904751	0.01141316559966912	0.01414474814697819	0.01051410849249573	0.01037297456234888	0.01073758254246754	0.01333873963110272	0.1069610384452909	0.09908482085292127	0.05729326014476808	0.03256367144588847	0.01335633236328215	0.01178922796061309	0.1221645997163039	0.04947721709309286	0.03954415437671274	0.03104600201871749	0.01041088453656815	0.01062627768192999	0.01359995712606196	0.05213560704238308	0.01170962118571814	0.01800295490218812	0.03800390665547426	0.03894015787094782	0.04567033789645493	0.01311681843313143	0.01193687515326989	0.1661333951367551	0.07665420948361379	0.01014376891374886	0.1043626600995703	0.1795420777386073	0.0648674032973358	0.01016342797689766	0.022179112832808	0.1369618826270043	0.01149775485382852	0.01010396739528708	0.01003686831887478	0.01007727410362064	0.006330980471314928	0.005547398401193463	-0.0002740698471978249	-0.001352199626903754	-0.001911557659551034	-0.007827793334705077	0.01014216990164484	0.00242430640864671	-0.01469568304785234	0.009814270133685287	-0.004087033290961955	0.00309720741031143	-0.03814914928973622	-0.03586719695849566	1.063097548942828e-16	2.656383796836991e-18
0.8835714285714287	-0.01455246091855812	-0.06955388539057107	0.02853193623005932	0.5518500050715621	0.9722548006309543	-0.202548504457388	-0.2001713352715978	0.00522373004485195	0.1561103320612385	0.4274889576714154	0.02532832451747733	0.1263792528836148	-0.08724121150472647	-0.0002351728748277636	0.06278166542785031	0.2076213674524503	0.2076213674524503	0.1933410558966989	0.1933410558966989	0.1345488669103029	-0.1159533401365012	-0.2690161002473531	-0.179634398969423	-0.1386548224527095	-0.3485313670295402	1.083111562087269	-2.529325707840866	0.2274432583449377	0.06834753009818859	0.8428661481292988	0.6144473127907849	-0.329493271715782	1.50829875570755	0.9517750968371407	0.8900918803591769	0.02654947812064538	-0.0832503226966681	0.4326870755999415	1.551775664157556	-0.05264365984800581	-0.3381423765519174	0.0380823647895205	-0.127360325426802	0.6148950653716816	0.008711775102871239	0.5351336465053267	0.5907060857335308	0.5665177457482496	0.1841641186589693	-0.3354786905778337	2.750267011405852	2.750267011405852	1.694854302497971	1.694854302497971	-0.5607609789763887	0.1540665632971455	-0.3690346179580959	-0.1036239545246539	0.1727627469301684	-0.3487874943639879	-0.5768209372913315	0.07583711432582686	-1.128929214632028	-1.329040003580438	-0.4752689634056745	-0.322047276557736	0.5168806710953027	-0.6476830212695597	-0.002362408743000982	-0.001972379014286807	0.3407588661995266	0.5578361381278352	0.1690385330539832	0.0893224280177642	0.2767226742780548	0.2109531867475387	0.01148737826162611	0.01428209767977612	0.01132415230499274	0.01207517198133447	0.01649625541068712	0.0248249767856433	0.06526954263597994	0.1317127183959425	0.0101443524310186	0.01011191610417134	0.01289188008218813	0.01015300315256156	0.01015972401572737	0.01012678502855896	0.01059311114160706	0.01041292840640959	0.01032994507645789	0.09820223554824463	0.1676811601729036	0.0173164190877463	0.02400662542185189	0.01013616178161716	0.1821103094834143	0.02575939080003909	0.01267821418257162	0.01114182074740959	0.01792174410127774	0.2893146844772302	0.01051410606856791	0.01062181437199594	0.02792647090984485	0.02790990959059667	0.06942889340401467	0.03509444336921881	0.01108697548274308	0.01275332536421705	0.01056360481019297	0.0104135253856287	0.01075656287415472	0.01244461960634263	0.1038631061483124	0.08961011617168514	0.05076694945203583	0.02939452869198786	0.01352288574797948	0.01197596324830038	0.1061655235242257	0.05439033419252109	0.05445462619107804	0.04204392313750788	0.01047392167966821	0.01064621867791388	0.01474480743227057	0.06555210581072436	0.01172317637053399	0.01815291549179331	0.03968644985402962	0.03100268928972209	0.02907191708448117	0.01330419081950953	0.01212799154462586	0.1672759433024908	0.05160738420261805	0.01015946327662503	0.09499533359483245	0.1699162243945601	0.05993134918024933	0.01019403364677168	0.02028757866049417	0.1226086059532455	0.01166054417410695	0.01011731695358722	0.01004119853774411	0.0100867773010343	3.021351918440617	3.511529659644244	3.688996342317757	0.1150659869242522	0.3840889513763855	-0.1779835198351259	-0.02691842739230758	-0.04670885715099977	-0.01105024553062967	0.02258953391687277	-0.0005760659940579661	0.06808192839052336	-0.0322087479766877	-0.001857551679336808	0.05803044896710261	0.0002598757765482062	-0.01727094350342951	0.0005111298217709612	-0.02473302740919249	-0.06314855549390645	-0.3273391545337743	0.1102225542541925	0.3598062552940531	0.5783904302743468	0.1781143227959713	0.09780659317177683	0.2909124648439077	0.2127899989317455	0.0112267766735345	0.01427696970275562	0.01119093815394839	0.01191996396037141	0.01663347398224859	0.0258299889800454	0.0677235801983619	0.1359048292470754	0.01012057794357718	0.01009341457020702	0.01047093414336805	0.01014727449151171	0.01014458312177822	0.01010955425162033	0.01058512083883034	0.01037813485283855	0.01029165375615045	0.09408352830335089	0.1883975241262029	0.01752036895596145	0.02491611058877654	0.01011006364167269	0.192168233401974	0.01073064585804115	0.01248811410674508	0.0112306001544802	0.01849524059751624	0.3061891842879418	0.01048130330205979	0.0105412005819931	0.02928702758023848	0.02907133418526572	0.07484500696973151	0.03697210241453523	0.01080753852340319	0.01055559669639993	0.01060338813926285	0.0104458274820489	0.01077294459219488	0.01167974492205926	0.1005298383643843	0.07733246694205753	0.04358531961609155	0.02625656837566976	0.01366998341013492	0.01213511413132693	0.08531432977211088	0.06002807861885216	0.0678556552866431	0.05157085174421422	0.01052481200150699	0.01066034507914292	0.01565615051250856	0.07856290167628693	0.01172358655176796	0.01819989914103	0.04121498062832343	0.02381031775492024	0.01250899747593041	0.01346847854447018	0.01229137677824555	0.1702633199440459	0.02345196634852646	0.01017022010493772	0.08330627246938624	0.1540607326051243	0.05513804726616489	0.01021929182681035	0.01838653720053821	0.100353227778604	0.01179883958170714	0.01012721556657717	0.01004435738840485	0.01009381719265915	0.00659088490598962	0.009270525856761235	-0.0002726484070013881	-0.001578248851661527	-0.002084899646697409	-0.007655951664494762	0.00835562356990647	0.002262765313629116	-0.015749446242955	0.0139859542796742	-0.00325721378919202	0.003336366552374046	-0.0390165940527317	-0.03890198943104289	1.194986714661224e-16	4.341614321184504e-17
0.9037500000000001	-0.01284998238434184	-0.06925343784172021	0.03574958122030698	0.5834733611019851	0.9716712953908528	-0.2094056454770423	-0.1947831983367423	-6.042113997893953e-05	0.1661460804523402	0.4241857955667612	0.03575123680423858	0.1338724438593445	-0.0766340646716461	0.001782987108567714	0.05651055457532494	0.2757784660657833	0.2757784660657833	0.223257314856013	0.223257314856013	0.1217902401039892	-0.1124581086894881	-0.276276850781722	-0.1812120015217465	-0.1351365689875396	-0.3552354143758933	1.077045244321273	-2.523044743873311	0.1984149354654111	0.03512732632726488	0.8321987224956141	0.6089177246910396	-0.3209146485043383	1.496566856894362	0.9516990567781565	0.8900592125677861	0.1395017659372769	0.117266388620829	0.2751980506652116	1.577309603605814	-0.006395406628602185	-0.3401773165999151	0.5306070258536548	-0.4199076299537188	0.3478184450767235	-0.3115077299235277	0.4954897737485737	0.1395099371106035	0.4767286416189771	0.0112377989636887	-0.2818237750487525	4.022135725619738	4.022135725619738	1.347567448293393	1.347567448293393	-0.6876777975416289	0.1916934353603759	-0.3512751094664868	-0.04524267583738066	0.1743454570042086	-0.309017320708833	0.02880075559432874	0.4892761253249271	-1.807474128934069	-1.823530626666626	-0.5810245976487108	-0.2247986473654619	0.3016413453289968	-0.5129827986165509	-0.005595096269397061	-0.0007733850056138361	0.3742154526370031	0.5888263843632606	0.197383856804965	0.1191812157542853	0.3106411233297724	0.2202706240943573	0.01119866217060951	0.01430536126516132	0.01108275485370745	0.01176209796611799	0.01711933064201142	0.02852878806756677	0.06874771397386174	0.1336855305115762	0.01011086509045486	0.01008544194000128	0.01057432396978819	0.01014690142913437	0.01013921495966546	0.01010422875422794	0.01059494511595857	0.01037312379369865	0.01029947868990417	0.09262053508890675	0.1917320537188178	0.01814201119581304	0.0274599803894222	0.01011094364900481	0.1942571102097374	0.01170345114237581	0.01229391503976625	0.01224335120346604	0.02208428326402056	0.3056567906260658	0.01045743549993697	0.0104870901271257	0.03341832753557736	0.02948018219555456	0.07627187429924319	0.03760840001934421	0.01072138138289536	0.01061344864310999	0.01072739358322138	0.01059416516798784	0.01076087476799262	0.01148746064561722	0.09421690872269646	0.06411885170743266	0.03752989568171847	0.02378552159308137	0.01387972054014017	0.01251847777923678	0.07020925491521085	0.04696171980888859	0.1004602886403462	0.1048253478038577	0.01487823583713599	0.01279228010079541	0.03725043018245466	0.09855263184006367	0.01193121399400054	0.02194436539551998	0.04706378157549213	0.02103541878653094	0.01325167575836447	0.01371740520742082	0.01267866661305708	0.1718274909856935	0.02263651657806603	0.01023966630496116	0.06938907312414964	0.136457147399558	0.04673869272131435	0.01031340592441187	0.01881177214094897	0.08597319656190903	0.01218099563397979	0.01019152463476013	0.01006680556854533	0.01014106124015479	3.021351918440617	3.676952869957729	3.711773902400382	0.09637561204614079	0.3861718095275333	-0.1929840153704619	-0.02687575751741765	-0.05066784183185553	-0.01240613377639649	0.02294831767681528	-0.0006518207242016655	0.06350541765175914	-0.02875791460870312	-0.0006089402854343046	0.05557918084579688	0.0003941605623855075	-0.01917009607599772	0.01294661468317946	-0.02085639830913015	-0.04409950952903557	-0.3282607118885628	0.1209654614060738	0.4076427045648272	0.6237471923811324	0.223946598777191	0.1437043308198184	0.3457227286714297	0.2303281809730233	0.01114642373863025	0.01432825863420448	0.01097911842856463	0.01161477679395129	0.01754113711873981	0.03098419088229201	0.07024313812885177	0.1326937564487888	0.01010031612216224	0.0100768954227669	0.01038281050376283	0.01014596934708982	0.01013316497550416	0.01009798653596202	0.01060211428308708	0.01036519634318572	0.01030168325777594	0.09004834471787118	0.2040860285195499	0.01868687205330102	0.02976186046945561	0.01010880943121419	0.2009947556277127	0.01047352933419275	0.01211233191336103	0.01308650271366475	0.0251844502941761	0.3148021743979628	0.01043427369326053	0.01043387305798985	0.03720335790704251	0.02999932716795183	0.07885622614804318	0.03846393907926379	0.01061970492804373	0.01041057869152323	0.01083342302040432	0.01071925982276891	0.01075279136922693	0.01124262646524257	0.08696810965342516	0.04865488231948212	0.03089003798293234	0.02123271124647941	0.01407016448000945	0.01285220119845663	0.05014785152892379	0.03622596413338626	0.1358524734081175	0.1599964045880535	0.01848660008271581	0.01454976389653041	0.05617734363898054	0.1214831835592119	0.01210199903302412	0.02510835030537389	0.05256928846644481	0.01764330290272439	0.01153585499471314	0.01394207973300791	0.01301628817593702	0.1748018441127266	0.01697079727085858	0.0102976922281558	0.05313777102060831	0.1112500479868087	0.03821147178098325	0.01039322865306622	0.01892377998017709	0.06513619788385724	0.01251099481306005	0.01024524375421125	0.01008551828613457	0.01018049460130303	0.007203227167969022	0.01476751514916678	-0.0002974523950480571	-0.002061182412450348	-0.002471928222762761	-0.006784388999628651	0.005402098520154408	0.001262153555812192	-0.01576469700762177	0.01972219658458038	-0.001982986389854011	0.00367952348026755	-0.04029723582007166	-0.03552697266792149	7.933618837545894e-17	6.952916287358067e-17
0.9239285714285714	-0.009031128580617014	-0.06465034795612314	0.03933578448090116	0.61529323111584	0.9719480732124713	-0.2162235697008949	-0.1773594204881121	-0.01267210848109906	0.1688566638448098	0.4159100645271419	0.0452262435569606	0.1315061437931551	-0.068327949452962	3.157575382501477e-05	0.05157994269641144	0.370629703813018	0.370629703813018	0.2508434413082196	0.2508434413082196	0.1074472409681506	-0.1082441809088314	-0.2832192004558385	-0.1811576857603199	-0.1316834564255108	-0.3607333566953157	1.086422620597824	-2.51189742148171	0.1521072090085735	0.000407115885010035	0.8194583678306629	0.6054242949913308	-0.3186011717479418	1.487682674570731	0.9515323128070619	0.8900805287247816	0.2363141066029093	0.3432062628923395	0.07275656788207309	1.571253156320712	0.03262333387999224	-0.3342554021007814	1.230995446508788	-0.8536293957846748	-0.1111389875900954	-0.484144614911374	0.4411819475563063	-0.3865178051469533	0.3384508954718045	-0.1894571113157888	-0.2026150754941796	5.396057792819123	5.396057792819123	1.463903115952793	1.463903115952793	-0.7177961125222236	0.225300182206962	-0.3374763026056499	0.05812370135145876	0.166306303432984	-0.2292443412522683	0.9538814810850839	0.5581664448506269	-2.841578064772598	-1.477713231181398	-0.6807274160621734	-0.1202333466426227	-0.1040895970155757	-0.3654314754019344	-0.01135253100529078	0.003378242418690131	0.4179209775189988	0.6296032624588541	0.239725081740171	0.1625405121570392	0.360076948866743	0.2363265626315252	0.01112242033705907	0.01435710614855061	0.01087146757136107	0.01145694383292678	0.01803005817924568	0.03366224759914581	0.07129879239387717	0.1310136504825752	0.0100908878785905	0.01006913751534873	0.01052558052327745	0.0101456997206595	0.0101279925320522	0.01009289809980109	0.01061225683774068	0.01036075517928751	0.01031037241367134	0.08844823481142501	0.2082400737325588	0.01931145615035272	0.03228918685750835	0.01011020667242496	0.203476511111804	0.01144531053947363	0.01191811100297556	0.01411144486158799	0.02876281832785503	0.3157803298222202	0.01041060620433064	0.01038032008347545	0.0412753806428438	0.03040680803467239	0.08038773049137837	0.03910523773803878	0.01053709230021998	0.01050397120334413	0.01095876930983181	0.01086949571287893	0.0107402125166622	0.01105956793789308	0.080816138364196	0.03480350661913306	0.02462521308434547	0.01872738344229672	0.01428046830951975	0.01323839250591356	0.0335921328347176	0.02327333955516103	0.1643487625704209	0.2048204876588912	0.02286023780207542	0.01670496058313009	0.07675122168688137	0.1395368818783417	0.01231283444208171	0.02884807268067734	0.05825025946865214	0.01478507811975031	0.01220653699686083	0.01419181463179217	0.013406352904621	0.1763504072825062	0.01529769550116322	0.01036814220088363	0.03864398135789325	0.0934255136336135	0.02966578057036206	0.01048848690018065	0.01936686388506718	0.04926538864731499	0.01289640212715493	0.01031048677393798	0.01010830254466856	0.01022843295065569	3.021351918440617	3.88569930252135	3.728166826638486	0.07768523716802941	0.3882546676786811	-0.2079845109057979	-0.02683308764252773	-0.05462682651271129	-0.0137620220221633	0.0233071014367578	-0.0007275754543453651	0.05892890691299491	-0.02530708124071855	0.0006396711084681983	0.05312791272449113	0.0005284453482228087	-0.02106924864856594	0.02538209954458797	-0.01697976920906782	-0.0250504635641647	-0.3291822692433514	0.131708368557955	0.4554791538356011	0.669103954487918	0.2697788747584106	0.18960206846786	0.4005329924989518	0.2478663630143011	0.011066070803726	0.01437954756565333	0.01076729870318088	0.01130958962753117	0.01844880025523103	0.03613839278453861	0.07276269605934163	0.1294826836505022	0.01008005430074731	0.01006037627532678	0.01029468686415762	0.01014466420266794	0.0101217468292301	0.01008641882030372	0.01061910772734382	0.01035225783353289	0.01031171275940143	0.08601316113239148	0.219774532912897	0.01985337515064059	0.03460761035013469	0.01010755522075569	0.2098212778534513	0.01021641281034436	0.01173654971997699	0.01494240527284929	0.03187365999083595	0.3234151645079837	0.01038724408446127	0.01032654553398661	0.04511968823384655	0.03092732015063793	0.08286744532635486	0.03995577574399235	0.01043187133268426	0.01026556068664653	0.01106345790154578	0.01099269216348893	0.01073263814625898	0.01080550800842588	0.07340638094246604	0.01997729769690671	0.01819475634977314	0.01620885411728906	0.01447034554988399	0.01356928826558633	0.0149813732857367	0.01242384964792036	0.203849291529592	0.2684219574318928	0.02644838816392463	0.0184391827139179	0.09669853676545252	0.1644034654421368	0.01248041151428028	0.03201680146971779	0.06392359630456619	0.01147628805052853	0.01056271251349586	0.01441568092154564	0.01374119957362849	0.1793403682814074	0.01048962819319072	0.01042516435137389	0.02296926957183039	0.06843936336849313	0.02128489629580161	0.0105671654793221	0.01946102275981597	0.02991916798911049	0.01322315004441295	0.01036327194184534	0.01012667918386429	0.01026717200994691	0.007815569429948425	0.02026450444157233	-0.000322256383094726	-0.002544115973239169	-0.002858956798828114	-0.005912826334762539	0.002448573470402346	0.000261541797995267	-0.01577994777228854	0.02545843888948656	-0.0007087589905160025	0.004022680408161054	-0.04093720778991324	-0.03654538145650116	-1.13258865179495e-16	5.379435466882527e-17
0.9441071428571428	-0.004098928184886223	-0.05489172215119671	0.03853784912114674	0.6465959362625012	0.9728562045913275	-0.2228612802127687	-0.1436398098769903	-0.03627254927445573	0.1613198915673986	0.4066509340975518	0.05455161697314592	0.1208570372265122	-0.06263638186852613	-0.00645545346497212	0.04839574015095725	0.4920326218135914	0.4920326218135914	0.2843740657473791	0.2843740657473791	0.09348128670602039	-0.103388373459992	-0.2899395879323496	-0.1784480463545602	-0.1285616834354028	-0.3642428294003801	1.118888649940941	-2.499441359541324	0.08226377388641044	-0.01979105152808045	0.8046989395178953	0.6041184769647679	-0.3256681299065171	1.480500505269425	0.9512702678678177	0.8901428133946054	0.2580579423563015	0.6110028413125259	-0.1460295578985531	1.527364128227401	0.05711569237593615	-0.3221391039304687	2.075813599908353	-1.462334202515198	-0.5544936986024351	-0.4486063365403254	0.4757276169494793	-0.6334494605522463	0.212404319869435	-0.441482825456027	-0.1155216952734713	6.528424197634522	6.528424197634522	1.819696777136997	1.819696777136997	-0.6542524642654752	0.2531217580404469	-0.3291774698730384	0.2215684747590976	0.1409244472743491	-0.1143793475759646	2.234527612426874	0.6513312582456613	-4.011962745668294	-0.5394624075519348	-0.7825784676988924	-0.0101026546144766	-0.522499877936648	-0.3480195856270193	-0.01422594836494695	0.002182971265576468	0.4583857942985167	0.6730805156907895	0.2845410903717148	0.2090048973482188	0.4106711425504156	0.2569690055006591	0.01114835470780907	0.01435981653771475	0.0107332432399178	0.01128227437199581	0.01829345200161868	0.03344096850205069	0.06256019437358556	0.1090171362311659	0.01007954014056503	0.01005958887212743	0.01032680185804485	0.01015317775179655	0.01012499468689502	0.01008742653213329	0.01066049494290223	0.01036931527598526	0.01033566897322348	0.09287463590214697	0.2133278244097407	0.01944028255165287	0.03216037358076859	0.01011260639858929	0.2085644803626973	0.01028816943314959	0.01163486577208445	0.02411572130551191	0.0379452437753595	0.2765644828721141	0.01040083429962922	0.01030940159157747	0.04153047079977455	0.03136315139727032	0.08362445837666974	0.04050329219448071	0.01041435200305017	0.01026672560795395	0.01110391188917934	0.01130106842185902	0.01070086788047533	0.01076079472499508	0.06412204786546725	0.01927745799996158	0.01805687670248001	0.01617499012292704	0.01453873463897127	0.01377220759025335	0.01546240761356581	0.01277298417654785	0.1980877130772424	0.2530374078077351	0.03339965505205364	0.05957030431688332	0.1104899769900099	0.1675978590272101	0.01758789339422695	0.0396483803572037	0.06826155860946519	0.01157849075113994	0.01067888445837721	0.01449134571362857	0.0139218782964383	0.1750300460509111	0.0107967526621268	0.01127017765078228	0.02158014427320554	0.06005252036754902	0.01980678922358715	0.01075268569232765	0.02588740443427068	0.028461085522097	0.01347542599959376	0.01827423910897124	0.03825142233416599	0.02172205745303695	3.021351918440617	4.231885778192988	3.801848708356651	0.05672706942686333	0.379267102434552	-0.1853341168994592	-0.02238807341227328	-0.05924645806304853	-0.0144005105990312	0.02410855944299813	-0.0007319966863409395	0.05664262537336353	-0.02154622781361049	0.001434233437725034	0.05197545264062101	0.000581462418740212	-0.02409869721115568	0.03797462154556975	0.003224676620365928	-0.01018110593415096	-0.3230890632323692	0.1126836238181697	0.4909095971519469	0.7155678148709813	0.3200348784944607	0.2434285700746862	0.4536699813611698	0.2745993032638219	0.01120960794289181	0.01434611954260935	0.01069378901472585	0.01124336413684294	0.01821566619400625	0.03147418044402447	0.05333085976603392	0.08730326676657901	0.01007793544843213	0.01005798747234886	0.01032768150879079	0.01016003219208833	0.01012696959054741	0.01008754298925435	0.01069516952827747	0.01038235065456967	0.01035543212015095	0.09906019268318651	0.2107668647535742	0.01916244438289083	0.03038818616139572	0.01011645009505819	0.2099184909677809	0.01020975548738754	0.01153083612045837	0.03197957961075288	0.04373322874812276	0.2180398569559262	0.01040939685120741	0.01028945830324595	0.03899009084090421	0.03181749360981694	0.08496535121676181	0.04112829234633535	0.01038841641279494	0.01024144731115362	0.01114872590163476	0.01156787353392838	0.01067398974091843	0.01069591695372522	0.05365883801973942	0.01644717996941962	0.01707220229920912	0.01583155910568327	0.01461766683393294	0.01397811701188119	0.01310464711490113	0.01163420965024565	0.2072611174706075	0.2637840921766245	0.03991980838455995	0.09735918285205894	0.1295911543644644	0.1801988886571345	0.02186334525621074	0.04684019691675757	0.07351085033338819	0.01127371319631251	0.01058836997335014	0.01458025016633514	0.01411003173331842	0.1712659839469001	0.01048056941896374	0.01196991176319886	0.01793322324092126	0.04602655683301493	0.01736050601074523	0.01091342199034327	0.03136969928571347	0.02380676877105297	0.01372126428611916	0.0248776087417474	0.06276502893065655	0.03135396020812477	0.008956473012472762	0.02228345583283616	-0.000297881160494662	-0.002942536017297233	-0.003407505183456846	-0.004546781733414357	0.000817792762674111	0.0003455542949872278	-0.01680176429111471	0.02746457895969646	-5.997168135448668e-05	0.0044370563972297	-0.04218435453575881	-0.03626120425223753	-2.304556270919822e-16	4.574261162539581e-17
0.9642857142857143	0.001605994485978721	-0.04051736908887691	0.03367710166477638	0.6767738032590643	0.9742421845561184	-0.2291635483411402	-0.09501059184874897	-0.07075164941199488	0.1497629381395149	0.3971989528372527	0.06412760757237829	0.1073753950360074	-0.06029124569113182	-0.01730022598946726	0.04681553621299716	0.6297246029728542	0.6297246029728542	0.3226754163143055	0.3226754163143055	0.0815353374313111	-0.09814439716614333	-0.2965265542589889	-0.1717667956875475	-0.1260842850388252	-0.3651791598442274	1.175412734572175	-2.486623929017671	-0.007019729731466746	-0.02197882133056923	0.7878586054692424	0.6049798641999079	-0.3367073022837987	1.473573429250197	0.9509740995875828	0.8901439232238193	0.3129025090940819	0.8006942742446042	-0.3299292328444645	1.459764773302149	0.07998531761865793	-0.3010080154173537	2.708761845373728	-1.931868198039929	-0.509599420203304	-0.5032590335303152	0.4660218807432723	-0.667264698839469	0.006769198490693963	-0.6213750318805471	-0.04363468253901374	7.010549008547626	7.010549008547626	1.936753847200483	1.936753847200483	-0.5175832288132486	0.2637735544556678	-0.3242522594325088	0.4517701272455655	0.102439087083053	0.02579276782412441	3.3383966954825	0.5939835079708139	-4.768381313905331	0.307388124913637	-0.8869764801499201	0.09456929876509067	-0.4977957850643475	-0.340147893461491	-0.01473466745745175	-0.002685104615226521	0.4945654891728118	0.7182664322282631	0.3323915557175035	0.2599390940302408	0.4620138635459141	0.2822271488226417	0.01129427025908507	0.01432580065061155	0.01066105854896034	0.01121819440328903	0.01805451597040841	0.0287970095875805	0.0433698397822634	0.06767718029843182	0.01007762102258875	0.0100573552206025	0.01036468217136085	0.01016871577892563	0.01013039499750729	0.0100886934552183	0.01073713507494708	0.01039986616873982	0.01037978024287291	0.1052590547559429	0.206574300490167	0.01874087760864974	0.0279543210731714	0.01012164165510427	0.2094440029940723	0.0103042198789948	0.01143058315817068	0.04101834845578785	0.04966344526701348	0.1812283014024516	0.01042366496609548	0.01027303121185752	0.03548496087288733	0.03225255485840711	0.0857813332645341	0.04167702509763214	0.01037256189542606	0.01024710117489565	0.01118793582867343	0.01187887356905834	0.01064181421586083	0.01065502688594189	0.04416397016113344	0.01557402452395342	0.01694272986533187	0.01581960214244075	0.01468419930066683	0.0141785759648062	0.01340208415516419	0.01201257442586816	0.2052585417436026	0.2565746047575076	0.04670728493523302	0.1344975913240035	0.1423578635832493	0.1843915157433602	0.02697174092183867	0.05425977039332434	0.0777609564707373	0.01142113282972114	0.01073364601306469	0.01465363803863406	0.01428793273712553	0.167867989642721	0.01085221301911377	0.01282644850560135	0.01628679674395414	0.03610860308306791	0.0158243637107083	0.01110055250884871	0.03773132880139059	0.02183496595749357	0.01397173391538559	0.03274919096598022	0.08929107497568611	0.0426435348554245	3.021351918440617	4.806721249224739	3.907721492814174	0.03576890168569726	0.3702795371904228	-0.1626837228931205	-0.01794305918201882	-0.06386608961338577	-0.0150389991758991	0.02491001744923845	-0.0007364179183365141	0.05435634383373214	-0.01778537438650242	0.00222879576698187	0.05082299255675089	0.0006344794892576154	-0.02712814577374542	0.05056714354655154	0.02342912244979967	0.00468825169586278	-0.3169958572213871	0.09365887907838434	0.5263400404682927	0.7620316752540446	0.3702908822305109	0.2972550716815124	0.5068069702233877	0.3013322435133427	0.01135314508205762	0.01431269151956537	0.01062027932627083	0.01117713864615471	0.01798253213278147	0.02680996810351033	0.0338990234727262	0.04512384988265585	0.01007581659611696	0.01005559866937093	0.01036067615342396	0.01017540018150873	0.01013219235186471	0.01008866715820499	0.01077123132921111	0.01041244347560645	0.01039915148090047	0.1121072242339815	0.2017591965942513	0.01847151361514107	0.02616876197265675	0.01012534496936068	0.2100157040821106	0.01020309816443072	0.01132512252093975	0.04901675394865647	0.05559279750540957	0.1126645494038686	0.01043154961795354	0.01025237107250529	0.03286049344796185	0.03270766706899596	0.08706325710716878	0.04230080894867837	0.01034496149290562	0.01021733393566071	0.01123399390172374	0.01214305490436782	0.01061534133557787	0.01058632589902456	0.03391129509701279	0.01291706224193254	0.01594964824864511	0.01545426409407748	0.01476498811798189	0.01438694575817604	0.01122792094406556	0.01084456965257094	0.210672943411623	0.2591462269213561	0.05339122860519526	0.1762791829902	0.1624837719634763	0.1959943118721321	0.0312462789981412	0.06166359236379735	0.08309810436221023	0.01107113834209648	0.01061402743320441	0.01474481941112465	0.01447886389300835	0.1631915996123928	0.01047151064473677	0.01351465917502383	0.01289717691001214	0.02361375029753672	0.01343611572568884	0.01125967850136445	0.04327837581161097	0.01769436955299546	0.01421937852782537	0.03939194554164946	0.1154033786774488	0.05244074840630263	0.0100973765949971	0.02430240722409999	-0.0002735059378945979	-0.003340956061355296	-0.003956053568085577	-0.003180737132066175	-0.0008129879450541239	0.0004295667919791884	-0.01782358080994087	0.02947071902990636	0.0005888156278070291	0.004851432386298345	-0.0433320528778407	-0.03286929036159392	-1.589990577760587e-17	7.149635529180153e-17
0.9844642857142857	0.009127543010082308	-0.02420287115759993	0.02654727562461274	0.7054814865534821	0.9761279497879896	-0.2350132267607561	-0.03763669179052366	-0.1106368397381643	0.1438989933722392	0.3847872622523057	0.07213285815953126	0.09391231231871491	-0.06301983010054424	-0.02986022902401794	0.04548114111708361	0.7683692735535148	0.7683692735535148	0.3600558244510479	0.3600558244510479	0.0727036526112	-0.09296077950413728	-0.3029288093027781	-0.1599624605466267	-0.1243831018414876	-0.3633104480804367	1.247762954099249	-2.471186041852793	-0.1084970299941872	-0.007596557157335818	0.7690405025188426	0.6076830710212805	-0.3428899235005357	1.468050787394984	0.9506159936584162	0.8900813445085235	0.4131506893229948	0.8089017379722563	-0.3590282181947876	1.38619686554058	0.1050919219788071	-0.2792477421023953	2.968281704243485	-1.990961093580673	-0.07784571162256367	-0.7260213171319938	0.3330425878324058	-0.6698173330253191	-0.2530250888450397	-0.6183538786939784	-0.1034926792355597	6.687252084464805	6.687252084464805	1.716717408451181	1.716717408451181	-0.3671800377393111	0.2479483871254811	-0.3061273643681915	0.7139055075845419	0.06587917142705901	0.1511507595886824	3.778184027734086	0.8985461252044019	-5.051801509151257	1.091758578579104	-0.9738634486050064	0.1659582334138551	-0.1200267628402181	-0.209772906476715	-0.02106885291646744	-0.003177827607791583	0.5193210625900611	0.7528002945584866	0.3656187177259582	0.296583792376773	0.498637243548644	0.3014370951523448	0.01119699255662833	0.01433819188099765	0.0165975357954941	0.01409775386605198	0.01664090689040514	0.02278673643321832	0.02850270927872125	0.03834594758746469	0.01007596796741492	0.01005543181226098	0.01035259428521026	0.01018517235746193	0.01013485400741778	0.01008894152267622	0.01083202661700896	0.01042343160775975	0.01040117621405464	0.1178529917182956	0.2059856477595016	0.01699335270951939	0.02236257675715205	0.01012123928947458	0.2163608726175806	0.01022641672655547	0.01129653769867788	0.04640837013838465	0.05558868217121673	0.09968522412183461	0.01045181777772455	0.02773964861206581	0.02718247841206693	0.03073323629145965	0.07962924547519891	0.03934489049533001	0.01034086712959002	0.01021563944949145	0.01115045804490197	0.01200452688317089	0.01059566774667136	0.01057325872847573	0.02894754493076505	0.01315201856555903	0.01580806686722697	0.01537227137103085	0.01478914406646487	0.01445266063804731	0.0113835257676445	0.01090880150959304	0.1994786358164667	0.2434889078369551	0.04182732779900582	0.1832930681321141	0.1618716217054837	0.1903330810685755	0.04056336465387035	0.06596495597568704	0.08357141892625267	0.01105333377233541	0.01069422304750469	0.01476821059381164	0.01453040937263054	0.1566652441832231	0.0105285340510396	0.0311625524741699	0.01338737069372284	0.02140742621601831	0.01317543680303282	0.01145089362433198	0.05209969975132139	0.01738887122198612	0.01431225258122897	0.04738953833290834	0.1363851172971778	0.06373638210008734	3.021351918440617	5.524003776359226	4.008811357925969	0.03560005976585316	0.3488357708225884	-0.1346391138710707	-0.01632210063765406	-0.07026289898652391	-0.01545485999814067	0.02603379889491659	-0.0006975661083012019	0.04830517622924977	-0.01007463157635171	0.002565263911819517	0.04764737802218894	0.0005640639694479096	-0.03057617655167829	0.05048278915028326	0.0361962611581149	-6.5359131989984e-05	-0.3003710176650146	0.07581427982794146	0.5337867264281908	0.7778939867298282	0.3834751931282278	0.3164003238484062	0.5209121799944094	0.3126015218650282	0.01107539003294996	0.01435776049202715	0.02155925151540071	0.01650640486995346	0.01551394981833217	0.01909076057358991	0.02227045901950703	0.02772533658057498	0.01007589466887809	0.01005510342822422	0.01034553625650971	0.01019390243473659	0.0101372288471773	0.01008916315752712	0.01088564382032462	0.0104338133463427	0.01040496238918531	0.1258462086219242	0.2088983623050293	0.01572654198944544	0.01888597973462102	0.01011828431879733	0.2243907971889115	0.0102344137726823	0.01126127550986341	0.04542515306003975	0.05669202717824602	0.06137884761091423	0.01046928605967808	0.04263369491742629	0.02190257145445793	0.02909488136718837	0.07272873850300199	0.0368377780873799	0.01033448325296677	0.01021099040140905	0.01108703200468473	0.0119203622428759	0.0105766257167269	0.01055497025235044	0.02293923680318583	0.01302917366823829	0.01556909429865578	0.01526030277143524	0.0148187083517145	0.0145314966477189	0.01126094365233083	0.01082982564632877	0.1884659593448089	0.2248229791362543	0.03269574543110475	0.2065786493948272	0.168451475250137	0.1885586292230984	0.049404865931974	0.07146159110776039	0.08530948734853532	0.01099961039457519	0.01074673257213873	0.01479836269480045	0.01459551688281847	0.147522049900402	0.01053311553894351	0.04640825451635743	0.01338382909565004	0.01762020518109159	0.0126746235204724	0.01162564093317105	0.06102593120982192	0.01659333078307426	0.01441805567393426	0.05560930728378415	0.1661531502185297	0.07599865313660707	0.01065607388451424	0.02295815325258274	-0.0002741123618796354	-0.001141457992326005	-0.004151391993229105	-0.00210524334913724	-0.0007984446005154961	0.0001921820409263274	-0.01866474485471502	0.02764726228109295	0.0001855594294002529	0.004847396571724037	-0.0371162561119899	-0.02934690770157997	1.673408219438554e-16	9.196280864667067e-17
1.004642857142857	0.01749481443050298	-0.008171701609924033	0.01990269845991431	0.732740895436863	0.9784095219351043	-0.2404519401831418	0.02439443423487099	-0.1498745715100828	0.1463694795980198	0.3679353264410563	0.07779521142880692	0.0802350015363979	-0.06952646185688591	-0.04204712641817206	0.0420388077987424	0.8978284238841145	0.8978284238841145	0.3898792548543434	0.3898792548543434	0.06633722193140497	-0.08822074383422136	-0.3087122803920765	-0.1431296115752107	-0.1234374786914255	-0.3594130588882588	1.325693433912959	-2.451878491714006	-0.2013013249446875	0.02101794228868232	0.7487304881131012	0.6113787838829841	-0.3417543074576223	1.465004929233586	0.9501113168107443	0.890029378848973	0.396726371383917	0.772612168967328	-0.2818337690815411	1.316218990969307	0.119215737536583	-0.2602752015325975	3.170363003181663	-1.867695314786736	0.3164680764535884	-0.9433541356063062	0.2338055094138382	-0.6884979229834971	-0.3676921314704338	-0.5843946498235424	-0.2525630727265352	6.100125762523896	6.100125762523896	1.18774366477034	1.18774366477034	-0.2732394556137806	0.2198079056821321	-0.2629214604033237	0.9501714980557157	0.02755171956547913	0.2268652209032081	3.891484440706655	0.9775253248537731	-3.908756008623333	1.718016753720619	-1.034847350059882	0.1929415788686916	0.2275516247417186	-0.09466136805699214	-0.02926205053054191	-0.001633191125430567	0.5315303046986046	0.7744953140059966	0.3830885391599194	0.3186402954708202	0.5186377679125395	0.3141876655943849	0.01091554922314571	0.01438379182918134	0.02753894472224135	0.01945199828931714	0.01415461119813593	0.0150081600496376	0.01662039498112624	0.01987752411740678	0.01007608354130574	0.01005496754516726	0.01033738915207167	0.01020371829479438	0.01013990294486357	0.01008944288930357	0.01094683122066427	0.01044475420670253	0.01040665534193591	0.1313295865272192	0.2118806610013508	0.01423054903487284	0.01502589546269342	0.0101140347460805	0.229437080228149	0.01026006456975428	0.01123408093131211	0.04295701895736297	0.05680136269175839	0.04020429531955876	0.01048975613430644	0.05959280593137835	0.01612756801062286	0.02712205815332523	0.06566950689261919	0.03391089559211186	0.01033084013049565	0.01020983433773511	0.01100126426347823	0.01177507175590389	0.01055710564050634	0.01054295510501991	0.01770923422745745	0.01330068085464735	0.01543681937507321	0.01518186503016568	0.01484204647043558	0.01459503253574504	0.01145174801790222	0.01091477215478047	0.1796765133944632	0.2127049541410887	0.02120601058046328	0.2144010153558498	0.1692626921299564	0.1848271899934871	0.05841271174405956	0.07570122523096476	0.08596764891332075	0.01098767919260268	0.01083050658345692	0.01482077778319535	0.01464497449078169	0.1414151715486467	0.01059809804578326	0.06343981418706723	0.01392022950269444	0.01522878672599052	0.01243863791871601	0.01181701314866596	0.06950202119127888	0.01630488836416536	0.01450847926488964	0.06332001477317672	0.1846903190763454	0.08669387519358199	3.021351918440617	6.186039104428398	4.10519602286104	0.03543121784600906	0.327392004454754	-0.1065945048490209	-0.0147011420932893	-0.07665970835966207	-0.01587072082038223	0.02715758034059473	-0.0006587142982658899	0.04225400862476739	-0.002363888766201008	0.002901732056657164	0.04447176348762699	0.0004936484496382039	-0.03402420732961117	0.05039843475401499	0.04896339986643013	-0.004818969959842748	-0.2837461781086421	0.05796968057749859	0.5412334123880888	0.7937562982056119	0.3966595040259447	0.3355455760153	0.5350173897654312	0.3238708002167137	0.01079763498384229	0.01440282946448894	0.03249822370453059	0.02183567109375221	0.01304536750388287	0.01137155304366949	0.01064189456628787	0.0103268232784941	0.01007597274163923	0.01005460818707752	0.01033039635959546	0.01021240468796444	0.01014226534248988	0.01008965915684925	0.01100005631143812	0.01045518321707895	0.01041077329747015	0.139585193009867	0.2160375280158073	0.01298157036374981	0.01160319749658531	0.01011122366823398	0.2387658902957124	0.01026572938093388	0.01119742849878707	0.04183355217142303	0.05779125685108248	0.01009314581795982	0.01050702250140262	0.0750150187623473	0.010944649460954	0.02548209566538077	0.05839421989883518	0.03137474722608144	0.01032400501302792	0.0102046468671574	0.01094007010764573	0.01169766958138397	0.01053791009787594	0.01052361460567634	0.01196717850935886	0.01314128509454404	0.01518854034866645	0.015066341448793	0.01487242858544711	0.01467604753726176	0.01129396636059611	0.0108150816400866	0.1662589752779948	0.1904997313511525	0.01200026225701423	0.2368781157994544	0.1744191785367976	0.1811229465740647	0.0675634528658068	0.08125958985172341	0.0875208703348604	0.0109280824470539	0.01087943771107304	0.01485190597847624	0.01471216987262858	0.1318525001884112	0.01059472043315026	0.07930184985769102	0.01387048128128794	0.01162666006464647	0.01191313131525596	0.01199160336497766	0.07877348660803286	0.01549229201315307	0.01461673282004315	0.07182666902591885	0.2169029217596105	0.0995565578669115	0.01121477117403138	0.0216138992810655	-0.0002747187858646729	0.001058040076703285	-0.004346730418372633	-0.001029749566208305	-0.0007839012559768683	-4.520271012653359e-05	-0.01950590889948917	0.02582380553227953	-0.0002176967690065234	0.00484336075714973	-0.03100782916648404	-0.02797831266555061	1.000616009220019e-16	7.013093950924765e-17
1.024821428571429	0.02486324227971547	0.006898155200397753	0.01569378184418138	0.7586908433156191	0.9809354643519914	-0.2455421263769919	0.08941861034109169	-0.1854574050187314	0.1553081137801142	0.3462875217374592	0.08203065921652297	0.06685965160025024	-0.07741434447223518	-0.05341638710139378	0.03494418837598819	1.014410485832524	1.014410485832524	0.4064080283913218	0.4064080283913218	0.06126070360630784	-0.08409426577881883	-0.3135155824514627	-0.1218987820903268	-0.1232964151894873	-0.354395075814226	1.403184400018143	-2.428231514701513	-0.2509224282898228	0.05893736467104511	0.7274814615818329	0.6153432259630386	-0.3352335455208316	1.463532708897892	0.9495007091358756	0.8899592609815534	0.3413713019265067	0.7098659947658872	-0.1375807412140342	1.257933462953158	0.1325415451899074	-0.2439747495920502	3.236281812426161	-1.63965575095229	0.5495428541370484	-1.200687428605731	0.1782825117823402	-0.6350473302386744	-0.4195730447992089	-0.5300614908189456	-0.4412555349008291	5.383781192920175	5.383781192920175	0.4823657352282436	0.4823657352282436	-0.2370776492931216	0.1857764563171142	-0.2138255129432735	1.150648441005265	-0.009105876510544415	0.2651774069975205	3.738040759814631	1.325861431200757	-1.127700846645676	1.977124904463458	-1.063320805311515	0.1977397936383527	0.3985906191177932	-0.04229313904336667	-0.03142785284605015	-0.005396747604154226	0.5429618429477048	0.7969739894889479	0.3960801547756056	0.3376676999990579	0.5328421952235288	0.3250337997560251	0.01071784959499443	0.01423399504496303	0.04472377150408772	0.02673540297552473	0.01277033638215419	0.01142102944030302	0.01091444468629733	0.01092068209340733	0.01007538289653893	0.01005435498152169	0.01032013919059132	0.01022133560334988	0.01014381553014184	0.01008985215274025	0.01107918170029854	0.01045586172916324	0.01040288796473695	0.1460617009606029	0.2227488105593995	0.01274496536840817	0.01163722666732935	0.01010845735627884	0.2453690876265306	0.01028760724185975	0.01114270078793079	0.03728261783364938	0.05728798623584397	0.01266322486960572	0.01050809865678418	0.1029938687179946	0.01115723357792528	0.0280959713961505	0.06660447032150354	0.03532854907393426	0.01032127769894925	0.01020286383917312	0.01090779945933113	0.01162311144736257	0.01052612384207543	0.01051496224969313	0.0120789720411659	0.01304994928330022	0.01520495204314957	0.01507396516606181	0.01487076306925584	0.01467871249665314	0.01126842257515617	0.01080120144913608	0.160080628299811	0.1822463679679473	0.0124000724337496	0.2382746510824206	0.1731361329879124	0.1779126289097961	0.07099282765740085	0.08286050924661678	0.08672746969337371	0.01090133992959711	0.01100044516574481	0.01485301451257582	0.01471756173419464	0.1279272496032425	0.01062015342996003	0.09472796801083846	0.01396293055406462	0.01163755674002647	0.01176611851972894	0.01205896516259219	0.08386681560070132	0.01555972656476735	0.01461502073731912	0.07091168480069864	0.2100444191309269	0.09798608485103989	3.021351918440617	6.7038270841535	4.192712666844566	0.03491231287609766	0.29415892657107	-0.06488220815748058	-0.009541084247882355	-0.0755038726344691	-0.01487911354363459	0.0289358136576435	-0.0005750888088888372	0.03422477374309515	0.0009867291239558913	0.002593459391099865	0.04208567550021852	0.000394426610454509	-0.03327557023789536	0.05011628236851974	0.06980318006694536	-0.006130350348994154	-0.2600420644025713	0.02408526875624518	0.5538633018061064	0.8210495059714398	0.4046938852066582	0.3512121235408513	0.5428411177651838	0.3326038347772126	0.01063938002698491	0.01409650695056184	0.05633925440280673	0.03122546225494998	0.0124141003353853	0.01103320892164128	0.01041862403805355	0.01020840563891782	0.01007488814571482	0.01005410855693395	0.01031097302106443	0.01022959752357482	0.01014534262915082	0.01009003371441567	0.01115000801768025	0.01045756441987603	0.01039688250006321	0.1559677050901573	0.2329825007893212	0.01240395908221876	0.01126164674291629	0.01010588625198772	0.2584160129790712	0.0103061401382442	0.01109370243137684	0.03308738787601324	0.05702028843973121	0.01005981057105479	0.01051088063893997	0.1345115803477182	0.01071190621717892	0.03010376239392474	0.07274794158137655	0.03838539426537091	0.01031829440617366	0.01020083623876824	0.01087453967903155	0.01155313688727005	0.01051435278464151	0.01050574346169243	0.01146810337426494	0.01295620972782967	0.01518889882964607	0.01506653571194933	0.01487298056888009	0.01469047772745521	0.01122980292328651	0.01077877090026092	0.1477066942415446	0.1626305674979164	0.01154995818746173	0.2508468094860416	0.1737123503329233	0.1726401120994119	0.07612898924615147	0.0857309703115378	0.08633862958543634	0.01087279316356334	0.01110512484221878	0.01485761862946858	0.01472996268245163	0.1204675234328005	0.01064062244065407	0.1135752866995231	0.0140335726670827	0.01122061686359788	0.01158554238732414	0.01213404845259677	0.09093915212309886	0.01551738159467981	0.01462635569782479	0.07185505334371725	0.2157349341732267	0.09972592916424484	0.01170418228197003	0.02170034561709636	-0.0003318876526437661	0.00218222654176061	-0.004452921756491743	-0.0005630017403998256	-0.0009306905801953289	6.897081704506913e-06	-0.0193243777014031	0.02525893432292125	-0.0003260023293050294	0.004852795397492155	-0.02389076399664264	-0.0269426290301883	3.313745628840154e-17	4.776806374939017e-17
1.045	0.03158538667714333	0.02002561754535953	0.01425962798692256	0.7835931427100329	0.9838149549656106	-0.2502874065438079	0.1534586972985016	-0.2152617268633879	0.1677426491818667	0.3195428394738709	0.08467908821600428	0.05469320059131885	-0.08667947388862449	-0.0629381166692643	0.0246089361663001	1.112231876363745	1.112231876363745	0.4106319072352262	0.4106319072352262	0.05648057836586404	-0.0808610230309213	-0.317368604636944	-0.09683295560493045	-0.1236247983350655	-0.3489257540617106	1.474492052891492	-2.400000312206892	-0.2515847045342742	0.09825672475179185	0.706137932610614	0.6192680126250625	-0.326482064663201	1.463659887714129	0.9488361380626625	0.8898083447630399	0.3326699584636704	0.5800916555865131	-0.006813035498266826	1.212381265087594	0.1542576826994066	-0.2260898254017827	3.072824963653509	-1.29495787552381	0.6629644805259006	-1.448531380490387	0.07650807199588111	-0.5686778523213534	-0.5041980090956423	-0.4012765215763431	-0.5737585347943185	4.240660984890985	4.240660984890985	-0.03185651719807225	-0.03185651719807225	-0.2438624419136275	0.1312748486550863	-0.1687344286534521	1.330277395451635	-0.0189775056750793	0.2715996739917534	3.278625076135349	1.431891036356707	0.9438003057807366	1.856771640640091	-1.044213963577129	0.1890111303559318	0.4486494292851426	0.06386314965637135	-0.03461063514520985	-0.009641523269244645	0.5552038702244143	0.8226589412521749	0.4052860195680834	0.3539142983895343	0.5424511318188386	0.3341753145785433	0.01056037019469512	0.01392505566801901	0.06804594834634464	0.03605709259409413	0.01215050346001002	0.01113008568927832	0.01075896815684631	0.01087233504220137	0.01007428998110445	0.01005385780069755	0.01030066902474515	0.01023851893883814	0.01014687477383096	0.0100902259587306	0.01122946961983676	0.01045805793540251	0.01038878197025565	0.162051565444673	0.2385506419413871	0.01218125710877908	0.01134014296652591	0.01010312509051317	0.2641461487361553	0.01032829216473301	0.01103871312719667	0.02852193874236087	0.05655858589291222	0.01211524520509842	0.0105116505190414	0.1591518001570197	0.01098647108048849	0.03270659087735563	0.080290795243337	0.04226812697845882	0.01031564923045422	0.01019912110090867	0.01084283428787552	0.01147869674472588	0.01050272198217703	0.0104973038043759	0.01163523904112032	0.01286597450917909	0.01520876304379424	0.01507580288525029	0.01487087429346702	0.01469203606039054	0.01120661837319344	0.01076647708792958	0.1410673072058407	0.1532628326104015	0.01200046123462046	0.2536413495559415	0.1730406476253509	0.1696051054081085	0.07959026695194266	0.08744295618029982	0.08566743747633909	0.01084668188181071	0.01122723368154908	0.01485831122288684	0.01473448211391075	0.1161670399540773	0.0106665544691368	0.1277771145859581	0.01412802652514828	0.01127689329771621	0.01144471802623144	0.01219943438273411	0.09595962935904701	0.01559538824384658	0.01462308458222728	0.07123532913453065	0.2126503498494447	0.09884694359206651	3.021351918440617	7.065092872088393	4.261529088274634	0.03439340790618627	0.2609258486873859	-0.02316991146594021	-0.004381026402475409	-0.07434803690927611	-0.01388750626688695	0.03071404697469229	-0.0004914633195117846	0.02619553886142292	0.004337347014112791	0.002285186725542565	0.03969958751281005	0.0002952047712708141	-0.03252693314617955	0.04983412998302451	0.0906429602674606	-0.00744173073814556	-0.2363379506965007	-0.009799143065008235	0.566493191224124	0.8483427137372678	0.4127282663873717	0.3668786710664026	0.5506648457649365	0.3413368693377115	0.01048112507012752	0.01379018443663474	0.08018028510108285	0.04061525341614777	0.01178283316688773	0.01069486479961308	0.01019535350981923	0.01008998799934155	0.01007380354979042	0.01005360892679038	0.0102915496825334	0.01024679035918519	0.01014841991581176	0.01009040827198209	0.01129995972392237	0.01045994562267311	0.01038299170265627	0.1723502171704477	0.2499274735628352	0.01182634780068771	0.01092009598924728	0.01010054883574146	0.2780661356624301	0.01034655089555451	0.01098997636396662	0.02434122358060345	0.05624932002837993	0.01002647532414976	0.01051473877647731	0.1940081419330891	0.01047916297340383	0.0347254291224687	0.08710166326391793	0.04539604130466039	0.01031258379931941	0.01019702561037907	0.01080900925041738	0.01140860419315612	0.01049079547140709	0.01048787231770851	0.01096902823917102	0.01277113436111531	0.01518925731062568	0.01506672997510567	0.01487353255231308	0.01470490791764866	0.01116563948597692	0.01074246016043524	0.1291544132050944	0.1347614036446803	0.01109965411790922	0.264815503172629	0.173005522129049	0.164157277624759	0.08469452562649614	0.09020235077135218	0.08515638883601226	0.01081750388007278	0.01133081197336451	0.01486333128046093	0.01474775549227469	0.1090825466771899	0.01068652444815787	0.1478487235413552	0.01419666405287746	0.01081457366254928	0.01125795345939231	0.01227649354021588	0.1031048176381649	0.01554247117620656	0.01463597857560643	0.07188343766151564	0.2145669465868429	0.09989530046157817	0.01219359338990868	0.02178679195312721	-0.0003890565194228591	0.003306413006817935	-0.004559113094610853	-9.62539145913466e-05	-0.001077479904413789	5.899687353554742e-05	-0.01914284650331704	0.02469406311356295	-0.0004343078896035354	0.004862230037834579	-0.0181362552003537	-0.02892337407886655	-2.455470225060926e-17	1.159901580624331e-17
1.065178571428572	0.03794978139524469	0.03015849925650254	0.014884973658026	0.8076829323842325	0.9871273346194555	-0.254655247920667	0.2135619933532099	-0.2380890515656365	0.1805005119754097	0.2889399901249551	0.08498785791298862	0.04406693901642279	-0.0972262249572957	-0.06939994755723021	0.0125208324574576	1.183761601942594	1.183761601942594	0.4066737591947411	0.4066737591947411	0.05112107558550295	-0.07887801334098156	-0.3205351311780189	-0.06855818479029441	-0.1238944409332284	-0.3432934816374594	1.536190252915619	-2.368680630305144	-0.2243784777854059	0.1309152251223323	0.6856063526581335	0.6230116549605857	-0.3184549628537214	1.466029351640632	0.9481021878100108	0.889648874864744	0.2906012511320358	0.4277408051079351	0.05238862200864075	1.177140563627162	0.1717406734322736	-0.2056744063125056	2.893086024999442	-0.9706847896587636	0.5965623739329748	-1.577685720204471	-0.04122336278556851	-0.483734442682914	-0.5279708785934343	-0.2442627229640868	-0.6056276742635651	2.862152306127042	2.862152306127042	-0.3681738794815237	-0.3681738794815237	-0.2927042782731729	0.06884618166190211	-0.1568689663537403	1.457883578169048	-0.009503455927103641	0.2996830204267446	2.85716375004136	1.631093329436426	1.713670588381286	1.376995686491545	-0.9842813582438652	0.1950757504810735	0.3430314671426512	0.1681291388443766	-0.03670607538644619	-0.006596333286428312	0.5649763768298529	0.8447136405564659	0.4111047739073098	0.366555900866199	0.5475417446680748	0.3409101354621391	0.01045852889042597	0.01366346134098185	0.08494245256259278	0.04372591622139416	0.01168187783394435	0.01066431045316509	0.01020787174838773	0.01012796698936745	0.01007367327388468	0.01005388853646902	0.01029420037734301	0.01025634163095992	0.01014981302632645	0.01009076428285454	0.01143304363461351	0.01045910149797835	0.01037220249817953	0.1795737116758101	0.2529644440366364	0.01171120514025363	0.0108657915656785	0.01009836936689461	0.2813465623002707	0.01036930030841443	0.01094899270732734	0.02354598723608111	0.05850196799690568	0.01015404953146219	0.0105138644012589	0.1972174659503259	0.01047576577770354	0.03500978501389412	0.08699519282736354	0.04577220064966315	0.01031612939544678	0.01019979316183255	0.01077784112744254	0.01132629841120546	0.01048277017459515	0.01048838302146957	0.01090943462693142	0.01277913431546398	0.01525176633287046	0.01509912553326289	0.01487531082502304	0.01470454442281901	0.011188055506599	0.01076494272011886	0.1213854151339616	0.1242737983483516	0.01104151259123964	0.2615162629537817	0.1698121682653057	0.1599576215175237	0.08629686596397031	0.09017321836157179	0.08355403672575298	0.01080791022419365	0.01186810875092634	0.01486120396412753	0.01474046323400513	0.1056722906466708	0.01075946799917549	0.15751476914117	0.01470354958269438	0.01075453073736765	0.01117237616192493	0.01228795088869679	0.1059972471983168	0.01571843865577059	0.01464156339927641	0.070384839839676	0.2094274583329778	0.09787667072507311	3.021351918440617	7.29096988406244	4.310061630066042	0.03399649995397368	0.2323310469894208	-0.003801391753681663	0.0002525975847911595	-0.06758756612807414	-0.01295929256985267	0.03102590497981173	-0.0005088493709288747	0.01983033912517965	0.00396806551117636	0.003087291735804677	0.0381768156408815	0.0004320196380142045	-0.03105178131344271	0.04727335598679432	0.1062635673542823	-0.009196408387194703	-0.2196779044356105	-0.02388162976948873	0.5720872243745048	0.8631630045516141	0.4140166268032079	0.3747042787808936	0.5493496623154295	0.3448738352392799	0.01043128964738869	0.01354302403522632	0.09233313345607827	0.04723320599972975	0.01155730727233671	0.01059088160391912	0.01015587064899602	0.01007250797497192	0.01007351352889246	0.01005409013379442	0.01029537032359945	0.01026506721123395	0.01015112221518655	0.01009107552816489	0.0115501990714671	0.01045861770354366	0.01036273085384583	0.1919900774697537	0.2626899865390445	0.01157638912802313	0.01077439093089006	0.01009630427231114	0.2933650243448732	0.01038993394041006	0.01090996273604419	0.02227326739754985	0.06052008302440775	0.01002304612109441	0.01051348809984855	0.2149572077125663	0.0104167270218665	0.03556747667369904	0.08855355569647184	0.04664687318219916	0.01031869615824701	0.01020182904249893	0.0107485432073494	0.01125087395633278	0.01047488325093226	0.01048776325557235	0.01078588703745137	0.01277485940269125	0.01530131041047908	0.0151249171749813	0.01487709988490402	0.01470576387861561	0.01120188677014771	0.01078071768639079	0.1091498928265225	0.1065792680526845	0.01089226348660134	0.2631586953363104	0.1661391903751505	0.1530878368558182	0.08910852077212421	0.09084918031831669	0.08186079663474265	0.01079681338995452	0.01232137386589554	0.0148600352182093	0.01473598955100102	0.1000573236293108	0.01082146934732391	0.175144349317766	0.01513150261951458	0.01065378436552482	0.01108125406632701	0.0123061181450376	0.1109084169849229	0.01585827981891867	0.014647711646427	0.06910723430151088	0.2040624205802141	0.09613270395274476	0.01282739263549675	0.02166501817737888	-0.0004983032663597714	0.004882096465651796	-0.004601783878407605	0.0002185378218618033	-0.001092473270350227	4.689529779065844e-05	-0.01907649310740183	0.02412299079469193	-0.0007350005076566398	0.004863196974350901	-0.01375335956686772	-0.02841043781114241	-8.224686078962135e-17	-2.457003213690436e-17
1.085357142857143	0.04300908925553622	0.03742972607066961	0.01571180086059761	0.8311742877041766	0.9906527614719189	-0.2585412432138818	0.270569321130641	-0.2545613574819193	0.1916176561535087	0.2561538730260967	0.08320434233735129	0.0352037535485274	-0.1074552530389126	-0.07300065823454728	0.0009232907104828811	1.228270514218849	1.228270514218849	0.3954619696806644	0.3954619696806644	0.04445158133517366	-0.07793831359296072	-0.3241737044847106	-0.03857381230910282	-0.1240791705069886	-0.3363051559810322	1.590629124620931	-2.335839475684976	-0.1840028302699635	0.1536999448908521	0.6666771935464894	0.6276667923325921	-0.3127967229427404	1.470329789611687	0.9474124480701461	0.889524701694739	0.2033162168046445	0.2964586038508465	0.0131568154083135	1.153067417586158	0.1753738652173547	-0.1783316295007657	2.765967930861438	-0.6650799073572952	0.5003445823579901	-1.664926060130711	-0.130868875379007	-0.3939304859637642	-0.4727068811752135	-0.1176964652996431	-0.5251364642375107	1.562491878793326	1.562491878793326	-0.7508015128106819	-0.7508015128106819	-0.3737023044237492	0.02786713759763907	-0.2155213647145842	1.49972464027838	-0.0105613475041954	0.4060049501012384	2.559116428606895	1.582691872164621	2.249088027777453	0.8781314393778822	-0.8853899510340598	0.2793540012286003	0.213859577398563	0.2552517275234499	-0.03022870821410574	-0.006143086482892785	0.5717796487333344	0.8618590753439289	0.4135384300004668	0.3754637007175459	0.5480870839579369	0.345159672453598	0.01040978239384549	0.01341646470612119	0.0971081594378299	0.05029813620825348	0.01146085822643428	0.01056761340270903	0.01017896712766605	0.01012540305451381	0.01007339033116276	0.01005437951553845	0.01029824099589484	0.01027462782106646	0.01015251022549998	0.01009143432954937	0.01168415779758288	0.01045772335442995	0.0103518629098744	0.1986521798722832	0.2658993745027262	0.01146529344205754	0.01072659313085968	0.01009413583566138	0.2968491126017048	0.01041273178137849	0.01086916882099547	0.02146343573185424	0.062683117025329	0.01018735446775125	0.01051254058619577	0.2197146508648769	0.01042246118443429	0.03585846509674359	0.08873730701523085	0.04705666939971059	0.01032236203578487	0.01020468543835597	0.01071746394817063	0.0111684319010925	0.01046694290284289	0.0104884601263007	0.01073680029830145	0.01278450010204297	0.01536485845005315	0.01515784535781725	0.01487886457628393	0.01470521585048178	0.0112254110986097	0.010804026642355	0.1010357247120149	0.09521387762617965	0.01084828942159328	0.2616452079378495	0.1634165962573606	0.1489817985216244	0.09081243943658419	0.09095237695441991	0.08032399239490513	0.01078759282089717	0.01286479985853653	0.01485781120893032	0.01472841721621422	0.09642257924329879	0.01089527391890549	0.1843659433189926	0.0156435242155323	0.01060091953301926	0.01099752744882566	0.0123164541766534	0.1138895031371405	0.01603700484176325	0.01465318879206875	0.06769697416262078	0.2000671714423196	0.09431673872375222	3.021351918440617	7.431498121219842	4.341283569853022	0.03359959200176109	0.2037362452914557	0.01556712795857689	0.004886221572057727	-0.06082709534687215	-0.01203107887281839	0.03133776298493117	-0.0005262354223459647	0.01346513938893639	0.003598784008239929	0.003889396746066789	0.03665404376895295	0.0005688345047575949	-0.02957662948070586	0.04471258199056415	0.1218841744411039	-0.01095108603624385	-0.2030178581747203	-0.03796411647396923	0.5776812575248854	0.8779832953659604	0.4153049872190441	0.3825298864953847	0.5480344788659226	0.3484108011408483	0.01038145422464986	0.0132958636338179	0.1044859818110737	0.05385115858331174	0.01133178137778568	0.01048689840822516	0.01011638778817282	0.0100550279506023	0.01007322350799449	0.01005457134079845	0.01029919096466549	0.0102833440632827	0.01015382451456135	0.01009174278434769	0.01180043841901184	0.0104572897844142	0.01034247000503539	0.2116299377690599	0.2754524995152537	0.01132643045535855	0.01062868587253285	0.01009205970888081	0.3086639130273163	0.0104333169852656	0.01082994910812176	0.02020531121449626	0.06479084602043557	0.01001961691803905	0.01051223742321979	0.2359062734920435	0.01035429107032917	0.03640952422492939	0.09000544812902576	0.04789770505973793	0.01032480851717461	0.01020663247461878	0.01068807716428143	0.01109314371950943	0.01045897103045743	0.01048765419343619	0.01060274583573173	0.0127785844442672	0.01541336351033248	0.01518310437485692	0.01488066721749497	0.01470661983958257	0.0112381340543185	0.01081897521234634	0.08914537244795072	0.07839713246068862	0.01068487285529346	0.2615018874999919	0.159272858621252	0.1420183960868774	0.09352251591775226	0.09149600986528121	0.07856520443347302	0.01077612289983626	0.01331193575842657	0.01485673915595767	0.01472422360972736	0.09103210058143166	0.01095641424648994	0.2024399750941768	0.0160663411861517	0.01049299506850036	0.01090455467326171	0.01233574274985931	0.1187120163316809	0.01617408846163078	0.01465944471724758	0.06633103094150614	0.1935578945735854	0.09237010744391135	0.01346119188108483	0.02154324440163055	-0.0006075500132966837	0.006457779924485658	-0.004644454662204357	0.0005333295583149533	-0.001107466636286665	3.479372204576946e-05	-0.01901013971148663	0.02355191847582092	-0.001035693125709744	0.004864163910867224	-0.01078741534856517	-0.02733376793361241	-3.644291578722293e-17	-4.177893202612905e-17
1.105535714285714	0.04636371270209968	0.04215444884075657	0.01545677946913286	0.8542940098988271	0.9941228458742732	-0.2618621246061942	0.3243304378654945	-0.2647283453993167	0.2006579421510082	0.2213029413360534	0.08004647671523434	0.02868099012823903	-0.1164224422719792	-0.07419641532470971	-0.008711991823091609	1.247237064685725	1.247237064685725	0.3757586737575747	0.3757586737575747	0.03598282103479707	-0.07757085823711136	-0.3297054550498785	-0.008602521668393254	-0.1244736648877926	-0.3262427414354087	1.638954319407096	-2.301632023912954	-0.1358334061343607	0.1670709789135667	0.650208100454213	0.6350799438650576	-0.3099279216063348	1.475827835295182	0.9469099933254412	0.8893355134869206	0.1322821272734326	0.1720080972349183	-0.02258045977664252	1.139391733457284	0.1664821955486087	-0.1524662852256689	2.538251673661276	-0.3519688692257317	0.373712886350755	-1.780411351247743	-0.1756013732456831	-0.2466921841845792	-0.4196219150689659	0.0003483259819906213	-0.4472246222953111	0.3204983359414231	0.3204983359414231	-1.175794324622131	-1.175794324622131	-0.4625531569290402	0.01408197381343746	-0.3439941905636304	1.459872075243983	-0.03497218512203405	0.6092636363039733	2.219492834058575	1.769079172054247	2.466948367483624	0.4775642943773455	-0.743665189340597	0.4728125109618238	0.05443634866134273	0.2837870977686696	-0.01858892925645048	-0.01148840688452258	0.5755341705743048	0.877250109586347	0.4110008382689807	0.3793363600348888	0.5416665584262701	0.345313750793719	0.01038953102870845	0.01314839745789247	0.09959291347100249	0.05171934372444786	0.01144816615224512	0.01053520452588518	0.01012498568295729	0.01006269364024109	0.01007500679901519	0.01005623750306733	0.01032274997845944	0.0102961306124232	0.01015694871757905	0.01009358516017525	0.01206324974520249	0.01045636355734954	0.01033319866069732	0.2138966515647921	0.2750095698445257	0.01142284443691682	0.01068083110109423	0.01009175044288947	0.3068643615932294	0.0104321255505864	0.01079663891699043	0.02893394958925745	0.06941887588389323	0.0100332023869884	0.0105031682416788	0.2243015440734969	0.01039507535591488	0.03749236047296666	0.09375910939572961	0.04968433557655654	0.01033493035392914	0.01021375518368899	0.01067455749343514	0.01105697301288484	0.01045919286647205	0.01049595678342314	0.01057306644012178	0.012860352369451	0.01520790438036685	0.01507729070900641	0.0149089778705833	0.01481335693288618	0.01138205956729182	0.01096249618074549	0.0816454459205216	0.06596620668214839	0.01064809219705126	0.258884952753595	0.1563750412026747	0.1381989413439913	0.09373103460695313	0.09080520780094171	0.07746768407925089	0.01078291854940947	0.01918506851940306	0.01489581240507667	0.01482311850943598	0.08861312659941104	0.01112786096585106	0.2020299691738817	0.01694190595754615	0.01047165717460224	0.01087482204429842	0.01377200238465523	0.1191828271774355	0.01565246384566803	0.01478767781154739	0.06187378742732368	0.1823922303437233	0.08628994525266059	3.021351918440617	7.516554267619754	4.356866825555946	0.02870758313288373	0.1794693992245899	0.01590712231123715	0.01132612744574121	-0.05274374747803823	-0.01093928995485056	0.03178131849366181	-0.0005555458395925136	0.01110412202626324	0.002334108493030562	0.005467520264668202	0.03611667558430614	0.0008282554067023275	-0.02925747356518304	0.04220373024372694	0.1303372516392602	-0.01170312330571654	-0.1898701790402308	-0.03457901048905544	0.5770642516251248	0.8916629109072679	0.4058118083470945	0.3795027362997784	0.5312538127481475	0.3430175518959566	0.01039303236348768	0.01301277009893407	0.09666152205863383	0.05044100917322425	0.01152930472970853	0.01056588545993131	0.01012517278733865	0.01006127097282692	0.01007644775934602	0.01005762173011718	0.01034214435413658	0.0103075552619395	0.01015964947889304	0.01009512648143041	0.01229251512339689	0.01045555718582612	0.0103245757263774	0.2225235115350744	0.2796678464394945	0.01148648098926403	0.01071274999003411	0.01009127046093224	0.3113955968006488	0.01043341231596521	0.01076498422419827	0.03624828638922266	0.07423876805271516	0.01002596037694556	0.010495705252557	0.2176342115518428	0.01042098261205117	0.03853107333463293	0.09782499495101997	0.05145199549438	0.01034348692182124	0.01021979879430931	0.01066022995911916	0.0110189140454498	0.01045849757398357	0.01050266951232517	0.0105339355457814	0.01292708827048496	0.01504321341023429	0.01499253071396719	0.0149326616753503	0.01490198517923839	0.01150165955736433	0.01108186563165339	0.07112558670095423	0.04994103198868178	0.01059985845422395	0.2554136826784985	0.1515420574970569	0.131566117035385	0.09464791141654109	0.09026186779468007	0.07598743393790351	0.01078722094789712	0.02415055690061629	0.01492807677528388	0.01490458789114975	0.08478622878687328	0.01127532177390553	0.2093157491029577	0.01772233873760464	0.01044228059124038	0.01084011926340199	0.01496059991683833	0.1211425807787268	0.015235610024518	0.01489468635921016	0.05742169079180395	0.1664602145583176	0.07979241106973525	0.01376457134560253	0.02089047981066843	-0.0006741128440327247	0.006158313877185812	-0.004585631395462698	0.0006558714124591783	-0.0009778741451758808	3.248517419653738e-05	-0.01895484568453764	0.02288512748013331	-0.001268307213437422	0.004731416950898645	-0.005834182595785501	-0.02652492128505053	1.334164858215234e-17	-5.825859545174142e-17
1.125714285714286	0.0484729144916826	0.0443785679225494	0.01544029222346311	0.877195095335783	0.99728750349234	-0.2647608799998424	0.3720245879179389	-0.2691430465181833	0.2058129586355549	0.1846613104374262	0.07638077151462185	0.02548531489410211	-0.1245330783846409	-0.07293940805494396	-0.01782600240435468	1.241330814575066	1.241330814575066	0.3490715504043769	0.3490715504043769	0.02591041758459176	-0.07714688050551165	-0.3385097741097994	0.01989815846970127	-0.1257501737357562	-0.3109933351756191	1.679751751522634	-2.266006399044901	-0.08679578460160561	0.1742009456496298	0.6367973526092292	0.6474508396370887	-0.311247375772827	1.481544510201234	0.9467019306060546	0.8891062585515588	0.0798761941658651	0.04861115863939293	0.03679913782339186	1.131397225673071	0.1451014759782275	-0.13649259246504	2.164640259684605	-0.09494174679495079	0.1152559226671018	-1.842411291423977	-0.1812034176723703	-0.06416599317707271	-0.3878095807456955	0.1254093827640321	-0.4734705716190338	-0.9027768510153871	-0.9027768510153871	-1.44300387756476	-1.44300387756476	-0.5326474661766835	0.03346935537112721	-0.5398821358759492	1.353965015240429	-0.0979822504439077	0.9201138633637372	1.813001898420766	1.723254161328636	2.335139451212012	0.2595477791079969	-0.5822619265236378	0.7707410409023409	-0.2012595520922046	0.2769211725910947	-0.001050029598489015	-0.01011430195624648	0.5762120776605425	0.8914774114284686	0.4032745236399992	0.377988363493227	0.5278666173552062	0.3412000495157371	0.01040178522984219	0.01286494634613664	0.09251164985197109	0.04843179126106102	0.01164985453256518	0.01061653320487293	0.01013512204596009	0.010070425751758	0.01007826587963206	0.01005931375006681	0.01036609608801531	0.01032039912458887	0.01016280354912649	0.01009699553229208	0.01255728906958267	0.01045462305970672	0.0103153203820068	0.2253405677111681	0.2801509550232698	0.01158691448415967	0.01076759846849216	0.01009099573641537	0.3111057057186565	0.01043181098989769	0.01073182460107474	0.04484270753889861	0.07868277327459387	0.01004299696079609	0.01048648468731332	0.2098029812542429	0.01046376211984963	0.03960474341049663	0.1013479241661372	0.05320604736259749	0.01035373887574812	0.01022700941272755	0.01064702288510697	0.01098348871067219	0.01045887342348474	0.01051113085480032	0.01050621981666302	0.01301016191625341	0.01483445021333052	0.01488501066779899	0.0149613112284869	0.0150100683149805	0.0116476808164657	0.0112274884268052	0.06315691761498787	0.0365378912277702	0.01056544039403451	0.2534207563241231	0.1486843463718016	0.1276047596316983	0.09497466334479912	0.08964410070456785	0.07486628676519365	0.01079434398291384	0.03000240706097492	0.01496766652269029	0.01500480726115297	0.08220512224425622	0.01144844500469243	0.210367700996634	0.01860026918302651	0.01042258431098686	0.01081157177148901	0.01641281940434373	0.1218564571729374	0.01470546025634879	0.01502447022308673	0.05303446540540255	0.1562945951613061	0.07390983016773887	3.021351918440617	7.569563135123241	4.361607897661863	0.02381557426400637	0.1552025531577242	0.01624711666389741	0.0177660333194247	-0.04466039960920429	-0.009847501036882731	0.03222487400239246	-0.0005848562568390626	0.008743104663590082	0.001069432977821195	0.007045643783269614	0.03557930739965932	0.00108767630864706	-0.02893831764966022	0.03969487849688975	0.1387903288374164	-0.01245516057518923	-0.1767224999057413	-0.03119390450414164	0.5764472457253642	0.9053425264485752	0.3963186294751449	0.3764755861041721	0.5144731466303722	0.3376243026510647	0.01040461050232551	0.01272967656405024	0.088837062306194	0.04703085976313675	0.01172682808163139	0.01064487251163745	0.01013395778650448	0.01006751399505154	0.01007967201069754	0.01006067211943591	0.01038509774360767	0.01033176646059629	0.01016547444322473	0.01009851017851313	0.01278459182778194	0.01045382458723803	0.0103066814477194	0.233417085301089	0.2838831933637351	0.0116465315231695	0.01079681410753538	0.01009048121298368	0.3141272805739813	0.01043350764666483	0.01070001934027477	0.05229126156394907	0.08368669008499477	0.01003230383585206	0.0104791730818942	0.1993621496116421	0.01048767415377318	0.04065262244433649	0.1056445417730142	0.05500628592902206	0.01036216532646787	0.01023296511399984	0.0106323827539569	0.01094468437139016	0.01045802411750971	0.01051768483121416	0.01046512525583107	0.01307559209670272	0.0146730633101361	0.01480195705307747	0.01498465613320562	0.01509735051889422	0.01176518506041016	0.01134475605096043	0.05310580095395775	0.02148493151667493	0.01051484405315443	0.2493254778570051	0.1438112563728618	0.1211138379838925	0.09577330691532994	0.08902772572407891	0.073409663442334	0.01079831899595799	0.034989178042806	0.01499941439461009	0.01508495217257214	0.07854035699231492	0.01159422930132112	0.2161915231117387	0.01937833628905758	0.01039156611398039	0.01077568385354227	0.01758545708381735	0.1235731452257728	0.01429713158740522	0.01512992800117275	0.04851235064210178	0.1393625345430499	0.06721471469555916	0.01406795081012022	0.0202377152197063	-0.0007406756747687656	0.005858847829885967	-0.004526808128721038	0.0007784132666034034	-0.0008482816540650968	3.01766263473053e-05	-0.01889955165758865	0.02221833648444571	-0.001500921301165099	0.004598669990930066	-0.002788324537031029	-0.02682887146095777	3.700749774900532e-17	-2.29190920392461e-17
1.145892857142857	0.0496670283473971	0.04410485067683807	0.01734863805119999	0.8999616940827283	0.9999040116448341	-0.267405675582313	0.4109545984629954	-0.2688881337484632	0.2050964009349039	0.1475498368684948	0.07265152083226814	0.02587882769963668	-0.1322007664590948	-0.06907312592639062	-0.02831923229327737	1.211116543994718	1.211116543994718	0.3189539243728066	0.3189539243728066	0.01472106543349033	-0.07606061106980382	-0.3516032033245218	0.04576919478397338	-0.1286545726745263	-0.2888388474627785	1.711952489856635	-2.230241237444722	-0.04314198462880726	0.1796001957683152	0.6267578933042159	0.6666869513947666	-0.3181890563147609	1.48693093252601	0.9468573443030224	0.8889380706799361	0.04081127740046648	-0.06861090720096703	0.1542727091954018	1.125251299737188	0.1132551701004318	-0.125586809472554	1.685382805416067	0.1097024700418025	-0.1761180210350332	-1.829689545500679	-0.1858873516192678	0.09774468581613349	-0.3753345811345748	0.2496268851861793	-0.5728534033746696	-2.079583830627506	-2.079583830627506	-1.528693334536739	-1.528693334536739	-0.5687525245984891	0.07854128261067361	-0.752609636921608	1.206583766741065	-0.1962598868268818	1.271039158602065	1.377514010245593	1.788260124184724	1.966902621996871	0.2765180307443817	-0.4158219337539779	1.14205430701146	-0.4747651109276627	0.2563933711673329	0.01645760426197134	-0.006388809178059884	0.5750670112650726	0.9053694181402476	0.391452431047196	0.3710431582889369	0.5097307651286158	0.3348783735017503	0.01043435329697915	0.01259900063868656	0.08289048167297287	0.04400443019676747	0.01195730992264625	0.01077016159953179	0.01015058144865406	0.01007582607738864	0.01008356874771353	0.01006368119288223	0.01044539105469742	0.01034555120951218	0.01016997897206163	0.01010169995200925	0.01321468749007226	0.01045552419636625	0.01030412427689005	0.2326080982739644	0.2819869956236772	0.01185327818459706	0.01093141181127698	0.01009170606494005	0.310749099555642	0.01043308688282388	0.01067866043607086	0.06466871163555558	0.08696754857165284	0.01004163608892378	0.01046878623971823	0.1894085689026428	0.01059260579869564	0.04256070434112942	0.1118292440507534	0.05805227903757935	0.01037632140907258	0.01024385564005336	0.01062052490055631	0.01091496094522824	0.01045928159697825	0.01052827398259616	0.0104441420256379	0.01319847446002838	0.01461358418571546	0.01476775452725297	0.01499727857156911	0.01514844274139629	0.01200972093994348	0.01167793820805537	0.04542970014636878	0.01995111080645336	0.01048490987378307	0.2494874614167282	0.1419771414514739	0.1175757805957106	0.09653502479921994	0.08872726956563806	0.07267001621004886	0.01081205593057528	0.04413944587481488	0.01501631235922216	0.01513043588984109	0.07523581704472732	0.012182104390486	0.2181996867757899	0.02038843691406178	0.010377383513334	0.01075591555932773	0.02068430707064131	0.1242439832216505	0.01419302549261284	0.01519403609828078	0.04527868253899589	0.1308929558285038	0.06257202617121897	3.021351918440617	7.609550870293172	4.365734100978049	0.0138200792731235	0.1390321471433599	0.009908743021568208	0.02696386733530475	-0.03701818958556419	-0.007487058429770176	0.03419067388797418	-0.0004617472612167918	0.007848575552792921	3.99343345103366e-05	0.007270278595756735	0.03469367458086003	0.001108961842199339	-0.0266528433517939	0.04023244746774528	0.1410825853969544	-0.008039189200892588	-0.168154849550294	-0.0213585131609316	0.5729899381082254	0.9189825104642318	0.379315034535415	0.3620994214922753	0.4911275373675846	0.3287233300779061	0.01045902459383475	0.01247583592167285	0.07612651580112439	0.04104598066894495	0.01215550315849949	0.01087599644235671	0.01016405922594962	0.01008230936310672	0.01008691098795396	0.01006629168009226	0.01049686222228162	0.01035808636516649	0.0101739580538356	0.01010447574423644	0.01359552446455322	0.01045682853139218	0.01030108268746219	0.2355402508236222	0.2815692273734836	0.01202994763775924	0.01104503087132473	0.01009265211967319	0.3079337673928216	0.01043292880291552	0.01065763961480523	0.07756744808884349	0.09139912761691139	0.01004810387044665	0.01045947335158005	0.17292081350842	0.01068121568756217	0.04443155515757296	0.1194262697478886	0.0612073268483286	0.0103888394023613	0.01025342342678143	0.010609192049704	0.01088627659336815	0.01046021819333432	0.01053767091346242	0.01042243145150147	0.01330739628440045	0.01454521186879737	0.01472957021728976	0.01501051550315819	0.0152011935234633	0.01222405448621822	0.01196480765714716	0.03649450690231346	0.01634118913094393	0.01045481342209324	0.2475509226627135	0.1382277955977408	0.1117937074133736	0.09751310659573069	0.08827184347006567	0.0716289287972908	0.01082375863801382	0.0530386217312604	0.01503409293736304	0.01517768357614347	0.07117664103890074	0.01268212724824157	0.2233786318223113	0.02133589113153164	0.01036235942330348	0.01073573835435317	0.02343354006314648	0.1254970524848871	0.01405868685765952	0.01525975303874539	0.04152906768174882	0.1156805789449191	0.05672999011274191	0.0139102246972871	0.01927859039308865	-0.0008749297351366152	0.004633598362509113	-0.004411936599893678	0.001029120465878118	-0.000743538159045372	-7.062220087120325e-05	-0.01947218464811899	0.02142392388256732	-0.001636553731103279	0.00438036137954933	0.0004501911051228614	-0.0269293773634447	5.740850751554257e-17	1.889780722801163e-17
1.166071428571429	0.05021408715212753	0.04189736401212075	0.02174402850258842	0.9226125147200236	1.001818662035305	-0.269826798344727	0.4396977112264233	-0.2651397187250575	0.1991153489051107	0.1110706642795584	0.06898115722156087	0.02921110001676271	-0.139808075358496	-0.06319491646043882	-0.04119845561853024	1.157902279079831	1.157902279079831	0.2879191503270442	0.2879191503270442	0.003265242532846281	-0.0738018271672895	-0.3686705070002904	0.06844471964320147	-0.1339278382389029	-0.2598871015969214	1.735301434199861	-2.195183292482802	-0.008414287864853074	0.1853975073132574	0.6198939917130072	0.6937913965372884	-0.3299232409108309	1.491869176040202	0.9473662633962463	0.8888551575397284	0.0157433041568248	-0.143054482890405	0.283302675742838	1.119921873212191	0.07553681283967405	-0.1143232510081142	1.154965435310779	0.251316883658839	-0.4065346657080564	-1.779740751813862	-0.1753668229605113	0.2271092858479214	-0.3818250961387046	0.3248216498336129	-0.7099584166358321	-3.182422307182089	-3.182422307182089	-1.533907043573162	-1.533907043573162	-0.5590587263083416	0.1496831786298252	-0.9337528789177008	1.037241755979429	-0.3327725708579871	1.593824405963614	0.9356559453527387	1.653158352934899	1.450428336707102	0.2990016549847812	-0.2675163832085047	1.550611252497462	-0.6762688034756136	0.2324999099490022	0.03398767339327331	-0.001662293178861584	0.5722953928384051	0.9190843851396487	0.3756585975107271	0.358420317205261	0.4877390501976813	0.3265367928611725	0.01048922889712034	0.01234529687915675	0.070251732432182	0.03802274581300747	0.01238818367523527	0.01100285933900915	0.01018099822742871	0.01009082489094907	0.01009084961163675	0.010069327873906	0.01055783443358358	0.01037189521159763	0.01017849069961124	0.01010769276875109	0.01402775374469777	0.01045857267750893	0.01029864500584615	0.2355993783534585	0.280510129265358	0.0122388599236617	0.01118132338106013	0.01009390858382649	0.3058124717478335	0.01043246869895319	0.01063650270290313	0.08925087453443584	0.09464707560777184	0.01005780851637145	0.01044904374775995	0.1634669043646138	0.01078748069176818	0.04631409271735115	0.1252021461969127	0.06417750650606058	0.01040308188723922	0.01026439105481902	0.01059740270650132	0.01085675596051263	0.01046151349077961	0.0105483196333339	0.01040185450452576	0.01343100110687864	0.01448715726498296	0.01469605775382735	0.01502298023154667	0.0152517361754768	0.01247027068982965	0.01230102555033398	0.02844013899412092	0.01458707481412263	0.01042530496807292	0.2473032561194667	0.1362283565927482	0.1080955099249896	0.09825912443605259	0.08795998405181289	0.07086366989284704	0.01083765528589358	0.06186274627083225	0.01505077263234066	0.01522264589855789	0.0678396300282782	0.01327590789322012	0.2254497706560583	0.0223434710906694	0.01034851476676091	0.01071629315516002	0.02652004710952421	0.126208208178232	0.01395877688348641	0.0153232229858865	0.03821247141122372	0.1064409179638407	0.05191525105916533	3.021351918440617	7.6440302732292	4.377489791700778	0.003824584282240632	0.1228617411289955	0.003570369379239006	0.03616170135118479	-0.02937597956192409	-0.005126615822657622	0.03615647377355589	-0.000338638265594521	0.006954046441995762	-0.0009895643088005219	0.007494913408243856	0.03380804176206074	0.001130247375751618	-0.02436736905392758	0.04077001643860081	0.1433748419564924	-0.003623217826595942	-0.1595871991948468	-0.01152312181772156	0.5695326304910866	0.9326224944798887	0.362311439595685	0.3477232568803786	0.4677819281047969	0.3198223575047473	0.01051343868534399	0.01222199527929545	0.06341596929605479	0.03506110157475316	0.01258417823536759	0.01110712037307597	0.01019416066539476	0.01009710473116189	0.01009414996521037	0.0100719112407486	0.01060862670095557	0.01038440626973669	0.01018244166444649	0.01011044130995974	0.01440645710132451	0.01045983247554633	0.01029548392720498	0.2376634163461553	0.279255261383232	0.01241336375234898	0.01129324763511409	0.0100948230263627	0.3017402542116618	0.01043234995916621	0.01061525988933569	0.1028436346137379	0.09911156514882802	0.01006390390504124	0.01043977362126589	0.146479477405198	0.01087475722135117	0.04821048787080942	0.1332079977227631	0.06740836776763516	0.01041551347825474	0.01027388173956301	0.01058600134545111	0.01082786881534614	0.01046241226915893	0.01055765699571068	0.01037973764717187	0.01353920047209818	0.01441736042745864	0.01465718338150206	0.01503637487311076	0.01530503652803238	0.01268292391202628	0.01258485926333389	0.01988321285066918	0.01119744674521293	0.01039478279103205	0.245776367468422	0.1326443348226198	0.1024735768428548	0.09925290627613145	0.08751596121605246	0.06984819415224758	0.01084919828006965	0.0710880654197148	0.01506877148011598	0.01527041497971481	0.06381292508548657	0.01377002519516203	0.2305657405328839	0.02329344597400571	0.01033315273262657	0.01069579285516407	0.0292816230424756	0.1274209597440015	0.01382024212791381	0.01538957807631803	0.03454578472139587	0.09199862334678834	0.04624526552992465	0.01375249858445398	0.01831946556647099	-0.001009183795504465	0.003408348895132259	-0.004297065071066318	0.001279827665152832	-0.0006387946640256472	-0.0001714210280897118	-0.02004481763864934	0.02062951128068893	-0.001772186161041459	0.004162052768168595	0.0005639471154221156	-0.02794296721910947	-1.340953696717637e-18	2.033283502416244e-17
1.18625	0.04991830819262422	0.0386784987871949	0.02837297004049798	0.9451569278408543	1.002880431607838	-0.2719717119647783	0.4583043170530967	-0.2589545294762779	0.1898068158850253	0.07651608615365481	0.06562450692331595	0.03452199443189071	-0.1471406547785285	-0.05641477494688431	-0.05666741812016884	1.083579760301696	1.083579760301696	0.257691426815538	0.257691426815538	-0.007630260429453982	-0.06997009401201376	-0.3887842424594074	0.08764933546855334	-0.142181987024089	-0.2253239634114412	1.75041870660709	-2.162066790540746	0.01505393168641014	0.1922030169594758	0.6156671704878308	0.7289766081656093	-0.3444510745550291	1.496176511665814	0.9482011766572331	0.8889588655245704	-0.04797343249656678	-0.172010648686728	0.3683755469815759	1.115207955343379	0.02896032228615085	-0.09781262701947774	0.6937926820178073	0.3567442383746508	-0.5023380094946374	-1.640967108269863	-0.155976225670077	0.2914151439889652	-0.3399776976927735	0.3420436776164149	-0.8187753543146584	-4.169567448103168	-4.169567448103168	-1.461148493381566	-1.461148493381566	-0.5171581595174157	0.2269199668187874	-1.041164831952794	0.8705325552306113	-0.4804599018308507	1.803459620325379	0.5655023160127323	1.599671463714417	0.8948193733052396	0.3874090714958633	-0.1605789800298012	1.917998142123118	-0.7503174234449881	0.195024140277767	0.04743286468288179	0.01147216367436894	0.5688411545398995	0.9300005202188144	0.3605454782585493	0.3451483155096449	0.4669998260160282	0.3186435794165976	0.01056066673434358	0.01212196512123717	0.06133339635717631	0.03396505736756387	0.01273026935443348	0.01123171861560868	0.01020592090338022	0.0101025616573775	0.01009811004157291	0.01007490701935931	0.01073763972050989	0.01039325741014164	0.01018598211976413	0.01011314953729487	0.01468126736637966	0.01046145015611284	0.01029507360248203	0.2361282156776448	0.2773773156350287	0.01255493957496031	0.01141893357986698	0.01009536543037512	0.2989480047718899	0.01044550646475532	0.0106012338343028	0.1113436383219394	0.1007564055564678	0.01007570646351446	0.01043687705647214	0.1441034023114527	0.01098463981904361	0.0505282381900888	0.1399735487284311	0.070941778922015	0.01043018818400022	0.01028786145581536	0.01056999886728725	0.0107904700623586	0.01046078974224654	0.01056802048102806	0.01035939123438572	0.01365518231206844	0.01440570328882203	0.01465019046176343	0.0150385022471492	0.01531722362659167	0.01299712487931705	0.01319696552598114	0.01844253907231244	0.01127263593098021	0.01037137607929763	0.2468851879339505	0.1320680848555734	0.1004946221872138	0.1004374286099916	0.08809765186006292	0.07006555762326014	0.01086089437912853	0.07869186691068712	0.01507315640004264	0.01528303494831424	0.06194211254352266	0.01906083475758667	0.2359927597945111	0.02464392913570296	0.01031458851053592	0.01066706807500702	0.03026191042873426	0.1290259338896747	0.01380296996352049	0.01540216909683031	0.03229569748147701	0.08605364569152564	0.04291779081243788	3.021351918440617	7.680519832569867	4.398719261536308	0.003797427747265823	0.1241992832909415	0.0112231341257311	0.04458629723403799	-0.02752784115189291	-0.002757526001609358	0.03741674896112476	-0.0001283790422349848	0.006441552065994916	0.001667998870402871	0.006024361688143963	0.0308052512137911	0.0008086234710854276	-0.01907541682550153	0.03935276012951935	0.1452694840220148	-0.004543995629267447	-0.1637971895674658	-0.01189896584599043	0.5653309810691558	0.9386140501074497	0.3489752296549982	0.3344578231144558	0.4500771351990271	0.3128436480284074	0.01060202671211797	0.01202565076577909	0.05789834837105651	0.0325324357548603	0.01287297036765489	0.01134557188630175	0.0102169880618223	0.01010771348469743	0.01010171129678731	0.01007764056090176	0.01084898974028023	0.01040188034353495	0.01018931246543315	0.01011566626860775	0.01495324615989512	0.01046291380415345	0.01029439091428666	0.2352263705031433	0.2741824455491418	0.01269136759612913	0.01153462215203176	0.01009590922522307	0.2927347266808656	0.01045626963092193	0.01058739662534001	0.1237226545749778	0.1036241707714453	0.01008602974864252	0.01043348508516951	0.1351191482035005	0.01108443065472146	0.05296889751350373	0.1499473665335455	0.07498617424377756	0.01044357361565074	0.01030034748009621	0.01055562987201318	0.0107566088951362	0.01045955956882435	0.01057754058437018	0.0103402994325546	0.01376353291519034	0.01438783564778285	0.01463980487051426	0.0150418574505764	0.01533369289320604	0.01328047890578674	0.01373425374320521	0.01602677119264033	0.01093748817799618	0.01034885269437977	0.2475118306806213	0.1302378610522908	0.09687636218532435	0.1019070895359167	0.08855762932241669	0.07004470600579259	0.0108717634506448	0.08798882570026938	0.01507893201606224	0.01529920031316683	0.05932948142773684	0.02354445004115353	0.2453188327038746	0.02591875613462079	0.01029770176823632	0.01064126068285919	0.03149923956326024	0.1311313903267676	0.01377252799718471	0.0154205417520627	0.02975194502629717	0.07618510750739091	0.03889966857695607	0.01354129687889224	0.01753603717239348	-0.001213340671206472	0.002843372962460646	-0.004381690741148128	0.001406554034904749	-0.0004968169951893369	-9.760880321729308e-05	-0.02109870805005785	0.01989242816263206	-0.002165985918569919	0.004231550297440182	0.0008054214062065671	-0.02772130009049097	-7.807915831325052e-17	1.25901647586973e-17
1.206428571428571	0.04816041642781831	0.03511583806546123	0.0363947180569418	0.9676449228011937	1.002957545419301	-0.2737557799610644	0.4678813737504945	-0.2509436879608473	0.179397049781596	0.04501423698890328	0.06274094484454945	0.04065436944279393	-0.1533281846577371	-0.04959879766733263	-0.07406136673874772	0.9902152241984805	0.9902152241984805	0.2289903817202117	0.2289903817202117	-0.01745680994787341	-0.0647722913290296	-0.4099360392134762	0.10375078345172	-0.1531209710698455	-0.1882525000290482	1.758236860729421	-2.131816212864917	0.02847268407826759	0.2015117677181499	0.6130440620461068	0.7704386398997322	-0.359665517938078	1.4997640997974	0.9492267655350741	0.889299207693645	-0.1291740712360002	-0.1771297887687022	0.4213507514913665	1.114329984738723	-0.02205738648749998	-0.07855802104201302	0.2600012738250531	0.4322664888490287	-0.5156834314908133	-1.477169385752774	-0.1284766631538006	0.3085303714468809	-0.2683334602340258	0.3283735133660773	-0.9007535007927465	-5.069772696924655	-5.069772696924655	-1.382590244801354	-1.382590244801354	-0.4531093584192672	0.2850812203141994	-1.036640370098763	0.7296711379929344	-0.5988801365074364	1.842437168843472	0.2122035135751307	1.369102142477073	0.454374954535909	0.5471105086087031	-0.1085643197158772	2.172738555019424	-0.744322158122769	0.1611621052313428	0.05288649559474325	0.02179171446190903	0.5648571280999223	0.9376076080031118	0.3466746453605474	0.3317869098715779	0.448315038229604	0.3114291372961703	0.01064960880959399	0.01192607499436194	0.0556051570324876	0.03140666318643021	0.01301794604444202	0.0114702979050598	0.01022870249347668	0.01011314584271408	0.01010567781718474	0.01008063955414547	0.01097921782054259	0.01041064827415805	0.010192839493416	0.0101183694480112	0.01522585682838221	0.01046453579076104	0.0102940335763814	0.2342160734630975	0.272684511563413	0.01283211777213524	0.01166031272570679	0.01009644360574545	0.290361216269942	0.01046965645065302	0.01057352457409941	0.1318611022950749	0.1053569493587106	0.01009792347122872	0.01043071299165974	0.1315230849701827	0.01119452060489609	0.05525134694179702	0.156287311218474	0.07842925482413583	0.01045826763184274	0.01031439056694025	0.01053956399822728	0.01071910130656551	0.01045789195789597	0.01058790742999198	0.01032001525815277	0.01387945520045687	0.01437701116884509	0.01463326191645231	0.01504382993889691	0.01534532054754006	0.01359559070447345	0.01434974421690085	0.01453632230817285	0.01105920223845701	0.01032561275835521	0.2482237058448492	0.1294635337401774	0.09468938584299225	0.1030498690051583	0.08908005765595546	0.07021436410892579	0.01088344495559893	0.09529050079049385	0.01508312864948796	0.01531133895869061	0.05736791547625201	0.02882084882678517	0.2499041776500881	0.02726372665594881	0.01027910352320196	0.01061242179438679	0.03246847517080202	0.1326367610112288	0.01375705750666642	0.0154324081924266	0.02745605636976335	0.06954644359037153	0.03545370724136564	3.021351918440617	7.724827150263099	4.423578942617907	0.003770271212291014	0.1255368254528874	0.01887589887222321	0.05301089311689121	-0.02567970274186173	-0.0003884361805610936	0.03867702414869363	8.188018112455143e-05	0.00592905768999407	0.004325562049606264	0.004553809968044071	0.02780246066552146	0.0004869995664192369	-0.01378346459707548	0.03793550382043789	0.1471641260875372	-0.00546477343193895	-0.1680071799400849	-0.01227480987425931	0.561129331647225	0.9446056057350108	0.3356390197143113	0.3211923893485329	0.4323723422932572	0.3058649385520674	0.01069061473889196	0.01182930625226274	0.05238072744605822	0.03000376993496744	0.01316176249994219	0.01158402339952754	0.01023981545824985	0.01011832223823297	0.01010927262836425	0.01008336988105492	0.01108935277960488	0.0104193544173332	0.01019618326641981	0.01012089122725577	0.01550003521846573	0.01046599513276057	0.01029329790136834	0.2327893246601314	0.2691096297150516	0.01296937143990928	0.01177599666894942	0.01009699542408343	0.2837291991500694	0.01048018930267766	0.01055953336134433	0.1446016745362176	0.1081367763940625	0.01010815559224381	0.01042719654907312	0.123758819001803	0.01129410408809175	0.05772730715619805	0.166686735344328	0.08256398071991998	0.01047163375304674	0.01032681322062941	0.01052525839857525	0.01068534897492627	0.01045670686848976	0.01059742417302967	0.01030086121793733	0.01398786535828249	0.01435831086810706	0.01462242635952646	0.01504734002804205	0.0153623492583797	0.0138780338995472	0.01488364822307653	0.01217032953461147	0.01067752961077943	0.01030292259772748	0.2492472938928206	0.1278313872819617	0.0912791475277939	0.1045612727957019	0.08959929742878091	0.0702412178593376	0.01089432862121995	0.1048895859808239	0.0150890925520085	0.01532798564661885	0.05484603776998712	0.03331887488714504	0.2600719248748652	0.02854406629523588	0.01026225080384607	0.0105867285105543	0.03371685608404488	0.1348418209095336	0.01372481386645561	0.01545150542780737	0.02495810533119847	0.06037159166799347	0.0315540716239875	0.01333009517333049	0.01675260877831596	-0.00141749754690848	0.002278397029789033	-0.004466316411229937	0.001533280404656665	-0.0003548393263530265	-2.379657834487436e-05	-0.02215259846146637	0.01915534504457519	-0.00255978567609838	0.004301047826711769	-0.0009044222780577632	-0.02787867043664481	5.215079235413296e-17	2.330482060292807e-17
1.226607142857143	0.04454559864483638	0.03160493003328012	0.04511732943636688	0.9901627381753884	1.001961582582174	-0.2751199111692285	0.4691459096449113	-0.2415806480045208	0.169521329259382	0.01708802217943362	0.060501772753387	0.04669532799105389	-0.157699954362242	-0.04329023232480874	-0.09272055011057108	0.8796634545555718	0.8796634545555718	0.2018862779873099	0.2018862779873099	-0.02588105236734593	-0.05861120983001542	-0.4300313473769248	0.1173114371533978	-0.166004958937731	-0.1520740339267565	1.759054737058586	-2.104956644704214	0.03393089980879096	0.2132968549914941	0.6109559773560636	0.8156409001961934	-0.373992167421377	1.502581138341656	0.9502920241685596	0.8899187205184299	-0.2335344585587142	-0.171046836378263	0.4385986626692329	1.118352102291781	-0.07706838081290042	-0.05614623995775988	-0.1218216105832107	0.4947901690868848	-0.4547160635999914	-1.275460856695918	-0.09388615608047871	0.2875408305315192	-0.1577481630489664	0.2955673768746231	-0.9416197103731645	-5.859038604243938	-5.859038604243938	-1.277000824270276	-1.277000824270276	-0.3824672996749712	0.3220077203908521	-0.9440957793746197	0.6195421249369443	-0.6668755864225347	1.720745129533453	-0.1244923899943468	1.254002841580442	0.1098157342356857	0.6181175704041444	-0.1067204992729456	2.278589207408105	-0.667603432576598	0.118661661962182	0.05182111309045468	0.03927818324250925	0.5616279048470622	0.9426724276417051	0.3355082805232288	0.3209069234178966	0.4329661640541008	0.3052888435832322	0.010762239444995	0.0117842258968093	0.05205023724718746	0.02981229183259569	0.01319113573659881	0.01162014427238341	0.01023896594616331	0.01011805721145948	0.01011157361124218	0.01008517773440791	0.01126144785097899	0.01043314060191363	0.01019855529473258	0.01012219517656447	0.01602426008307378	0.01046576038221043	0.01029129517949456	0.2309672220489931	0.2691775819528212	0.01300117612337852	0.01181119367739855	0.01009618400149414	0.2819443069877757	0.01050500471818733	0.0105509031493538	0.155040994260362	0.1099380790978584	0.01011439009134498	0.01043009294955451	0.1237734941977242	0.0113263306284104	0.0593219067016927	0.1707647995891157	0.08511673006454715	0.01048663464262426	0.01034613218999686	0.01050773984220495	0.01064939497541207	0.01045276694417209	0.01060867169596875	0.01028597452072664	0.01414076665235172	0.01435978700265312	0.0146231936089905	0.01504694373117401	0.01536135782685254	0.01445844227927426	0.01617733794260511	0.01209812156228275	0.01064123525518842	0.01028495534353357	0.2524356095614378	0.1295958807369726	0.09238800551941351	0.1061907524836821	0.09130719357604898	0.07199206365790646	0.01091059360779653	0.1116792341256685	0.01508881232301735	0.01532735498956679	0.05694433727589072	0.04194484288526258	0.268667886470184	0.03026688443773243	0.01024851173617809	0.01056278019023469	0.03342979540677547	0.1374772133624047	0.01372851379634313	0.01544998407467481	0.02273995416419221	0.04994981681421637	0.02775871124486304	3.021351918440617	7.780440737867902	4.446337636032109	0.01387642734386433	0.1323937201940607	0.0399114584233143	0.05804634850982433	-0.02549590206286065	0.001127536181120281	0.0389860281402141	0.0002235052314592173	0.004277718218262929	0.00581242217518303	0.001852482191981361	0.02346348186347598	8.588999255215275e-05	-0.005490271164748831	0.03381130347415402	0.1511859981193433	-0.01220202100842772	-0.1758046920967708	-0.02606580955250359	0.5592660215559297	0.9461025170486931	0.3282213804525813	0.3138845750502157	0.4218770689743362	0.3011517965158431	0.01082548172549947	0.01173625173097953	0.05112321462943267	0.02943743718483957	0.0132319078469708	0.01166255952563134	0.01023948802830317	0.0101184062828616	0.01011384957415518	0.01008695540725731	0.01141494404937041	0.01044538908832959	0.01020086297501571	0.01012353801845894	0.0164927950227492	0.01046572863255173	0.01028957478274573	0.2279786189794919	0.2672963595155072	0.01304313753855344	0.01185312643209636	0.01009558032596572	0.2757658790157975	0.01052649261195019	0.01054229020819964	0.1710385575536633	0.1125936625925188	0.01012061048818735	0.01043207862935622	0.121242803441026	0.01136388796093045	0.06128338994129037	0.1794014232501186	0.08860947505624268	0.01050039324651255	0.0103633147317148	0.01049181243986412	0.01061619980661665	0.01044940939277752	0.01061893764532065	0.01027168466524227	0.01427990255271694	0.0143588112180152	0.01462255040064116	0.01504703209828914	0.01536256798651842	0.0149717583968474	0.01731590690658237	0.01176138103469432	0.01056910477530321	0.01026775515674521	0.2570630324189778	0.1309440332014747	0.09258315335387335	0.1082842976965993	0.09313473463050927	0.07366430297092359	0.01092513893858181	0.1213224213183861	0.0150892889167344	0.01532881796070352	0.05837354130377229	0.05025238863454295	0.2852945620241454	0.03193569765578471	0.01023541645865349	0.01054032454611975	0.03337030090085345	0.1410722853339394	0.01372782049793207	0.01545100423999716	0.02050826661088176	0.03851158230332609	0.02389390450639157	0.01314494178105211	0.01686590063417595	-0.001621142479709349	0.002149548831210854	-0.004539227883710042	0.001414904341498295	-0.0002932291171435676	-0.0001336517623604608	-0.02320450533830311	0.01919783961105766	-0.002972059287842478	0.00432920803282109	-0.002509111783030117	-0.02797333878865377	2.548195973708911e-16	4.047954058555274e-17
1.246785714285714	0.03855702410119686	0.02820509478263177	0.05390996278273127	1.012811826802065	0.9998307043618099	-0.2760014360599087	0.4634833944408366	-0.2310141722670188	0.1613863396804303	-0.005843151702983231	0.0589347281339965	0.05215059227604737	-0.1594028079309719	-0.03772433254313108	-0.1117786332992816	0.7549126458731074	0.7549126458731074	0.178537195241949	0.178537195241949	-0.03291661427995513	-0.05192093064514441	-0.4475926665453335	0.1289615110839204	-0.1795804974400302	-0.1197221503832601	1.753480968589638	-2.08278549111591	0.03384079465611087	0.2263421537619589	0.60840118617643	0.8612298192822546	-0.3862827698728051	1.504577679011304	0.9512827829870785	0.8908709182327205	-0.364449077602062	-0.1661208051123572	0.4282909818428722	1.127341138967064	-0.1345445749145133	-0.03072447453035274	-0.4265737023086039	0.5515450795496128	-0.3431508070258775	-0.982085683248426	-0.06185871904896937	0.2504792586275493	-0.003803719343060314	0.254764183441495	-0.9402904737939575	-6.477111079606289	-6.477111079606289	-1.010411173469862	-1.010411173469862	-0.3154702285354691	0.3375326723637245	-0.7854839387319726	0.5403039394359719	-0.6674232082369406	1.46316526921066	-0.4213046434060406	0.904409724681737	-0.09554711530372313	0.6720164269073711	-0.1548219540823444	2.211062258059428	-0.5425192664683145	0.07983842208444572	0.04550244313787542	0.05476579200582631	0.5593598481434011	0.945342421611545	0.3271758363679655	0.3127477519779175	0.4211067573698902	0.3002493839370882	0.01089755184868366	0.01169209878141338	0.05071473512396442	0.02924031483548083	0.01325941880582757	0.01169724847734388	0.0102384111092766	0.01011803689618984	0.01011612200228724	0.01008874260776338	0.01158780894721379	0.01045924974449768	0.01020321267881669	0.01012481647796757	0.01701891656114303	0.0104654623149622	0.01028755098605318	0.2264194971336473	0.2670250241835612	0.01307319641939476	0.01188686086814464	0.01009474389834771	0.2738449232178005	0.01055153763129439	0.01053377265441935	0.1805877102215936	0.1143852228464611	0.01012675794534328	0.01043509173728934	0.120694103602296	0.01139484848133745	0.06287869393187599	0.1835469804318204	0.09115694692727816	0.01051540142838596	0.0103827338678582	0.01047425835748957	0.01058025143341076	0.01044542340530419	0.01063020034999652	0.01025690065011747	0.01443322391773305	0.01436057492778775	0.01462347975061328	0.01504658313780982	0.01536133901225601	0.01555487478329873	0.01861338245307564	0.01172012357773082	0.01053907038689995	0.01024990338246775	0.2595586646203965	0.1323996964307239	0.09343462257514237	0.1098555104231344	0.09474663062799113	0.07532877544180684	0.01094147840951038	0.1278473664455713	0.01508892449578081	0.01532795863969742	0.0603335165100749	0.05859572532010836	0.2923626636867715	0.03364611813227827	0.01022175683611763	0.01051644134330019	0.03309073622223421	0.143531925655938	0.01373205688924591	0.01544921340184672	0.01826515443920448	0.02768429110214917	0.02002759074189202	3.021351918440617	7.847609184293042	4.464075170501709	0.02398258347543765	0.1392506149352339	0.0609470179744054	0.06308180390275744	-0.02531210138385957	0.002643508542801655	0.03929503213173458	0.0003651302817938831	0.002626378746531787	0.007299282300759794	-0.0008488455840813485	0.0191245030614305	-0.0003152195813149315	0.00280292226757782	0.02968710312787013	0.1552078701511494	-0.01893926858491649	-0.1836022042534567	-0.03985680923074786	0.5574027114646344	0.9475994283623754	0.3208037411908513	0.3065767607518986	0.4113817956554151	0.2964386544796187	0.01096034871210698	0.01164319720969633	0.04986570181280711	0.0288711044347117	0.0133020531939994	0.01174109565173513	0.0102391605983565	0.01011849032749024	0.01011842651994611	0.01009054093345971	0.01174053531913593	0.01047142375932598	0.01020554268361162	0.01012618480966212	0.01748555482703266	0.01046546213234289	0.01028585166412313	0.2231679132988524	0.265483089315963	0.01311690363719761	0.0119302561952433	0.010094165227848	0.2678025588815255	0.01057279592122272	0.01052504705505496	0.197475440571109	0.1170505487909751	0.0101330653841309	0.01043696070963932	0.1187267878802489	0.01143367183376915	0.0648394727263827	0.1921161111559091	0.0946549693925654	0.01052915273997835	0.01039981624280018	0.01045836648115298	0.01054705063830703	0.01044211191706527	0.01064045111761163	0.01024250811254721	0.01457193974715138	0.01435931156792335	0.01462267444175587	0.01504672416853623	0.01536278671465715	0.0160654828941476	0.0197481655900882	0.01135243253477717	0.01046067993982698	0.01023258771576293	0.264878770945135	0.1340566791209878	0.09388715917995281	0.1120073225974967	0.09667017183223763	0.07708738808250958	0.01095594925594368	0.1377552566559481	0.0150894852814603	0.01532965027478819	0.06190104483755746	0.06718590238194086	0.3105171991734256	0.03532732901633354	0.01020858211346092	0.0104939205816852	0.03302374571766201	0.1473027497583451	0.01373082712940852	0.01545050305218695	0.01605842789056506	0.01665157293865871	0.01623373738879563	0.01295978838877373	0.01697919249003595	-0.001824787412510218	0.002020700632632676	-0.004612139356190146	0.001296528278339925	-0.0002316189079341086	-0.0002435069463760472	-0.02425641221513984	0.01924033417754011	-0.003384332899586577	0.004357368238930411	-0.006641061430129702	-0.02873341078649798	2.378616147554406e-16	1.978660647620768e-17
1.266964285714286	0.02990991872380164	0.02478217310991338	0.06226956960197045	1.035696811431525	0.9965538128294179	-0.2763476035348501	0.4523524080310319	-0.2193044604838766	0.1557923930708399	-0.02222313613660738	0.0578372665793896	0.0566785563480323	-0.1578475582428355	-0.03290280120245527	-0.1303885025445234	0.619889383464252	0.619889383464252	0.1622083495544279	0.1622083495544279	-0.0386491266272645	-0.04513294630882664	-0.4616344619219369	0.1392686246542906	-0.1925006682610481	-0.0932892708183784	1.742158091704336	-2.066959618367609	0.03061010288754841	0.2399265266950837	0.6045065155050156	0.9039549396665802	-0.3957583013431721	1.505909788340291	0.9521118222836097	0.8920232921677986	-0.482601035885328	-0.1736814394563292	0.3889082647552644	1.142263346509144	-0.1885347679796208	-0.002866468141538788	-0.6631943044601131	0.6104999325687135	-0.2080762947299953	-0.6601850313774696	-0.04893429173070412	0.1923375515710931	0.1490971641626055	0.2238769871236493	-0.8888160968170749	-6.838733906138031	-6.838733906138031	-0.6171793841687094	-0.6171793841687094	-0.2536484237843663	0.3318866857327838	-0.6121990591859768	0.4852566473352075	-0.6038813276913432	1.15959293089316	-0.6941691872209489	0.6596862081160966	-0.2114043496800408	0.6716717807718589	-0.232501883631058	2.006993347109067	-0.3927254939512527	0.05667407370565545	0.03670144055929344	0.05942410907136351	0.5561997256360811	0.942973550739315	0.3198599167321929	0.3057584503580916	0.4108796047231935	0.2953440413116293	0.01105718988558802	0.01170060444737505	0.04902631112323555	0.02848258293693954	0.01332305684521074	0.0117653969765177	0.01024286041365696	0.0101235744725184	0.01011809852473671	0.01009044944403079	0.01169779199372894	0.01048348187218104	0.0102053005382534	0.01012540324341327	0.01818165841680104	0.01046281336869588	0.01028174545594589	0.2208482041890946	0.2667410123537808	0.01314150321873496	0.01195663837932023	0.0100922605241465	0.2672740537100371	0.01057180925679189	0.01053095024347023	0.2113399411563986	0.1203657700492251	0.01013631620424902	0.01043608256293085	0.1167895282385534	0.0114543879739607	0.06305278272494413	0.1857015193464784	0.09206168656440716	0.01052736753213286	0.01040645407834961	0.01044117990946289	0.01052071652176482	0.01043121051920802	0.01063686104406708	0.01023523055685379	0.01500337589934192	0.01437129470037768	0.01462908146396142	0.01504162609916977	0.0153454127934052	0.0185118770017506	0.02311750717769624	0.01131409295658748	0.01044038378541294	0.01022159848586026	0.2704065684844127	0.1384962980052786	0.09854339751773314	0.1147595499031106	0.09970469437998095	0.08008362807841692	0.01096348241828394	0.1421690162631091	0.01508445124173331	0.01531688704810226	0.06709184301356715	0.07221663786949679	0.3150749139882379	0.037350669181965	0.01020283044827734	0.01048117465094993	0.03202199650311691	0.1511200928165696	0.0137544497682445	0.01542598664136056	0.01506331635088704	0.01586654622315611	0.01518931260478441	3.021351918440617	7.925367715083683	4.475811932570634	0.03800778555962701	0.1645274550539576	0.08723346719777179	0.06727323132118383	-0.03110432185428945	0.001745079189298213	0.04039372156973315	0.0003018046021664972	0.003631343948213051	0.009621188411766502	-0.00126262906805775	0.01845433252891047	-0.0004185339214812802	0.009774588745091134	0.02326858754117254	0.1569735857492043	-0.02800578059052395	-0.2050270179851594	-0.05761101856953744	0.552566582775638	0.9369508930623568	0.314589556113806	0.3009165757514165	0.4030484126419064	0.2916230139598089	0.01114360280488447	0.01174229040765593	0.0481097522184542	0.02809498288166064	0.01334531520730806	0.01179030147784375	0.01024597131681081	0.01012778472583871	0.01011808208316745	0.01009057111161987	0.01167979684716001	0.01049469863142961	0.01020535748224118	0.01012491326891009	0.01882099710675867	0.01046064368537513	0.01027819726575669	0.216412246500836	0.2675458366305457	0.01316682824087031	0.01198322968396377	0.0100906386681395	0.2632518272609468	0.0105733430851998	0.01053482551087065	0.2353988282029247	0.1246570741981441	0.01013966643799723	0.01043556880444441	0.1141536975388171	0.01147574370216677	0.06179405610516014	0.1817684628037015	0.09039657456679467	0.01052741912181226	0.01041376704552632	0.01042535431469618	0.01049548270854627	0.01042191751140768	0.01063504989559984	0.01022769554540777	0.01537741733076174	0.01438106624687917	0.01463429404585457	0.01503741487723649	0.01533116515256473	0.02061915805489156	0.02611221352136686	0.01124131339407127	0.01041512655068044	0.01021070523121669	0.2805279039517546	0.1438660527361348	0.1033446639864656	0.1182553871828257	0.1032822666213282	0.08339558239173119	0.01097126668130701	0.1502819523949621	0.01508034256237826	0.0153064961822057	0.07229625922886283	0.07877286802329768	0.3320938628499774	0.03938788983709503	0.01019667933537952	0.01046825404756553	0.03114309707385877	0.1566942140443383	0.01377382973735465	0.01540578755226608	0.01396372567745508	0.01367661712112927	0.01384048060809293	0.01288466931077035	0.01760440441923316	-0.001857165722944974	0.001932670692287474	-0.004914415194139175	0.001011983319711936	-9.718249279816769e-06	-0.0001125646016812105	-0.0249415590934454	0.01975846921694696	-0.004035966973965223	0.004724794077420527	-0.01250651567710886	-0.02888727167463694	1.110902383238887e-16	-1.984015467912184e-17
1.287142857142857	0.01948452422537859	0.0211740470824957	0.06914658864253696	1.058965125789348	0.9922909867311155	-0.2760880830965429	0.4372627896626062	-0.2063181698461461	0.153118810474898	-0.03324374943219417	0.05687843678682672	0.05967175130238635	-0.1537430428210233	-0.02865883225625078	-0.147026749682378	0.4816244759432741	0.4816244759432741	0.1532600767690962	0.1532600767690962	-0.04319109331920876	-0.03866301693587614	-0.4725385823434716	0.1487053237503047	-0.2035769579377509	-0.07280878371326541	1.725740454339127	-2.056343488565088	0.02584420206714285	0.2533388329919501	0.5989654736792578	0.941554527604726	-0.4019737292570169	1.507045699678577	0.9527653049584462	0.8932679879019748	-0.5407042825180942	-0.1844773429232609	0.2813442285585023	1.165334881955115	-0.2322655230401541	0.02930830979161456	-0.8189336840480133	0.678073249207915	-0.05369879859346039	-0.4508913757615402	-0.04811822581982655	0.09836054962342702	0.2488668666495909	0.1975190611576117	-0.74487306138037	-6.798406878329946	-6.798406878329946	-0.2788853636953419	-0.2788853636953419	-0.1974692432249445	0.3060086405963471	-0.4744931467251682	0.4540327702962511	-0.4846668470304988	0.8731936271804891	-0.926272053803874	0.3880458220911204	-0.2477094284067547	0.6549620346410538	-0.3180021038933577	1.703044882862842	-0.2193939582112505	0.06039224955466896	0.02810214081061522	0.06391627120847396	0.5518517702501878	0.9350479455408401	0.3133734532796514	0.2997861966057522	0.4020182983757075	0.2904949829922614	0.01124089297312969	0.01180146855643428	0.04726874003354949	0.02770578972608435	0.01336595644183462	0.01181422755021972	0.01024972175910638	0.01013294998202006	0.01011770392256791	0.01009044332401401	0.01163368265753635	0.01050673578246155	0.0102050664587467	0.01012409155741778	0.01951734757855494	0.01045794897471702	0.01027405143872232	0.2142665902202183	0.2683455721674341	0.01319109545905996	0.01200928215205841	0.0100887113762066	0.2623032589813835	0.01057194095924798	0.01054099431723448	0.2473266056751386	0.1277802642896902	0.01014285330849221	0.0104346401248699	0.1122617857056669	0.01149610780041092	0.06013098467532042	0.1771286827589746	0.08814887742552829	0.01052534475967657	0.01042019666517506	0.010408167785524	0.0104693124016702	0.01041088892883369	0.01063120700577133	0.0102205646083608	0.01581201196617767	0.0143932283022396	0.01464079676210374	0.01503224975508057	0.01531355503942559	0.02306970702011872	0.02946273302763866	0.01120868939887833	0.01039594505665284	0.01019985299407824	0.2850183430185501	0.1478522644070093	0.1076337411559585	0.1208609378561661	0.1061624734959132	0.08627562107185595	0.01097866195019248	0.154719559735982	0.01507523684167403	0.01529355083361663	0.0772636640133119	0.08371214989427386	0.3366062572160151	0.04139063989620684	0.01019107827546027	0.01045570967049263	0.03014359342526388	0.1602393120964271	0.01379780197884662	0.01538094957777952	0.01297362345669642	0.01284609045286803	0.01280558233444071	3.021351918440617	8.014244988572177	4.481465715745848	0.05203298764381638	0.1898042951726812	0.1135199164211382	0.07146465873961025	-0.03689654232471933	0.0008466498357947704	0.04149241100773172	0.0002384789225391113	0.004636309149894314	0.01194309452277321	-0.001676412552034151	0.01778416199639044	-0.0005218482616476291	0.01674625522260445	0.01685007195447497	0.1587393013472591	-0.03707229259613141	-0.2264518317168621	-0.07536522790832702	0.5477304540866417	0.926302357762338	0.3083753710367607	0.2952563907509344	0.3947150296283977	0.2868073734399991	0.01132685689766196	0.01184138360561554	0.0463538026241013	0.02731886132860957	0.01338857722061673	0.01183950730395236	0.01025278203526513	0.01013707912418718	0.01011773764638878	0.01009060128978003	0.01161905837518408	0.01051797350353324	0.01020517228087074	0.01012364172815807	0.02015643938648468	0.01045582523840736	0.01027054286739025	0.2096565797028196	0.2696085839451283	0.01321675284454301	0.01203620317268423	0.010087112108431	0.258701095640368	0.01057389024917688	0.01054460396668635	0.2733222158347404	0.1322635996053131	0.01014626749186356	0.0104341768992495	0.1095806071973853	0.01151781557056439	0.0587486394839376	0.171420814451494	0.08613817974102395	0.01052568550364617	0.01042771784825246	0.01039234214823938	0.01044391477878551	0.01040172310575009	0.01062964867358805	0.01021288297826833	0.0161828949143721	0.014402820925835	0.01464591364995326	0.01502810558593674	0.01529954359047231	0.02517283321563551	0.03247626145264552	0.01113019425336537	0.0103695731615339	0.01018882274667045	0.2961770369583742	0.1536754263512818	0.1128021687929784	0.1245034517681546	0.1098943614104187	0.08970377670095278	0.01098658410667035	0.1628086481339759	0.01507119984329621	0.01528334208962322	0.08269147362016821	0.0903598336646545	0.3536705265265292	0.04344845065785654	0.01018477655729811	0.01044258751344587	0.02926244843005553	0.1660856783303316	0.01381683234530077	0.0153610720523452	0.01186902346434509	0.01070166130359983	0.01144722382739022	0.01280955023276698	0.01822961634843037	-0.001889544033379731	0.001844640751942272	-0.005216691032088205	0.0007274383610839476	0.0002121824093744751	1.83777430136262e-05	-0.02562670597175096	0.02027660425635381	-0.004687601048343869	0.005092219915910643	-0.01763091156175136	-0.02940088886083435	-5.609208071828725e-17	-2.576358266789214e-17
1.307321428571429	0.00855376635929727	0.01741772961637385	0.07343808072012507	1.082768914001594	0.98726991849047	-0.2751680502047399	0.4199708946298808	-0.1920962339089255	0.1531158399305947	-0.04134414530001176	0.05592334766716809	0.06071944493012379	-0.1482917464569747	-0.02493337017093998	-0.1601484371029287	0.3488238837692751	0.3488238837692751	0.1503806287182959	0.1503806287182959	-0.04658899867745044	-0.0328375955355279	-0.4811173845393064	0.1576646635286951	-0.2119033455786266	-0.05761397522789621	1.705391886552831	-2.048620811159198	0.02133479897018063	0.2663750311808771	0.5917368691508239	0.9724374109002301	-0.4050513070258474	1.508337736211585	0.9532576720525886	0.8945250666100848	-0.5367250567893558	-0.1870161736441655	0.1452864821041654	1.194446378181441	-0.2633364311215551	0.06123335012232781	-0.8759742590236276	0.7285989345400384	0.04691719758477981	-0.3647790651768671	-0.04719504662717161	0.005210966989119182	0.2844391194883568	0.173634849389563	-0.5547924337266467	-6.287490837413403	-6.287490837413403	-0.0142044431665578	-0.0142044431665578	-0.1381996113681661	0.2713637602620658	-0.3866005605821471	0.4334700177216604	-0.3416187222551489	0.6483600595012955	-1.070889303232839	0.3686400913433223	-0.1861670586176485	0.6330598686090081	-0.3938978928933862	1.359900096836414	-0.09128231242755298	0.06942438704512911	0.02143406775633734	0.05961144140327378	0.5447605365822961	0.9190971881521822	0.3078441788242788	0.2951023240224719	0.3942486813954147	0.2853525582650691	0.01338145170816984	0.01207662861801755	0.04519658122180123	0.02679697757515075	0.01340589184407726	0.01185831627544793	0.01026873194507475	0.01014967600865484	0.01011672312926099	0.01009017591913731	0.01156784797821907	0.01049895381632938	0.01020252130970827	0.0101223081650616	0.01904106122925011	0.01045074385140978	0.01026739316255794	0.2065662072905642	0.2672440118446181	0.01323670709042348	0.01205845370692522	0.01008626839083279	0.2567542506987318	0.01052347315009848	0.01056628447315756	0.2827212849345068	0.1353779778861535	0.01014646669708894	0.01042417362960932	0.1065731604182693	0.01153466016956274	0.05350819240675837	0.1567836035389197	0.07806486868266922	0.01050831965362066	0.0104132244829062	0.01038021820380612	0.01043037667986258	0.01038890942237674	0.01061109006087194	0.01021029427931361	0.01669855750297153	0.01436414664942971	0.01462343832865336	0.01503511507092974	0.01532981764713083	0.0287247728295717	0.03706498766327384	0.01112187124820255	0.01036170132336354	0.01018341711183931	0.3023202911080513	0.1580913337915993	0.1167662852330588	0.1283445732848236	0.1133018693336145	0.09241255281242448	0.01097050016817967	0.1669025862014983	0.01508165869167139	0.01531171748115107	0.08539861597312455	0.09316893368377722	0.3581659181971251	0.04509010298908756	0.01018358677060718	0.01043611605774407	0.0310095845822578	0.1707584799270797	0.01374792057637036	0.01539737357205458	0.01175162900185929	0.01077055796930142	0.01138719350906772	3.021351918440617	8.114121850398261	4.482664854990279	0.05909698563853989	0.2228239639850619	0.1318091915456088	0.07772893176160339	-0.04111762843150291	2.251288752605161e-05	0.04454703747904068	0.0001518732858578463	0.007274584937139467	0.008242551724961529	-0.001516526163141195	0.02095194596634476	-0.0004349107465717787	0.01973485670600103	0.01215334857062014	0.1558338525220305	-0.04121752556277467	-0.2514506218668543	-0.08792387827538022	0.5364449091173881	0.8976900546920046	0.3040931328465882	0.2922329442984257	0.3883809152329968	0.2812867656963604	0.01508605148070092	0.01227464865613987	0.04399589625759232	0.02629526997455687	0.01342280312034439	0.01187662850156648	0.01028212527621073	0.01016043715442333	0.01011589658742679	0.01008984510667981	0.01152413174651783	0.01048460986428478	0.01020036296862332	0.01012116763760454	0.01818706873547473	0.01044634810384931	0.01026442985814473	0.2006869014626056	0.2648372339540535	0.01325613275551577	0.01207980056522205	0.01008540321616701	0.252306257975445	0.01048238255500079	0.01058444595965901	0.3091165168812202	0.140213373146349	0.01014700321043429	0.01041592963028703	0.102699068202885	0.01155092950157951	0.048433551410129	0.1380113740770394	0.06974336026912623	0.01049413056130545	0.01040218092993763	0.01036855025617958	0.0104164942707554	0.0103774081812783	0.01059571010906906	0.0102073338522888	0.0171727149169112	0.01433325833979547	0.01460542355890497	0.01504043585450024	0.01535327191665778	0.03205904882185141	0.04153343970075137	0.0111062953994169	0.01035235762646692	0.01017778483386462	0.3171237073361093	0.1651674648122422	0.1224186727154745	0.1335889313831963	0.1179153020739275	0.09597670457857907	0.01095818647172309	0.1746150809503203	0.01508985354125382	0.0153340489768043	0.08934669895015657	0.09763576751230585	0.3756662995726335	0.04690889676804166	0.01018192301234631	0.0104293722433167	0.03238875174481596	0.1783622344128099	0.01369318201454239	0.01542513319735644	0.01152861450940368	0.01058242212268959	0.01118282635405018	0.01261975271384281	0.01865330926532113	-0.0015328288699006	0.001780590149191648	-0.005613822712716156	0.0005441597169063149	0.0004629591670304033	-9.49556227428582e-05	-0.025417777952861	0.02067039988042528	-0.005023928828792277	0.005443166530005399	-0.02307697615950229	-0.03011657132890603	-2.510569228052635e-16	-8.515969104653358e-18
1.3275	-0.001935103867059893	0.01365946159201533	0.07506156418313165	1.107188445486764	0.9817466748590516	-0.2736430089015768	0.4026769094946637	-0.1770324720355491	0.1547504506567897	-0.04848173531486157	0.05494756467425367	0.05987112702250376	-0.1425463722287274	-0.02157456278576144	-0.1693806235566766	0.230972235172589	0.230972235172589	0.1523763510247204	0.1523763510247204	-0.04872344926253636	-0.02771213603490699	-0.4885767493713852	0.1661786528683756	-0.2174046877114301	-0.04601649861235384	1.683316966694864	-2.041819255852977	0.01885862850586614	0.2787234117434119	0.5832530483880453	0.9965163850114703	-0.4058853181411586	1.509918352000785	0.9536599941620666	0.8956306460708553	-0.4969065695542831	-0.1846706725891964	0.01690443667077361	1.226364303696172	-0.2820386591167472	0.08927374525384638	-0.8191408446489425	0.7615108641189313	0.1086101414913323	-0.3554628310426106	-0.05016929998323282	-0.0895627175978459	0.2780144071719465	0.1611780643303425	-0.3593650009539057	-5.316741674206901	-5.316741674206901	0.2043173619764968	0.2043173619764968	-0.07224186747853341	0.2366318859331078	-0.3635400628838544	0.4098918418577438	-0.2046623364958974	0.5166439197286254	-1.09737951577477	0.2967487644246694	-0.04618548605582907	0.5867889601667922	-0.442412916500993	1.028675123006602	0.002977249925172358	0.08899479530111523	0.01917732817130739	0.04890041660491641	0.5346766592749007	0.8946315876807229	0.3032767182757576	0.2917193882826168	0.3875291095891243	0.2798920858837055	0.01716076251046844	0.01251279526768899	0.04283930777972882	0.02577223792847522	0.01344001620818744	0.01189529996059487	0.01029829594140631	0.010173176689013	0.01011486347533893	0.01008940915519063	0.01147233963776486	0.01046504922236038	0.01019766329634054	0.01011981914659681	0.01705443161839799	0.01044121850452495	0.01026129177946422	0.1977494904114269	0.2631835657791707	0.01327597444114383	0.01210194144137528	0.01008457538602919	0.2504972686730974	0.01043105288203642	0.01060643161338425	0.317645350849966	0.143236089980756	0.01014714031211388	0.01040576104262418	0.09975475706955625	0.01156766456890366	0.04323644723644127	0.1244632622406237	0.06186593415090687	0.0104764573592616	0.01038729304117355	0.01035651383449898	0.01040319864809003	0.01036454420833761	0.0105768607624652	0.01020484650415973	0.01768875192257792	0.01429392420089103	0.01458257923129763	0.01504759105822142	0.01538410795776754	0.03556831675219245	0.04603413301758516	0.01109924230739384	0.01034484709613478	0.01017249508596197	0.3222986391049639	0.1693312695221228	0.1262569198406913	0.1372106069309089	0.1211931307121745	0.09863733984421121	0.01094168679227947	0.1786340225387749	0.01510049992243647	0.01536291314558073	0.09208063118879636	0.1005110873876438	0.3798184841922881	0.04853999052546974	0.01018083300224363	0.01042303559298137	0.03412268045209058	0.1826991629397471	0.01362300766669242	0.01546214507505589	0.01142655409490673	0.01068601024996246	0.01114324116241745	3.021351918440617	8.222639193214569	4.483310230550789	0.06616098363326341	0.2558436327974426	0.1500984666700795	0.08399320478359654	-0.04533871453828648	-0.0008016240607426672	0.04760166395034964	6.526764917658117e-05	0.009912860724384621	0.004542008927149848	-0.001356639774248239	0.02411972993629909	-0.0003479732314959282	0.02272345818939761	0.007456625186765319	0.1529284036968019	-0.04536275852941794	-0.2764494120168464	-0.1004825286424334	0.5251593641481345	0.8690777516216711	0.2998108946564158	0.289209497845917	0.382046800837596	0.2757661579527217	0.01884524606373989	0.0127079137066642	0.04163798989108333	0.02527167862050417	0.01345702902007206	0.0119137496991806	0.01031146851715634	0.01018379518465948	0.01011405552846479	0.01008908892357958	0.01142920511785159	0.01045124622503633	0.01019555365637589	0.01011869354705101	0.01621769808446478	0.01043687096929127	0.01025831684889921	0.1917172232223917	0.2600658839629786	0.01329551266648854	0.01212339795775987	0.01008369432390301	0.2459114203105222	0.0103908748608247	0.01062428795263168	0.3449108179276998	0.1481631466873848	0.01014773892900503	0.01039768236132457	0.09581752920838468	0.01158404343259463	0.03811846333632041	0.1046019337025847	0.05334854079722853	0.01046257561896473	0.01037664401162279	0.01034475836411979	0.01038907376272529	0.0103530932568065	0.01056177154455007	0.01020178472630928	0.01816253491945029	0.01426369575375593	0.01456493346785668	0.01505276612306374	0.01540700024284324	0.0389452644280673	0.05059061794885721	0.01108239654546843	0.01033514209139993	0.01016674692105879	0.3380703777138446	0.1766595032732027	0.1320351766379705	0.1426744109982381	0.1259362427374364	0.1022496324562054	0.01092978883677583	0.1864215137666646	0.01510850723921142	0.01538475586398539	0.09600192428014495	0.1049117013599572	0.3976620726187376	0.05036934287822678	0.01017906946739451	0.01041615697318753	0.03551505505957639	0.1906387904952883	0.013569531683784	0.01548919434236768	0.01118820555446227	0.01046318294177936	0.01091842888071015	0.01242995519491864	0.01907700218221188	-0.001176113706421469	0.001716539546441024	-0.006010954393344107	0.0003608810727286822	0.0007137359246863316	-0.0002082889884993426	-0.02520884993397103	0.02106419550449675	-0.005360256609240682	0.005794113144100154	-0.02702858103880327	-0.03091675939057575	-2.941756967871419e-16	-2.79310515130428e-18
1.347678571428571	-0.01143156417479631	0.01006202619785443	0.07454397919485088	1.132271822413397	0.9759693732165193	-0.2716289765073495	0.3874928446763666	-0.1616773715750396	0.1575406863970487	-0.05595666371928223	0.05392916175898702	0.05722850988844988	-0.1371761887790145	-0.01839912892048575	-0.1750386031744694	0.1366832848239571	0.1366832848239571	0.1583892007782654	0.1583892007782654	-0.04949809909805981	-0.02327370861812459	-0.4960362073474932	0.1740778419558325	-0.2202433520214943	-0.03636673136334817	1.661935107908757	-2.034720074459198	0.01957699179344603	0.2907161831424335	0.5740363741432319	1.014140478414317	-0.4049007108893005	1.511870289421727	0.9540542386937418	0.8965000530813848	-0.4457572188580147	-0.1696714801222665	-0.05530604137434302	1.260214196639756	-0.2887749043904904	0.1087053915457034	-0.6707528853681776	0.7507622622893139	0.1703804027807057	-0.3861372167737255	-0.0529939462253607	-0.1724409431258052	0.2559190640747147	0.1538703437039529	-0.2146779291171042	-3.973549582963552	-3.973549582963552	0.3943828580019654	0.3943828580019654	-0.006927737104335974	0.2035466534751494	-0.3767712166706065	0.3660721299356444	-0.07940800008129786	0.4452809360691179	-1.001834587626433	0.3871003873469991	0.112554137930381	0.5949654801453375	-0.4661631255241599	0.7263519646304367	0.09823376462295524	0.1068591132501664	0.01940656176971106	0.03720181615471931	0.5232553727189245	0.8646546216119366	0.3029592844672672	0.2933523845200163	0.3845706303701054	0.2754569922759019	0.03501820521101402	0.01314890603657756	0.03968039261742044	0.02442132981745404	0.01352134906773332	0.01198750047545798	0.01036151664456757	0.01021094637323309	0.0101137343043648	0.01008925222706199	0.01168267378349182	0.01043314202265112	0.01019462973561451	0.01011859407779198	0.01545868836111402	0.01043688354617436	0.01025983086773951	0.1885183708256593	0.2526314842610262	0.01336237059327631	0.01219908787745796	0.01008426542493178	0.2409356906993299	0.01034096711298815	0.01064619010759355	0.341693113789045	0.1486603874634805	0.01015682447461474	0.01039009096497609	0.09137015453735653	0.0116533945520931	0.03286903481571645	0.0861281549085486	0.04472589311096618	0.01044638694775157	0.01036010532472176	0.01033792219191589	0.01038327186997288	0.01034389295808737	0.01054467701496264	0.01020165641114501	0.01808393355493042	0.01412973507148816	0.0144830746326415	0.0150740450431504	0.01551438174816546	0.03954065210699022	0.05296684977085619	0.01109845798824385	0.01033480237458579	0.01016443430884359	0.3409500086486832	0.1797761506154487	0.1349782593926544	0.1452954925305118	0.1281689337586139	0.1038697173794991	0.01090567395181975	0.1874539097121213	0.01514494090482443	0.01549244218993889	0.09689706172144497	0.1049743254625757	0.4018634205765401	0.05079179422415946	0.0101798470131226	0.01041242957386645	0.04144153178930478	0.1935806896869751	0.01335145993205744	0.01561285946281533	0.01119228479131987	0.01047418642526444	0.01092363772028414	3.021351918440617	8.335404902788635	4.486607281237689	0.0754782832959673	0.2859839913689434	0.1552914331982234	0.08320000873390078	-0.04772723512538144	-0.001068466665978291	0.04903676593778292	4.684342922614009e-05	0.009852961847589629	2.056726598856533e-05	-0.001822500006430571	0.02744147451869117	-0.000300705758580292	0.02391685991878446	0.002503096828166455	0.1445477951553266	-0.05231208509990731	-0.2979103517949376	-0.1012778554814037	0.5122962576908479	0.8318586132507981	0.3051860081993713	0.2974770356159735	0.3844703457950905	0.2727348654156992	0.04927180159670018	0.01353497466752865	0.0377445958575367	0.02362865465807664	0.01357644171484151	0.01205024142023889	0.01040394511091656	0.01023433326302512	0.01011338309540125	0.01008935085897335	0.01188613287776699	0.01041679519540568	0.01019364249019738	0.010118389597566	0.01472602947640552	0.01043641577806467	0.01026074424163236	0.1821101883552095	0.2413772080408291	0.01341982178434529	0.01226380710405205	0.01008463646261825	0.2322481850541024	0.01029568282302642	0.01066610886131289	0.3542171854853066	0.1509594942325344	0.01016432589656829	0.0103829861130927	0.08587568832318919	0.0117122212768553	0.02743508593232568	0.06186961894149718	0.03527808171127024	0.01043159961712052	0.01034539198547971	0.01033103370917985	0.01037696829696119	0.01033510175525715	0.01052900818597915	0.01020121608897461	0.01807695719291341	0.01401535682662824	0.01441320580829129	0.01509230857355975	0.0156062809063845	0.04060409306814633	0.05595280138906709	0.01110976294190408	0.0103334588180749	0.0101619124275267	0.3549337623213133	0.1863361057302703	0.1400414963246197	0.150062847105963	0.132052964410594	0.1065170640391619	0.01088457716746936	0.1919068287867202	0.01517611664197047	0.01558446288492381	0.09883327724415485	0.1062696775151563	0.4205701383225495	0.05151022530821456	0.01018029038433324	0.01040862064852695	0.04690708076896985	0.2004309430387463	0.0131652075380528	0.01571880694792991	0.01116898493035424	0.01045860341350035	0.01090289696148318	0.0121869760877179	0.01884053542360556	-0.000729795089045681	0.001580331850434941	-0.006391697369591925	0.0003591889973454205	0.0006891638089476371	-0.0001859212456701743	-0.0245291890500611	0.02096640024359364	-0.005624401174368746	0.006172857669564396	-0.02924443443627421	-0.03199204541104402	-1.96294550385721e-16	-7.771794407138061e-18
1.367857142857143	-0.01998196757238026	0.006901510129297764	0.07335013127668184	1.158064785908182	0.9701653468318796	-0.2693222271559814	0.3762156446469456	-0.1471232314051504	0.1617248352018107	-0.06409427558956349	0.05271911821209285	0.05290865261765196	-0.1321509144235382	-0.01535207719457064	-0.1785792254741686	0.07283731694742442	0.07283731694742442	0.1684029476576078	0.1684029476576078	-0.04909949263853338	-0.0194869361320992	-0.5038211753503222	0.180671210624041	-0.2207189776291764	-0.02782476243660691	1.643694936808531	-2.026995517885094	0.02320598794410273	0.3024556657943586	0.5646392003912012	1.026161380295164	-0.4017747257034723	1.514327234982574	0.9544233449794057	0.897129217145638	-0.4031380970435948	-0.1413653942992195	-0.05012339354824083	1.296695007796242	-0.2846874831132416	0.1182863994129324	-0.431911768229367	0.6821236494733661	0.2467678965571274	-0.4211447320836627	-0.06916376966666797	-0.2558024479653968	0.2438287270352171	0.1484534629069932	-0.1495030366826919	-2.299384119450147	-2.299384119450147	0.6008664576307673	0.6008664576307673	0.04404548211932949	0.1720430786368374	-0.3958030035854188	0.2804653932242805	0.02955034904995285	0.4068444399997625	-0.7859910017759715	0.3587328530938699	0.2423020189570933	0.5616842347908502	-0.4603031331455635	0.4733145473747532	0.2152200186018648	0.1390486994332941	0.01668574980558037	0.02508872635450777	0.5107624322327046	0.8297437853607257	0.3071163916915159	0.3002250398534193	0.3856609407056364	0.2721342772629555	0.06483661562014792	0.01397879871532475	0.03578460996215251	0.02277479285158308	0.01364141063302417	0.01212483127127831	0.01045461036597431	0.01026175685578015	0.01011307174308665	0.0100895232299998	0.0121443369279134	0.01039863574329446	0.01019274270564582	0.01011831003249276	0.0139654846081616	0.01043651060213013	0.01026234158159383	0.1788964776514973	0.2353478407088365	0.01348733217243838	0.01234030358493302	0.01008523467647512	0.2279322221905589	0.0102456558821368	0.01068805220299456	0.3541042535572637	0.1517427233988599	0.01017356011620204	0.01037541512409577	0.08145602285654148	0.01178239562283618	0.02205860438258608	0.04200646156637565	0.02632579967980518	0.01041539061710943	0.01032876574760398	0.01032430094506305	0.01037133231972777	0.01032595765656863	0.01051190014827241	0.0102011441347686	0.01799253048148311	0.01387996264791088	0.01433049102087247	0.01511378737756179	0.01571465742640635	0.04121400283628797	0.05832305079461364	0.01112639734800988	0.01033329736358674	0.01015966927190184	0.3580420792425111	0.189473617139903	0.1429928773215916	0.1527071949001512	0.1343287834399738	0.1081884062179325	0.01086027092656248	0.1933702525015743	0.01521290089999108	0.0156931636021856	0.09985248122571462	0.1065648320910906	0.4243303994995694	0.05195678939065641	0.01018111544789019	0.0104049583055972	0.05268894332849473	0.2034459349087497	0.01294469684271324	0.0158435949729946	0.01117734278700888	0.01047392845108124	0.01091224055360518	3.021351918440617	8.439828088107523	4.495119453890978	0.08479558295867121	0.3161243499404442	0.1604843997263674	0.08240681268420504	-0.0501157557124764	-0.001335309271213915	0.05047186792521622	2.841920927569902e-05	0.009793062970794637	-0.004500874395172717	-0.002288360238612904	0.03076321910108326	-0.0002534382856646558	0.02511026164817131	-0.002450431530432409	0.1361671866138514	-0.05926141167039668	-0.3193712915730287	-0.1020731823203739	0.4994331512335611	0.7946394748799251	0.3105611217423266	0.3057445733860301	0.3868938907525852	0.2697035728786767	0.07969835712966047	0.0143620356283931	0.03385120182399009	0.0219856306956491	0.01369585440961096	0.01218673314129718	0.01049642170467677	0.01028487134139075	0.01011271066233772	0.01008961279436713	0.01234306063768239	0.01038234416577503	0.01019173132401887	0.01011808564808099	0.01323436086834627	0.01043596058683807	0.01026317163436551	0.1725031534880273	0.2226885321186796	0.01354413090220205	0.01240421625034425	0.01008557860133348	0.2185849497976826	0.01020049078522813	0.0107079297699941	0.3635235530429133	0.1537558417776839	0.01018091286413155	0.01036828986486082	0.0759338474379937	0.01184039912111598	0.01675170852833096	0.01913730418040961	0.01720762262531194	0.01040062361527631	0.01031413995933663	0.01031730905423992	0.01036486283119708	0.0103171102537078	0.01049624482740824	0.01020064745163994	0.01799137946637652	0.01376701789950054	0.01426147814872589	0.01513185102405575	0.01580556156992577	0.04226292170822536	0.06131498482927698	0.01113712933833974	0.01033177554474987	0.01015707793399462	0.371797146928782	0.196012708187338	0.148047816011269	0.157451283213688	0.1381696860837516	0.1107844956221184	0.01083936549816289	0.1973921438067758	0.01524372604472952	0.01578416990586224	0.1016646302081648	0.1076276536703554	0.4434782040263613	0.05265110773820232	0.01018151130127196	0.01040108432386638	0.0582991064783633	0.2102230955822043	0.01276088339232161	0.01594841955349214	0.01114976430624622	0.01045402388522134	0.01088736504225621	0.01194399698051716	0.01860406866499924	-0.0002834764716698928	0.001444124154428859	-0.006772440345839741	0.0003574969219621588	0.0006645916932089427	-0.0001635535028410059	-0.02384952816615117	0.02086860498269054	-0.00588854573949681	0.006551602195028638	-0.03195848300171163	-0.03276850057042757	-1.227105615568057e-16	-2.382407791113678e-17
1.388035714285714	-0.02782827893308994	0.004731378558510631	0.07299183357803267	1.18463266023429	0.9645473875132509	-0.2669045500764929	0.3706271860919046	-0.1348447275108107	0.1686314717358228	-0.07286535880100316	0.05124455589923439	0.04681038495673171	-0.1271786349461866	-0.01278008329280326	-0.1816648926985848	0.04573396822414738	0.04573396822414738	0.1830563721829611	0.1830563721829611	-0.04780631174055468	-0.01622340125405488	-0.5119547124038325	0.1850455600137854	-0.2192914401256521	-0.01993551977573449	1.631174776732459	-2.018757616131427	0.0260717847661736	0.3108490801916122	0.5554780283423493	1.033382693085848	-0.3951526267928961	1.517365627397493	0.9547899340416433	0.8974845602764792	-0.3780622523806195	-0.07583372732926383	0.02841435602875344	1.338431983354374	-0.2712665253749037	0.120128708995918	-0.1432083841675174	0.5300339385163741	0.4058772694713631	-0.444926242316111	-0.08606400220973369	-0.348333069911583	0.2568951701181266	0.1096945428899399	-0.1727789052407037	-0.4480197003264492	-0.4480197003264492	0.8645030546900471	0.8645030546900471	0.07810873108471073	0.151621019178638	-0.4043155356446789	0.141494619381503	0.1085766763886381	0.369214476674417	-0.4735405142303207	0.4336254725088938	0.0623900587893594	0.2428138979054519	-0.4455396840333214	0.2405390922608374	0.4123851691550821	0.170325808693181	0.01909158993097158	0.01086862608946536	0.5023100210554675	0.8011437657272985	0.3128587638353803	0.3113755576368618	0.3879666257267511	0.2678321974748049	0.08491373338392869	0.01482257152189807	0.03003396064512362	0.0206208937870119	0.01387752249126799	0.01248129865238744	0.01075592797223312	0.01039499150963068	0.01011250909253484	0.01008987701517478	0.01267638593163895	0.01041092967237927	0.0101979184479123	0.01012033387613202	0.01354867965919826	0.01044906853464229	0.01027113946676413	0.1699082123965282	0.2213752452171034	0.01374368703499239	0.01269211884029333	0.01008710512283345	0.2143430899488366	0.01018143580581655	0.01070673024968114	0.361695805577867	0.1550647270206322	0.01022360794941587	0.01036404483283488	0.06445091383050663	0.0121291122885335	0.01574893312831761	0.01883821244322822	0.01628518297619848	0.01039069031093091	0.01030208869366184	0.01031855618573237	0.01037036544965559	0.01031413464535057	0.01048694461523072	0.01020827137923659	0.01757260986529315	0.01346691284297056	0.0140458986115522	0.01519112550709658	0.01610359482289499	0.04282977952954509	0.06441284307174498	0.0112704587261018	0.01035162110025892	0.01015986748391391	0.3659502975065454	0.1946753839858744	0.1480806539483408	0.1554120061166813	0.1362375060723252	0.108612868371194	0.01082565264646045	0.1909578265862401	0.01534126327548056	0.01607929493819143	0.09949021368265706	0.1020528764032987	0.439631836702216	0.05106162883695812	0.01019064860274918	0.01041088884913573	0.07124006749327123	0.2071318407416736	0.01242369925661578	0.01630640259031215	0.01131300774731057	0.01053482761215996	0.0110260729530111	3.021351918440617	8.52012245491551	4.512060855827788	0.08580099761716793	0.330707947546554	0.1526638649980043	0.0781959844715259	-0.04806985863980725	-0.0007738311717596929	0.04993391260134084	7.901864895440688e-05	0.004255835387563333	-0.0154906912525746	-0.005759630634709314	0.0281228306822301	-0.0003981237625856001	0.02610095056421226	-0.002899182495819364	0.1278275686424207	-0.05814252955458201	-0.328162823083093	-0.09512023661908742	0.4977104577927594	0.7787260740319505	0.3180941562431896	0.322388867162903	0.3904052781956932	0.264041704151217	0.09328999800001053	0.01524904041390577	0.02643409645166012	0.0193665861640045	0.01403402848870376	0.01273089503815911	0.01097324502548658	0.01048770723609843	0.01011230466211656	0.01009010301238147	0.01297356074828456	0.01043255092256617	0.01020287205024522	0.01012214919245014	0.01372300668884784	0.01045974460787308	0.01027775365374974	0.164334974578727	0.2135320732531604	0.01391517709846074	0.01293661824123099	0.01008839183209452	0.2046507574559586	0.01016089043677888	0.01070794239564223	0.3653000848237289	0.1572676183668636	0.01025936186383906	0.01035978596116821	0.05234140033345705	0.01237318293919681	0.01422306435734729	0.01488970221588255	0.01426488888939167	0.01038093226522146	0.01029061645708033	0.01031881005931686	0.01037416107533402	0.01031072733179222	0.0104776025117743	0.01021445756328985	0.0172227558040773	0.01320589408323383	0.01385947452540404	0.01524245101245244	0.01636236247100322	0.04351175103697132	0.06791731711214025	0.01138109934137963	0.01036770492591511	0.01016186702451495	0.3666656252749191	0.1959076245271965	0.1499093084349939	0.1548861918444891	0.1354456562480585	0.1071376093815556	0.01081209343518252	0.1850784915879976	0.01542588888373114	0.01633563696280135	0.09779562361440912	0.09669182112956018	0.4479603084826466	0.04974834758155054	0.01019817091688985	0.01041849304810648	0.08458709172762466	0.2064570519206127	0.0121249163178885	0.01661687904949743	0.01144395191248872	0.01059883593208015	0.01113710053205834	0.01172693581671941	0.01850032199325614	-2.671835964825842e-05	0.00108988258004939	-0.006980025455935579	0.000369764329274836	0.0006900505862690304	-0.0003277943879882988	-0.02338811126843699	0.02092382130859732	-0.005838671497424535	0.006802918695926151	-0.03140092435265488	-0.03394498824382994	-7.949801969352606e-17	-5.371835422534209e-17
1.408214285714286	-0.03538124855952218	0.003756067865222955	0.07505392956825958	1.21215477578913	0.9592529268469215	-0.2645231314143859	0.3695797914986179	-0.1259273746627985	0.1768172302127211	-0.08191804470412431	0.04887952086647913	0.03886281239700895	-0.1214646914037743	-0.01079497851534856	-0.1862157979084837	0.05229254835065995	0.05229254835065995	0.2038162495819899	0.2038162495819899	-0.04619017597879507	-0.0133599262798712	-0.5198945451580131	0.1859132321416934	-0.2164728711052462	-0.01316177113424264	1.623833741606844	-2.010469921618828	0.02655718688030021	0.3111485294403436	0.546745951930545	1.03579269295539	-0.3862920819418273	1.521532999537409	0.9551713419634669	0.8975976073273726	-0.3740635180709622	-0.02294067015768018	0.1897740340217783	1.391274669405187	-0.2526238998764946	0.1146926447698046	0.0181759872719512	0.3489830147931095	0.3735481245246262	-0.4490557953299693	-0.1574230127006866	-0.4390963848378577	0.3173387936607143	0.09028392138219511	-0.2947301644473501	1.037019447962635	1.037019447962635	1.206107804402145	1.206107804402145	0.07605516773301242	0.1323911235639254	-0.3766039933863802	-0.06709907874534243	0.1674224993957311	0.2962822009107149	-0.2726618031465362	0.3636680645985916	0.006369092151997125	-0.2405494790449764	-0.4177733000930592	-0.003558945694110605	0.4370836870400743	0.2509475748313517	0.01815452172916867	0.001073539669417947	0.4986708339551486	0.7810593572837424	0.3199803924071704	0.3267385557799458	0.3911759444494439	0.2624218478787006	0.09851002909821079	0.01570936251522759	0.02257701571225071	0.01799177723161444	0.01421733401571248	0.0130287550238105	0.01123625433814835	0.01059927918245007	0.01011210647846202	0.01009037018639446	0.013308319152602	0.01046194052396312	0.01020918741641435	0.01012444148679022	0.0140524454527135	0.01047309012410514	0.01028584523022439	0.1615637125559572	0.2112746464210066	0.01411658721350631	0.01322764163653565	0.01008993876027674	0.2003236381188293	0.0101423606199899	0.0107063529722301	0.3648301318952785	0.1585432878415536	0.01030266288330894	0.01035560182380174	0.04073850246601404	0.01266525263748003	0.01322749702189542	0.01413375528231002	0.01331757060717568	0.01037110474175668	0.01027863174145591	0.01032021187809697	0.0103798821875834	0.01030786776578892	0.01046843502969654	0.01022222504607904	0.01679938650585166	0.01290297282128472	0.01364182194483967	0.0153022224683843	0.01666253414976055	0.04408224762002298	0.07095239035510113	0.01151640647206093	0.01038792504111945	0.01016475553404264	0.3639054235036932	0.19535276197783	0.1502998820352624	0.1534852719856873	0.1340058202525947	0.1053029593494236	0.01079853129896632	0.1800779719185401	0.01552420996018897	0.01663287345919509	0.09588183639006118	0.09157169793498308	0.4468914233021756	0.04820937926348447	0.01020746140912935	0.01042854121694268	0.09672342989478865	0.204538249187764	0.01178521925633453	0.01697738530825837	0.01161033746285792	0.01068139880651384	0.01127855790052629	3.021351918440617	8.570510746474266	4.540142396989422	0.08680641227566466	0.3452915451526637	0.1448433302696412	0.07398515625884677	-0.04602396156713809	-0.0002123530723054707	0.04939595727746544	0.0001296180886331147	-0.00128139219566797	-0.02648050810997649	-0.009230901030805724	0.02548244226337694	-0.0005428092395065444	0.02709163948025321	-0.003347933461206319	0.1194879506709899	-0.05702364743876735	-0.3369543545931571	-0.08816729091780091	0.4959877643519576	0.7628126731839757	0.3256271907440526	0.339033160939776	0.3939166656388011	0.2583798354237573	0.1068816388703606	0.01613604519941844	0.01901699107933016	0.01674754163235991	0.01437220256779655	0.01327505693502105	0.0114500683462964	0.01069054313080611	0.01011189866189539	0.0100905932303958	0.01360406085888674	0.01048275767935731	0.01021401277647158	0.01012621273681929	0.01421165250934942	0.01048352862890808	0.01029233567313398	0.1561667956694266	0.2043756143876411	0.01428622329471944	0.01346902023211773	0.01009120506285556	0.1907165651142347	0.01012129008832963	0.01070795502129035	0.3670766166045444	0.1607793949560433	0.01033781086354657	0.0103512820574756	0.02874895322892041	0.01290596675727764	0.01169442018636362	0.01064210025135549	0.01132215515347141	0.01036124091516661	0.01026709295482404	0.01032031106439379	0.01038345931947097	0.01030434440987665	0.01045896019614037	0.01022826767493976	0.01645413214177808	0.01264477026696712	0.01345747090208219	0.01535305100084913	0.01691916337208069	0.04476058036571728	0.07451964939500351	0.01162506934441952	0.01040363430708034	0.01016665611503527	0.3615341036210561	0.1958025408670552	0.1517708008587187	0.1523211004752902	0.1327216264123654	0.1034907231409928	0.01078482137220215	0.1727648393692194	0.01560805172273277	0.01688710401974047	0.0939266170206535	0.08575598858876493	0.4524424129389319	0.04684558742489875	0.01021483053250774	0.01043590177234658	0.110875076976886	0.2026910082590211	0.01148894924345538	0.01728533854550273	0.01173813951873121	0.01074364797893897	0.01138683602186046	0.01150987465292166	0.01839657532151304	0.0002300397523733759	0.0007356410056699218	-0.007187610566031417	0.0003820317365875132	0.000715509479329118	-0.0004920352731355919	-0.02292669437072281	0.0209790376345041	-0.005788797255352261	0.007054235196823665	-0.030967041937446	-0.03297238894723808	-5.319213323973475e-17	-5.7366592116797e-17
1.428392857142857	-0.04330688368271833	0.003557403661863197	0.08043312710334025	1.240869155801235	0.9543292645032416	-0.2622533999591298	0.3702624840704953	-0.1205516178818601	0.1809251590690091	-0.09055682464652691	0.04446923889545116	0.02895616459428641	-0.1137182502713585	-0.008945512721823807	-0.1933436682903526	0.08166258403450707	0.08166258403450707	0.2323431159255477	0.2323431159255477	-0.04517489968109992	-0.01096175593478171	-0.5269607108308723	0.1818998447600028	-0.2125080532689584	-0.00819675795224421	1.61892797762857	-2.003180716873814	0.02268823964851792	0.3006546902930025	0.5388028342644769	1.033197753722997	-0.3802126881980727	1.527888589980109	0.9554833338990664	0.8975411346782918	-0.4127485415351033	-0.006275024152651193	0.3223451279383268	1.454586394792558	-0.2351893413026497	0.1118242131557818	0.04430845820677336	0.189131712134663	-0.0308189418316752	-0.3941682424392098	-0.2897979157658166	-0.5307160969873169	0.4525558154736715	0.1023752001458971	-0.3886843542052887	1.770984140086773	1.770984140086773	1.645235796548177	1.645235796548177	0.0211798452301487	0.1014453044389717	-0.3216231158518911	-0.3281595526595005	0.2298516941542504	0.1925637898476244	-0.2083895821666518	0.3258934103565796	-0.4155708357046021	-0.8175230025166453	-0.3673685186438901	-0.258813285473676	0.1007897440461999	0.3869795856514296	0.0133087320571388	-0.007182406883311147	0.4925934203913006	0.7623855446043369	0.3199974092180239	0.3370832643281258	0.3868032862944032	0.2506848662397949	0.1006809622952081	0.01589173995348041	0.01769151743777991	0.01608103604500545	0.0146207013226659	0.01405132777283924	0.01450039413003379	0.01590393472400332	0.01011569000937058	0.01009282579592068	0.01305274274780897	0.01073085135929441	0.01022737267716738	0.01013141961842979	0.02169325938278134	0.01051252933054188	0.01030541818091538	0.1525511180316822	0.2079271758944127	0.01457236792763984	0.01414632020306588	0.01009965781655321	0.1861752696044765	0.01012126068664518	0.01070177512007727	0.3669487264369318	0.1595265523953806	0.01700143239450979	0.0103624093925987	0.02521564419273897	0.01389058369649011	0.01206124816600897	0.01103366349062085	0.01169674267488873	0.01036702873097733	0.01027070958709584	0.01032545974622222	0.01038971137779305	0.01030842547011568	0.01046658273242633	0.01024067725505249	0.01640823863965435	0.0123327974874669	0.01313864215135454	0.0155320738171971	0.01805105004130771	0.04911692091180392	0.08384100162097663	0.0117663924174772	0.0104238950468748	0.01016966508550665	0.3494524336700193	0.1895862206308618	0.1474375556451334	0.1464279026475503	0.1277726178235541	0.09889503867656647	0.01080364999061743	0.1679704254739446	0.01587870368448769	0.01796166106590922	0.0907799915272285	0.08292603841370194	0.4394876445618567	0.04584265272178022	0.01023175492094901	0.01045671527461122	0.1309725194912306	0.1969128627178943	0.01128325570646295	0.01882177071387805	0.01164294490223947	0.01068631332577096	0.01130078693250795	3.021351918440617	8.5958932684225	4.582175443037253	0.08396515634634245	0.3324838002812733	0.1474796070072178	0.06392918821685407	-0.04248107307223714	-0.0001705892573540088	0.04583091564009782	0.0001608896643163108	-0.002741352820926374	-0.03303418153883544	-0.01166215982053638	0.02503504823333487	-0.0006709152055205538	0.02802868193777877	-0.003485452391994995	0.117693708312725	-0.05150223399901993	-0.3237697161660966	-0.09453359109302356	0.4850580733183457	0.7442415882417058	0.315665525779035	0.342087417792976	0.3782238470151688	0.2386297718476981	0.09670298759831902	0.01573990975031859	0.0161144600389109	0.0153723606129865	0.01484470484871475	0.01472157348257958	0.01704742652085007	0.02023895330835716	0.0101187699195994	0.01009467706873366	0.01263199448707571	0.01093648847325057	0.01023883746410083	0.01013587452326682	0.02800902627816352	0.01053743599086132	0.01031684150142525	0.1464810763247189	0.2090511992310404	0.01482922147235685	0.01473441419014966	0.01010671316667575	0.1766251343446041	0.01011893184224983	0.01069688669544165	0.3682732126323972	0.158962772181177	0.02254641211734183	0.01037104718778194	0.02025530021854316	0.01473188513663859	0.01218664765881045	0.01094887741510832	0.01177492174948807	0.01037068507511589	0.01027240526739213	0.01032968643757678	0.01039522448133711	0.01031138040076156	0.01047178417511196	0.01025149795926392	0.01632789160043752	0.01204633980717807	0.01285416177130519	0.01568679428555281	0.01902827466321246	0.05316681604084594	0.09373215701827547	0.01189473653984878	0.0104422151308172	0.0101723358127579	0.3305816322632358	0.1824297138846598	0.1431852172857319	0.1394989682793817	0.1220631301615275	0.09374191936266729	0.01081757009669899	0.1595123458102813	0.01611368849385052	0.01889047455093407	0.08713486305008342	0.07866503982458709	0.4237773106767398	0.04469612312255742	0.01024641629663626	0.0104745729123182	0.1563878462674034	0.1891759406054265	0.01108106746275683	0.02014596556288524	0.0115790576178734	0.01064619378937643	0.01124222091910073	0.01110969028239622	0.01987922573005143	0.0001998590170521816	0.0002152198465367447	-0.006910360893757049	0.0003518714663267747	0.0003707353627037041	-0.0007770831163192672	-0.02208365633719609	0.02234164956044234	-0.005113699163538889	0.00680123744917753	-0.03284568184265368	-0.0334828268911542	-5.562756098207248e-17	-1.639656468957573e-17
1.448571428571429	-0.05208954661279205	0.003118420683548758	0.08721373398455236	1.270851028192819	0.9497692577143401	-0.2599475782953409	0.371158877681273	-0.1180808133529611	0.1729733209366135	-0.09730054195720977	0.03677667396550089	0.01793235739153765	-0.1031158495117548	-0.006286099421890138	-0.2009711637499173	0.1196072675007679	0.1196072675007679	0.2711778813210916	0.2711778813210916	-0.04547239582105994	-0.009421594886682297	-0.5327881236934296	0.1727716906687159	-0.2070231334109055	-0.005522072002067023	1.61563292990379	-1.998645882727373	0.008747511001691952	0.2774302111365492	0.5320063982648044	1.025138891534792	-0.3848350359204278	1.537472945735597	0.9557302436497503	0.8972871000762014	-0.4590078670712174	-0.0467598761708875	0.3286747833728604	1.51690223268087	-0.2165801634736879	0.1182697273854429	0.03935697519835307	0.06105854379450738	-0.8217562141767529	-0.2612265787347408	-0.4827466334080273	-0.5498236882032891	0.6004073584793405	0.1705619043182992	-0.3442505261304752	1.886896042325763	1.886896042325763	2.227775675041475	2.227775675041475	-0.05406033051245658	0.0473494941277399	-0.2538249537812433	-0.5740494074841014	0.3180874785441163	0.06927631598684031	-0.1130155904108559	0.0906685008462446	-0.9918959684540997	-1.502347426850778	-0.3041198959901379	-0.545115911225828	-0.6236198919017573	0.5709667916740488	0.0117038980915008	-0.01850782204481412	0.4829998510877571	0.7437411195454754	0.3122198295805956	0.3417475504169581	0.3738748116691546	0.2322869058949479	0.09139614312204389	0.01548713401847057	0.01478523886827993	0.01470912937823838	0.01509409147380718	0.01550336381269331	0.02011684467091629	0.02546245221505172	0.01012263230400921	0.01009694486489002	0.01206744093990436	0.01118831000281517	0.01025233945088728	0.01014113928600191	0.03543147934071765	0.01056673985940162	0.01033002891534825	0.1428725296290666	0.2112983929460178	0.0151164860206446	0.01541622685354427	0.01011529101115942	0.1719122048562388	0.01011930679446785	0.01069057129332224	0.3683646940411924	0.1580612516394504	0.02920016779635341	0.01038245034554194	0.01647109733947461	0.01572432162717462	0.01258276028415003	0.01139573149885292	0.01218580353515045	0.01037676069986508	0.01027630521086596	0.01033492318051993	0.01040151757966437	0.0103155998730599	0.01047971726945213	0.0102640095876224	0.01628543545911491	0.01173342622500466	0.01253321571582012	0.01586727376760126	0.02016558770920852	0.05740014250782154	0.1024554524474682	0.01203636320212051	0.01046252962505442	0.01017536134503464	0.3221365455334168	0.1772811471324158	0.1394974297805125	0.134204721747656	0.1175069239441751	0.08934369089683686	0.01083697125800939	0.1547392645585655	0.01638632408153583	0.01997026281310335	0.08407135540368335	0.07566733297725736	0.4163471686720191	0.04368235176136744	0.0102634964005153	0.01049560759707619	0.174115204738578	0.184228365156382	0.01087696592803872	0.02168795036854666	0.01148007213390162	0.01058671496370376	0.01115280197130183	3.021351918440617	8.611055387160773	4.630899193372019	0.08112390041702026	0.319676055409883	0.1501158837447945	0.05387322017486139	-0.03893818457733619	-0.0001288254424025469	0.04226587400273021	0.0001921612399995069	-0.004201313446184777	-0.0395878549676944	-0.01409341861026703	0.02458765420329279	-0.0007990211715345632	0.02896572439530434	-0.003622971322783672	0.1158994659544602	-0.04598082055927252	-0.3105850777390362	-0.1008998912682462	0.4741283822847337	0.7256705032994359	0.3057038608140175	0.3451416746461761	0.3625310283915366	0.2188797082716389	0.08652433632627746	0.01534377430121874	0.01321192899849164	0.0139971795936131	0.01531720712963295	0.01616809003013811	0.02264478469540374	0.0297873634859082	0.01012564117730341	0.01009876090707151	0.01165992811526467	0.01139021926714383	0.01026366215173009	0.01014553630971434	0.04180640004697762	0.01059134335281456	0.01034134732971652	0.136795356980011	0.2137267840744397	0.01537221964999426	0.01599980814818159	0.01012222127049595	0.1625337035749735	0.01011657359617004	0.01068581836959295	0.3694698086602501	0.1571461494063106	0.03475501337113709	0.01039081231808828	0.01176164720816592	0.01655780351599954	0.01267887513125728	0.01125565457886116	0.01222768834550473	0.01038012923506518	0.01027771757996022	0.01033906181075976	0.01040698964320326	0.01031841639164646	0.01048460815408356	0.01027472824358807	0.01620165105909697	0.01144790934738902	0.0122508526405282	0.0160205375702565	0.02113738595434423	0.0615730517159746	0.1129446646415474	0.01216440373527805	0.01048079595455406	0.01017801551048052	0.2996291609054156	0.1690568869022645	0.1345996337127451	0.1266768360834732	0.1114046339106896	0.08399311558434183	0.01085031882119583	0.1462598522513432	0.01661932526496828	0.02089384508212766	0.08034310907951335	0.07157409106040924	0.3951122084145477	0.04254665882021608	0.01027800206076478	0.01051324405228981	0.2019006155579209	0.1756608729518319	0.01067318568205827	0.02300659258026774	0.01141997571701559	0.01054873959981389	0.011097605816341	0.01070950591187077	0.02136187613858983	0.0001696782817309873	-0.0003052013125964324	-0.006633111221482682	0.0003217111960660363	2.596124607829022e-05	-0.001062130959502943	-0.02124061830366936	0.02370426148638057	-0.004438601071725517	0.006548239701531395	-0.03756937893779261	-0.03332017408316697	-4.179112764899155e-17	3.997866681182583e-17
1.46875	-0.06153150134562432	0.001272456842056658	0.09313652512433492	1.301989633910462	0.9456266944441651	-0.2574568925166305	0.3718664775057475	-0.1181483465604798	0.1475949575639988	-0.1003337961136791	0.02463474069848218	0.007656755010764124	-0.08999682710140543	-0.00155114943619068	-0.2066280858121078	0.1564910443143609	0.1564910443143609	0.3239511795450775	0.3239511795450775	-0.04720552194152411	-0.009157214396260953	-0.5371375175996171	0.1592628652301461	-0.1995180817388353	-0.005443251655682984	1.615876652271402	-1.999127407233542	-0.01023978809422448	0.2419477169607427	0.5267040556197311	1.010954355064746	-0.4061583696624779	1.551090304418017	0.9559423323343305	0.8968649649112233	-0.4682734253065644	-0.1329981468208824	0.2654968433842346	1.56528460010622	-0.1939547843644958	0.1274344444092015	0.01538608949678673	-0.07911735709356547	-1.605998136206011	-0.0137485302934695	-0.71931819873587	-0.4570099967958723	0.681568785686385	0.2973248821451135	-0.2247862488546517	1.758823809816851	1.758823809816851	3.051443989678599	3.051443989678599	-0.1114331690071346	-0.01739397466009461	-0.1774524933870627	-0.7484717018548355	0.4222554480379934	-0.05975337260866945	0.1561500867022181	-0.1775890526945711	-0.853180951902374	-2.032726957098392	-0.213254777430732	-0.8571099146703555	-1.407313758460609	0.7746395772055252	0.009729764697548896	-0.02352617511716622	0.4629322353548799	0.7153245838119596	0.2963604261455885	0.3394880099760191	0.3513596965928416	0.2058514471566957	0.07066940213334716	0.0150246070617605	0.01353865751675562	0.01416737840770426	0.01524286088695728	0.01598916999913478	0.02100143453047324	0.02919974374563973	0.01013714727594948	0.01010439425991367	0.01145786998825211	0.06118954451302743	0.01031300655299783	0.01015837805569901	0.06200704580469515	0.01069936828778271	0.01037609706865586	0.1302274841582139	0.2152426280230603	0.01528654103711053	0.01583072445258987	0.01013575662946203	0.1522119589379658	0.01012173395601504	0.01068433920059157	0.3642008646941508	0.1531883332987576	0.04540598001363653	0.01044529806344296	0.01238931304402969	0.01636021488833522	0.01615324193699775	0.02479008973624602	0.01744277546906264	0.0104105164121531	0.01030281063977159	0.01035579703292533	0.01042036553567142	0.01033761035298975	0.0105231664147245	0.01031470901074104	0.01721539068214716	0.01134343225124243	0.01210302377862223	0.01629926830041004	0.02298019104836418	0.06705328732920662	0.1192156610258825	0.01273452413691544	0.01054165672016573	0.01018845225593292	0.2848625924006276	0.1621678935408921	0.1323682911075875	0.1168675666912367	0.1042015289859212	0.07939509204613386	0.01095839405923794	0.1353575427441908	0.01698994302895357	0.02254765462850931	0.08207360422152168	0.06705608451197571	0.3644156575707453	0.04192069281715718	0.0103398786747429	0.0105949962606593	0.2090399241756958	0.1645693995360182	0.0106231501242955	0.02570226414447524	0.01118630607096307	0.0104525946067056	0.01091215876927914	3.021351918440617	8.638509321233588	4.669482477425805	0.07778077713686216	0.2828092579123027	0.1349942698741232	0.04220373723389831	-0.03265810404799892	0.0001565426212153277	0.03892647992147746	0.0002262019980565871	-0.0002773513010382998	-0.04004144434050987	-0.01438158362879415	0.02637461301215219	-0.0007620217088260517	0.02079426215231347	-0.006541357877806375	0.1069436806231265	-0.04568026013491629	-0.2757458079275172	-0.0920955363538265	0.4384958192984555	0.6804047891023229	0.2797752976812783	0.3336699554213664	0.3277170167871995	0.1835724464890253	0.0542826497133501	0.01474275293794691	0.01362286172235999	0.01422415992419395	0.01520770685666663	0.0159200460875304	0.01994155206571295	0.02929880522789831	0.01014689279415417	0.01010920264175701	0.01124587154886057	0.1067418038391052	0.01035464947034455	0.0101693692186156	0.08173762328938546	0.01079061938075367	0.0104057965408369	0.1210838200113055	0.2182268249106372	0.0152458669504346	0.01576000830849536	0.01014759155726803	0.1370297390964221	0.01012565811712421	0.01068260192103237	0.3573200336927433	0.1484310231347593	0.05574520841732857	0.01049084413668569	0.01233871682939043	0.01629601043139577	0.01905034191385144	0.03623197156713948	0.02179160610057905	0.01043577336770649	0.01032351058976103	0.01036995539719017	0.01043192203408947	0.01035363609877057	0.01055529323787287	0.0103486195265443	0.01805049838752102	0.01122556425231102	0.01194922910216363	0.01654964904943228	0.02466547784283178	0.07304950013126049	0.1288028099254131	0.01321880342928178	0.01059352839547848	0.01019728530289301	0.2514953748995461	0.1510609519825624	0.1282938619799047	0.1041171591192317	0.09500468244942567	0.07358239337060092	0.01104851486896845	0.120464122850152	0.01732718418627565	0.02406487842480615	0.08283605683121736	0.06185463482751762	0.3045265031457574	0.04116842346155295	0.01039213533495672	0.01066392488849219	0.2294095964410935	0.1484123062590351	0.01055957925969357	0.02817387850722527	0.01098778339746416	0.0103696542903266	0.01075391649358089	0.00977417328136373	0.02204884235477756	1.647927474704031e-05	-0.0001646524618609064	-0.005971119209258574	-8.203178723156535e-05	0.0007058908644897305	-0.001508786428536377	-0.02017291996491339	0.02393419403160921	-0.00429341388660852	0.005926006866301805	-0.03615271011486051	-0.03493522407022644	1.069097573820853e-17	1.329412579894066e-16
1.488928571428572	-0.07064232878800994	-0.002119669375064923	0.09821633268469729	1.33385527386401	0.9419440323168599	-0.254851512970527	0.3711586906775494	-0.1217324331137313	0.1116960490754533	-0.09681958648967162	0.007802877573070626	-4.178167209658508e-05	-0.07634887591269206	0.005655857261299076	-0.2103799046775466	0.1901841008897607	0.1901841008897607	0.3962864716205242	0.3962864716205242	-0.04971586046188901	-0.009972168790062946	-0.5399571492410927	0.1432276396855319	-0.1901241914091605	-0.007864509995834018	1.62270059681844	-2.007394636600322	-0.02419727103080327	0.1946596337189266	0.5237296517214436	0.9906967021706853	-0.4382995428082976	1.568570579544352	0.9561395558064245	0.8963298194977056	-0.4261881710269477	-0.2000078284456674	0.2451224285984696	1.588962263142114	-0.1709970413485672	0.1296376052155638	-0.1009291355090205	-0.2874847966674917	-1.864500508853088	0.3877255835780078	-0.947589238841652	-0.2943977075252057	0.652832157750812	0.415579914690434	-0.1554261384878334	1.570647664734928	1.570647664734928	4.166663561203963	4.166663561203963	-0.1310937719185467	-0.05962883068023649	-0.1022024992257226	-0.8244536657823002	0.5052998056695253	-0.1785190936520333	0.539183422063243	-0.681011980913474	-0.4933655172631136	-2.6724589094995	-0.07338614409633733	-1.147053114313921	-1.695830523071834	0.9538399259381812	0.0102305318981785	-0.02970883782924392	0.4312940198648222	0.6752327984798864	0.2723261835934683	0.3301054102484407	0.319064302723238	0.1712962145925499	0.03832861372655941	0.0144211544215278	0.01397558966451164	0.01440650791772281	0.01512940091337584	0.0157302501370697	0.01826294693713636	0.02869897812267798	0.01015854399695599	0.01011490063369425	0.01104726430754977	0.1511601567569709	0.01040463589978001	0.01018235270206868	0.1004995695502824	0.01090000806211995	0.01044093436540732	0.1146631909640287	0.2196386061624998	0.01515565205410162	0.01558115661678721	0.01016123223274362	0.1270047316057595	0.01013096228452152	0.01068118569820605	0.3539349415366397	0.1449076903207294	0.06596705397296675	0.01054611153127067	0.01302831758734565	0.01608536163807994	0.02254104457539169	0.04948718809351643	0.02700989580044584	0.01046662351727736	0.01034901470688952	0.0103869034612754	0.01044542657480992	0.01037311104619957	0.01059442293653648	0.01038909180276264	0.01907410450225644	0.01112426785711535	0.01180363563501708	0.01682947360668655	0.02650177729701192	0.0783415922279231	0.134894617725639	0.01379468422079719	0.01065508797500795	0.01020785476873424	0.2378992142944033	0.1443246970373172	0.1259307441980987	0.09444473969287072	0.08785186478126804	0.06890350887314986	0.01115814262443225	0.1098331230658335	0.01769867903827001	0.02571359706142353	0.08429106929292256	0.05729992659477295	0.2808124302617224	0.04053265064107232	0.0104548081157058	0.01074673899926211	0.2368558311925887	0.1378963625661075	0.01051240543379115	0.03085068790775027	0.01075117870387355	0.01027253123329246	0.01056626044392847	3.021351918440617	8.7375043299779	4.692437340852629	0.07443765385670408	0.2459424604147224	0.1198726560034519	0.03053425429293523	-0.02637802351866166	0.0004419106848332023	0.03558708584022471	0.0002602427561136672	0.003646610844108178	-0.04049503371332536	-0.01466974864732128	0.02816157182101158	-0.0007250222461175403	0.0126227999093226	-0.009459744432829077	0.09798789529179289	-0.04537969971056006	-0.2409065381159983	-0.08329118143940678	0.4028632563121775	0.6351390749052099	0.2538467345485391	0.3221982361965567	0.2929030051828624	0.1482651847064119	0.02204096310042274	0.01414173157467507	0.01403379444622834	0.0144511402547748	0.01509820658370031	0.01567200214492269	0.01723831943602217	0.02881024696988843	0.01016814441100493	0.01011964437644251	0.01083181498245647	0.2020933884110666	0.01044563678895902	0.01019320212751686	0.1216688465317933	0.01098989540869277	0.01047024575195728	0.1053722830426	0.2227268657468346	0.01511951425087494	0.01552020846880914	0.01017296184404011	0.1115257746178707	0.01013474263807839	0.01067938547247179	0.3451702587252365	0.1397158968632081	0.07673540346352002	0.01059087595528311	0.01291578645061494	0.01603421734679199	0.02542180869644559	0.06120828855541778	0.03135552385565336	0.01049141750034781	0.01036930359956184	0.01040084898362057	0.01045685442497569	0.01038885580589467	0.01062597832166218	0.01042251080950052	0.01989934571594506	0.01100321915723301	0.01164760556379905	0.01707876052860806	0.02819356973131933	0.08452594854654638	0.1446609552092788	0.01427320312328551	0.01070626083640289	0.0102165550953055	0.2033615888936765	0.1330650170628603	0.1219880902470643	0.08155748215499013	0.07860473098816176	0.06317167115686001	0.01124671091674107	0.09466839344896079	0.01803504310758302	0.02723591176748465	0.08532900458292136	0.05213517859462599	0.2139407978769671	0.03979018810288983	0.01050626860914865	0.01081460572469457	0.2569185773242662	0.1211637395662384	0.01044597283732886	0.0333411644341828	0.01055559107791273	0.01019056898083931	0.01041022717082078	0.008838840650856692	0.02273580857096529	-0.0001367197322369067	-2.410361112538032e-05	-0.005309127197034465	-0.000485774770529167	0.001385820482901171	-0.001955441897569812	-0.0191052216261574	0.02416412657683785	-0.004148226701491523	0.005303774031072213	-0.0340495715104487	-0.03575419128129923	4.191871667297257e-17	2.206839795054407e-16
1.509107142857143	-0.0784670452372576	-0.007293083743641218	0.1036116145275631	1.365854545923764	0.9386747256970366	-0.2522882630540222	0.3673101170911799	-0.1291796139613134	0.0733794941281274	-0.08342538749122731	-0.01437729092492783	-0.00417199359949148	-0.06440404742804509	0.01587963409761399	-0.2134330177233259	0.219218612942804	0.219218612942804	0.4935997921662321	0.4935997921662321	-0.05199049162190666	-0.01152513993061587	-0.5412249437632169	0.1268778141560204	-0.1792077742106813	-0.01245119258678142	1.636492872201992	-2.0269756470566	-0.03138290609535906	0.1341988530549118	0.5239204028522511	0.9649494564596591	-0.4731155862042581	1.590123765659189	0.9563346448288761	0.8956674437173584	-0.3454716882026467	-0.3101180658630639	0.2861271900477167	1.576551746706134	-0.154209174989317	0.1237580506776617	-0.261360680033309	-0.4503770759793345	-1.97586562120583	0.9274395879100568	-1.242515247160151	-0.1149166213292522	0.5136699152652209	0.5973897242103039	-0.1418785371393533	1.335090934811208	1.335090934811208	5.424643552569947	5.424643552569947	-0.08003211072162658	-0.09427417657085765	-0.02138797499837949	-0.7772371025034058	0.5742465914710178	-0.2684613621472852	0.8486966507085244	-1.255959946895174	-0.3037777698276004	-3.320273624836106	0.08762007544075048	-1.393719790067917	-1.791363788412573	1.176711524163568	0.0094845792498624	-0.0350705669851181	0.395646057401601	0.6332636451702299	0.2421066554790094	0.3124301798065358	0.2820061896278389	0.1353529386483815	0.02036152987113615	0.01406597557637586	0.01342482499878169	0.0140242946744312	0.0154677794448169	0.01688647751261648	0.02013034572929901	0.03539142614819612	0.01018485483959041	0.01012752887817585	0.01075622734748662	0.2350564915771966	0.01063941003561483	0.01021371695699483	0.1366668301639161	0.01187488938239784	0.01053907256362317	0.09880396878659205	0.228720054740909	0.01553043544833645	0.01652408433364892	0.01019090457132439	0.1069684604970493	0.01014508252497264	0.01070528425262674	0.3257152731050105	0.1310410481378195	0.09097477717845684	0.01089531933088432	0.0123419722153572	0.01773303415675454	0.02939810240972706	0.07392479125098946	0.03724207127522545	0.01057370031679291	0.01044261706943704	0.01043586427638396	0.01048324059386591	0.01043424511042434	0.01071889785039581	0.01050606457155333	0.02019413218490903	0.01095658630100476	0.01160745692135769	0.01719641701425743	0.02773520401427643	0.07654756203141699	0.1290901225140451	0.01493431349482625	0.01075672932870202	0.01023180218345666	0.1906532307938518	0.123109537976433	0.1133157964253528	0.07366383850091006	0.07159745730621138	0.05764811123567778	0.01153923505859481	0.08471594493250377	0.018044021711177	0.02679396383890155	0.08034876243204329	0.04643329289304615	0.1961697762253357	0.03837060750468694	0.0107021043593395	0.01105466219614144	0.2332365366680381	0.1109390035381135	0.01041588439692196	0.03310000887647789	0.01053187016558693	0.01018389571490231	0.01039364439945981	3.021351918440617	8.970158801539618	4.709875475928971	0.0489690084122138	0.1967638734343899	0.1147044866754299	0.02125739288686606	-0.01928361160762722	0.001038607560885728	0.03072721949061852	0.0003121770703171438	0.003862767535266061	-0.03676174015568433	-0.01241868549564649	0.02993396342908809	-0.000543344076225425	0.007768026304530143	-0.004464646191891743	0.0917291625307227	-0.02754059895337633	-0.1932156852519654	-0.08498900065939886	0.3642255390747767	0.5936891130355612	0.2172105965364266	0.2940327956161398	0.251828852687623	0.1125885860584381	0.01639157802700529	0.01397047232881954	0.0129286482538029	0.01367645044492886	0.01577086835034003	0.01789115804406644	0.02243016549841134	0.04114599746416166	0.01019958278985189	0.01013449999784173	0.01067033252323613	0.2967172829371055	0.0108027061476018	0.0102316972742882	0.1590264524263608	0.01261232653861935	0.01059868415037372	0.08942673780303945	0.2376616507498898	0.01586731087322822	0.01735228636466583	0.01020687444771192	0.09743369122154741	0.01015395823825629	0.01072631351443649	0.2927383470521529	0.1199058824995071	0.1074356712513442	0.01114989461487494	0.01185651871597566	0.01914492092351094	0.03320549628763636	0.08828611036800907	0.04302805953168141	0.01064384634214736	0.0105048924605707	0.01046607576857441	0.01050611192061464	0.0104731504125099	0.0107985405811052	0.01057818349971347	0.02054661841890603	0.0109048709569406	0.0115569079498232	0.01732504652626249	0.02758085333520812	0.07031694984198852	0.1156518456693287	0.01553812791398817	0.01080375090993845	0.01024523632620959	0.1590839597489207	0.1086878538986835	0.1030461655531725	0.06277968613892704	0.06262067628946347	0.05130708208446931	0.01178939187632402	0.07065639340314959	0.01809323416557131	0.02662833235930599	0.07576602162997324	0.04029531713821246	0.140302012576059	0.03699608124234498	0.01086827301277885	0.01125910383844414	0.2133795683592151	0.09483366416887801	0.01038392838507521	0.03326324716919062	0.01049082205776277	0.01016944908120561	0.01036287443493497	0.007716389311907585	0.02327917102668923	-0.0003858383571167587	-0.0005042011991361752	-0.004349837632161634	-0.0006006203372361802	0.001417539393198719	-0.002269527470558579	-0.01667766764361693	0.02389470099998093	-0.003009328940590012	0.004227064760687029	-0.03549271278003095	-0.03386373628542849	-1.243810975788455e-18	2.901571572060576e-16
1.529285714285714	-0.08442770044096322	-0.01452871457912139	0.1096221979498094	1.397234410800222	0.9356734233604479	-0.2498836666213637	0.3613842328801533	-0.1398976387215296	0.03023577318871565	-0.05989126183631067	-0.0420071733803998	-0.004677397309216681	-0.05632124889564381	0.02975025278444916	-0.2158916321525076	0.245193816028437	0.245193816028437	0.6130340556151394	0.6130340556151394	-0.05236764055391956	-0.01377600628923713	-0.5407368871390745	0.1126202098753036	-0.1670475003055395	-0.01839096728488942	1.657793341624684	-2.057928202575761	-0.0398847591410691	0.06065643637984285	0.5270771839006145	0.9349008012744966	-0.5120628925417259	1.615829519403569	0.9565376157933904	0.8949496630429014	-0.241431658194462	-0.4044045048113623	0.3061080718644976	1.527569692762311	-0.1444337849571803	0.1139126581440769	-0.3068218699883148	-0.6116746357958192	-2.342945279750098	1.392744862803585	-1.487737878874426	0.06487531935887099	0.2700468881476975	0.7770368060694337	-0.09650238179850859	1.2674241210624	1.2674241210624	6.359181795857353	6.359181795857353	0.05697526306953696	-0.1288007460993988	0.0718287648290305	-0.6170830641318356	0.6285847181883012	-0.3126308777245881	1.283358406473483	-1.808103172986984	-0.623822520704951	-3.969045841568585	0.220592042422483	-1.573387504670801	-2.105300832318566	1.365421850282278	0.01101175093447266	-0.03520029636048265	0.357138444136292	0.5912867412802629	0.205903277328535	0.2862914844151193	0.2408097724858461	0.09843596317890972	0.01443895249127057	0.01389762174268868	0.01230937443146551	0.01324274800534823	0.01614517071539601	0.01911690667749777	0.02534044919219679	0.04759609016947763	0.01021640267290159	0.01014243239875532	0.01059733837838515	0.3226781366649562	0.01099895479161979	0.0102523640141783	0.1726970354118544	0.01350825600755833	0.01066813604964703	0.08260880252545566	0.2425594096434176	0.01628345254787033	0.01836641600460722	0.0102249072704029	0.09201924466121555	0.01016440778119839	0.01075268743160632	0.2779313356890696	0.1116211190618058	0.1206046312259123	0.01145846473020838	0.01127494920319154	0.02085611668988213	0.03712155063906455	0.1002150317799605	0.04877099424915017	0.01072706596705401	0.0105790828212006	0.01050143260643932	0.01053273807628717	0.01051902550210827	0.01089244008288611	0.01066253514226463	0.02083568780664017	0.01085962906446694	0.01151879278070631	0.01744101242537734	0.02711999489944464	0.06292434317272184	0.1021571609936885	0.01619952811869724	0.01085412038852429	0.01026058426708876	0.144150250132368	0.0985741316745762	0.09472937356786799	0.05433360334356904	0.05531532161584658	0.04565941652779741	0.01208490124011592	0.05998086561170718	0.01809871126257623	0.02618250681801578	0.07107028727119712	0.03447395847340742	0.115295707166716	0.03557831222801602	0.01106640965844044	0.01150180698861192	0.1962328035343402	0.08384040824203629	0.01035456089709848	0.03303036152955188	0.01047029883190496	0.01016421915007612	0.01034891694639768	3.021351918440617	9.410161200608179	4.744339046666786	0.02350036296772353	0.1475852864540575	0.109536317347408	0.0119805314807969	-0.01218919969659277	0.001635304436938254	0.02586735314101234	0.0003641113845206204	0.004078924226423944	-0.03302844659804331	-0.01016762234397171	0.0317063550371646	-0.0003616659063333099	0.002913252699737685	0.0005304520490455932	0.08547042976965254	-0.0097014981961926	-0.1455248323879324	-0.08668681987939093	0.3255878218373761	0.5522391511659124	0.180574458524314	0.265867355035723	0.2107547001923837	0.07691198741046434	0.01074219295358785	0.013799213082964	0.01182350206137745	0.01290176063508292	0.01644353011697974	0.02011031394321018	0.02762201156080051	0.05348174795843491	0.01023102116869886	0.01014935561924094	0.0105088500640158	0.3913411774631445	0.01115977550624458	0.01027019242105953	0.1963840583209283	0.01423475766854592	0.01072712254879016	0.07348119256347892	0.252596435752945	0.0166151074955815	0.01918436426052252	0.01024078705138374	0.0833416078252241	0.0101731738384342	0.01077324155640119	0.2403064353790693	0.1000958681358061	0.1381359390391685	0.01170891327446677	0.01079725098133637	0.02225562450022988	0.04098918387882713	0.1153639321806004	0.05470059520770947	0.01079627518394691	0.01064048132157957	0.01053130255352825	0.01055536941625358	0.01055744501912513	0.01097110284054823	0.01073385618992641	0.02119389112186701	0.01080652275664819	0.01146621033584735	0.01757133252391692	0.02696813693909693	0.05610795113743067	0.08664273612937856	0.01680305270469083	0.01090124098347402	0.01027391755711368	0.1148063306041649	0.08431069073450666	0.0841042408592806	0.04400189012286393	0.04663662159076518	0.0394424930120786	0.01233207283590696	0.04664439335733841	0.0181514252235596	0.02602075295112733	0.06620303867702511	0.02845545568179893	0.06666322727515096	0.03420197438180014	0.01123027741640906	0.0117036019521937	0.1698405593941641	0.06850358877151762	0.01032188393282156	0.03318532990419844	0.0104260530376128	0.0101483291815719	0.01031552169904915	0.006593937972958477	0.02382253348241317	-0.0006349569819966107	-0.00098429878714697	-0.003390548067288803	-0.0007154659039431934	0.001449258303496268	-0.002583613043547346	-0.01425011366107646	0.02362527542312401	-0.001870431179688502	0.003150355490301845	-0.03656366591895126	-0.03125421247895432	-3.427802689937745e-17	3.128063603668969e-16
1.549464285714286	-0.08804876909466379	-0.02220779392457537	0.1149664711747174	1.4273561035092	0.9328192918297283	-0.2476769130830121	0.3560430583917038	-0.155178224410581	-0.02382040288625711	-0.02988977566656395	-0.07224417110809013	-0.002164567745731264	-0.05423756680697839	0.04577959393246217	-0.2162306687855433	0.2730013770101655	0.2730013770101655	0.7442987941674084	0.7442987941674084	-0.0493754684418795	-0.01661714123114546	-0.5381418988847031	0.1023400771610146	-0.1540019830734267	-0.02491859950079102	1.690869962409896	-2.096106736310617	-0.05271319182106952	-0.02804589588819431	0.532721990318895	0.9022441507478244	-0.5600280290255297	1.643449445223649	0.956765048532356	0.8941939836142806	-0.0965923385420802	-0.3316386636917736	0.2113935940499542	1.459158642917773	-0.1364953590822231	0.1044209594827553	-0.2547781810759833	-0.9381725996471648	-3.162806556564968	1.49125174886961	-1.469945608782552	0.16750277315137	-0.09179796427247776	0.786728996872516	0.07971349943463903	1.522892790887847	1.522892790887847	6.524840585527869	6.524840585527869	0.2379845099371397	-0.1527452235829966	0.1931155516587262	-0.4037729353735743	0.6650441319527408	-0.3355937428197777	2.058249964687562	-1.885839736288011	-0.2432532641253442	-4.660897627768001	0.3392461770273537	-1.641575952585872	-2.752287933930257	1.34177749892671	0.009152421012119756	-0.03953908274937056	0.3008020422563555	0.5195421290993173	0.1634180689573499	0.2446938054328981	0.1929131045772174	0.06599806443123606	0.01093928970522444	0.01359570578953734	0.01440694604391094	0.01416637729473651	0.0154925762798502	0.0176554748282062	0.02273369209889194	0.04145469653549176	0.01029625756628927	0.01018295812752719	0.01052631118864073	0.3501774512423753	0.01203259340223655	0.01032969077109619	0.1817074186861947	0.018131066312566	0.01093393911057284	0.06520484272656128	0.2271749459397355	0.01556816655134069	0.01706351015986508	0.01037458675127861	0.07165722604917342	0.0102703133307607	0.01087504824034875	0.2067321085313798	0.08415051002709432	0.1039782305849379	0.01931934090691977	0.0167448292330369	0.01911003269493314	0.04817332118046832	0.1365573749909554	0.06477474498235181	0.01089799314242679	0.01067184219910154	0.01077633234818892	0.01083524252301401	0.01074016841361528	0.01118700084111541	0.01161932059092984	0.01936709325921305	0.01182350952468318	0.01239836565128694	0.01662331597003993	0.02322801373513911	0.04526836791155477	0.06953591667566063	0.02717626088420962	0.02534805600630265	0.01068560932317202	0.09876996575979061	0.07521391390497981	0.07901952268151202	0.03742034898182474	0.04046593613675406	0.03551949117664038	0.01248573975505164	0.03862081409855427	0.01703163187475191	0.02256028520310713	0.06295732618007867	0.02436873581971704	0.05965252030795492	0.02907758577188271	0.01220389693715679	0.01242627313335802	0.1370794167883655	0.05710851789072315	0.01114349508406103	0.02764534973795095	0.01071153192915214	0.01026880294417914	0.0105427303211738	3.021351918440617	10.17754339977988	4.804946749842176	0.01941710982885475	0.09570862045531908	0.1264394556576345	0.006437222532355929	-0.006282632222253047	0.002814084944065276	0.02328482152070605	0.0004834901786812725	-0.002383535692424823	-0.02502589280817236	-0.007556141560056484	0.03333096848251822	-0.0002360020571390428	0.0004535845358488008	-0.004274501502003061	0.08853921198214802	-0.014085729389405	-0.09867415571271909	-0.1118615993722541	0.2466951980847573	0.4330999698466467	0.1329100579645245	0.2062349882207022	0.157115636359973	0.05013056778313796	0.01066932697390029	0.01341610466158345	0.01648824779726256	0.0151727704934816	0.01473870321210477	0.0157287732082253	0.01890271472572526	0.03178265405809542	0.01035126993943543	0.01021121869810897	0.01053086073030769	0.3348329862898478	0.01276824242527934	0.01038036266098078	0.1741822644529943	0.02146913391952525	0.01111006658613673	0.05524355536976287	0.2003115454467287	0.01473845692589411	0.01539573412548872	0.01048589300281264	0.05828428333663136	0.01035079707395562	0.01096080382490729	0.1457540862212835	0.06517665012648106	0.07409275909525252	0.02571294449179946	0.0216345245439241	0.01665083660824082	0.05526969586030667	0.1637526645913562	0.07529631645665413	0.01098905933960032	0.01070431418031189	0.01098048350540751	0.01106719421020353	0.01089417581096153	0.0113729051538915	0.01235454494893194	0.01787982002196188	0.01265340586277075	0.0131597576103363	0.01584952451506725	0.02003223075144437	0.0341373105727721	0.04909380042071532	0.03609698226469545	0.03759746625731446	0.01102444712315359	0.07282537326589107	0.06270138750713443	0.07133006190109061	0.02969214586322575	0.03334591917562734	0.03100566142386717	0.01264028363961696	0.02892231963169806	0.01610414487578631	0.01960618176640907	0.05884888341568905	0.0199706699804242	0.03980516416330297	0.02444507890346763	0.01302314447028998	0.01304387118035354	0.09027424083896149	0.0429479269243544	0.01181393162587316	0.02290934201959991	0.01094063569803533	0.01036568947857465	0.01072519784285672	0.005506406318801013	0.02192511557008067	-0.0005622945176165018	-0.0003605420516031425	-0.002308615003298129	-0.00115353770094178	0.001230951854847892	-0.001212217179082685	-0.01036323250084297	0.02021728538207456	-0.00169869088351874	0.00249551076375242	-0.03357443068912704	-0.02215966069901625	-9.074450403229874e-18	6.621770992402691e-17
1.569642857142857	-0.08748329935704825	-0.02690098542517162	0.1176612351844552	1.456170935886296	0.930243889178775	-0.2456852281985621	0.3498022378940039	-0.1791846678814627	-0.1033777719383386	-0.003324683393390883	-0.09974564243309154	0.001409333658185284	-0.06116706352348052	0.06049214261348122	-0.2119960278600087	0.3080323922517748	0.3080323922517748	0.8712613568564869	0.8712613568564869	-0.04282822044041858	-0.01993821824981436	-0.5326308526206482	0.09624678728912918	-0.1401831238852056	-0.03198453665705034	1.743409712752011	-2.130398152975129	-0.0333807364682059	-0.1209146073954454	0.540782435656751	0.8695313486268249	-0.6273152277208816	1.668754953208723	0.9568110187676474	0.893360428546637	0.1735172797058931	-0.1084580989493585	0.04350184876798764	1.398040173142209	-0.1168075597060109	0.09259611899629518	-0.3959903240025182	-1.47653841594183	-4.870497150047597	1.052146529691861	-1.216606058430923	0.1700435017732836	-0.6232947279397023	0.6465228624381752	0.3568178717943025	1.983377109652348	1.983377109652348	5.932771444815469	5.932771444815469	0.409336767153728	-0.1763702262738987	0.3608539834879337	-0.2021039505484666	0.7052345403866459	-0.3659849957069458	3.212447353706291	-1.422831392563465	2.5638053197205	-4.381996704216334	0.460018200822895	-1.578952972427128	-4.020407883374651	1.136028224157677	-0.006973913146509057	-0.0429189437680685	0.2241451152848012	0.4113784949315594	0.1147179245259091	0.186741281661185	0.1381172323337806	0.03788197855784563	0.01091969735247213	0.01321107533931615	0.01910264172885902	0.01645718505036943	0.01377079336824305	0.01322981845568825	0.01394438211181977	0.01979790782449739	0.01041736021197584	0.01024527798564594	0.01055027561148864	0.3120965980408001	0.01365038677897905	0.0104405530528718	0.1636727394970987	0.02536220165562934	0.01131918724588573	0.04666127821881395	0.1804876846046505	0.0136727666530485	0.01323636564761841	0.01062168616243302	0.04632236223731128	0.01044945327184681	0.01106393315903809	0.1106997720606521	0.04875840573154997	0.042013173095108	0.03327722714298292	0.02759316630440536	0.01345129033927002	0.06222342596145229	0.1823076917635722	0.08487134530658563	0.01109119001740757	0.01073505995629096	0.01122900735378241	0.01135124133283888	0.01107922907275146	0.01159085008675645	0.01325150632217265	0.01602912522072055	0.01368571101813719	0.01410559842995694	0.01488786058033448	0.01624825426114307	0.02298002658489409	0.03094341530097232	0.04627242162595647	0.0517116080361712	0.0114426110555987	0.05447421121871615	0.0529406970262576	0.0658330922736622	0.02275968236966454	0.0269030265025973	0.0269511626946397	0.01279203542078631	0.02034380341898682	0.01496941796505793	0.01610481068376458	0.05550261000825167	0.01577194632962808	0.0287230786929054	0.01926183783234115	0.01400711224296664	0.01377303041795238	0.05545438188832262	0.03071953678845457	0.01264859798905787	0.01731179209709959	0.01123168126921585	0.01048855447704752	0.01095686923290514	3.021351918440617	12.02541787130765	4.867049337650145	0.01533385668998597	0.04383195445658065	0.1433425939678609	0.0008939135839149567	-0.0003760647479133256	0.003992865451192297	0.02070228990039976	0.0006028689728419245	-0.00884599561127359	-0.0170233390183014	-0.004944660776141262	0.03495558192787183	-0.0001103382079447757	-0.002006083628040084	-0.009079455053051714	0.09160799419464351	-0.0184699605826174	-0.05182347903750577	-0.1370363788651172	0.1678025743321385	0.3139607885273809	0.08524565740473503	0.1466026214056814	0.1034765725275624	0.02334914815581158	0.01059646099421273	0.01303299624020289	0.02115299353314767	0.01744378035188028	0.01303387630722979	0.01134723247324041	0.01018341789065001	0.01008356015775592	0.010471518710172	0.010273081776977	0.01055287139659957	0.278324795116551	0.01437670934431411	0.01049053290090202	0.1519804705850603	0.02870351017050458	0.0114930106234833	0.03700591817604682	0.1480266551405124	0.01286180635620672	0.01160710399045493	0.01073099895424153	0.03322695884803862	0.01052842030947704	0.01114836609341339	0.05120173706349758	0.03025743211715607	0.01004957915133658	0.03971697570913216	0.03247179810651183	0.01104604871625176	0.06955020784178621	0.2121413970021121	0.09589203770559881	0.01118184349525372	0.01076814703904422	0.01142966445728678	0.01157901900415348	0.01123090660279794	0.01177470746723477	0.01397523370793746	0.01456574892205675	0.0145002889688933	0.01485330488482524	0.01412771650621757	0.01309632456379181	0.01216667000811354	0.01154486471205208	0.05539091182470006	0.0642936915311549	0.01177497668919348	0.03084441592761723	0.0410920842797622	0.05855588294290059	0.01538240160358758	0.02005521676048951	0.02256882983565573	0.01294849444332696	0.01120024590605771	0.01405686452801301	0.01319161058169081	0.05149472815435299	0.01148588427904947	0.01294710105145497	0.01468818342513511	0.0148160115241709	0.01438414040851339	0.01070792228375882	0.01739226507719118	0.01330597931892476	0.01263335413500139	0.01145521835845785	0.0105830497755774	0.01113487398666429	0.004418874664643547	0.02002769765774818	-0.000489632053236393	0.000263214683940685	-0.001226681939307454	-0.001591609497940367	0.001012645406199516	0.0001591786853819769	-0.006476351340609479	0.01680929534102511	-0.001526950587348979	0.001840666037202995	-0.03070499180075207	-0.01137652240114413	1.345156118815095e-17	-1.638574986038316e-16
1.589821428571429	-0.07792705053034835	-0.02725406110269983	0.1179142369492387	1.483932656691409	0.9285001598294292	-0.2440907082065484	0.3355687159186604	-0.2148609706219432	-0.2316439702241903	0.006854467779344404	-0.1221005961420087	0.005340532935161815	-0.08271123918238624	0.0732228904909651	-0.2030960829032665	0.3543075278915804	0.3543075278915804	0.9781763269217202	0.9781763269217202	-0.03200431544721249	-0.0239042643585098	-0.5243982335182071	0.09435160197182187	-0.1255007563849892	-0.03906937846729019	1.823987301241919	-2.147392497318145	0.04118383534211369	-0.2013572886266078	0.5501457271484277	0.8392895036857065	-0.729442564317838	1.690039782031794	0.9567364899804397	0.8926303082308576	0.8974887896931255	-0.012647257369724	-0.03255747289796543	1.356355924585975	-0.04198955558368227	0.06617576941835403	-1.094512568399367	-2.016916106249629	-7.722327141965826	-0.2504444788882048	-1.09840390038383	0.1828270128444958	-1.648270859730852	0.7258426075567834	0.5602530491489314	2.875965298674316	2.875965298674316	4.448931730901331	4.448931730901331	0.698702078649317	-0.2358489438235408	0.4152009398478909	0.02505259784756038	0.7612966547160522	-0.2993062413065278	4.707139771323865	-0.09008376536281092	3.299382142384398	-3.894013050973512	0.4476498527734019	-1.383835722111912	-5.879598714594403	1.082238890234517	-0.001122000246286844	-0.02978397079797325	0.1423201844451267	0.2768061248172844	0.07308498562132436	0.1231817306394411	0.08655347778084482	0.02241979332810587	0.01269605488935848	0.01356939848070554	0.02984291548405717	0.02122184869789776	0.01360636837777558	0.01194241392703134	0.01059651214391378	0.01082189242940478	0.01319823465545497	0.01271585028664245	0.01703598777867696	0.2280438650124285	0.0160190414645291	0.01177473201932537	0.1200372018793362	0.02459474423305806	0.01277612566089194	0.03177026585323035	0.1208091549739236	0.01342434061417295	0.01216467744728398	0.01223666091123745	0.02858623704270334	0.01114343592720093	0.0117940048087268	0.05157482839857519	0.02867977100041388	0.01287637366436157	0.0317912424372845	0.05681561190220745	0.0116229281647263	0.06545211813064761	0.1896344931365421	0.08892595828419245	0.01159616000532188	0.01096459521067657	0.01383126183425254	0.01541282725255232	0.0122312013276781	0.01234891227586915	0.01688425482138959	0.01458719473693577	0.01439515095358308	0.01489256182138553	0.01499534969387247	0.01474959056941849	0.01433976052241574	0.0146313383446485	0.04820847635799586	0.06097853306000919	0.02485744942978597	0.0295219153165697	0.0361104561744692	0.04886052157808777	0.01602938485389531	0.0193945487128434	0.02112890702333476	0.0131449331814545	0.01204111140938483	0.01497196349616545	0.01478033116530782	0.04232371467508436	0.01196855496266711	0.01480602539472402	0.01473734116026744	0.01594049525042227	0.01510240076177695	0.0192501405440204	0.0175347275760324	0.01314698918003347	0.01475910562237169	0.02312705870910482	0.04529782511452345	0.02767288025800333	3.021351918440617	16.73686689132751	4.918479368613535	-0.01587349988874892	0.02214012260792207	0.08620641045649889	-0.004181033907680327	-0.002358892121407408	-0.0007551401526017228	0.01435491990294604	-9.033931666505567e-07	-0.006483400632344259	-0.005867377596267044	0.003962244666267416	0.04252152945645798	0.0006390508370728229	0.008474032551349845	0.006937958152254852	0.04841243826760933	0.01235774696927759	-0.02425905437017246	-0.07900039121814126	0.08957275401314435	0.1623144718174425	0.05311249049699023	0.08256771597488959	0.05885290032101186	0.01935203782710148	0.01438894525071169	0.01399185537338306	0.03757397560358174	0.02452324569413982	0.01399350227598498	0.01221530126516814	0.01049926479226968	0.01020886785655752	0.01545197150587615	0.01473019133095829	0.02242811207903916	0.1447016278236874	0.01746852705790446	0.01283538607099486	0.08174260126135197	0.02155709082291075	0.01385270837570863	0.02554989380529368	0.07942908878732408	0.01379458092065499	0.0124359477519526	0.01348730718649748	0.0223415321883358	0.01165671789741636	0.01233404483899783	0.0362242503100511	0.02408211210398797	0.01011086801436044	0.02589094839757685	0.07975871892954731	0.01181956100905371	0.06313420800965382	0.1755213951143813	0.08480496770716853	0.0119466209702841	0.01112937670695783	0.01583712511481346	0.01861637737561635	0.01307109371029898	0.01284222321720511	0.01939005532399204	0.01442888135511451	0.01440290595277687	0.01501274079331396	0.0156244723535573	0.01573829125886135	0.01471572320830815	0.0143954005747863	0.04334573945868959	0.06031027593650568	0.03597472987788919	0.02404569786657672	0.02955614176477862	0.03855455788216486	0.01559623476575323	0.01788681621678258	0.01930176802031734	0.01332492900607802	0.01157487605851992	0.01562218911042717	0.01574519784450357	0.03337397135817412	0.01185453992766352	0.01412865505387595	0.01420340139406024	0.01696977016206146	0.01576931486354891	0.01833239818668246	0.01572777073226415	0.01309095767251552	0.01594641559472699	0.03299776312860467	0.07602349618471117	0.04178333993343143	0.002351365390724327	0.008956384273276463	-0.0009563613575083793	0.002057028950813953	-0.0005792680290184389	-0.001066689861728868	-0.0004644871017013309	-4.720622313290326e-05	-0.004772534825891903	0.006808743396463736	0.0009287189014928806	0.0006865127158010394	-0.04314645565032691	0.0007327666693571697	2.508011469945072e-18	-1.875146831940188e-16
1.61	-0.04626546642191515	-0.03088655605321415	0.1157769852809795	1.511022259280667	0.9291156302159109	-0.2429850634040709	0.302412487555899	-0.258862271567341	-0.4101744473805212	-0.0217941075034585	-0.1480814583436512	0.00730375819429236	-0.1331837603722712	0.09424683423331225	-0.1879752331796863	0.4351067678679485	0.4351067678679485	1.04212352818407	1.04212352818407	-0.01320893881927278	-0.03022821126970067	-0.5174856459804985	0.09769329309463416	-0.1090038270898146	-0.0425735676482909	1.930677979966664	-2.127113232150091	0.03813610675740435	-0.2902912314338157	0.5580260280542502	0.8150813858621714	-0.855625667161508	1.716814630246019	0.9567371252589005	0.8921448319361353	2.364488564267073	-0.4334978852984252	-0.1934082260114527	1.33142314643795	0.1170246264998946	0.04414123295376719	-2.271515204879348	-2.301670981384959	-9.852443374378298	-2.79626529598981	-1.57598813912583	-0.02501233008401812	-3.490528975258003	1.46850333753967	0.9734031230207407	5.40523523858599	5.40523523858599	1.674019138688964	1.674019138688964	1.199429530950336	-0.4100736686451286	0.2300189965409894	0.3169492895341875	0.8850849129842758	-0.01108845192395054	5.800647447778518	2.271544063400924	-5.128741268105393	-5.223608471045623	0.3130315232869099	-0.9809198421887827	-6.404696219332104	1.680171739033169	0.0004759765480556707	-0.01867104079605082	0.05739422902228812	0.1139633477427682	0.03873842992276193	0.05515246321338736	0.03881585619699854	0.0182081707882618	0.01651830111318535	0.01453818979538061	0.04607925557842667	0.02828549120226829	0.01458468984686326	0.01284852929613254	0.01097257132941967	0.01102178138169606	0.01820357316995544	0.01719812732276516	0.02890419344559616	0.09411019404906373	0.01911337740565375	0.01413610090089815	0.04944187996027615	0.01740142398908933	0.01514879279868128	0.02004885821509162	0.04913767394406678	0.01437698908335321	0.01302703596577641	0.01501003320715402	0.01734338248213827	0.012279752301337	0.01298767551628558	0.03181697623493895	0.0220235756722306	0.01232707628859847	0.01793774632471495	0.1023221857970729	0.0124416300587676	0.05940199926553709	0.1589808099510864	0.07874475055154312	0.0123656669239218	0.01132844407942972	0.01825765760611282	0.02246594440584647	0.01408225291295765	0.01342139651263639	0.02230251419912577	0.01446836389385043	0.0142839290646638	0.01504142118984802	0.01651249871548859	0.01744725159782545	0.01694876278809446	0.01738774568411069	0.03640586221109136	0.05736058563074219	0.04878465226124764	0.02196738020535549	0.02421165918124932	0.02857463247662087	0.01627782235442593	0.01721095003576116	0.01784290297415794	0.01352162898863975	0.01248331866394171	0.01656020495294318	0.01738665759374762	0.02404434223778368	0.01239607055028799	0.01594699045080735	0.01428908316382135	0.01809263329857926	0.0164862253881815	0.02542241221401294	0.01578856493474749	0.01291883486546077	0.0181437956507466	0.04447605109677939	0.1081992924783949	0.05784263757783389	3.021351918440617	27.50508020989219	4.976701049445113	-0.04708085646748381	0.0004482907592634862	0.02907022694513688	-0.009255981399275609	-0.004341719494901491	-0.005503145756395743	0.008007549905492324	-0.0006046757591752257	-0.004120805653414927	0.005288583825767313	0.0128691501086761	0.05008747698504414	0.001388439882090422	0.01895414873073977	0.02295537135756142	0.005216882340575136	0.04318545452117258	0.003305370297160862	-0.02096440357116526	0.01134293369415014	0.01066815510750399	0.02097932358924545	0.0185328105440977	0.01422922811446138	0.01535492749839138	0.01818142950721065	0.01495071450656323	0.0539949576740158	0.03160271103639936	0.01495312824474016	0.01308337005709586	0.01081511169388934	0.01033417555535911	0.02043242430158031	0.01918730088493958	0.03430335276147876	0.01107846053082381	0.0205603447714948	0.01518023924108771	0.01150473193764364	0.01441067147531693	0.01621240612793395	0.01409386943454053	0.01083152243413575	0.01472735548510326	0.01326479151345027	0.01624361541875343	0.01145610552863298	0.01278501548535568	0.01351972358458227	0.02124676355660462	0.01790679209081987	0.0101721568773843	0.01206492108602155	0.1270456397525828	0.01259307330185566	0.05671820817752142	0.1389013932266506	0.07371789770873824	0.01271139844531448	0.01149060637487143	0.02024458577234015	0.02565373574707921	0.01491128081780002	0.01390973896717546	0.02480487694004662	0.01429201378817227	0.01430552293666043	0.01517217670180268	0.01712122820089703	0.01838025795393089	0.01726477640850275	0.01724593643752051	0.03130056709267913	0.05632686034185645	0.0601744830665849	0.01724697980553622	0.01802019924979504	0.01855323282142912	0.01581006792791889	0.01571841567307565	0.01603470620497895	0.01370136356882908	0.01194950621098214	0.01718751369284133	0.01829878510731634	0.01525321456199526	0.01222319557627757	0.01531020905629694	0.01371861936298537	0.01912352879995202	0.01715448931858442	0.02595687408960611	0.01406327638733712	0.01287593602610629	0.0192594770544526	0.05454030789875149	0.1414639425938449	0.07243180588019857	0.0002838561168051067	-0.002114929111195246	-0.001423090661780366	0.003850843217687222	6.814588127057635e-05	-0.0005417702255173687	-0.001941619609602177	-0.0002535911316477834	-0.003068718311174327	-0.003191808548097636	0.00338438839033474	-0.0004676406056009162	-0.06708399509225349	0.01031337319898667	-8.435538248260808e-18	-2.11171867784206e-16
