inDegrees=no
num_controls=109
num_derivatives=0
num_input_controls=0
num_iterations=30
num_multipliers=2
num_parameters=0
num_slacks=0
num_states=142
objective=1.617716
objective_excitation_effort=1.617716
solver_duration=80.679793
status=Solve_Succeeded
success=true
DataType=double
version=3
OpenSimVersion=4.5.2-2025-05-03-6a4c6ec41
endheader
time	/forceset/addbrev_r/activation	/forceset/addlong_r/activation	/forceset/addmagDist_r/activation	/forceset/addmagIsch_r/activation	/forceset/addmagMid_r/activation	/forceset/addmagProx_r/activation	/forceset/bflh_r/activation	/forceset/bfsh_r/activation	/forceset/edl_r/activation	/forceset/ehl_r/activation	/forceset/fdl_r/activation	/forceset/fhl_r/activation	/forceset/gaslat_r/activation	/forceset/gasmed_r/activation	/forceset/glmax1_r/activation	/forceset/glmax2_r/activation	/forceset/glmax3_r/activation	/forceset/glmed1_r/activation	/forceset/glmed2_r/activation	/forceset/glmed3_r/activation	/forceset/glmin1_r/activation	/forceset/glmin2_r/activation	/forceset/glmin3_r/activation	/forceset/grac_r/activation	/forceset/iliacus_r/activation	/forceset/perbrev_r/activation	/forceset/perlong_r/activation	/forceset/piri_r/activation	/forceset/psoas_r/activation	/forceset/recfem_r/activation	/forceset/sart_r/activation	/forceset/semimem_r/activation	/forceset/semiten_r/activation	/forceset/soleus_r/activation	/forceset/tfl_r/activation	/forceset/tibant_r/activation	/forceset/tibpost_r/activation	/forceset/vasint_r/activation	/forceset/vaslat_r/activation	/forceset/vasmed_r/activation	/forceset/addbrev_l/activation	/forceset/addlong_l/activation	/forceset/addmagDist_l/activation	/forceset/addmagIsch_l/activation	/forceset/addmagMid_l/activation	/forceset/addmagProx_l/activation	/forceset/bflh_l/activation	/forceset/bfsh_l/activation	/forceset/edl_l/activation	/forceset/ehl_l/activation	/forceset/fdl_l/activation	/forceset/fhl_l/activation	/forceset/gaslat_l/activation	/forceset/gasmed_l/activation	/forceset/glmax1_l/activation	/forceset/glmax2_l/activation	/forceset/glmax3_l/activation	/forceset/glmed1_l/activation	/forceset/glmed2_l/activation	/forceset/glmed3_l/activation	/forceset/glmin1_l/activation	/forceset/glmin2_l/activation	/forceset/glmin3_l/activation	/forceset/grac_l/activation	/forceset/iliacus_l/activation	/forceset/perbrev_l/activation	/forceset/perlong_l/activation	/forceset/piri_l/activation	/forceset/psoas_l/activation	/forceset/recfem_l/activation	/forceset/sart_l/activation	/forceset/semimem_l/activation	/forceset/semiten_l/activation	/forceset/soleus_l/activation	/forceset/tfl_l/activation	/forceset/tibant_l/activation	/forceset/tibpost_l/activation	/forceset/vasint_l/activation	/forceset/vaslat_l/activation	/forceset/vasmed_l/activation	/jointset/ground_pelvis/pelvis_tilt/value	/jointset/ground_pelvis/pelvis_tilt/speed	/jointset/ground_pelvis/pelvis_list/value	/jointset/ground_pelvis/pelvis_list/speed	/jointset/ground_pelvis/pelvis_rotation/value	/jointset/ground_pelvis/pelvis_rotation/speed	/jointset/ground_pelvis/pelvis_tx/value	/jointset/ground_pelvis/pelvis_tx/speed	/jointset/ground_pelvis/pelvis_ty/value	/jointset/ground_pelvis/pelvis_ty/speed	/jointset/ground_pelvis/pelvis_tz/value	/jointset/ground_pelvis/pelvis_tz/speed	/jointset/hip_r/hip_flexion_r/value	/jointset/hip_r/hip_flexion_r/speed	/jointset/hip_r/hip_adduction_r/value	/jointset/hip_r/hip_adduction_r/speed	/jointset/hip_r/hip_rotation_r/value	/jointset/hip_r/hip_rotation_r/speed	/jointset/hip_l/hip_flexion_l/value	/jointset/hip_l/hip_flexion_l/speed	/jointset/hip_l/hip_adduction_l/value	/jointset/hip_l/hip_adduction_l/speed	/jointset/hip_l/hip_rotation_l/value	/jointset/hip_l/hip_rotation_l/speed	/jointset/back/lumbar_extension/value	/jointset/back/lumbar_extension/speed	/jointset/back/lumbar_bending/value	/jointset/back/lumbar_bending/speed	/jointset/back/lumbar_rotation/value	/jointset/back/lumbar_rotation/speed	/jointset/walker_knee_r/knee_angle_r/value	/jointset/walker_knee_r/knee_angle_r/speed	/jointset/patellofemoral_r/knee_angle_r_beta/value	/jointset/patellofemoral_r/knee_angle_r_beta/speed	/jointset/walker_knee_l/knee_angle_l/value	/jointset/walker_knee_l/knee_angle_l/speed	/jointset/patellofemoral_l/knee_angle_l_beta/value	/jointset/patellofemoral_l/knee_angle_l_beta/speed	/jointset/acromial_r/arm_flex_r/value	/jointset/acromial_r/arm_flex_r/speed	/jointset/acromial_r/arm_add_r/value	/jointset/acromial_r/arm_add_r/speed	/jointset/acromial_r/arm_rot_r/value	/jointset/acromial_r/arm_rot_r/speed	/jointset/acromial_l/arm_flex_l/value	/jointset/acromial_l/arm_flex_l/speed	/jointset/acromial_l/arm_add_l/value	/jointset/acromial_l/arm_add_l/speed	/jointset/acromial_l/arm_rot_l/value	/jointset/acromial_l/arm_rot_l/speed	/jointset/ankle_r/ankle_angle_r/value	/jointset/ankle_r/ankle_angle_r/speed	/jointset/ankle_l/ankle_angle_l/value	/jointset/ankle_l/ankle_angle_l/speed	/jointset/elbow_r/elbow_flex_r/value	/jointset/elbow_r/elbow_flex_r/speed	/jointset/elbow_l/elbow_flex_l/value	/jointset/elbow_l/elbow_flex_l/speed	/jointset/radioulnar_r/pro_sup_r/value	/jointset/radioulnar_r/pro_sup_r/speed	/jointset/radioulnar_l/pro_sup_l/value	/jointset/radioulnar_l/pro_sup_l/speed	/forceset/lumbar_ext	/forceset/lumbar_bend	/forceset/lumbar_rot	/forceset/shoulder_flex_r	/forceset/shoulder_add_r	/forceset/shoulder_rot_r	/forceset/elbow_flex_r	/forceset/pro_sup_r	/forceset/shoulder_flex_l	/forceset/shoulder_add_l	/forceset/shoulder_rot_l	/forceset/elbow_flex_l	/forceset/pro_sup_l	/forceset/pelvis_tx	/forceset/pelvis_ty	/forceset/pelvis_tz	/forceset/pelvis_tilt	/forceset/pelvis_list	/forceset/pelvis_rotation	/forceset/addbrev_r	/forceset/addlong_r	/forceset/addmagDist_r	/forceset/addmagIsch_r	/forceset/addmagMid_r	/forceset/addmagProx_r	/forceset/bflh_r	/forceset/bfsh_r	/forceset/edl_r	/forceset/ehl_r	/forceset/fdl_r	/forceset/fhl_r	/forceset/gaslat_r	/forceset/gasmed_r	/forceset/glmax1_r	/forceset/glmax2_r	/forceset/glmax3_r	/forceset/glmed1_r	/forceset/glmed2_r	/forceset/glmed3_r	/forceset/glmin1_r	/forceset/glmin2_r	/forceset/glmin3_r	/forceset/grac_r	/forceset/iliacus_r	/forceset/perbrev_r	/forceset/perlong_r	/forceset/piri_r	/forceset/psoas_r	/forceset/recfem_r	/forceset/sart_r	/forceset/semimem_r	/forceset/semiten_r	/forceset/soleus_r	/forceset/tfl_r	/forceset/tibant_r	/forceset/tibpost_r	/forceset/vasint_r	/forceset/vaslat_r	/forceset/vasmed_r	/forceset/addbrev_l	/forceset/addlong_l	/forceset/addmagDist_l	/forceset/addmagIsch_l	/forceset/addmagMid_l	/forceset/addmagProx_l	/forceset/bflh_l	/forceset/bfsh_l	/forceset/edl_l	/forceset/ehl_l	/forceset/fdl_l	/forceset/fhl_l	/forceset/gaslat_l	/forceset/gasmed_l	/forceset/glmax1_l	/forceset/glmax2_l	/forceset/glmax3_l	/forceset/glmed1_l	/forceset/glmed2_l	/forceset/glmed3_l	/forceset/glmin1_l	/forceset/glmin2_l	/forceset/glmin3_l	/forceset/grac_l	/forceset/iliacus_l	/forceset/perbrev_l	/forceset/perlong_l	/forceset/piri_l	/forceset/psoas_l	/forceset/recfem_l	/forceset/sart_l	/forceset/semimem_l	/forceset/semiten_l	/forceset/soleus_l	/forceset/tfl_l	/forceset/tibant_l	/forceset/tibpost_l	/forceset/vasint_l	/forceset/vaslat_l	/forceset/vasmed_l	/forceset/reserve_jointset_hip_r_hip_flexion_r	/forceset/reserve_jointset_hip_r_hip_adduction_r	/forceset/reserve_jointset_hip_r_hip_rotation_r	/forceset/reserve_jointset_walker_knee_r_knee_angle_r	/forceset/reserve_jointset_ankle_r_ankle_angle_r	/forceset/reserve_jointset_hip_l_hip_flexion_l	/forceset/reserve_jointset_hip_l_hip_adduction_l	/forceset/reserve_jointset_hip_l_hip_rotation_l	/forceset/reserve_jointset_walker_knee_l_knee_angle_l	/forceset/reserve_jointset_ankle_l_ankle_angle_l	lambda_cid31_p0	lambda_cid32_p0
0.48	0.03483440042271862	0.03490671592244642	0.03385703063291726	0.01377837742473227	0.03729054552392094	0.05497815176850171	0.02257511602830484	0.01577368986006876	0.01454595321469069	0.01552787873254577	0.01706671189089153	0.01746954473487642	0.0203695891495641	0.02562367507858399	0.01170861395555905	0.2075953730178188	0.07162585423433965	0.913214143322244	0.01001610643683662	0.4663052787880014	0.01032794103053615	0.01047988955695898	0.01088441671479337	0.0285668903039074	0.01126490815188873	0.01725440649198497	0.01772603044052258	0.349960060046788	0.0546516699589252	0.1372384925915543	0.02413813322170323	0.0104411486935509	0.01178444537400855	0.01812529075590161	0.01031674125043057	0.01278605214617248	0.01730388948003995	0.01502354164164048	0.237214339639893	0.01696469818133875	0.05055200533280725	0.1600201245958088	0.01401249318433406	0.01168221382526468	0.02487313764584098	0.06065205690505296	0.01094612118119231	0.01358164561678999	0.01089800708639408	0.01201571324472044	0.01154170116935429	0.01049607888141515	0.01006081833803364	0.01002961338562559	0.01392230254881261	0.01330565283168772	0.01508446502060948	0.01094008465698671	0.01211211830582277	0.01478302019218897	0.01274768899619588	0.01481472386002387	0.01647325637562338	0.02318703124786011	0.03534683413005368	0.01164381067790781	0.01074121324189123	0.06643474820165347	0.1620740164057738	0.1867344500961655	0.02946578150866533	0.01051488617267498	0.01133821688709355	0.01002157959013716	0.01917543477345757	0.2264005397523721	0.01035726394024095	0.01082442590999662	0.01026887709099036	0.01061177203904194	0.0188962444942807	0.5043227261687273	-0.04793896153828528	0.05412779902045005	0.1394824145734875	-0.2095325312716579	0.04766124998888008	1.237129549001031	0.9733974300921184	0.1942516180176895	-0.2324776300254909	0.1085064350133945	0.3380975841268548	-2.105690575945482	0.05779634873332268	0.5083483216868696	-0.184755892539706	0.2168018332220782	0.1449003911113673	2.90760245273655	-0.1340956889853921	-0.2735191424506782	-0.002617121889316266	-0.3381348521493752	-0.1404924337842604	-0.5056086703227458	0.08127414813011063	-0.07540353095498759	-0.1660781884549403	1.148775395280242	0.3877680248267131	-0.07105143421255264	0.3877680248267131	-0.07105143421255264	1.137934554235045	4.157321242717325	1.137934554235045	4.157321242717325	-0.02492514252850002	0.3611494929423012	-0.05939907579120747	-0.1208013987224967	-0.4334139334988879	0.831614674365749	0.1064690975907524	-0.2701741993249651	-0.1408581324645504	0.139441320418795	-0.02061730722541007	-0.6069007825668183	0.07885160602956606	1.702035500458658	-0.292173846584365	1.24246269774777	0.5540405832390706	0.3571502982420608	0.8349596376531281	-1.568350465094425	0.9463520667542094	-0.02632077540735501	0.8868892597245395	-0.04163037204821248	0.4259841701883236	-0.220777267421334	0.08528529029455682	0.02150222581367343	-0.0003458587360267107	0.004467888219229884	0.03677198084087612	0.0005891079087136064	-0.02414135943547718	-0.07290063439808571	-0.01562848175461401	0.03164044841187384	-0.000429230326964617	-0.0334812978908165	0.1364396847134785	0.02721214923774431	-0.1367087672965729	-0.03530464316853233	-0.01965911826055848	0.03483440042271862	0.03490671592244642	0.03385703063291726	0.01377837742473227	0.03729054552392094	0.05497815176850171	0.02257511602830484	0.01577368986006876	0.01454595321469069	0.01552787873254577	0.01706671189089153	0.01746954473487642	0.0203695891495641	0.02562367507858399	0.01170861395555905	0.2075953730178188	0.07162585423433965	0.913214143322244	0.01001610643683662	0.4663052787880014	0.01032794103053615	0.01047988955695898	0.01088441671479337	0.0285668903039074	0.01126490815188873	0.01725440649198497	0.01772603044052258	0.349960060046788	0.0546516699589252	0.1372384925915543	0.02413813322170323	0.0104411486935509	0.01178444537400855	0.01812529075590161	0.01031674125043057	0.01278605214617248	0.01730388948003995	0.01502354164164048	0.237214339639893	0.01696469818133875	0.05055200533280725	0.1600201245958088	0.01401249318433406	0.01168221382526468	0.02487313764584098	0.06065205690505296	0.01094612118119231	0.01358164561678999	0.01089800708639408	0.01201571324472044	0.01154170116935429	0.01049607888141515	0.01006081833803364	0.01002961338562559	0.01392230254881261	0.01330565283168772	0.01508446502060948	0.01094008465698671	0.01211211830582277	0.01478302019218897	0.01274768899619588	0.01481472386002387	0.01647325637562338	0.02318703124786011	0.03534683413005368	0.01164381067790781	0.01074121324189123	0.06643474820165347	0.1620740164057738	0.1867344500961655	0.02946578150866533	0.01051488617267498	0.01133821688709355	0.01002157959013716	0.01917543477345757	0.2264005397523721	0.01035726394024095	0.01082442590999662	0.01026887709099036	0.01061177203904194	-0.03269803155023676	0.04464792852872525	-0.04678143900732461	0.01678688126548239	0.007496073953528863	-0.01387396755548988	-0.003305436650775702	-0.03164952707966083	0.02763068000354441	-0.08984150392610771	-0.02869196451917853	-0.0161437088499108
0.4899122807017544	0.02516731717019481	0.02519822649249705	0.02458620458882664	0.01236642407288811	0.02670413386254944	0.03783378118864071	0.01767602216130072	0.01373115284842028	0.01326514116818155	0.01384184009387766	0.0147725191159714	0.01510405703231692	0.01638957769026947	0.0195652854245908	0.05527383689130308	0.1864228383158008	0.04855549500565454	0.7989068418916977	0.08969621158816168	0.3921882044386514	0.06409313863396975	0.06098740633283105	0.05144012873645093	0.02132116646907463	0.0109072035051872	0.01488323765715085	0.01521681198588301	0.2819539553277707	0.03763822245132479	0.147437021792611	0.01889794609672086	0.01089228885876197	0.01124490177611629	0.03366493565972167	0.07819518222466344	0.01226157708458623	0.01506613602754469	0.03079078202825354	0.2148217226640025	0.04003404091566728	0.04724968151377031	0.1351274028248766	0.01247275130469721	0.01104627611959136	0.01912512868152228	0.05047724319283624	0.01059943849628978	0.01329320641132582	0.06283094275686356	0.03641598134159073	0.01099150975799346	0.01032348359771945	0.01005198053991223	0.01002675429381946	0.01239341286240161	0.01200701142415588	0.01308176733360818	0.01061575297200384	0.01133519865174012	0.01293863169689042	0.01185981284375851	0.01325717827994805	0.01440867050910867	0.02075839200659416	0.04708071975526914	0.0110589030968184	0.01047875981163136	0.04989166516298098	0.1380328029000654	0.1894043068163124	0.03142057029667627	0.01034010251778943	0.01086106380119771	0.01001503797065811	0.02387560877129067	0.2626244897498928	0.01023172902121049	0.01261032779108213	0.01961971615204572	0.01321752586630105	0.0235467423209452	0.4319133127404354	-0.04698190060436375	0.1387292955002027	0.1372740823601102	-0.2343661549071382	0.0598712610610363	1.226894485675577	0.9753647244141943	0.2024966587511979	-0.2314283090775093	0.1030700108252848	0.3168536204934136	-2.17709508592142	0.06237866725235317	0.41438300009214	-0.1827424148872985	0.1884283555650306	0.1733409082611497	2.830417569659487	-0.1359241566495024	-0.0953194937183616	-0.006029541763453759	-0.350947436082314	-0.1451757140458029	-0.4362530575011812	0.0799800087314167	-0.1854284537845959	-0.1546491218019746	1.153375044268417	0.3857426053997751	-0.3369003505854911	0.3857426053997751	-0.3369003505854911	1.175946212742392	3.505414195763393	1.175946212742392	3.505414195763393	-0.02122599810792904	0.3845697982772311	-0.06062631793814711	-0.1260984354062762	-0.4247501152448527	0.9126652212957517	0.1034015663663732	-0.3519446811437322	-0.1397953160622155	0.07537726769843962	-0.02671818787115443	-0.6267664411131743	0.09445109858691389	1.440957200188623	-0.2748574202011436	2.221147994424284	0.557624511680478	0.3642723338366426	0.8197937256333405	-1.491189990852948	0.9460642798520112	-0.03155702239983251	0.8864844235881137	-0.03984418335651516	0.3891055079547118	-0.2184671223416013	0.05914243802543828	0.01534341074002251	-9.843726572213848e-06	0.003314885099871405	0.03457117006745358	0.000445745835923366	-0.02863056548110993	-0.07119479775071513	-0.01486088106704908	0.02905197539562653	-0.0004260066253598931	-0.02712130703732714	0.1381753055744766	0.01239968461556492	-0.1281284488229844	-0.0379611873754998	-0.03705422957932177	0.01002874974495051	0.01001739427069028	0.0100774159145353	0.01024344842498541	0.01004534356783733	0.01004212642416383	0.01015132012366474	0.01067655670225744	0.01134165344162561	0.01133713355951385	0.01140592539040968	0.01165216260404891	0.01034514159392316	0.01025894782134106	0.1301701869018274	0.1427092604465153	0.01010228084447919	0.4349003783900999	0.2355808140381904	0.1921527328922508	0.1574402111707525	0.1482762953941541	0.1202467440715634	0.01008334881777491	0.01039861322696006	0.01140561331786616	0.01155274552424449	0.1165468638734678	0.01006293439025098	0.1666565108382416	0.01089512727600448	0.01145714248190903	0.0104241975936503	0.05801929132008388	0.1986867115968236	0.01141935316081591	0.01180907714674617	0.05574086954128093	0.1637571165065389	0.07746381597847676	0.0431674208547588	0.08776977774755405	0.01016308274890189	0.01009567464506077	0.01081801577649444	0.03539807212463233	0.0100798888880087	0.01268799224561959	0.1485756472962584	0.07417280995358387	0.01018306356252113	0.01006999285316731	0.01003771946130381	0.0100217092803946	0.01008883640789285	0.01004936214100493	0.01005205238356109	0.01012800791123824	0.01016917033102529	0.01015602982479549	0.01051632020336685	0.01089868357708777	0.01128739934994084	0.01702510505494535	0.06657214405062489	0.0101957047598219	0.01009161034200387	0.02401614056129005	0.09175342996762501	0.1942077740430837	0.03445526314853432	0.01007672337038039	0.01014433178911538	0.01000535775608255	0.03118216152863635	0.3413669696861876	0.01004782677281503	0.01527006016614138	0.03290544009379039	0.01717813740545955	0.01759731634050401	-0.01833731929205729	0.01553334825489188	-0.008311090429493163	-0.003985115614525461	0.006545259744124623	0.002135961230175939	0.01420980222797294	-0.0140017743981099	0.04487937468787299	-0.02944486571069834	-0.01357145499465086
0.4998245614035087	0.01366201198774082	0.01364837587888098	0.01356554690972804	0.01076268987156721	0.01408163008377476	0.01713182561735754	0.0118918117220837	0.01152437575908506	0.01183702763840961	0.012089184857234	0.01259111774093766	0.01294567408747377	0.01188822429987414	0.01259272170549621	0.115612001615709	0.1646507574500758	0.02038005345804359	0.6434743798884002	0.1986060060086874	0.2956119583526614	0.1359383040000873	0.1289577215587291	0.1062078864312493	0.01274584117776891	0.01061302386812299	0.01264063489480628	0.0129219050418594	0.1956372044852305	0.01710363546101086	0.1562402787388701	0.01298892925402044	0.01095002450117502	0.01058431831687327	0.05051388870794649	0.1669008458287004	0.01144551660324399	0.01305709550808791	0.04947637739446602	0.1833787554228816	0.06802641981782984	0.0484350941066553	0.1100414381600414	0.01075161227281947	0.01033458225110231	0.01456272838527591	0.04519610793763067	0.01020351113367646	0.01226933767269382	0.1169865595544513	0.06022702918617819	0.01043253595550026	0.01014682050527438	0.0100376400094317	0.0100203429864586	0.01063656808555159	0.01050628184817368	0.01075856221259918	0.0102385556787682	0.01045008392861149	0.01082519180638856	0.01081074349558882	0.01144337962210445	0.01206297683434333	0.01798973841094443	0.06175523039819094	0.01044996939985163	0.01020384807785793	0.03620931019211268	0.1127870010504484	0.190071486249058	0.03346714907412612	0.01013386868697416	0.01031134442775675	0.01000801348326166	0.02936136080163591	0.2921402775766813	0.01010499047928771	0.01452916821500946	0.02616280371065774	0.01632055068242726	0.02742691054734136	0.3499032222956766	-0.04519658759071322	0.2209441131924706	0.1348666927738311	-0.2500059197135107	0.0719905839505737	1.218702357840837	0.9774064506124385	0.2091376806998918	-0.2304372443960258	0.09675713436264449	0.2950070092442507	-2.227556522642636	0.06598253204555649	0.3117287917130814	-0.1810296957186396	0.1572287663109134	0.2010084715726697	2.752036589063602	-0.1359920731306684	0.08085140302301551	-0.009585666408971618	-0.3671357474595457	-0.1490938037301537	-0.3526680773240667	0.07761034687337501	-0.2917481563596425	-0.1432830163576345	1.136833824560929	0.3811207434521311	-0.5931895217758175	0.3811207434521311	-0.5931895217758175	1.20732432235679	2.822172131941161	1.20732432235679	2.822172131941161	-0.01731189512026013	0.4047768502192164	-0.06188562349089321	-0.1273815551308372	-0.4153998937461991	0.9698188372463589	0.09943836931033627	-0.4499058113334749	-0.1393537282612237	0.0143503392688128	-0.03309526232627543	-0.6624868177630995	0.1073725278502837	1.166046350738856	-0.2488234727724157	2.993829446926981	0.5612351321169363	0.3632494176335691	0.8054066649304088	-1.411201017763574	0.9457307658957373	-0.03549381255449148	0.8861035535256993	-0.03679292621686406	0.3542576055113391	-0.2004593599652379	0.03462130845956647	0.009200841530335268	-0.001538370627130167	0.001855539460472967	0.03222929958838926	0.0002853543951731645	-0.03249993794181644	-0.06738383396846061	-0.01372865507319073	0.02659789927536219	-0.0004035197003998217	-0.02575472898840002	0.1395452011984455	0.01367731371394109	-0.1010671399808729	-0.04573840917146185	-0.0531444108974334	0.01004613620445965	0.01002805424833957	0.01012335718371955	0.01038821445623493	0.01007139274215749	0.0100693455704019	0.01015820376038554	0.01120305930752479	0.01154862509808429	0.01195871236010432	0.01281247743387985	0.0133524038592555	0.01086714670704376	0.01079894626342915	0.1564481713364648	0.1630649228224215	0.01015938147972701	0.4844903384325349	0.2794894004296499	0.2253747951764881	0.1814870488131185	0.1724436621447035	0.1402329616715956	0.01013584420811375	0.01073702016436363	0.01289297560630764	0.01334277092229529	0.144800417157076	0.01011300367116668	0.1525996788646541	0.01167546486611171	0.0101813935283977	0.01034806592967199	0.05332252849114675	0.2219790912149225	0.01087510953291278	0.01350636496603485	0.05572069315807547	0.1587238609689849	0.07898321983298794	0.05801214914510334	0.1095748862180203	0.01039738813569051	0.01018680774468705	0.01689973585844225	0.05556347816644979	0.01010748440735721	0.01082751327791842	0.1225616118328035	0.05893815104780235	0.01041539868268435	0.01013888935141744	0.0100269141613653	0.01001341936245887	0.01019155854980083	0.01011189899315579	0.01013266173857787	0.0101354579228331	0.0102389699443347	0.0102997022097654	0.01049592984544771	0.01094211911388025	0.01151223399217877	0.01731388802689345	0.06821670170552224	0.01040308750501031	0.01017955426848539	0.04214912746435355	0.109861937481272	0.184571499139383	0.03365675743303216	0.01007255168482966	0.01016980167250761	0.01000707235476158	0.03096736423590903	0.2713145660538198	0.0101026439607915	0.01479143605761165	0.02046446167954975	0.01730561165761259	-0.04013513890436685	0.02016108735668603	-0.02312896330714336	0.01415936218720945	0.007591906045962216	-0.004955081201648432	-0.004361151687084012	-0.03351080124152575	0.02897137577106146	-0.06418486533168148	-0.03003897484817728	-0.011724658375438
0.5097368421052632	0.01130043277897865	0.01128723983419809	0.01129917603139254	0.01043604751965938	0.01145929705851902	0.01254276700073888	0.0107357071444638	0.01121874283757212	0.01157131983474864	0.01179837911372512	0.01227271113189309	0.01271001450855781	0.01122864999200186	0.01141960208918132	0.129362790462437	0.1520957133552016	0.01374695767483814	0.5909288687563459	0.2411002046703869	0.2594784607330909	0.1707190678906087	0.1584069426068483	0.1264372246947817	0.01101806422534746	0.01304079072762987	0.01231740797513862	0.01264307515388281	0.1596781248755882	0.01255402465444311	0.1823189566682631	0.01265201377124091	0.01051356069999792	0.01040447087546676	0.06298023203033752	0.2097605646397788	0.01119051363080699	0.01288390712019932	0.04895171254252822	0.160997501973721	0.06806721899876035	0.04572976024554791	0.09899712575836399	0.01041705215439265	0.01020316830827627	0.01344625617067256	0.0401832515066743	0.01012737630203072	0.01226668434312598	0.1381048543497639	0.07056067697710097	0.01029027801398948	0.01009862309526468	0.01002475853297366	0.01001312769819188	0.01030827059120898	0.01022371698969937	0.01031433822913241	0.01023057632521303	0.0103358461186639	0.01044622740558868	0.01094952206189219	0.01174303584660846	0.01213536601218169	0.01557194833240536	0.07031899029881578	0.01029921633728846	0.01013422884196907	0.03074806497817348	0.1077511336325585	0.1921788810970801	0.03688050146012048	0.01009477937133816	0.0102078436212049	0.01000546523785956	0.03623177809616044	0.3128432574840743	0.01007042111286736	0.0156326635261568	0.02946309286935194	0.01809803174564137	0.03047265232425453	0.2646332402711802	-0.04261562902624872	0.2989769297168742	0.1323408890727049	-0.2586823435521955	0.08403554050921445	1.211753391661782	0.9795029074578187	0.2134189495623256	-0.2295130004907323	0.08959337367553268	0.2727551239728707	-2.259328400000159	0.06854647597435341	0.2054157428081441	-0.1796133670759142	0.1296548660998195	0.2278997612126334	2.673888593297974	-0.1343444916386883	0.2500330698654634	-0.01331922688503798	-0.3867730049712548	-0.1521501602505889	-0.2639214427447163	0.07422133170633595	-0.3904956166390719	-0.1321654793368607	1.104077308784229	0.3740482736933765	-0.8297230676283803	0.3740482736933765	-0.8297230676283803	1.231856137042673	2.12728093518519	1.231856137042673	2.12728093518519	-0.01320640551974089	0.4234911976391272	-0.06314103868473492	-0.1254777101863186	-0.4056059899250843	1.002180736920844	0.09444925592152391	-0.5578922576237091	-0.1394964679187432	-0.04234680112126302	-0.03989855520217137	-0.7123359511490344	0.1176025290183606	0.9015768800269448	-0.2163038155138287	3.525817100175997	0.5648140030843477	0.3586871294452547	0.7918283703146396	-1.327828636486746	0.9453658376899634	-0.03785794007678044	0.8857591362966983	-0.03249838483289024	0.3094786603923861	-0.1748662060166519	0.01108671583974818	0.005048277182316785	-0.003594794290618835	0.0004200151250792897	0.03022962632528428	0.0001310314813210847	-0.03348834142643851	-0.06271844582634173	-0.01251790256288916	0.02480822426299761	-0.000368722377637167	-0.009589960993011232	0.1344118705036324	0.01699454746828746	-0.05640427628452144	-0.06092642213746317	-0.07058425591043688	0.01002305859687573	0.01001383193148814	0.01005887544145055	0.01019663594984544	0.01003453168732753	0.01003256484126132	0.01009592300412672	0.01100406218026293	0.01136814195353822	0.01148646851878206	0.01176229413880424	0.01223262483076895	0.01096498837559902	0.01114262022737181	0.1292899329181134	0.1270312100139083	0.01006011753896863	0.5325334519914702	0.283560930162106	0.2180761422926984	0.2116719209512362	0.188933291272566	0.1427134135261619	0.01007097330907097	0.01686689358425753	0.01178618028150111	0.01209823928161195	0.1174553900068078	0.01006190329176123	0.2367928175190322	0.01300027588668295	0.01032883493172312	0.01028655558197683	0.08163864501607616	0.2651429587088213	0.01114162239031896	0.01247720438719373	0.04393026899131027	0.1290700349160205	0.06095990499684937	0.03610625004937826	0.08016026633196265	0.01015798374608141	0.01010794619265824	0.01038494144258153	0.02691583918996619	0.01007631236823016	0.01298186191918317	0.1716137797654004	0.08700554362350538	0.01013447546222149	0.01004663027790507	0.01001447105540584	0.01000773211944442	0.01010770362998687	0.01005639238521575	0.01005150585356809	0.01027477905152845	0.0102976923125433	0.01022184721637598	0.0112980603703933	0.01239965127017638	0.01250697073794635	0.0123526327283769	0.08079368255437575	0.01014327046957584	0.01006351041637683	0.01947444463868639	0.1015095125529147	0.1988012574593238	0.04216191546041981	0.01007411393780634	0.01014411837030843	0.01000288930601027	0.04595364349711019	0.3685669861525612	0.01003222341197509	0.01685645244052212	0.03679141306506586	0.01980872548669163	0.01727525112647374	-0.02213873951596462	0.01482184191913886	-0.008681862960664605	-0.004218919151565845	0.007741474336616998	0.003279981496301941	0.009624978077531746	-0.01549668243193126	0.04687976923710352	-0.03040330416929925	-0.01060679149757212
0.5196491228070175	0.01052943263120335	0.01051668455540243	0.01055790253811398	0.01032050207363928	0.01060040332487117	0.0110220400753492	0.01035468112152854	0.01121144659791925	0.01147994503779031	0.01171146290156564	0.01223294677962881	0.01277069913409811	0.01136231417950217	0.01249569307853356	0.1274666114979429	0.1353350447119226	0.01150659915796073	0.5657791146276487	0.2616698317584959	0.2400556958687611	0.1922380705736536	0.1744351573605717	0.1345494234864529	0.01046136155733497	0.01674724380903065	0.01228017068260708	0.01267314511810587	0.1379722309588861	0.01105640928034305	0.2074914779915489	0.01308106314441329	0.01036501786600542	0.01033603497783196	0.07371147905051566	0.2365235113743994	0.01109908619256138	0.01300753354792116	0.04446918747170406	0.1398432528237926	0.06204826576998573	0.04097189692341339	0.08990402109905483	0.010302008810751	0.01016655925868329	0.0113176453394481	0.03425061562711761	0.01010153805377284	0.01225711520311638	0.1473587539291347	0.07536963303400283	0.01032738979726861	0.01010997854703597	0.01002493090698488	0.01001284893469821	0.01021532526891849	0.01014177085094027	0.01017546812960092	0.01024034289040309	0.0103177764271046	0.01034488316925423	0.01103805961804343	0.01190308039176693	0.01216599479739226	0.01327455892951939	0.07673696161339187	0.01031725553824544	0.01014231420521574	0.02556458235935578	0.1073733034538013	0.1928833084283898	0.0404979602267332	0.01007962046775752	0.01017364769375274	0.01000570178620594	0.04249136485158155	0.3237229030655511	0.01008169229750074	0.0155999342425466	0.03042122263168827	0.01808075367695253	0.03268354580354456	0.1824999614570787	-0.0392885630109605	0.3712443362746359	0.1297523000037599	-0.263169258700548	0.09601467686027718	1.205301643911529	0.981627675586291	0.2147670070717514	-0.2286635410276527	0.08168660006767633	0.2502682905598255	-2.275553396716302	0.07005923196116949	0.1004259986601372	-0.1784283798307318	0.1114007250132694	0.2540175034493031	2.595792052984458	-0.1310725446550667	0.4079652438384768	-0.01726492237645659	-0.4099056827011907	-0.1543388332901114	-0.1790547720888391	0.06990472613459739	-0.4784355134340626	-0.1214316684017052	1.06027724483122	0.3647672906005267	-1.037453189725784	0.3647672906005267	-1.037453189725784	1.249520506103515	1.439505398287538	1.249520506103515	1.439505398287538	-0.008915413873232855	0.4424902336661005	-0.06436632386462518	-0.1215112591658247	-0.3956113725909149	1.010610852872489	0.08836584433759166	-0.6696900500935793	-0.1401761501122258	-0.09388470800272271	-0.04725296065140105	-0.7730277135078589	0.1253449518779755	0.6669100375763559	-0.1797645778667722	3.804663029463526	0.5683515105191447	0.3558183942469945	0.779098755469521	-1.239692238109786	0.9449860287503824	-0.03847700883113598	0.8854631044557153	-0.02705068237641177	0.2731486551853601	-0.157135855583973	-0.01195075278238303	0.00113955436111293	-0.004724573059984047	-0.0007890618403913925	0.02833055279577163	6.697391051577188e-07	-0.0329121498203058	-0.05887652525138349	-0.01149004743903179	0.02361928821743837	-0.0003289012819732154	-0.008963650730329505	0.1359977576111185	0.003702280300632254	-0.003616435469864001	-0.08371351679765512	-0.09449667580194575	0.0100461315841923	0.01002730687583176	0.01011926020841079	0.01035817967003485	0.0100681794912067	0.01006594646962086	0.01014002063556514	0.0114735968639403	0.01153282175327718	0.01198016569661917	0.0130001491531013	0.01375876150402113	0.01189404938360573	0.01511359393612132	0.1302715316658153	0.1231909179289068	0.01011273948989762	0.5143175594274918	0.2835814829542526	0.223199863519039	0.2054921685861633	0.1852763803606918	0.1398299559438314	0.01015202243251019	0.01940799134069101	0.01309278571249097	0.01369974000499182	0.1276742360930355	0.01013951517851486	0.2010188017583526	0.01327187093474084	0.01015923971758859	0.01031725377101204	0.07275174039774246	0.2503073363435509	0.01084889148127706	0.01403953497559407	0.04226825195921122	0.1199112913149707	0.05954714854448254	0.04608406697665941	0.09399443332695931	0.01037635932383801	0.01020370045473039	0.01165685259795901	0.04246228094451648	0.01010358875909265	0.01080179348017602	0.1224835030662438	0.06152946796480577	0.01066012655013486	0.01021814743833884	0.01003964892020072	0.01001944515659733	0.01022974978020126	0.01013890580971843	0.010145920535809	0.01017185238384004	0.01029431642547842	0.0103615975745051	0.01062486371827555	0.01112774497821673	0.01153321105586151	0.01284294639356384	0.07854024203889147	0.01059962086522461	0.01026952277155876	0.03191861324581342	0.1156729979210824	0.1834917313976121	0.04111881522561926	0.01006496153209214	0.01016728846260798	0.0100101882995404	0.04285962644993651	0.2706488586706002	0.01016870666556268	0.01361647431380855	0.01985780367416514	0.01549945503906002	-0.0397940392353588	0.01846816499126297	-0.01424034793011981	0.01536811115560223	0.00789125497092856	-0.006214025676826374	-0.007890504738484592	-0.02267444650554515	0.03174662132696901	-0.04767401072942596	-0.03061221861299512	-0.009950565818240409
0.5295614035087719	0.01020473665282563	0.01019165738898287	0.01024665968139965	0.0102600044374978	0.01023908379296844	0.01038450987283406	0.01019183222392161	0.01123941224201483	0.01134589356183825	0.01161209744689036	0.01222512082634733	0.01285919996683353	0.01238249505632488	0.01737798618251546	0.1222239677672428	0.1187661491379297	0.01057232247785095	0.549981233301248	0.2726588567936148	0.2288718318881506	0.2042657807804439	0.1831811959722336	0.1380887925081269	0.01022859932129854	0.02947567156001134	0.01228214131801979	0.01274946951213127	0.126182941679883	0.01043406852953112	0.2292130730316385	0.0155783100324988	0.01022984712289954	0.01027233597375931	0.08105991483334805	0.252701482683343	0.01091621906600668	0.01314067269512436	0.038946597632623	0.1191110885595309	0.0544685411486976	0.040325803844485	0.08783569205708405	0.01025561147577918	0.01014628493741346	0.0109844216677532	0.03473344512045867	0.01008714298137463	0.01225413599231843	0.143522801038657	0.0732289143724601	0.01030725379242964	0.01010118102271879	0.01002168194939369	0.01001101462481194	0.01017711566669096	0.01010813769447833	0.01011875163363436	0.01019367492232901	0.01027771213787448	0.01029938079984477	0.01078939638437611	0.01152042005965913	0.01196509978552531	0.01270345684266856	0.07948271117282635	0.01029490420762319	0.0101305383144512	0.02987403906626654	0.1110921009820609	0.1919914842128795	0.04473986621023666	0.01006682087161186	0.01014834379693313	0.0100050931246746	0.04468478348021877	0.3130512018499186	0.01007525210619407	0.01532427602405696	0.02744632929265732	0.01744192552640973	0.0341210734437079	0.109550537079535	-0.03527973083786438	0.4362906017389495	0.1271275759304875	-0.2664647781672431	0.1079295866647393	1.198706661216729	0.9837496840481317	0.2128202626869714	-0.2278956916482711	0.07316002690409007	0.2276813288238455	-2.280283142172429	0.07055687329866761	0.001316472517258728	-0.1773600349621622	0.1066585862355789	0.2793544206757204	2.515903265458846	-0.1263052520331233	0.5512514516529139	-0.02145446823166653	-0.4357282811965633	-0.1557401234495454	-0.1063267027838139	0.06478078847398204	-0.5530117835944404	-0.1111651530221351	1.010654147306062	0.3535986996121406	-1.209737019284719	0.3535986996121406	-1.209737019284719	1.260471972904348	0.7753048125684693	1.260471972904348	0.7753048125684693	-0.004427888774089607	0.4633897143575706	-0.06554761634319982	-0.1168477504552458	-0.3856417051753634	0.9977103137159812	0.08117986096513562	-0.7794114492494815	-0.1413389772734453	-0.1397609884764313	-0.05524477431394384	-0.8401419798372269	0.1309687752077706	0.4759198778994387	-0.1416843187957815	3.840161127330663	0.5718917184013439	0.3601308956311933	0.7672732907711355	-1.145122479725185	0.9446090112621591	-0.03729555644520611	0.8852261776958914	-0.02060338316376619	0.2366040010498138	-0.132653248894403	-0.03310605963990135	-0.0003630756656121788	-0.006644777997651807	-0.001893296301538147	0.02722317982621579	-0.0001101950048007308	-0.02897859581253942	-0.0543463923500081	-0.01035657844298839	0.0236238835600238	-0.0002698998711341354	-0.003103869051623235	0.1401905448665232	0.0005379019791110977	0.05176421337948369	-0.1115966014266068	-0.1141732351909931	0.01002625445957611	0.01001512706510346	0.01006452747757444	0.0101606320476468	0.0100377872929512	0.01003569904844743	0.01008927748186833	0.01116821186366276	0.01115684458022123	0.01135745935415387	0.01183273747817529	0.01248369565079781	0.01358157769968652	0.02362420941507381	0.1100692527455836	0.09401942482859402	0.01005474557668521	0.5329230149557594	0.2834743940857722	0.2138949629506858	0.2205898600306506	0.1936636183688062	0.1409656457137501	0.01008507886411315	0.0476838316763267	0.01187911036882058	0.01233600113597632	0.1100093367093651	0.01009097194060807	0.2776907285009701	0.01901146486622446	0.01015942119865703	0.01019968982267142	0.09363702196480052	0.2787968056899732	0.01081665812858403	0.0128041686151517	0.03124645238183368	0.09061570094922122	0.04309839787889559	0.03707959724290575	0.0828278919793926	0.01015920124314024	0.0101009060656337	0.0104073966221346	0.03182517367555124	0.01006874195904389	0.0130357176375675	0.1466735722305353	0.07576367742819903	0.01015304289836516	0.01005080783694601	0.01001336665247674	0.01000694677642785	0.010120446233327	0.01006728084439622	0.01006290746544311	0.01016401750075765	0.01023274742490293	0.01022864695281153	0.01065718616466493	0.01137439206627488	0.01197414016183422	0.01251064126016519	0.08243339577362464	0.01015653412558125	0.0100682611171566	0.03335682288521225	0.1138723995752422	0.1939380171304682	0.05149873199771325	0.01005758065524015	0.01012042346391836	0.01000281483077238	0.04687850216716023	0.3102540400606713	0.01003608621565181	0.01571422648480583	0.02783292224813369	0.01747888531552642	0.01761946620745989	-0.02322985871298638	0.01254884992805158	-0.008960262455747018	-0.00446738561479407	0.008469004415925076	0.004346942427772339	0.005643677022743895	-0.01684560055223834	0.03809911049327754	-0.03069002799305619	-0.009666598867096633
0.5394736842105263	0.01010541290077827	0.01008940705945705	0.01015682131072486	0.01023213236612398	0.01012932276976133	0.01018482467073709	0.01014517788860716	0.01134462535110795	0.01135093792775494	0.01161709824292633	0.01222852076185413	0.01290035791157536	0.01326188917505212	0.02348738604295175	0.1135998725978718	0.1018880550601844	0.01027303478367162	0.5373526655664703	0.2754115190935066	0.2203728941400984	0.2101101066332128	0.1864890180775428	0.137847112174329	0.01016954451310902	0.04255559936536338	0.01228582830975471	0.0127754010563609	0.1169225749510403	0.01026249287095824	0.2460195766480377	0.01738043842736522	0.01019485861464296	0.01025433265543059	0.08664728085577286	0.2610768925939717	0.01091079107472958	0.01320684885823957	0.0329535379622758	0.09886579101805777	0.04583293428547951	0.04091707428110879	0.08793435528879923	0.01024459999170593	0.0101376545905116	0.01098195905690676	0.03697913721010535	0.01008781227325341	0.01248970197868167	0.1339871117804488	0.06848501019907437	0.01045779096259654	0.01016039633077232	0.01003400150795745	0.01001702669321096	0.01016524647180299	0.01010276761680992	0.01011256739962592	0.01016486075438609	0.01024548794263202	0.01027104684428421	0.01064538186535233	0.01125318515763887	0.01171500299863371	0.01389451590158982	0.07928802866130021	0.0104181852622719	0.01019485972722307	0.03449862591029958	0.1155007034598109	0.1884862518405235	0.05025555973481784	0.01006281804722772	0.01014725629988673	0.01000799260894886	0.04270463753843207	0.2932215611741018	0.01012526826751859	0.01426955213555926	0.02324182169380665	0.01559622795626195	0.03490283658586676	0.05091563729484366	-0.03066785383375583	0.4927014207993961	0.1244645959733375	-0.2713058450842448	0.1197766988325293	1.191558608528218	0.9858356581429405	0.207500074623423	-0.2272143987476898	0.06426401551038403	0.2050854851670049	-2.278087379247986	0.070117851573105	-0.08798385847423283	-0.1762613640180943	0.1177726614897182	0.303878270366603	2.431198690231474	-0.1202008993497915	0.6774208252183948	-0.02590518202659744	-0.4621680899133425	-0.1565090939473518	-0.05238962533623812	0.05899175762741315	-0.6124198046063921	-0.101398929620562	0.9600820853728486	0.3409136964175158	-1.343114001535175	0.3409136964175158	-1.343114001535175	1.265012173027612	0.1477694843772464	1.265012173027612	0.1477694843772464	0.0002810056483147179	0.487263287489959	-0.06668569177260608	-0.1130677290487369	-0.3758896940363355	0.9674325698071921	0.07293885931458899	-0.8817563261344451	-0.1429268190504054	-0.1795803269655841	-0.06391298126773726	-0.9086294910199403	0.1349490380955619	0.3358902482723932	-0.1043423170148493	3.662130671203389	0.5755317025040295	0.376748668785226	0.7564235208599444	-1.042602468142812	0.9442524149304647	-0.03437583709379968	0.8850572702186321	-0.01336525686765768	0.2079002862894783	-0.1130931243641267	-0.0522989682998646	-0.0005156462928267941	-0.008629923212618925	-0.002813752063810748	0.02668181059521452	-0.0001937465328956262	-0.02277976957407465	-0.04985687560218632	-0.009201059529929468	0.02455560076830529	-0.0001967568592257929	-0.006696814654674341	0.1412317294476509	-0.003988262107495615	0.1039491851067282	-0.1402910247990277	-0.1324280143272693	0.01006199595133757	0.01003481631161192	0.01015032869035737	0.01033342415458489	0.01008819635418663	0.01008458213786591	0.01015718112934374	0.01175792596231227	0.01167581983409995	0.01208997238321415	0.01301771003180655	0.01379580134385261	0.0135195695132154	0.02864912628106907	0.1081120040173481	0.08969991620671339	0.01012216053997847	0.4982743225672162	0.2725714154578361	0.2116101858273143	0.2062579865873074	0.1826738027622703	0.133570609070094	0.01019914290885698	0.04612539617628135	0.01310181341179456	0.01370336119817128	0.1131819193765878	0.01022664727275763	0.2247003688961818	0.01619321115348107	0.01018452133771865	0.01032467198557479	0.08158758322781552	0.2518502190146173	0.01100734653938225	0.01410781465453455	0.02983978087313494	0.08147295798815268	0.04117530877665937	0.0486242424183765	0.09702813533171419	0.01038794812487747	0.01019749488501516	0.01196708037518607	0.04890530842354662	0.01011922962812593	0.01150146804967404	0.09522123945981427	0.04901680133774111	0.01112363553131385	0.01040118519401135	0.01007906531352222	0.01003891618443305	0.01023102753219412	0.01015500153721737	0.01018153948512101	0.01013119533122939	0.01023732229705373	0.01032124201901431	0.01043691070036545	0.01070482994617233	0.01098661151167428	0.01692994136648981	0.07439552250648401	0.010984738441262	0.01047046593658609	0.04164014561688554	0.125603418209617	0.1719795928749655	0.05362071426311336	0.01006530730519477	0.01018811227203667	0.01001931664899366	0.0342672103327105	0.2130040948635675	0.01032235742786743	0.0107573288569632	0.01037734331851354	0.01064412270393993	-0.03906190289072857	0.01703818115078472	-0.009177747772677812	0.01648894648131813	0.008078697560656389	-0.006342509530777341	-0.01007403829162722	-0.01777823852528299	0.03376236330852603	-0.03251923027909331	-0.03058852625562076	-0.009491420911192136
0.5493859649122806	0.01006494020504139	0.01004725463793809	0.01011842428525694	0.01021384343345334	0.0100840411279533	0.01010258179478235	0.01011899228730684	0.01140001180589136	0.01126691163915715	0.01155570486708188	0.01224027448136772	0.01297620296655491	0.01616797421793874	0.03075736573155046	0.1033863094927036	0.08460494532737257	0.01014782127839915	0.5196626643666222	0.2714915760149844	0.2118310871769934	0.2092029963767185	0.1846465725432627	0.1346580785760149	0.01014357369933722	0.0536949817922559	0.01230486185278853	0.01284754255255879	0.1104801828582855	0.01020319261242918	0.2553685043533953	0.02024553806143376	0.01015135035618431	0.01022718149874733	0.08932322666870887	0.2614575397050544	0.01080700320002155	0.01331354012142914	0.02753796535856771	0.08047764191589157	0.03798643482560299	0.0434009222523775	0.09034680288387188	0.01025319301617474	0.01013569472877445	0.0111183588161389	0.04243620841048722	0.01008122312513093	0.01121510744405273	0.1178024008965411	0.05998796252182472	0.01048296923614406	0.01016331098380101	0.01002752276181179	0.01001390213570009	0.01016204656456182	0.01010336736218042	0.01011565118156788	0.01012174567894852	0.01019965664059747	0.01024366940227494	0.01043936063831137	0.01079471874544046	0.01114092049343597	0.01452288201649731	0.07624358430280273	0.01043848659679653	0.01019991002820647	0.04163015264915883	0.1202123991345445	0.1828268740831541	0.0538069514651983	0.01005371081905236	0.01012836331709759	0.01000784886275717	0.03762024343446884	0.2617664231432625	0.01012680241135192	0.01320345628532462	0.01606469524753326	0.01355743749239985	0.03518926974507207	0.01002250748052547	-0.02554471889740093	0.539253328882745	0.1217364221381539	-0.2799453422602498	0.1315493396710031	1.183675302341207	0.9878520087749491	0.1988024876930476	-0.2266218455792442	0.05531021218256846	0.1825285362299052	-2.273067504541039	0.06885503746200709	-0.1644798196537215	-0.1749702127704882	0.1454762856967954	0.3275253448442719	2.338458225024685	-0.1129371840999075	0.7849991279316684	-0.03060886040536484	-0.486184343290441	-0.1568547021693883	-0.02135370615338957	0.05269253094858008	-0.655900622370582	-0.09212167805333948	0.9125821959045076	0.3271015819360957	-1.43739759878813	0.3271015819360957	-1.43739759878813	1.263552923803052	-0.4340945206042496	1.263552923803052	-0.4340945206042496	0.005242759178749213	0.5144062128690587	-0.06779746735050309	-0.1118068130608252	-0.3665045329304879	0.9245506870252649	0.06373778654279656	-0.9725259886598419	-0.144878158458477	-0.2130644961256283	-0.0732450397212374	-0.9732422982964682	0.1377976026933868	0.2471269028297562	-0.06964080370122973	3.315964596330097	0.5794154334459747	0.4099170330233134	0.7466335677170811	-0.9312553523742798	0.943932732348291	-0.02988517407888088	0.884962979573206	-0.005596025208431865	0.1812931577427008	-0.1009342983262128	-0.06930292483387457	0.001496815172728232	-0.01078057433486733	-0.003535187292547786	0.02695330326049857	-0.000248451586145671	-0.01397772252736053	-0.04537306088966578	-0.008001697329670085	0.02641101535120581	-0.0001117573626928062	-0.008888694487678749	0.1351636623395912	-0.009872984559844611	0.1471165315327026	-0.1647456602638117	-0.1487916179653079	0.01003604035417611	0.01002121934250798	0.01007386213793085	0.0101398747475651	0.01004790250036413	0.0100489533264806	0.01008082184662259	0.01129625160271613	0.01101172735030794	0.01125135750847907	0.01185925632332465	0.01262023986881534	0.02014609981709899	0.03904134560059774	0.08761536859872075	0.06111913764481046	0.0100636592968013	0.4878703868056212	0.2618784450423788	0.1975437148569706	0.2073759283609478	0.1814136653963009	0.1300984972396415	0.01009774588884096	0.06911767239105909	0.01191907930762078	0.01246963106013521	0.1006211714110555	0.01015226832962585	0.2852800992542415	0.02491892177366803	0.01010433304287275	0.01015982613114578	0.09645681817864735	0.2645957568240849	0.01064368580040229	0.01299260499510352	0.02087990743387153	0.05742674743021214	0.02797612148844186	0.04314837053946427	0.08993708080592286	0.01018442961109148	0.01009966673153806	0.01073547251838227	0.04442415266395681	0.01006341220754949	0.01278590167418124	0.107063402503882	0.05580492581261019	0.01023704235729829	0.01007731033963777	0.0100170481301896	0.01000870760829702	0.01012164454654637	0.01007587669974491	0.0100820903047996	0.01008130573212833	0.01014188072760316	0.01017994187421593	0.01027167286760636	0.01046699079236913	0.01075164749283863	0.01643120607642272	0.07483089128353243	0.0102301882246023	0.01010060519769946	0.04908020002357327	0.1247106498160253	0.1754056127897779	0.06060822712418153	0.01004371195947654	0.01009692834537306	0.01000397072910328	0.03420503374727506	0.2295250533829322	0.0100567305145544	0.01350667790463515	0.01286656384314176	0.01330229514146274	0.01778916477774166	-0.02321856094727332	0.01066399457102844	-0.009168214280089076	-0.004574976948608879	0.008783013943833774	0.00557359401731844	0.001550557807537182	-0.01694553756711601	0.0262903805272628	-0.03030728654869853	-0.009302402263855501
0.5592982456140351	0.01005961584750607	0.010039148107218	0.01011423213936773	0.01020960068625155	0.01007776632057125	0.01008809331694895	0.01011791621519272	0.01154406405046455	0.01130748562639465	0.0115849472489616	0.01223712446934431	0.01297132180759404	0.01824481616304917	0.03699218905610514	0.09265177728830286	0.06915449225445103	0.01011913957512115	0.4965450672986828	0.2620534003954952	0.201899975937599	0.203090963606572	0.1787816982362085	0.1294009598097834	0.01014610868166482	0.06195127442822197	0.01230057503078845	0.01283812111532949	0.1039914597580165	0.01021725864389197	0.2601620292467919	0.02223245547055277	0.01015476912370783	0.01023089279973559	0.09175843629503412	0.2556283474600411	0.01085466019907698	0.01330807407299273	0.02242060429483102	0.06251415808144231	0.03008869148596988	0.04471577228996548	0.09257770224460793	0.01022217909101689	0.01012043222700644	0.01088619688231419	0.04564707601908911	0.01010554081162072	0.02200135143211307	0.1023279165062979	0.05233141160763549	0.01071391792511376	0.01028987141798502	0.01010940301741361	0.01005312657686385	0.01014722661156455	0.01009473240255545	0.01010403105802923	0.01010231562262867	0.01017503336776084	0.01022208478069401	0.01035478766152891	0.0106228181925179	0.01092990379877309	0.02529805871403102	0.07789535986108957	0.01064453322179383	0.01033262603410695	0.04814116064957084	0.1278569448516942	0.1652102066672383	0.06751982483403128	0.01006331844346765	0.01017765927920425	0.01001588973457665	0.03394119875692046	0.2306017047659052	0.01023597555999247	0.01263910337917102	0.01350767480573718	0.01269602792759475	0.03516575541628766	-0.01149377345389805	-0.0200138030726365	0.5747890949151475	0.1188972125569439	-0.2938766536711085	0.1432402928300307	1.175117258316977	0.9897662829549834	0.1869385704756549	-0.2261167206268175	0.04668065296826149	0.1600200966014383	-2.268876050961713	0.06690637953143073	-0.2260941373415085	-0.173326129377117	0.1886268850269943	0.3501993363043335	2.234265830098653	-0.1047025793380638	0.8732443905795506	-0.03552224941105174	-0.5037186070107078	-0.1570127705547484	-0.01454582140876885	0.04604169977109859	-0.6833913498011752	-0.08328725764108025	0.8711440347249909	0.3125375152976893	-1.4955664842403	0.3125375152976893	-1.4955664842403	1.256570591028709	-0.9664681737353532	1.256570591028709	-0.9664681737353532	0.01048851332740704	0.5444271369583451	-0.06891569520141064	-0.1146202582550274	-0.3575840815625446	0.8746374729339482	0.05370763811655273	-1.048602929946693	-0.1471286126785645	-0.2398477815066118	-0.08317961438143845	-1.029569633940477	0.1400020020723029	0.2048012389784838	-0.03897859143579848	2.856755808023387	0.5837226499080665	0.4625692870805691	0.7379878739931177	-0.8120369299312958	0.9436641864044918	-0.02411502898125357	0.8849470579180932	0.002393070579771154	0.1584994362133597	-0.09541674303027366	-0.08337334041198551	0.005684270330579344	-0.01352484989762242	-0.004117314210246016	0.02822608878122344	-0.0002765316853015249	-0.002865993124319655	-0.04076883284146472	-0.006744415410108579	0.02924697328393093	-1.944236080784537e-05	-0.008428173821321128	0.1437483491619053	-0.01259354708147212	0.1677878346374338	-0.1821458903374811	-0.161391778150224	0.01008471797573177	0.01005092548509559	0.01017442439696841	0.0103382765098087	0.0101126843202677	0.01011995857700851	0.01017887124819681	0.01213105285011243	0.01187597015473068	0.01223513168369727	0.01299712068213414	0.01370842279238402	0.01685558519284464	0.04016918047523923	0.08615226726638456	0.0618224910699219	0.01015652387968574	0.4385097376045365	0.2426489392951977	0.1894645484271773	0.1847054760610528	0.1641275504582896	0.1200089531818252	0.01023128297283726	0.0593351892010639	0.01307087745588174	0.01360613568834462	0.100226245360556	0.01032448559009293	0.2247813267581436	0.01926552647089578	0.01023592827799593	0.0103614124713745	0.08608567376457169	0.2278884442180923	0.01124699364092067	0.01398887046919729	0.01998411409829282	0.04727477726550149	0.02549220357603811	0.05001644398197778	0.1013290028134297	0.01028828336396387	0.01015433546955604	0.01115120003473241	0.05305156788455518	0.01019721215811649	0.04516414473901358	0.06736724364436511	0.0353389795989489	0.01178191473133404	0.01077188662990324	0.01032673120719721	0.01015756651322217	0.01019034909732978	0.01012896268252677	0.01014433650811419	0.01011482963508278	0.01020822190809009	0.01028357036988961	0.01038338998023493	0.01063477487116859	0.01091230911627556	0.04891410473782531	0.08369011048524093	0.01157397847761986	0.01085734107579906	0.05418512845148125	0.1454756159212287	0.1174445617456664	0.09356844017345955	0.01010228856350049	0.01035147502490282	0.01004316640258851	0.02857968860426444	0.1566767474525157	0.0106430227599221	0.01012594737052429	0.01004690969610017	0.01009147921914573	-0.03788461625546163	0.01631640094709681	-0.006464328604671911	0.01730408950108535	0.008071773087971822	-0.006703456809074857	-0.01089971704555126	-0.01652752374301681	0.03097921458697948	-0.02264416569004158	-0.03009300161820254	-0.009039049010098993
0.5692105263157895	0.01005786865849971	0.01003626801235467	0.01011184700467565	0.01020576865396801	0.01007502853929987	0.01008283503066435	0.01011311002254223	0.01160490021998747	0.01126348269466426	0.01155171924565187	0.01224586359955202	0.01301953817707232	0.02166226797679748	0.04315213215182184	0.08252013546654306	0.05559057596847788	0.01010636827167998	0.4671258975591238	0.2488022545476827	0.1914842064269808	0.1922293219304921	0.1695785013548048	0.1226615730587317	0.01014731524663345	0.06600746039485351	0.01231324533407562	0.01288332153586626	0.09967449716471125	0.01023678231072078	0.2563028508025166	0.02384111529369732	0.01014041688552953	0.01022281516495954	0.09287459424983412	0.2440132983171152	0.01080451546762959	0.01337732160029244	0.01859837400390214	0.04720934378118053	0.02386523127809319	0.04420434935076088	0.09117299123737865	0.01021939353162045	0.01011687510718032	0.010885698521734	0.04688192418919039	0.01011242979288323	0.02998266212897276	0.08617577153164858	0.04407529042908392	0.01080018281425055	0.01031571281264609	0.01007234046588273	0.01003611111060756	0.01014458213349763	0.01009487024558037	0.01010538438285372	0.01008999601206599	0.01015951942660226	0.01021089065784816	0.01030212794500611	0.01051458321937732	0.01077270193914154	0.0328954899166643	0.07679788855961577	0.01071757531675578	0.01036397304383815	0.05039804166449238	0.1303816871402371	0.1439158849669875	0.07598918239925347	0.01006504231612202	0.01018287983945212	0.01001660768467064	0.02952348849479037	0.1985382766117639	0.01025608097623202	0.01102385737864856	0.01126009890391485	0.01101202793950615	0.03502478511127325	-0.01390602678653738	-0.01418968111472342	0.5982505050242389	0.1158909719679417	-0.3136727266967165	0.1548443662540291	1.166202984093472	0.991548624753357	0.1722274833396261	-0.22569423775408	0.03869192673422479	0.1375369246944574	-2.268296267411875	0.06442596630078166	-0.2716481390958516	-0.1711889068044843	0.2444093212538458	0.371769948672435	2.115363387651993	-0.09568999907398605	0.9419763534647183	-0.0405574582529053	-0.5099221922614824	-0.1572187487828454	-0.03054850440661888	0.03919608366140689	-0.6953071644838634	-0.07482472977791113	0.8378140173598939	0.2975542882647957	-1.523022421767163	0.2975542882647957	-1.523022421767163	1.244551057776988	-1.451212990898285	1.244551057776988	-1.451212990898285	0.01604079480789581	0.5759347416867309	-0.07008772130167652	-0.1228511388332156	-0.3491708032354786	0.822996930771256	0.04300457956437755	-1.108120658556629	-0.1496091972134818	-0.2594211632484996	-0.09361653474519645	-1.074034274795953	0.141984580098837	0.2008023244104171	-0.01318826465209769	2.342528730965256	0.5886554536519095	0.5362872187991743	0.7305555659707034	-0.6866901648015261	0.943457818530605	-0.01738938768803799	0.8850101229669571	0.01029184225714983	0.1464814028950947	-0.09789292260663457	-0.09412046231595322	0.01015919527222918	-0.01650061932266854	-0.004601499266692571	0.02976684565530496	-0.0002829864805397505	0.00851739486785013	-0.03574162340884249	-0.005318914293014763	0.0323547835154741	8.226558524837964e-05	-0.02055207650435034	0.1377089002038065	-0.01345071604800372	0.1714476018543745	-0.1902755713172731	-0.1711765798542328	0.0100443463216476	0.01002749514051857	0.01008035444808767	0.01013833728203891	0.01005541302634566	0.01006204543484234	0.0100790863880692	0.01142245119718031	0.0109320523089734	0.01119030927479196	0.01187607589025707	0.01271030325162712	0.02739394893219321	0.05112454890803639	0.06854738790804857	0.03778947057122491	0.01007279217810721	0.4157550448419045	0.2282857844830392	0.1760671031689862	0.1781889282540171	0.1580500879743946	0.1148381986407017	0.01010926156247472	0.07351360055859246	0.01194329808936958	0.01255461617704552	0.09407161351737735	0.01021701923018894	0.2645975519977059	0.02764650529233589	0.01008624652176731	0.01015134090272766	0.09775791296128591	0.2312413432809954	0.01055673037148416	0.01312160543050685	0.01427799441655039	0.03024749798401378	0.01689160997067334	0.04026117549876201	0.08339886774478103	0.0101840504748945	0.01009662100259535	0.01074239500768971	0.04415952399252046	0.01008305774224694	0.03041668321926463	0.07645819855262607	0.0400526209809398	0.01040383210532648	0.01013493311282849	0.01002862492418223	0.01001451590855028	0.01012029323190752	0.01007862511988719	0.01008783297625948	0.01006922457916738	0.01012473011026336	0.01016728904641357	0.01022442953109967	0.0103704767204289	0.01057309579823245	0.0316520597313303	0.07208401795792418	0.01037573975240584	0.01016915210100533	0.04913710202275329	0.1246949239534121	0.1260491471327263	0.07586240481964188	0.010052047054347	0.01012302334915404	0.01000671895335919	0.0258719316177121	0.1696798995251435	0.01010219429215673	0.01017405735947525	0.01005371541771052	0.01011779346281251	0.01777703070422863	-0.02208405321028413	0.008696635894321136	-0.009233134732777423	-0.004545859230607486	0.009824565467951248	0.005880792565358829	-0.001260851276652096	-0.01165004422082096	0.01724339962000856	-0.02973098442524252	-0.00836979521010292
0.5791228070175438	0.01006261836876238	0.01003883077654745	0.01011804269821809	0.01021223961461638	0.01007986720879094	0.01008919390254408	0.01012258900670037	0.01175492848304554	0.01129039297049446	0.01156938539361741	0.01224402438636399	0.01302038551469195	0.02464528452313311	0.04869898443348532	0.0734015956346267	0.04474345723983088	0.01010914589986993	0.4351615984698507	0.233879339436298	0.1809626606433375	0.1795062161664461	0.1593426832874284	0.1160302361660945	0.01015988632981219	0.06805677119118747	0.01231213852096727	0.01288298331621336	0.09606345610488048	0.01027804013003269	0.2507515483960231	0.02498960589296153	0.01015640804930246	0.01023770866173056	0.09428015445124838	0.2302721989840217	0.01084373783788778	0.01337607270584199	0.01551439307035231	0.032470873945601	0.0183701289595972	0.04187045062792299	0.08653011803213209	0.0102239233499143	0.01012110878467766	0.01084397381148309	0.04443982022093741	0.01014554872340158	0.03800049190091032	0.07479349601976792	0.03863940918591525	0.0109334598544169	0.01043364285370222	0.0105241617821612	0.01024687390563521	0.01014661237298376	0.01009775164350966	0.01010929321813962	0.01009202985509172	0.01016243208041125	0.0102141055460063	0.01030539245958668	0.01048952204265328	0.01070498195316886	0.03684095779703175	0.07586677874456778	0.01085641562097018	0.01048434771373997	0.04574410300797433	0.1279021168312872	0.1227420845038436	0.08011896544560487	0.0100830577835703	0.01026777457012616	0.01002840844195699	0.02695785543916974	0.1743134355594674	0.01035924616294953	0.01049881261154028	0.01052486669694557	0.01046328129646122	0.03494530461377374	0.000338803822686392	-0.008196868110107312	0.6086629904670035	0.1126603624663318	-0.3390183868321932	0.1663601419188721	1.157389264060062	0.993172326799205	0.1549829899612297	-0.2253467270447662	0.03157724658364196	0.1150363372875888	-2.272446847222969	0.06157560311527029	-0.3007175701515642	-0.1684521914287712	0.3088222054558257	0.3920793092836212	1.979481067078692	-0.08609257597976985	0.9912547137553188	-0.04557674574653467	-0.4996458783695654	-0.1576802137703397	-0.06519471924628802	0.03230688663948252	-0.6922832821026403	-0.06664761626124159	0.8136307513388298	0.2824227130413802	-1.526764864566713	0.2824227130413802	-1.526764864566713	1.227934987743024	-1.895561031098256	1.227934987743024	-1.895561031098256	0.02190385274256261	0.6067313394561694	-0.07137203560444683	-0.1373846865406383	-0.3412597071873784	0.7740343735242717	0.03179596891275753	-1.150609574377817	-0.152246180091916	-0.271311985251919	-0.1044239293804022	-1.104088247751816	0.1440755118337028	0.2248326354763791	0.007460502704296468	1.827842458223595	0.5944238718977273	0.6309877092148791	0.724386941189088	-0.5577113210758781	0.9433215596636209	-0.01002933059039506	0.8851498100003733	0.01780231404822264	0.1327274288180147	-0.1027354932902555	-0.1014759774396491	0.01575824263512503	-0.01973378780829656	-0.004968224611616944	0.03172176087877046	-0.0002700860945265842	0.02072597344685908	-0.03018950573517594	-0.003769273102323561	0.03572241199339291	0.0001846824912775421	-0.0241124990978245	0.1246341982845336	-0.00824874254280278	0.1553649892176129	-0.1899151003109102	-0.1763493299417139	0.01010038503469691	0.01006121725343836	0.01019496428068056	0.01036100696768438	0.01012955471730209	0.01014370595819456	0.01021139468053093	0.01251683002368961	0.01199750343952799	0.01231912374210549	0.01298330085132493	0.01366455779982466	0.02235577031968661	0.05065166088440717	0.06942851965002571	0.04354671335358486	0.01017684220927743	0.3702376083254439	0.2102299835736368	0.168598017371494	0.1566672817871341	0.1423926409358663	0.1071177784929598	0.01026722141606686	0.06093234691023384	0.01305545643880392	0.01356168977694238	0.09401678283900466	0.01042767147710189	0.2107045329501281	0.02107139913715265	0.01029672873481025	0.01041302663496376	0.08925980628521198	0.1971767001159606	0.01141059503081982	0.01391842785124357	0.01457862385639041	0.01938937633831372	0.01535308807730202	0.0433037288779189	0.08769824266804045	0.01030429332723913	0.01017020080683034	0.01102842979166306	0.04404535071699096	0.01028836901718559	0.06213405019103659	0.05247773644385505	0.02806727319398713	0.01209388545791454	0.01109549511405117	0.0116956693363827	0.01079555191963342	0.01019884906192207	0.01013733063179093	0.01015458119584367	0.01013252473095737	0.01023154723575253	0.010303687684693	0.01044307001474916	0.01066377857641694	0.01086210735572759	0.05353773148877071	0.08201426951625215	0.01191486500815575	0.01118297561127063	0.03708089339551528	0.1330660816643841	0.07845656147250146	0.09697156957368518	0.01015378843567795	0.01059701233402732	0.01007728777753268	0.02545094408971776	0.1270182318473405	0.01092843834537862	0.01012722417540697	0.01004265201614621	0.01008915924301322	-0.03670080075001479	0.01671044598907682	-0.005915646427937274	0.01774972615820873	0.007881566572769508	-0.008219749286153754	-0.01117605726553701	-0.01532460203433114	0.02558484053837377	-0.01643454185388244	-0.02937961830776517	-0.0073530859740078
0.5890350877192982	0.01006641227542532	0.01004103570357258	0.01012251037844975	0.01021698655387	0.01008347714535164	0.0100942330902048	0.01012473190429432	0.01181371664903236	0.01127200307559367	0.01155574715548803	0.01224957282970422	0.01304890600660634	0.0290637619814703	0.05522038749352815	0.06472876803881347	0.03483627876469043	0.01011168917789736	0.4010880004253093	0.2180240868205586	0.1709206234215868	0.1650450853499353	0.1482326860845412	0.1094293244541864	0.01016759782882717	0.06886303285203729	0.01231967943363455	0.01290821055697723	0.09474208840053368	0.01031778690806769	0.2402638546157295	0.02615902555659609	0.01015507432605815	0.01024030478207731	0.09462919552135705	0.2146522794150638	0.01082318071046162	0.01341541708065471	0.01362400666468309	0.02070074684496204	0.01474286507451732	0.03440996677955433	0.07443154573189986	0.01022143330801523	0.01012637396329798	0.01070176020655189	0.03535060134457004	0.01015903268953389	0.04260401757163348	0.06474638415868422	0.03366495654703416	0.01104883582954494	0.01048428544309221	0.01059242264174667	0.01027818967053516	0.01015664867179093	0.01010241832602174	0.01010910731645668	0.0101082773586206	0.01019307844071147	0.01024437868199287	0.01033689829488534	0.01062797453565127	0.01092280470694536	0.03482961858213388	0.07597491369341003	0.01095792100859479	0.01054057071161801	0.03388079389719285	0.1185673488139591	0.1010287392801483	0.07904688103220549	0.01009364549327135	0.01029587251002929	0.01003110698058611	0.03048600219042291	0.1537640874149507	0.01040096582968668	0.01027747734981787	0.01021372718101578	0.01023212643553829	0.03507277661051348	0.02703299501619399	-0.002169298629169604	0.6051378542500109	0.1091552463739955	-0.368842712905433	0.1777910725092733	1.149178001300727	0.99461398764081	0.1355581544267803	-0.2250647355085133	0.02548323990209746	0.09247195448975618	-2.280997056854984	0.05851839623209595	-0.3134501360173352	-0.1650543311958773	0.3769646689982188	0.4109511398329094	1.825120700516558	-0.07610296265405085	1.021114053584391	-0.05039248995195724	-0.4681658621215382	-0.1585523159814766	-0.1122472311404358	0.02551933723990417	-0.6748996167522108	-0.05866460521178399	0.7985842280997534	0.2673394439535634	-1.5145699526513	0.2673394439535634	-1.5145699526513	1.207065470544317	-2.311869363346934	1.207065470544317	-2.311869363346934	0.02805805635308547	0.6342134485517921	-0.07283367724977134	-0.1586669521327197	-0.3338030246172394	0.7319403469329674	0.02024953471165198	-1.176404148018512	-0.1549600521555582	-0.2747981753821964	-0.1154565285889521	-1.119628203926416	0.1464979291202379	0.2658912801774658	0.02319853627111878	1.358302543676261	0.6012272157976649	0.7446168902309583	0.7194940479807093	-0.4302804923639133	0.9432597629861875	-0.002432557386404476	0.8853607666300961	0.02462499809153935	0.1227462166908427	-0.1172087554523535	-0.1064483889860337	0.02054089082282888	-0.02183037396842505	-0.005066583383845713	0.03352306888673168	-0.000232133086537134	0.03205924981166013	-0.02530919187484273	-0.002358477143278187	0.03878233327195843	0.0002687961583275598	-0.0323090532612203	0.1151051582686985	-0.01205366888418263	0.1181886279588491	-0.1832747636469165	-0.181222250611977	0.01005379959928363	0.01003358672818194	0.01009040880018396	0.01014600724817536	0.01006441028842975	0.0100756498995152	0.01008431636196916	0.0116619516402283	0.01090450071591667	0.01116971186992156	0.0118840731891852	0.01275023220462334	0.03808091729987996	0.0660552716376441	0.05219842348090217	0.0195147353305178	0.01008069280373427	0.3465867556398866	0.1964907323361952	0.1578391548790137	0.1480692678773146	0.1358861389723398	0.1027711919858371	0.01012816495597638	0.07478884910596209	0.01195416711013312	0.01259032638427174	0.09465344870640456	0.01032287463933623	0.2368428957822598	0.03044433445583218	0.01008265995803128	0.01015670259151744	0.09673482518553782	0.1986652168716924	0.01052675652143526	0.01317573956956622	0.01129260190685006	0.0105318804842362	0.01106508160171319	0.02247532803313711	0.05379825582673602	0.01018174976948992	0.01011505312140734	0.01040690470073865	0.0207978511445672	0.01009959986898752	0.03549326560830451	0.06003144274755067	0.0317091490537129	0.01061788904635142	0.01022520401958928	0.01004898052443328	0.0100249051885081	0.01014593802568695	0.01008943141434501	0.01008627930126033	0.01014778282395088	0.01022703764077846	0.01025039023773757	0.01052821561392263	0.01092873811666488	0.01120856173221204	0.0215329824156945	0.07373552571663876	0.01056331072316592	0.0102709243884647	0.01940485975440655	0.09731880576456435	0.08526815567604683	0.0663485748632917	0.01007620303647215	0.01017883396838278	0.01001158319718021	0.03775252613122829	0.1386445194580932	0.01017575640893693	0.01018026630080111	0.01005259376382308	0.01012233225421001	0.01767171495937377	-0.02071420599923986	0.006924849467312775	-0.009154521798954188	-0.004442430086673328	0.01007828618495074	0.005945404197794607	-0.001163650316225246	-0.007689865198474985	0.0121363479445588	-0.02912997375182997	-0.005974074512505643
0.5989473684210527	0.01007317851197308	0.01004537882526093	0.01012626962716388	0.01020722721655442	0.01008913627416254	0.01010463001167892	0.01013038177950061	0.01245656020241898	0.01130696188620596	0.01157838973549217	0.01223888572104344	0.01300186696252043	0.03778287157593515	0.06628937571698594	0.0557761700937282	0.02299661871560245	0.01011067716514662	0.3698617770134157	0.2044643922908624	0.1637447815757612	0.1523832297183988	0.1397085134956718	0.1057949925104037	0.01018745146353482	0.07330154639586496	0.0123072293179345	0.0128697568813045	0.09757119630535058	0.01044680757871553	0.2295072474073893	0.02947262050160748	0.0101524987883072	0.01024397617501707	0.09150501563086109	0.2021004539204921	0.01087276380313413	0.01334707535231346	0.01170142206580736	0.01356742860048642	0.01190554494161208	0.02832933019551756	0.06393960030653806	0.01023594159604246	0.01015431780750509	0.01058247633412002	0.02396456110061931	0.01014077111509045	0.03899179580531949	0.0584941559252033	0.0307363563085845	0.01108403450229452	0.01052588963303244	0.01042527431107253	0.01020813368926397	0.01016968924135436	0.01010700145050323	0.01010928220868627	0.01027224322432719	0.0103209616651801	0.01030142901225888	0.01124634563456429	0.01152550642213531	0.01132580764943997	0.02572248309246934	0.07839141732656119	0.0110024289513903	0.01058633931557688	0.02090415475508835	0.1043631583806523	0.08519564196496672	0.06943324242423586	0.01011426204697288	0.01035061139624462	0.0100377920436016	0.03825974514019393	0.139824198005609	0.01043608444135739	0.0102237929743488	0.01012009318876606	0.01017061130072141	0.0355043009647613	0.060681623462715	0.003751713303893767	0.5870920108025827	0.1053382811144973	-0.401658825991238	0.1891455735248282	1.142039741576387	0.9958532728386214	0.1141938689726883	-0.2248381532076247	0.02040278440472031	0.06980795844761768	-2.292102094423424	0.05541372735606404	-0.310414407756201	-0.1609829802955731	0.4439163356139255	0.4281983756949064	1.651690801721054	-0.06591357487250533	1.031555511161591	-0.05477683537146152	-0.4122038550747147	-0.1599221048989665	-0.1643146998745162	0.01897257294609314	-0.6438120485433674	-0.05078807160887625	0.7919787109013813	0.2524254408395602	-1.493728266109444	0.2524254408395602	-1.493728266109444	1.18214255991489	-2.716323803910438	1.18214255991489	-2.716323803910438	0.03445641742497271	0.6555139094403085	-0.07453937520416939	-0.1865306748335553	-0.3267178725168056	0.6992840498258907	0.008524958744866792	-1.186897026315324	-0.1576641823543304	-0.2692996629886999	-0.1265755087333625	-1.121690823937714	0.1493697641202504	0.3140092200762236	0.03464701463560007	0.9665690563458993	0.6092363702973943	0.8735737480846635	0.7158340333889365	-0.3097083455624485	0.9432730098348322	0.005070280585397386	0.8856349173576913	0.03051981660048073	0.104155072952397	-0.1258296059375595	-0.109246579171632	0.02512290390215625	-0.02411913812723739	-0.005146645261854799	0.0352707039426905	-0.0001910887627976382	0.0431994794408281	-0.01988852637088209	-0.000848528435167439	0.04183196013508497	0.0003482216280204409	-0.02335511471167706	0.1221379606853932	-0.005498015538860585	0.06191235054867008	-0.1718859458556889	-0.1790169758392789	0.01011674024598358	0.01007193345573515	0.01020181163717137	0.01032770604873292	0.01014281964784846	0.01016958897631142	0.0102260263899675	0.01436502349693351	0.01211841321703899	0.01239913325309103	0.01294633219151567	0.01349763484448707	0.04438419600321347	0.07839932830624073	0.05134000363809465	0.01796694357543099	0.0101714426602285	0.3174709249298819	0.1881342202055515	0.1592724608649931	0.135145836949282	0.1298697537724772	0.1041651320085205	0.0103184694365448	0.07428321742517693	0.01301135048155073	0.01342343369454664	0.1053161286179962	0.01077068106133129	0.1896856956944998	0.02989756747587851	0.01029039696442974	0.01042139382703244	0.07839072202978903	0.1787848541187098	0.01157665428949867	0.01367774626195516	0.0107114365936547	0.01020602810158512	0.01048444245778709	0.03253030482938005	0.06860219652433171	0.01034946230400123	0.01024763099563956	0.01081156060391574	0.01895159181493514	0.01022169703987774	0.04604980019053231	0.04523486158399646	0.02455907622505486	0.01208824073446766	0.01117025879770834	0.01113728949643832	0.01055910107357838	0.01022778662971076	0.0101464184103748	0.01015527347201613	0.01060085067176037	0.01057976808024316	0.01044325814676028	0.01310056337849402	0.01318518734504144	0.01184530475344849	0.02763017978201363	0.08981463127719776	0.01194992254261043	0.01126474441612767	0.01049782794575268	0.09766867770828701	0.05751516518547431	0.06686481551561976	0.01020454992793732	0.01073188541628829	0.01009444293945912	0.04556905395595034	0.1119077065074308	0.01099250821378327	0.01017941456882323	0.01006244340798995	0.01012755132995223	-0.03573780439541205	0.01819751828998751	-0.006342896387032417	0.01767403592475071	0.007581540482469365	-0.01062134425585864	-0.01302464560970461	-0.009032001100730182	0.02062618674779327	-0.01272122279162368	-0.02916336775575062	-0.004458439719556821
0.608859649122807	0.01007783055670589	0.01004871543942398	0.01012723679608881	0.01020082019495975	0.01009207438742868	0.01011152687325056	0.01013235772529687	0.01434602929676117	0.01135287402265182	0.01161483208442744	0.01221762010310772	0.01287739545809382	0.05143389524794109	0.0817835301874751	0.04571879146103651	0.01676397636588619	0.01010864922793226	0.3418902464676679	0.1926725393104549	0.1581306206151818	0.141329384825954	0.1329815468191181	0.1037935035979392	0.01019976595194285	0.08157059828497146	0.01227834789414549	0.01276520132896133	0.1027889334322665	0.01085389427179126	0.2152408579885133	0.03466063165954713	0.01015356287251705	0.01024695656553615	0.08493659313850432	0.191763618002929	0.0109155960311518	0.01316473073571325	0.01085768316382633	0.01132334864153588	0.01084497760120082	0.02386609135705088	0.05298461651450749	0.01029402322068217	0.01021509854851455	0.01062872879376633	0.01757397350738167	0.01013912795145367	0.02992920359449131	0.05450986450191488	0.02884032250528995	0.0111685988493404	0.01057535163547078	0.01045118358368875	0.01022189196562621	0.0101956034790554	0.01012030113898105	0.01012389880154461	0.01773669389073207	0.01059138864719428	0.01034907039742184	0.01648149689217974	0.01419974952077475	0.01172539041102936	0.02021623727117807	0.07539183930530631	0.01107918369879509	0.01063816673553552	0.0140825022016231	0.08589489602159171	0.07796267226061736	0.05280329343518462	0.01012207125772507	0.01037395578418615	0.0100417762645948	0.04191250671832803	0.1317694225882307	0.01047818837277937	0.0109661507003688	0.01072082765774124	0.0108857216652394	0.03627773626266232	0.09491939162317405	0.00942062986144057	0.5542556473620478	0.1011889005639054	-0.4355689141127581	0.2004363538445879	1.136370210766196	0.9968720907321338	0.09107978254363609	-0.2246571282173211	0.01625950491132763	0.04703444431185789	-2.302440596945559	0.05241366147102289	-0.2925324341553417	-0.15627366831679	0.5048867033852055	0.4436341747481599	1.459839865653944	-0.05571744774686012	1.022436153258909	-0.05847848549549666	-0.3303658398745484	-0.1617999755860948	-0.2134201510765741	0.01279924255052004	-0.5996509786938661	-0.0429404334025639	0.7924795237220943	0.2377357280236735	-1.470161089933031	0.2377357280236735	-1.470161089933031	1.153195219453864	-3.126909222016161	1.153195219453864	-3.126909222016161	0.0410237508473977	0.6678800600649444	-0.07655033487534391	-0.2200599533832524	-0.3199069536100876	0.6766135397899624	-0.00323749419919275	-1.184472066034276	-0.1602686605111897	-0.2546785340208322	-0.137654216235694	-1.11191256156132	0.1527202130752328	0.3613569517996001	0.0426774898036355	0.6703166715671395	0.6185797560515919	1.012871986564733	0.7133163195313467	-0.200647627712863	0.9433592275140407	0.0122544363920653	0.8859621710882069	0.03531567052558918	0.09317744110316772	-0.1392870323884705	-0.1109203125826304	0.02605418403429443	-0.02446289904660643	-0.004976721094186939	0.03564592955356594	-0.000138924073273447	0.05080661155539504	-0.01505276876494094	0.0005196989179346525	0.04351471483653505	0.0004067143413035052	-0.03244980488311881	0.101717751251118	-0.007484714922728187	0.005915912036984991	-0.1585501370660851	-0.1762708633730738	0.01006375700763674	0.01004100999469926	0.01009043928065903	0.01012836259371206	0.01006996200304352	0.01009059542239938	0.0100858700353348	0.01636478368382778	0.01101291670315384	0.01125560324512284	0.01183348989114227	0.01245488045413769	0.07041219421193425	0.1024424232272351	0.03170309295976149	0.01038816134944001	0.01007388173736654	0.3015815277014323	0.1773320845218068	0.1499236219397695	0.1297413003219577	0.1260828131287637	0.1017372590192271	0.01015617263903273	0.09628458985198791	0.01188544365442487	0.01234210878977998	0.1086563468964027	0.01193415876241265	0.2049751524769813	0.04263324926058641	0.01008153536051295	0.01015967858616228	0.0799967211686104	0.1832868779670062	0.01062831910283939	0.01274409607387924	0.01022610905103774	0.01006285992785426	0.01015521414651064	0.01537642282944515	0.03369019189404523	0.01033092079958717	0.01026616948939144	0.01060427320617218	0.0112159565874681	0.01009044208979256	0.01122522126582828	0.05527456459679907	0.02932119082567515	0.01076485750273502	0.01030732547938861	0.01005106827099854	0.01002613841986314	0.01020832275674943	0.01012344102470711	0.01012701892008066	0.02950332233870545	0.01087915247181837	0.01035533198757328	0.0234417719399546	0.01725281405481083	0.01203579308502752	0.0105661459889508	0.0637066240557309	0.01069452012324695	0.01035679690546652	0.0102245944037548	0.05774627175549578	0.08292081581071203	0.02677289102651012	0.01007911605518444	0.01018104784714722	0.01001746358845868	0.04340683666298441	0.1317622109723469	0.01024541119385079	0.01204805273373999	0.01158682220241529	0.0119188864171563	0.01817331240567959	-0.02017546397205686	0.00465782984782829	-0.008295856755862007	-0.004251907824777842	0.009742051756488573	0.006342589284746786	0.002660133883149729	-0.006231680396058892	0.009512764138931847	-0.02899132168461472	-0.002514595096413899
0.6187719298245614	0.01008620164722687	0.0100549008858052	0.0101263974120382	0.01018272932570842	0.01009679308965326	0.01012443345665674	0.01012795768747829	0.01698981294572751	0.01139269609718441	0.01164200301079806	0.01219990637334262	0.01278794657565221	0.06658177931412991	0.09843003784109181	0.03507811596407551	0.01222296055834451	0.01010079632450838	0.3201110061629369	0.1838358984797701	0.154378812156551	0.1337478458926176	0.1292216175467435	0.10419852340725	0.01022811731623582	0.09344017491731628	0.01225611573116735	0.01269167245709469	0.109518719308696	0.0139073332422868	0.2027431205939888	0.04038773800314506	0.01013561731191646	0.01023793513696146	0.078195053572301	0.1854589110576339	0.01096653897123952	0.01303664260594732	0.01046691951891896	0.01055316812402235	0.01042065579760324	0.02078502555040527	0.04477495795772619	0.01038780210553467	0.01031214902076477	0.01076670906619056	0.01400310200380177	0.01011360449209191	0.01577034486803955	0.05299185204609171	0.02816280312509685	0.01114901155265802	0.01055028979726081	0.0101410369067005	0.01007000669239196	0.01023740092624812	0.01014756252500466	0.01015798286526217	0.02850510324352087	0.0109494539155959	0.01042741146668126	0.02222369330695319	0.01662596031318416	0.01205870304408026	0.01293556939819089	0.06919596502231268	0.01106066615752312	0.01061632814167935	0.01175921830145404	0.06975805921816224	0.08368405280834354	0.03499908408250879	0.01009201238891793	0.0102480072320301	0.01003832650380027	0.04334653982277954	0.1282166454967349	0.01045413675212011	0.0115937625598813	0.01114744578104233	0.01145357268803048	0.03736612998740931	0.1231497339461872	0.01469112841080962	0.5067713438505725	0.09670654600490089	-0.4685115418598383	0.2116792037875493	1.13238917163338	0.9976534017055253	0.06627728131691615	-0.2245131347775393	0.01290306544227752	0.02418026792519037	-2.307554894001403	0.04965930721884451	-0.261062011552726	-0.1510084512461757	0.5554167816249318	0.4570846138147227	1.251556302471516	-0.04570958503272633	0.9935409897921944	-0.06124377440539115	-0.2236782096849512	-0.1641174632881722	-0.2517902171701723	0.007125798989324406	-0.5430763270534766	-0.03506007425827325	0.7982583918060914	0.2232757246946377	-1.44784548885493	0.2232757246946377	-1.44784548885493	1.120075086101749	-3.560947483702947	1.120075086101749	-3.560947483702947	0.04765999065098914	0.6691207220000082	-0.07891606550388947	-0.2578410187366336	-0.3132726689786333	0.6634774155504024	-0.01492234583656005	-1.171648154551589	-0.1626827592039681	-0.2308896371939586	-0.1485900803031905	-1.09350232170221	0.1565128741498528	0.4025580159069272	0.04826193070514883	0.4723566951489274	0.6293295862558375	1.156226204297906	0.7118004814758619	-0.1084664071484464	0.9435141977629585	0.01891039703612347	0.8863310277251036	0.03890028272337273	0.07645390073167413	-0.1488887978569664	-0.1122490283184156	0.02490896953566081	-0.0238345152685004	-0.004686247599093339	0.03519899990225535	-8.814263981404635e-05	0.05656294945353411	-0.01055519495564352	0.001729811646295126	0.04444840888763413	0.0004430508458116	-0.03386066278032592	0.09105316305894666	-0.008173467789076768	-0.05397472663531431	-0.1448367110110076	-0.1697546025555713	0.0101370147006914	0.01008700924486576	0.010198417408243	0.01028041901577186	0.01015394865116022	0.01020111203743265	0.01021117115841558	0.02041596124543345	0.01219241541235905	0.01244473562246878	0.01291424452639577	0.01335218094659144	0.07693334263150567	0.1140550228453409	0.02963399407977926	0.01064339999470866	0.01015020473240428	0.2897777636795322	0.1760205405600536	0.1548213568885247	0.1257856576880631	0.1269755601516869	0.1083261434616126	0.01039042135800418	0.1028916033329589	0.01297317938753576	0.01330597907872475	0.1210811019061162	0.01944042637355678	0.1692413452456756	0.04195423157048539	0.01023644808898472	0.01039194529652425	0.06502463852469104	0.1736997797932627	0.01168644405043177	0.01347359605434121	0.01036400927686693	0.01009495504476388	0.01024642887524892	0.02767542297459341	0.05505587830347394	0.01057100619080806	0.01047624256784626	0.01117501851314976	0.01466557374443155	0.01014796953954865	0.01237098585895562	0.04521979154998005	0.02450895404597096	0.0119498267907114	0.01104926034084588	0.0101973770942843	0.01009796524774007	0.01032648253898991	0.01021420464732958	0.01024193647305666	0.03558484131198589	0.01137987684738949	0.01062918068696724	0.02514775183416784	0.01781585508428404	0.01244934250706808	0.01130001412255658	0.0732789932349571	0.01182213730879936	0.01115099710830923	0.01040297209612367	0.06871574717475454	0.08593564328215185	0.03018198595135843	0.01010847391975935	0.01033803982883056	0.010080487331097	0.04606023970004958	0.112107051488422	0.01088150872771526	0.01132470428024434	0.01074936506811608	0.01112233800683025	-0.03405485552628777	0.01932849247094244	-0.007523707725547093	0.01887511902999032	0.007453117684954102	-0.01464067771334928	-0.01301362829866548	-0.002424541952287733	0.01211796014064749	-0.01007796580510325	-0.02897112187605343	-0.000646226761365499
0.6286842105263157	0.01008954053042568	0.01005766654706228	0.01012509191947317	0.01017636437437052	0.0100977893341985	0.01012890013705314	0.01012810787745983	0.02085242194240429	0.01143462828529048	0.01167278335669884	0.01218503342801877	0.0127081567924361	0.08120631112332169	0.1140051153211524	0.02611173225198091	0.01101676125604657	0.01009704292913733	0.3053427511548545	0.1780660229978216	0.1519225091828835	0.1296549379846731	0.1278063666107454	0.1058240108965782	0.01023794016937206	0.1065941801503625	0.01223628099183198	0.01262391349723543	0.1153465191026549	0.02503825192023375	0.1912874235466027	0.04529050712488359	0.01013661782620325	0.01023907037014351	0.07298723319045519	0.1822024570113356	0.01101300411171813	0.01292150551953478	0.01031022834051703	0.01023243910041948	0.01024826414413112	0.01830458352390535	0.03334375445504295	0.01036166629243384	0.0102998768904489	0.0106676913524177	0.01270840807338806	0.01010938045893751	0.01304627290136064	0.0531717123305486	0.02830984302295341	0.01117792464654992	0.01057078315362601	0.01012067366738926	0.01006030545090332	0.01028660950496593	0.01016821177184501	0.01015945594005135	0.03713843239024837	0.01309147007755971	0.01076098872015882	0.02423293101932547	0.02042501877368271	0.01551167252646838	0.01148433100690542	0.06548173130192408	0.01108663648686426	0.01063637574025696	0.01267653478594515	0.06182179884607287	0.09087549518669394	0.0322761125593628	0.01008541277736769	0.01023314250841838	0.01004048072015525	0.04789100666176081	0.1290545825631954	0.01047208805983925	0.01279177084566356	0.01744571673737215	0.01355144676275606	0.03867905132937336	0.1392892228980242	0.01942095426704487	0.445328668350114	0.09191028776528233	-0.4986066088445175	0.2228914896959928	1.130201935583046	0.9981802993569793	0.03973740425988782	-0.2243993775930464	0.01013191422653069	0.00132233634643064	-2.302334384561574	0.04727853840861638	-0.2174054303867186	-0.1453087462896457	0.5920632087953355	0.4684022458203825	1.03015155626788	-0.03608650222661105	0.9448148761048463	-0.06284290272853219	-0.09591790294870008	-0.1667340012008256	-0.2727839243763464	0.002071194504584288	-0.4749504570867008	-0.02710425569803971	0.807372037679736	0.2090233471621777	-1.428317686996116	0.2090233471621777	-1.428317686996116	1.082476834934359	-4.032364932837081	1.082476834934359	-4.032364932837081	0.05424754750411134	0.6579219322338755	-0.08166981444362464	-0.2979938285426757	-0.3067274285650526	0.6582793060216737	-0.02643832149713322	-1.150787621348582	-0.1648161699653546	-0.1981137500542499	-0.1593171807190592	-1.070464173264849	0.1606716918517279	0.4350529202981995	0.0523347817281989	0.3627647565439928	0.6414917435720658	1.296638037466835	0.7110931760628108	-0.0382653515160563	0.9437318050531831	0.02486975868511369	0.8867291642053848	0.04121938239143347	0.05352462331513916	-0.1524866037530996	-0.1135830360852564	0.02149423502834577	-0.02218984479673636	-0.004289487445219379	0.03370214478275407	-4.462036836620117e-05	0.06022375273852687	-0.006225634187964027	0.002793504382590988	0.04443450623578894	0.000458615637582681	-0.02857381988386783	0.07503351016887495	-0.004770200824159133	-0.1061357038629025	-0.1330903962667638	-0.1585753808146445	0.0100701964451109	0.01004662410881814	0.01008703838809619	0.01011689969950069	0.01007126129224109	0.01009876823830673	0.0100846819178314	0.02485884507241365	0.01108682865424505	0.01130976418994337	0.01180815227716461	0.01232084253775443	0.1007809372820379	0.134049254638123	0.01526949793819481	0.01021275564918031	0.01006588620768328	0.2874858105533981	0.1708561065971658	0.1470640888917968	0.126743569132871	0.1268056078104745	0.1069943723032639	0.01017587295522477	0.1259614570825259	0.01185177385203957	0.01222803121302302	0.1200487304879114	0.04030788460129009	0.1846861456375387	0.05215174640461087	0.01008376283942742	0.01016086354544866	0.0711927725742553	0.1822312097229435	0.01070985870855683	0.01255073651646108	0.0101523503507615	0.01004467731501177	0.01010844116185545	0.01041240958568367	0.01051835620378988	0.01021979511582591	0.01018862971603747	0.01028651438779467	0.01047209455408445	0.01008303157811788	0.01111670090813261	0.05777180090543225	0.03054747733301373	0.01080208858244192	0.01033518747367138	0.01006221239126132	0.01003169518196444	0.01031221748278459	0.01016389044433091	0.01011596123945667	0.04595915184490679	0.01604469429679944	0.01118152488415635	0.02536108172457845	0.02552829099748068	0.02066809815516346	0.01036256818629178	0.05821141140258013	0.01072620548081336	0.01038217347566356	0.01538449551011127	0.05121454533455713	0.1038946072827909	0.03180710744485203	0.01006506653517592	0.01015789241659392	0.01002069804223425	0.05429724477600344	0.1396641273745092	0.01027038023687164	0.01471553026991931	0.0272506786575038	0.01685914795177218	0.01879102073236184	-0.0200303878927892	0.002872299945503151	-0.007617605811229428	-0.004121746954409343	0.009941356496272818	0.006630025645848765	0.00275687733138681	-0.006062383087524413	0.008166101067411008	-0.02893610896186838	0.001022479113849591
0.6385964912280702	0.01009772635990027	0.01006440752133576	0.01012323488188165	0.01016461702766911	0.01010122067759416	0.01014024769126265	0.01011989389881636	0.02445992105582746	0.0114382122034159	0.01167590530140236	0.01217902253797626	0.01267814385909096	0.09529406914017623	0.128575684187194	0.01771637953656484	0.01053325386554504	0.01008933063745464	0.2958315376027292	0.1740708920322174	0.1499044177298304	0.1281694230940398	0.1280773060290533	0.1085089197258517	0.01026713057507051	0.1215883143302909	0.0122295112957087	0.01260083444461928	0.120806867869624	0.04109431990163132	0.1815133113302565	0.04966080144342543	0.01012160815317665	0.01022847149735091	0.06951029750327148	0.1813383955127144	0.01101355908661095	0.01287651425723934	0.01023521271322684	0.0101268074353836	0.01017948156828335	0.0127750497425571	0.02160896219102789	0.01028618418675507	0.0102414696334309	0.01043725925276683	0.01141313442038476	0.01009288560847638	0.01193484462819945	0.05492967910709172	0.02918744778821399	0.01113420184886635	0.01052536446397517	0.01009818876042863	0.01004876454737991	0.01032832156070611	0.01018395767342077	0.01014586529457895	0.04178399964743938	0.0152934595171056	0.01122965752261494	0.02447920758155287	0.02424880728000519	0.01992665879329359	0.01082253494402487	0.0651365993283587	0.01104015221909189	0.01059008496605352	0.01636195739461822	0.06107951621420768	0.1035474790642218	0.03477238929153979	0.01006869092109505	0.01018343467910434	0.01003503680298245	0.05434988526909163	0.1330693006030783	0.01043152678235884	0.01409418362982157	0.02467297248182589	0.01584520339738338	0.04007092915170994	0.1383628152242986	0.02347792059784871	0.3713073274582846	0.08683704186995626	-0.5241233353764689	0.2340906343915835	1.129722748302561	0.9984352536420743	0.01139348589302132	-0.2243110984182931	0.007726280900864097	-0.02141137379424705	-2.281647514334295	0.04538388294938523	-0.1633108366466147	-0.1393253679721623	0.6123079788988287	0.4774785973967858	0.8002320450339512	-0.0270433604297014	0.8766498120683205	-0.06309636526978882	0.04657568249138831	-0.1694513345898127	-0.2714643179551887	-0.002255639943819807	-0.3964785045299105	-0.01905072890136594	0.8175400882979529	0.1949534166312311	-1.410692871884316	0.1949534166312311	-1.410692871884316	1.039984681534571	-4.549049577768502	1.039984681534571	-4.549049577768502	0.06066131817125545	0.634161552381531	-0.08482366475353779	-0.3381361119004934	-0.3002058802126391	0.6580932535048458	-0.03771814753869032	-1.124472025734031	-0.1665833878890837	-0.1572293415092501	-0.1698081942115754	-1.046363171747706	0.1651084566458436	0.4587601833119243	0.05568229468278171	0.3222300699423949	0.6550011165892455	1.426843154918277	0.7109585750253691	0.006806852861927413	0.9440046849997422	0.03006258112213304	0.8871440939560353	0.04230314521063068	0.0289024081511063	-0.1580981716444124	-0.1161188622576424	0.0158141151059651	-0.01888336056943035	-0.00371742305915599	0.03124450740319294	-9.352718788062148e-06	0.06147554732453708	-0.003371389245807839	0.003486941317911928	0.04351931553054916	0.0004496815850096414	-0.02409574064620707	0.06338938503025383	-0.009903750053038948	-0.1477327836573392	-0.1244059169582126	-0.1479756208029386	0.01015798975907137	0.01010426570772838	0.01019417903557546	0.01025180789765735	0.01016312401576052	0.010230344574682	0.01018679930538102	0.02743393916196405	0.01216301921256611	0.01242457708253556	0.01291068929680016	0.01333988847802431	0.10499380326632	0.1425633263886344	0.01363100339478435	0.01037110993554917	0.01013102010479339	0.2826257434684479	0.1711306322677082	0.1514766017385759	0.1267912619747451	0.1300415630746855	0.1152200565741104	0.01046722162046898	0.1360667592151878	0.0129721325655689	0.01330264905880787	0.1316998052900611	0.05732681589765971	0.1535682956253749	0.05012007501650421	0.01019122259288453	0.01035959580393848	0.06044562106915258	0.1761431361634218	0.01164385219731552	0.01345099162435974	0.01029164612310438	0.01008846995192252	0.01020739142087814	0.01354836468359617	0.03073753272021467	0.01037309908726156	0.01031556421316335	0.010588832875644	0.01207015126481519	0.01010332761652105	0.01172759018404678	0.0505471571851993	0.0270181548830965	0.01179302536614794	0.01089567903890073	0.01015038706234005	0.01007313576351866	0.01040280050115597	0.01024104483981069	0.01020044679319074	0.04069964047848691	0.01584714403864002	0.01169592929127058	0.02385814615539947	0.02551141041308596	0.02224674347595265	0.01073779998142939	0.0766355741580567	0.01166000972014581	0.01099524115334895	0.02047076752548474	0.07583092990334378	0.1189540248270731	0.04076464245964095	0.01006541988632843	0.0102055132227622	0.01006238730418051	0.06127046616217375	0.1248332038100438	0.01074471578964586	0.0140291914528542	0.02613877624054887	0.01589812846893379	-0.03305328079611315	0.01951943790719232	-0.006744559436963498	0.02003513479743104	0.007349528671595624	-0.01565825644586679	-0.01591850996504904	-0.004140759494725458	0.01141879815937909	-0.007817867139181601	-0.02890115300365319	0.002181761983892246
0.6485087719298246	0.01010061800601416	0.01006707623344591	0.01012170267914947	0.0101601026998794	0.01010164352698664	0.01014320922911087	0.01011874273845778	0.02891471590224515	0.01146055636645028	0.01169171991880928	0.01217169958260679	0.01264144940699231	0.1102992583442425	0.1435479685786675	0.01389478529816093	0.01033971826358261	0.01008565672810956	0.2900550857277815	0.1715003115657371	0.1483364858515406	0.1285849571539875	0.1297103778763214	0.1119534842470804	0.01027436177400592	0.1391295369784926	0.01222019243921184	0.01257003901841302	0.1258031258467213	0.05954480400088672	0.1732852074414172	0.05395043876743077	0.0101219248201646	0.01022839743523539	0.06664851926319185	0.1823892811842341	0.01104021394664938	0.01282303646045251	0.01019803884497331	0.01008114657347674	0.01014599062568304	0.01189473207591873	0.01887834878547119	0.01025191166060645	0.01021406202722726	0.01036962851298089	0.01108965508361769	0.01008160673468331	0.01154837805305113	0.05723369064428267	0.03038064025930612	0.01112516462564769	0.01051989998757965	0.0100920643837246	0.01004550934375247	0.01034960926951768	0.0101873233353094	0.01013622027413479	0.04115180343194524	0.01836901470889611	0.0134212104434215	0.02370781839545216	0.02699315307026467	0.0246010253860676	0.01057289287112387	0.06754048369513341	0.01102988845034258	0.01058315244528765	0.03207150139815677	0.06538942982981327	0.1184861384520467	0.04105791884208687	0.01005687578594834	0.01015790366963576	0.01003474289424321	0.06086455337358262	0.1384255992127008	0.01042728633065603	0.01536871225659949	0.0305764744097699	0.01816809765451656	0.04135397685324473	0.1169092485190818	0.02674752724026804	0.2868897889558343	0.08153985221816827	-0.5435783735499647	0.2452927935348935	1.130767009079018	0.9983998622044454	-0.01885517228965332	-0.2242458837615566	0.005438020338875063	-0.04384315329598459	-2.240666036641042	0.04406836185068044	-0.1009368425308797	-0.1332291086994014	0.6147135395166181	0.4842586111818905	0.5679637212225607	-0.0187677693615017	0.790222387180217	-0.06189902484555967	0.1952483072199661	-0.1720321759533805	-0.2449600873288295	-0.005760259130375922	-0.309384524939618	-0.01090231646260786	0.8260784308187425	0.181060810731711	-1.391847378206951	0.181060810731711	-1.391847378206951	0.9921457380374468	-5.110243289381517	0.9921457380374468	-5.110243289381517	0.06678253977679138	0.5992484322299687	-0.08836421417029006	-0.3755544540649419	-0.2936774408596313	0.6590018592267226	-0.04872136779962077	-1.09535155422741	-0.1679118094593613	-0.1098840313445041	-0.18006575450287	-1.023737835198756	0.1697414174095237	0.4749507069284212	0.05887109273079544	0.326556435685896	0.6697212835077764	1.539821941942922	0.7111419045592778	0.02580077855977072	0.9443253441668769	0.03451603084268566	0.88756405065663	0.04225101429796394	0.00590142644729831	-0.1578478675789171	-0.1195231017208787	0.008666817718176368	-0.01518596184202372	-0.003180577769909299	0.02813844139029665	4.553119852976311e-06	0.06052259873302134	-0.001231437105201108	0.00395456667420165	0.04189715008260005	0.0004276444333802827	-0.02269759839727459	0.06098284752329732	-0.00861680848636729	-0.1764735207366229	-0.1194358621622226	-0.1347826084131527	0.01007681646835987	0.01005316435298318	0.01008346449762652	0.01010774905025292	0.01007204309359259	0.01010558073881493	0.0100813320785758	0.03433954223062191	0.01112723882140994	0.01133791684615383	0.01179568564082818	0.01226020857079448	0.1329799113691383	0.1654427202953226	0.01066650607292039	0.01015793846486017	0.01005817362070041	0.2836543592180962	0.1678958373526491	0.1445974473176976	0.1303027655781795	0.1320591003813368	0.1151065048742885	0.01019554913223603	0.166186479601518	0.01183611532947328	0.01217715051923337	0.1300927619617846	0.08270307563036045	0.1714290255018825	0.06085248141684152	0.01008398614172848	0.01015926311125172	0.06648651462095827	0.1876152832078334	0.01075969860653311	0.01246235485973198	0.01011548253145989	0.01003997375227155	0.0100844266950424	0.01022185865045909	0.0101897694136914	0.0101547776629533	0.0101330338179187	0.01019083246087085	0.01032918226450601	0.0100593245040629	0.01114429229908804	0.06330837600265328	0.03334326066617399	0.01077562049608105	0.01032001292541519	0.01005614674034646	0.01002816916776031	0.01033555885266066	0.01015969176046566	0.01009219573346333	0.03908019556213636	0.02208787023740643	0.01616769566081976	0.0225014644206429	0.03025694727328341	0.03042240250828369	0.01027925374184147	0.06691586898090549	0.01069766334263679	0.01036344304821747	0.05500652963780896	0.0668769864190851	0.1379796902038687	0.04876743023660512	0.01004134359733434	0.01010848542137508	0.01001993076922034	0.06814543952306409	0.1530518269141908	0.01025855927707627	0.01716631996219461	0.03846496591961301	0.02143179183273016	0.01951579273354088	-0.01986213325983964	0.001325424975281578	-0.007227227262415715	-0.004055643396277888	0.01081472276601479	0.006683629570919494	0.001876930691182976	-0.006323047556100624	0.007373633852257273	-0.02889071280337957	0.002776833604356298
0.6584210526315789	0.01011213823055884	0.0100784281210733	0.01011801400894421	0.01014673932734382	0.0101050753625825	0.01015885043286483	0.01010825810260266	0.03379387255525033	0.01146799915268995	0.01169677068198581	0.01216687521346433	0.01261956343603361	0.126970955864063	0.1596813995068951	0.0116635647362316	0.0102295883816367	0.01007678352132666	0.285463193396821	0.1691840488988423	0.1470138037308448	0.129803018339323	0.1322092113255543	0.1162807572375872	0.01032531687491209	0.1602998209784945	0.01221479524973838	0.01255285120557473	0.1323429347604385	0.08307515929760124	0.1677542046761809	0.0589160090430367	0.01010749323474765	0.01021411811493477	0.06415926262309771	0.1848757212060977	0.0110489035786181	0.01279106435289597	0.01016096494722859	0.01006182971927457	0.01011809459854677	0.01103976842139172	0.01589364679734532	0.01020307739461399	0.01017066204535028	0.01028531596373332	0.01093806496556147	0.01006798418756367	0.0114053817087543	0.05995643557195186	0.0317382450122675	0.01108803828182181	0.0104868681085364	0.01008239321136382	0.01004062977801607	0.01033828048935469	0.0101742386845383	0.01011578049156316	0.03436506482304512	0.01906418616332725	0.01459735260152438	0.02154999839229073	0.02862077339824395	0.02893040558543614	0.01044405126684524	0.0740691208439308	0.01099000009288289	0.01054763101522777	0.05118664410042312	0.07612371127814876	0.1332977513528575	0.05059079315358879	0.01004549392612836	0.01012808553455786	0.01003154651371028	0.06765152095047804	0.144712882129135	0.0103987622002714	0.01614442798003142	0.0347639441066314	0.01978748101881488	0.0423158981625129	0.07352869119761811	0.02914074657946434	0.1950451142948491	0.07608448171915703	-0.5558822769501623	0.2565118691374315	1.133099467978484	0.9980551007862295	-0.05102621996570742	-0.2242037012986529	0.003030902635300791	-0.06575181151121483	-2.175595789841724	0.04340187283023089	-0.03282968994039513	-0.127198334601644	0.5991763941523118	0.4887544982469187	0.3406462276622705	-0.01143043452096171	0.6878380254138975	-0.0592371251992686	0.3404493210767042	-0.1742226098177769	-0.1928251182693411	-0.008368303319816363	-0.2160401600315252	-0.002687455989244181	0.8305667056532355	0.1673807829452436	-1.366877645673612	0.1673807829452436	-1.366877645673612	0.9385639805313173	-5.705084850275561	0.9385639805313173	-5.705084850275561	0.07251290006154694	0.5558175484607472	-0.09225078530177028	-0.4075035145056304	-0.2871503143871508	0.6572350399037387	-0.05942909632150347	-1.065023865966902	-0.1687468025294045	-0.05801969279305996	-0.1901156437003375	-1.004795871270107	0.1745076831030721	0.4861717158231384	0.06222317280798472	0.3512992605712044	0.6854494571814358	1.629240176471825	0.7113836862758824	0.01872399303294063	0.9446865820117996	0.03825336688274077	0.8879783590643554	0.0411890621970459	-0.01962981556556199	-0.1612112654198194	-0.12335741528683	0.001625929690753393	-0.01020579173067926	-0.002465696392898526	0.02470089610902695	8.904940259516908e-06	0.0588088923602155	-0.0007367586153318898	0.00400021141206237	0.03984428343989681	0.0003843106481130967	-0.01723585079471462	0.04982799420912692	-0.01489901604231352	-0.185913405130851	-0.1185367306892793	-0.1244832562754858	0.01018922537191524	0.01013521435701803	0.01018475310336694	0.01021667346522961	0.01017284527226683	0.01027367347277371	0.01015696591728656	0.03771086223000968	0.01216371329934982	0.01242441504201754	0.01290341568833133	0.01331026148200418	0.1413807643852537	0.1774321487104134	0.01075334435732166	0.01023022675548644	0.01010833638995657	0.2760530268650179	0.1669426153340571	0.1492097761476511	0.1304286635644775	0.1363608014195452	0.1252403711180214	0.01061072053768807	0.1852319782806547	0.01296507462386875	0.0132812717458891	0.1473232248013198	0.1124401991276681	0.147562785792884	0.06086140740130627	0.01014835347554177	0.01031753746393821	0.05601961128587779	0.1835682231506632	0.0116441503679024	0.01340762546541487	0.01021758309564992	0.01007485129669226	0.01015690808835975	0.01185922916431083	0.02439200874932628	0.01026157944277777	0.01021356148090019	0.01040429682818155	0.01193005694315111	0.01007385696606403	0.01167462347130404	0.05644381602506623	0.02989386437976226	0.01169189155975336	0.01080335494729145	0.01012767542970919	0.01006183431999943	0.01034913840171496	0.01019924909880795	0.01014931299849648	0.02055266367976	0.01487545479305929	0.01306570080330373	0.01815112359723839	0.02761743630027906	0.0305973024468508	0.01059510616161347	0.0950605422433069	0.01155189932953075	0.01089695031297777	0.06295326323482496	0.1058388820178658	0.1492121664622169	0.06375772808016708	0.01004306762934467	0.01014180278971921	0.01005323943846724	0.07537521676392336	0.1387073020045962	0.0106645513249776	0.0150916315376651	0.03271231379152899	0.01843515112448294	-0.03254717029941714	0.01907019172298159	-0.004593879721858167	0.021351260166508	0.007283495931920705	-0.01634027858656513	-0.01862883994253365	-0.005583570560590279	0.01167140975667535	-0.0056484384312668	-0.02876125585690005	0.002799868788674931
0.6683333333333333	0.01011815932290463	0.01008487240538788	0.0101158440065886	0.01013980410460045	0.01010631752717359	0.01016604737337846	0.01010384772797327	0.03986322631031097	0.01148661987032557	0.01170973066616244	0.01215989227618359	0.01258499350733379	0.1461501776994668	0.1778873165474743	0.0108794837266332	0.01017696684598279	0.01007214643573372	0.2807018097624214	0.1670030500998305	0.1463501728719673	0.1313732976008372	0.1356738161019765	0.121824771665989	0.01033900624226753	0.1859455398638687	0.01220594739542636	0.01252413193204064	0.1411570916133237	0.1124008853996512	0.1646929628590499	0.0648658711512127	0.01010140890830164	0.01020693423805384	0.06122367517326206	0.1887320865847384	0.01107104286099759	0.01274144553631482	0.01014166496933893	0.01005162679396601	0.01010334070334468	0.01080579212395359	0.0146727559173795	0.01017536699205141	0.01014756979782173	0.01024428759929383	0.01061606549892191	0.01005691062286905	0.01134927125802241	0.06235503539430235	0.03298081115953481	0.01107106927041138	0.01047552444231525	0.01007740999345431	0.01003777435046212	0.01031693970319385	0.01015912771723726	0.0101020643026572	0.02177899707148904	0.01632107541686183	0.01729317991349865	0.01724484762254538	0.0280608034707722	0.03189319189907418	0.01035102739029874	0.08031827619466704	0.01097200310907865	0.01053480041499654	0.07101919182426818	0.09048446190375148	0.1474865895479621	0.06281271109085775	0.01003640773403879	0.0101069593987274	0.01003059717389962	0.07286872004913557	0.1501832341726341	0.0103895353274039	0.01630053079855175	0.03445342012349503	0.01985801362714255	0.04274185436610727	0.009098158741266363	0.03060215304806125	0.09956702905632808	0.07054638034961543	-0.5601253521539803	0.2677594920264981	1.136500138954132	0.9973823409912917	-0.0850038753000975	-0.2241868459179251	0.0002906602141070104	-0.08688658138819433	-2.084323765954245	0.04342607451500354	0.03784975892866737	-0.1214070766293251	0.5665976155963056	0.4910549171279311	0.1264066186710471	-0.005172338625278671	0.5731870065653314	-0.05519347156896324	0.4724400635343404	-0.1757762906313329	-0.1169845730681758	-0.0100330297865068	-0.1196493403662217	0.005541663547792789	0.8284938130868131	0.1540026774902246	-1.329917610238645	0.1540026774902246	-1.329917610238645	0.8790039712607323	-6.311978288826161	0.8790039712607323	-6.311978288826161	0.07778529196314973	0.5075476505559181	-0.09641601868164112	-0.4313620317682041	-0.2806687931691368	0.6492004772608976	-0.06983404964177622	-1.034393416372233	-0.1690549244771035	-0.004015055811100089	-0.2000012953694046	-0.9906048541370027	0.1793724495824436	0.4951982959166342	0.06583361931618058	0.3757191044333777	0.7019247468663355	1.689808475670203	0.7114329082503507	-0.01258016116279994	0.9450814874707075	0.04132046817819994	0.8883778172836436	0.03928103651458547	-0.05020226368918135	-0.1640081143293091	-0.1276238749110302	-0.003342006454126306	-0.005339340179710586	-0.001817846952283991	0.0216215783199434	-8.512053409009468e-06	0.0577465741172766	-0.001126969962229261	0.003850943126715746	0.0379607116273968	0.0003383175413367864	0.001591681179560624	0.03746772871670077	-0.01840009965611552	-0.1794772672540741	-0.1222029226550821	-0.1152912757613948	0.01009195581899697	0.01007083221497752	0.01007878932909663	0.01009312824089612	0.01007514782140029	0.01012464743996185	0.01007191940412155	0.04758768368059044	0.01116618385456614	0.01136474814385124	0.01178140980080833	0.0121899884786302	0.176377928887149	0.2061256913301189	0.01028691811712047	0.01010190135957692	0.01004873784113231	0.2744433629910894	0.1638246704890617	0.1441517408822213	0.1341253333465143	0.1403429606341506	0.1277462476224779	0.01024868316108156	0.2264637703623834	0.01181797100172611	0.01211865348436673	0.1509288571222443	0.1511917001999922	0.1692531760838019	0.07390405445224707	0.01007083562833546	0.01014323135738928	0.06044456285518424	0.1976420998850821	0.01080713360921057	0.01236218996702728	0.01008354546054455	0.01003037549361883	0.01006139696087599	0.01015596045826727	0.01013566575590964	0.01010740773309157	0.0100917271394796	0.01013074127249058	0.01025530197318987	0.01003939985511548	0.01117269123853458	0.06793924522853867	0.03575397668710017	0.01074437198866105	0.01030018632052972	0.01004856386551849	0.0100238568054599	0.01028319278550704	0.01012764257059627	0.01006736990834335	0.01070346395971404	0.01439740082741953	0.02145556363864817	0.01257662789264457	0.02637663190679351	0.03383869113397097	0.01020480130248298	0.07785600017218655	0.01066454673219751	0.0103407604801782	0.09984390242301601	0.1012138953718703	0.1642560385380553	0.07673141706135915	0.01002509602273843	0.01007100546286579	0.01001833794035464	0.07458067044082206	0.1634875820168987	0.01024268798722336	0.01689345054997182	0.03366031510472699	0.02027841373694842	0.02089940034115194	-0.01962252755642285	-0.0009045095121872197	-0.006722205279374969	-0.004007531816627248	0.01235135896023009	0.006907187524830522	0.0003901048095198011	-0.006641589671552233	0.006653240282980801	-0.02865581716214681	0.002152283661996595
0.6782456140350877	0.01013869455019497	0.01011155510507622	0.01011157264191167	0.01012643530314639	0.0101112505326706	0.0101957649651644	0.01009481681155894	0.04662184896379519	0.01150583638453437	0.01172211079808274	0.01215324034648466	0.01255537464434015	0.1677460440608981	0.1978510092891021	0.01051312845634924	0.01013340369144982	0.01006400959252469	0.2759816226574131	0.1649667734389878	0.1462419960941833	0.1333015382351863	0.1397550303288593	0.1279876825662894	0.01048541219720322	0.2148607421248981	0.01219791125123152	0.01249946576673818	0.15165336832806	0.1453102105556996	0.1634514827113186	0.07137651117720058	0.01009020604642981	0.01019365027087484	0.05833895721747104	0.1935625272387332	0.01109851500139876	0.01270019266814438	0.01011584214665584	0.01004214381365351	0.0100846249971559	0.0109914283485689	0.01957629174167121	0.0101550977030707	0.01012190748337562	0.01022766476480489	0.0127787943289368	0.01005246367709024	0.01145813607075248	0.06425234669578479	0.03394285854134221	0.01105456363984918	0.01046216809407648	0.01007686092411749	0.01003844449286741	0.0103074991997224	0.01015680569557555	0.01009707311748858	0.01392800373142203	0.01386729444994207	0.01748715074004197	0.0131879778386154	0.022283404941545	0.02791733153962463	0.01052614332929491	0.07774160181833246	0.0109534903481973	0.01051952190892702	0.09690630749402446	0.1081608041066866	0.1540275263087228	0.07686674777668639	0.01003043308099865	0.01009319417902933	0.01002954538335732	0.06676096435199194	0.1546568322579099	0.01037846127491912	0.01578848649097316	0.02897637654778627	0.01848208674689992	0.04243682263879574	-0.0732465711276548	0.03111678413506163	0.004752807098625244	0.06500924175132741	-0.5556065922837874	0.2790456890777898	1.140866613155435	0.9963650215767931	-0.1204648570032594	-0.2241998634426423	-0.003031364233967394	-0.1069857707688256	-1.966853571169777	0.04414888390130668	0.1075068319192213	-0.1160169960718155	0.5185431690932002	0.4913321031533817	-0.06616790011953472	-9.184987449490196e-05	0.451128293709726	-0.04994505627606879	0.5821577178464848	-0.1764767594015051	-0.02153689183294627	-0.01074262106001387	-0.02397097498503161	0.01370663879805341	0.8172364672852231	0.1410750049731068	-1.27504975052682	0.1410750049731068	-1.27504975052682	0.8134958603095227	-6.899215214632158	0.8134958603095227	-6.899215214632158	0.08257350036829746	0.4588791727287704	-0.10076822346259	-0.4449197529570639	-0.2743109874898947	0.6319177834908559	-0.07993542269723526	-1.003685161020117	-0.168827756615492	0.04959292581532713	-0.2097687164941691	-0.9809167614757796	0.1843235804189556	0.5038476755949606	0.06962328748244982	0.3857855343730119	0.7188414290681887	1.717822772154702	0.7110643210412131	-0.06504968218313348	0.9455036555726712	0.04375317541369361	0.8887547552218128	0.03666852482682261	-0.06627940314216783	-0.1726880481604318	-0.1319010169143846	-0.007117422696566403	-0.0002913059169194686	-0.00118001426900659	0.01898690212963378	-3.813763094486861e-05	0.05628670022430783	-0.003146457375926725	0.003356332849368895	0.03620985319038579	0.0002836133245337743	0.004462278473327956	0.03626386412063039	-0.02697387412985256	-0.1659757758038337	-0.1276776687593255	-0.1102174751854944	0.01024408415215641	0.01020780111607774	0.0101742140265323	0.01018382306539999	0.01018621683480727	0.01035451168505866	0.0101345155147708	0.05212043450748508	0.01220278360829382	0.01244866714570078	0.01289040413396413	0.01325567251126414	0.1895337418721012	0.2214755020999946	0.01042085337393455	0.01015170294066637	0.01008873938437146	0.2667912861655936	0.1631226606575317	0.1498623275649896	0.1348314008446654	0.1455260256702853	0.1386723284158428	0.01102989399005436	0.2510296765704315	0.01294974945390277	0.01323573746601026	0.1714618229043491	0.1872681336109811	0.1482090216091003	0.07463077345270974	0.01012108633172791	0.01028516973830458	0.05041063943820471	0.1949260826627705	0.0117042599563123	0.01333302790486355	0.01015973739502428	0.01005656809194944	0.01011571213566043	0.01263050890597539	0.04034852497957014	0.01022810091663641	0.0101597911656132	0.01039422061761928	0.01864936392652269	0.01007125316539333	0.01205011707104903	0.05959890479702758	0.03150900829597227	0.01165927078006129	0.01077470834142486	0.01013078629922328	0.01006652089996017	0.01034156788287939	0.01020675030896839	0.01014761307930965	0.01011815992751156	0.01030264205001319	0.01097183299024957	0.01034719415213489	0.01079885771924652	0.01543357441167677	0.01120050156889745	0.0788709078558794	0.01151432967916107	0.01086403966486917	0.1240553711175592	0.147695535902045	0.1506030172416734	0.0949282196753377	0.01003407172092248	0.01012125993507873	0.01005103851096106	0.04928935306855253	0.1459562147037874	0.01064063357132839	0.01341493433345671	0.01638755205037857	0.01425313695556709	-0.03141538164421434	0.01845541243010882	-0.003345348166306147	0.02316411281766189	0.007257532674688546	-0.01659292672297001	-0.02293796277512163	-0.004644111102448124	0.01205013445880968	-0.003453777555843412	-0.0286216317844855	0.0002533133859276279
0.6881578947368421	0.01014571497738897	0.010119170655352	0.01010867353984532	0.01011914106216615	0.01011221784757285	0.01020291799313081	0.01008897597735937	0.05454849644323696	0.0115224855714938	0.01173378601927787	0.0121465108986351	0.01252171907754582	0.1920922905158853	0.2204455976634818	0.01034956855018422	0.01010986118458618	0.01005921004164242	0.272399748173181	0.1636968273724973	0.1469773079555478	0.1369861178164231	0.1458675528469479	0.1361159599934849	0.01045224011480357	0.2499170008596419	0.01218925758433543	0.01247142621313061	0.1644836124866383	0.184565774973537	0.164270015226254	0.07907991423333705	0.01008274851312188	0.01018416420482396	0.05496631408898078	0.2011109298204048	0.01111717830057661	0.01265249732924166	0.010103353735241	0.01003732315649558	0.01007546794602906	0.01110238646575719	0.02105300240672995	0.01016512804969416	0.01011275097075116	0.01028416052325127	0.02416352123910264	0.0100511329138401	0.01159194864531303	0.06499134981618709	0.0342953008854779	0.01105350386420323	0.01046030045405052	0.01006214975144118	0.01002898826680875	0.01027963652011957	0.01017387535949913	0.01011884848305727	0.01141539277625284	0.01145718849649068	0.0129648340782225	0.01123311405463738	0.01462941206944439	0.01791560640970976	0.01019535187242032	0.06199553667950133	0.01095081674444091	0.01051704385216756	0.1189378972656609	0.1292393170206824	0.1487594794473268	0.09142692228987002	0.01002516696564187	0.01007971971069329	0.01002933711963997	0.04320065296669567	0.1568513399659021	0.01037719798994447	0.01322377396617173	0.01850349427907782	0.01424689923717353	0.04124803669134092	-0.1681700139093415	0.03071375910122592	-0.08478997166454844	0.05956179920159795	-0.5419887590418654	0.2903797362510303	1.146164581243781	0.994991134621605	-0.1568224076075415	-0.2242494580227664	-0.007116402481259995	-0.1257999221902897	-1.825641542406717	0.04554088776329621	0.1721650393641169	-0.1111709783201628	0.4572542325123456	0.4898416800869908	-0.228955795452945	0.003766368677360327	0.327682296240161	-0.04374926564077982	0.6626802047020356	-0.1761585114957433	0.08740896790058218	-0.01052454417505676	0.06674842405418037	0.02170557266882276	0.7946413972341986	0.1288019257511094	-1.197050024997593	0.1288019257511094	-1.197050024997593	0.7424250441942047	-7.42727592140703	0.7424250441942047	-7.42727592140703	0.08689599651455335	0.4143350334064244	-0.1051973516069897	-0.4466863730548183	-0.2681764939345111	0.6039753252376321	-0.08972796742181205	-0.9718629249641552	-0.168080687575517	0.1004798866896016	-0.2194625115126364	-0.9756678202100476	0.1893636286694778	0.5132548778141834	0.07341407384772017	0.3756736731173237	0.7358653135567691	1.71123491128422	0.710086009478281	-0.1347667867151492	0.9459467382562139	0.04554228090176995	0.8891030592680864	0.03354461602349294	-0.07623689958572791	-0.1762874315329565	-0.1359428936465752	-0.007879095063468813	0.002955899874205714	-0.0009084791484986188	0.01728974263278799	-9.293390624556287e-05	0.05681321315777867	-0.005187720061073018	0.002873079205209637	0.0353765506818398	0.0002410635015732175	0.01071754031363116	0.03576044566009637	-0.02034035741431671	-0.1460274196423896	-0.1350589314364682	-0.1028732739673065	0.01011363142285111	0.01010760629637442	0.01007214979767449	0.01007783476968729	0.01007742775411261	0.01015121056745064	0.01005956710039256	0.06513917654526408	0.01120591896276205	0.0113919853509982	0.01176650444770439	0.0121162661686208	0.2326185350767999	0.2580278441524341	0.01016900859101729	0.01006555625385977	0.01003892939058689	0.267649589975651	0.1617232638725292	0.1466816319281017	0.1430545479721001	0.1549105111691718	0.1463986486120772	0.01036512799510194	0.3109946519542021	0.0117985706887842	0.01205663858406552	0.1808993140296923	0.2448078730732021	0.1751364179676221	0.0911298235055731	0.01005545733056289	0.0101225585176257	0.05302689432971221	0.2166673911832054	0.01085486038587125	0.01225915872398215	0.01006103145881001	0.01002242391000812	0.01004506251055588	0.01054392101784044	0.01348522568308021	0.01014123179597773	0.01008011994588538	0.01027858951259224	0.03887788472302392	0.01004955395308612	0.01715964511619313	0.06832037052590668	0.0359489837415099	0.01075286442111303	0.01030412941115209	0.01004359710953772	0.01002086366057333	0.01023101056388204	0.0101756170998451	0.0101239510521211	0.01003034013043526	0.01007872172837751	0.01024305505902791	0.0100893507718673	0.01014825232846764	0.01037047710226336	0.01114432763248528	0.03585153204390933	0.01066984972963535	0.01034406114038998	0.1450071473194065	0.1458925385308242	0.1286640754780567	0.1097465524878851	0.01001930371374673	0.01006126463536581	0.0100185857139994	0.01480603188302614	0.1650077073473195	0.01024676254330463	0.01077504575695773	0.01017267599747273	0.01043264713922788	0.02262257415278178	-0.0193655006716288	-0.003390467311731266	-0.006073950535474102	-0.003964994731560071	0.01396426212265526	0.008584915378401	-0.00656546811735164	-0.006705370234813532	0.005734072562550511	-0.02873707803041667	-0.003463679294113615
0.6980701754385965	0.01019519067923878	0.01023111517456866	0.01010181823164528	0.01010385682289378	0.01011843408123337	0.01028066625935321	0.0100789495090044	0.06443445674091698	0.0115698843437717	0.01176335933067827	0.01213364248916232	0.012464468342653	0.2213236149318449	0.2470298732946746	0.01023776399694032	0.01008331077217976	0.01005072064983439	0.2657682178923026	0.1612836200118324	0.148017080726383	0.1401787225445354	0.1525664853673342	0.1451898333007336	0.01137708391072408	0.2913045836341818	0.01217236760730837	0.01242138579840526	0.1806579402013702	0.2316058879790087	0.1700219241230263	0.08871984060166571	0.01007140080823666	0.01016658022637832	0.05014867699833924	0.2100470594683652	0.01119000499936147	0.01257733051807003	0.01008218419128181	0.010029876085626	0.01006026061135918	0.01161777208108094	0.02516883252517488	0.01016670061116595	0.01010235854410439	0.01032046942266352	0.03759346444698539	0.01008986381367915	0.03490562830654854	0.06491224398170807	0.03422063881918625	0.01106591465451868	0.01047006779417873	0.0101702170557004	0.01010053972202282	0.01028936441326939	0.01019813694402042	0.01013461010913343	0.01057525995056477	0.01062802117685604	0.0113756944160675	0.01054565366265749	0.01189053384484778	0.01309509961012952	0.0171251091786801	0.04783746883323935	0.01096202030572148	0.01052649412217845	0.1400434617820425	0.1430950742415795	0.1076406196938488	0.1134058855765105	0.01003489949411067	0.01012894237014695	0.01003035866310563	0.02223845578149291	0.1575057663824456	0.01038619925410863	0.01127962136284822	0.01278953328597764	0.01144486338097195	0.03908417611457039	-0.2687353478812483	0.02946917422673098	-0.1642652159986016	0.05429510949608284	-0.5191338019404323	0.3017712540933158	1.152482609625478	0.9932562254566707	-0.1931387803038429	-0.2243437451141044	-0.01206142212674347	-0.1431147953933651	-1.665276895453979	0.04753109138011489	0.2274859389505138	-0.1069867152062572	0.3855062681578442	0.4869155560501898	-0.3547547056218617	0.006423046035874335	0.2099092353465822	-0.03691734701221594	0.7101307014438095	-0.1747236474429505	0.202471414735888	-0.009451846469942659	0.1476510606517781	0.02941571734837795	0.7586539007431834	0.1174341589314708	-1.091833438291975	0.1174341589314708	-1.091833438291975	0.6665949063089643	-7.851955199828231	0.6665949063089643	-7.851955199828231	0.09081584214327762	0.3783385206148679	-0.109581342124018	-0.4356892458053837	-0.2623771787886959	0.5640077079482634	-0.09919495854767633	-0.9378573798187342	-0.1668537734094747	0.1459262478108494	-0.2291177689813635	-0.9724029196990343	0.1945019667628619	0.5236529822207266	0.07701075661805173	0.34759287162181	0.7526504323827852	1.669763386487692	0.7083560999025447	-0.2155335642775683	0.9464045533309601	0.04673835501677193	0.8894187622827519	0.03011173273847749	-0.0829350159096007	-0.1919077571535311	-0.1407358638023596	-0.004492993998252699	0.00573136129278497	-0.0008041384348921479	0.01700850220966043	-0.0001606566478794484	0.06027489803697568	-0.008939000905178934	0.002249338510054398	0.03584536644637518	0.0002125017344505763	0.02827024006792561	0.03671916489882165	-0.02761342972437302	-0.1250811428928642	-0.1407859754707833	-0.10208690924816	0.01038337868134414	0.01053083676784626	0.01015674558757991	0.01014566498080371	0.01020363475000415	0.01057712800532358	0.01011048730170793	0.07447577201572947	0.0123271101198039	0.01252502834013694	0.01285874125447223	0.01311833524430658	0.2587083250711232	0.2839080659200416	0.01024648855285293	0.01009574417409664	0.01006825724969455	0.2474613932659162	0.1564394864927993	0.1524320471310659	0.1404739912533618	0.1599785487307885	0.1586053681458996	0.0137960497026001	0.3503217639855317	0.01290801777093786	0.01311437353649299	0.2103771906896104	0.3013851731134105	0.1678014921478659	0.09658126549740259	0.01009469639930508	0.0102423043938645	0.03925773949266379	0.2153536735516731	0.01190176605288839	0.01315608155738453	0.01010915290236189	0.01003918067867909	0.01007955216009945	0.01405067066415534	0.05154518717123508	0.01022321497279612	0.01013783097448216	0.01044768876630218	0.04808312009607489	0.01018675191607456	0.08333695431437385	0.05843998392191663	0.03090158971635441	0.01169696436031426	0.01080531779328052	0.0104635469429065	0.01028654199031496	0.01039674769915396	0.01026211049318608	0.01017343012125837	0.01006326050851765	0.01017937391865873	0.01069974517775759	0.01019797795321247	0.01033543634175487	0.01124632574497187	0.03219709977845923	0.05228403777329455	0.01154998440665429	0.01089429728353694	0.1669847534724473	0.1666947494439516	0.0175639720181524	0.1507203276274179	0.01006777295126421	0.01027924438554755	0.01005424890920177	0.01167038851691618	0.144730357848962	0.01066840176538226	0.01014638580308599	0.01004417787306325	0.01009439939535875	-0.02975597384805179	0.01689294458240122	-0.001896027600365856	0.02524872600492501	0.007242355772966207	-0.01672538141299674	-0.02067856159047521	-0.02054823703873436	0.008826059834638701	-0.001644133878356115	-0.02910096405719293	-0.008259238360538088
0.7079824561403509	0.01024065612987078	0.01112318540138014	0.01009909691842808	0.01009574734024774	0.01012425446527038	0.01034297581437262	0.01007244908981149	0.07520046340381609	0.01160369050236644	0.0117856554401012	0.01212312857073821	0.01241406167254474	0.2523036416207153	0.276105762417593	0.01018177345458353	0.01006844265898637	0.01004602840584086	0.2592828274096105	0.1588494760769487	0.149517229613975	0.1444591464803499	0.1608133257107195	0.1558727614815336	0.01279661270874353	0.3371398045721879	0.0121582518081691	0.01237789653621946	0.1990684137196003	0.2833799130685162	0.1763978760835	0.0994074267821084	0.01006305330571823	0.01015446616870464	0.04579358487060891	0.221040274786589	0.01123430195196349	0.01250927091272012	0.01007208907639686	0.01002619006781122	0.01005289928273122	0.01166082671382193	0.02519508894320702	0.01016142530190449	0.01009956167046374	0.01030140214494162	0.03727706036656923	0.02164887746882767	0.07703209224774987	0.06480864650613906	0.03401697323925378	0.01109424940667532	0.01048956782805708	0.01225037698873579	0.01017430889209233	0.01033049119638472	0.01022386993388758	0.01013495324530717	0.01022987421268364	0.01030706039081498	0.01089555331805118	0.01028318687025833	0.01081704849265975	0.01165110523576731	0.03509967126342323	0.04434835883637581	0.01098896463205372	0.01054693118580913	0.1513618096093781	0.1479261181754646	0.05211891747500917	0.1351283371797815	0.01023418976111868	0.01091576796500368	0.01003196647004046	0.01494934348675953	0.1589001235186457	0.01040332897892695	0.01050383115522762	0.01099086446715432	0.01054015418378079	0.03592805938889598	-0.3669860855364367	0.02750514883948421	-0.2292766613139487	0.0493001216353102	-0.4872400828360691	0.3132310497582976	1.159974959863986	0.9911665433625468	-0.2281712341496753	-0.2244917249666147	-0.01795082222328636	-0.1587720104074226	-1.492482613966946	0.05000628818142915	0.2693788023044097	-0.1035529920200213	0.3063465887295129	0.4829494087490842	-0.4381018114866158	0.007970348386983359	0.1050239931085278	-0.02978276975284994	0.7239407156446496	-0.1721507099193134	0.3156790672416004	-0.00764518707248946	0.2141031715183404	0.03669677051633449	0.707934277706207	0.1072540873124811	-0.9572568508079236	0.1072540873124811	-0.9572568508079236	0.5872528309641371	-8.128683891357012	0.5872528309641371	-8.128683891357012	0.0944366459120391	0.3544689756422031	-0.1137915196593019	-0.4116662016067174	-0.2570384348418434	0.5110676790477159	-0.1083095811185146	-0.9004873340071591	-0.1652142581004733	0.1833964419979568	-0.2387317719322096	-0.96674766555864	0.1997470601055075	0.534720685338009	0.08027376391730205	0.3101968620185597	0.7688576065459176	1.595048583920088	0.7057981859959791	-0.3008805476488666	0.9468714977593418	0.04738374788189754	0.8896992622871588	0.02645498663010217	-0.07632614130652712	-0.2086686635146193	-0.1458020189727881	0.001877207408492242	0.006565994934872627	-0.001152534820156509	0.01811839183075983	-0.0002465219515402886	0.06597552419844656	-0.01322567055632837	0.001696466251020802	0.03766908413545551	0.0002056346733946555	0.04683875007911206	0.0519874724798542	-0.03137175155188981	-0.1130970549033923	-0.1430602980242169	-0.1020582861324734	0.01021610898985211	0.01402124440942102	0.01006599046512482	0.01006190794799627	0.01008804282420292	0.01029236094067595	0.0100467675922442	0.08855560041985419	0.01127418787773957	0.01143686280347341	0.01174554111912838	0.01201602752394416	0.302511469126043	0.3241874603314825	0.01009873562833601	0.01004073459906937	0.01002984575438549	0.2570947860403268	0.1579915548911036	0.1510921203895202	0.1538962961655686	0.1742542756583191	0.1703625397235786	0.01479018380984217	0.4179757081830928	0.01177035216348105	0.01197000314002933	0.2216944457319152	0.3648084781017923	0.1907334366452754	0.1144943076727615	0.01003952994535176	0.01009843729982806	0.04451502433878621	0.2432476770357454	0.01094490751161731	0.01212420528251821	0.01004295766324331	0.0100158746608935	0.01003188836595824	0.01033547570289389	0.01068317547246787	0.01012624574656283	0.010078728501854	0.01021012735088276	0.03024066144304588	0.03939013388802803	0.1185556857859161	0.06932498973348339	0.03609520498239027	0.01079609520328338	0.01033242369147245	0.01703722922219063	0.0102578314149146	0.01032664500401946	0.01022202509563617	0.01011463993646077	0.01004172960297528	0.01012448845886532	0.01061840369864849	0.01012882764034225	0.01022397401318504	0.01078308051593669	0.05434918233934567	0.03829450949367105	0.01071001362425472	0.01037350646669061	0.156421324823449	0.1436726868975793	0.01023894966427687	0.1537956352918124	0.01323052513443804	0.01363295820119434	0.01002090231914716	0.01054753235990146	0.1715053455260147	0.0102716353862898	0.01005937733991149	0.01001612801619726	0.01003675853134218	0.02553122813786687	-0.01896619332088343	-0.007093698512004698	-0.004708608345969569	-0.003885896961201409	0.01501737697365855	0.008341079761846998	-0.007952016086188819	0.0009750605513993704	0.004670604569472535	-0.02986079579912777	-0.01199896861432597
0.7178947368421053	0.01029867470439029	0.01914246593527146	0.01008954759002224	0.01008321115179154	0.0101213721610542	0.01043187741385246	0.01006426989973922	0.08686546117656087	0.01163569331112135	0.01180533319635823	0.01211441031372146	0.01237600184083015	0.2854140254212928	0.307249615438369	0.01013893560636291	0.01005458262850888	0.01003905935731919	0.2616269249241818	0.1610428968516392	0.1537464466100562	0.1529986987421228	0.1719328724076976	0.1678565998925289	0.01877435342031413	0.3849880491585686	0.01214698009536663	0.01234482983232525	0.2162287700332235	0.3342062743702582	0.1838354838064303	0.1105131181329939	0.01005605246493698	0.01014049381765125	0.04245110186697221	0.2357946351704463	0.01128515329318492	0.01245920205618628	0.01005834916549556	0.01002137634277564	0.01004306138232291	0.01100264898197504	0.02002504232937741	0.01015939876598952	0.01010083707837825	0.01028326183180028	0.03199516513965715	0.03489605729160383	0.1072325101195563	0.06996991402313933	0.03666223835738822	0.01102387594192095	0.01043509849499125	0.02199610064148901	0.01052979696207449	0.01032931342402326	0.01021886853144587	0.01012953169804496	0.01013578794089463	0.01024378981597781	0.01077895248700711	0.01024985798179177	0.01057943473209437	0.01155925244249201	0.0500973531209204	0.04726164427377756	0.0109159593175382	0.01048776526362004	0.1528338563999266	0.1475526621239492	0.02601391581458612	0.1473412174362559	0.02160005659926244	0.01842002602126271	0.01002754359169497	0.01253968113874305	0.1709090380419339	0.01035630240044978	0.01024286234928964	0.01040032199220772	0.01023924264072502	0.03184441472717107	-0.4544905899939149	0.02498384525001775	-0.2761671958280099	0.04466345958021696	-0.4469880353270074	0.3247717101158953	1.168827663387307	0.9887421172744161	-0.2603986859104424	-0.224702670130058	-0.02475543542765294	-0.1726898036900782	-1.315833633847519	0.05281490357380442	0.2941949146019242	-0.1009276571760879	0.2229007075727781	0.4783799793307681	-0.4762669591484007	0.008570293554818073	0.01983223062005991	-0.02266763635205249	0.7069531410574827	-0.1684984907607365	0.4189102800922431	-0.005269091842439825	0.2619013917267498	0.04340042356553759	0.6421863680878112	0.09855357486250318	-0.7935010407154434	0.09855357486250318	-0.7935010407154434	0.5060692944691604	-8.217471722682022	0.5060692944691604	-8.217471722682022	0.09789008646065321	0.3447909501553961	-0.1177020050141051	-0.375424466164997	-0.2522850653386844	0.4461665437152008	-0.1170297654874649	-0.858018653799873	-0.1632497144892876	0.2112839429853919	-0.2482658358553278	-0.9558468146551549	0.2051027381643927	0.5458416385223062	0.08317001752517841	0.2757571408871394	0.7841728406772918	1.490506136210121	0.7023942761779349	-0.3853002188459982	0.947342030622314	0.0474599881112619	0.8899428392587498	0.02268316288360335	-0.04953059133963519	-0.218143673026351	-0.1510302982527259	0.009259270001386242	0.004805922862463399	-0.002090386692978568	0.02003216107679428	-0.0003496671596062066	0.07281040132222201	-0.01693310658389723	0.001388088709983553	0.04043603825379128	0.0002251354503388845	0.05515642271115832	0.05615191402944333	-0.01964974289113207	-0.1064952519955586	-0.1421698719602272	-0.09892713436326986	0.01051139441759065	0.03364391259173159	0.01013116262042096	0.01011638779705201	0.01018960699291048	0.01078033195674652	0.01009253411573485	0.09944932506690851	0.01238951696954703	0.01256195711016505	0.01284299223284744	0.01305393063837692	0.332196825021057	0.3530690705072097	0.01017330171379019	0.01006898016774418	0.01005215754104521	0.2699400122317064	0.1683725300126066	0.1652918538651483	0.1643559018745263	0.1872370250215842	0.1852035888388366	0.0303095247635459	0.4558837002592218	0.01288815616099618	0.01305811712598031	0.2438864487966855	0.4089497654959494	0.1844590499895704	0.1197112384490958	0.01008197216956882	0.01021259005354705	0.03388372962764782	0.2522203501371129	0.0120099029011972	0.01307306135357179	0.01007821158228092	0.01002848272643677	0.0100575247725911	0.01206195592986216	0.03572571586407216	0.0102222464867307	0.01014424820259396	0.01041227775454467	0.03214382799887926	0.03849393162870355	0.1349558966153999	0.07520601027369379	0.03924915598034563	0.01146198838218296	0.01062600016486813	0.03767070824460095	0.01126577047195857	0.01035418933718162	0.01022291200651327	0.01015711238418589	0.01011433603547467	0.01029814230009229	0.01081401542841008	0.01034932490416328	0.01066122954345972	0.01236367669728528	0.06001328570018104	0.06531409216019655	0.01130861220222308	0.01070020194634501	0.1548164939417267	0.1579518316428427	0.01027705171188444	0.1624736704708835	0.04399356296757354	0.03192974381703255	0.01003967908752963	0.01180361670879564	0.1862100137968597	0.01051333502644115	0.01011672774832884	0.01002922098868487	0.01007058493469497	-0.02569994795389017	0.01587740181497078	-0.002994851719597808	0.02795526008381917	0.007243319182832744	-0.01865837311592487	-0.02104807112485602	-0.02037551399329504	0.01699982960872488	-0.0008210778072989548	-0.03077789344013968	-0.01509591927735111
0.7278070175438597	0.01033011950967849	0.04054649089848048	0.01008486074718019	0.01007698150332184	0.01011973837594464	0.01047399670177266	0.01005929762020305	0.09749714273260515	0.01163809510849157	0.0118064546802737	0.0121135249868083	0.01237397978297043	0.3161844924486374	0.3379727158616497	0.01011865366279521	0.01004753466654286	0.01003533469390014	0.2711889517561483	0.1668533722517977	0.1601141885350717	0.1646083662198934	0.1849573858862228	0.1806836892538221	0.02652753700506807	0.4313098611881946	0.01214639362104102	0.01234372181836428	0.232030408862574	0.3817516297615087	0.1882824377015746	0.120691836682928	0.01005144157365061	0.01013195635177286	0.04265375355303959	0.2523953856568042	0.01129081068810604	0.0124555503276608	0.01005223969597954	0.01001916751512488	0.01003862280011609	0.0109141893779091	0.02002807989238426	0.0101455219565562	0.01009610145432347	0.01024591813259388	0.02364148090007146	0.03938937451370535	0.1254898040213134	0.07636766884027152	0.03998486639188428	0.01098534030480644	0.01041130246511089	0.03578516397446931	0.01053584555982694	0.01044969175421019	0.01024068633015095	0.01011589765190004	0.0101058899872221	0.01027847087872502	0.0184901948601709	0.01024782635457487	0.01062418386750286	0.01655213356870499	0.0488723057398226	0.05442576054745207	0.0108774218615363	0.01046124068277975	0.1631094023743943	0.1461237893891605	0.0158653123522527	0.1556378546184483	0.04878049729894358	0.02341461217978541	0.0100258158141834	0.01270869927127493	0.185763144964088	0.01033635210205471	0.01013566487913788	0.01015172648462954	0.0101143657321288	0.02697957744588389	-0.523402653584901	0.02209897679077907	-0.302312418501439	0.04046258622843978	-0.3995518205399219	0.3364074971049616	1.179184200462713	0.9860188820729088	-0.2881887875416898	-0.2249854343437014	-0.03244039983812858	-0.1848758282366596	-1.144638440623658	0.05577263439727996	0.2991018464752903	-0.09913849937682639	0.1381293665542536	0.4736567251200358	-0.4694116259895242	0.008447413999493641	-0.0400327601264957	-0.01585033225082093	0.6650405628079564	-0.1639037120164781	0.5047256966796788	-0.002525220307838424	0.2879190722855898	0.04938118944722384	0.5623703879989974	0.09161236333554981	-0.6028648205859996	0.09161236333554981	-0.6028648205859996	0.4250693792079163	-8.087485160006525	0.4250693792079163	-8.087485160006525	0.1013206494191038	0.349773237323894	-0.1211986564422655	-0.3284687874683901	-0.2482267509790844	0.3711920972301526	-0.1252988513271285	-0.8093248200644251	-0.1610609486165931	0.2285273381340854	-0.2576548021722708	-0.937047694352406	0.2105667860730951	0.55659499043953	0.08579215751892875	0.2568510647250651	0.7983238722442587	1.361068782029356	0.6981808058363087	-0.4634335027882736	0.9478104813018694	0.0469635851927621	0.8901489039376315	0.01889618039386957	-0.01728347833924828	-0.2314507457112891	-0.1561736032078123	0.01865399496503328	0.00226585565936511	-0.003162644732769277	0.0232094725632728	-0.0004453463502416863	0.08142621420832137	-0.0222002523430278	0.0009135223115321126	0.04444349743686504	0.0002485449901772615	0.07713523426289799	0.0762691952358507	-0.01867641909769062	-0.1162756084630775	-0.1358579306822716	-0.1011907234815605	0.01026805923789206	0.06640293714994538	0.01005647077453582	0.01005086823240614	0.01008185252958646	0.01035966121893817	0.01003800821538715	0.1098297383784267	0.01125591139598937	0.01142450557779951	0.01174970164832823	0.01204016423027612	0.3648500701800791	0.3889458736064179	0.01007242654271271	0.01003013608226177	0.01002319281231821	0.2899738182890066	0.1752586014970587	0.1671213051489151	0.1820143082999437	0.2036863475467097	0.1974610330267836	0.03240475106575549	0.5140558467961636	0.01177760249099474	0.01199302071337894	0.2512920754785322	0.4606839934525896	0.1965183480724089	0.1346196192769154	0.01003219266625404	0.01008376346005424	0.04796483284815677	0.2809762782966441	0.01092203084987251	0.01215307347491659	0.01003292990011011	0.01001224399877412	0.01002460096392088	0.01016297164120995	0.01015221320260524	0.01009350693321234	0.01006740286493287	0.01012422815886779	0.01068724983481642	0.04382436955145733	0.1431783204330131	0.08449943211088252	0.04383376844192532	0.01070836490748313	0.01027960037685193	0.04961466050219018	0.01010158521152884	0.01058896858914387	0.01026336732662783	0.01008176972131765	0.01008358440634584	0.01030212961409989	0.028804274593656	0.01021107820579073	0.01069826018862429	0.02349368948430054	0.0407598193400759	0.05742099867641076	0.01062299197874659	0.01031471597797706	0.1808725100848045	0.1379723196654071	0.01012001952990292	0.162663038192653	0.08293679673347323	0.02386334645154107	0.0100170726714909	0.01405249241562202	0.2082968791022879	0.01022743738666351	0.0100602452343191	0.01001489812727653	0.01003743028321683	0.02781533280758879	-0.01986029750329291	-0.009322211818994326	-0.003067278070086557	-0.00382194617065275	0.01584593506692024	0.008310767055250844	-0.005931893642753898	0.003000679146195121	0.005064546485873015	-0.03214431849787125	-0.01961322185543941
0.737719298245614	0.01035462528394921	0.06145524512031341	0.0100771776191674	0.01006903981436966	0.0101124445008154	0.01050904801409088	0.01005478457609159	0.107940293417753	0.01160469970465542	0.01178614492726226	0.01211999901873708	0.01240521147063968	0.3461301792561963	0.3688751785223808	0.01010087960356495	0.01004091215811665	0.01003100329657819	0.284028650709088	0.1743020813564881	0.1673946179525383	0.1767716796462477	0.1978021903714212	0.1922965929604503	0.03411199322408179	0.4750316252536772	0.01215680538291504	0.01237363918356619	0.2451996892115366	0.4256425199932803	0.1910402673412858	0.1303153663783374	0.01004868446055669	0.01012480829066906	0.04555256074924567	0.2690480860013327	0.01123648299527077	0.01249206052219443	0.01004429559970442	0.01001637818407478	0.01003294686614499	0.01044905541949842	0.01198193603536458	0.01013041381264198	0.01009108193714143	0.01019805020706524	0.014358040512986	0.04083542300238113	0.1374949012288775	0.08247545023533714	0.04304808825821036	0.01094084236861383	0.01038162468396185	0.05147815360567039	0.01023412701261893	0.01046986027258668	0.01023293305970593	0.01010061136565318	0.01011983692572155	0.01031359528311789	0.0214858696825189	0.01031125552634513	0.0108716642819965	0.02127562895008249	0.04317783105905498	0.06363030616772612	0.0108321108609389	0.01042859586746001	0.1687021155424788	0.1440707297645608	0.01238488437828694	0.1592432977487273	0.08582336901878164	0.0274012983330447	0.01002347373572816	0.01584186726590282	0.2006161928515577	0.0103114249656746	0.0101034808813526	0.01007246958611444	0.01007712389370514	0.02155115985120837	-0.5672627673401553	0.01906317437296644	-0.3065488461666904	0.03676057822719735	-0.3466711027492094	0.3481537229022241	1.191105438476632	0.9830490231950956	-0.3099095852684075	-0.2253483499539929	-0.04091382953565676	-0.1954311043717352	-0.9883569249508739	0.05867360033072183	0.2826032725166344	-0.09818325819442904	0.05518354541637925	0.4692120771711517	-0.4209241147453566	0.007872671080028719	-0.07091673940558235	-0.009539171414532121	0.6063219565875291	-0.1585703238615895	0.5670414875740925	0.0003613597369100221	0.2905612788069951	0.05451073302737866	0.4709702606780385	0.08667549965617496	-0.390055932550993	0.08667549965617496	-0.390055932550993	0.3465208361839558	-7.721276098506242	0.3465208361839558	-7.721276098506242	0.1048677780320008	0.3678904517354576	-0.124185551994763	-0.2729959035791867	-0.2449507017312886	0.2888708669460499	-0.1330507907058171	-0.753555282534948	-0.1587546887501071	0.2350738492096758	-0.2668105805561928	-0.9086673426792575	0.2161369913543044	0.5673496397951299	0.08834621383030057	0.2632327526460607	0.8110926465865235	1.212649734599739	0.6932394512938809	-0.5317483574981379	0.9482711248808388	0.04588173380775463	0.8903175180585764	0.01513180000521393	0.03427882426564074	-0.2380748616615669	-0.1605302225819329	0.02615863095087344	-0.001450621916205958	-0.004429351587076592	0.02648013647694641	-0.0005321089034915003	0.08871977879298912	-0.0275100452229953	0.0004489282853484334	0.04860062220050033	0.0002761474625461291	0.08330498443671376	0.09178821243644665	-0.01199929327535462	-0.1350793216920265	-0.1278650102794356	-0.1040998528192412	0.01055383919531616	0.07634522603161495	0.01011295053553154	0.01009887797311681	0.01016964335199015	0.01084377831368643	0.01008394329393634	0.120580455034462	0.01228841747370011	0.01250077707112078	0.01286301044106046	0.01314839135111038	0.3930230244462613	0.4178719016809685	0.01014013153710401	0.01005613849949452	0.01004291860622838	0.3026148114298799	0.1861694947410233	0.1816042650905278	0.1900339679697056	0.2131829274562922	0.2069314954743708	0.04573163824218161	0.5410921978072164	0.01291955065598017	0.01314780507847266	0.2661334800480218	0.4933596579107529	0.1870258032895689	0.1384489709714215	0.0100782171224724	0.01019961047097964	0.04265200369329972	0.2862742133453006	0.01184387571201232	0.01318473475053552	0.01006058125514726	0.01002235303412386	0.01004499810379631	0.01077199324399967	0.01162459578804966	0.01019085640512998	0.01013393858716414	0.0103065174478081	0.01266802391094199	0.03808556916539126	0.1509225531422048	0.0871809611810893	0.04512600363582546	0.01136721283664594	0.01056102614981241	0.07234092403841494	0.01036939416084482	0.01029920314271318	0.01017930872924652	0.01012496904786553	0.01018386500577774	0.01036882136532075	0.01205606076876083	0.01053841631946292	0.01134948848074418	0.02155986887157622	0.04351515844776376	0.08682263826221501	0.01121144972798192	0.0106290596543557	0.1582619129888887	0.1528153419962288	0.01026371332058158	0.1623713107577309	0.1342262301547424	0.03916304278960672	0.01003441176654235	0.02096050993899194	0.216573300076293	0.01045873247281544	0.01012363221831065	0.01003179197030202	0.0100793726228964	-0.02163061541610925	0.01362397926646726	-0.003459372637253817	0.030167538732383	0.00717589181015247	-0.01980656117626992	-0.02496338369976277	-0.02235345451554101	0.01915436054403967	0.0003054314897497271	-0.03356601293722733	-0.02406367392187265
0.7476315789473684	0.01038966593732428	0.0808047214626607	0.01007355401206685	0.01006488543500991	0.0101100985990454	0.01055869501808432	0.01005181923284587	0.1170229573924669	0.01156689020709564	0.01176003815159282	0.01213074402700402	0.0124641978778314	0.3726616465861045	0.3987464527009058	0.01009108587951356	0.01003713642975081	0.01002859898958786	0.2970913500968859	0.1816689161391965	0.1744883327754765	0.1883372991850799	0.2097333276267309	0.2025435053887554	0.04254940111581684	0.5151520663982094	0.01217325883193103	0.01242700950026118	0.2562418669327204	0.4660415645651519	0.191159096903471	0.1388586326279437	0.01004622472771419	0.01011990042027304	0.05194821587826127	0.2843910632807797	0.01119079249017856	0.01256826795075243	0.01004042320362922	0.01001496177615347	0.01003011907297459	0.01039007043956534	0.0111306302827433	0.01012125996159635	0.01008774075665467	0.01017871785151765	0.01227133654665474	0.04404372012423578	0.1501742222385246	0.09021568615564533	0.04710872474272916	0.01090003839747241	0.01035871687730377	0.06985202945707099	0.01019605297214942	0.01068520154970317	0.01022785893256382	0.0100899325688409	0.01016652486622116	0.01229357487078774	0.03822264228570604	0.01038530724864281	0.01642212146197883	0.03361449671594144	0.03683145438423596	0.07565283820679802	0.0107922870878012	0.01040312427199982	0.176990379504035	0.1413834467657193	0.01092128408313024	0.1618739209810942	0.1249299437192502	0.03499541372113564	0.01002181104566113	0.02438887353239467	0.2181892213340612	0.01029242699895327	0.01008424947557231	0.010038276573827	0.01005826819736239	0.01583205174742094	-0.5814890104035929	0.01609353314669348	-0.2891199409571061	0.03360029182945671	-0.2906946808965475	0.3600257663755525	1.20455937994919	0.9798995261592158	-0.3242405771161941	-0.22579881880047	-0.05009533062075052	-0.2045477602109343	-0.8556571743986462	0.06130366283626461	0.244523348627858	-0.09802867341956088	-0.02300483884621437	0.465426816294749	-0.3378032289552408	0.007141837535101696	-0.07152761963670241	-0.003854834934871737	0.5401506879833388	-0.152755342284	0.6012919605188565	0.003158106174407986	0.2699760305938754	0.05869280863065262	0.3719976067886528	0.08393184638416601	-0.1614695146552931	0.08393184638416601	-0.1614695146552931	0.2727829739548414	-7.118236745830751	0.2727829739548414	-7.118236745830751	0.1086467024769157	0.3958817884348267	-0.1265913344815616	-0.2116706804900499	-0.2425133812436789	0.2024888005944298	-0.1402148680359024	-0.6909180095291368	-0.1564339487557035	0.231573299976276	-0.2756349826033643	-0.8700714360366801	0.2218161940942284	0.5787207893403902	0.09110742214932671	0.298646946267358	0.8223230112976113	1.05180284797221	0.6876807380833568	-0.5874431422414447	0.9487181795200493	0.04423142740006558	0.8904491084699865	0.01143640260437172	0.08225768105387683	-0.2383341004241903	-0.1623219588614439	0.03308115439737396	-0.005299441208707359	-0.005547728700028866	0.03007829134472663	-0.0005951698207382472	0.09493526558588808	-0.03386064827760521	-0.000243756959729957	0.05297095076295058	0.0002942335420780645	0.1024139881132779	0.118489628233491	-0.008488727205330263	-0.1653095150083937	-0.1158510118013195	-0.1105600849184063	0.01033280926750604	0.1041965782028086	0.01005008017231106	0.01004380653272032	0.01007713626150513	0.01045323213473264	0.01003322263720813	0.1267534990212235	0.01115633115276209	0.01135626662496935	0.01177792939636667	0.01219302281835948	0.4132753192379859	0.4488172588998967	0.01005771542817666	0.01002417958979236	0.01001914285124864	0.3180382315676072	0.1907515491467811	0.1817508267001545	0.2047248744363818	0.2264206005611826	0.2156447725730321	0.04934334340425497	0.5882958402043994	0.01182059780885469	0.01213147040527264	0.2691795120847174	0.535987618048318	0.1926144895736438	0.1505156279610542	0.01002843133250121	0.01007596619019507	0.06477047041603502	0.3101608253445098	0.01079951828156255	0.01234980767120811	0.01002647050941947	0.01000985819995494	0.01001986472611163	0.01012232762277434	0.01010166823076194	0.01007646003558278	0.01006103691230129	0.01009243051570443	0.01021722655158875	0.05111810538529396	0.1674424765985058	0.1012729845044785	0.05249269419333642	0.01062399480744285	0.01023315060904028	0.09006202924835766	0.01006370265086951	0.01104903811496494	0.01024575040257586	0.01006160557584452	0.01022510037866074	0.01495382035416135	0.06841519167482397	0.01047376622692213	0.02508049901413473	0.0525386599293062	0.02639858992534277	0.08430855846532564	0.01054095857890663	0.01026307618823638	0.1976797254017757	0.1320217576331615	0.01007423439608034	0.1650123519076398	0.1724047168160544	0.04066421142547998	0.01001370682714571	0.03567098205163566	0.2474206545096747	0.01018903177457604	0.01004699248479882	0.01001419567990713	0.01003152406449612	0.02941489742088249	-0.0207330948141914	-0.01109288637564787	-0.001368984493788375	-0.003802161410349832	0.01671998100493798	0.008960382880127658	-0.002929352431642654	0.003980482992535936	0.005212839815487539	-0.03520328498801052	-0.02680046020018541
0.7575438596491229	0.01038981200430312	0.09320989879901925	0.01006874162737582	0.01006037703664097	0.01010392495123316	0.01056430298781957	0.01005015846364515	0.124471373869883	0.011475076330943	0.01170079281690138	0.012153508018169	0.01257920948149343	0.3951801411997866	0.4264117516986415	0.01008364937455512	0.0100340828960539	0.01002626133048202	0.3097686261351981	0.1893421889889798	0.1820947703584394	0.19815451297547	0.2196798436346428	0.2101565663534384	0.04867015710602326	0.5491935128564283	0.01220840499074054	0.01253395155600541	0.2641873985026612	0.5001095627484313	0.1889604313526916	0.145897388604013	0.01004609960693962	0.01011763114461981	0.06221257941446086	0.2975373315609791	0.01106082301417309	0.0127090806381935	0.01003593977986897	0.01001335800637851	0.01002690168797664	0.01024914935161029	0.01044644660939456	0.01010720528014424	0.0100827969427158	0.01014386207983978	0.01089342573579719	0.04954098883771643	0.1614741898672956	0.09774216574669931	0.05098078123857128	0.01084659809090817	0.01032616123840586	0.08928933224718631	0.01012089650789148	0.01074955472353957	0.01021663544994092	0.01007705755588697	0.01030478780312445	0.01336649116301396	0.05178318150998447	0.01084365093065926	0.02464409606734161	0.04592880216797568	0.0291178672198275	0.08827642898781851	0.01073878826184838	0.0103672017094682	0.181395983313045	0.1391390751901926	0.01044455934399029	0.1630245688654752	0.1672454457662479	0.04207517341622289	0.01001930839137607	0.03673782885894297	0.2354695033775899	0.01026541988927268	0.01006885835904811	0.01002693892262953	0.01004740155123924	0.01012808863552586	-0.5641308219415918	0.01339744061348032	-0.2517874635317849	0.03099807082345918	-0.2346122439602935	0.3720381214216766	1.219398447172684	0.9766485612111488	-0.3303007955395361	-0.2263434440977665	-0.05987367153331127	-0.2124934284547014	-0.7529062925853212	0.06345378059755308	0.1861006161220671	-0.09861656352394758	-0.09431693338544322	0.4625978233876692	-0.229751090330941	0.006550413473920757	-0.04325834743874175	0.001174270956646929	0.4754950644506737	-0.1467507664593084	0.6051310243368102	0.005642901708590753	0.2280829861869135	0.06187787292772008	0.2707694056884141	0.0835036519753439	0.07595569299996216	0.0835036519753439	0.07595569299996216	0.2061321958892836	-6.295655499485717	0.2061321958892836	-6.295655499485717	0.1127330046180942	0.4289831581665132	-0.128371822555026	-0.1473226866796469	-0.2409391871241407	0.1153015253809491	-0.146730465429248	-0.6229869943272524	-0.1541931156891745	0.2192595203064472	-0.284025601578314	-0.8213450108545166	0.2276161497030305	0.5920148913968895	0.09435086740647317	0.3592706898108858	0.831925853486845	0.8853891178404663	0.6816443219572262	-0.6279142106614515	0.9491463228602226	0.04207454456305712	0.8905446743008186	0.007871767799320689	0.1404224473555404	-0.2335882107757089	-0.1615161982479047	0.03559902024357821	-0.008532484270848819	-0.006347983753263247	0.03281230557593591	-0.0006263206583483705	0.0968767934995983	-0.0405659584414049	-0.001155583309547526	0.05634164447628777	0.0002945190531770148	0.0974731868488326	0.1422983939410503	-0.005738523707324362	-0.1986306607853127	-0.1072032756403223	-0.1207658387746074	0.01052096967108504	0.0928382931070678	0.01010219648694995	0.01008952447136613	0.010153660462243	0.01081313077205866	0.01008185976417572	0.1334427205095487	0.01205292733390728	0.0123504093636507	0.01292013303344408	0.01343261063383879	0.4303936172862534	0.4699164972835048	0.0101274947717631	0.01005071665165233	0.01003830640489285	0.3276289066919402	0.2023077015817258	0.1980031891057389	0.2069775167983475	0.2298538975108812	0.2177310354439743	0.05573888370083737	0.5953224077960357	0.01300788209752398	0.01341350055966607	0.2762759692198057	0.5480820617844083	0.178598892009404	0.150381579320382	0.01008018273235508	0.01019757604510308	0.06771641390953602	0.3084453305256555	0.01150325262200759	0.01352890169087195	0.01005103410213747	0.01001896763178993	0.01003819338151118	0.01041213816408373	0.01041659846865484	0.01015809018452971	0.01012252855600425	0.01022204904299177	0.01060293446377557	0.05163790313506599	0.1717987035992959	0.1020836841626842	0.05269091802614791	0.01124818590898704	0.01048671929422462	0.1143053578821236	0.01018383114405562	0.01028392494509188	0.01015102159751734	0.01009713257119131	0.01054745740607309	0.01163927351785888	0.03481713187725331	0.01182163190094937	0.03053526796465163	0.04617798752428783	0.02665062018610596	0.114042064029945	0.01109133563123526	0.01054724752878315	0.1602063195369161	0.1489374208227655	0.01025979291584689	0.162265991157358	0.2313501431296307	0.05316535385201449	0.01002860914301854	0.05001546028528508	0.2513062907165158	0.01039709061991927	0.01009649402700942	0.01003081431315721	0.01006522267324232	-0.01665362597581937	0.01131878204265826	-0.004458511808291287	0.03226282946714506	0.007061997446726608	-0.02125967072981483	-0.03031696248553604	-0.02263188114789257	0.02331212581717241	0.002304920109510595	-0.03661143547891453	-0.02940949633115972
0.7674561403508773	0.01038223945636354	0.09891295161692364	0.01006669268085233	0.01005839066435341	0.01010132977286378	0.01056248528458044	0.01004927808913369	0.1299379525167284	0.01139751657882101	0.01164355438189784	0.01218073447467165	0.01274409547294534	0.4130534341414307	0.4518559076868501	0.01008019446510614	0.0100326027622231	0.01002510639042799	0.3219983598998762	0.1967659556370248	0.1893087506067317	0.2066658474361026	0.2279227910901832	0.2155765448046958	0.05359346188509742	0.5779122962746137	0.0122505740653818	0.01268200641905027	0.2691873458804866	0.528783701743435	0.1853048450378445	0.1513122063219	0.0100457065967325	0.01011681054040189	0.07582590633789293	0.3085429872489889	0.01097631624363917	0.01292686459670434	0.01003390678758854	0.0100125925037508	0.01002540491274464	0.01023287413209227	0.01029773125481682	0.01010203950255085	0.01007994304846725	0.01013608049820803	0.01053550106009191	0.06168122729197978	0.1728421003528317	0.1056791560593556	0.05524922248339106	0.01080805072307963	0.01030614702220894	0.1100517077369761	0.01010443277523427	0.01058081569552028	0.01017897036046195	0.01007047061380036	0.01046038989537806	0.02278080955566598	0.05886417809493334	0.01099930400994865	0.03368722956961494	0.05429974310856607	0.02769461000916549	0.1017065327534978	0.01070160689063274	0.01034486597187011	0.1843216299604873	0.1418289511145051	0.01023181353812292	0.1644472352422759	0.2049233040469093	0.05267134826291849	0.01001787806132945	0.04564543154373075	0.2526456349347882	0.01024903765352959	0.01005929577757446	0.01002095314784835	0.01004066437696706	0.004749739361367798	-0.5161942029195687	0.01115696777392306	-0.1978401399421642	0.02893842347572834	-0.1818024093068069	0.3842038082998417	1.235478522903155	0.9733796560320407	-0.3278720276569019	-0.226987325226068	-0.07009160093409283	-0.2195840250873495	-0.6834017378175021	0.06493456267899859	0.1100179212483331	-0.09987026737547609	-0.1571095488027007	0.4609169424215163	-0.1081703718134504	0.006366219251060427	0.009744183684326562	0.005601429991720018	0.4197828716472792	-0.1408583898587883	0.5789429566528257	0.007621123140574163	0.168482313460008	0.06407314045701983	0.1733067194215783	0.08544387035527898	0.3152948408482052	0.08544387035527898	0.3152948408482052	0.1485875879760159	-5.288005131109676	0.1485875879760159	-5.288005131109676	0.1171479750518185	0.461123558196003	-0.1295117794631876	-0.08291836158253968	-0.2402186781383575	0.03077626642557404	-0.1525539145866558	-0.5516454875249125	-0.1521090912671375	0.2003267006009155	-0.2918903035579484	-0.7642884108155604	0.2335650259318672	0.6090125043498078	0.09827655409184516	0.4338087905356872	0.8398780519555868	0.7197261774380961	0.6752842307210206	-0.6527599863885655	0.949550795647224	0.03946704609916363	0.890605736820077	0.004481819357359655	0.1875658402766187	-0.2229245225403029	-0.1579750619187555	0.0348198925459726	-0.01115175405199451	-0.006787989959123231	0.03463995495924814	-0.0006270912399093054	0.09581141985267515	-0.04704080572197048	-0.002186558251182863	0.05880748882214198	0.0002774591158794942	0.09223129667712274	0.1671133997675459	-0.001091515066298825	-0.2318246692754845	-0.1029417861682761	-0.1330437849606937	0.01030154587057275	0.1081683440564648	0.01004661545795973	0.01004068492322732	0.01007188446869337	0.01042952888434839	0.01003217268814312	0.1352411557441956	0.01098620764024971	0.01122911101030446	0.01183942098654758	0.01257015765260967	0.4396833229048241	0.4960846966318587	0.01005327202549774	0.01002211632455989	0.01001733669897304	0.3417431614831154	0.2054870027266159	0.1960070561439253	0.2196825364349061	0.2401275232562887	0.2226098054796732	0.05759440397831155	0.6338921309647187	0.01191637237946399	0.01247052968448495	0.2735965126859536	0.5817996807682223	0.1837809710788316	0.1593766896090383	0.01002831769669973	0.01007543755129424	0.09676135990218351	0.3286909652266632	0.01061978743591765	0.01284767691416642	0.01002324009497247	0.0100086136939587	0.01001746615705213	0.01013200603510099	0.01013309379756124	0.01006879144482963	0.01005575408160742	0.01008559119515934	0.01021915620918057	0.08142069394991072	0.1896186046647902	0.1173533821863992	0.06112818950786394	0.01055034375768	0.01019591970018112	0.134530156548048	0.01004773618466486	0.01058866460006996	0.01016008756992696	0.01005068075644089	0.01076449447165845	0.03682237635790395	0.07746608967980449	0.01129792965372321	0.04447483693442209	0.06698708827187452	0.02692580823711255	0.1124174850281113	0.01047005402855051	0.01022137500976723	0.1988272371415199	0.1428502275570162	0.01004597521702036	0.1673924157942141	0.2484176222452764	0.0637809656579809	0.01001108357760033	0.0533145987613367	0.2817368228810412	0.01015871872433999	0.01003074915421652	0.01001068829594546	0.01002160191684402	0.02959866120094678	-0.02127036679619942	-0.012315846207983	-0.0002638627593442109	-0.00386742008016411	0.01769390890007708	0.009844495097515152	0.0006147300232623722	0.004400625531222658	0.005267276551579443	-0.03786056682508827	-0.03198690646596952
0.7773684210526316	0.01035812036798798	0.1010599277296055	0.01006318987702105	0.0100554684237772	0.01009552113589652	0.01053657372425523	0.0100485303869796	0.1340543191287167	0.0112846376715815	0.01156330383600498	0.01221629244642722	0.01295083096836688	0.4272594219189317	0.4753511246465151	0.01007695062248381	0.01003109878344128	0.0100237100194665	0.3329958981273237	0.2037723672146047	0.196260760198396	0.2139486086138241	0.2348278663154717	0.219036589503742	0.05703859348792745	0.6034367113002362	0.01230752481842124	0.01287327672799151	0.2719045508626868	0.553926076214947	0.1840026732753914	0.1561356157269063	0.01004624634276528	0.01011516785444678	0.09188863412008898	0.3186717720366518	0.01084468093332136	0.01318645527777182	0.01003126809923164	0.01001160128478404	0.01002347770362109	0.0102347684861144	0.01030485949827428	0.01009583655839029	0.01007647079278861	0.01012822694736928	0.01043362233846395	0.07685875246478957	0.181881985865658	0.1123394714541768	0.05879682573967168	0.01076762400015484	0.01028337620419603	0.1305658043219043	0.01008321713660532	0.01050291002972358	0.01015523493010735	0.01006338167586315	0.0114268674237289	0.02809288188671135	0.06017963726808874	0.01344672982307831	0.0419643871823473	0.05987773598921314	0.02696089913965594	0.1151066806047018	0.01066098288520217	0.01031927771514804	0.1811470294196768	0.1470181107895461	0.01015443242339593	0.1650955843854743	0.2381426181730343	0.06204439925723963	0.01001622920849912	0.05559566494770419	0.2669761870271455	0.01023050897738844	0.01004665984775097	0.01001670351119596	0.01003268384382405	-1.631114815967305e-05	-0.4414280663532396	0.009515904100506836	-0.13164344720401	0.02737100289296868	-0.1359362543569606	0.396534741838946	1.252730566852846	0.9701750376638029	-0.3174510949290549	-0.2277335064513118	-0.08047104383677915	-0.2261513356093961	-0.6469960404008515	0.06558888028110653	0.0200540771820564	-0.1016988837089446	-0.2101336491882319	0.4604567473592452	0.01443245958058564	0.006804450239959153	0.08111261240546207	0.009543187416835007	0.3781460106242767	-0.135362865572757	0.5257870160620188	0.008940146338599747	0.09593561608309639	0.06534622719303067	0.08570981573178675	0.08973994041084818	0.5503520054257948	0.08973994041084818	0.5503520054257948	0.1017478153854	-4.14514071388775	0.1017478153854	-4.14514071388775	0.1218496619665152	0.4857237432889066	-0.1300247675680054	-0.02126701621064413	-0.2403107267740424	-0.04821033877521533	-0.1576642086092928	-0.4795841086124094	-0.1502355789164198	0.177218563893764	-0.2991569084590879	-0.7011174496807803	0.2397034914096148	0.6301394845598803	0.1029379802602708	0.5042935876460873	0.8462145136646301	0.5602061716840617	0.6687546672522371	-0.6622073582617037	0.9499275319661244	0.03649361091571452	0.8906342918085057	0.001324501819620631	0.210984611081319	-0.2133032104917011	-0.1524402842643038	0.0314022504561547	-0.01257342510126853	-0.006759121519867997	0.0354371181488177	-0.0005965412458164829	0.0926958069783267	-0.05331097286527182	-0.003326699756466128	0.06037100809516349	0.0002407373871984436	0.0967411591852731	0.1892531357839214	-0.002249666060980076	-0.2587295338704277	-0.1021658364939276	-0.1476198844523458	0.01045699027742899	0.09222326881771019	0.0100938102801829	0.01008279125462625	0.01013899114601888	0.01073836391470577	0.01008049016772792	0.1397747549124356	0.01179314986914113	0.01216766750525998	0.01299936650866422	0.01388719486395446	0.4505802099527679	0.5132551312712312	0.01012120673661671	0.01004768593872395	0.01003528444227571	0.3472792470362914	0.2158318612180151	0.2117651134233076	0.2194797438758812	0.2413066049965181	0.2211094972650961	0.06102385648803556	0.6384971888415965	0.0131361764145777	0.01383840561729238	0.2771700340347846	0.5900590211353861	0.1801257304467233	0.1591498502244624	0.01008214761955396	0.01019350959291122	0.103446150632765	0.3270170088061259	0.01119482110562809	0.0140893942562132	0.01004518165665815	0.01001677095250173	0.01003393033857214	0.01043318373669418	0.01057898982323731	0.01014469812272348	0.01011499637154673	0.01020627056804281	0.01064306137545763	0.08596346898774766	0.1862137046871137	0.1137023800744096	0.05896176188506408	0.01116546081927072	0.0104385407767244	0.1569001601886915	0.0101368825883737	0.01021484562638579	0.0101167908826576	0.01008247746999621	0.01325608881176941	0.01793311110313929	0.03021898928750249	0.01893449432928776	0.0464886929062675	0.0540157225894561	0.02590834384239504	0.1421146383761857	0.01100673978497671	0.01049295786023099	0.1433569281326225	0.1633617457884569	0.01023373520500115	0.1622843501371107	0.2957654765360816	0.07094516796527962	0.01002510397152618	0.07170171440086753	0.274818867493211	0.01035798248816414	0.01006830337465055	0.01002396267991431	0.01004808082490763	-0.01276359939912778	0.009342241127811837	-0.004887291472749491	0.0334432875120702	0.006859782421301353	-0.02182548400915876	-0.03400732554352294	-0.02609186862169305	0.0298825831661121	0.005169311888896273	-0.03891297708136131	-0.03409151040978743
0.7872807017543859	0.01033277610806281	0.09828137463306781	0.01006164752281968	0.01005425542766014	0.01009260218467747	0.01050518048732305	0.01004838464532913	0.1367916308820462	0.01121096136279416	0.01150278590499854	0.01225259040865353	0.01321968392727018	0.437681715787445	0.496877666503698	0.01007550876616031	0.01003042397324365	0.01002303597610058	0.3435140670060722	0.2094226626029445	0.2008047529360392	0.2206501939117943	0.2402865699932943	0.2203066483958825	0.05901565432542403	0.6262314687865422	0.01236699818442326	0.01311409394092105	0.27094255827654	0.5756356684269631	0.1854140918056049	0.1600256306199558	0.01004663710494523	0.01011538005781105	0.109637598879425	0.3277524697656004	0.01077682641906934	0.01354877717632103	0.01003008390750502	0.01001112491417753	0.01002258245332859	0.01023506211696802	0.01028063716044879	0.01009376804357555	0.01007500617490355	0.01012654036505211	0.01038978759942042	0.09200437412661792	0.1876356674089557	0.1169595527205897	0.06136395332495266	0.01074433462753512	0.01027133014930011	0.1502312914914298	0.01007790448687653	0.01036595105038743	0.01013027029615807	0.01005997676444449	0.01338695106605288	0.03095665923322701	0.05776882667873007	0.01500673658003124	0.04664853274474681	0.06252004327156152	0.02963214783943337	0.1249609118145568	0.01063782363653292	0.01030559444221978	0.1767907775658576	0.151155903323222	0.01011679823174832	0.1645635771129604	0.2658982392456992	0.07323305602217579	0.01001539957612258	0.06104957765090282	0.2766355808819253	0.01022080186937266	0.01004033895616284	0.01001444628810756	0.01002860377594395	-0.003933043430362934	-0.3460454625634672	0.008570844645288922	-0.05829817411848359	0.02620802411424093	-0.1008014330878314	0.4090425023754453	1.271165531900555	0.9671090618254382	-0.3001314482660313	-0.2285820210136746	-0.0906688764190524	-0.2325074451758889	-0.6398187740459129	0.06530119021700105	-0.07927437723944625	-0.1040008950810053	-0.2525385482543047	0.4611656904395942	0.1257827426611107	0.008008682361180392	0.1628809101010221	0.01315071680686931	0.3523572615235443	-0.1305058380990888	0.4512345079990978	0.009497926309001797	0.01579844319452517	0.06582383568155915	0.01365598376210134	0.09632415786776331	0.7763549866961121	0.09632415786776331	0.7763549866961121	0.06665788188293495	-2.928042014445411	0.06665788188293495	-2.928042014445411	0.126730657961568	0.4962492865190626	-0.1299508804701733	0.03510454062531244	-0.2411480947269709	-0.1192527451912897	-0.1620685024042539	-0.4096399236123976	-0.1486003220033408	0.1527492443903429	-0.3057803295645753	-0.635141055054784	0.2460641618699602	0.6532587247455944	0.108188135564968	0.5487863894402447	0.8510186720750412	0.4111616836366425	0.6622030410099196	-0.6575306377094059	0.9502733378156536	0.03323954044632883	0.8906330124443849	-0.001524147365766357	0.2130771447933226	-0.2025577690670669	-0.1460863136345813	0.02445843589743425	-0.0135290658864006	-0.006508013973826471	0.03474045139475482	-0.0005483808392809062	0.08743763891587866	-0.05789312091648656	-0.004306998474524271	0.0607483738151424	0.0001949728115979333	0.09770449267697273	0.198687654293275	0.001323146663317686	-0.2725673538210197	-0.1037190703177803	-0.1570133814026863	0.01024164074087613	0.09650523736262186	0.01004360221911385	0.01003852017623061	0.01006559742276185	0.01034671459293235	0.01003188683639233	0.1388085241864744	0.01083950487910843	0.01110502610869362	0.01191622557629906	0.01315639224185306	0.4519372331815859	0.5352724867185764	0.01005077400056354	0.01002100051594896	0.01001612347834738	0.3619038045806965	0.2148746873620649	0.2016771528536489	0.2322744934658461	0.2487637811966765	0.2214258544448167	0.05974993665577841	0.6735468242068788	0.01204365440922126	0.01299639586366158	0.264930143210708	0.617644434579073	0.1915888034342226	0.1661283194352292	0.010029189452169	0.01007566524493287	0.1361854371694653	0.3455589027722035	0.01049232823136301	0.01363888158011553	0.01002127109274267	0.01000779124278171	0.01001595247979877	0.0101558851176623	0.01019020603663629	0.01006768987953847	0.0100546424285468	0.01008794842580836	0.01024862929645276	0.1142288116494332	0.1951810934253812	0.1234097809457621	0.06483381812094706	0.01052086689992165	0.01018100799427402	0.1737335107409515	0.01004628120782645	0.01032947176340542	0.01011617274339783	0.01004615799891587	0.01568942296610244	0.03970135557495699	0.06765568692918561	0.01483990967928147	0.05099921574021034	0.06886090152899096	0.03416997075638714	0.1283409058803379	0.01043977895324109	0.01020398926746383	0.1848354411795723	0.1503990628828037	0.0100257723738327	0.1639234066601808	0.2962101332093281	0.08669732052459377	0.01001008970803326	0.06137399146047336	0.2915270242523241	0.01014700367110276	0.01002020710281589	0.01000761059696504	0.01001498641547472	0.0295262724733879	-0.02178776279805279	-0.01361590497565057	0.0005721249200821349	-0.003985202596445053	0.01874386517881222	0.01130993308229184	0.004478712558619392	0.003761642377671357	0.004925773583495828	-0.03961267393045966	-0.03538698559440815
0.7971929824561403	0.01028846453998031	0.09130747127078669	0.01005813435307794	0.01005180918676708	0.01008557123288278	0.01042611897469935	0.01004698797175098	0.1385666881320501	0.01109964690838512	0.01141448712134302	0.01229656400689115	0.01352532796448726	0.4450873804086808	0.5166490214315	0.0100720206015974	0.01002916061149765	0.0100217875266545	0.3538522499935601	0.2139128317753028	0.2030133773505769	0.2274953006374582	0.2450608517294722	0.2199948983317453	0.05914509434602814	0.6483126838996199	0.01244125122911886	0.0133972638679218	0.2668438281266854	0.5955751877483441	0.1907819848064476	0.1637895681412292	0.01004674804647794	0.01011208867515847	0.128836329022801	0.3372324506350857	0.01066773479801273	0.01394216208085371	0.01002838699414605	0.01001043311618932	0.0100212974678069	0.01031577436447521	0.01059301436656175	0.01009735036776529	0.01007781115635439	0.01013673810266967	0.01045950816208613	0.1085663513243696	0.18733120984927	0.1172078760497398	0.06147091013299555	0.01076020058413183	0.01027930028072702	0.1668586916705796	0.01008480730720769	0.01031070213120821	0.01011837707535739	0.01005947321945658	0.01669991644378378	0.03083506221226569	0.05158071129416394	0.01770134656752805	0.04819595203470346	0.06165397154795102	0.03195966027236301	0.1309877507571656	0.01065047934529913	0.01031344777078594	0.1668697812109312	0.1535638340489438	0.0100941446604887	0.1610403283521377	0.286824885088091	0.08137809899125666	0.01001596659052575	0.0646965486094089	0.2777838768506291	0.01022805960821571	0.01003373191578506	0.01001257280628524	0.01002471061586199	-0.006835160215036663	-0.2381858988454867	0.00836605898354888	0.01684376802483113	0.0253261503251144	-0.07971914288205879	0.4217391679898647	1.290875132212951	0.9642428645230418	-0.2774297359886612	-0.2295288868016852	-0.1002365987416142	-0.2389069333739327	-0.6541606244984914	0.06400140257307545	-0.1834320460683302	-0.1066698099732297	-0.28420669962269	0.4628777946626702	0.2152678576823737	0.01003932253397194	0.246430818235539	0.01657692458114227	0.3411358446545793	-0.1264620389405099	0.3632084168942641	0.009245826180096801	-0.06664224683716338	0.06568217828660886	-0.03871615883655484	0.105092959798992	0.9909938795490725	0.105092959798992	0.9909938795490725	0.0437259905792066	-1.70327287734839	0.0437259905792066	-1.70327287734839	0.1316216509329662	0.4868723469902247	-0.1293533219230169	0.08408727492048947	-0.2426429837767043	-0.1806753582983367	-0.1658003760210265	-0.3443046772361984	-0.1472022465210494	0.1298234135416706	-0.311751724191636	-0.5701948119521146	0.252644656397768	0.6734157355551983	0.1136571884230394	0.5448892255531753	0.8544101366256203	0.2755495613244475	0.6557588559781824	-0.6409169463239274	0.9505858057696803	0.02977852110052864	0.8906053759618403	-0.003978212494856142	0.1989602681201409	-0.1919128291939744	-0.1416541197672944	0.01439913825720305	-0.01506817129028448	-0.006407682650010971	0.03277540614447255	-0.0005023821847831072	0.08098972975221985	-0.06015739991449248	-0.004946122086154679	0.06024396015793079	0.0001525471762385	0.08972383983717447	0.2071220986332476	0.01459004600553163	-0.2718521691753003	-0.1055466621667897	-0.1575920053588974	0.0103503239379317	0.07281991700872098	0.01008491271875157	0.01007672787811679	0.01012102423476967	0.01053485109278259	0.01007650929341397	0.1418891637160501	0.01153436091687443	0.01196428523120866	0.01309484168537083	0.01453539046178628	0.4580989958970943	0.5489998896737946	0.0101122872375861	0.01004460052068529	0.01003224231882872	0.3678074907612415	0.2228509866248276	0.2121463942784037	0.2335363479003728	0.2496044685773713	0.217550572843833	0.05911038289374781	0.6811596594273913	0.01329916209186556	0.0144469139380312	0.2626052034772778	0.6256400689135018	0.1977374102045461	0.1665065814445091	0.0100821039379163	0.01018359951557662	0.1448036501026579	0.3470128264775692	0.01093721479626416	0.01490798228241382	0.01004130108994238	0.01001518289059909	0.01003099041371032	0.01067108160117474	0.01152428734442674	0.01015722815635094	0.01012465985475817	0.01023795342136165	0.01089052371922148	0.1216473838921221	0.1751203316605049	0.1078751319563323	0.05622912951764282	0.01123448449023997	0.01047350080269826	0.1867278625188676	0.01016228568146846	0.01018215915263579	0.01010542034097979	0.01008422440339052	0.02123377278740429	0.01447135750162671	0.01400349843176914	0.02549999292447501	0.04608963219275953	0.0480456614738521	0.03018756889374566	0.1491889489100372	0.01106614017242615	0.01052913162870431	0.1149968913555622	0.1655893275890425	0.01020263939064405	0.1503689501626417	0.3267422121792694	0.08367920446694303	0.01002756351457915	0.07713066973948497	0.2596839547431685	0.01038861477878204	0.01005481699996176	0.01002057983483735	0.01004047159711392	-0.0097189939677924	0.007388915544850672	-0.004004409345161434	0.03399075629238919	0.006616765079471446	-0.02258458655856769	-0.03688101186423809	-0.03055185000109208	0.03798906860444686	0.008186543219545884	-0.04007116085761023	-0.0359968416861226
0.8071052631578948	0.01026906557513857	0.08516546776140296	0.01005739988590562	0.01005142379723002	0.01008361995708769	0.01039768598578529	0.01004755392978346	0.1390685792356904	0.01103550878353119	0.01135577669910085	0.01234320941304182	0.01396367975921972	0.4485135735812807	0.5336041485854252	0.01007192753432868	0.01002908254590369	0.01002153809362991	0.3604820471787852	0.215473263062566	0.2021933785241725	0.2321703781022264	0.2474634085606782	0.2174113699262339	0.05922024963050841	0.6673375536174216	0.01252378864835499	0.01379211883487249	0.2602452656096903	0.6124839153578083	0.198265167209838	0.166467698814245	0.01004797241586992	0.0101135320646101	0.150035339785392	0.3443649864177635	0.01061695269646991	0.01453473623163719	0.01002788802122987	0.01001019310158386	0.01002089411179385	0.0103491618504758	0.01067823368283966	0.01010201045312285	0.01008158781867958	0.01014537375449322	0.0104879295941546	0.120368033151162	0.1846118706034433	0.1148788109309156	0.0601812984473673	0.01078229393942839	0.01028928304884183	0.1838644488435465	0.01009256060720693	0.01027815755340861	0.01011097584076034	0.01006036983667254	0.01972620617992508	0.03154157122721941	0.04987695431613973	0.01932240734316011	0.04898491322963926	0.06136904721698969	0.03468018925722482	0.1308003327448878	0.01066898541539415	0.0103237970480288	0.1630561097902655	0.1508205970038219	0.01008836977473625	0.158016911560076	0.2998369312340884	0.08993713102589421	0.01001668956543302	0.0644714241987724	0.2737144852755329	0.01023665950783881	0.01003120465831361	0.01001178413942078	0.01002316153663646	-0.008644396715184285	-0.1271288751067475	0.00889413587196906	0.08879492446040836	0.0245727355020606	-0.07521519908728533	0.434638078829258	1.311959686975939	0.9616208635752745	-0.2511883186666911	-0.2305653247921875	-0.1086708683389968	-0.2455109804300443	-0.679051561744824	0.06166230162723564	-0.2883481684293833	-0.1096011324908155	-0.3055798985671819	0.465334232603671	0.27488708791531	0.012872682238784	0.3235493961464717	0.0199483069316845	0.3403084970574116	-0.1233198543287579	0.27080921591945	0.008184484937900223	-0.1467824493943102	0.06513015307980931	-0.06879701249789086	0.1159341837649948	1.194826178767329	0.1159341837649948	1.194826178767329	0.03269702929680525	-0.5370594275906483	0.03269702929680525	-0.5370594275906483	0.1363027447340456	0.4533679764578996	-0.1283130321561602	0.1242731880442512	-0.2446948685521103	-0.2315190170732365	-0.1689175581434545	-0.2860198273927129	-0.1460130181039994	0.1109996654042777	-0.3171000634838088	-0.5100361203433005	0.259376523069555	0.681974028870874	0.118765489823076	0.4731542109246515	0.8565310063992241	0.1549211733789218	0.6495282969753046	-0.6148801618542156	0.9508632469385658	0.02618494589948522	0.8905557542474124	-0.005945572073751561	0.1549295174114061	-0.2001172801632516	-0.1386413772138471	0.003161374166651244	-0.0148568624237296	-0.005937270532634956	0.02979599275175066	-0.0004396825712430754	0.07422448737081554	-0.06195201747867956	-0.005553270503054022	0.0588370006234648	9.669073515707893e-05	0.08364755710712052	0.2011766056359652	0.005202547715451431	-0.2655095740570186	-0.1006116101773487	-0.1546798293261194	0.01020803677112197	0.08376155667822911	0.0100422591442891	0.01003784737528082	0.01006203130318406	0.01029564278866692	0.01003287124238485	0.1385609377465966	0.01071359605792194	0.01098572038533908	0.01201396467656732	0.01410457718308504	0.450680007143955	0.564015064686304	0.01005032362447052	0.01002083474965369	0.01001566261768295	0.3702250358981556	0.2137993888714529	0.1946833850371875	0.2399840307223482	0.250790691193078	0.2130960486037968	0.05919988340088242	0.7077841228776761	0.01221850292397279	0.01385201765863347	0.2467307507038482	0.6467566109072469	0.2123027827091898	0.1709314181311566	0.01003146876536504	0.01007818284267237	0.182690079907171	0.3578398796379123	0.01039806028851634	0.01492279424228817	0.01002046311352111	0.0100073701398618	0.01001527369188199	0.01017918669001683	0.01021651652822911	0.01007455018957376	0.01006018428755068	0.01009871136890051	0.01027210852952226	0.1389618726434136	0.1865333564523481	0.1154371259328609	0.06084361406268488	0.01057353425584727	0.01020498244000803	0.2115526789803003	0.01007526065360318	0.01034560781962086	0.01011697804827717	0.01004880523237226	0.02059096709686043	0.04290167727240225	0.07231492059926642	0.01643278101043151	0.05173924162553246	0.07031571272164253	0.03873797068983315	0.1188265063654818	0.01048455379735252	0.01022896669488384	0.1920460299135708	0.1387406746146395	0.01001697863114034	0.1599425854671495	0.3113950871966091	0.1034656873528007	0.01001188751688822	0.05841851237373211	0.2732825983964998	0.01016745080540285	0.01001570842769055	0.01000617314316193	0.01001211257360165	0.02946829266385163	-0.02267338143028534	-0.01435248433855119	0.001235200703113482	-0.00414811861506947	0.01917822812673283	0.01369468270948438	0.008849632693952395	0.0001812404683051057	0.003319184344236777	-0.04023533972197696	-0.03585745705024377
0.8170175438596492	0.01024259199721012	0.07936531963589853	0.0100538837770448	0.01004876622176929	0.01007752678779219	0.01034433577031044	0.01004504446784733	0.1401973596115346	0.0109280780615044	0.01126001586779054	0.01239551117429918	0.01439938146101037	0.4511246949617707	0.5502914910588587	0.01006635807766369	0.01002730647221383	0.01002012526359049	0.3679291097738115	0.2155770026828567	0.1978629476173625	0.238733926200302	0.2506305464345798	0.2147889352899605	0.05870642846620625	0.6899468211170753	0.012616003982429	0.01419744031316019	0.2516051872375776	0.631813247614697	0.2114676275587673	0.1706581912038238	0.0100466706221038	0.01010798380896536	0.1709187082481961	0.353879037760582	0.01052593690090121	0.01510955703748436	0.01002641042947786	0.01000955402332868	0.01001973426592149	0.01021380749501395	0.01026883574272178	0.0100888837179868	0.01007099906096725	0.01011839069386345	0.01034465025085708	0.1436173569546807	0.1860072335517931	0.1131164051221883	0.05950904372635663	0.01078820851647773	0.01029188880051657	0.2103904562220645	0.01014177906734795	0.01045394504204157	0.01014602859056273	0.01005921535198849	0.01721199067717608	0.0404163207447393	0.07266617810480858	0.01534222690431739	0.05140062743835369	0.07066410850490867	0.03332016882816007	0.1226323192836698	0.01067242124711657	0.01032543863337631	0.192332174484096	0.1457622981582964	0.01004689078729796	0.1628058725572326	0.3162338897034219	0.0977146237968245	0.0100171645442477	0.06621467203611967	0.2692705718358505	0.01023908065452481	0.01002350915024313	0.01000912947238359	0.01001790210593982	-0.009375558921137499	-0.02211376977046639	0.01010178026714107	0.1533423029753219	0.02377448939148209	-0.0890065761047462	0.4477536962263195	1.334745883832546	0.9592691752099133	-0.2231144255908032	-0.2316774741147954	-0.1153797707748891	-0.2523601717339268	-0.7012819654318007	0.05829332911775409	-0.3908019136048476	-0.1126963567674129	-0.3174621540572056	0.4682129759777759	0.3000335522363582	0.01640964931824592	0.3874742201513712	0.02333625909774982	0.3434073058728551	-0.1210721939923717	0.1849679074049198	0.006354428297462883	-0.2214018515327326	0.0643917525308446	-0.07682392166059024	0.1287543360535922	1.391017580191748	0.1287543360535922	1.391017580191748	0.03268635867864794	0.5106862131199157	0.03268635867864794	0.5106862131199157	0.1405215920057434	0.3933258156212161	-0.126922092792512	0.1546358882005737	-0.24719831459304	-0.2719992940162069	-0.1714980421282148	-0.2359432422538769	-0.1449815451302576	0.09825863199244278	-0.3218890491659048	-0.4577310642987932	0.2660840806289244	0.6661055041978051	0.1227706289201156	0.3210792394592727	0.8575315550782288	0.04945700498181082	0.6435923742642687	-0.5817847616619787	0.9511046270304669	0.0225028476292914	0.8904894537557515	-0.007323951770707048	0.1242419896924995	-0.2105111351581981	-0.1506149733204425	-0.008198216761957922	-0.0197845801210179	-0.007118810092765401	0.02713251681523434	-0.0004524724241991089	0.07381902524071887	-0.06008723804987703	-0.005140491853645127	0.05919416900704014	9.909487928449256e-05	0.07510905090471369	0.2002923414461732	0.01383739210695512	-0.2850245030166525	-0.07758972857552979	-0.1111078856829325	0.01029064772708013	0.06208742227523088	0.01007523973999073	0.01006925571760206	0.01010490502423342	0.01040444095478909	0.01006857101300277	0.1451233227557715	0.01127803015085852	0.01173715868246768	0.01320507750349547	0.01540648996444002	0.4613137555656072	0.5821662692077497	0.01009594897439986	0.01003943667739687	0.01002831244309323	0.3847604189034955	0.2203999436513623	0.1971970601538351	0.2503747776724987	0.2574697687701389	0.2122504606965194	0.05738515610116639	0.737122171682473	0.01349327654790392	0.01526985087963527	0.241371336117574	0.6715214328842988	0.2347477461271978	0.1774374898677112	0.01007710247427796	0.01016586370744585	0.1871500316231	0.3716163126569573	0.01071680433675904	0.01604325754406971	0.01003741701347518	0.0100135259947609	0.01002795270612057	0.01023998233969704	0.01023476566226119	0.01011408634743155	0.01008984399637563	0.0101501609236965	0.010440624075921	0.1866809653281463	0.1850612382043577	0.1052301443293532	0.05564098479280362	0.01123093384521109	0.0104717076963302	0.2582489664930659	0.01030011108184873	0.01073185235575822	0.01021584339204262	0.0100799683511434	0.01075350591956591	0.0408397711012242	0.08856006754463515	0.01203446832852176	0.05277682175478762	0.07826532406832633	0.02311423534175388	0.1208801839353701	0.01105868588233798	0.01052414458055308	0.2297444466579387	0.1517017287880199	0.01008577826126711	0.1727153471964575	0.3680310164156718	0.09824373729690722	0.01002827813930652	0.0830459447065435	0.2501992911028419	0.0103875910473791	0.01003452022243346	0.01001349952096987	0.01002643104213675	-0.008967289298997119	0.007583124988401124	-0.002681807813125245	0.03298440203990125	0.006301231033024271	-0.02447956234422797	-0.03956416117523206	-0.03399481008007162	0.0463243068035702	0.01013456725249787	-0.04064001102006845	-0.03553557829771543
0.8269298245614034	0.01022837300974874	0.07756211680780203	0.01005224220286573	0.01004758068175653	0.01007455625725485	0.01031385426614268	0.0100444729764868	0.141023059360964	0.01088368440326067	0.0112156109955014	0.01244102367726013	0.01498578560049811	0.4502726963124661	0.5637176773498639	0.01006377303458751	0.01002649035100057	0.0100194503221178	0.3718591596667732	0.2125322300095256	0.1898107303170906	0.2437269213942541	0.2519733051228294	0.2106627901492899	0.05868069693058894	0.7105256854523364	0.01270650192844766	0.01473545510478194	0.2409887830359707	0.6493638235871014	0.2253289769760562	0.174547944237271	0.01004702983379413	0.01010697721999824	0.1938361123031735	0.3614956163430731	0.01049378851774877	0.01589614417831937	0.01002563675384421	0.01000921091791778	0.01001911601164329	0.01022242136823498	0.01026306771925934	0.01009331888764852	0.01007457633182432	0.01012509347936532	0.01035709191693084	0.1523511034706225	0.1801496682302903	0.1044955911861883	0.05463242856816837	0.0108629557931756	0.01033226693709849	0.2241502763343251	0.01319291841706555	0.010328837068454	0.01013382356756961	0.01006088534260029	0.01962860083907359	0.04114502168585061	0.07393894811179437	0.01568948685691912	0.05088794075904844	0.07017489208257563	0.03499513513018417	0.1161279509284954	0.0107419728853809	0.01036839263192582	0.1927025819553349	0.1383421312815717	0.01004315364168129	0.1602990964175841	0.3227262767656489	0.103295970642644	0.01002054508147382	0.06268722108790176	0.2533310019354067	0.01027312260736556	0.01002246280969753	0.01000870467773661	0.01001716864277445	-0.009129824368534378	0.06870293492166568	0.01189967791562382	0.2075375790856903	0.02274708848084882	-0.1211684580832266	0.4611061071853981	1.359684007814164	0.9571996042260346	-0.1945311975438753	-0.2328451467346222	-0.1198762349876007	-0.2593578574343552	-0.7066730090586243	0.05392948052283658	-0.4888519801451458	-0.1158678161131037	-0.3212202380064847	0.4711650480853287	0.2898093794256447	0.02049527605900503	0.4336120871119529	0.02674596477278331	0.343336039283328	-0.119592054488405	0.1171981909097951	0.003819962633408747	-0.2884948115690583	0.06367065367717882	-0.06546623953399916	0.1435041620788018	1.585379208276226	0.1435041620788018	1.585379208276226	0.04226853227229403	1.391759894213475	0.04226853227229403	1.391759894213475	0.144011907356039	0.3066832866621225	-0.1252814796761331	0.1747993738273499	-0.2500555816987451	-0.3028332291171186	-0.1736218907782308	-0.1941260871904673	-0.1440405582714615	0.09291953312545667	-0.326208352470909	-0.4157283418617929	0.2724489833784393	0.6099499611947077	0.1248556019576022	0.08608656306510919	0.8575592872582107	-0.04158393096737983	0.638009861095438	-0.5441527429005009	0.9513091002043573	0.01874755773612115	0.8904127437428714	-0.008047120806880765	0.0697876849138339	-0.2211946731880241	-0.1584663145256855	-0.01651235891557625	-0.02317223186975275	-0.007824090493240876	0.02478389658123673	-0.000446986951278685	0.07313710155985462	-0.05745473620296768	-0.004714347829676316	0.05886957840843553	9.055336170854797e-05	0.08869698811375985	0.2015635463770511	0.02235594445582149	-0.2605218573468241	-0.07436917510061791	-0.09343792623144616	0.01018582873279811	0.08397878248969139	0.01003913792131217	0.01003552620373981	0.01005665021257342	0.0102416650784329	0.01003166692182737	0.1398565308102702	0.01062415496635164	0.01089184706163717	0.01211288078238879	0.01540589597904558	0.4412160030402145	0.5835070596277614	0.01004481208380816	0.01001911983665292	0.01001431121714403	0.3715187824559971	0.202654655773636	0.1725477959551661	0.2480978545126173	0.2508026725254139	0.2027712320606434	0.0593431506642421	0.7452240017775992	0.01241600402870249	0.01504949975831941	0.2223457630460488	0.6785576305923624	0.2428696386002491	0.1787838216223673	0.01003220395348228	0.01007626212985344	0.2338884717933134	0.3704377155831766	0.01033713401688348	0.01667153227924359	0.01001899706657726	0.01000671054568564	0.01001409182471726	0.0102194681396467	0.01027118291618253	0.01008735317100007	0.01007072367271605	0.01011827605844309	0.0103214800401861	0.1471999852072782	0.1684466589625382	0.09367563541800451	0.04907037701890568	0.01074844212181442	0.01030094854796991	0.2245057086149545	0.02015156475177758	0.01027245294228595	0.01010636392366651	0.01005392474399251	0.02632780975776311	0.04370553735607446	0.07009943773665467	0.01786164923055744	0.04967677321953355	0.06609960478349403	0.04295352461701623	0.1039208117581125	0.01064869118245609	0.01033113268479855	0.1754966802000487	0.1196092688671744	0.01001608387037833	0.1498872138382363	0.3121667337836199	0.1137551347923405	0.01002009265833635	0.04787815150567244	0.2286417787001485	0.01024818621642139	0.01001520852564628	0.01000579888891275	0.0100116559924292	0.03094739972298714	-0.02489605922269462	-0.01447948431689531	0.002693288286570139	-0.004317422110036063	0.02064238131000189	0.01222684412684213	0.004110822550281537	0.0003649240359449035	0.002312845313005455	-0.04097493747660996	-0.03487471408888939
0.8368421052631578	0.01022350487414576	0.0789163621603281	0.01005049216163808	0.01004608091160779	0.01007210284550289	0.01029343313416854	0.01004305071255622	0.1409776247038121	0.0107593241538613	0.01108898983721111	0.01252644049104593	0.01580121373463312	0.445550577739052	0.5733210736386596	0.01005960282780595	0.01002521301730137	0.01001853373305298	0.3716598820845868	0.2066444589382975	0.1788498014516177	0.2465863547874962	0.2513351728800244	0.2053651390544652	0.05881645235603186	0.7270169416961691	0.01285847943660122	0.0154973208672517	0.2294974914255985	0.663738431389068	0.2378703908593651	0.1778893415200963	0.01004683489029888	0.0101047263451678	0.2200412675713497	0.3666607952211674	0.01040353200283415	0.01699134100631181	0.01002484089270916	0.01000881510363972	0.01001845181773459	0.01022092771130563	0.01025532030505935	0.0100983743603468	0.01007954838133773	0.01012878914918168	0.0103456418537604	0.1603349535033475	0.1734918794887952	0.09847527518157174	0.0514041227096006	0.01092705955146143	0.01037071757433845	0.2244099167403022	0.02661200571777603	0.01129284240870854	0.01022540560672267	0.01006655468597421	0.0213952752546004	0.04806105066210463	0.08226249375314791	0.0160479065019181	0.05150057715711855	0.07163873725004223	0.03760894489720017	0.1058788496094611	0.01080347495371587	0.0104083114385281	0.1954459874024327	0.1257248986147829	0.01003054014890164	0.156198057247649	0.3292676466255846	0.1113687672089699	0.01002459331432671	0.05698888579951482	0.2415977463936528	0.01030524271534335	0.01002051685843755	0.01000787021040337	0.01001571279080432	-0.008082871265525874	0.1386411536097066	0.01417742036263421	0.2500672238154358	0.02132072866439027	-0.1689492507802773	0.4747136118992644	1.386138670612896	0.9554089388744809	-0.1670266307887023	-0.2340478000766562	-0.1224716213103134	-0.2662690305329167	-0.6816584759338904	0.04861921841300766	-0.5817609481877037	-0.119043188206926	-0.3185669540718609	0.4738492527043878	0.2466929307390604	0.02493825556485357	0.4594295001994783	0.03010638398596492	0.3323582024183657	-0.1186701791944496	0.07335117525817392	0.0006675453761756411	-0.3458835762601738	0.06315394666462784	-0.03615719099553561	0.1602044412649399	1.78600856893941	0.1602044412649399	1.78600856893941	0.05961960209589416	2.074334111599404	0.05961960209589416	2.074334111599404	0.1465242400944018	0.1967237714040582	-0.123485565035639	0.1862213480676405	-0.2531686682191902	-0.3237355259633366	-0.1753789732601642	-0.1620058062300831	-0.1431132087442468	0.09547090932819112	-0.3301716649829334	-0.3860080229660292	0.2779824620088037	0.4951890316750379	0.1242290958144428	-0.2236175160038608	0.8567483978092826	-0.1201753280556351	0.6328094183490571	-0.5049964701616891	0.9514762969712544	0.01499294608056415	0.8903320111152173	-0.008135314427752571	0.02166261903986145	-0.2252589676346646	-0.1629474721671832	-0.02293250387981879	-0.02550564805035648	-0.008238726606876945	0.02273531905507515	-0.0004339859859575163	0.07116155055459193	-0.05428684651566371	-0.004307153103626186	0.05786042367623694	7.811625923443312e-05	0.08531134882066015	0.1851876709446985	0.02880541531828328	-0.2632506537461324	-0.05852521917188337	-0.06600123191523301	0.01028979308957775	0.06886179443776168	0.01007163651716712	0.01006595776890945	0.01010048875369394	0.01037315244003973	0.01006491881556466	0.1436910840671015	0.01095297899700859	0.01140525014124761	0.01341453658215275	0.01726483341074445	0.4421046672166719	0.5911899589494011	0.01008610330323503	0.01003644420226248	0.01002624988824121	0.374785937780662	0.2034289109319433	0.1703378262637189	0.2520459279884767	0.2523031904472127	0.1995720031388833	0.05784770745636029	0.7585642851634988	0.01385696303353772	0.01701561640238306	0.216997283788908	0.6915674610093985	0.2580926668932655	0.1832631060174321	0.01007618658713463	0.01016018005752785	0.2467749593155627	0.3764570822971813	0.01048097646596881	0.01854161321050089	0.01003580419180212	0.01001268433607388	0.01002658069153774	0.01022739263585585	0.0102173911376689	0.0101247868467813	0.01010111266949291	0.01015469748425216	0.01039501145075403	0.2025910626688036	0.1704172068439957	0.09695468110001272	0.05114830202926526	0.0113491502438777	0.01054681175126415	0.2345084887971874	0.04779309414799106	0.01370052170550744	0.01049762491257577	0.01009510406035679	0.01356528725058959	0.06168005235532451	0.1145682892215868	0.012756372520104	0.05529580541592156	0.08363130812570266	0.02926031619067572	0.09518812968243111	0.01117414873474687	0.0106011370695048	0.2395442693899996	0.1185575115845583	0.01005212482549401	0.1618491229736274	0.3818542735264746	0.1179431041383693	0.01003700852952277	0.06878086517413552	0.2354849726822454	0.01045002911538779	0.01002977442212078	0.01001144177853075	0.01002283369246372	-0.00864469283482476	0.008356364575410532	-0.0004394739018084748	0.0318272749125878	0.006070102286106816	-0.0282730857089372	-0.03496431133521453	-0.02201401756878853	0.04523915660336405	0.007208033189042523	-0.04108188673463139	-0.03400389687634153
0.8467543859649123	0.0102241287081855	0.08755896346124663	0.0100494630428171	0.01004519954275095	0.01007073556402307	0.0102824049898368	0.01004265419076539	0.1411161989005071	0.01070151180923968	0.01102691852405835	0.01260080311614607	0.0170144644061125	0.4373692924266709	0.578784844875179	0.01005710279917565	0.01002442988387	0.01001797870743576	0.3666139948664542	0.1976695492084306	0.1649238440838115	0.2471699335818471	0.2488084327446445	0.1990883266703855	0.06068665495337031	0.7391805964665465	0.01301741368365408	0.0166346644111839	0.2175322739686975	0.6752001088263496	0.2473858702358038	0.1812353994168984	0.01004743276087552	0.01010454935707907	0.2509456699729431	0.3689657671587473	0.01036315511993093	0.01859136233440023	0.01002420410249475	0.0100085254661486	0.01001793554060314	0.01018788836634402	0.01019132496239453	0.01009831852653471	0.01007990444296316	0.01012436943975785	0.01030916454577781	0.1748266500201679	0.1670217465353213	0.09515045593120369	0.04975940564706504	0.01095820167979221	0.01039130332100699	0.2147525354333452	0.04678639243467857	0.01256148591766396	0.01016473137846997	0.01006908090503335	0.02381383632811915	0.05577151543206958	0.09445483931664013	0.01485351491277329	0.05192829328488615	0.07403339622663824	0.03720183692475736	0.09070485541319086	0.010834886805335	0.01042947832854238	0.2011135686948714	0.1093674194260917	0.01002966717960921	0.1520337337383935	0.3437241347268797	0.1189329287528376	0.01002749625327127	0.05098168850844081	0.2342430487755695	0.01032203118049475	0.0100202830362984	0.01000767240978705	0.01001546893446538	-0.006463716847289113	0.1837426128372245	0.01681908645951603	0.2811297350280669	0.01935905060428856	-0.228370807556542	0.4885901225678074	1.413929833772987	0.9538821141739179	-0.1413565275601739	-0.2352678627065629	-0.1234700730849919	-0.2727314607222848	-0.614392424231943	0.04241120577619814	-0.6702000491999615	-0.1221684297321348	-0.311415515166712	0.4759656673995344	0.1764238668681168	0.02953819422978021	0.4656346354911017	0.03328014427050831	0.3049025963662854	-0.1180376784976533	0.05970525041177376	-0.00300367463068051	-0.3931774386164311	0.06299616954625588	0.005964442910003248	0.178960748136968	2.001684198809242	0.178960748136968	2.001684198809242	0.08268657680376354	2.544256880106432	0.08268657680376354	2.544256880106432	0.1478521736837146	0.06876888791864989	-0.1216137207443087	0.190408876734311	-0.2564453920879456	-0.3360996256598479	-0.1768632718768612	-0.1388515644783385	-0.1421244147785426	0.1051100133589828	-0.3338998060998792	-0.3680891795131784	0.2820109220065479	0.3033502258827044	0.120240332039162	-0.5881171127800686	0.8552089846907592	-0.1890361208507049	0.6280006078922543	-0.4652369412190234	0.9516065241506146	0.01129682763322582	0.8902535677870771	-0.007591043108527478	-0.0005054620207136686	-0.2222474344856068	-0.168258663733833	-0.02458981490734293	-0.02824679514197782	-0.008765265251229448	0.02246924013642504	-0.0004325526467723424	0.07186815748415591	-0.05137279970489445	-0.003843754596485352	0.0579140852092011	7.781472313936336e-05	0.08316304191204557	0.1718364898670688	0.03691502639892997	-0.2889115902204901	-0.04942017101666234	-0.04218282777433133	0.0101988380429704	0.1108478071072415	0.01003732686111802	0.01003374991153291	0.01005492540407525	0.01023346538932473	0.01003085485477565	0.1400434269541614	0.01050219573417899	0.01075471168136743	0.01229171248206675	0.01827255711130334	0.4165195077406912	0.5836734107092162	0.01003961985014912	0.01001744993903785	0.01001320486924478	0.3501315206492795	0.1796954971538833	0.1409867475223399	0.2446517975282731	0.2420536891193194	0.1888015687901725	0.0649849268437017	0.7562706523548267	0.01279194611759884	0.01774107315009125	0.1987862902512227	0.6928278476563912	0.2570578637162355	0.1854296858291649	0.01003336020770431	0.01007621778059254	0.3080345042077138	0.368471913896538	0.01025576943579368	0.02045819745710184	0.01001767500321514	0.01000611569196125	0.01001302256540392	0.01014177439425173	0.01012619586679617	0.01008742770817045	0.01007188752608455	0.01010743970061533	0.01023603631487003	0.1843251643873817	0.1564043406771707	0.0908717097507005	0.04768160652180276	0.01078820441039848	0.01033149226994978	0.1877210631342242	0.0683258178212145	0.01678160414837176	0.01022082029634897	0.01006110965378079	0.03241266104328072	0.06146720904314824	0.09851850721476667	0.01497611005879269	0.05043988665248365	0.07140062363452367	0.04232439829497922	0.06837188849375973	0.01069190691038458	0.01036185168250044	0.1877089933212723	0.08151457651393727	0.01001597379663846	0.1401432096177717	0.3555177973933373	0.1323780924561627	0.01002573462442053	0.03294489358231888	0.2229439718816853	0.01027231773697615	0.0100150091995552	0.0100054627074837	0.01001130583920272	0.03187785202701753	-0.02639047170788414	-0.01418088379412162	0.003639527094237171	-0.004679559835116168	0.02130042741435319	0.009995429567187138	-0.001043969037404449	0.001262109068206568	0.002526666736252539	-0.04140225764412201	-0.03340605883897224
0.8566666666666667	0.01025322858568112	0.1072722146731957	0.01004818972084969	0.01004340411790353	0.01007093506739625	0.01030029915747989	0.01004108555421853	0.1413166864388395	0.01057059269909231	0.01087018134977684	0.01277980858039252	0.0189833084670115	0.4267045715226895	0.5809244832232268	0.01005223140890043	0.01002274566685439	0.01001699510345466	0.3559317664990388	0.1862004157495569	0.1497293966204613	0.2448341369024576	0.244496467868556	0.19262487428409	0.06524420460815426	0.745178787818674	0.01333894274623921	0.01848850336501849	0.2074993888037591	0.6830068301850801	0.2537406059102832	0.1848569101000176	0.01004691975195151	0.01010295352781085	0.2884454597395264	0.3680572771825728	0.0102834423109573	0.02121800234947453	0.01002308887506095	0.01000802332649642	0.01001703410895687	0.01017715257379405	0.01016630336491955	0.0101080995887994	0.01008947237188979	0.01013015426242543	0.0102928529377068	0.1952045612193976	0.1628167824812743	0.09464855119153485	0.04974856822148792	0.01097068413888581	0.01040418663236411	0.2010570459431347	0.06883634275630605	0.02836123937966253	0.01125661096785286	0.01008231942807272	0.03024116787450815	0.06377973739213998	0.1038530761362215	0.01467114949706171	0.05132027382378829	0.07411884722319505	0.04291542289029365	0.07225239283037019	0.01085141694422465	0.01044170434496171	0.1983209337880557	0.08750836287002778	0.01002212512080844	0.1448811785485432	0.3660243933339794	0.1358314673609455	0.01003122980214412	0.03563581414980109	0.2316337985227364	0.01033112421401601	0.01001880455523134	0.01000692140128774	0.01001421465968138	-0.004525772350053908	0.2030646968005971	0.01971835111392278	0.3024437436243924	0.01677357625959323	-0.2937489264819066	0.5027475848937627	1.442762087097045	0.9526004305129677	-0.1175121589246142	-0.2364924674693446	-0.1235463932013687	-0.2782807249899987	-0.4963064781069088	0.03534200205636046	-0.7558789299285839	-0.1252080080211531	-0.3015856926063878	0.4772834332836616	0.08702130605749729	0.03411532760145675	0.4555928460521885	0.03608534487976214	0.2577034042694442	-0.1173743183877821	0.07991183827075413	-0.007093972372636115	-0.4304802274246642	0.06329428956770337	0.05474031954308324	0.1999648308872762	2.240894278991261	0.1999648308872762	2.240894278991261	0.1093684268314372	2.805925396862177	0.1093684268314372	2.805925396862177	0.1478520254404511	-0.06989658364004973	-0.1197281398765979	0.189349754741959	-0.2598076863380167	-0.3412099305762992	-0.1781550724875847	-0.122747110863867	-0.1410109993032596	0.1203063316701069	-0.3375035374771091	-0.3606229804362655	0.2836883690328897	0.0184884270739844	0.112486252240503	-0.9777045179425566	0.8530242252775966	-0.2508181295292025	0.6235853065431688	-0.4257551341877127	0.9517005972822292	0.007705673558248382	0.8901833303437591	-0.0065002695402465	0.009641375305360788	-0.2109773529078159	-0.1707822921452471	-0.01999387514751608	-0.02981295044842919	-0.008863405971318461	0.02461846382987147	-0.0004183095676174179	0.07462869794099201	-0.05056183571290143	-0.003722175018483786	0.05910280404097672	6.801022777330413e-05	0.08381446254553737	0.1633654045050648	0.03638203141962698	-0.3541597384017903	-0.05297069439703955	-0.02924519211694986	0.01037505558060514	0.1232650633062649	0.01006885794863396	0.01006149916268821	0.01010237507803226	0.01043643048823186	0.0100606688748745	0.1441895187092636	0.01062146920594395	0.01100136183404181	0.01387382819738915	0.02196435426326593	0.4146705603680537	0.5863456519957596	0.01007410903699442	0.0100322204757618	0.01002387589606925	0.3404477472872794	0.1762574504589945	0.1383021077843383	0.2416838599050796	0.2401987545289462	0.1864167584060125	0.07021187574545937	0.7525332924875064	0.0146581589568871	0.0214443374306914	0.2007864227565767	0.6967773549674938	0.2649568655704703	0.1910349155664558	0.01007410611016914	0.0101556409949805	0.3376561438752096	0.3671840733106105	0.01028414429523678	0.02484130950019511	0.01003311960098187	0.0100114783767884	0.01002441225757808	0.01022710544620907	0.01020437404106891	0.01015368984954861	0.01012899501054096	0.01017595763346923	0.01038154748059563	0.2558110067641937	0.1657665152471317	0.09976728485196962	0.05299272208622057	0.01135636739612628	0.01056526881499887	0.1996047156284222	0.09627458507155653	0.06041763860758995	0.01378250971738195	0.01013175232709262	0.03045958241678627	0.07852575989663567	0.130873760241928	0.01338750611693727	0.05288872227642658	0.0809716127593723	0.04738048690244	0.05485211795349852	0.0111930710959822	0.01061710169397647	0.2192124381420297	0.06805241930709709	0.01003071061426912	0.1427697208710539	0.4461504496548623	0.1662096467712267	0.01004526420238537	0.02750911436720656	0.2393510698611123	0.01046090954633603	0.01002563613009811	0.01000941474124088	0.01001936616249128	-0.007977490927294143	0.009213858973524074	0.002345153941043792	0.03123214072393305	0.00605015641823326	-0.03097963404029399	-0.03277087578080594	-0.01593643827166762	0.04258474847099092	0.005632333636405946	-0.04206802607625972	-0.03334953809167578
0.866578947368421	0.01031866137557017	0.1307381754506831	0.01004785330227554	0.01004253909830545	0.01007248698132551	0.01034886934157481	0.01004077567942528	0.1406869897037605	0.01048226360646795	0.01076158071452306	0.01300191892118799	0.02233497534168358	0.4130136154423532	0.5786059933788024	0.01004965475883576	0.01002182061655835	0.01001650631345104	0.3384620650109046	0.1715667280882632	0.1327756094703515	0.2383685557562782	0.2371261188402193	0.1846763633504368	0.07145106760998932	0.7411316186339824	0.01383588900881597	0.0216969795307684	0.1977072505455265	0.6831029339073896	0.2542289905340662	0.1871086756271515	0.01004728206900461	0.01010348687970185	0.3357228789797929	0.3618950293749564	0.01022937091155607	0.02549667824861025	0.01002231146399952	0.01000769604832834	0.01001642088136949	0.01016475178204881	0.01014322672246594	0.01012023455779773	0.01010146387112572	0.01013720499180731	0.01027873800416693	0.2174595419053245	0.1532690985982217	0.09084751035438837	0.04790138710594508	0.01098430588837191	0.01041489900038141	0.1818015286723653	0.07822507837654831	0.04666307796450796	0.01768880117148155	0.01009602282191125	0.0361639403377074	0.06800573478431002	0.1070972205742647	0.01431187630541195	0.04793961081237515	0.07000421764040794	0.04626020184592936	0.04869575616347643	0.01086748228744218	0.01045254360184057	0.1846862571159187	0.05981701502191358	0.01002035133253587	0.1301913527316316	0.3876798929627798	0.1501095522210626	0.01003382181897756	0.02385779147993867	0.221965822175221	0.0103389437612953	0.01001852215212336	0.01000671340783334	0.01001391957956864	-0.002516809262558555	0.1986282500466581	0.02279217496550474	0.3168996326360353	0.01353858424485974	-0.3582041830145817	0.5171937038999476	1.471971889345396	0.9515485734485702	-0.0948638646780387	-0.237717339279727	-0.123700871595856	-0.2823877256616481	-0.3230673666308541	0.02742741553049606	-0.8412109526788371	-0.1281443715915133	-0.2908790888130945	0.4776574385854242	-0.01251472771737562	0.03853473528301495	0.4348905471877165	0.03832323712660161	0.1907203466543465	-0.1163434934243922	0.1331097463490795	-0.01150623011510596	-0.4582643396468123	0.06408064967274901	0.1032915346276733	0.2234879461295015	2.511038685643809	0.2234879461295015	2.511038685643809	0.1376932029656298	2.8805089486853	0.1376932029656298	2.8805089486853	0.1464589563052529	-0.2108554638162578	-0.1178698821380788	0.1852926964140555	-0.2631903460404174	-0.3404557763849298	-0.1793106306336762	-0.1108650969704617	-0.1397284984354415	0.138777890610561	-0.341075539783649	-0.36113456511961	0.2820332703393267	-0.3702498232298038	0.1008954262250665	-1.355805583247589	0.8502513301017884	-0.3081554052686902	0.6195579640318173	-0.3869103687051044	0.9517597951393705	0.004269058425008564	0.8901260371571428	-0.005006261165541342	0.04116754860038208	-0.186585856188781	-0.1688836900562199	-0.0121552910694874	-0.02970321854676264	-0.008409952069329148	0.02799198742713226	-0.0003872209724987662	0.07680600857952621	-0.05201185150938786	-0.004053559369571321	0.06052663843088801	4.381015189246079e-05	0.07902458274047341	0.1508642744721999	0.03232345943437788	-0.4322106825717309	-0.07418344475827829	-0.02942666180082365	0.01035560661328421	0.1648418935904129	0.01003716739035691	0.01003228280720634	0.01005938592818463	0.01035126145036298	0.01003061220365122	0.137267911534076	0.01031842329223234	0.01052037932738797	0.01286771352014709	0.02645676121701399	0.3821404634595121	0.5670976548083489	0.01003501029335527	0.01001576201170637	0.01001237602788927	0.3018886903151453	0.1466925665185584	0.1062072993305093	0.224142014921243	0.2217128761400053	0.1706867288992085	0.07867157179719628	0.7174370021078864	0.01405313538392257	0.0255846303837033	0.1801978848326246	0.669385830022222	0.2474703574311046	0.1876944330853883	0.01003462417806378	0.01007867546928272	0.4286333845393133	0.3444225602485307	0.01014715772137772	0.03091234652799715	0.0100162299381498	0.01000550547542936	0.01001188093068881	0.01013482334183937	0.01010294182933323	0.01012439549994507	0.01010713148899776	0.01013445673133899	0.0102318820006059	0.2231119636906934	0.1284124929317386	0.0794488954277235	0.04221982029736845	0.01083455449800313	0.01036765625501673	0.1363304307427592	0.07444318834658904	0.05674000902457631	0.0293299905591563	0.01010303904240777	0.04455693281222381	0.06498294448428947	0.09469966201827031	0.01448573333814153	0.0403355998921826	0.05725185494843373	0.04837866490335375	0.01941768654450987	0.01074452722586007	0.01039942962717314	0.1390707888854858	0.02321410180806319	0.01001375136170229	0.09936629716320999	0.3828277678843027	0.1562569238008968	0.01003288594815752	0.01051026635809156	0.1917155394650744	0.01030014009840971	0.01001542332629709	0.01000545513265272	0.01001148122707292	0.03327643505256546	-0.02724214001836758	-0.01446480013690585	0.004815696858083305	-0.005487978096933918	0.02074195789813716	0.00901334500968214	-0.003133192325443969	0.004270527057836801	0.003223239243055506	-0.04283506019302637	-0.03379508982841244
0.8764912280701754	0.01039290049915798	0.1492292920549375	0.0100480916286312	0.01004190313519853	0.01007547589065261	0.01039501006170647	0.01004079909835665	0.1376081362786505	0.01035648417313141	0.01058508478521187	0.01357441226467699	0.02797111855022394	0.3959295830557153	0.5714897502875784	0.01004732927473802	0.01002102305226603	0.01001611860774069	0.3169948184690513	0.1558699074136879	0.1155118659920182	0.2275231297845906	0.2259405562479337	0.1743715979407996	0.07515607280810002	0.7207752392056491	0.0149194467718163	0.02709718303667434	0.186695672799864	0.6685924399182467	0.2487247408141719	0.1866368103617192	0.01004930931653212	0.01010710902563741	0.3942331053260851	0.3494523574889857	0.01016390418213117	0.0327376834003906	0.01002182250403451	0.01000743181464868	0.01001599458740603	0.01020643530829187	0.01017141484668666	0.01017017574416114	0.01014586024967532	0.01018464840351365	0.01033901809276309	0.2101372698526133	0.1291232445564759	0.07950031262937506	0.04190079617576958	0.01109269240664248	0.01049788903090722	0.1423711548310467	0.06728326287315238	0.05613146310500557	0.03761236868982848	0.0101577308962665	0.03932530406367334	0.06277020021300703	0.09498777443544085	0.01421071195997197	0.03926759295975141	0.05717487861122461	0.04598100926096721	0.02621991847602709	0.01098328135101601	0.01054016239106343	0.1495049014242529	0.03140012970135778	0.01001975030709775	0.1020733259667165	0.3648903627477696	0.1459424758525889	0.01004582171241324	0.01421922967222976	0.1966538005399344	0.01040685126935676	0.01002123513171767	0.01000770573913254	0.01001595893628909	-0.0006523150928805667	0.1747937261096498	0.02598959857514306	0.3279816783742419	0.0096999331794166	-0.4143266773238362	0.5319236034133423	1.499558255654406	0.9507176470802677	-0.07289900297895502	-0.2389483689916206	-0.124937873706496	-0.2845048471384825	-0.09535565476264879	0.0186575893966787	-0.9288912795105692	-0.1309765390335705	-0.280743722645143	0.4770294926027832	-0.1138729276079475	0.04272507335908301	0.4106541562189441	0.03981182344513091	0.1073462133977965	-0.1146560083644555	0.2100371071901516	-0.01615143225286566	-0.4777942519400183	0.06531771104302855	0.1445016301471562	0.2498650836749753	2.817400395759894	0.2498650836749753	2.817400395759894	0.1659682229148073	2.802555338567392	0.1659682229148073	2.802555338567392	0.1436914889659918	-0.3459338315260351	-0.1160565001991209	0.1807193414191668	-0.2665426903243787	-0.3353503480517566	-0.1803569269959035	-0.1001844440765643	-0.1382583007129535	0.157709524844091	-0.3446765762756681	-0.3657828437982549	0.2759957120147216	-0.8653744906830455	0.08577538441560741	-1.683334643558235	0.8469204953472949	-0.3638917134498408	0.6159140013821466	-0.3483977144808093	0.9517859312193332	0.001044765413667635	0.8900848200517929	-0.003290590714952274	0.05552192823733192	-0.151644576131937	-0.1615537139063395	-0.007709445503865504	-0.02718269834890533	-0.007348370254641456	0.02986843931967116	-0.0003386890082635931	0.07293042324572936	-0.0548124157836299	-0.004855620363790556	0.05991763199278528	-1.421898155245826e-06	0.05900675927429586	0.1441263195743265	0.02793684106712102	-0.4583447942233542	-0.1064251777919333	-0.04162258164435485	0.01053194990732475	0.153579732853949	0.01006988015836315	0.01006044458853478	0.01010971746707314	0.01052643388977444	0.01006103205778667	0.1342560489702797	0.01033427825475294	0.01058365057462567	0.01535955202142555	0.03566765273687768	0.3726024604286935	0.5588939457072004	0.01006969621451043	0.01003074630335015	0.01002319640623625	0.2892936718502986	0.1435863133153518	0.1039655433795935	0.2117880428550883	0.2107405772781598	0.1619904774258139	0.07457305734037351	0.6639814504329865	0.01740118271730115	0.03456729327515635	0.1768356643267724	0.6256470987599942	0.2421474683534075	0.1853925073271313	0.01007974116555425	0.01016581863750901	0.4860871697725313	0.3280016462184472	0.01014238741068799	0.04255919415113563	0.01003241541889264	0.01001100973572388	0.01002373706449479	0.01036185433665559	0.01030944212407206	0.01028948703833503	0.01024856725970451	0.01030921803551766	0.01057283700808232	0.1887776836773822	0.09535181457415987	0.06725202765489756	0.03634521067502601	0.01166369058350412	0.01080004789267345	0.08928860823895826	0.04945106826701264	0.07116359860719511	0.06834138961352798	0.01030076890464553	0.03376782471593016	0.05665410376829684	0.08553143414079672	0.01343700917942294	0.02971721840194811	0.04480746677264198	0.04277999108111023	0.01270960845627538	0.0115199017481336	0.01086544226522684	0.1132006224675709	0.01265615246449989	0.01003062157143985	0.06803906111507796	0.2976321423195691	0.1294910593494665	0.01007819457788041	0.01072126359737689	0.1605981957599258	0.01065388753521311	0.0100339050446618	0.01001253855907617	0.01002566045160742	-0.006135584322863143	0.01100724241967464	0.003511560460608847	0.03160581616836303	0.006157623175424103	-0.03458898970130372	-0.03020200622732869	-0.009606610307520224	0.04027952421839663	0.004037905496385489	-0.04323620087649385	-0.03458135554791815
0.8864035087719299	0.01051267105229622	0.156495210379565	0.010050216625711	0.01004324345975875	0.01008057055941742	0.01046018835873541	0.01004270574493455	0.1304579464789097	0.01026766477854698	0.01045542615390639	0.01466108882344679	0.03645819051829207	0.3762331034506681	0.5597121745820276	0.01004782957796435	0.01002136701231471	0.01001653237595205	0.2896329414799685	0.1381141412327873	0.09773439827579306	0.2111825151599023	0.2098554170392891	0.1606883470695409	0.07492524035742118	0.6827077173523912	0.01710415437016373	0.03530667101110298	0.1731461532503487	0.637803590124138	0.2395286091049689	0.1811217054372033	0.01005240427143017	0.0101138759870009	0.4601592398832293	0.3291787826823228	0.01011831559919957	0.04343925924213766	0.01002225455736914	0.01000752634799251	0.01001627565743991	0.01029396605108947	0.01021232334856244	0.01084712965239421	0.01181812891504655	0.01046045424703788	0.01048766034403931	0.163120250820277	0.08140217160592443	0.06280038165834399	0.03299050104978422	0.01125657731571862	0.01065139329247502	0.08440573846902272	0.04150254550484804	0.06033289889210455	0.06030696123610287	0.01920534277889105	0.03788695476233503	0.05165784983068729	0.07459814159497495	0.01319645269958705	0.02719853378171169	0.03938474078944061	0.03182433478088217	0.01657398653051908	0.01115807219830216	0.01069991344282964	0.10207373527589	0.01849183724073663	0.01004538754613053	0.06107117757513287	0.2830400030351491	0.1077529605637066	0.01007038694520113	0.01182340960648905	0.1605350245359841	0.0105420190898861	0.01004987054950788	0.0100147000342026	0.01003451597710631	0.0009040401433670681	0.1375794540324869	0.02929470306101359	0.3391758612716221	0.005375072483248097	-0.4552638368623707	0.5469056644208761	1.522278851367943	0.9501003720415871	-0.05186986812964593	-0.2402003428089688	-0.1280192667405228	-0.284116402689325	0.1811599353744838	0.008996432864295899	-1.021422552685375	-0.1337143366886971	-0.2719074009685628	0.4754163510033082	-0.2103421478014469	0.04669017644181414	0.3907643049392914	0.04041755446226994	0.01381631852495678	-0.1121587396127927	0.2932376806869544	-0.02095928879188183	-0.491605542436249	0.066898269546198	0.1714847540609327	0.2794688360391556	3.162111205611461	0.2794688360391556	3.162111205611461	0.1928921463831573	2.61560350592953	0.1928921463831573	2.61560350592953	0.1396436283403503	-0.4681438804090513	-0.1142808149687517	0.1780580550979741	-0.2698294714110334	-0.3275140991411128	-0.1812896187161659	-0.08732315359730117	-0.1366093577084623	0.1744082860832251	-0.3483258962813049	-0.3700494693490792	0.2645499648329353	-1.459273390826795	0.06781384157024148	-1.923365791089198	0.8430329854187794	-0.4209136067873269	0.6126499279598446	-0.3101889811779523	0.9517813810807325	-0.001915947252259352	0.8900608444749185	-0.001560785169262168	0.01786781591375907	-0.117270886439848	-0.1514167150205288	-0.00926957065384933	-0.0222414881132577	-0.005831316809554243	0.02880839160919636	-0.0002802971408056547	0.06344890337123703	-0.05799198242463552	-0.005884918015342729	0.05683169726099476	-5.591242026971338e-05	0.0430709630656541	0.1493723145639087	0.01767936864427222	-0.3883519498119266	-0.1368475563517043	-0.06197527339512133	0.01061566081814215	0.1669649356589228	0.01004243707248541	0.01003586505521149	0.01007102181797991	0.01048612171319399	0.01003540361847299	0.1181055377963186	0.01015146389764311	0.01026793052228824	0.01553797469774343	0.04621653612939481	0.3375976366134982	0.5309349828467439	0.01003751729955841	0.01001706402095615	0.01001362048782769	0.2385860598386357	0.1103886515856257	0.07212734926055772	0.1831566354116322	0.1823541403778279	0.1392423102927106	0.074151986037249	0.5934623535358869	0.01930017308318347	0.04470450443248061	0.1506060490201635	0.5647441595972493	0.2229153559473691	0.1698913551407668	0.01004225436151897	0.01009504683520267	0.5854906435767023	0.2890132198930972	0.0100645886635032	0.05603260997997513	0.01001769377962883	0.01000590333665901	0.01001288647730543	0.01036439079481114	0.01021143914295843	0.01258006942158641	0.01609421069442329	0.01089609142101485	0.01060075199295456	0.07356537068757926	0.01507426617376101	0.04245750452660934	0.02262233184888481	0.0112020334999253	0.01071885164228032	0.010177788499343	0.01008722557774307	0.0588544224412848	0.08006322348093056	0.03543376520477205	0.03996213979537406	0.03733505813174085	0.04485160318368898	0.01241417929458032	0.01421855897134675	0.01803869745647387	0.01122118414925727	0.01021155803561609	0.01113800513712498	0.01076545950773905	0.0345698060283586	0.01018110268673431	0.0100956474486863	0.01077087020507924	0.1130494404383727	0.04283994163668518	0.01008929295625352	0.01049194070562361	0.1096679583743708	0.01061009095510838	0.01037490287273846	0.01041687499486969	0.01036534634623775	0.03228677059568154	-0.02697669941131143	-0.01339773390831814	0.004703280605656758	-0.007388725234025366	0.0190979099546955	0.01069242645123095	-0.001102351309272042	-0.001208286251481445	0.002262541687141769	-0.04308177457496547	-0.03538204317217247
0.8963157894736842	0.01062111898929729	0.1589930946488975	0.01005237524932413	0.01004430856581645	0.01008617287632911	0.01051008543679599	0.01004472356523192	0.1214989391210962	0.01018958409149815	0.01033205899564621	0.01641701290607044	0.04673399642418786	0.3551454578861356	0.5435450629109447	0.01004890377081607	0.01002194013889269	0.01001703712932468	0.2601513488959878	0.120830619637507	0.08117688841316999	0.1918811903561513	0.1913182488316131	0.1455260450387242	0.07231007109258136	0.6321994611879991	0.02006848718329125	0.04526317524432631	0.1592778160843871	0.5956492194844644	0.2312715197784856	0.1737567953905611	0.01005772178904622	0.01012323605543052	0.5237092490359387	0.304708750235153	0.01008165135088915	0.05676662580861448	0.01002311389592964	0.01000773483993747	0.01001684894321085	0.01046398454917799	0.01028731414694025	0.01480603060307351	0.02114656604619324	0.01112310937758898	0.01068757031931928	0.09834250987790129	0.03553706284577579	0.051099744002506	0.02679347082345998	0.0113826762302903	0.01077969046198385	0.03512784103297067	0.01918136268084158	0.0616468802210856	0.0782005303528877	0.03944496916976301	0.04242140638922827	0.04291788836646001	0.05532825637595266	0.01351160578580113	0.01829392631356241	0.02417799383747745	0.01656021309963014	0.01252543285075394	0.01130062871118767	0.01083643098067085	0.05766785136905373	0.01322171875490741	0.0101457896994666	0.02654685585391803	0.1739725729906181	0.05845934769094068	0.01009158286162568	0.01126261498402453	0.135002325118527	0.01065171207837441	0.01126671314980759	0.01164043921621343	0.01131950864706736	0.002055388485538777	0.09442649099415945	0.03272388045247093	0.3534497576881943	0.0007429925248290394	-0.4755379720550585	0.5620762005740015	1.537237493108848	0.9496840317793923	-0.03243947919928851	-0.2414935288408812	-0.1332899372162244	-0.2807840494801076	0.4967373847678425	-0.001613383038850011	-1.120477860123443	-0.1363720587979563	-0.2645908757845411	0.4728910463426227	-0.2973643393760924	0.05051121575232326	0.3827523625011183	0.04007946542211655	-0.08156155050873698	-0.1088830369825092	0.3644897727480724	-0.02588959544023948	-0.5030755372022404	0.06864917687329714	0.1778769625101398	0.3126732632704353	3.543193980209044	0.3126732632704353	3.543193980209044	0.2176154835482099	2.366219850891015	0.2176154835482099	2.366219850891015	0.1344726328090786	-0.5716468054499202	-0.1125142248760847	0.1790951130102509	-0.2730325328382989	-0.3187876617882372	-0.1820674226445757	-0.06818543991701009	-0.1348167346721006	0.1862731128848931	-0.351993417780781	-0.3684973263547477	0.2468020711372295	-2.132699475729889	0.04803715070659061	-2.045205806356408	0.8385652276644234	-0.4811587951462028	0.6097679718092115	-0.2709445518741093	0.951748900824308	-0.004589378428090582	0.8900533161228449	2.800013037825187e-07	-0.03651499536216127	-0.08198507580161893	-0.142660498146755	-0.01496967877636316	-0.01724969073427451	-0.004505090068804803	0.02580582165132556	-0.0002361720724101016	0.05305751015719027	-0.060165063482447	-0.006648358127318402	0.05292127900653778	-8.457836968578215e-05	0.02592684664881131	0.1425023088981031	0.01056916834114461	-0.257801572814977	-0.1576772483042551	-0.0794946876010542	0.01073814519279218	0.1509028835343649	0.01007422955649584	0.0100623136715638	0.01012140497131703	0.01061172614669109	0.01006517342223138	0.1137723372813941	0.01018832713956858	0.01034289834479679	0.01954019827588863	0.05857103838235426	0.3279660551904262	0.5148084868474581	0.0100723894396917	0.01003211008104625	0.01002429228121389	0.2276503628391867	0.1104022556555651	0.07314738959944908	0.1686987211153038	0.1700378481354047	0.1298774890377664	0.06636901063216817	0.5287863398852199	0.02413980780921828	0.05675373858916333	0.148971587063916	0.5104810415591682	0.2275537643295213	0.167572044053471	0.01009248664318053	0.0101870034751528	0.6145019843396965	0.2708880662326968	0.01007753606903159	0.07283266383640724	0.01003453966952094	0.01001153487305625	0.01002516098800133	0.01078045299575653	0.01049185349859339	0.02139755023137211	0.03657553096270569	0.01200403198836835	0.01102168366592934	0.03816353966845984	0.0113786257803228	0.05031154415046881	0.02694532827537537	0.01188020251056821	0.01103284325414599	0.01019201268865282	0.01010708723442843	0.07052391037337963	0.1008623170826024	0.06297447558033309	0.04940849679259252	0.0420695122845953	0.04903487211784971	0.01535304238739231	0.01551302225417342	0.0179330045968244	0.01137819922371729	0.01045759700657138	0.01177466005592955	0.01111658136724981	0.03367713368453169	0.01032765342072064	0.01030243196151929	0.01074139825653436	0.04554637751943383	0.02013445182690606	0.01011739117207596	0.01137968541751784	0.128956271093133	0.01084917174811294	0.01360221678487824	0.01481235526631089	0.0138052299675451	-0.009924619199695218	0.01613727516782534	0.006092184594402053	0.02832616829600322	0.004842210144508006	-0.04052489354155164	-0.0235930184905179	0.0004979240214202985	0.007990159347173995	-0.0003043862457525042	-0.0425554987966388	-0.03590410028567168
0.9062280701754386	0.01103712679314673	0.1579202235223237	0.01005701846620883	0.01004759296856211	0.01009607996919551	0.01066170279012117	0.01004873516513104	0.1103851523450348	0.01014570229138399	0.01026087420341411	0.01904574142194031	0.05758178766273388	0.3336138397592318	0.5220348499414365	0.01005171743835273	0.01002331008914841	0.01001828033179194	0.2254518844834689	0.1024282708239102	0.06608368043381176	0.1691839507893291	0.1702766927239347	0.1292337382485571	0.06864845605119424	0.5726067696800625	0.0238709123352628	0.05582729541412879	0.1460400776705464	0.5456651262258008	0.2234141292612439	0.163045375230373	0.01006332125296846	0.01013572583039343	0.571922977096592	0.2755477600928695	0.01006129059384104	0.07097636688639722	0.01002471484818867	0.01000823207406988	0.01001799367757116	0.01049532015240746	0.01031204567526148	0.014857344519801	0.0213779867418261	0.01112820306436764	0.01070706214067573	0.06131537975895017	0.02003078271814485	0.05336707919344433	0.02811233195697876	0.01131311675132947	0.01070888033250486	0.0192779946101719	0.01329542270054384	0.06257547052564005	0.08264149448008849	0.038701292580229	0.05586264690901512	0.0456791884502423	0.05257384780469917	0.0154317212459194	0.01833232710065621	0.02218926110110578	0.01288797682493144	0.01112691540357841	0.01123233935551853	0.01076576821995243	0.04369922740076267	0.01130622790404127	0.01032109086960727	0.01637928675399522	0.1094961891870598	0.0335100903660182	0.01007992700227696	0.01167105861242307	0.1379664179269773	0.01058453020720686	0.0148503305144781	0.02622556959001091	0.01673916310014852	0.002784225278509135	0.05375171360809049	0.03631888204868952	0.3728808900041793	-0.003971499684735423	-0.4714433533543318	0.5773510645608148	1.543290638961756	0.9494515948512365	-0.01468821061687079	-0.2428502232665296	-0.140815573197194	-0.2741813348020108	0.838726289415781	-0.01323899841408821	-1.22625591400586	-0.1389637666759645	-0.2584623655404567	0.4695596079545985	-0.372852929280273	0.05433747781459144	0.3926273449771742	0.03882598691342141	-0.1692875521343511	-0.1050120207940296	0.4120411777158001	-0.03093525728185771	-0.5153271145137013	0.07033890824361802	0.158406478817224	0.3498094089368063	3.953860103105454	0.3498094089368063	3.953860103105454	0.2397403414215584	2.09810428212477	0.2397403414215584	2.09810428212477	0.1283893464674485	-0.6514757547171395	-0.1107157638872057	0.1845043014601219	-0.2761535818189486	-0.3113602940912879	-0.1826045396724739	-0.03788339696549043	-0.1329400077266901	0.1910843619415751	-0.3555943352904203	-0.3558598664216582	0.2221110271957585	-2.853919941561221	0.02772832573858841	-2.028307486513373	0.8334820360311819	-0.5450466041843084	0.6072884638484897	-0.2287558546472051	0.9516913622649824	-0.006971593850010467	0.890059798622128	0.001244399951305513	-0.05202218405815109	-0.04523437962138484	-0.1386839608328333	-0.01970653948707845	-0.01469291975384973	-0.003924099539278058	0.02372318382547272	-0.0002252643154758788	0.04662618862576728	-0.06159166033768993	-0.006969233300884558	0.05059918676986158	-7.176135831013785e-05	0.003473202374771518	0.1489703555757528	0.006234861120659531	-0.1433189360025852	-0.1641960454574893	-0.08850359871843597	0.01173893321397927	0.1612104632062576	0.01005297322662739	0.01004322275830718	0.0100938676694698	0.01087127053458956	0.01004453120323768	0.09410390864464896	0.0100851824946141	0.01015582019342208	0.02141825338699608	0.0687936128041491	0.2934709932678785	0.4728471074807719	0.01004449911859294	0.01002036837897237	0.01001657398850102	0.1644278659652321	0.07467096999308923	0.04581228431658101	0.1342495081532391	0.1382495535001488	0.1064624745327718	0.06592766153881349	0.4533385000602952	0.02746872775875672	0.06672009869012357	0.1270133614482306	0.4471525216608484	0.2083095236330948	0.1450395762204602	0.01005490697754833	0.01012317196032975	0.6499752087701663	0.2243844062948417	0.01003511497869791	0.08614476222230477	0.01002145008263928	0.01000708985740526	0.01001558705697385	0.01034102112818092	0.0102183409471103	0.0110233527336672	0.0139391613743236	0.01058775536167835	0.01051940757194723	0.03464560801265289	0.01093176786514351	0.05795451159879767	0.03023898044102304	0.01095764593520636	0.01047519824132613	0.01008376819966975	0.01004689302675493	0.06213575793768356	0.08065574869385672	0.02489504529864514	0.07970751020973647	0.05429185287027435	0.05502703983709775	0.01899386791171939	0.02163682918854319	0.02433897393230544	0.01061659726704927	0.01034195066805939	0.01089120034027525	0.0105195509594465	0.03689776031539783	0.01024835143928223	0.01046326097120634	0.01062998311505276	0.06277933067477091	0.0174091857048368	0.01004896022531785	0.01258395225189951	0.1485670688192695	0.01038477701060646	0.01883871885520206	0.04755163753765151	0.02356252913934929	0.03089905125517876	-0.02660580318101979	-0.01211811357561909	0.004334908225262291	-0.01008963435583137	0.01836071179875575	0.01097859253313293	0.00032835394407244	-0.004034082052092358	0.002824280563509682	-0.04246466960937392	-0.03653570823314441
0.916140350877193	0.01207014252918504	0.1610084523143203	0.01006204697452324	0.01005018331063789	0.01010975870790529	0.01097074119949421	0.01005338875451147	0.09963451058404284	0.0101142101553916	0.01020809728191712	0.02173224680255044	0.06682131044759589	0.3090686332881119	0.4915398514859342	0.01005621880769518	0.01002525729994733	0.010019950044068	0.1867268220170306	0.08455101581964289	0.05454924885997692	0.1443808353430917	0.1487694450769391	0.1135826233535917	0.06663127246285599	0.5098228819915475	0.02728036604976367	0.06488247712812474	0.1373779553508637	0.4941884709696	0.2155076848315851	0.152869447971304	0.0100721306816717	0.01015259766025731	0.5971172639508695	0.2446300789729059	0.01004722446078395	0.08372375523669598	0.01002675832036552	0.0100088563710712	0.01001945046498039	0.0103548526271636	0.01022355341367652	0.01243299644503854	0.02139768414630576	0.01069377021426983	0.01052527189371209	0.0482463961749423	0.01467364598426097	0.05756701239112368	0.03016596846960748	0.01122428372923636	0.0106240179871152	0.01365173295980689	0.01132047369959798	0.07250228305719483	0.09344461166312251	0.03467852225204274	0.08997682113164827	0.06274742163237509	0.06384963152190919	0.02400473023498195	0.02583854677942632	0.02832743008665447	0.01153964272860338	0.01069092399664046	0.01114764336690998	0.01068417565526756	0.04386468775362156	0.01066647607072055	0.01034905851269364	0.01291215680406913	0.08798144807743689	0.02594684192610919	0.01006407883734761	0.0135998356804967	0.1470355200049368	0.01050633161051204	0.01788903939743383	0.04402861595035189	0.02227897667317751	0.003156223576812743	0.02368328895632812	0.0401356483169422	0.3981805645263162	-0.00851739661244694	-0.4414766550662399	0.5926430634799439	1.540833852121946	0.9493897863892958	0.002159465018951455	-0.2442916371482953	-0.1503184846088308	-0.2641170735726456	1.192684859749203	-0.02593951380183645	-1.336840178363601	-0.1414960911807144	-0.2523572504980733	0.4655365411316689	-0.4371847004265959	0.05836528384314664	0.423695586257709	0.03677841753841794	-0.2404321545262237	-0.1008095660780702	0.4309300379668626	-0.03611494322123711	-0.5303078584230683	0.07169360934791831	0.1100178307415567	0.391116281355392	4.38239219498698	0.391116281355392	4.38239219498698	0.2592692163537184	1.847711138085697	0.2592692163537184	1.847711138085697	0.1216476870062714	-0.7040585852975523	-0.1088432799670361	0.1938923890050564	-0.2792161717397343	-0.3072323032743159	-0.1827643506623731	0.008739277035611431	-0.1310562145961765	0.1875459664982875	-0.3589994866804703	-0.3285208783539134	0.1902055871827594	-3.580577916633829	0.008313379998011532	-1.864616033920113	0.8277513064189764	-0.6114910908107545	0.6052464637595806	-0.1824537600327333	0.951611610066342	-0.009078057107751787	0.8900765626177348	0.002059713471677689	-0.008398224559539341	-0.01324307153976525	-0.1401087231774596	-0.0209633092848962	-0.01433285050295003	-0.003930562629273984	0.02378200066577355	-0.0002358483765860633	0.04660229271688465	-0.06326317594161106	-0.006931451729797736	0.05096298781217414	-2.291758148818684e-05	-0.02145527089645777	0.159805596135579	-0.009461656206949413	-0.08442088289092496	-0.1568094538358274	-0.09106809976304225	0.0133963437438648	0.1638439412239928	0.01008465285204565	0.01006683579024292	0.01015234576238429	0.01138004952940401	0.01007509044982642	0.09306863335747007	0.0101371077031517	0.01025482867151705	0.02501243105337244	0.07561545693896903	0.273449651957806	0.4309585262162792	0.01008299467773206	0.01003655247467512	0.01002803655583165	0.1460534228788007	0.07601197671280313	0.05466098417961424	0.117379275174957	0.1275929388137188	0.1003227627619387	0.06441458311737835	0.3996490613205556	0.03062440480661245	0.07353941303597866	0.1390260086558061	0.4073403450995898	0.2117237780456475	0.1482704065666852	0.01011315407774207	0.01022491349369349	0.6039566068470461	0.2077348733260622	0.01005537918309136	0.09735352853271464	0.01003904672378463	0.01001290406548332	0.01002837078304946	0.01033610172721548	0.01020726771354026	0.01413393288261056	0.03641235700643584	0.01071565264397696	0.01046644281770656	0.04533666159843926	0.01176458779782853	0.0609776459842399	0.03182354893132104	0.01168393038614384	0.01084964117718966	0.01013975614620181	0.01007796463366127	0.1017486382463676	0.1316256123018995	0.0511861403184792	0.1455683389910277	0.09330285624870548	0.08837543376947901	0.03930071166353313	0.03813093412964404	0.03858598219468872	0.01097192851403657	0.01051231282176892	0.01158942184354413	0.01094287969445953	0.05051585894884209	0.01028242905631758	0.01021837825180926	0.01080483512172864	0.07764156655436455	0.02571701282144926	0.0100817132968322	0.01670700404972325	0.1565775224838064	0.01068222067809509	0.01918097314585516	0.05425350405870042	0.02507481265542329	-0.01749810407111337	0.02372106019700821	0.008699258046291028	0.02206612833170945	0.001922491951584243	-0.03834769350207263	-0.02366523733188814	-0.001977272941415421	0.007536788759644128	0.0004981666983257149	-0.04289779568518648	-0.03725377143990023
0.9260526315789475	0.01754268594643452	0.1641633140642703	0.0100682531047084	0.010054043332273	0.01012592582005468	0.01287747030198081	0.01005905812830494	0.09076046034085414	0.01009878456428056	0.01018201839237212	0.02385690549903592	0.07223483129004418	0.2827092383886065	0.4527921095909153	0.01005972951113334	0.01002696065965066	0.01002161790974015	0.148811456543428	0.06800614675397322	0.04489811280435482	0.1215559553245288	0.1294570004410093	0.1002145426783472	0.06588219933490792	0.4513386091964595	0.02950832890505336	0.0702362628203318	0.1321680593933722	0.447565386451358	0.2073213567282128	0.1437861621687713	0.01008008104406776	0.01017169117867599	0.5910050205803093	0.2157622961902472	0.01004034037606045	0.09183503952418773	0.01002859724750278	0.01000945935799986	0.0100207925062571	0.01028241237843925	0.01017561704539327	0.01229101412906471	0.02820977006907889	0.01055798736707648	0.01040009873748921	0.0464587229403239	0.01248772144902485	0.06225650423613192	0.03243946425230008	0.0111629325709209	0.01057491725593353	0.01133670310669311	0.01049289157102688	0.08966644779872368	0.1130603444142827	0.03679094882396015	0.140910846466027	0.08940564398984475	0.08289615132701605	0.03957253156596775	0.03847266484429453	0.038614912818812	0.01096738898542664	0.01048810890544557	0.01109113788906829	0.01063674444114042	0.04886721440622224	0.01036984254568877	0.01023231424625308	0.01141191718046184	0.09113007636744543	0.02686527229845069	0.01005550036469413	0.0186517446814373	0.1577524801709886	0.01046211447358622	0.02237096736274452	0.06095019039581886	0.02917961156683417	0.003310319929450235	0.01064005256563203	0.04422944968637722	0.4285274138452491	-0.01264110940303196	-0.3866285750631321	0.6078720957285597	1.530709126280173	0.9494946514704249	0.01906650933494414	-0.2458350774977602	-0.1612916397467881	-0.2505465677675956	1.543743783210491	-0.03974354930355883	-1.448061039614541	-0.1439611070189836	-0.244564630972273	0.4609203718753067	-0.493187089029879	0.0628074327408359	0.4759588931462256	0.03413816085881089	-0.2878498270725655	-0.09656981736245056	0.4192876029717751	-0.04145844516483614	-0.5482825358514845	0.07242431272719171	0.03279105765493963	0.4366959409583586	4.813121778172859	0.4366959409583586	4.813121778172859	0.2765162497513392	1.641049703584249	0.2765162497513392	1.641049703584249	0.114526694661632	-0.7279652717278313	-0.1068622908098451	0.2061944547095232	-0.2822587321807806	-0.3074626302249745	-0.182364925249323	0.0753486983631307	-0.1292518453474505	0.1749984704646673	-0.3620508098125311	-0.2841967077620378	0.151273770126159	-4.262876537551232	-0.00876910050958778	-1.559838182828521	0.8213579312072241	-0.6784534007256956	0.6036899219192511	-0.1305919440299557	0.9515121476073346	-0.01095502610063769	0.8900990039036821	0.002384748516917878	0.06855417461344139	0.0369029225629621	-0.1431349525074482	-0.02003548868871322	-0.01757540082735172	-0.004750513808600573	0.02501839684791242	-0.0002791682231246696	0.05101020084671658	-0.06292543236363005	-0.006321709854123806	0.053139555350769	6.80242126613842e-05	-0.03627345155703654	0.1635255707737438	-0.003547814724381411	-0.0620227661294274	-0.1358083178911824	-0.07483536287290177	0.02605309553877214	0.1706615358690624	0.01006586971824508	0.01005093262315271	0.01012908644701901	0.0165191626321212	0.01005667472654585	0.07911383703497496	0.01006769339202697	0.0101257527491155	0.02511190220637071	0.07553624888212097	0.2372570704143633	0.3747117051777934	0.0100521770176473	0.01002402941245015	0.01002017610060934	0.09323164136221811	0.04500108923666431	0.03110559097649849	0.09223215302992759	0.1041801942409373	0.08380399367062051	0.06653293900898834	0.3517926802063989	0.03079366470687182	0.07351143169496428	0.1243132198573139	0.3697649223258108	0.191539243924912	0.129668405624872	0.01007188335191061	0.01016424129191997	0.5551662243681141	0.1725946035471275	0.01002743183212647	0.0973232109676008	0.01002514886617269	0.01000832174715856	0.01001830317535128	0.01018690971573264	0.01011487315533392	0.01105106038044529	0.03048915103783542	0.01034459833635085	0.01025244210948933	0.0466373259366985	0.01109900050468686	0.06850696547672105	0.03521787001338104	0.01083189048429779	0.01038095979602611	0.01006412213200841	0.010036299290263	0.1050464991331639	0.1292635670011605	0.03096490280171875	0.2097788780340626	0.1210169533839224	0.1040544863187506	0.05689934322931388	0.05280342715095866	0.05032913728019595	0.01048144505711746	0.01030898187795659	0.01077623706531131	0.0104286570474535	0.05449940441177097	0.01017222923924088	0.01014614328787382	0.01050890100681426	0.1061278874036677	0.02908722572399512	0.01003268668449157	0.02589003688864885	0.1745818906520508	0.01030189951841892	0.02875318504540554	0.0841352817154408	0.03870424944281346	0.03036146968237032	-0.02597759829847048	-0.01251856563286552	0.004528713117434717	-0.01197848938412981	0.01686601967796272	0.009653992530867317	0.002648277463693854	-0.004053078165782281	0.00309294156857992	-0.04385361490333757	-0.03777469959119274
0.9359649122807018	0.02718910118858303	0.1723795031077953	0.01007382887477145	0.01005614876314261	0.01014543892571705	0.01902695091456195	0.0100654629469337	0.08412955312942383	0.01009530534286908	0.01017742571421405	0.02475039790809869	0.07276669228410239	0.2514815008393836	0.4033720191876389	0.01006612562777001	0.01002959291851486	0.0100239561701443	0.1074951346613312	0.05344834039120873	0.04134847173614235	0.09872432287490128	0.1125296934484641	0.09002689106776983	0.06798388944546917	0.3988064923164374	0.02997575431230369	0.07083737364711615	0.1358156595396021	0.4088160999973653	0.1980544785893046	0.1380572099109376	0.01009086609847235	0.01019401831470668	0.5530156596245327	0.1889672337117086	0.01003851511497817	0.09381734904512892	0.0100304674252538	0.01001008206165045	0.01002217155873658	0.01021443644295702	0.01013267027933243	0.01141131125921092	0.03308483728908708	0.01040708372709651	0.01029991691210595	0.05061842459376131	0.01185499485156787	0.06780464046568098	0.03510705661096266	0.01105536954605603	0.01048778752722053	0.01056744713017745	0.01021785149523027	0.1089625325366116	0.1337793876078074	0.03577841241449575	0.1995623089501984	0.1207776775993333	0.1060395002986927	0.05840239781702383	0.05455449610748431	0.05222696716134566	0.01067846476576681	0.010401932483086	0.01098878150474159	0.01055119633548791	0.0575331261249156	0.01025581813963607	0.01019457479677014	0.01092779451102218	0.1090585539350885	0.03056898011650199	0.01004094929400045	0.02880370193549299	0.1705110955903553	0.01038687029719554	0.02797574528221917	0.08037573176670097	0.03756500935165548	0.003435570465475215	0.01819416660038884	0.0486408688758321	0.4618148421664547	-0.01611092715644124	-0.3103068687922089	0.6229646814237639	1.513347894788614	0.9497698068035904	0.03654517381263092	-0.2474921045913178	-0.1731289762480325	-0.2335689560198693	1.877945365956963	-0.05462944425745161	-1.554007790451657	-0.1463318112212998	-0.2329231745717052	0.455770785713721	-0.545757042554501	0.06786079302825536	0.5462233931158926	0.0311662885571496	-0.3068398404653626	-0.09260416784092662	0.3753553660321202	-0.04698989142563453	-0.5678602667397616	0.07225941756951902	-0.06981873214608922	0.4864814909780232	5.227810588082462	0.4864814909780232	5.227810588082462	0.2919939629047149	1.491978143379425	0.2919939629047149	1.491978143379425	0.1073080602721962	-0.7241236603382184	-0.1047501597601025	0.2201263045401576	-0.2853276705450143	-0.3125254586344896	-0.1812008888135749	0.1629816749885063	-0.1276162734870764	0.1536221673695985	-0.3645757043501257	-0.2224690385090831	0.1060197679959834	-4.847223298979965	-0.02220748450193934	-1.133718779052187	0.8143042420181226	-0.7444956914548828	0.6026770859284335	-0.07289004503920631	0.9513950951222395	-0.01263285395349107	0.8901221905880304	0.002211445716830739	0.1562819861527908	0.07903537382237102	-0.1444729212545758	-0.02037739538029611	-0.0196874724964492	-0.005284600008945073	0.0259118108049875	-0.0003056813880828273	0.05428500017735895	-0.06364974693402677	-0.005973329228695681	0.05506566938197686	0.0001398856340310997	-0.05660513105118042	0.166650439763441	-0.0208486516308416	-0.04502489052297307	-0.1069498581497719	-0.06140894439239303	0.03704535884564492	0.188790559621854	0.01009520661901346	0.01006938132445884	0.01019455338114844	0.02789683269601848	0.01008859890113699	0.08292162112931642	0.0101414906567011	0.01026604814572262	0.02556641829478965	0.07069440772539994	0.203439182215553	0.3092788085233523	0.01009852672119779	0.01004269876805882	0.01003334943690222	0.06346690446408849	0.04973748271056824	0.05426803788643424	0.07376993522935427	0.09841806416797085	0.08474936802242629	0.07210976548354503	0.3162950180951282	0.02973825560764119	0.06895931232843971	0.1597972565500781	0.3536065761395792	0.1913558660923892	0.1420748709334332	0.0101374174219366	0.01027264686876895	0.4406365484409207	0.160338109997241	0.01005653022541376	0.09335987502130404	0.01004281685377229	0.01001416819720577	0.01003116407576823	0.01020439783335814	0.0101261162397085	0.01166510155686397	0.04453977940472603	0.01039945137167724	0.01028986613329239	0.06044965770738636	0.01200875340211107	0.07320039272713311	0.03760029362637241	0.01142451435497615	0.01063912629477732	0.01010089615162163	0.01005645637461172	0.14544828164882	0.1775702819963436	0.04585806099264348	0.2871985677596379	0.1664710951571008	0.1424612018774534	0.08204228813401485	0.07512365211070894	0.0702047126513753	0.01066518755873648	0.01045101903496383	0.01134079777558279	0.01073542329358197	0.0723548599958798	0.01022832297579715	0.01021800099897626	0.01081651528706961	0.1339142214425888	0.03604380520454972	0.01004694098713827	0.04242516616395527	0.1858440222900752	0.01050217786609115	0.03158633588936078	0.09712660566178799	0.04355579790408726	-0.02513837419517922	0.03013529424246044	0.01245395141538563	0.016023771500524	-0.0002705452735147683	-0.03787437700060134	-0.02371653394926397	-0.001300228748684801	0.007289509905686455	0.001143304440216074	-0.0448841754431226	-0.03791791749164588
0.9458771929824561	0.04055610521371675	0.1877986462418823	0.01007644264621909	0.01005607724272119	0.01016261019637986	0.03331495811261603	0.0100701480012935	0.08300020396258229	0.01009590827191499	0.01017952112285767	0.02351549821893076	0.06655167732836004	0.2180462480347442	0.3482186923027442	0.01006746872910562	0.01003010483217377	0.01002473920030226	0.06766113705528945	0.0415288290300714	0.04147703082600691	0.08036162732219024	0.1010323478628677	0.08506421736278937	0.07554924426333205	0.3594303996250529	0.02777127294844127	0.06483494904851943	0.1494913521879327	0.384857553397808	0.1906567056520397	0.1384528011432861	0.01009879353297315	0.01021793736473909	0.4825942434759882	0.1692798545347424	0.01003850351368173	0.08702968846083402	0.01003024286436907	0.01001003733857472	0.01002203504479308	0.01017731773410728	0.0101086193901812	0.01135677776021064	0.04323659646727165	0.01034008773923483	0.01024246411091831	0.05455031326063901	0.01155278681741285	0.07438281750095514	0.03840425194781991	0.01097631396570432	0.01043369722445626	0.01024116968542326	0.01010021341069607	0.1260080428883257	0.1524903538843846	0.03779397401154479	0.2598242432422434	0.151357341543216	0.1264504094666314	0.07944775664342835	0.07078898460194893	0.06451035396769064	0.01054675281896729	0.01035095351349789	0.01091463453829667	0.01049677330600517	0.06132320900094677	0.0101943307857443	0.01015174907539214	0.0106747467348731	0.1277745837615206	0.03654466488749025	0.01003306915892234	0.03872750633170884	0.1845309775270499	0.01034130047592049	0.03415201603614084	0.1003881083635692	0.04651159756607533	0.003740623636767582	0.04671307698701936	0.05338356328137907	0.4947147744415353	-0.0187404521262604	-0.2181982693959607	0.6378504947912362	1.489052129544387	0.9502208212845131	0.05451851396319082	-0.2492676034461536	-0.1850692094497646	-0.2134121772394196	2.183496923562473	-0.07050902248193631	-1.647189596626567	-0.1485578293844297	-0.2149767388366988	0.4500927575864806	-0.6008020905751282	0.07367488738264456	0.6281441362541283	0.02815288007156399	-0.2963894657393397	-0.08923722727257205	0.298671038466263	-0.05271129322741656	-0.5859553715829211	0.07097861514973214	-0.1909795311756285	0.5402166985278642	5.606690637454179	0.5402166985278642	5.606690637454179	0.3062906449727035	1.402029113539679	0.3062906449727035	1.402029113539679	0.1002523375149779	-0.6957867186900631	-0.1024978168069864	0.2342240589453403	-0.2884668772665679	-0.3213278290130531	-0.1790683625932693	0.2703722723690737	-0.126231069677936	0.1247849604381429	-0.3664112676513068	-0.1456964407287797	0.05567608347021507	-5.281564577055568	-0.03094710498559241	-0.6178412550619754	0.8066071300078722	-0.8079611170551197	0.6022590082813987	-0.01091727675601143	0.9512621830092244	-0.0141672791422677	0.8901412809970206	0.001566193939293277	0.2241528552320632	0.1326574616142574	-0.1396321830287202	-0.02084595181745129	-0.02211449551191455	-0.005691363732224797	0.02632776633004065	-0.0003197445552245248	0.05561181759244897	-0.06271403147003264	-0.005582643296631523	0.0561460109656475	0.000199842348168908	-0.0612524979685416	0.1652062279418978	-0.02472074864652011	-0.01824441840852614	-0.07505377107289062	-0.04217350623981409	0.05710090862239937	0.2134076144537729	0.01006831600548902	0.01004839293328337	0.01016010110910813	0.05226947811820299	0.01006469273561278	0.08291615380846025	0.01008495339372419	0.01015822696302773	0.02079711638535933	0.05552814694372221	0.1687811757017622	0.2561529143740885	0.01005278223195541	0.01002406584206327	0.01002098991161347	0.02315452835320743	0.0249301091302573	0.03685450008889914	0.06119388456970309	0.08881590877867959	0.08073148137316327	0.08760648735303904	0.3064151295668019	0.02399124232053498	0.0541228059335674	0.1678733776286061	0.3574371535943349	0.1795014042764472	0.1393743617286894	0.01008571553440283	0.01021024283085789	0.3345510287630155	0.1456422138311222	0.0100342442566217	0.07301607764311463	0.01002322555467748	0.0100077682938677	0.01001697128884739	0.01013267330356668	0.01007963516974501	0.01119528295032035	0.05372230499259871	0.01025446996014269	0.01016968420639608	0.0569250717401101	0.01107528384691069	0.08294807474718274	0.04239611349273519	0.01066572562777284	0.010272636555065	0.01004904172533616	0.01002708096337182	0.1372471580422252	0.1642419727347459	0.03580775151941543	0.34644437755223	0.1854433141088181	0.1440759249242823	0.1029131714453375	0.08703073410058028	0.07510680189248414	0.0103765459374838	0.01025918672146688	0.01061960742540929	0.01031790223314441	0.0587659971852602	0.01012575697769171	0.01008025538568832	0.01038839812714085	0.1519163061352942	0.04359703986278497	0.01001817730600832	0.04721194284163434	0.2054144341655026	0.01021221899655484	0.04203587043435297	0.127575374087115	0.05787650560426422	0.03106010551081423	-0.02532130594488604	-0.0158076506774875	0.005579418009509318	-0.01134780550997411	0.01554127636553954	0.007694545786461777	0.004549127121724223	-0.004168164084603531	0.003630139799273388	-0.04598862988709112	-0.03750316124170058
0.9557894736842105	0.05629550398954405	0.2102692388694699	0.01007388929633564	0.01005205159343758	0.01016722239911652	0.05329472980234507	0.01007180968117018	0.0862547193583111	0.01014270389889022	0.0102634818332717	0.0205183161783071	0.0542687244103032	0.1829050308173811	0.2904056170008693	0.01006696733431918	0.01002965471449139	0.01002471240561795	0.03449671421567446	0.03119776788819712	0.04786581339569589	0.06306663569827169	0.09421646103718291	0.08578468921263981	0.08781471624242364	0.3317568118725973	0.02348464789289431	0.05280196691457265	0.1761411342615944	0.3754455494174393	0.1855414533613743	0.1457178860638635	0.01010100645829893	0.01022807117859323	0.3870381117186267	0.1551606712265905	0.0100580499173695	0.07180451693809485	0.01002790738036573	0.01000933341959608	0.01002038836791831	0.01015915047709269	0.01009648890540742	0.0114878716562897	0.05449064696478928	0.01030828732648322	0.01021056045248499	0.06200782356316397	0.01142573406135408	0.08157241640244453	0.04203322846519214	0.0108555166990254	0.01035399564808899	0.01012833590426286	0.01005724937992625	0.1376757342770037	0.1649735505816645	0.03954152522826174	0.3178867178982826	0.1784348260232244	0.1420678958203308	0.1001188352725825	0.08576512294692266	0.07490239044751744	0.01048043848867448	0.01033015154881752	0.01079787696565217	0.0104131841439212	0.06030644462052581	0.01016404106568733	0.01012058722051257	0.01053881083575435	0.1531101091980805	0.04450869490387848	0.01002364450111596	0.04833880926711367	0.1988703067299883	0.01027619278447052	0.04088955347978568	0.1215114167572138	0.05607774361563456	0.004422357803715329	0.09352864394917253	0.05843294057214748	0.5229400874666675	-0.0204088607139159	-0.1177262802702539	0.6524639111024408	1.458549456107528	0.9508514274747263	0.07273212020500322	-0.2511587085425818	-0.1963070026068064	-0.1904052329124226	2.451893350188411	-0.08721389252663049	-1.719079928692544	-0.1505653099283067	-0.1884551683057528	0.4438330526212207	-0.664020906415249	0.08032269688671385	0.7128204706799053	0.02537926356715734	-0.2591773036543326	-0.08678129198297296	0.1924232953209294	-0.05858672616904586	-0.598148039100256	0.06844252501986436	-0.3214360465873304	0.5974470021082267	5.929708212504688	0.5974470021082267	5.929708212504688	0.3199532694910686	1.361629435875835	0.3199532694910686	1.361629435875835	0.09358003269868018	-0.6476127634269266	-0.1001115403407912	0.2468768175586114	-0.2917035364996098	-0.3318559100120846	-0.1757866103545918	0.3941356497127367	-0.1251603637927842	0.09054887597136961	-0.3674280122230938	-0.05805390016941019	0.00196113823874669	-5.520753180205028	-0.03429008984167221	-0.0519012060119772	0.7983009905288572	-0.8671466841930481	0.6024687579367674	0.05349367292875052	0.9511144566461236	-0.01563452108348314	0.8901519571091504	0.0005343504485362325	0.2895748321032106	0.1918413480775067	-0.128138975963926	-0.02262869834972194	-0.02475508536483741	-0.006002656441822178	0.02620941425500128	-0.0003207827357168376	0.05222524757530762	-0.06029476110581775	-0.005295538938589936	0.05568428924065998	0.0002368378720417133	-0.08929007129588695	0.1648164207546422	-0.01576238059633098	0.01210564620142662	-0.04461208565542386	-0.02181087588978655	0.07197023699426215	0.2473886744569507	0.0100851945095652	0.01005757644360532	0.01019185187455054	0.07515302885785453	0.01008905241448365	0.09516621512103608	0.01027895475438226	0.0105117790673598	0.01779917365475287	0.03912950584810431	0.1342620588919783	0.1967160097056049	0.01009577299500433	0.01004088543369242	0.01003252724755438	0.010502031812831	0.03093241673528939	0.07428503885789756	0.04218819009449778	0.09157487233343563	0.0936690399201926	0.1029858153768442	0.2916133858319414	0.01905250009881054	0.03797145391250869	0.2363705321576837	0.3704127390441417	0.1851878604365116	0.1673933587562353	0.01013641866508373	0.01027982403054163	0.1987628157173776	0.1424909155138827	0.01011418969854126	0.05239249665827274	0.01003614226539961	0.01001213474626456	0.01002643739372801	0.01018606419742835	0.01011317386956412	0.01210484814583778	0.06889337681499437	0.01036930559147674	0.01025033318446334	0.07982116729174524	0.01192192469142585	0.08851977357260762	0.0452646921856751	0.01114294613465844	0.01045532417804642	0.01007846304805329	0.01004148352537156	0.1624534918241526	0.1946030714558958	0.0491489544780187	0.4112675295190128	0.2191261751251777	0.1686487785224637	0.1249311752004924	0.1048058589959929	0.08949906211809451	0.0105947822569219	0.01043809250938683	0.01106650991213838	0.01054044504767861	0.06469822942391704	0.0101973817900862	0.01016674864197865	0.01065620750097627	0.1969931604939731	0.05436657639728948	0.0100266254889934	0.06192062139592715	0.2157208905776054	0.01035336353694919	0.04578828977738917	0.1423266841909952	0.06366556253060067	-0.02858709004937386	0.03315261882334519	0.0159192418378542	0.01394678697417261	0.001850461953239631	-0.03814176590452239	-0.02292582208640761	0.002037667310482643	0.006946281352885521	0.002341498880173508	-0.046658871680748	-0.03661131790051958
0.9657017543859649	0.08048385282911888	0.2412803047364654	0.01007435561361739	0.01004855818015527	0.01022409457343815	0.08462991061561176	0.01007818690634072	0.09144500534326749	0.01016613831165543	0.01031240459255863	0.01691351970731252	0.03877292322370199	0.1498547700345341	0.2363598691411662	0.01006527238818268	0.01002871242127208	0.01002486086673241	0.01910664788032054	0.0229916382749828	0.05663510738461562	0.04032682606682388	0.08605939655182203	0.08771816829806735	0.1065954325502878	0.3070041986585118	0.01848974461304866	0.03774550292910261	0.2125793828639786	0.3730324869182562	0.1832835350740929	0.154400709981867	0.01010676162315524	0.01027002575749867	0.2766584229057977	0.139397936300451	0.01006605624859436	0.05167206729425362	0.01002587874849886	0.01000870378910587	0.01001893592709619	0.01014303710124524	0.01008586153827455	0.01168609157540278	0.06532154953865557	0.01028346618415188	0.01018669281559346	0.06583482744517845	0.01134170663752253	0.08855406155023091	0.04578530235511959	0.01077438815985136	0.01030766815876036	0.01007782158922194	0.01003727241639214	0.1467087079829749	0.174165420299667	0.04039223598607621	0.3745035334090032	0.2038718204620167	0.1553014696082841	0.1212219248980681	0.100609875880254	0.08425135903930984	0.01043592989361439	0.01030947829473734	0.01072027379776599	0.01036331030714024	0.05589105659527676	0.01014380177493113	0.01010331210598333	0.01046259067443824	0.1723192176368312	0.05139124242463627	0.01001886871432959	0.05908679911530509	0.2109553159541956	0.01023899078476008	0.04728029518107184	0.1413765767657793	0.06512223744746209	0.005638424537499055	0.1534819157700728	0.06372019905149161	0.5419629429725463	-0.02107469783775673	-0.01738121693369383	0.6667494910450277	1.423175145751017	0.9516621991092037	0.09080198687543797	-0.2531537623546014	-0.2058723804388222	-0.1649438571028575	2.678245589249039	-0.1044906073535078	-1.761211406524775	-0.1522583469017619	-0.1512078663889322	0.4368859391560892	-0.7401480271397415	0.08778219575146484	0.7902208283492309	0.02308404593397316	-0.2011092988349324	-0.08549647519489827	0.06391482057755631	-0.06453433060818146	-0.5997776597537868	0.06460948828441006	-0.4509208817357347	0.6575228695007161	6.177858408327714	0.6575228695007161	6.177858408327714	0.3333884498350987	1.352574769634125	0.3333884498350987	1.352574769634125	0.08746082506260985	-0.5852092029576157	-0.09761397371744243	0.2563819946787262	-0.2950439303747683	-0.3417756991856872	-0.1712164613197964	0.5295022971838541	-0.1244449714191529	0.05362506584422013	-0.3675448439624435	0.03476135490987108	-0.05301278476756563	-5.531147464934544	-0.03195504204560089	0.5203660117427621	0.7894348004421232	-0.9207192373643717	0.603318985717389	0.1176463289474716	0.9509521673375713	-0.01712439256836916	0.8901510480950471	-0.0007486740632318931	0.3235462464437663	0.2312857141027712	-0.1131541665677612	-0.02152560826304166	-0.02638437251370979	-0.005913015261836054	0.02663318129760186	-0.0002949709518137663	0.04847570539494052	-0.05766163484413785	-0.005141621203472391	0.05467414849053671	0.0002439193752878693	-0.09419874497599733	0.1656310995682108	-0.02250745146754538	0.03870152436158179	-0.01259475068423598	-0.01314680273319628	0.1127557761443162	0.287882829408022	0.01006937434734494	0.01004085720042653	0.01028704243745199	0.1271616033275894	0.01007900680660304	0.09571154787316064	0.01021172242141941	0.01037332233752579	0.01310205004933799	0.0221654581678436	0.1105767502119284	0.1655080435319513	0.01004950260237137	0.01002220031006056	0.01002154162884624	0.01007030317403482	0.01044080888303915	0.05793028425452488	0.01548977660828982	0.07307224592972675	0.08759610684694182	0.1321888761506285	0.2670900909824058	0.01353831283903454	0.02174439991207388	0.2596018998795585	0.3691722253654778	0.1791077737508003	0.160066395666458	0.01009642221187405	0.01029954891141311	0.1069907998131721	0.1151391796262689	0.01008908753284692	0.0285352013642593	0.01001902447381075	0.01000647617205998	0.0100139621181209	0.01010761461543859	0.01006306379658855	0.01161252931971944	0.07512208274772683	0.01021751555476011	0.01013333468984551	0.06226454453321661	0.0109720825712824	0.09646881779028318	0.0498067107123014	0.01051223325319324	0.01018956013504456	0.01003627822838492	0.01001859461506047	0.150344546856993	0.1758345948976198	0.03580178672322541	0.4657454786191357	0.2353119934802411	0.1668817311248608	0.1471983667699298	0.1171344094598935	0.09282229378025433	0.01031465092643335	0.01023210313501165	0.01047184804326276	0.01022660968040669	0.04659038067408061	0.01009928003530205	0.01005567227159738	0.01029726124409978	0.1863198431649564	0.05688491228777631	0.01001060207237684	0.07022539761831074	0.2256728216241311	0.0101465202577875	0.05493228009767341	0.1682647660456347	0.07615063368110621	0.03420227336518742	-0.02557671208799927	-0.02269337068796998	0.008582129423857009	-0.007653254490393555	0.01447977527503779	0.006289093915257605	0.006503020369528362	-0.004305242413382135	0.00457303264756177	-0.04628420911242773	-0.03525669191809688
0.9756140350877194	0.1017328921769399	0.2664907851694707	0.01007477921055312	0.01004575647767081	0.01024849900746332	0.1167513487420878	0.01008504716535205	0.09555698739751001	0.01051553420906859	0.01082691015556708	0.01413332059338045	0.0248063676014859	0.1225856614961227	0.1929084913853813	0.0100681371097543	0.0100297432620722	0.01002653273001196	0.01353947609703321	0.01368222384006113	0.0672081253904032	0.02166026943040683	0.07741524112617469	0.09129768498302035	0.1243379003620254	0.2799483679456638	0.01478510949392293	0.0242339420717466	0.2536866893524432	0.3698333703377008	0.181772036235107	0.1622172681935735	0.0101082169235443	0.01028750919289794	0.1681142720167515	0.1225875815550027	0.01023574670981975	0.03192634662178141	0.01002478877741816	0.0100084576360961	0.01001819725872661	0.01013347271031739	0.01007967626973835	0.01165585065571387	0.07324142970341403	0.01026219327282331	0.01016870060747046	0.06626440590501138	0.01126458171381066	0.09308343665002425	0.048323875928025	0.01069473581271332	0.01026266582497574	0.01005758368403097	0.01002814629011576	0.1520309019329947	0.1780642075366514	0.0370099594210445	0.4289467521969713	0.2272617677123628	0.1664243229985339	0.1420947729015516	0.1151596495767034	0.09318900633609807	0.01039560218370199	0.01031684286882024	0.01064068095137068	0.01031299872761	0.05174073584405846	0.01013071587545841	0.01008890350261714	0.01040647859562104	0.1859496959159773	0.05607239806959891	0.01001493504897417	0.0716196436815172	0.2165518135764861	0.01020394081156279	0.05341673206156103	0.1603910791982819	0.07376698726481552	0.007484964414895984	0.2194185020831187	0.06913225750328615	0.5474280859854542	-0.02078305151217779	0.07402991272735369	0.6806675794352774	1.384724407957955	0.9526496136770639	0.1082987705279935	-0.2552310433957942	-0.2127114640206098	-0.1374522397639161	2.861721525587149	-0.1220056154711611	-1.76601536388316	-0.153522522764945	-0.1017633228879053	0.4291082838419458	-0.831823400122548	0.09593125477481759	0.8503365223392376	0.02143267161603117	-0.1308848584479072	-0.0855521217240717	-0.07599044097505998	-0.07042880379070091	-0.5868424157488031	0.05954047709940886	-0.5691674612229698	0.7196187993973951	6.334862651335332	0.7196187993973951	6.334862651335332	0.3467949367996154	1.351800584583856	0.3467949367996154	1.351800584583856	0.08200445540333645	-0.514942586563977	-0.09504512514541588	0.2609837383377786	-0.2984667264436042	-0.3479988713940252	-0.1652679538704477	0.6713455240094557	-0.1240947703098135	0.01744521772972531	-0.3667456396122356	0.1255590437235482	-0.1068736604788049	-5.294687763397566	-0.02409909612009192	1.054960049587113	0.7800717992571737	-0.9671567406914616	0.6047847491421525	0.1769229631365213	0.9507744940376764	-0.01875701073646078	0.8901367445279759	-0.002142467566588617	0.347601548660386	0.2584940786741245	-0.09677026225103073	-0.01939147927927074	-0.02934590791162713	-0.006058590894292455	0.02747282034013817	-0.0002705309881733323	0.04279990170991239	-0.05268145785477152	-0.004775062870816802	0.05270064603584003	0.0002406740309590471	-0.1104834027338846	0.1703577686504441	-0.02020078875334422	0.05043659476339883	0.02468014435171456	-0.006625959815814744	0.111920605207979	0.288774074156642	0.01008600116926506	0.01005262953769956	0.01020981453364574	0.1434277336276161	0.0101032320851707	0.1020957247896738	0.01128797927536565	0.01198477183840179	0.01308154544750668	0.01375648305129349	0.09273041524701232	0.1390375974540121	0.01010583109671193	0.01004481989591208	0.01003731690744469	0.01009656757712755	0.01125669321697169	0.09874179406446397	0.01085287748408193	0.07375232576797637	0.1031017665690703	0.1379906985754054	0.2346958110320627	0.01299389698305647	0.01347461830626547	0.3340631042983056	0.3622033654460042	0.1834452931356089	0.1821850735796392	0.01013524711937369	0.01029154146741104	0.02464442570765989	0.1079856545258094	0.01060720730062854	0.01494295240036178	0.01003485315784682	0.01001200636931247	0.0100256374549834	0.01017315284752654	0.01010501986854929	0.0118259653664896	0.0816824342553788	0.01033012449373396	0.01021992512819745	0.07671539248632356	0.01177406271658911	0.09444979780738363	0.04901108377165658	0.01098492947944983	0.01036655562068689	0.01006673742564326	0.01003353142082007	0.1677930984195702	0.1940399420624044	0.03775967743443711	0.5235514434905153	0.2648495473551948	0.1884613683609751	0.1682047446665935	0.1345553047040653	0.1073593172817496	0.0105180782526619	0.01047946796265371	0.01090532254051276	0.01043937390868586	0.05662164441364185	0.01017800026104699	0.01014064929837391	0.01056306633415626	0.2168980527755771	0.06141020743594957	0.01001955732648562	0.08988822731383052	0.2153651739188327	0.01028529404106985	0.057905653388025	0.1803440340872713	0.08074193154635646	-0.02871007763210429	0.03785991675595671	0.01279473272132478	0.01426050566291393	0.00635937781832906	-0.03883613720594849	-0.02200162614566559	0.006408073875765249	0.006590687244398679	0.004853014605432009	-0.04410835355234951	-0.03359609740839421
0.9855263157894737	0.1196645818446158	0.2836171760825301	0.01008187712662231	0.01004498488648989	0.01183332235540571	0.1456939508783106	0.01011916612400627	0.09676558376864422	0.01182261227209868	0.01157210892275603	0.01266018308435549	0.01647475043104571	0.09905085775038193	0.1557607213380937	0.01006942399206243	0.01003033745763351	0.01002893329305918	0.0112734817466506	0.01165368393743205	0.07268850922684265	0.01442278924193958	0.06313380249305182	0.09019916667005021	0.1392464794182875	0.2464163457672822	0.01286324061304106	0.01622733723359622	0.2887314786945926	0.3599053833026666	0.1823145896208428	0.1646241717826571	0.01012495814628332	0.0104492267301657	0.08355632127060098	0.09981371111248014	0.01560555234922449	0.01936667873729026	0.01002406514760615	0.01000827956117856	0.01001769351978271	0.01011998883518086	0.01007168961075784	0.01128410239455337	0.07603205116115903	0.0102331578308129	0.01015202362364405	0.06114105423236339	0.01122031219199861	0.091961292827637	0.0479509200489519	0.01065828712458496	0.01024214188182596	0.01004781417574979	0.0100237132625448	0.1552974781782808	0.1781440925393728	0.02814958236301735	0.4815636547064053	0.2499138268694172	0.177261477237655	0.1632014396585936	0.1305099069179482	0.1026636492068477	0.01035647285467195	0.01031575729309725	0.01060357744115866	0.01028993720449991	0.04868305561495485	0.01012196336927784	0.01008564123332529	0.01038451804178145	0.1919247922627982	0.05721653806640348	0.01001315422941904	0.08897298432626108	0.2101571007222671	0.01018807361915489	0.05928848948277821	0.1784158410667993	0.08201421942156011	0.009980879997010887	0.2831181505935605	0.07451548925667542	0.5356161228587319	-0.01966323660454298	0.1485022970006619	0.6941973909441346	1.345165250584517	0.9538061539959429	0.1248823876195674	-0.2573581456484392	-0.2157823354686687	-0.1083449932884943	3.004851613557338	-0.139358052845425	-1.727604035521037	-0.1542337124945773	-0.03962565071547144	0.4203432016018307	-0.9392311354460187	0.1045527179768611	0.8841836952893952	0.02049608579326671	-0.05860905975675718	-0.08699757876798268	-0.2142668556248006	-0.07611023243201787	-0.5563772644190685	0.05339382096672822	-0.6669438459023371	0.7827647873664726	6.387900814363705	0.7827647873664726	6.387900814363705	0.3601347814367874	1.335221072581962	0.3601347814367874	1.335221072581962	0.07725771277079981	-0.4430333808517431	-0.09246105956853472	0.2592532643422038	-0.3019225563093887	-0.3480776029702509	-0.1579052616912723	0.8138015708699331	-0.1240858784538235	-0.01474266593756809	-0.3650851902772622	0.2074445499078791	-0.157163140084206	-4.812386285368983	-0.01129563803298951	1.512787588797872	0.7702883960626372	-1.005420380226215	0.6067973661980993	0.2274139509183923	0.9505795447065244	-0.02062309078834886	0.8901087708758042	-0.003478828348087008	0.3483722480176423	0.2677432035753607	-0.08083433357975638	-0.01437108885823918	-0.03307207408986912	-0.006318967354672558	0.02915271424153964	-0.0002468393657144534	0.03747718604056915	-0.04663369877340734	-0.00430277644817846	0.05045001886710177	0.0002247626577135531	-0.1091173674210887	0.1703088236055635	-0.01854880187336175	0.04627490209532994	0.06466915731477067	-0.007151380986837238	0.1454999840557558	0.3063418204349141	0.01008820337709363	0.01004124916194712	0.01395217918680508	0.1854554018179057	0.0101574868620034	0.09378256626081952	0.01469725298880405	0.01249544772341005	0.01120319010764941	0.01067779147990953	0.07352062651746011	0.1121268968438948	0.0100555254571929	0.01002518464118443	0.01002877488363875	0.01003089570517537	0.01013815032063644	0.06403463325967747	0.01015692710370201	0.0404918497195045	0.08193887277291302	0.158183117296568	0.1907119220303473	0.01118303055038949	0.01075120816991407	0.3249683232649606	0.3346796930719401	0.1837199510117843	0.1568596627027059	0.01013189958945037	0.01065476688571122	0.01009966769691803	0.06555009005904829	0.02776780506803787	0.01052196610899054	0.01001922111805486	0.0100067031264241	0.01001415894061473	0.01008124168399019	0.01004780915325488	0.01066012853366737	0.07593861151091535	0.01015746552349182	0.01010232087094319	0.04623655942087947	0.01089387090114672	0.08705476927134359	0.0459542182703809	0.01048222847432366	0.01017171111015826	0.01003199178555682	0.010015980721298	0.1526161561584919	0.1686723996987061	0.01377325970497191	0.5721969285317576	0.2798506297768106	0.1871271112659291	0.1912007442061685	0.149088207110455	0.1120626283291388	0.01023768147977051	0.01024199551759544	0.01043747263360276	0.01020585512759861	0.04130521772852771	0.01008589097830275	0.01005439851473803	0.01027335015782747	0.1858647477570833	0.05568264059163153	0.01000898421521671	0.1098789153704531	0.1915513338715957	0.0101338086306584	0.06656256288845683	0.2042701653058699	0.09252488425827911	0.0354844314580256	-0.02561257032898364	-0.03017057704349588	0.01003897903990127	-0.004490986468593069	0.01391604331612014	0.004868360366574846	0.00800307668969581	-0.004389691954059432	0.00491639236995939	-0.04070844821269079	-0.03172663365024869
0.9954385964912281	0.1313908964656408	0.2867369958053199	0.01009537636649864	0.01004761486306766	0.01248886748961116	0.1689436864613388	0.01014313282881565	0.09172765813088951	0.01861867555964893	0.01399284598029715	0.01195035389507824	0.0128959257779505	0.0824418986325567	0.1302940244715622	0.01008329842547957	0.01003715752780788	0.01003841161060462	0.01051929022231567	0.01067179715825778	0.0713954779747118	0.01177533597577576	0.04609509591158491	0.08758604736620834	0.1464625413862841	0.2047517159114401	0.01199517595110818	0.0128483197193691	0.3160775459096755	0.339380598108183	0.1862102863974353	0.1594718604763951	0.01012519574848947	0.01049165021484146	0.03876778061679712	0.07481194092911224	0.0387917435295748	0.01374669021544529	0.01002845557478165	0.01000998236350959	0.01002097366890015	0.01010982205869273	0.01006562252318493	0.01093779521708682	0.07675450358205517	0.01020715267959558	0.01013655929819866	0.05137123736703426	0.01114822713055305	0.08311426461203532	0.04361745580253402	0.01071362319946661	0.01026892155943665	0.01005050776068888	0.0100251920922304	0.1550730481030954	0.1733968767261912	0.01753737135243872	0.5305544555499709	0.2699123848516524	0.1856665488590431	0.183697887249111	0.1450474001728804	0.1110807526246168	0.01031607461991556	0.01035216019286236	0.01065060349145741	0.01031953202171068	0.04544718250522788	0.0101147182241757	0.01007991587153917	0.01035950413712545	0.1899034282556868	0.05569573062773877	0.01001442847234233	0.1069299493840041	0.1877701329066268	0.01021165543126921	0.06487348068522789	0.1954599942415195	0.08988483294283786	0.01306342704342687	0.3364856529653159	0.07968509513918955	0.5040231908505318	-0.01791617730438057	0.1997122215339292	0.707337520206352	1.306398305776622	0.9551219674846284	0.1404253855213176	-0.2594943055108236	-0.214482943758824	-0.07800053105958091	3.112277833635379	-0.1560995374136235	-1.642349028674121	-0.1542677151378656	0.03468713339767398	0.4104429199694379	-1.060327427577705	0.1133496785804756	0.884789206320697	0.02024414905036764	0.005654982426665001	-0.08975057413085304	-0.3376615545443157	-0.08139367190450476	-0.5062462675656342	0.04641135410568521	-0.73672578735799	0.8458832711277474	6.328265891943159	0.8458832711277474	6.328265891943159	0.3731414858619321	1.281434349822343	0.3731414858619321	1.281434349822343	0.07320765268313681	-0.3752892703509299	-0.08992950542034044	0.2502984627342233	-0.3053397868714381	-0.3398858070065671	-0.1491533271795199	0.9506357088344967	-0.1243647989010354	-0.04022600202576743	-0.3626832983045757	0.2741948881359597	-0.2015319935046272	-4.105216687790861	0.005538145621759068	1.864137588422046	0.7601687713121731	-1.034918681482992	0.6092524069171685	0.2655939045154402	0.9503646626323891	-0.0227854940239327	0.8900684293583914	-0.004620259541846898	0.3442301204608724	0.2704346162513601	-0.06540030964474124	-0.008835627325916676	-0.03701167505188838	-0.006591314767668621	0.03115206967863616	-0.0002214433707442556	0.03045958930979251	-0.04038777717296056	-0.003981194832759784	0.04754127931837886	0.0001845373052477129	-0.1147561367925116	0.1671094012388228	-0.01127321542969727	0.02433902416218928	0.09924941052419378	-0.01530468149547157	0.1265698292043357	0.266292613683886	0.01011907799662668	0.01006111838183712	0.01062726624901108	0.182873712468291	0.0101415265626396	0.08362763372878414	0.03032724290642975	0.0184571975180508	0.01239945166164061	0.01150770235144054	0.07066665820646416	0.1107648446125934	0.01014553183709461	0.01006436974233593	0.01006299192185499	0.01005401572639021	0.01030859852559008	0.08806996263599166	0.01022567329676518	0.03680343819411532	0.09580222686107037	0.1408605948216706	0.1404304483688906	0.01228096807799493	0.01148153927944718	0.377649246372117	0.2974480651892183	0.1970408731813138	0.1595465689276314	0.01012005157910536	0.0102628895933504	0.01027796373822959	0.05641738929570293	0.07630111218100932	0.01117608332220117	0.01004848802141805	0.01001719702636451	0.01003578908297534	0.01015596660760891	0.01009470707396116	0.01115730381517753	0.08057054542162644	0.01028098363090374	0.01019014398420606	0.05151399212945103	0.01160318932221273	0.06669036052994992	0.03592452304891311	0.01118303045144033	0.01046506732298784	0.01008395488779543	0.01004210009293394	0.1618266566392167	0.1763444684130169	0.01477289796542258	0.617567241247996	0.3014178354601293	0.2017164071841119	0.2098648494035795	0.1633704486408852	0.1231737735220959	0.0104360514032932	0.01058792633623872	0.01107947981119684	0.01054861540220939	0.04988256868815207	0.01016493938592826	0.01012685902248885	0.0105101172752337	0.1991428334637751	0.05524841479879986	0.01002500526488827	0.1279354883832415	0.1427195566428781	0.01036993536867381	0.06883972922979828	0.2137529656617456	0.09621072228016025	-0.03030391588960119	0.04475705195830199	0.007663608954184858	0.01376253817986755	0.009582155068406999	-0.03931867006431109	-0.02250426673742645	0.009983095264821926	0.006270005997143545	0.006799729131951698	-0.0370437360888048	-0.02987966868858839
1.005350877192982	0.1310391358148306	0.2740605245216868	0.01011255258429631	0.01005081926264665	0.02500063198445493	0.1770131093600378	0.0103365677665966	0.08439988325040317	0.02837295031452108	0.01714970678458207	0.01158072510198548	0.01151329964557464	0.06286725252444993	0.09866639354282102	0.01008963663480288	0.01004046619489877	0.01004495547268669	0.01020408472679761	0.01034977966096681	0.06297889542505423	0.01071551171813338	0.03044313138898874	0.07886739203847667	0.1453797692940693	0.1634201090678412	0.01157302327458366	0.01152555130482116	0.3256883288957668	0.3108704454662429	0.1931437179004836	0.1493153035855461	0.01014954186002585	0.01075237167012665	0.0206848083753197	0.05110425047902602	0.06733463931093736	0.01168976134040696	0.01002984873111767	0.01001056285032866	0.01002201209455911	0.0101011319070649	0.01006077284269209	0.01073289939926765	0.07206780963556153	0.0101865299919122	0.01012623156087985	0.03780431212717429	0.01111372577271777	0.06606318389976541	0.03484805205841767	0.0107906907836469	0.0102922133917777	0.01005302799850733	0.01002650193359675	0.1507112627161179	0.162487161181796	0.01394183710467773	0.574213438531295	0.2867098593452728	0.1917464999605321	0.2025761935828884	0.1585865854524792	0.1184147109360134	0.01028835626590596	0.01039027396037267	0.01071548110011211	0.01034711819275645	0.04223422914006509	0.01011269103638742	0.01008702033208792	0.01036128396280185	0.1824669169706941	0.05080878877737401	0.01001533876601445	0.1280583321575089	0.1496159058551595	0.01023036706504394	0.07006485409130339	0.2110746774771758	0.09716648871050743	0.01659346725195805	0.3723334534376276	0.08443867323175321	0.4516543525175071	-0.01579454245893346	0.2236154570820962	0.7201043327232899	1.270098019431483	0.9565861947923352	0.1548151000239552	-0.2615956018685187	-0.2087736354995617	-0.0467431780361167	3.190135613552327	-0.1717588116670942	-1.509362683372222	-0.153511206371441	0.1195189807289426	0.3992918586943815	-1.190698491156122	0.1219692002014984	0.8479700948129452	0.02055261851404875	0.0531818489361273	-0.09360225441376294	-0.4341152855945207	-0.08607750102772184	-0.4353555094855609	0.03889850379761918	-0.7733372363682096	0.9078348110867891	6.152255063164104	0.9078348110867891	6.152255063164104	0.3853637502868176	1.174966146942237	0.3853637502868176	1.174966146942237	0.0697875539534487	-0.3166426620686976	-0.08752326016592069	0.2340304927462549	-0.308629330811465	-0.3222917750681224	-0.1390973568363319	1.07598014914583	-0.1248549248990473	-0.05715497672816227	-0.3597152288467346	0.3211283644404632	-0.2379344261573006	-3.213102053607255	0.02524691803706137	2.090848033433119	0.7498015844292916	-1.055349150075807	0.6120132907633653	0.2889578628920151	0.9501268796977357	-0.0252328647076812	0.8900181255040838	-0.005474236961951846	0.3306658323422414	0.2710009456354044	-0.05163902297068675	-0.002295826288229921	-0.04052113125092779	-0.006758644643824443	0.03354010904373737	-0.0001949940000444097	0.02359121669211512	-0.03530186524543076	-0.003942030322342487	0.04473676339213106	0.0001219823040728774	-0.1130119947876151	0.1683675769545568	0.0003269839694615939	-0.01769339463129512	0.1194198126899828	-0.03083760362128437	0.1311204947549169	0.2511634479678049	0.01012790991888598	0.01004949063857968	0.04428486031007332	0.1834495320842776	0.01058869464672543	0.07416021245100542	0.03702591259019439	0.01958478463776111	0.01083829059859201	0.01037161271672551	0.03570112222706694	0.05048018402837809	0.01007149463393156	0.01003428337480506	0.01004690172037762	0.01002764218140318	0.0101062669033589	0.038778397246706	0.0101081559613019	0.01135403488122555	0.0600403585567995	0.1433419088131972	0.1114452988896458	0.01084783332626289	0.01045858002100803	0.3127244777519702	0.260939583973465	0.2018644322451882	0.1277655563671994	0.01018058803962461	0.01119876302265979	0.0100281091285447	0.02265759431203444	0.09349009298819011	0.0102565274273249	0.01002511043430657	0.01000900605620451	0.01001852571741593	0.01006494634144267	0.01003882836720483	0.01032276528973346	0.06220721757379567	0.01011885696783348	0.01008368560817934	0.01590131109521761	0.01082866970602699	0.04409503780417078	0.02457578480877952	0.01074387030884463	0.01029412563532679	0.0100521701643189	0.01002644854426492	0.1384218575058972	0.1388802380068961	0.01025589600575436	0.6504856951882174	0.3085589888910956	0.1956189312184533	0.2282893855465141	0.1754445147265357	0.1253927357466564	0.01018614346908824	0.01033633871533193	0.01067380612017875	0.01034417877180453	0.03505881306244259	0.01008406595013059	0.01007165173607695	0.01028557093750396	0.1607370341750456	0.04280791564629616	0.01001592077717704	0.1563204200080174	0.09248841877348153	0.01023605468254246	0.07655234931197637	0.2339810300502274	0.1065538520502658	0.03362967264249157	-0.02508658241546154	-0.03478402481414693	0.007293562234022014	-0.00337980511047561	0.01362542665115192	0.003761462790261498	0.009589956764618214	-0.004467181435692462	0.002856800022037509	-0.03347120556516731	-0.02825795504220727
1.015263157894737	0.1253719089149337	0.2509068546327889	0.01013832307841278	0.01005705489724367	0.0350359856219068	0.1767351055382181	0.01040014756717042	0.07162881867280498	0.03711027379831346	0.02025914377366023	0.01131103578887683	0.01093075757028159	0.04182828344427703	0.06339342684900309	0.01011119342913538	0.01005439054803954	0.01007066631412299	0.01010266372728161	0.01021712989493606	0.04717903061063757	0.01036060506779186	0.01683120347249339	0.07062333022698546	0.1357323954783879	0.1217878179203258	0.01130280315270765	0.01099264891061329	0.3231201817512399	0.2759154493655573	0.1996777399489412	0.1335805316202838	0.01014464425701576	0.01080873716815447	0.01414725709185616	0.03144915193444781	0.09091979563206483	0.01089266002888666	0.01004454571437427	0.01001607700679764	0.01003291497519112	0.01009076922367917	0.01005464183132353	0.01052652809566711	0.06714496622026377	0.01016344713022708	0.01011322544803634	0.02202220080846461	0.01105055466274062	0.04368344548650528	0.0244899381513732	0.01117524657445951	0.01058589097218499	0.01010554242129486	0.01005443235191695	0.1449477623473224	0.1499366255269518	0.011378584546533	0.6137430435509713	0.3011089319907825	0.196168220007211	0.2205257578180684	0.1710230679221818	0.1245146046318567	0.01025374421898848	0.01046199234418044	0.01109913266300119	0.01066692224389904	0.03942727407208403	0.01010840532865229	0.01008475307880671	0.0103507252978793	0.1692164515018565	0.04462778276868905	0.01003488253264665	0.1482925414577142	0.09867976906308776	0.01048481764116688	0.07449218392011969	0.2244780897962147	0.1034841730781187	0.0203688742782903	0.3852984717963254	0.08857278364007522	0.3793167326449369	-0.01357827324167014	0.2188144827776753	0.7325294008358251	1.23764301208823	0.9581868444975055	0.167913194376394	-0.2636199010618958	-0.199047901729553	-0.01483358169443424	3.244944062926072	-0.1858719347476877	-1.331073199528265	-0.1518724263195012	0.2121313065569349	0.3868271161609433	-1.324291025732969	0.1300344248446374	0.773172435556726	0.02122232215269105	0.07779102853322481	-0.09823623885004455	-0.4942350636475437	-0.08995838411235751	-0.3445472961321036	0.03119704788847934	-0.774728230406909	0.96746883977082	5.861362813488063	0.96746883977082	5.861362813488063	0.3962337629540367	1.007980719620229	0.3962337629540367	1.007980719620229	0.06688786341042836	-0.2708261109142038	-0.08531190055945817	0.2111308262340061	-0.3116997304963902	-0.2958163499516517	-0.1278769295283955	1.184931685113188	-0.1254672722148659	-0.06484271791460072	-0.356389274079285	0.346272009811954	-0.2648015657239845	-2.191563438442442	0.04655533751374224	2.186949018256874	0.7392769666292325	-1.066690769347173	0.6149311889009169	0.2972347387996253	0.9498638108308124	-0.02786884984659925	0.8899610575736902	-0.005984565343756744	0.3191659710642599	0.2606905818385137	-0.04154032042638171	0.003422466186252669	-0.04200393735113764	-0.006588025995551468	0.03573055783117948	-0.0001587525172974331	0.01708258283134668	-0.0327970468929228	-0.004345185616162892	0.04210863549517131	3.494496813633257e-05	-0.116052376988429	0.1684611582991836	-0.003035947341777217	-0.07622572707142965	0.1260009599793016	-0.05786405390434021	0.1073791280617664	0.2000178755235827	0.01017878313666778	0.01007646742842847	0.02793535075174813	0.1683535644974268	0.01014519354625148	0.0516012099801768	0.04723463585048086	0.02469922853085553	0.01195482027552163	0.01111265518627443	0.02793836273693345	0.0381157951271171	0.01020309997588745	0.01010229655514695	0.01013261130524229	0.01005467641859871	0.0102236463219142	0.04730758396208427	0.01019184183208476	0.01220985473516821	0.07962677129639392	0.1085331379700177	0.06438423868375941	0.01188517336911478	0.01117578204506591	0.3463506808859574	0.216707619045956	0.2096032664993683	0.1195934389779673	0.01008248300847142	0.01018065804742924	0.01009770707440069	0.02306532491652281	0.1212741222901404	0.01080210463769761	0.01009051084549334	0.01003290786321155	0.0100669581423849	0.01013365111491732	0.0100812279486543	0.01074292978064294	0.07036179424202128	0.01023247329230874	0.01016158545299298	0.01770556949834273	0.01144938033087917	0.01727388371486138	0.01391876285687181	0.01224622336880313	0.01130991496728902	0.01023645726288014	0.01012323179552399	0.1480008879419512	0.1485381495143503	0.01067594091825789	0.6881654241709051	0.3261746978256809	0.207873700346389	0.24538033825949	0.1871607486285112	0.1338429496839908	0.01036025832534877	0.01076339136035212	0.01215145555859852	0.0114666519093932	0.04465145124154319	0.01015422269594523	0.01011342759416265	0.01047726691096626	0.1627004036148241	0.04145012170719648	0.01008177950367794	0.1685360889854199	0.02920568249985589	0.01110319329066237	0.07681416881407811	0.2371435109038963	0.1076746957534795	-0.03374231605666464	0.04906686626660465	0.01007045884478365	0.01368284682348722	0.01156957530903987	-0.03873778714656465	-0.0237267294497776	0.01136742772069343	0.006029478017231165	0.004625012347898836	-0.02927214885760241	-0.02692661509151968
1.025175438596491	0.1117167374843085	0.2176106513245191	0.01020820553381919	0.01007197086169353	0.0410976431737111	0.1622922039837341	0.01152649373734108	0.05649317074674398	0.04600130078338575	0.02394058000447424	0.01114983833863335	0.0106817957685569	0.02617792884485373	0.03720824193127257	0.01012466748587821	0.01006279013771939	0.01009398703732025	0.0100644413266606	0.0101715591140007	0.0329103059271242	0.01022660632956267	0.01305704097491573	0.05371221762011711	0.1182816292029123	0.08652087671796226	0.01113928843250091	0.0107482493430885	0.2933194358199973	0.2339848781844634	0.2039884160119449	0.1113011795430674	0.01017447631162082	0.01075437473089172	0.01148035048147144	0.02097012285207331	0.1129062810317855	0.01056604008099301	0.01005220304775514	0.01001907428412382	0.01003855589797102	0.01008492948162159	0.01005154776688162	0.01043861147607835	0.05627939985524955	0.01014899176464284	0.01010631432852289	0.01628845751860736	0.01101881584674908	0.02465480080231787	0.01658958398802709	0.01165500313992263	0.01129903087121147	0.01024545062367399	0.0101497771758075	0.1358641727710877	0.1318069789751616	0.01069509258274307	0.6477424751971064	0.3127221516345141	0.1991554592968598	0.2366741176889484	0.1823822213144835	0.1296352019235343	0.0102338995939804	0.01068503341266749	0.01161126883229142	0.01134842114775223	0.03760807789545384	0.01011053820375967	0.01011895175938942	0.01037152723589594	0.1505961679175394	0.03442186825230133	0.01144308358360857	0.1707914898285632	0.05078653854661182	0.01123748601727593	0.07841085691838619	0.2359385492164495	0.109027884261566	0.02414688012272834	0.3726537491709175	0.09190044900828152	0.2894661852873536	-0.01154664131828475	0.1868712297860015	0.7446562015346457	1.210069785768007	0.9599099912804111	0.1794809397711987	-0.2655305588175048	-0.1859705759408175	0.01752961192527844	3.282489808037581	-0.1980157115310911	-1.113221709690534	-0.149293270847256	0.3085119435991863	0.3730501150661847	-1.454341474363851	0.1371813822654973	0.6634875197791751	0.02200995891850076	0.07684625174658107	-0.1032610049347706	-0.5123493829253977	-0.09285148938327857	-0.2367001620977546	0.02365180210566173	-0.742352212999178	1.023675974549338	5.462320906862916	1.023675974549338	5.462320906862916	0.4051477836350506	0.78111626089862	0.4051477836350506	0.78111626089862	0.06436728642826257	-0.2404663452565336	-0.08335588264947726	0.1827443088042454	-0.3144682704381677	-0.2617018859034512	-0.1156706308950864	1.274541294337921	-0.1261102109435985	-0.0634373269433023	-0.3529214793885304	0.3500689145105286	-0.2811703895863362	-1.106366728597888	0.06819129709382982	2.159062388264749	0.7286849387433841	-1.068940983787355	0.6178555347903034	0.2904319247871017	0.949574173010835	-0.0305682292372536	0.8899004836730545	-0.006192287742892442	0.3017204559472959	0.2572620461857207	-0.0347476078149547	0.009712805196681011	-0.04378274546401199	-0.006537797321129558	0.03790653240928313	-0.0001369881028946493	0.01371489837640523	-0.03007875612510727	-0.004537553189202931	0.04031403983700221	-3.323217935585653e-05	-0.09722710645016461	0.1584222377623059	0.01035911383733855	-0.1416134084031847	0.1206499082376415	-0.07921718132262509	0.09417912682302222	0.1684637196408983	0.01028487303623045	0.01008361497338893	0.05296580651431954	0.1351907346448464	0.01311761275403389	0.04101717612412155	0.05473709784229955	0.0271608322197407	0.01057322373839201	0.01023051933927249	0.01011252462441252	0.01005925409138765	0.01010374824343707	0.01005622657097398	0.01010852791827645	0.01004026063881854	0.01010853320995998	0.01041272228316987	0.01014156035087417	0.01030613249971724	0.02310797076652773	0.09709435820938811	0.05410778522888068	0.0105967321219564	0.01030875927433114	0.2091371297559401	0.1704794529359234	0.2059630057317346	0.07757308392561857	0.01024217404701583	0.01099336522586151	0.01001070847656496	0.01056120067671129	0.1365429236046826	0.0101600490117714	0.01005089831744991	0.0100188634581623	0.01003758746712689	0.01005361807629277	0.01003291113559991	0.01019079995399399	0.037028377296764	0.01009108007057771	0.01007059544457019	0.01023883178083233	0.01076843654961495	0.01101982584392466	0.01118360128872996	0.01179265132610563	0.01199933082840617	0.01039518091211115	0.01026412160549597	0.1171530741523178	0.09830564977941975	0.01012784768995913	0.7072416963208809	0.3273775694369557	0.1994930240467516	0.2593796799985848	0.1973085408435971	0.1344590470398115	0.01014829359818634	0.01090408854152193	0.01180953284769262	0.01195621990958644	0.03250769030245793	0.01008987513424124	0.0101489096077497	0.0103359541093038	0.116155450088095	0.02000541153306287	0.01431989544816959	0.2053626870281626	0.01087278462118053	0.01206120507565148	0.08359096129378396	0.2533375079781297	0.1164868541667503	0.03103913690765201	-0.02471410652523755	-0.03689464528205155	0.00199756633189883	-0.003059121448383195	0.01313527607194869	0.002816969387870992	0.01168677717537509	-0.00456512634491901	-0.0005333638734533958	-0.02472489111084717	-0.02589614549969618
1.035087719298246	0.09324333942500111	0.1781718062827134	0.01025633572543915	0.01008501320380976	0.04232968750815985	0.1399808206526319	0.01187898633749313	0.039655749118562	0.05396316980658205	0.02718902729228744	0.01091296508622166	0.01044997687197495	0.01479199078917755	0.01832856682104234	0.01016002968428229	0.01009216140355004	0.01016416509989856	0.0100578563116484	0.01015419289727867	0.01735312091851375	0.01020168486389029	0.01140715039414463	0.04134304660783296	0.09356511747437367	0.05836881007149165	0.0109277085063041	0.01054468493833776	0.2558199867629447	0.1923527092949328	0.2023635479179509	0.08939662083057891	0.01017554401673645	0.01071898075458079	0.01058458409106395	0.01552064419818316	0.1331652577213732	0.0103497058545657	0.01010288738109283	0.01003776379831937	0.01007623905989264	0.01007362113253871	0.01004508711351566	0.01030569909227257	0.04563198062530748	0.0101252574529895	0.01009351826692485	0.01193314560174808	0.01096883118156882	0.01601467811963445	0.01336777536275232	0.0120105013161166	0.01208235796322051	0.0104287479925653	0.01028340948497748	0.1268986488079999	0.1137976538174474	0.01035150371763849	0.6798320482239223	0.323778874368176	0.202117489442436	0.2531298268179596	0.1938082979747951	0.1345313339819884	0.0102004118959877	0.01108532542370719	0.01201497259138574	0.01206598842842729	0.03712336086431783	0.01010908980589999	0.01012972692659123	0.0103811188342255	0.1277482383140662	0.02376881863583589	0.01626638977867979	0.1936036156307183	0.02526154986724577	0.01211248537463697	0.08115348775030393	0.2440970431160571	0.1130843764549245	0.02767238618037452	0.3346110004400996	0.09426603722413347	0.1859504401428755	-0.009949281324589746	0.1320994153143761	0.7565365517657471	1.187927887365993	0.9617391718950811	0.189302496627525	-0.2672986699504425	-0.1704714088611834	0.05019636996761496	3.306657817792349	-0.2078384418522347	-0.8643662548635183	-0.1457595054821222	0.4039277920999271	0.3580285837815826	-1.574392477364263	0.1430928221746872	0.5251431810420445	0.02266444133401774	0.05141662964111892	-0.10825086344063	-0.4875898924910297	-0.09460904214640252	-0.1161880541502372	0.01657665112457721	-0.6808670703589769	1.075435660586569	4.966171550575119	1.075435660586569	4.966171550575119	0.4115491794391528	0.5030647443493543	0.4115491794391528	0.5030647443493543	0.06206553269589652	-0.2267804401610424	-0.08170154266568022	0.1506035350800838	-0.3168726513984009	-0.2230512489822014	-0.1026792014400801	1.343156662647346	-0.1266992216311434	-0.05430532109986281	-0.3495076347173968	0.3363208363859732	-0.2867574562760764	-0.02802367969551992	0.08900485693258134	2.024554168828867	0.7181156391158856	-1.062138707519167	0.6206489379386015	0.2716150367212808	0.9492582840672011	-0.03312034068869092	0.8898390812435154	-0.006166275486682939	0.2839027422679705	0.2455916563736482	-0.03050666485060656	0.01438530333377778	-0.04322855069694573	-0.006187085728688045	0.03947049984011894	-0.0001123110502753345	0.01165772288730032	-0.03014366844121294	-0.005026946917135853	0.03917558504795905	-0.000100477740101102	-0.07751887465860892	0.1616213517408551	0.00417620610865822	-0.2220705413790827	0.114046909839234	-0.1050172408578677	0.06494073784174677	0.1151627687848805	0.01025438539996885	0.01010077463068857	0.02491366610555439	0.1119864871613098	0.01010745823914329	0.01739556894039341	0.06248154626376694	0.03082406518716712	0.01140827282044069	0.01066510719765275	0.01019634913285116	0.01010694260987145	0.01029462370725468	0.01018095464582988	0.01031748541884707	0.01007154500688089	0.01021570041419165	0.01491421031677327	0.01024569372088608	0.01100520509636055	0.05931897999450905	0.05121186548452894	0.02324638158309262	0.01141562798171275	0.01080730927473362	0.2545511998751142	0.1397337812176961	0.1957573873079637	0.0773521749670267	0.01005729068796462	0.01012808249311416	0.0100298338135845	0.01740058235349918	0.1615865073360515	0.01047441873622974	0.01023273911110265	0.01008518244015564	0.01017274741228962	0.01010584100395229	0.01006511041153634	0.0104342198996828	0.04916535363993015	0.01017618695182138	0.0101304035739187	0.01042423994542344	0.01133192729135808	0.01189443637940983	0.01228884431352908	0.01284037263152882	0.01294664700298727	0.01064442197283033	0.01042692181340474	0.1301553281286547	0.1127745554370468	0.01031380081274852	0.7484045654869489	0.3476212185637689	0.2138479076885531	0.2798975430652653	0.2106663058874201	0.1434542593102727	0.01028030867069437	0.01173358971185813	0.01285736336317099	0.01293922909217603	0.0450947602576345	0.01014792551160442	0.01011273754581879	0.01048580074310753	0.1110920635214012	0.0198399662340892	0.02307203015228781	0.2161199784350749	0.01143387562597621	0.01297310274556344	0.08081661783503129	0.2473619650473022	0.1137363500104807	-0.04087460788364686	0.05237016827965216	0.02776365207427222	0.01215812716913674	0.01410203708682282	-0.03641907679043531	-0.0255442159235897	0.009279896145888115	0.005864621575130179	0.0007517314105026577	-0.02017003656259685	-0.02544689997505659
1.045	0.07168946805078469	0.1376816100982273	0.01033688588120241	0.01011300870849373	0.03129610046221494	0.1080439844787543	0.01073940668387182	0.02320671748627312	0.07025353850593034	0.03508419828906902	0.01079407955426351	0.0103680333795479	0.01173848222583455	0.01297477616904297	0.01019575471442474	0.01011489559298257	0.01019934159445362	0.01005501513110287	0.01017728712957769	0.01389934236647385	0.01015191841420545	0.01086958798273462	0.03388369908009037	0.06252327213883178	0.04577418986381491	0.01080599500371784	0.01045259276057537	0.1908380484034845	0.1513102777902598	0.21129745115686	0.06353137960281789	0.01014791999073282	0.01039839203368622	0.01021235876523682	0.01370322913749974	0.1677615745537074	0.01027194073552383	0.01077098707482489	0.0106078704962648	0.01067648434439642	0.01006956190689564	0.01004288684955633	0.01026770471836244	0.0341756122900092	0.01011564668115562	0.01008856562266744	0.01083231629068947	0.01093969435497858	0.01305590253954548	0.01230347987248524	0.01205978734519588	0.01216541066872643	0.01042394361977618	0.01027803427353122	0.1174114405564936	0.09549987634305519	0.01023795775960458	0.7050064846593123	0.3315395461827478	0.2035702785351818	0.2663427890977992	0.2025365679669957	0.137088183779612	0.01018666275533224	0.01559653905443448	0.01206946298803718	0.01214473009147028	0.03586772610709975	0.01011211791138505	0.01040098581323678	0.01040885313162821	0.1054763369297988	0.01761584164804749	0.02381284720535374	0.2132822518891593	0.01616089628999632	0.01220508951901997	0.08316021648626967	0.2495171522871125	0.1160256027061481	0.03070580127617113	0.2740953579943431	0.09555790035600302	0.07368717702057011	-0.0089818076370453	0.06105834885325348	0.768223929982998	1.171110981264757	0.9636564298731918	0.1971867599521308	-0.2689052899756216	-0.153466082914821	0.08304427760918316	3.319123945483601	-0.2150842214595896	-0.5953032122295483	-0.1413055530017278	0.4932252625386322	0.3418898872615877	-1.678933031997627	0.1475264267953529	0.3670190402416114	0.02296397450165221	0.00633801653896798	-0.1128005007185619	-0.4244838268074194	-0.09513126717056436	0.01127399743381094	0.01022543711108147	-0.5979448644196893	1.121855766310328	4.3876573393385	1.121855766310328	4.3876573393385	0.4150017441946057	0.1891161881271461	0.4150017441946057	0.1891161881271461	0.05981582883198888	-0.2299152608727309	-0.08037569589233945	0.1167772033946203	-0.3188919139421383	-0.1849811438879602	-0.08911293841196499	1.390785126204837	-0.1271690522729644	-0.03979148529452189	-0.3462888385272886	0.3121452933824037	-0.2819759162526881	0.975034694305446	0.1080544472924187	1.807703077274255	0.7076578991438914	-1.04641652553596	0.623218337788728	0.246215244109102	0.9489190344213203	-0.0352350004174569	0.8897786509996232	-0.006013539234859621	0.2827351794996198	0.2245579818911381	-0.03363065238767552	0.01564497872076757	-0.04488964433581663	-0.006717447743694369	0.03998799956002157	-0.0001439680610684853	0.0124200617112116	-0.02754737810382196	-0.004552498928271293	0.03876849563082485	-8.970954998298308e-05	-0.06177355734799994	0.1422344182386603	0.02123103446734285	-0.2438057526788252	0.06275572286925846	-0.1118479109808918	0.05078992513173905	0.0935306783283144	0.0104737342474562	0.01016630234947249	0.02362896950277623	0.06040233555029034	0.01013893511046968	0.01119948116519409	0.0952965965146981	0.04655483505049357	0.01032212885280866	0.01011614266227076	0.01002330216101605	0.01001178105699065	0.01016626422234263	0.01009503009865746	0.01015427113814415	0.01008882128875251	0.01018425785828636	0.01018276829207076	0.01034181643773431	0.01045948147670647	0.01061493027429158	0.03251003719721392	0.04984084758557003	0.01033532039761713	0.0101578717201479	0.04416449335096652	0.09732590149943258	0.2189317073360289	0.02684960415047656	0.01017243385576934	0.01028133514967444	0.01000473393614874	0.01246808628671499	0.2257065672617879	0.0100813182156718	0.01216343606109452	0.01316195419844235	0.01225810039442364	0.01004647858701204	0.01002902892322505	0.01014248570631109	0.01463480068521352	0.01007448915712234	0.01006186714067653	0.01013886461850819	0.01071420155813183	0.0112507784447595	0.01146722361967426	0.01171297936561772	0.01186128126058923	0.01031642458750201	0.0102074791661268	0.09854623193355014	0.06397466914768138	0.01010118127628937	0.7429944455210516	0.337971093139384	0.2007188709867694	0.2824162701131596	0.212073757222877	0.1372685234232124	0.01012429808031091	0.02240355680703659	0.01172467140214274	0.01182782781437631	0.03008440134138802	0.01009662542748457	0.01076426399605783	0.01039687906107596	0.0728184237026097	0.01069095569937209	0.03202317123082504	0.2431313615273577	0.01088760261780588	0.01192108087935081	0.08638643930663414	0.2583449454315549	0.1205163441292255	0.02971479235871758	-0.02576356760382225	-0.03945932799533854	-0.002867661637837422	-0.003391347484820664	0.0122432575891345	0.001481489930330842	0.01500083409116768	-0.00467663878569983	-0.0006617311044245571	-0.01633269074478265	-0.02533008146892683
1.054912280701755	0.0568776885691481	0.1083219785971185	0.0104913856102727	0.01022406439540804	0.02359444287818917	0.06613156907295149	0.01035915370999533	0.01536640536166138	0.09426834766256818	0.04709546048857922	0.01046949556001583	0.01018582814334153	0.01068337852093713	0.01116374395021175	0.01017226538746578	0.01010189989510121	0.01015309255040681	0.01023605542189826	0.01021660255234118	0.01115490410687375	0.01127020519775726	0.01105589125227452	0.01552261408777158	0.03693878765453183	0.05989891524748985	0.0104856689750393	0.01024299262911649	0.09165603654784221	0.1144114301634464	0.1787965649733153	0.03958644712001759	0.01014403831321328	0.01031089153263774	0.01008494649187006	0.02157380756600695	0.2152435053273175	0.01013460153846913	0.01340195309702884	0.01832444632464702	0.01435503310037332	0.01006123923014238	0.01003810205909095	0.01020761171701666	0.02263398792151154	0.0100993039089205	0.0100794483881086	0.01041505412599319	0.01090541347480591	0.01217281844318242	0.01201739707562976	0.01209192187558364	0.01227327442929583	0.01044927768830325	0.0103098391107748	0.1085378119315421	0.07837236539912527	0.01016730183905553	0.7275623522422696	0.3385497300154375	0.204976782937662	0.2789756177542542	0.2107016382458078	0.1390381430142984	0.01016343650037712	0.02193330449833478	0.01210939151602175	0.01224029409873381	0.03519441998251223	0.0101130861790137	0.01049951770414684	0.01043572231588423	0.08141603982311441	0.01272242057874468	0.0324230409806946	0.2320698366985366	0.01307042570891878	0.01233981349648585	0.08377714350017798	0.2507115477725098	0.1171062549971209	0.03305011242525569	0.1966372164977467	0.09571584370906726	-0.04188919528130997	-0.008765634574033308	-0.01807218511917355	0.7797698997278296	1.159199457725659	0.9656403916431154	0.2027674471676444	-0.2703374949180455	-0.1354557172984359	0.1159556350719174	3.319128102339	-0.2196163829140037	-0.3189653535027673	-0.1360220067560713	0.5703897741115399	0.3248087040903729	-1.764128547993715	0.1503395014042639	0.1999438850441634	0.02275159443429325	-0.05033306070620166	-0.1165667254344884	-0.3316781187265184	-0.09438864624852049	0.1381046390441834	0.00475548312767873	-0.5048580545754123	1.162204065561538	3.744164471188945	1.162204065561538	3.744164471188945	0.4152445194396607	-0.1410434966931123	0.4152445194396607	-0.1410434966931123	0.05745381519954337	-0.2492157182339208	-0.07938617832015836	0.08311581061348847	-0.3205621002662549	-0.1535901817345123	-0.07516876419267948	1.419713185088337	-0.1274790527581016	-0.022630971861505	-0.3433228195635701	0.2869432223105085	-0.2678803954170301	1.841695247690409	0.124667536058152	1.538162247837533	0.6974005883742549	-1.021734838052994	0.6255304952274282	0.2210348551397217	0.9485620663671915	-0.03664561537420816	0.889719989054398	-0.005828862513189436	0.2649004955822129	0.1934956792673385	-0.0391775044862367	0.01347288757084524	-0.04502860486178618	-0.007235058231518865	0.03907140690361186	-0.0001895535989272264	0.01402101947576566	-0.02628967767154613	-0.003999394672325711	0.03871455479069501	-4.842697136132612e-05	-0.05273568397643504	0.1491053782711192	0.004122094687484605	-0.2998189849886508	0.08597320663893664	-0.09757699682883185	0.04530759415644947	0.07909036797064091	0.01063373658275727	0.0104018033617664	0.01366076796126002	0.01945624251510574	0.01007588175977399	0.01140955982829409	0.1215819229028917	0.05965474236449062	0.01056288416488796	0.01020531935946092	0.01003862437565119	0.01001941261692378	0.01019140653867851	0.01012104064241712	0.01014765135199348	0.01060833607894121	0.01030975137809477	0.01014077388874842	0.01359774825098234	0.01206885282205354	0.01090258181062465	0.01076515402397272	0.08322955342256727	0.01058548933031935	0.01027626161788267	0.0102571935069506	0.07804064419192698	0.05941571678378591	0.03276935624763649	0.01007208566093499	0.01017527855427439	0.01000817200202579	0.04287857019867219	0.2836566558163558	0.0101431002960105	0.01739020362335269	0.0325779551507031	0.02051533474566815	0.01008514742224084	0.01005308730724264	0.01029300948447865	0.02581123010355229	0.0101371063230021	0.01010821406571999	0.01024582038412824	0.01125840261658781	0.01216150539734767	0.01246675857601355	0.0128883650988928	0.01318661659340176	0.0107237664961971	0.01052587879643006	0.1131686292745026	0.08007802752166768	0.01021324637461623	0.7866691007093867	0.3602861893302126	0.216622853336028	0.3047516275337748	0.2263617977724657	0.1464880969278463	0.01022484775249162	0.02626365269743321	0.01292345720255055	0.01314689473834601	0.04433533744353851	0.01014790653528611	0.01014543386295296	0.01053873040924438	0.06201713943501909	0.01137245610937282	0.04168722686909148	0.253169062851397	0.01147359489966267	0.01328350015499567	0.08024131422471463	0.2414626956898334	0.1132084373564265	-0.04899475845359304	0.05408258638227818	0.05349932699864821	0.006324959989259478	0.02193308601755952	-0.03324371403639476	-0.02623814911762929	0.003638446958684957	0.005724135862267928	0.0007278105658952385	-0.01346915504123516	-0.0257750354820415
1.064824561403509	0.03617899359161272	0.07774814104961369	0.01034737483379684	0.01019140925432459	0.01577358525714495	0.03424337859795722	0.01016254792196476	0.0128231924480726	0.1119038841633856	0.05617551245887946	0.01039367776824335	0.0101469945512691	0.01025258763564511	0.01041216770539279	0.01015693060266223	0.01008759245188138	0.01010276069099468	0.0117315530617729	0.01061633088142008	0.01061783603725437	0.01700821852824481	0.01869467728283999	0.01709086686568183	0.02027803258154033	0.08001291857966672	0.0104066556013099	0.0101950811983522	0.04433752210918832	0.1025202634494794	0.1878368882447426	0.03893734011526501	0.01009616443852894	0.01019453807055797	0.01003275744492537	0.0466177601581343	0.2505306062180824	0.01010471255311777	0.01469961573950322	0.02592458215329196	0.01665211856557689	0.01005772364199316	0.01003596113173992	0.01018972532049491	0.01873078022891524	0.01009220484802453	0.01007483430707439	0.01025447935766758	0.01089626805507169	0.01179932301989819	0.01188004829975648	0.01211187264414893	0.01235272130493307	0.01046861184208532	0.010324313292746	0.101634354234925	0.06508138907090685	0.01014442340144891	0.7473934048662193	0.3451752332183223	0.2068709654289475	0.2906919636973505	0.2179446241379193	0.1401982040667769	0.01015286101358018	0.03216657451150923	0.01213596844023212	0.01231080213712475	0.03411553610931315	0.01011198501471246	0.01916379722749589	0.01044604533757251	0.0658439153009964	0.01146501501004056	0.04146592723655225	0.2477872847538246	0.01180674190714268	0.01244085713174656	0.08195693961259619	0.2456192175834043	0.1148834435070393	0.03457118660436571	0.1092809355917991	0.09473563715344926	-0.1550107522718115	-0.009336792707790562	-0.09620435309223871	0.7912150672096349	1.150514296869166	0.9676700392368507	0.2064396042441722	-0.2715928580948608	-0.1180362904996525	0.1487935451884245	3.303670754755399	-0.2214233444687062	-0.0474970270652604	-0.1300537298881046	0.6305315168200889	0.3069855270599773	-1.828580611958791	0.1514938907522024	0.03402469727126037	0.02196067793914255	-0.1086285391279209	-0.1193276585373054	-0.2241343077321158	-0.092407071261082	0.2606064409759475	0.000222237855750573	-0.4102988237700554	1.19593144795594	3.055045772389638	1.19593144795594	3.055045772389638	0.4122234492100938	-0.465858753315255	0.4122234492100938	-0.465858753315255	0.05483079360826533	-0.2819907459922089	-0.07871789053555074	0.05245244466839563	-0.321977223161011	-0.1345240298864518	-0.0610276165651553	1.430686149121118	-0.1276224727082641	-0.006867297311293633	-0.3405705021516718	0.2708542867805002	-0.2460677747221877	2.526244712529896	0.1384763293961647	1.246848655131557	0.687430908818462	-0.9884336360142019	0.6276292555801207	0.2045937585572059	0.9481961234594586	-0.03697923187355993	0.889662631084339	-0.005782359367443744	0.2345601262898394	0.1825386524967738	-0.03247855337114029	0.01026131078035372	-0.04380305037098995	-0.007447525826823883	0.03716370559240798	-0.0002285205700028137	0.01152128953678957	-0.0250434399292737	-0.003474813342957053	0.03760296566410753	1.2311906529235e-05	-0.04134571383478061	0.144894935780017	0.01539552738665338	-0.2845865604417261	0.0697100347809939	-0.07348291891864331	0.01226844728851377	0.04390493033201868	0.01008532106538276	0.01006421624795847	0.01012615904116267	0.01091106847122406	0.01004976566873407	0.01147059570206104	0.1281449541168057	0.06383601280995425	0.01023816981231241	0.01008252987396721	0.01001475331835536	0.01000685380242031	0.01012803348989349	0.01005937484832538	0.01003998122905207	0.01722816995128573	0.01109678184014912	0.01042872116386205	0.02560423843142537	0.02870855932751259	0.02147047438490968	0.01049746257988922	0.100539496355817	0.01024286149714353	0.01011039121148385	0.0130664760218616	0.1015310318894081	0.2672999719746378	0.04156345864192323	0.01006998553643751	0.01011330984308063	0.01000335905249234	0.07261934756516848	0.2883551558509568	0.01005882890532082	0.01454207795294652	0.02958935036200821	0.01684234193815025	0.01004008192459663	0.01002504421534204	0.01011682541301757	0.01075999321673518	0.01006182909918617	0.01005327048915881	0.01012490733265381	0.01070816880311879	0.01130919938106101	0.01146782206297837	0.01174390006653298	0.01201921857889869	0.01036829029584381	0.01025241380815466	0.08685890484848451	0.04171113387897558	0.01008657496450908	0.7738286014467233	0.3497540691501191	0.2049469411955438	0.303957549488105	0.2250482741076575	0.1384973889593374	0.01010541481198935	0.04647541022539333	0.0117693714090443	0.01196673553792844	0.02805991147377069	0.01009405656553649	0.03088719958899068	0.01042158296875195	0.04746718623958288	0.01043497178609396	0.05100855412165009	0.2715113747367392	0.01095121638349253	0.01212647087472985	0.08030493030146314	0.2375375010698703	0.1122914295741131	0.02834216068560888	-0.02609619255464402	-0.02418580935502732	-0.003745355241461905	-0.0005787929734748735	0.01117046710810353	-0.0004046793459190962	0.01887698545461151	-0.004757756246128382	-0.0007369713435342751	-0.01139492495936049	-0.02655702866238126
1.074736842105263	0.02651970219069136	0.06337866051162017	0.01028453929702262	0.0101974360942039	0.01235072988114543	0.01978075818644864	0.01010201597502489	0.01201884279547637	0.1240392945308497	0.06262087590383768	0.010326535266678	0.01011663869852455	0.01011008345014296	0.01016680181707091	0.01015430525649767	0.01008260456416115	0.01008563554943938	0.02749158504267084	0.01077786405419103	0.01045312657416096	0.02777322978174511	0.02282612453107853	0.01756938319749701	0.01428555821478419	0.09420491826987072	0.01033471181527193	0.01015542331457062	0.02453311768829818	0.09909683862204639	0.2010907917532359	0.03921707808127024	0.01008048687626134	0.01016495090931686	0.01001551053463475	0.06196134987768456	0.273225035229097	0.0100833066215211	0.015690557263276	0.03107289865968707	0.01844648184294029	0.01005195889322119	0.01003261134692628	0.01015524579217822	0.01258036623441204	0.01008061091690483	0.01006843426068708	0.01017890204665216	0.01089448703152348	0.01164118327663064	0.0118004346583301	0.01213585888505404	0.01245859658134871	0.0105233644503617	0.01040011090362878	0.09422714351198549	0.05025368432364451	0.01011570842671215	0.7620396392468881	0.350121067596058	0.2085616573909091	0.3001301128054881	0.2238948213008539	0.1407897955234541	0.01013704810180632	0.04532813668849962	0.0121684371754577	0.01240451903371408	0.03374407097895914	0.0101153642249672	0.02219196454022453	0.01050531168662551	0.04366444050947298	0.01078899567370864	0.05060133653832755	0.2626452525590678	0.01137851152340395	0.01257863232349034	0.07914314774758839	0.2367008306698703	0.1111236582363188	0.03521096398465021	0.02024011032350686	0.09266862174117817	-0.2603554324756707	-0.01063877075092414	-0.1640469459192249	0.8025848503444959	1.143802899880592	0.9697258184189488	0.2079765777014198	-0.2726822087196702	-0.1020455189647354	0.1813846026587234	3.268545381410153	-0.2206163760884112	0.2063933055127547	-0.1235967022827861	0.6681503457255721	0.2886248336498989	-1.872852878165219	0.1510515019211323	-0.120628878943861	0.02062818285749041	-0.1578403906160419	-0.1210073678407353	-0.1157863209539316	-0.08925465676342408	0.373362487154376	-0.003405956678810573	-0.3239660540998471	1.222683448412074	2.340016243890664	1.222683448412074	2.340016243890664	0.4060943245855122	-0.7649843592131904	0.4060943245855122	-0.7649843592131904	0.0518293951007265	-0.3250416951565699	-0.07832874770534885	0.02710434241651432	-0.3232903048257811	-0.1338814892273528	-0.04685616201334009	1.426463091633462	-0.1276314842358047	0.003975231226277997	-0.3378865045050446	0.274815365052915	-0.2184996168283055	2.999571206614415	0.1494066771657072	0.9617583963912292	0.6778334762246019	-0.9465755006762803	0.6296416766120233	0.2048263931037924	0.9478336284532358	-0.03590597254181891	0.8896044322976822	-0.006012581603833946	0.2069393170846152	0.1547038123538737	-0.02559616818002942	0.005416996973106237	-0.04261966887994165	-0.007902315564889293	0.03452765226545452	-0.0002869135264374043	0.009316253519990792	-0.02270779296656161	-0.002392552197976599	0.03650007146125332	0.0001264466179425727	-0.03631488696163956	0.1374508372904804	0.0184613876928039	-0.2373310742465866	0.05240720399175703	-0.04641970690664333	0.03813439517656202	0.07241365038412441	0.01058513463177016	0.01045058882760891	0.01132087666613218	0.01272883852923533	0.0100842129170801	0.0115029769215267	0.1392906249101359	0.06981749655373719	0.01043681230022212	0.01015265445762162	0.01002833400276029	0.01001250448519314	0.01019822567632876	0.0101199118883803	0.01014492881006841	0.05683525882941984	0.01040597526917299	0.01016745552992387	0.04042124152236386	0.01680859810218129	0.01075930951300955	0.01057555070788177	0.1053489970107856	0.01044828453979105	0.01020477741219872	0.01014635978866133	0.08386787798764875	0.08986317503793496	0.0343501051065935	0.01007130921744943	0.01019856622177211	0.01000685503740777	0.06402644629952214	0.3084762961281178	0.01010834119722883	0.01909593697327128	0.04075065325794971	0.02367045131541256	0.01007148237200747	0.01004524014268266	0.01020828036581249	0.01127117635150873	0.01010964937581295	0.01009371772960635	0.01017550934146924	0.01126185104829118	0.01205135134290708	0.01236258147027112	0.01294029775333305	0.01342418868337884	0.0108670225387791	0.01073583346356578	0.09755503170798073	0.04856593367047541	0.01015026865428679	0.80106810046495	0.36658704136321	0.2196914740803441	0.3193680344956195	0.2361183119207855	0.1468143960627395	0.01018824420758956	0.05610558498744896	0.01299416964198036	0.01335699918906166	0.044312704444478	0.01015891943570804	0.01049159833839996	0.01070384519261906	0.01173666507507366	0.01058119470865148	0.06045515534965199	0.2819381252953033	0.01142274068101362	0.01359493427837377	0.07337390422347938	0.2164200993009484	0.1035423191433522	-0.04506829780807766	0.04622953909709177	0.04127010405585775	0.007215723247367453	0.02722881158192747	-0.03111009834279091	-0.02629502446320279	-0.0006594135876075777	0.005859462152797657	0.0007222007950041984	-0.009986037642073987	-0.02744391714211514
1.084649122807018	0.02311470320046431	0.05831490574702914	0.01025846939803845	0.01019017001624084	0.01116281076106532	0.01429677460691263	0.01006964352489865	0.01173112591684229	0.1293025896479031	0.06550277771209539	0.01031495829961977	0.01011008646673616	0.01005136084158764	0.01006353563243633	0.01013516489871988	0.01007298384912188	0.01007414345849351	0.04418189968845849	0.0109748759141849	0.01034062030951918	0.03635393116538909	0.02918428807637681	0.02077762352373917	0.01178387738038483	0.1075758081202865	0.01031933200360799	0.01014599223388684	0.01568600319820859	0.1028410210479412	0.2041091464504097	0.0445720694603124	0.01006208923046429	0.01013269955405804	0.010008559400868	0.07621961824010352	0.2833976365825469	0.01007895478700794	0.01671221763344395	0.03475813186807928	0.0201280823481752	0.01004961143351128	0.01003111593375115	0.01014383131936643	0.01139991082899429	0.01007571333808406	0.01006515931752598	0.01014693284353865	0.01090824712630453	0.01153249106781406	0.01173886273598362	0.01215572967002363	0.01255722894837393	0.01058072396157929	0.01044226839558847	0.08673426344242076	0.03756705127812496	0.01010572268606393	0.773161415671089	0.3538746543800603	0.2093049291392865	0.3083111054538928	0.228478787047961	0.1406829752294434	0.01012978656819507	0.05786808085403568	0.01219665067527984	0.01249222391166514	0.03263803939883199	0.01011474853756202	0.03404980684475961	0.01051888115748937	0.02873856134890486	0.01056534873581829	0.05959540442194147	0.27394531381925	0.01115137101638793	0.01270912853609074	0.07360617301039214	0.2210682392231025	0.1037054412619771	0.03499492372968222	-0.06202940467010546	0.0896145711443905	-0.3535230604603184	-0.01252688046664163	-0.2131594507103441	0.8138933876668997	1.137973134551078	0.971785310418014	0.2071735902435467	-0.2736222819285171	-0.08800130219677724	0.2135094875509724	3.208762328374161	-0.2174268191961923	0.431553119236302	-0.1168967406728145	0.6789045466691225	0.2699150604140034	-1.899609914887073	0.1491679805698476	-0.2555364243001869	0.01889481977602748	-0.1879720381995211	-0.1216644583333776	-0.0198758442779065	-0.08505436812540905	0.4713017283524317	-0.006257714539936863	-0.254979912965653	1.2422990240932	1.618197822515273	1.2422990240932	1.618197822515273	0.3971995081230345	-1.02145110118184	0.3971995081230345	-1.02145110118184	0.04836505811483138	-0.3747177194845487	-0.07815717864743148	0.008815687059789653	-0.3247049074299962	-0.1554891345046212	-0.03278781446525578	1.410367182259881	-0.1275698218113968	0.006908561153244951	-0.3350286244670764	0.3071445880382426	-0.1873313353758208	3.252889854411441	0.1576431023493905	0.7067809512636858	0.6686953910967369	-0.8956986099121883	0.6317684568142654	0.22886224466871	0.9474896688780592	-0.03321157467780783	0.8895423873499065	-0.006557098483183947	0.1794928443003907	0.1202670516130473	-0.01463337129509042	0.001399752709179801	-0.04171110653499211	-0.008422346749863698	0.03210282320695472	-0.0003503479056727189	0.00658931857952151	-0.0199611661597669	-0.001045963611784984	0.03545516110823437	0.0002727425207322951	-0.03392375479529142	0.1491938384188481	0.01834347091181263	-0.1767393984640934	0.04849074485948563	-0.01566861217618204	0.01192724758023017	0.04524397149969427	0.01006893952714233	0.0100510701400259	0.0101111975440382	0.01056585356716999	0.01003833574178752	0.01161948867479951	0.1290665288448772	0.06557470717641813	0.01025030762933344	0.01008537762589077	0.01001696344856957	0.01000708798008309	0.01009213031360936	0.01004379598318449	0.01003101072446786	0.05305036023301429	0.01143544291606306	0.01034364344492669	0.04188851096557525	0.04131391569909014	0.02852067765548331	0.010377679401131	0.1234848539530663	0.01024702943386833	0.01011103323167264	0.01103745010227732	0.1168611833853942	0.2681711959203369	0.05500132794442445	0.01004305889123587	0.01007589136714702	0.01000407088401733	0.0973140243459069	0.2832192778264467	0.01006229557321412	0.01616345871966986	0.03439368943115871	0.01946133455166563	0.01003616406713784	0.01002247530266759	0.01009890784282858	0.01045541207130906	0.01005349522277615	0.01004755953174229	0.01010428201364533	0.01075556801256208	0.01117302053760614	0.01136836792357489	0.01178335862995085	0.01222255705118852	0.01052109489762226	0.01040394430711004	0.07182961725506358	0.01816412937024437	0.01007279378219129	0.7836077584926877	0.3540039979855941	0.2050415735683377	0.3168419383033033	0.2317147212946971	0.1373432111552421	0.01009309789808527	0.07314616021774606	0.01182601714441949	0.01214750300293783	0.02549372324914302	0.01009348434807181	0.05978382697202077	0.01046232851188441	0.02354046640967306	0.01036503641858811	0.06919361839068217	0.2893502881945776	0.01082050171848002	0.01239730091862749	0.06674877142448897	0.1959536491437349	0.09356325029658993	0.02640886557053902	-0.02302116754265504	-0.01453211943323107	-0.004300289706571854	0.001063473723348317	0.01081131381767739	-0.002639990523509407	0.02103334821150215	-0.004807548524575989	-0.0007910350603623287	-0.009142727213020247	-0.02849652949302042
1.094561403508772	0.01864261778352856	0.05216724482608794	0.01022787591439407	0.01017512852391159	0.01069818788709067	0.01245901710639184	0.01006649246508433	0.0116602321105808	0.1268832866431796	0.0644307218417793	0.01033382658354501	0.0101153491495082	0.01003607385658082	0.0100316752498813	0.01014438911383754	0.01007785454350782	0.01007625589158844	0.0521140924615143	0.01111397920184708	0.01032994435445807	0.03963831333994423	0.03297910444319193	0.0219889341328282	0.01101751701343364	0.1127039908302134	0.01033258794754319	0.01015095739749893	0.0126757980010953	0.1055130523870057	0.2146495889767563	0.04793295579149782	0.01005714451880633	0.01012981733273104	0.01000712832889943	0.08330914669206477	0.2785295526776712	0.01008371570746972	0.01628076110988276	0.03379986387646804	0.01955237370918943	0.01004622220450026	0.01002904527246037	0.01012537742211476	0.01077039703714093	0.01006860537267766	0.01006118595246029	0.01012481686858625	0.01096647134023868	0.01144455839778498	0.01168122617317839	0.01217846916320209	0.01266882088575116	0.01075392556762668	0.01076269327645	0.07838741211096281	0.02348750044960624	0.01009143397522109	0.7780930800512593	0.3555446423956478	0.2093155247771779	0.3136868656593055	0.2315672447252859	0.1401942102943573	0.01012058459985333	0.07164160832367283	0.01222825701564763	0.01259076238722395	0.03092771334710023	0.01011993413275568	0.05131799000138635	0.01062615645820096	0.02273122432494492	0.0104369449956159	0.06812298029106525	0.283665814183994	0.01102342503288214	0.01285786140124356	0.0668367623668563	0.2013649263156272	0.09434150927610148	0.03402876291175902	-0.1299763858737734	0.08571122607092571	-0.4312824434201732	-0.01477975905034271	-0.2366856812125726	0.8251447604449229	1.132148630683564	0.9738251050926628	0.204003759934289	-0.2744342921917644	-0.0762422993479598	0.2448999651068442	3.119678199965851	-0.2121859772617543	0.6189908811645719	-0.1102383652956551	0.6592431144204006	0.2510103096328014	-1.912953580729098	0.1460711489350491	-0.3646506945863578	0.01699167240564555	-0.190983924171986	-0.1214791114088339	0.05262831695251946	-0.07997330975293652	0.5505217346848591	-0.008542069644527016	-0.2104934686720571	1.254798843078371	0.9069862946358803	1.254798843078371	0.9069862946358803	0.3860252668277332	-1.223408131130266	0.3860252668277332	-1.223408131130266	0.0443927742018231	-0.4268104569782211	-0.07812612917085075	-0.001056534601868442	-0.3264549576395486	-0.2018812078069704	-0.01892621490569192	1.385192426249827	-0.1275296940561373	-0.0007773330195553117	-0.3316816480469917	0.3744131037258032	-0.1547076726903183	3.296428056039231	0.1635749856711412	0.4989801462697938	0.6601060902457777	-0.8359098703019102	0.6342799935662529	0.2834297486503759	0.9471810123053955	-0.02876856187387783	0.8894735198792737	-0.007379158664962268	0.1513677991785388	0.08343133270514637	-0.001259532663913593	-0.001068925447423888	-0.04146974048732641	-0.009049799392065187	0.03002559296987754	-0.0004216490789125876	0.004167064996336617	-0.01658546739341268	0.0005884433606720996	0.03458880342370271	0.0004492189896540388	-0.03059593861283384	0.1530402012998643	0.01827091392296444	-0.1047325520868726	0.05917963858204018	0.01467958915186089	0.0279151695575782	0.05865658486568929	0.01051960753851041	0.01041310695249576	0.01108492849663621	0.01268989982430562	0.01010565302812776	0.01156923334857766	0.1231001202361373	0.06291709379565179	0.01050349128396153	0.01017439845534875	0.01003900419293169	0.01001661421495046	0.01024361020637435	0.01014341040648403	0.0101620676938732	0.06436905465791982	0.01062857495761384	0.01024300144481641	0.04156700553966883	0.0215213867337627	0.01108752079909553	0.0107300930957991	0.1042250081795268	0.01050201598895837	0.01022837942269829	0.01017491726574781	0.08752520428414215	0.1230654790566186	0.03870969771037525	0.01007419086597786	0.01022068805450327	0.01000923181419273	0.06897869996559503	0.2680413108313334	0.0101265146470557	0.01681482952482794	0.03395589472868504	0.02028653562332156	0.01006371477016746	0.01004055271985048	0.01016468398874937	0.01054324131192891	0.01009333420302676	0.01008510754242945	0.01014063469238039	0.01142077008394194	0.01189512640267156	0.01225090456786929	0.01298861589333237	0.01366034815970635	0.01132397574232337	0.01164206180979569	0.07967175047078422	0.01909226676903066	0.01011760374571619	0.7926824115817892	0.3652392003590862	0.218394806522929	0.3243052817378402	0.2395788166291777	0.1452416790871831	0.01016799559545453	0.08580728059695418	0.01306076323195372	0.01356493845860909	0.04018889123895923	0.01017479984874721	0.05044369728855046	0.01100766347845024	0.01034577749588721	0.01041516958739278	0.07731550076025585	0.2985554384121297	0.01126144308698757	0.01391067114232759	0.05846900799816446	0.1705903020831411	0.08241778048812695	-0.03851057003679137	0.03862819994196037	0.02787662294671303	0.008081294636531721	0.02723570781932973	-0.03044083602167212	-0.02526428280405029	-0.001293953176933897	0.006320173506596183	0.0007029351734504953	-0.008533570993040923	-0.02939084779577218
1.104473684210526	0.0180741871934435	0.05021105265421967	0.0102214866707903	0.01017249707204109	0.01053341875791352	0.01172196269842161	0.01005131663292126	0.01162903401503045	0.1191713196792478	0.06053792923860773	0.01037225722786705	0.01012885781922205	0.01003193033707451	0.01001954468656173	0.01013463222456993	0.01007310200379785	0.01007205569323768	0.05121284085262223	0.01105830183167605	0.01030556592949034	0.03988940904270154	0.03470676061352766	0.0244573727916732	0.01062983057303155	0.1159830382632158	0.01036488732463653	0.0101660234319215	0.01583696599815305	0.1093845455891917	0.2112595350421967	0.05367307912992775	0.01004876142467536	0.0101174735597678	0.01000709431779374	0.0885818705515317	0.2637864857034649	0.01009464882055914	0.01590708190468662	0.03115895313069845	0.01876034974383296	0.01004494025297396	0.01002823959279181	0.0101164502800268	0.01052475404226665	0.01006521948827511	0.01005917454201322	0.01010821540329708	0.01100365194226886	0.01136693189857526	0.01162699911813201	0.01220009374505424	0.01278707813220407	0.0109370160813074	0.01099412785478186	0.06702878530779807	0.01718920729482111	0.01008339385796943	0.7768397954920344	0.3542261987547428	0.2066498772631843	0.3164260243868872	0.2324103806856432	0.1389666492791851	0.01011577707336222	0.0862292785246092	0.01225928955725644	0.01269528073674689	0.02832663713376228	0.01012368592375733	0.06451848825385184	0.0106863465657138	0.01477451458287328	0.01035558281655318	0.07634351107530458	0.2897686825768812	0.01092263944493398	0.01301954577250432	0.05929121977513815	0.1793995886713111	0.08390428540138507	0.03248521159550982	-0.1777165954075133	0.08112232859440829	-0.4916029126878554	-0.01711950764348538	-0.2301768884826119	0.8363358261823793	1.125748214921626	0.9758222693739543	0.1986074171988173	-0.2751420173504298	-0.06698039283364059	0.2752473542708194	2.997846639443162	-0.2053012614460281	0.7624454323957792	-0.1039358912587904	0.6068429845360811	0.2320197866195327	-1.917773630504966	0.1420355118391523	-0.444625805504452	0.01521506811555579	-0.1619148821995641	-0.1207237950512631	0.09419851421018065	-0.07421120501584813	0.6083949630019825	-0.0105273614455614	-0.1951824906132942	1.260363946752732	0.2211722616180846	1.260363946752732	0.2211722616180846	0.3731462414755345	-1.364968168990547	0.3731462414755345	-1.364968168990547	0.03990994150362552	-0.4770398242673575	-0.07814727806956735	-0.001617076354885114	-0.328790890284567	-0.2735283903953025	-0.005348761940458343	1.353403009793363	-0.1276270040681512	-0.02106980032979456	-0.3274791147552491	0.4799466399951985	-0.1225848881236543	3.157654234902373	0.1677229111970736	0.3477178501589114	0.6521519352743106	-0.7676419713748946	0.6375024616727946	0.3727548366110259	0.9469251945649966	-0.02256105570430886	0.889395466901054	-0.008389038655137005	0.1279598464210817	0.04657114331018486	0.0137485573596307	-0.001479216565929676	-0.04131193277479341	-0.009566445470598896	0.02864654441950417	-0.0004851927852282153	0.001738005256696024	-0.01353880177709062	0.002203411667275421	0.03388872591449896	0.0006301880439028703	-0.03136322192513993	0.152646350518572	0.0133729633192367	-0.03415570154383993	0.0838814195411732	0.03890943606394828	0.01158920769811118	0.0419641593611933	0.01006372609472112	0.01004684355674532	0.01011315257744897	0.01065960287032096	0.01003115732020722	0.01167808377058601	0.1055533021590301	0.05431173715210801	0.01035461419054436	0.01012340946409585	0.01002669560715966	0.01001236455255966	0.01008113434102067	0.01003929503705889	0.01002828173561944	0.04059517083153528	0.01126857837519167	0.0103369147225905	0.03787882426399433	0.04269110614580245	0.0333962577696138	0.01038502569386025	0.1238728034520435	0.01033766713631648	0.01015458283830588	0.02128397699338522	0.1242877202226856	0.2506209719048531	0.06712241417821353	0.01003023747974239	0.01005894079804913	0.01000635104879523	0.1034197291643154	0.2324668730923274	0.01009256692271314	0.0148553912475863	0.02592720790059338	0.01680823550845527	0.01003455906605214	0.01002142655762302	0.01008460493338281	0.01031525957681286	0.01004828632999317	0.01004462273336143	0.01007887801547512	0.01084680493162013	0.01103463055612502	0.01126708696821307	0.01182556836381344	0.01245854972135071	0.01098754865471686	0.01136424542325941	0.04719007427452817	0.01033446010405255	0.01005925709036777	0.7606273066291545	0.3440413959957312	0.1952023462121324	0.3155169947216749	0.2288206970454739	0.1334195755719056	0.01008577746127307	0.1032265103868451	0.01188683542426052	0.01235577413724934	0.01884365041395987	0.01010275894289139	0.08715968492193092	0.0105969151961321	0.01036935177262591	0.01026230074498247	0.08518975717206713	0.2943319699283785	0.01066668259403077	0.01272176170291925	0.05101185857796605	0.1494226674768855	0.07162434440893155	0.02323004462056562	-0.0196483570640591	-0.008932296502897955	-0.004620363073984499	0.0002887995780711837	0.01117296825198156	-0.005008164963708594	0.02112395020211596	-0.004724607260552012	-0.0008154930608868106	-0.007973719274950181	-0.03008853496528197
1.114385964912281	0.01348390948237891	0.04130396270665796	0.01020465002352448	0.01015832366121481	0.01042695155970601	0.01153695705826906	0.01012481655345359	0.0117995560371067	0.1073453991489887	0.05456080965571278	0.01045567690092816	0.01016011277820292	0.01003717636724439	0.01001981915731603	0.0101674635548306	0.01009264117612074	0.01008949432370084	0.03901752294437906	0.01120416296086839	0.01037775073855997	0.03464298425269589	0.03473818108699227	0.02584709330528781	0.01097669617258269	0.1114885633194058	0.01043920257164296	0.01020259019070112	0.0169765225153643	0.1095041540330483	0.2117260778455242	0.05754898688207391	0.01004963143631708	0.01012544451862643	0.01000853053535818	0.08849459312811767	0.2407464517592435	0.01011925958013311	0.0146016647666288	0.02428721162512674	0.01635488173620913	0.01004463999139947	0.01002792016218284	0.01011105488728853	0.01042894134742609	0.01006339853849041	0.01005859782522843	0.01010328859695826	0.01110572021118158	0.01131721247049063	0.01159120471951117	0.01221691536338044	0.01287821101416072	0.01139625729568179	0.01315376100022896	0.0548036941935479	0.01234551096504397	0.01007823875203286	0.7651400863351325	0.3478384720175494	0.2002871522694933	0.3138496970714982	0.2293618978026978	0.135577314527593	0.01011398640553603	0.09749302657134502	0.01228317998595517	0.01277505893298979	0.02222785618820962	0.01013162498167434	0.07895116964194064	0.01080072345450336	0.01209958576028538	0.01033520404272572	0.08301215919270415	0.290431258680132	0.0108656588239184	0.01314348606123932	0.05170147246106995	0.156675784005179	0.07312692696406056	0.03058460339531771	-0.2016461305930702	0.07602603783200734	-0.5336182045189815	-0.01923808825462459	-0.1920369458435356	0.8474595597567306	1.118558319853995	0.9777558579837411	0.191226057133171	-0.2757703359268546	-0.06022142223099695	0.3042169779745815	2.84160920139801	-0.1972269355914836	0.8587653806731511	-0.09831888702474105	0.5209081001327853	0.2130027132019777	-1.919100826867171	0.1373552651740368	-0.494845078028813	0.01389224575353596	-0.0995401291127047	-0.119725674456387	0.1014084675537379	-0.06798662260346523	0.6437893745907192	-0.01251435975876914	-0.2109166496430394	1.25930514097508	-0.427952267631118	1.25930514097508	-0.427952267631118	0.3591644277337607	-1.446466944938795	0.3591644277337607	-1.446466944938795	0.03495468914290187	-0.521531809653658	-0.07812651913428752	0.007386445485718277	-0.3319537684824531	-0.3681926019384404	0.007888522593956202	1.316772247967545	-0.1279924019984958	-0.05495293907768223	-0.3220433843526879	0.6227460711678726	-0.09257828567188489	2.876959682909729	0.1706600772145951	0.2542596292573606	0.6449125933186143	-0.6919398799246949	0.6417900779592461	0.4984488744765707	0.9467391245025411	-0.01473011161594166	0.8893071681631939	-0.009407891210635077	0.1076573264279804	0.02242920739849738	0.02906822807453507	0.0006579602915466406	-0.04210817579813157	-0.01005626128876256	0.02819940324675459	-0.0005439085923736572	1.033772581742649e-05	-0.01034058451884916	0.003801775823991761	0.03362917461292168	0.0008087832214534308	-0.03123728213511967	0.1532266764820633	0.01795153536310127	0.0223818896945923	0.1185511593538644	0.05929860033501835	0.01473711639188774	0.03302545986227425	0.01047599313073955	0.01037378875084141	0.010927173907254	0.01284730594189836	0.01033686327169063	0.01210347621415194	0.09378343520008996	0.04856409641402566	0.01071317362833357	0.0102537694512247	0.01005840860634635	0.01002893720592655	0.01034972754195922	0.01020555422494359	0.01021749182093914	0.02730437403139782	0.01111266966130208	0.01047917723912007	0.02516373022621656	0.01971340171971775	0.01265233428062067	0.01212441334986213	0.08413966331711209	0.01069065163433136	0.01032194742908473	0.01043559732117872	0.0822939642332009	0.1315275130777747	0.04405950258981298	0.0100847139065325	0.01025591925624815	0.01001349956185539	0.06153480447614652	0.2062986697435699	0.01018872765339717	0.01329610503025082	0.01588966907923012	0.01388742475059846	0.0100640460067137	0.01004037533990329	0.01015724528774841	0.01049432581405419	0.01009117757220838	0.01008531587255801	0.01014186524441354	0.01168699174167699	0.01182220396857543	0.01219682115706654	0.01301772743257853	0.0138170154078026	0.0125073007140541	0.01782487117285561	0.05414965643366713	0.01092333667696353	0.01011003162267506	0.7383113922252781	0.3408968331203723	0.1989699979420475	0.3076216470446787	0.2261042529604643	0.1351278839153968	0.01016727809157001	0.1045615605724257	0.01310180155651573	0.01370113363531414	0.02427637283234846	0.01019465583565611	0.08083000814118492	0.01128821527157492	0.01039800775613693	0.01043239019944181	0.08892691512117536	0.2885874587618135	0.01118914099506003	0.01412291487219305	0.04350539538383359	0.1258429806412432	0.06092450056235195	-0.03057836230803701	0.03135464911981164	0.01705530499883919	0.008717690400108329	0.02246106215681884	-0.03010825746810878	-0.02355714730104713	0.001415734030153449	0.006777936952263048	0.0006351607809947747	-0.007390916683637858	-0.03059595899891473
1.124298245614035	0.01297300056562926	0.04059900642480641	0.01020021786450672	0.01016379366817885	0.01029637741463879	0.01085024678623486	0.01002568189038235	0.01124832359162628	0.09471343688884498	0.04820873298933833	0.01054097344769246	0.01019561023560831	0.01004136329108	0.01002103714702844	0.01017556517144967	0.01009434252151502	0.01007339128191009	0.024972901618529	0.01090442667420969	0.0103917319805924	0.02352309835661242	0.02636000041781335	0.02183230373563337	0.01020442169211858	0.1033327188442841	0.01051476593108129	0.01024255915201688	0.02680913261494508	0.1100199369585908	0.1980244434855438	0.06082950843015517	0.01004528644274114	0.01011403773964707	0.01001044952684535	0.08079109140881433	0.2157916158099299	0.01014784088036049	0.01308010295377768	0.01676576079626842	0.0136790747452717	0.01004511026796355	0.01002817801716256	0.0101076146839251	0.01036431463858006	0.01006274260551623	0.01005885476587063	0.01009579130964039	0.01115631376785876	0.01127722857452401	0.01156091455786538	0.01223035126004398	0.01295812983670833	0.01197530555876113	0.01717667885757734	0.04244434553044089	0.01110996361277518	0.01007460138283535	0.7439742375078697	0.3373492049225078	0.1920543529152153	0.3063546461930111	0.2230110178781507	0.1313687554817502	0.0101134647671459	0.1063481026716488	0.01230281719810627	0.0128455225838057	0.0190975216170056	0.01014127069177921	0.08771355911993503	0.01093184424076264	0.01087418059537812	0.01029941620582999	0.08831763766776625	0.2862768037998257	0.0108221809362129	0.01325478441416286	0.04482027249523629	0.1356655109207055	0.06336185083623268	0.02856938168786514	-0.2009280139215528	0.07060305189274853	-0.5576640756922989	-0.02082604045877437	-0.1235735065868132	0.8585083660042798	1.11065971319594	0.9796076917546317	0.1821576510782096	-0.2763438405276831	-0.05588004212181197	0.3314697853725666	2.651779293378905	-0.1884322951849557	0.9080727308816638	-0.09371847839387232	0.4019392308065453	0.1939719204755801	-1.921164989694622	0.1323170514100678	-0.5174036756629554	0.01334354852851648	-0.006475703720377204	-0.1188247711095354	0.07503693959676129	-0.06152083094556669	0.6572999943467598	-0.01480863445958736	-0.2568151213456453	1.25202586915222	-1.033079419963599	1.25202586915222	-1.033079419963599	0.3446503472318263	-1.473724716210954	0.3446503472318263	-1.473724716210954	0.02960032650565358	-0.5571310161567758	-0.07797051621075671	0.02554443434678701	-0.3361519633485305	-0.4814510621987786	0.02074290069891546	1.276276348873244	-0.1287612808803102	-0.1023656361141174	-0.3150264548277923	0.7977612231384692	-0.06586200169252758	2.502019763526321	0.1729370839376714	0.2132045301362211	0.638453141415478	-0.6106056666720441	0.6475014705247604	0.6595243524284741	0.9466376644537289	-0.005547300596030001	0.8892097942159082	-0.01017443011975284	0.09880754579057253	0.002452643983846443	0.04273893183202598	0.004177219529357899	-0.04219075448210442	-0.01019841262746028	0.02845639351455087	-0.0005766604734371615	-0.001921750936990876	-0.008465057469698209	0.005002822778059678	0.03351633994834429	0.0009541319396230252	-0.04277716479106593	0.1561774256887997	0.0134498171994912	0.05806475262453148	0.1567094148796852	0.06819736922364142	0.01288709017704447	0.04608978908954323	0.01007143116063919	0.01005482281283648	0.01012958549940784	0.01251238556070166	0.01003836011309357	0.01248912786858359	0.07914727891612182	0.04105160014134464	0.01054904264800037	0.01020639766294372	0.01004134597012597	0.01002067596738445	0.01009105069441811	0.01004426843708037	0.0100314132037164	0.01017201231061003	0.01048003617588573	0.0103407579397215	0.01188872800060852	0.02153319954609149	0.02278117845414113	0.01064373227099829	0.09926624656471601	0.01051078884871874	0.01024797596473208	0.04856485261948747	0.1276894813864033	0.2071326529722043	0.07578821889056969	0.01002679751321784	0.01005653007338412	0.01001109228687782	0.07758014831415616	0.1791780130154205	0.01015944490136068	0.01148334969706914	0.01044893966695763	0.01108687796418666	0.01003651043432334	0.01002253550644169	0.01008101448841646	0.01025075051214782	0.01004859114306571	0.01004644671836123	0.01006873676709235	0.01095364672799117	0.01097164190176615	0.01121780597732513	0.01184830150780527	0.01259863175380325	0.01237701072228182	0.02124684858106305	0.02364159222745906	0.01019836723275343	0.01005457685020732	0.6898241316292927	0.313351824038599	0.1747156948640192	0.2896426674176509	0.2095970306187123	0.123064864268361	0.01008724448901928	0.1170756125238571	0.01192043695690721	0.01247926572275995	0.0130474381092543	0.0101243804051018	0.100967961377703	0.01087551903503316	0.01017690774066166	0.01021138328212262	0.09421255161796441	0.2753732326791885	0.01060327496183904	0.01291782836973405	0.03814832690306436	0.111304226321535	0.05344462792800754	0.01901308579338837	-0.01671745161680901	-0.006702067879466273	-0.0046369845697789	-0.001198815307128102	0.01153163880025489	-0.00612664029669993	0.01968429629714899	-0.004545065457747081	-0.0007928672293504254	-0.006652201169787216	-0.03090567405551666
1.13421052631579	0.01772722864974265	0.04932278022343777	0.0102506370116013	0.01013138122667313	0.01129069699137534	0.0237716711719997	0.01100845228089247	0.01970306513793326	0.08239191745415375	0.04208836632717416	0.01067544792232538	0.01025452023558451	0.0100639293356447	0.01003217714945132	0.0101622238186143	0.01011203154132235	0.01024426963410859	0.01434731395829211	0.01047796543102719	0.01032076475835838	0.01468922984502078	0.02024187397799481	0.01968374800534099	0.01821801709591486	0.08543617741801084	0.01063614913343037	0.01030977535544626	0.05028733254824472	0.1210364975209146	0.1799730799719329	0.07429921311711256	0.01006312143571183	0.01020278701910386	0.0100136907156869	0.061717141154354	0.19087257452555	0.01019507798498595	0.01153720380168074	0.01227482259460208	0.01153612416429422	0.01004728668078433	0.01002929018086922	0.01011043250490735	0.01035578248557318	0.01006494734782558	0.01006147314738501	0.01010140660642773	0.01126360249228757	0.01125990421708775	0.01154761263854948	0.01223831313741203	0.01300687338224235	0.01299306781958795	0.02298986643131864	0.0317647754417221	0.0106556688791948	0.01007584661335394	0.7130485328215618	0.3221379118867943	0.181001691590231	0.2935442967817265	0.2128806498344113	0.1252314878963915	0.01011781986186681	0.109836658720524	0.01231478013254382	0.01288813395106931	0.01456728870302837	0.0101530563536775	0.09300465953290667	0.01104411099681744	0.01067255247400254	0.01031657527793781	0.09243321438084329	0.2764084163471774	0.01080537259620136	0.01332094410874382	0.03881759756597992	0.1166338857470217	0.05459174793289483	0.02667714385248145	-0.1773376065318143	0.06502587890584825	-0.5649997138271455	-0.02160109530878147	-0.0289220456191614	0.86947661638165	1.102369525101865	0.9813624157909292	0.1716706999252498	-0.2768854842339372	-0.05373016072809456	0.3566862506156586	2.431432582192924	-0.1793696852856697	0.913618455925238	-0.09045255544489746	0.2521734659275231	0.1749034162254399	-1.927117785541024	0.1271755758468794	-0.5165179117040568	0.01384481979710555	0.1109933836440795	-0.1183347726408006	0.01950938612795559	-0.05502149528220467	0.6510055130424738	-0.01769441444156493	-0.3295276827900631	1.238979866962021	-1.591418585021563	1.238979866962021	-1.591418585021563	0.3300951509803268	-1.456671340188427	0.3300951509803268	-1.456671340188427	0.0239462123108547	-0.5817341940306791	-0.07759331782364906	0.05180009681767678	-0.3415364087338813	-0.6062177133467184	0.03317972573385862	1.232602764006413	-0.1300622263061486	-0.1619972097978021	-0.3061521128604315	0.9957180265311959	-0.04312486732801687	2.082145608424895	0.1750282544318524	0.2148730893465198	0.6328187170542285	-0.5259690695583289	0.654964532188724	0.8506843996863331	0.9466322033233745	0.004555613192793474	0.8891071442072892	-0.0104329215208354	0.09333655772118894	-0.006117216358502513	0.05333039579035589	0.009409075458425141	-0.04194355341450053	-0.010005570171608	0.02938772972913995	-0.0005826292915716046	-0.003297243472237965	-0.006794108591187838	0.005960260118054645	0.03348376578123059	0.00106434656776359	-0.05264812038559018	0.1549671774563183	0.01163719835645519	0.07172772748661999	0.19310891052767	0.07090071418027402	0.02944502022612719	0.06106531376039605	0.01062897851810913	0.01027297700569886	0.01399103902073363	0.05249729532936375	0.01333455924916843	0.03796866978284325	0.07017222622521761	0.03674410345283619	0.0110290937208688	0.01039385800803183	0.01012098931815342	0.01006063495581855	0.01030267726464286	0.01025611809430015	0.01073695187281916	0.01005439739427461	0.01013935181051614	0.0102564793929716	0.01017067676876677	0.01025942564252998	0.01042066114553718	0.03683646055927507	0.03678076094260505	0.01097716465613785	0.0104823090860031	0.07244135405858922	0.1191999195620584	0.09128900289104291	0.08333049370680361	0.01014144025317603	0.01052858254474081	0.0100212368526609	0.01102846085377237	0.1586768467513333	0.01030093643629461	0.01019986223286374	0.01006937878093489	0.01014130860490695	0.01007001845936022	0.01004341056485984	0.01016882296098726	0.0105305788143511	0.01009830281219482	0.01009279451056351	0.01016554572538685	0.01195595285372476	0.01180912265775868	0.01218639907251648	0.01302844004100102	0.01388476616044817	0.01496993964226407	0.03137601471621157	0.03459688010929124	0.01076495813476196	0.01011715721769431	0.648155672177677	0.3002389781782043	0.172071829234195	0.2708914853346793	0.1989771748207734	0.1200002914646227	0.01018061948923967	0.104105696778037	0.01311842341653436	0.01375979743904	0.01381751817026587	0.01022026282637471	0.08680570353880138	0.01149506293061509	0.0109761191369046	0.01051702949960593	0.09567651294337662	0.2571258791828391	0.01118088661107116	0.01421210882369942	0.03269374958312006	0.09264274795834061	0.04501499796990564	-0.02452354021859693	0.02577114279489577	0.01642271224654719	0.007106706498223388	0.01715465446281009	-0.02927397344256695	-0.02116747868788637	0.003031796211069845	0.007015561264134274	0.0005700694741290835	-0.005786481243094369	-0.0309697481530307
1.144122807017544	0.03236243122538181	0.06978134655199875	0.01025555895051295	0.01013061764419732	0.01051859283265674	0.05362353759550954	0.01005209280927442	0.03347858134485287	0.07238833645213875	0.03719704501169675	0.01077157881702803	0.01030363544459265	0.01009089607952003	0.01004558099980795	0.01015777924697932	0.01011487286720916	0.01008466583483745	0.01154368679023652	0.01022376161056196	0.01021842870322107	0.01171043799133658	0.01373926050869099	0.01362286805410239	0.03691810538302605	0.06032927494860082	0.0107235794632317	0.01036323224682851	0.09080343247671903	0.1378658181820525	0.1586166741280956	0.09139755019405561	0.01006780501210501	0.01022166196967744	0.01001700733953772	0.03036915655916034	0.1701754799699481	0.01023561514243773	0.01062731751704338	0.01082371337510314	0.01059890578967027	0.01005019466285662	0.01003102188187558	0.010112853896244	0.01033850141580603	0.01006762989732286	0.01006482644450877	0.01010069924328041	0.01132479741565166	0.01124481754893466	0.01153552970107489	0.01224507504573494	0.01305246424618018	0.01465475030459116	0.02943224181306358	0.0240756308371528	0.01047071315132891	0.01007643748674261	0.6746722712387724	0.303342642377512	0.1683523395792906	0.2764764461950403	0.1998573215768731	0.1179931706861276	0.01012283271138039	0.1104545066778733	0.01232514023855048	0.01292800760131792	0.01308956274713333	0.01017287809907406	0.09567857494335916	0.01127474816812097	0.01047362424066604	0.01030558535924329	0.0962215188483244	0.262392000040594	0.01079089064215523	0.01338443749675253	0.0334414597742134	0.09964003913300735	0.04679694244612728	0.02511554755779753	-0.1351111292497926	0.05945112340301712	-0.5575337567100214	-0.02133403823150969	0.08545640302154361	0.8803626348468828	1.094145883375238	0.9830070028106621	0.1599547215055565	-0.2774149607481151	-0.0533444052369365	0.3795884240955886	2.185898920792709	-0.1704453943849836	0.8813406011557818	-0.08880810437210182	0.07557182618563482	0.1557497021821091	-1.938436739542261	0.1221364985070525	-0.4977349951305278	0.01559451599831684	0.2437055164685165	-0.1185100820866509	-0.05776477409024394	-0.04867005846530649	0.6280441422310288	-0.02141261884831154	-0.4237521713928879	1.220626514014117	-2.104544931563678	1.220626514014117	-2.104544931563678	0.3158783310502789	-1.407600180527865	0.3158783310502789	-1.407600180527865	0.01810805810711289	-0.5941815822599605	-0.07692181323571953	0.08462858293171897	-0.3481806466274084	-0.734165079916442	0.04516852886181853	1.185826372268282	-0.1320054922807107	-0.231481054470394	-0.2952501064302173	1.204659197271877	-0.02458191231894934	1.662716871763179	0.1772973314813366	0.2469508870852809	0.6280259205254916	-0.4413178455809245	0.6644389992330508	1.06393045781994	0.9467292551658236	0.01504465330405127	0.8890054834212707	-0.009924808164589405	0.07720257232470835	-0.005483745714858594	0.0597179201054111	0.01722290954454494	-0.04112796191006309	-0.009402359263235042	0.03103839604838878	-0.0005572376491653471	-0.00296480831847231	-0.00489182022881305	0.006744870228312938	0.03356431740291914	0.00113535832484416	-0.03837348474109882	0.1366581575750031	0.01278393975948646	0.06956215961708892	0.2228007594168438	0.07002430460081888	0.04876239345272912	0.09737862102603267	0.01009342033085004	0.01005198716949195	0.01045557574597404	0.08754409788698457	0.01008140027018739	0.04386694606876548	0.06208612507775529	0.03248114397277121	0.01074489144056813	0.01031168388657068	0.01010614145649111	0.01005318718568192	0.0100759517076034	0.01004922483281306	0.01005134893566784	0.01001827335018445	0.01005810681259121	0.01011036316347102	0.01006034672452635	0.01010119414010426	0.01021403880777549	0.05764300715229893	0.04377622167338605	0.010689767806056	0.01036156450313932	0.1510665192187236	0.1717175784426065	0.1642331176774136	0.1162280184114113	0.01003269183110282	0.01008268504549463	0.01001843834786994	0.0105542874634247	0.1456872251198781	0.01024689161980769	0.01011467582135773	0.0100356054200301	0.01007835385727782	0.01004334465122788	0.01002659195064412	0.01008846895386623	0.0102332427974432	0.0100554067708068	0.01005447694802952	0.01007067021264688	0.01107552496127425	0.01094745518379199	0.01119804150085705	0.0118603079293112	0.01268245896830675	0.01621821164954592	0.03499707827203274	0.01143927876093669	0.0101796164113171	0.01005770485940393	0.5942427726357703	0.2696635132302454	0.1476071551803209	0.2481053531597567	0.1793018233496079	0.1072596185407425	0.01009961488412535	0.1133953555481459	0.0119391757423627	0.01255256321717624	0.01137306980889262	0.010167571509394	0.1020488621263984	0.01136352936859325	0.01013418847468743	0.01019967275041038	0.1014075082237624	0.2395559450742951	0.0105813824699199	0.01303411417036524	0.02842936829718971	0.08185327798293726	0.03943227398103433	0.01664104422211595	-0.01286440720945912	-0.01683225973486404	-0.0009022421970677996	-0.002054220215443004	0.01156072546124877	-0.006056896150029872	0.0173613135015462	-0.004338770106733199	-0.0007545847241399292	-0.004874642045512505	-0.03075184427611403
1.154035087719298	0.04661657338483644	0.08843710961251144	0.01034188042025053	0.0101023010229978	0.01964594524483936	0.08744761037228219	0.01971685311593572	0.04154419338476168	0.06447911474331827	0.03339256498239761	0.01090618672536747	0.01037686076315856	0.01013571360281583	0.01006817951712022	0.01013240595774953	0.01012691636431103	0.01175651996773795	0.01061500250297885	0.01012112459288584	0.01015495355144377	0.01070084534769474	0.01151021116144321	0.01152305634517633	0.06073318037410132	0.04151465375170547	0.01084667789162591	0.01044293757438585	0.1374259953089506	0.1578263679482119	0.1523197390277007	0.107204101309778	0.01006099614408709	0.01022547728443178	0.01002178447624891	0.01803848118453113	0.1536022044454145	0.01029634208631707	0.01034220981207007	0.01035196860724851	0.01030040957860588	0.01005418907726426	0.01003315906546898	0.01012048757128805	0.01035165125879053	0.01007249947131383	0.01006985785808175	0.0101126104553661	0.01141557162390142	0.01122719208683212	0.01152203257914933	0.01225347905037576	0.01310570182474805	0.01671760947358695	0.03568093660720234	0.01800263555631536	0.01042602298181821	0.01008137410539394	0.6350712738824323	0.2842708091118262	0.1561365525430225	0.2584875379533967	0.186338302631377	0.1107551009440668	0.01013134506001822	0.1076106747301756	0.01233825485310425	0.0129750397999034	0.01196737348595377	0.01018987556425239	0.09339120405319493	0.01140789146899241	0.01069868491202355	0.01033721532419879	0.1004481361035855	0.246554299380169	0.01077420765821842	0.01345512217015198	0.02918834822495522	0.08550584597999038	0.04042127063155109	0.02403951749232803	-0.0805564640641068	0.05401453839106611	-0.5374992796334416	-0.01986854686539798	0.2114317752443019	0.8911695325976217	1.086481249009865	0.9845294395790603	0.1470251580849365	-0.2779471310044372	-0.05418120294888459	0.399961648312687	1.922525808632215	-0.1619965875927471	0.8191103353512758	-0.0890245656264958	-0.122215049626669	0.13645852554042	-1.954605842754508	0.117347465895941	-0.4670497046567463	0.01869019591056166	0.3806374281046082	-0.1195206270980931	-0.1473186161836311	-0.04261383155081547	0.5920508435999219	-0.02614396551657438	-0.53273512979056	1.197389874656767	-2.577924822652155	1.197389874656767	-2.577924822652155	0.3022530942595896	-1.339433153577165	0.3022530942595896	-1.339433153577165	0.01220622981545195	-0.594728812635076	-0.07590068747678619	0.1219588710356606	-0.3560702647070989	-0.8558730226681283	0.05667631165318664	1.135447896598691	-0.134672409018761	-0.3073501726512097	-0.2822821420283737	1.410011379276907	-0.01003840897040275	1.280366728538494	0.1799824263770854	0.2967625846825256	0.624060622031276	-0.3594849361486483	0.6760984946032829	1.289798967601585	0.9469298507883743	0.02534836539014399	0.8889139805926588	-0.008334506680426616	0.07478809452851505	-0.003630004331475625	0.06144368220065592	0.02403202782610181	-0.03947755174216547	-0.00845084480946659	0.03278942470753153	-0.0004988992298763095	-0.004005508686983312	-0.003333153824617479	0.007136610491428409	0.03317267641732635	0.00114981046420787	-0.04117679518669047	0.1407761621210909	0.008391723014294172	0.04164318717321294	0.2408123096321798	0.06188450604760919	0.05835056854695884	0.09699537017243423	0.01087908053752153	0.0101901729861317	0.04212594659543031	0.1295756970235512	0.04325718377601902	0.0487976206682448	0.05733609867395481	0.0303989497660067	0.01133520041040767	0.01056327487480816	0.01022758607333061	0.01011456315222169	0.01023204630548962	0.01028894855509253	0.01583499968321862	0.01002394160946892	0.0100783198554593	0.01016646499340475	0.01007405904097412	0.01011132131003192	0.01020267969204072	0.09243201585046963	0.01049730927050314	0.01125753862620655	0.01066674229599956	0.1789882449565393	0.1640692089015716	0.1067473114427195	0.1137238805647143	0.01011691259177701	0.01052192411861455	0.01003217745447817	0.010191695126248	0.1339029727584317	0.01044160552521963	0.01022778003860351	0.01006817144062558	0.01015590462935873	0.01007903897618146	0.01004806993284467	0.01018904116064357	0.01058580582783282	0.01011011881152922	0.01010445106837803	0.01020135154789251	0.012166043420471	0.01177140114789709	0.01215801046517606	0.01304685459831528	0.01399883237963378	0.01950821285051926	0.0439225942542962	0.02395329540147876	0.01080891233760371	0.01013115678539439	0.5667936147214918	0.2623221087673699	0.1486666857854701	0.2339066647290205	0.1715712553750084	0.1056561590409559	0.01020096946300274	0.09356101248827325	0.0131473454845339	0.01386094963500855	0.01191892236929713	0.01025158106466154	0.07554050941257399	0.01166857291628041	0.01182999530812747	0.01062081281899798	0.104780995107809	0.2225158624847088	0.01114539393717759	0.01436072685749564	0.02549751036906594	0.06948615837106996	0.03412324337441285	-0.01734229253172855	0.02354674472234159	0.006753303059630092	0.008610766322566145	0.01372841077021426	-0.02749541424574021	-0.01718582728523028	0.001399416945904853	0.007136051680120711	0.0005113513764517323	-0.004015966587313562	-0.03057606994574328
1.163947368421053	0.05782869566453491	0.09870307927087667	0.01040060468499479	0.01010334652259224	0.0327623146738935	0.1191637110443113	0.02550660372344519	0.04352496367121876	0.05929499435851763	0.03093817855174609	0.01096601695730783	0.01041306470856988	0.01015041463954224	0.01007561301266588	0.01013715273948025	0.01014967802375435	0.01147254723036865	0.01022358115562197	0.01007546044014012	0.01012708937073091	0.01027467261412978	0.01057327024193529	0.01062345822106157	0.08067611347137375	0.02186810139878761	0.01090233279142177	0.01048123500655559	0.1790752511689019	0.1689728124671264	0.1449488149431317	0.1161215512877953	0.01006345494753708	0.01024677242760284	0.01002480173500806	0.01291875644084033	0.1423970487671573	0.01032690351554415	0.01024112516004446	0.01015876351985056	0.0101885963640256	0.01005786646025643	0.01003522354292131	0.01012637466667091	0.01036063861887011	0.0100766132967577	0.01007420242303145	0.01011765426618588	0.01146908173218524	0.01121344195020025	0.01151053289429067	0.01226189150907981	0.01316701725286888	0.01929262596632069	0.04175414437006519	0.0163583712743359	0.01040748295552259	0.01008468434221466	0.5974970981042936	0.2659384530395418	0.1441445667751455	0.2411044491570829	0.1731627963772173	0.1035513524955279	0.01013815924654239	0.1033461031617913	0.01235148770338616	0.01302817656751227	0.01141842718544744	0.01020776630611707	0.08818828065996737	0.01154357452734924	0.01071144058462572	0.01034915858147493	0.1051943229494268	0.2305467118158435	0.01076256683972009	0.0135401940644198	0.02572840465859334	0.07386134404107922	0.0352275746404485	0.02353396242084584	-0.02135015329917964	0.04882949848516063	-0.5071573673490339	-0.01713379290859029	0.3400469665373227	0.9019050384262245	1.079815788208866	0.9859173239179615	0.1327747022446472	-0.278490756341808	-0.0555453967028755	0.4176712308155253	1.649957319619783	-0.1542759689014934	0.7359946592133775	-0.09127689986373502	-0.333858023224272	0.1169920967280225	-1.973268311816654	0.1128981959516576	-0.4300609850540909	0.0231156452432505	0.5100734605047322	-0.1214365488998706	-0.2386808693240099	-0.03696428773846489	0.5465485724390841	-0.0319977559349383	-0.6489498587968601	1.16962317198778	-3.020234643026022	1.16962317198778	-3.020234643026022	0.2893477464313087	-1.264196375616783	0.2893477464313087	-1.264196375616783	0.006353287203936736	-0.584560946429686	-0.07449693594489526	0.1614415114930904	-0.3650966135720059	-0.9621045649263886	0.06766434272086694	1.080842913217762	-0.1381059433291777	-0.3854461937679213	-0.2673582561445841	1.596959500011273	0.001006850660829111	0.9599298651533772	0.1832008764913411	0.3528269561866971	0.620878580682971	-0.2839125666336526	0.6900124984614054	1.516822862864723	0.9472291659214035	0.03486587857635274	0.8888445625278514	-0.005442825588892961	0.07490373470323568	0.005492352264056794	0.05908628047849158	0.02985442313000621	-0.03772910742007317	-0.007318425568661211	0.03414214469701173	-0.0004206415347109862	-0.006421883034701505	-0.0003488129531281997	0.007489053786363057	0.03177231408689811	0.001122375126480362	-0.04738866833415063	0.1216615729141286	0.01323997026168311	0.01086402125388816	0.2483979416641449	0.05433110743400597	0.06822110980636828	0.110281624110147	0.0101852696997291	0.01005673220473926	0.03930456853778618	0.1516559468126887	0.02305718929349821	0.04261278427545547	0.05484464724282381	0.02888910217388923	0.01084471870117597	0.01037739611451367	0.01013181994504964	0.01006641749018979	0.01009073345249644	0.01009592017077821	0.01029084731333258	0.01001080713342734	0.01003750369070843	0.01008474677899198	0.01003462365952937	0.01005386183098755	0.01011504078519906	0.09497665189422431	0.0101732059203804	0.01078342992671504	0.01042985748740858	0.2371115710281824	0.1885297656125416	0.1576412925627476	0.1295261945148957	0.01003527494568581	0.01010842727900853	0.01002438252390582	0.0100856758308706	0.1319761030109178	0.01030301729366822	0.01017065980146596	0.01005204516609224	0.01011877692187653	0.01005097233007556	0.01003083686406522	0.01010103531444436	0.01025573762109933	0.0100640346375861	0.01006351126382939	0.01008165199535817	0.01117535002693567	0.0109179893289447	0.01117338961006578	0.01187838411792895	0.01281475174456976	0.02180172850815749	0.04711820709268925	0.01065963407492591	0.01018532633170441	0.01006481731797988	0.5272219409287533	0.2364124675484797	0.1255696235157506	0.21596925934185	0.1546909776156566	0.09363784891406789	0.01011370471377788	0.1029777675383469	0.01196773215115536	0.01266737641654689	0.01070733361707105	0.01020372327111358	0.08797434935762084	0.01161319261595088	0.01015070507877583	0.01022539935301157	0.1117115003416144	0.2084302616304882	0.01055651932009147	0.0132172646093511	0.02246173735025495	0.06240496311472336	0.03046891218010265	0.01449463996111158	-0.01015498497639071	-0.02729833232792059	-0.0003637075355766989	-0.002289044763590427	0.01107792935561524	-0.006068557671872924	0.01565440702405215	-0.004169870791549388	-0.0007430744539601896	-0.003122147400079996	-0.03009537602066144
1.173859649122807	0.0620227528628992	0.1013082209702782	0.01032563061923519	0.01008713075365181	0.03771648986760422	0.1396891304005925	0.03413255111725603	0.04397202975799505	0.05602773668214828	0.02942115788008588	0.01104869739495087	0.01046801942281093	0.01018910398523779	0.01009588707614909	0.01012737851266493	0.01014773872539957	0.01639655375672127	0.01009674108458748	0.01006018859006816	0.01011627973887302	0.01013691234319797	0.01026950001186297	0.01033885914713574	0.08902659527009561	0.01469942324669495	0.01097857322077378	0.01053793787876066	0.2091934998816093	0.1816300978797009	0.1514378755073696	0.1263301434048022	0.01005025226817751	0.01018087317636816	0.01002932356303645	0.01120569613940698	0.1355592066436466	0.01037404434319083	0.01022285232340743	0.01010501652103444	0.01016487522412647	0.01006217906206427	0.01003749648243354	0.01013361603455255	0.01036566090735019	0.01008161663954986	0.01007958879385617	0.01012677830656067	0.01153517409390675	0.01118669480962305	0.0114897846860404	0.01227381830903198	0.01324488617448363	0.02211346964600838	0.04769421052485617	0.01354741169202095	0.01037425796183213	0.01008875339231107	0.5662985107893782	0.250999931249569	0.1347422910285412	0.2267746701478644	0.1623543383571636	0.09796144682215401	0.01014659201243698	0.100102680834198	0.01237037321291937	0.01309756084329177	0.01115611108873061	0.01022830712604611	0.08303467401140283	0.01168290198345365	0.01066823659282501	0.01036346119726293	0.1105428000411535	0.2170490217668494	0.0107369894747951	0.01364375525151062	0.02291289170810932	0.06373781498137376	0.03083172864967649	0.02360481193405093	0.03440368405856137	0.0439869850179725	-0.4687492594352317	-0.01314786999031417	0.4624515754899409	0.912580761830713	1.074469214574729	0.9871563734579354	0.1169431483798699	-0.2790477038687602	-0.05675212630900148	0.432671058775566	1.377305056589965	-0.1474430119519392	0.6416078856945376	-0.09566016726026264	-0.5506133571062413	0.0973436994197697	-1.990576640081512	0.1088264871927497	-0.3915722440265481	0.02874054587590947	0.6209148764283779	-0.1242243838096893	-0.3216085297742917	-0.03179979219994995	0.494649598797435	-0.03900782364390161	-0.7647858962829289	1.137582441722477	-3.44215797702406	1.137582441722477	-3.44215797702406	0.2771820093666019	-1.191554236421811	0.2771820093666019	-1.191554236421811	0.0006470046465882372	-0.5655115622177264	-0.07270063080163665	0.2007881000573622	-0.3750666893484774	-1.045102822897853	0.078087285543656	1.021330575996261	-0.1423066730544618	-0.4614046027947696	-0.2507280051315856	1.752213112883585	0.009236205661500472	0.7130439942070134	0.1869678872379694	0.406225171857127	0.6184001550310397	-0.2180000026194244	0.7061335943901648	1.733183327376333	0.9476166832700725	0.04306327444599494	0.8888107896185186	-0.001128730704547661	0.07291593564180249	0.0142036626853013	0.05350010909242443	0.03491792572968248	-0.03540254990226671	-0.005947806305012744	0.03530522525278657	-0.0003195109801445747	-0.009565328421498072	0.002733258258832278	0.007576537649664129	0.02971621035721471	0.001042747700619447	-0.04910225043811261	0.1114478771267952	0.01732166858273911	-0.02633979914883241	0.2455229626446502	0.04510638055362287	0.0587298067841667	0.09185732968561038	0.01060203396574323	0.01014135027367534	0.04421395585565592	0.1576175736130996	0.06433595486676494	0.0480254498590734	0.05317843936087694	0.02837247090985147	0.01152251883440681	0.01069106324748175	0.01032776331439541	0.01016730597299426	0.01019870755109192	0.01026162037090533	0.03082165202286443	0.01002228587520385	0.0100766340928819	0.01016103885354989	0.01007337053422854	0.0101100602712825	0.01022224949855984	0.09575130311854864	0.01029235452747643	0.01142979128665441	0.01079771560308556	0.2230565886212091	0.1921915837496671	0.1420034099302227	0.136280928578142	0.01007563941744402	0.01030727508918013	0.01004264935014657	0.01015734497296322	0.127481276535218	0.01055167874024194	0.01026994986064591	0.01009328134049167	0.01019218493187961	0.01008826767803227	0.0100528138385352	0.01020481218343843	0.01059208893146548	0.01012097083879581	0.01011621370695403	0.01022347730371746	0.01231049181130205	0.01170544157693443	0.01210761786459047	0.01307412279505981	0.01417085451833171	0.0254347415419743	0.055880680456716	0.01713955390302794	0.01072845190192474	0.01014001623674805	0.5236499711478735	0.2399334835386698	0.1340621609160795	0.2119274245990549	0.1543497340350893	0.09679721449000508	0.01021937477311956	0.08867420535916826	0.0131906113728368	0.01401565521008057	0.01166802388259556	0.01029518628183216	0.06565312996842811	0.01195089874275498	0.01169022761824279	0.01065167973971644	0.1164121934375966	0.2010322450268344	0.01108092931378402	0.01458615767021805	0.02057508281570196	0.05177735960330489	0.02631076169428257	-0.01458269510322577	0.02325914469937094	-0.009129398188356633	0.007354578312710036	0.0121378479612794	-0.02590298020685246	-0.0127903649881009	-0.000590959135003539	0.007144056107914196	0.0004431171173038333	-0.002491324288179121	-0.02962940856917554
1.183771929824561	0.06193069742854576	0.09738898601524393	0.01032990914139495	0.01008299896796177	0.04091061093226468	0.1522090645943761	0.03880445222231455	0.04048881456799743	0.05480655785994026	0.02890317910705674	0.01106471823511535	0.01047776280385301	0.01018160445858671	0.01009199853392194	0.0101247445325777	0.01015581412154662	0.01910724194654863	0.01004292988872436	0.01005155946302192	0.01010828946027565	0.01007760413205515	0.01013978503813549	0.01021449839999443	0.0895423712750756	0.01175885250725596	0.01099283051736447	0.01054777448528325	0.2261889651444948	0.1893787208279435	0.1603297725028908	0.1326042891593195	0.01004498021916071	0.01016500667925691	0.0100302744074731	0.01048517489915647	0.1328053490476535	0.01038245974644102	0.01024878217472306	0.01009832361296005	0.01018068139883551	0.01006349966310917	0.01003812712108082	0.01013490831800165	0.0103641489368527	0.0100827596181388	0.0100811260792793	0.01012987160427294	0.01159584896912219	0.01117064659526628	0.01147597988991136	0.01228406530220604	0.0133251634506359	0.02537475552531935	0.05388807683534644	0.01313101731004235	0.01036834104083169	0.01008913254680503	0.5453534937317953	0.241174845449043	0.1279102433754764	0.2176254300247261	0.1553434114651517	0.09434350109553551	0.01014849458527844	0.09931296844264709	0.01238707828705206	0.01316781049414767	0.01096695867600284	0.01024104704984026	0.08062705405280095	0.01188245558338197	0.0106972727913608	0.01036977368465239	0.1161808821440606	0.2082055760513032	0.01072387672157218	0.01375492990861774	0.02021259224386613	0.05402541516086809	0.02657899937835024	0.02417889774148212	0.07896494551730879	0.03955674384624877	-0.4242785319503959	-0.008013062323613915	0.5706370285386004	0.923210999643144	1.070670531361373	0.9882294311177355	0.09921545294537754	-0.2796129734122442	-0.05711854514948788	0.4450052762292004	1.113577839830302	-0.1415628615446832	0.5452241271894174	-0.1021773300966312	-0.7627474620261627	0.07755045715866092	-2.00161291339187	0.1051289680473001	-0.354988325936494	0.03533244062404556	0.7038320882188303	-0.1277539013530422	-0.3869164113833768	-0.02717132342471225	0.4387103033596873	-0.04713413407436099	-0.8730422611085762	1.101414658417795	-3.854730583292507	1.101414658417795	-3.854730583292507	0.2656956528901226	-1.127891138721954	0.2656956528901226	-1.127891138721954	-0.004836530858156148	-0.5400310612136227	-0.07052411396487873	0.2378161461941036	-0.3857177061353392	-1.098680093339016	0.08789434602378851	0.9565577807114765	-0.1472313146876744	-0.5307952945892981	-0.2327637324930888	1.864554401409025	0.0153835189401019	0.5387042236053624	0.1912264945035274	0.4513888706313565	0.6165155222638458	-0.1646272598886186	0.7242988454087622	1.927415766199723	0.9480769991552644	0.0494858899263179	0.8888269349123465	0.004615828180441982	0.06125084665478403	0.01452844984831084	0.04586220102282709	0.03964163048506528	-0.03150830499485997	-0.004209287109157299	0.03616235981823264	-0.0001916730453794903	-0.012606294239848	0.004698624276192629	0.00718936550482435	0.0270880644782785	0.0009044050510159536	-0.03419228722183587	0.1008771961431644	0.006926166041772945	-0.06023579147058399	0.2351945293454594	0.03167147070007843	0.06150786309394494	0.09219391414144328	0.01019670820329509	0.01005163811068099	0.04070334112451982	0.1627203318567358	0.02820436396981055	0.03292637227883452	0.05450204925406268	0.02874319647331457	0.01085419922821539	0.01038316114516371	0.01009935532351489	0.01004966414379849	0.01008935812919937	0.0101163243756496	0.01511873798194156	0.0100113806376603	0.01003354588478127	0.01008031739216629	0.01003449128522367	0.01005532529763937	0.01011822402661975	0.08458725415632128	0.01011417593175428	0.01079065005414071	0.01043467149165543	0.2495209582388549	0.1967148584531006	0.1796508296475511	0.1374830104767486	0.01002559949139117	0.01008092521408864	0.01002531139346283	0.01007742170356975	0.1324064464760408	0.01030838410550816	0.01026473262629945	0.01009816562590967	0.01019180839052369	0.01005273062875303	0.01003156630392316	0.01010137411843727	0.01024581732962647	0.01006505187001713	0.01006547245798243	0.01008521941097366	0.01129681878685198	0.01088349621725585	0.01114363855902501	0.01190006637549294	0.01298583564974659	0.02867018854896248	0.05975897263943423	0.01046722596131211	0.01017080270045458	0.01006383261401813	0.5114513819013675	0.2260517698241145	0.1158866232985345	0.2064666363110684	0.1461667660826195	0.08877253771241192	0.01011538805850132	0.1040729179508758	0.01200328538789267	0.01281753236359471	0.0104438665223202	0.01022852424339574	0.0848942089411085	0.01204030322659733	0.01017232335884512	0.01023041358025893	0.1237262330509222	0.1982575194929079	0.01052832383418893	0.01345389739808482	0.01748052102070051	0.0444413657676799	0.02253601872273157	0.01391652185893616	-0.009957180418160365	-0.02937316045718128	0.0002296933797095789	-0.002257862319680394	0.01059512414060509	-0.006691600111083089	0.01455678363233241	-0.004016907026759838	-0.0007594014062284808	-0.002201411518098919	-0.02916377091133598
1.193684210526316	0.05486669838206764	0.08350483569873332	0.01032905164255984	0.01008621184850612	0.0366245802708694	0.1502806701848071	0.03349591223276559	0.03675573737931018	0.05454068258492166	0.02881470287447686	0.01109274851051679	0.01049843844499436	0.01016609647012795	0.01008425440723264	0.0101390560013047	0.01018704775263165	0.01872707941080116	0.01002973275643051	0.01005452157951709	0.01012529038333188	0.01006685405939766	0.01011481227782942	0.01020223521491531	0.08150958981787031	0.01080742254983227	0.01101755508903838	0.01056742747173315	0.2258356962833128	0.1876334766041425	0.1602227751537028	0.1327859496540982	0.01004389453012676	0.01015866173416633	0.0100324972096061	0.01027143286015815	0.1325208888874524	0.0104008495536782	0.01028117078479027	0.01010706218439891	0.010203328904937	0.01006623476533108	0.0100394799617156	0.01013691733009666	0.01035073386599124	0.0100851272081194	0.01008435169963962	0.01012958030922553	0.0116551768014241	0.01113724332602112	0.01144927610221463	0.01229895835190296	0.01342767164226694	0.02870799420845383	0.06002565974585067	0.01167643301266242	0.01031412387331896	0.0100885979104399	0.5315218026031784	0.2341864357869899	0.1224533396827134	0.2114716051997542	0.1501267967361246	0.09148450394281686	0.01015246199820784	0.1000919160572707	0.0124112010116166	0.0132599822470417	0.01081855376007308	0.01026315763321681	0.07737406619036163	0.01207718077101333	0.01049535767525526	0.01035771791855445	0.122422236932666	0.2016777528689169	0.01069282662409428	0.01389169043202758	0.0181408544390857	0.04550768890370154	0.02310774550143743	0.0251112416733914	0.1057336754874223	0.03559033946267119	-0.3754109405404843	-0.00190364235358899	0.6581801663724381	0.9338118308829622	1.068548049993466	0.9891159552726705	0.07926342686309257	-0.2801756119153432	-0.05613728080052335	0.4548038998462235	0.8669379958387977	-0.1366132896168217	0.455114297286533	-0.1107321376462472	-0.959964799865181	0.05770103044823669	-2.001034259556399	0.1017766701830246	-0.322090251520658	0.04257907908576573	0.7521546786020555	-0.1318116347677573	-0.4271319063966874	-0.02311098890708792	0.3801947017725911	-0.05626980108929188	-0.9675041497889495	1.061162278874825	-4.267764250940636	1.061162278874825	-4.267764250940636	0.2547824764481093	-1.076092623084932	0.2547824764481093	-1.076092623084932	-0.01004541049789331	-0.5104886475789633	-0.06799960828001278	0.2707518417334321	-0.3967401169818505	-1.119851850085505	0.09703340656435074	0.8865869541652114	-0.1527948314626316	-0.5897340011460875	-0.2139290500677337	1.927093441270203	0.02011820169311455	0.4253952277371431	0.1958821998090741	0.4862754837737952	0.6150848889427138	-0.1267570082859002	0.7442370249907293	2.089451510731347	0.948590810772782	0.05382776355801153	0.8889065249267356	0.01163812697160412	0.05466840506297079	0.02982339624742162	0.03873391645988559	0.04255819840882718	-0.02888867996856747	-0.002704980477580754	0.03636058104825871	-7.50696577721191e-05	-0.01671619698358302	0.00776340362040758	0.006787092048892755	0.0237976868845555	0.0007412383289707481	-0.02736821204851761	0.08256448792863876	0.01868925238108523	-0.08504311304606248	0.2200900191819353	0.02600363101863195	0.03649381310647819	0.05138841741784716	0.01059543985186845	0.0101547489196018	0.02754838917464846	0.1311388936953899	0.04312315537472183	0.04022365444033735	0.05376908111799011	0.02864445201049897	0.01159009317458851	0.01074283205951292	0.01028913312168009	0.01014815518103818	0.01024342471565026	0.01034609599875522	0.02709083085300973	0.01003445352060331	0.01009356114785955	0.01021877304641226	0.0100979797451553	0.01015963933304315	0.01030425680950055	0.06855418423219505	0.01032991706912187	0.01148927023119823	0.01084638303561744	0.1899851820527139	0.1723033963257925	0.1269358113729079	0.1275340749052864	0.01007744134187855	0.01030362108373078	0.01004830234043898	0.0102140601623911	0.1306943854318658	0.01059795482905575	0.01034087216759725	0.01012541105923963	0.01024398182008045	0.01009508094506703	0.01005620509820436	0.01020951142511087	0.010553934656367	0.01012686900545138	0.01012426827914908	0.01021968139682834	0.01242809623110449	0.0116220040199111	0.01204181449526743	0.01310842051958182	0.01439776684576339	0.03222920241265911	0.0683120971059846	0.01322065563599622	0.01057405728330097	0.01013807938720383	0.5157935919920416	0.2315969953428584	0.125183678030668	0.205389698599191	0.1469179496909537	0.09210633287740221	0.01022927167385245	0.09239152072393014	0.01324606722456451	0.01422152644626336	0.01140960541160191	0.01034831758292574	0.05826245562650963	0.01233598715984732	0.01106626970999511	0.01061010208544994	0.1299048315459012	0.1924532628725162	0.01100170885476828	0.01488504075552913	0.01708118606853898	0.03655199784925572	0.02024436309272781	-0.01255311244272203	0.02324843308248551	-0.0284448927174989	0.004183505748015017	0.01181178626660264	-0.02460756021439786	-0.0104466683186712	-0.000532886126131593	0.007204481404660227	0.0003823427961676533	-0.002205960207200266	-0.02860681931909782
1.20359649122807	0.04254865778762196	0.06776660000959173	0.01031187097073314	0.010087066491826	0.02424497105730898	0.1320795938215104	0.02674484056101059	0.03440058782379364	0.05535858735407732	0.02927858528965443	0.0110872901218242	0.01049398765397081	0.01015555775073802	0.01007876310577849	0.01013873453180425	0.01017951445218369	0.01741199546352216	0.010024435559378	0.01005445495775931	0.01011910674549314	0.01006322664251851	0.01010189935890894	0.01020576984535476	0.0627901995935755	0.01034940519975804	0.01101101368354947	0.01056203164036638	0.2030491845323061	0.1831160645611613	0.1608910644921242	0.1310201204340065	0.01004142169851032	0.01015092874791724	0.01003220419262946	0.01020850741217207	0.1343543348006973	0.01039726944107929	0.01030345626593204	0.01011451510736369	0.01021927780689734	0.01006534220494128	0.01003871905079574	0.01013533050969246	0.01034876414089429	0.01008387953887897	0.01008323064138414	0.01013154566847151	0.01169980473692805	0.01111492266532293	0.01142970930579139	0.01231278896139443	0.0135411919075833	0.0324325741316354	0.06663643501602984	0.01151806126077708	0.01030917501231852	0.0100873433601586	0.5282854631652648	0.232486639877821	0.1193303570696099	0.2106818229509428	0.1486740088689973	0.0903892714180833	0.01014982181787595	0.1031250934689417	0.01243419555251281	0.01336040960330017	0.01072325400421224	0.01026042303848232	0.074336194717377	0.01219504979146052	0.01052525296578519	0.01036416457727582	0.128804858998813	0.1997816692154918	0.01067450956057321	0.01404869510279809	0.01642556728691131	0.03748144410183523	0.02001234536786678	0.02620054721371028	0.1100326236651079	0.03212434811245127	-0.3235245162939601	0.004951586658099686	0.7205306885790547	0.9444003506296313	1.068189261640664	0.9897924988209303	0.05681870441145667	-0.2807201985968233	-0.05343739148887719	0.4622704409932685	0.644012408752073	-0.1324970164911979	0.3780794577084043	-0.1211227551914559	-1.13135817700523	0.03793580879174962	-1.983834602718113	0.09872998348589694	-0.2932984795065821	0.05011686462691158	0.7622427482454164	-0.1361219310303191	-0.4372674869964104	-0.01963999854035819	0.3198907782698232	-0.06625215348046062	-1.043152433127819	1.016782959043607	-4.688245366520849	1.016782959043607	-4.688245366520849	0.2443249866056836	-1.035571568041684	0.2443249866056836	-1.035571568041684	-0.0149517082577684	-0.4794164821419903	-0.06517450415091823	0.2982654574770109	-0.4078108330101727	-1.108521302551631	0.1054551491017146	0.8119963084170422	-0.158877557650378	-0.6350721127136242	-0.1947340298528427	1.93702027478483	0.02395759821438045	0.3545976332353504	0.2008354454730817	0.5117787434067714	0.6139490448832927	-0.105076552711345	0.7655903539916907	2.211903930765884	0.9491370058184831	0.05601916735301998	0.8890610820957908	0.01969276361886793	0.05230975254070481	0.04324714839361368	0.03317728386892321	0.0441697110281723	-0.02549381186858708	-0.001102875389568469	0.03616074031805529	4.948117345782918e-05	-0.02069644477711643	0.008946571453566789	0.005780108449655787	0.02037076978002655	0.0005339493868360504	-0.02470129480262494	0.07239562719496735	0.02044225011078078	-0.103811285065722	0.2026545083645243	0.0178563289186265	0.03187959907369411	0.05627174677388463	0.01013531125667324	0.01005541303074698	0.01049353451580791	0.1029333014277544	0.01006517318012776	0.02975122934863963	0.05710058468532799	0.03007663959062501	0.01083207626779499	0.01036639074608555	0.01008195376196837	0.01004050922375692	0.01008848874900764	0.01008069363206187	0.01008949153258468	0.01001959060006292	0.01004897743986043	0.01011143680251513	0.01005288421260197	0.0100909855880226	0.01018856179409029	0.03706251585391533	0.0105656665300082	0.01076678528097831	0.01041562903554575	0.1686897462808851	0.1798822030947309	0.1767911298287241	0.1297595976855974	0.0100224670836693	0.01006880404794376	0.01002400964634944	0.01018903987444198	0.138869513572083	0.01029451651631147	0.01029756151864203	0.01011285201806624	0.01021576946444229	0.0100496786015667	0.01002930230793043	0.01009540698727318	0.0102361322852612	0.01006084603540536	0.0100615829336388	0.01008601871867354	0.01139194588694834	0.01083680512011753	0.01110244437357044	0.01192902008034449	0.01322599053407984	0.03653097656465564	0.07358305992196279	0.01038649210584254	0.01015639591191216	0.01005929466525964	0.5299751223042445	0.230954127411351	0.1125012404878854	0.2130940821305667	0.1480877466509375	0.08843821550993598	0.01010719792852961	0.1135800140180498	0.01205169625986938	0.01303048144287219	0.01027298615342178	0.01021997745801761	0.07963181574594001	0.01229230682020624	0.01023678728109542	0.01023680813191396	0.137024586222752	0.20147853334976	0.01049026594764823	0.01378589344515318	0.01443122341786948	0.02908733874351927	0.01682680769134913	0.0120525161204456	-0.01072654110618826	-0.02059194746419747	0.001019598048981903	-0.002238096130824048	0.01018408136121532	-0.007216030452312391	0.01353224793883611	-0.003907712849625771	-0.0008048007251422423	-0.002588740427369627	-0.02815692090516232
1.213508771929825	0.02980718590046821	0.04945073210355638	0.01021991127616039	0.01009352643810352	0.01427948437425573	0.1008897818402945	0.01357871037593368	0.03487409400042002	0.05627064106973363	0.02974969640391981	0.01108785866994961	0.01049411407964398	0.01015866073201675	0.01008035032529167	0.01014829897591878	0.01013801156934041	0.01130944794294803	0.01004072371421822	0.01011241926457727	0.01031035002117235	0.01010278812452948	0.0102136523816904	0.01032677921939294	0.04056280062491945	0.01254846382314521	0.01100949406350231	0.01056064029524873	0.1691693852711379	0.1737992425943558	0.1554223945173495	0.1274745268276144	0.0100448335239852	0.01015001913883959	0.01003247093087403	0.01032560641053797	0.1366144263171936	0.01039795326629245	0.01029029385380976	0.01010807420668281	0.01020853240703925	0.01006471403023109	0.01003819699499583	0.01012838501216289	0.01031338107900161	0.01008124317359126	0.0100819030726801	0.0101197670818794	0.01179822415690039	0.01108026254153008	0.01140081794157358	0.01232939996742616	0.01366531717397792	0.03664189595586992	0.07375951341089429	0.01083972920369537	0.01024036843949217	0.01008004137258023	0.5310785675594056	0.2332010769399326	0.1171422961615586	0.212862811358392	0.14915903211116	0.09023184758377137	0.01014571197645453	0.1100667658237465	0.01246200353898683	0.01347289951373529	0.01056559046184498	0.01028285206828237	0.07469216282120404	0.01253106017910618	0.01036361695290291	0.01032718157136189	0.1353639042525073	0.2009226847756281	0.01064397145185022	0.01421491249942779	0.01481808414755243	0.0285346821842666	0.01705501645670384	0.02720978686023926	0.08935353180106913	0.02918249535361883	-0.2698507576469829	0.0122892957700436	0.7553404704048966	0.9549940332497747	1.069581871525521	0.9902338316041932	0.03179836900310351	-0.2812288375646569	-0.04887758415443672	0.4676666466088329	0.4499177210389386	-0.12905816469677	0.3190945365985454	-0.133042092093124	-1.266864846904508	0.01844168154463329	-1.94570860617307	0.09595068047641819	-0.2679533471954311	0.05756261297618739	0.7338238922989901	-0.1403728685344698	-0.4149914977095644	-0.01677373207236928	0.2582427991006864	-0.07687565603235272	-1.096397689545961	0.9681870933739851	-5.118454688487081	0.9681870933739851	-5.118454688487081	0.2342272403871374	-1.002696468271054	0.2342272403871374	-1.002696468271054	-0.01955244261400091	-0.4491607945353733	-0.06210809477279525	0.3193078531515671	-0.4186127012880567	-1.066037012571315	0.1131207345118597	0.7343565425191012	-0.1653313178195696	-0.6642525585739193	-0.1757020010842439	1.894620621838277	0.02721710251680929	0.3047762184227749	0.2060065689517318	0.5308120060965098	0.6129495626262326	-0.09921644063165423	0.7879382520018208	2.289428229534517	0.9496942830787146	0.05607342234969356	0.8892991172582914	0.02840636113549778	0.04319263532758733	0.06221289550675293	0.03097763274715452	0.04618918372367695	-0.02194221452374694	0.0005296144289389571	0.03588045065475786	0.0001745081492081513	-0.02247852287067927	0.008624377033377591	0.004249939573833928	0.01737468769603765	0.0002977862019018139	-0.00686391893822676	0.06323635172103195	0.02158663419121615	-0.1126399357492772	0.1843672273681217	0.01164377768738728	0.01158283396887604	0.01399551868450396	0.01034040729931322	0.01017299190093648	0.0104412304545872	0.05227432963579953	0.01014075894332867	0.04417818663412716	0.05570068225442682	0.02959386579522004	0.01159697545039077	0.0107474368347298	0.01030829291300299	0.01015804917171609	0.01027194440735245	0.01023081219091823	0.01016295709640628	0.01008751859796337	0.0102645974740378	0.01078894798407776	0.0102181125714851	0.0105015890575116	0.01065797017204882	0.02130983625889264	0.01727914665350733	0.011491011565789	0.01084740660647932	0.1062372776516031	0.1458597303252295	0.1062753926041509	0.1178297917744784	0.01008985083675064	0.01030827892403003	0.01004936710896862	0.01061937254826644	0.135855064626511	0.01060337560168748	0.01028085866621453	0.01009933678530818	0.01019713163726616	0.01009407547197907	0.01005538765077149	0.01019053029488842	0.01045139128212421	0.0101202774753331	0.01012141684402803	0.0101830713569177	0.01267673318947413	0.01154083851448212	0.01197504599915698	0.01314437450757685	0.01465685647203559	0.04123649085272676	0.08343956292341093	0.01136531447441252	0.01037572304288571	0.01011773307528279	0.5375743245283054	0.2376268369863824	0.1221340675843336	0.2151825048326308	0.1509599076285301	0.09303558471633466	0.01021965499957447	0.111674236266697	0.01330641519938716	0.01445867570462367	0.01103454503353218	0.01041709367401206	0.06336771351300234	0.01321803240192491	0.01056072739211259	0.01049483572772398	0.1434577459766426	0.2001766879114426	0.01092895921256653	0.01522723148979278	0.0139798293342281	0.01804296477630427	0.01450811247235271	-0.00970328073322387	0.02175918167570118	-0.02715300507178178	0.00188244662619989	0.01218537958728574	-0.02440287838464945	-0.01039373778082124	0.002688270406738713	0.007245501799717086	0.0003181562667076918	-0.003249397923914849	-0.02783566633458781
1.223421052631579	0.01766970131208236	0.02598525288272464	0.01019278306267471	0.01009543779948357	0.01164646226292063	0.05769690553198562	0.01129401860914753	0.03008047610066734	0.05723530087459452	0.03026640861972758	0.01108280930384115	0.01049035797539018	0.01014677986870153	0.01007490345801844	0.01014060742974137	0.01012182886237969	0.01050992744601546	0.01003142144119374	0.01005464430210691	0.01008723489446063	0.01009232063263638	0.01011305105274968	0.01045243156954725	0.02410614759918544	0.04461261520910344	0.01100362551782545	0.0105559307340654	0.1331695967222315	0.1631985888059989	0.1606844135388349	0.1233414038950099	0.01003692910541041	0.01014170533763379	0.01003234387975406	0.0306725189606922	0.1389162941695488	0.01039488234246458	0.01043528951542473	0.01017470545003459	0.01032312479311275	0.01006300670032281	0.01003696701720116	0.01012534368349281	0.01030742862360755	0.01007903618092107	0.01007970974896794	0.01011822548460535	0.01170465051701476	0.01104509202998337	0.0113695812040085	0.01235124008480154	0.0138417164882934	0.04182063771096872	0.08239742387192257	0.01075248359710351	0.01023059575477354	0.01007765014654092	0.5370827115586462	0.2357291303743438	0.1161789890839866	0.2166480545604484	0.151061456582571	0.09079375602548767	0.01014055978411006	0.1190905160466233	0.01249823367052861	0.01363067951994274	0.01047588685036781	0.01027037267228349	0.07676167021556343	0.01270755517316782	0.0103691880409257	0.01032207074840883	0.1415319567289	0.2039953442393039	0.01061525065243238	0.0144544859600399	0.0136557763286449	0.01919431949290122	0.01452476650722573	0.02788891308772624	0.04363177740944965	0.02677689392569936	-0.2155056753503277	0.01983460550704071	0.7625846205377041	0.9656101374377972	1.072697049318212	0.9904145533327665	0.004271082661078087	-0.2816833391235596	-0.04254714349728919	0.4712960180902883	0.2878872333135573	-0.1261014744597942	0.281118158537647	-0.146090378170773	-1.357794767736429	-0.0005579801050066947	-1.883726222933333	0.09341118944276687	-0.2446423299906064	0.06454677752172033	0.6698274184632464	-0.144243166218323	-0.3608004404218693	-0.01452354159896255	0.1956690569131971	-0.0879066088579097	-1.125129415767537	0.9152906080660439	-5.554868793946191	0.9152906080660439	-5.554868793946191	0.2244404799093801	-0.9717432579195351	0.2244404799093801	-0.9717432579195351	-0.02386387390888964	-0.4212332426765045	-0.05886716561130973	0.3334662709113894	-0.4288559848685967	-0.9968227143352668	0.1200108482418591	0.6559439804808909	-0.1719880144949516	-0.6758973741554958	-0.1573303839625882	1.805000326780984	0.03000131995852104	0.2556223670812513	0.2113488281136318	0.5469017614870044	0.6119313448575738	-0.1086412882135258	0.8108205225093297	2.319633634535395	0.9502421305694473	0.0541663742031292	0.8896247748310461	0.0372867807418877	0.04050548846201014	0.08935956932482024	0.03359766569733456	0.04769986058445257	-0.01874342691257306	0.001992770999097599	0.03538849325957868	0.0002850275931068325	-0.02296121058828187	0.00708239916570422	0.002326581584862424	0.014896045505549	5.512583327285677e-05	0.004441246382594215	0.0570793445700574	0.02514526482906427	-0.113150335832771	0.1667105748818734	0.007530644418544834	0.01026440606540876	0.01044941372350288	0.01008479208936571	0.010057469941823	0.01009595411700627	0.01247102772199995	0.01002129363045693	0.01900273691036647	0.058903450419083	0.03104175042936306	0.01082356595341689	0.01036021836951053	0.0100596210579957	0.01002924473115939	0.01008978618515506	0.010057886598452	0.0100378937968623	0.01007282890763858	0.0102163817824384	0.01045545174455695	0.01019488330416001	0.01164047400301451	0.0134778464307116	0.01017999064826874	0.09356633415184011	0.01075683671018529	0.01040774879416898	0.1004431437878803	0.1533545214920651	0.194564254716727	0.1211265396596484	0.0100157761217826	0.01004771782400979	0.01002386730470947	0.06489646016253126	0.1432095754556201	0.01028948618156547	0.01062884251870861	0.01026552615728016	0.01047771130904157	0.01004616088551257	0.01002692012443449	0.01008775332484742	0.0102178224696525	0.01005591835856462	0.01005706292556169	0.01008109933471043	0.01141156573884792	0.01077137009690041	0.01104363508527091	0.01197056780817451	0.01356806561585694	0.04972524431966888	0.09449848525860807	0.01031974826059675	0.01013747666799349	0.01005340136452306	0.550150568112583	0.2393428704254836	0.1128147133667637	0.2238369250180765	0.1545421197997039	0.09117928825231854	0.0100971993654792	0.1377129587913032	0.01212140398712792	0.01333758046320873	0.01018996794590891	0.010208050251274	0.08661159821891969	0.01330911536383232	0.01025436046022367	0.01022164547799696	0.1474333661338903	0.2118961983449626	0.01043769250007501	0.01424896783758253	0.01225424354947997	0.0112131075786044	0.01211527903001572	0.01019833719609838	-0.01198092347181666	-0.007545496974226126	0.00264910845756995	-0.002354562472513629	0.01023559744594782	-0.007866710572794283	0.0124867867604663	-0.003740564638716338	-0.0008636095754859063	-0.00411737490468958	-0.02764299497170938
1.233333333333333	0.01299284520082893	0.01604754417634367	0.01013253891579227	0.0100931258676094	0.01068475534723882	0.02677739799381847	0.0105210538771079	0.02879584713595748	0.05749265539915468	0.03040624305050325	0.01108893591489966	0.01049489156372412	0.01015553732470562	0.01007419268344354	0.01022420542613266	0.01013075550856209	0.01022763684980139	0.01034391310314746	0.01131954740162748	0.01369543144931559	0.01080217448913362	0.01747529963933292	0.02291073928235476	0.01462022040293024	0.07965443346122916	0.01100832836001189	0.01055982402085156	0.1153014171202127	0.1448018429075942	0.1626257118537313	0.1213751213791924	0.01008201384810495	0.01012231094507247	0.01003286228314247	0.06345683422129833	0.1397334561863974	0.01039923501053573	0.01048456907275091	0.01019624900924818	0.01036079264270524	0.01006265774076801	0.01003715923824012	0.01011380574728265	0.01025269624432792	0.01007529448648983	0.01007881649105092	0.01010347171999259	0.01276968562547564	0.01104311549050077	0.01136693182504511	0.01235170887266519	0.01386377584964971	0.0548413476791532	0.09865255395113093	0.01049236685183923	0.01017508862855327	0.01006743328434372	0.5424300702199811	0.2391092406196224	0.1181445496410295	0.2212248453845686	0.1550921374157352	0.09412389213131221	0.01014010525802426	0.1373875431843975	0.01250248971251041	0.0136553829464909	0.01071335556555819	0.01035244979786553	0.08115034227220079	0.01567849665429799	0.01027461794898052	0.01027955322423822	0.1420384190322366	0.2101633227572985	0.01061513337447785	0.01447837877280181	0.01206854220469039	0.01335238601117684	0.01226632476036867	0.02799991880413956	-0.02467116978678933	0.02490875312966934	-0.1615987353856092	0.02732208764177301	0.744126721598103	0.9762651455328345	1.077407724512133	0.9903112845890759	-0.02543215945675638	-0.2820672176365214	-0.03468199918553726	0.4734843605338643	0.1592358570195663	-0.1234122746805976	0.2651257995505119	-0.1597883544165338	-1.396938360601736	-0.01881977811324447	-1.796818531925015	0.09109933085406974	-0.2217698388849057	0.07074194656953131	0.5757262471653601	-0.1474311969772173	-0.2781243550093739	-0.01289550357512529	0.1328567881572044	-0.09909735608982222	-1.128638602291181	0.8580761382794552	-5.987469570203786	0.8580761382794552	-5.987469570203786	0.2149793326810945	-0.9358025162440833	0.2149793326810945	-0.9358025162440833	-0.02791376343558264	-0.3964716071544442	-0.05551970777126811	0.3408408002492271	-0.438308442286295	-0.9077193287623854	0.1261309053008308	0.5794746628285196	-0.1786717974031196	-0.669747049286707	-0.1400461980172558	1.676859067838435	0.03223477026321396	0.1916020632790541	0.2168505967591011	0.5635573834549514	0.6107523941286312	-0.131216144221067	0.8337704540529391	2.303438210645447	0.9507628671321124	0.05067432491440788	0.890037156198227	0.04581636237230838	0.03899231675568673	0.1172103181507876	0.04078947382533902	0.0495338100046919	-0.01548753974359996	0.003331698953495679	0.0348897886807674	0.000381733661319429	-0.02154786527967419	0.004135342604291809	4.6459255479961e-05	0.01308786942340092	-0.0001824616790237468	0.01624115112818106	0.04417192135292612	0.02072084963814359	-0.1032334190385565	0.1512725723951796	0.001984350399365074	0.01018124967260224	0.01013594432873213	0.01018844540927093	0.01016435827094401	0.01014554212279029	0.0102894562171864	0.01006087851692545	0.04511530269671641	0.05537989538230403	0.02947777793313758	0.01161989503082668	0.01076439101410597	0.01034540731772885	0.01016112259605723	0.01052589154966455	0.0102725077494844	0.01009306369893801	0.01101843021297881	0.01405804801436438	0.02170981150366523	0.01232427770286906	0.03256985391365477	0.04801969943614564	0.01030018488671813	0.09193769172612318	0.011510499644733	0.01086337973684559	0.1021505943778388	0.0979788822226578	0.1040994576052449	0.1171797327958635	0.01023033122123253	0.01025895779957293	0.01005101656900392	0.09116717009573483	0.1351924308058775	0.01061914069277137	0.01028834564850207	0.01009958922177425	0.01019932207364312	0.01009466689659855	0.01005712196242425	0.01015938435719975	0.01029555498145622	0.01011133654004728	0.01012086426764841	0.01014101649211987	0.01592364172836041	0.01156850926958717	0.01199701617628454	0.01312483161600113	0.01455210851673957	0.07657620341835407	0.1267856875364115	0.0106801596152339	0.01022124665151191	0.01008986915572231	0.5465289843033806	0.2460578294871602	0.130316145478076	0.225833918364032	0.1624537470201761	0.1034372200217102	0.01022320607382642	0.1625193604720975	0.01328428015147247	0.01437988542094108	0.01182121681841148	0.01067115694619582	0.07499157343250573	0.02189260772723518	0.01027637854049209	0.01037423249243456	0.1357703444391325	0.2181356726738413	0.01095593205479436	0.01506631616698226	0.01040329092056863	0.01012874607511035	0.01028283667364071	-0.005778310613753879	0.01875319108025512	-0.01441014030805732	-0.004587810147833679	0.0127288533703869	-0.02606898901352869	-0.01124747695567494	0.008701265989305724	0.006163827022003776	0.0001122819270427804	-0.005150444268019796	-0.02754427666568016
1.243245614035088	0.01112567134916262	0.01218909618807381	0.01011462314867572	0.0100908006604179	0.01029710627365538	0.0161586764616987	0.01020063964837525	0.03281568802622823	0.05713427351574683	0.03021582583644482	0.01110115115278561	0.01050377727226834	0.01011654070404883	0.01006605133587163	0.01024554391414083	0.01013316160760927	0.0101137463109403	0.01274213119582997	0.01537487406279916	0.0176830656016961	0.01379703907765792	0.03384902250937372	0.04288661124362649	0.01172254590477439	0.1025981212515261	0.01102021027134847	0.01056877459519312	0.1112916537194248	0.1335951206788072	0.1567543103092324	0.1263793590332152	0.01001601244995837	0.01010675832020633	0.0100340514321041	0.09457895778307834	0.1394184775008868	0.01040666563404735	0.01039816056708235	0.01015271273753124	0.01028903450348234	0.01006435129587087	0.01003887556749448	0.01010712521490025	0.01021015091039451	0.01007433575785001	0.01008088121672065	0.0100957964134109	0.01678594826013294	0.01107397791835217	0.01139447876799897	0.01232746547737033	0.01368267579237923	0.07763165319955016	0.1241106280158783	0.01043283259275996	0.01015143719539174	0.01006164358269583	0.5409697395091907	0.240813417215041	0.1238409675180331	0.2230276859041255	0.1594918130796959	0.1001715915932745	0.01014545833635153	0.1632937043671506	0.01246793074049375	0.01350524526945713	0.01048551840778061	0.01252556561051755	0.08857285573673318	0.02480472008539345	0.01020931660738151	0.01025287869020515	0.1357151746314122	0.2168027566557633	0.01064063776544225	0.01421299064683742	0.01087250996330771	0.01121843084966814	0.01089543668504164	0.02734048611530513	-0.1108643323925356	0.02356794976328616	-0.1093007684981718	0.03451320518049952	0.7034990985251151	0.9869741708610678	1.083573577177259	0.9899050308929973	-0.05674001395308615	-0.2823669723589711	-0.02562611632596078	0.4745616643806996	0.06346471966314525	-0.1207756358930277	0.270215445735773	-0.1735971932072468	-1.379605744018021	-0.03610004140177508	-1.686059974612838	0.08901786442415985	-0.1979547147085294	0.07588542034619042	0.4589981623408005	-0.1496820738588567	-0.1728845196232079	-0.0118872451008166	0.07080710588807354	-0.11020029692074	-1.107653117558609	0.7966577671935381	-6.399883975117605	0.7966577671935381	-6.399883975117605	0.2059281527801503	-0.8879310010307842	0.2059281527801503	-0.8879310010307842	-0.03173440004749882	-0.3749058207647586	-0.05213140385135762	0.3417965527699438	-0.4468116540165964	-0.8066900650021966	0.1315151883803178	0.5079914691300481	-0.1852087181733433	-0.6464637936239624	-0.124178111089536	1.521330266917669	0.03372238250618756	0.1044638268965751	0.2225321152028566	0.5834569407842591	0.6092943447509761	-0.1645796979482918	0.8563422796095085	2.244097421312995	0.9512429262073079	0.04603405939510963	0.8905301196987448	0.0534563980449926	0.03854553185673606	0.1522057397275937	0.05222626622996225	0.05217920974733619	-0.01393108608373458	0.004233149380195804	0.03475950742634432	0.0004451778493621631	-0.01784083999578909	0.001446653895881971	-0.002084191938644242	0.01241294737246526	-0.0003829711027265242	0.0300172586232103	0.04323959741773319	0.02525266599781429	-0.09074834158738057	0.1368025049857492	0.0002559070695110496	0.01009603054049742	0.01007619369886808	0.0100610390262413	0.01004976385207286	0.01006519681391601	0.01013460971118913	0.01001823812953527	0.032821105066874	0.05745933852736522	0.03032428506473725	0.01085529100252427	0.01038356404397526	0.01006663782470116	0.01003286943383833	0.01011227232246303	0.01005997030853427	0.01003393173071467	0.0166946589550578	0.02073713471147475	0.01994585831790966	0.01742997191205878	0.0500802825774726	0.05896669322896293	0.01010095436643437	0.1348245835926333	0.01078812639616768	0.01043163869960864	0.1127136588750486	0.1385232816116356	0.1705071194292669	0.1395344071678603	0.01001575017867081	0.01004103348268593	0.01002682195266082	0.1293317450215944	0.1406869289573019	0.01030902211811146	0.01037555763725487	0.01014144712496634	0.01027049996360289	0.0100518451532069	0.01003230719081726	0.01007406263804032	0.01012592276629851	0.01005524053356642	0.01006404782133854	0.01006485040616406	0.02182944448292493	0.01086019132043453	0.01112222534555231	0.01190471968277079	0.01307373900211229	0.1060129556573537	0.1576514169494495	0.01023973605580687	0.01009128453250972	0.01004138360970739	0.5327570686543228	0.2403548916014981	0.1280649560496879	0.2241800088989047	0.1643925410595607	0.1062864423527069	0.01011527314181094	0.2028577112573775	0.01202561784577528	0.01292305200041854	0.01083206629660149	0.01881353691567969	0.1052178824194421	0.03599775446452753	0.0101146887818279	0.0101644809054108	0.1264049481673935	0.2269942460516971	0.01051190982214	0.01353213250249742	0.01012838386973025	0.01003672567218633	0.0100873642535553	0.007689428974307693	-0.01455978542145497	0.0004735020694913335	0.005763122346622435	-0.002666202875231647	0.01215028500791994	-0.008611237330795246	0.009237143758984448	-0.002190363370478429	-0.0007840995781529803	-0.00703382218360743	-0.02772113652404671
1.253157894736842	0.01052238150423649	0.01091547218566187	0.01009902215263073	0.01008018256020727	0.0101795125387423	0.01250221149573395	0.01011126377775385	0.04475933099907238	0.05624225707587675	0.02977939587394614	0.01112048868705567	0.01051897175830552	0.010496278950637	0.01014895750684375	0.01021098795394226	0.01011163839196184	0.01007965803226355	0.01825196947749672	0.02242485707916325	0.02316313187642677	0.01671501223000558	0.04536398462928862	0.05408652896582117	0.01082497420377422	0.1178686582138656	0.01103869206949436	0.01058407402327555	0.1144968363061489	0.1325245931234554	0.1398761849160997	0.1369137234055428	0.01064928016442565	0.01019517830990748	0.01003568928259283	0.1080473331679953	0.1378463876215638	0.01042000747932571	0.01033530626563647	0.01012589266494537	0.01024071956562427	0.01007024164630716	0.01004430200168637	0.01009836991141191	0.01016523801092875	0.01007472115891436	0.01008775555558138	0.01008421526420117	0.02349442317926472	0.01112002880193201	0.01143194085429363	0.01230111047186362	0.0135109785019258	0.1040682427272518	0.1530796954418565	0.0103237257220469	0.01011757286193804	0.01005348277058391	0.5349523457148162	0.2405458150704898	0.1288871406798849	0.2236728959098641	0.1637399270221677	0.1064460239677154	0.01016533025065097	0.1937720556719433	0.01243103601323398	0.01336073696661811	0.01531524266309331	0.02797428653669207	0.09813784022581436	0.03608201010105352	0.01015122428332838	0.01021781870899611	0.1280563197458069	0.2235886209442759	0.01068395840987814	0.01396799662949727	0.01040584554355369	0.01049494744496861	0.01039377634449423	0.02576446300265133	-0.2084158002474455	0.02273255546955553	-0.05984898292503324	0.04121096848264609	0.645427506040558	0.9977507960853206	1.091017278054428	0.989183659803609	-0.08886245535518267	-0.2825725170235718	-0.01573365774764469	0.4748438884716836	-0.001634431441590368	-0.1179938968778874	0.2938723147203402	-0.1869452389919486	-1.303940776940797	-0.05217721429281669	-1.554778249521926	0.08718102153574059	-0.1723455648953691	0.07979494864062141	0.3282211198102937	-0.1508099682511001	-0.05296647098855074	-0.01148466893268181	0.01093305976522366	-0.1209815956244328	-1.064140319089451	0.7313395188035557	-6.770283366907385	0.7313395188035557	-6.770283366907385	0.1974355795036047	-0.8222266042683599	0.1974355795036047	-0.8222266042683599	-0.03535437960852411	-0.3558408229627963	-0.04876267395391847	0.3370220260286853	-0.4542893134314859	-0.7021877432812861	0.1362279168752329	0.4444849821560437	-0.1914363294492528	-0.6076496307864574	-0.1099347390121627	1.351146455371281	0.03422952240992861	-0.005471853041711658	0.2284296192451186	0.6069881293674749	0.6074630512620774	-0.2059565169120616	0.8781350819340196	2.147366706544192	0.951673262368979	0.04072690914632629	0.8910923349606318	0.05971797389362297	0.0398509113289288	0.1841022509017179	0.06663997385904646	0.05564593092461766	-0.01345094365178514	0.004778570941000516	0.03507826093910925	0.0004804415528080252	-0.01215495539527301	-0.001147642451030786	-0.003990065971413045	0.01286338006052478	-0.0005397956658188742	0.04322252423253223	0.04912173869703861	0.02641868260413401	-0.07647188748732035	0.1265300473744774	-0.0005550658069016976	0.01019559724722668	0.01013229990208469	0.01015943656530447	0.01013524674331504	0.01016759622592491	0.01026181348756878	0.01010200814104492	0.07840582654825992	0.05297525906459653	0.02834882650382532	0.01166541185352286	0.01080079983121051	0.01150337550849171	0.01041341760236733	0.01040367205132759	0.01020673346688209	0.01010070322498382	0.02512787894934446	0.03125426367111592	0.0343680359847502	0.01810764047450256	0.05119831805705023	0.06213982857846678	0.01045413479821121	0.112271849470241	0.01155379996075405	0.01090004095959063	0.1189525544094186	0.1122462291367421	0.0551108783893596	0.1466001610801115	0.01216274416804004	0.0105345859266357	0.01005471829766558	0.0958381605464849	0.1301290288482585	0.01065145803008461	0.01018510637707698	0.01006184106834258	0.01012501879736265	0.01011043232833393	0.0100714968355152	0.01013990209373259	0.01020347137925751	0.01011338333631563	0.01013918015787277	0.01011414420317193	0.03215411540545032	0.01167520935444883	0.01208152230237705	0.01306999635162136	0.01421716838405516	0.1367277033661035	0.19304230680962	0.01041474503795705	0.01014381359191093	0.01007129597399396	0.5222126421886171	0.2417307368132929	0.1396657317389027	0.2249752996736031	0.1708004393845334	0.1165193076182738	0.01027674459295366	0.2336964501276517	0.01320810692206656	0.01409575406421216	0.02641580033166184	0.05529147058981954	0.09684179975703634	0.04706973419527276	0.01016704024705903	0.01029613159674475	0.118597005022815	0.2321198974438229	0.01105959762840791	0.01459528139849789	0.01017077736431909	0.01004786927639277	0.01011572414730358	-0.0005187510544705555	0.01504771394214454	-0.01376822384769482	-0.01077922504053041	0.01299974560176258	-0.02425862776060477	-0.01107307339038102	0.007043872813460775	0.007613700312567672	0.0002211373793965029	-0.009938006481982897	-0.02813366542465737
1.263070175438596	0.01027119319114939	0.01038179533338268	0.01009439991616108	0.01007794909165821	0.01012993813600791	0.0109912071070361	0.01005581717674215	0.06675548399313452	0.05419851064717023	0.0286048262321952	0.01117030573568838	0.01055957318553009	0.01032254822401233	0.01030163929594823	0.010207126681508	0.01010849677732758	0.01006502742632914	0.02259268882962035	0.0248105925293207	0.02439250971858838	0.0185657690715818	0.04899655559824559	0.05769529787634767	0.0103967130431754	0.1220544795381582	0.01108994491343359	0.01062712483399904	0.1131885389833315	0.1294517620928334	0.09707214534916596	0.1454931489077819	0.01001358914923087	0.01006879882573014	0.01004025122547347	0.1052673207050045	0.1347233115120078	0.01045458334600439	0.01020566176017807	0.0100737374360464	0.01014420297951167	0.01007355751486527	0.01004772360232459	0.01009353593460029	0.01014353848368955	0.01007462259520583	0.01009138332527022	0.0100775613537034	0.03136979416729771	0.01114049263477473	0.01144936470384886	0.01228652274134986	0.01340941404633392	0.1300196043315791	0.1820726559917719	0.01028183783622245	0.01010175745451175	0.01004908599934301	0.5255606678324971	0.2390195008216688	0.1335275405831053	0.2236900422230755	0.1678605244007488	0.1127629573114683	0.01017517386610805	0.2251101060599133	0.01241126806686033	0.01327798599031466	0.02452765551047985	0.06258869788558165	0.1086809875554813	0.04731615126450751	0.01012208273804085	0.01019829731850773	0.1225746151204758	0.2300961023601978	0.0107022450066839	0.01381684536148701	0.01021560576088585	0.01019251699477418	0.0101876092544086	0.02319600005539812	-0.3097965111739575	0.02236709298943852	-0.01474542518734253	0.04726803013653912	0.5751027019112995	1.008606921820137	1.099586800006519	0.9881438891880396	-0.120819663956857	-0.2826771956834478	-0.005315696221762674	0.4746210917671058	-0.03898986269034447	-0.11490055409857	0.3323851900600084	-0.1992601875178784	-1.171757708745648	-0.06687137263743549	-1.407989569447959	0.08560675270622133	-0.1450760177382859	0.08237476631974681	0.1921268302596672	-0.1507128700634519	0.07275570177545228	-0.01165698400927536	-0.04486272601746904	-0.1312309406894492	-1.000853136928681	0.6626654210962794	-7.072376758967589	0.6626654210962794	-7.072376758967589	0.1897011515398495	-0.7344273708018006	0.1897011515398495	-0.7344273708018006	-0.03879375951570266	-0.3382556225465004	-0.04546645396111513	0.3272984947062783	-0.4607473473567809	-0.6022469120413704	0.1403637612219686	0.3921077273989451	-0.1972102874305418	-0.5552944864789909	-0.0974011018828454	1.178273636331836	0.033564949974806	-0.1300154191386255	0.2345717122933628	0.6323991545144216	0.6051969137529659	-0.2517469259281245	0.8988118087782401	2.020054164189693	0.9520498191378227	0.03526576677717636	0.8917082189663128	0.06423230475138191	0.03814543671667837	0.2032531143024331	0.08178269993525784	0.06026670150359373	-0.01378957696529399	0.004997420008245767	0.0358949780710933	0.0004889707119651704	-0.004585713695755447	-0.00339723542878862	-0.005526080176618749	0.01421284454212296	-0.0006494302808086977	0.0615454594684752	0.04386349391468343	0.01660712766792059	-0.05847421176323053	0.1224450626422166	-0.0009926430362527127	0.0101203881438093	0.01009039403235577	0.01006181213714992	0.01005064630990037	0.01007801757259212	0.01015841447963294	0.01002985016022371	0.08474423312578631	0.05393046876377461	0.02823127272400044	0.01094911806343318	0.01046091625374167	0.01169964333254167	0.01040113140545445	0.01011210494553549	0.01006052706833984	0.0100384577159913	0.02498167620420921	0.02325322538616906	0.01988879486730674	0.02028036057905843	0.05036861738156642	0.0578001692318027	0.01018702331097798	0.1299063653275234	0.01088521650288644	0.01051348088371242	0.1067600802361088	0.1323710803708786	0.06297743236213943	0.1544309717981475	0.01003473724758644	0.01007849011892495	0.01003593318839238	0.1028976660266191	0.1360842465764508	0.01037468285621585	0.01010926825875325	0.01003700820138062	0.01007456516201814	0.01005993735859267	0.01004064435858498	0.01006588031258325	0.01009317781530233	0.01005588400905933	0.01007286846405984	0.01005300895368932	0.03921731736833221	0.01089074768217244	0.01114812422827292	0.01188203258540195	0.01291870334017265	0.1616390825547629	0.2201975456406401	0.0101728594027172	0.01006536406253277	0.01003370478111601	0.5029952262146269	0.2337607935082328	0.1360234157763024	0.2222056441006055	0.1719306503149086	0.1187240574419056	0.01014039056865998	0.271683018211464	0.01199599013718249	0.01279904717554919	0.03423200321912916	0.1062754511931906	0.1285030057600647	0.05952854278591645	0.0100735515687977	0.01013124797150014	0.117658164378164	0.2392019033093638	0.01053965786393207	0.01329748665073341	0.01008288791050011	0.01002266671148314	0.01005710574515458	0.00600436406326854	-0.01445679398611707	0.001071872801490413	0.01133734498402744	-0.002998149242272468	0.01448121734563767	-0.00893243877165908	0.005998608631938522	-0.0005170824931734609	-0.0007338744432562622	-0.0130308305746447	-0.02864147089847605
1.272982456140351	0.01023880714955294	0.01025178670647495	0.01010774151514151	0.01009005766014787	0.01014031985049245	0.01056871677048706	0.01020748947418953	0.08536294874534246	0.05741268203695554	0.03021668890348845	0.01113126877799497	0.01052985013947114	0.01890422714054217	0.01048887022599732	0.0102318555977845	0.01012247330682233	0.01007232203590734	0.02422401644412505	0.02430259202502814	0.02269286922347069	0.01901138049310037	0.0469742857612052	0.05494244531476303	0.01091873687754823	0.1174558666343703	0.01105011196266766	0.01059367523475615	0.1058989070728922	0.1219333282311776	0.06340407961974698	0.1457832584959922	0.01638026114310836	0.01143672118085006	0.01003876967814808	0.09099280169668543	0.1424877968874561	0.01042863811703039	0.01015043028467183	0.01005236728140003	0.01010373926259412	0.01008355284820039	0.01005736800567073	0.01008943267168199	0.01012383243945426	0.01007754735572699	0.01010278243385172	0.01007148253798982	0.03977807689003276	0.01115227766480119	0.01145872355457563	0.01227775747445697	0.01335701887416271	0.1563896872240432	0.2115002113897903	0.01023092854544395	0.01008532903193394	0.01004449666414599	0.5096331566255409	0.2338928967605401	0.1355351841600364	0.2212831116858339	0.1702072215254882	0.1176218816979761	0.01021181226196184	0.2564430247835359	0.01240109994577302	0.01323799728662894	0.03941943438407761	0.1025442562368403	0.1196591362507103	0.0582339882668295	0.01010109468313775	0.01018146428079567	0.1189116769040496	0.2346443402930155	0.01071427148213274	0.01373596292211471	0.01014041752560481	0.01009147929214205	0.01011296155353046	0.01963713633350203	-0.4068671228631667	0.02242089719696802	0.02450843440567829	0.05258899835469542	0.4977687461884485	1.019552960811105	1.109148979067022	0.9867928577509213	-0.1514682028545561	-0.2826767558781644	0.005455646594863035	0.4741492445248023	-0.05267144651931336	-0.1113705432999741	0.3811663202180369	-0.2100041847385752	-0.9880334150726475	-0.08006125072400921	-1.25254555693645	0.08430740997343494	-0.1170899262328029	0.08361304415251331	0.05879530176819123	-0.149379246969302	0.1949718774363066	-0.01235463663886158	-0.09477955104546508	-0.1407701025365873	-0.9215619524574349	0.5914504202170539	-7.278364739458189	0.5914504202170539	-7.278364739458189	0.1829554208270359	-0.6226413401810647	0.1829554208270359	-0.6226413401810647	-0.04205988118237967	-0.3205901982562157	-0.04228763508402715	0.3134891851013298	-0.4662675747316463	-0.5140219881994532	0.1440465725223092	0.3533909314393889	-0.2024083736103305	-0.4919257470426612	-0.08654767031232649	1.01388160220978	0.0316506809898584	-0.2548410650248949	0.2409632629702838	0.6567498660090421	0.6024675507924564	-0.2989421219023816	0.9181046912701379	1.86946639020617	0.9523733896215899	0.03010331032857928	0.8923590613007685	0.06674130831055106	0.05491856926194714	0.216832695640307	0.09564035922867262	0.06369885836412245	-0.01689979238031574	0.004468151338761874	0.03696572379249435	0.0004483237683203675	0.002671472722803058	-0.003419957083911497	-0.006076471228862642	0.01639383697266255	-0.0006856997221526193	0.05299366764647721	0.04579872503484989	0.01682408858430881	-0.04671490452488015	0.1256567753833633	0.005188628198689474	0.01033897155943518	0.01025724305554018	0.01020317769147433	0.01017308176793024	0.010245299658158	0.01046429846810648	0.01060210427490454	0.1142248995754156	0.0655851995904863	0.03449063528092278	0.01150254205327239	0.0106744445290167	0.03735307588228071	0.01082097119228625	0.01048030222708519	0.01025094376609999	0.0101361065478659	0.0257341541751115	0.02733443114455809	0.0280018390653616	0.01761065080530575	0.04079071915854837	0.04923057649559678	0.01240405353345766	0.09029603953222939	0.01138724443075093	0.01076033211102286	0.09593365023731375	0.09100207864484694	0.01029698317428609	0.1343172415976069	0.03176414805828103	0.01469933015270148	0.01004601895760882	0.05224716455213786	0.1625010079471267	0.01054201369546739	0.01014538803543388	0.01004833584342036	0.0100973549599258	0.01013676572609368	0.01009669361606259	0.01013238839790638	0.01016594832665535	0.01012210335384359	0.0101693590009111	0.01010253158102493	0.04989081450665826	0.01169054151913298	0.01209257428093594	0.0130580106094516	0.0141595672099748	0.1931611378003088	0.2561812711155205	0.01030433429229831	0.01011037264575021	0.01006193412227682	0.4731731500706228	0.2245952147761665	0.1397929338872513	0.2156420923526955	0.1726082303098271	0.1243326250108406	0.01037548875205633	0.2996283483155874	0.01319693450479973	0.01405680361214581	0.06302901949668219	0.1471493583854935	0.1193809060176206	0.06908926734130988	0.01013280373108685	0.01026501194994252	0.1140710040894937	0.2375967021826098	0.01107771769807131	0.01450110708733439	0.0101298289669735	0.01003748303363635	0.01009151902045954	0.003395790241984476	0.01306157261048214	-0.01514062702400977	-0.01155764286857637	0.01183968982908628	-0.02283921004183051	-0.01146672040229233	0.006440629211601093	0.008450481268340812	0.0002290382744910782	-0.0151997673616657	-0.02926842460074804
1.282894736842105	0.01022844806684299	0.01017980401243843	0.01011853175462053	0.01010150528638409	0.01014740367884197	0.01034933487246773	0.01015653237104518	0.1016791865831316	0.0627673232451687	0.03302558108328143	0.01106764236165731	0.01048235927549112	0.02998469473885786	0.01116276680306436	0.01025485939432454	0.01013394329002189	0.01007735419189258	0.01974964855383132	0.01992567721393732	0.01928509518045278	0.01745534061282021	0.03925770486963607	0.04543218332803522	0.01154527917716571	0.1076171228512706	0.010987006928794	0.0105427820344663	0.08751282852191129	0.112601738881619	0.03073737582382742	0.1394953669852667	0.02765369411118143	0.01247188508734581	0.01003442759055155	0.06847178448547511	0.1543941310757367	0.01038758457079515	0.01011729813114508	0.01003990516184916	0.01007979378553984	0.01009896693869142	0.01007642603413685	0.01008796638285651	0.01011190730167447	0.01008222252672375	0.01011870733807016	0.01006694673201373	0.04936134861254124	0.01116748148419978	0.01147099882627095	0.01226781763416875	0.01329559439408541	0.1843042388255312	0.2428511944504281	0.0102001579547204	0.01007462645377009	0.01004172062600203	0.4860247276924125	0.2244043931601001	0.1352592575855903	0.2161827041752393	0.1712455878475604	0.1221753093272147	0.01026108749230413	0.2906145550666641	0.01238848601145485	0.01318919786047778	0.0604999488042263	0.1499507935930162	0.1338338500178719	0.07036414175004779	0.01008623205854803	0.0101687056197633	0.1159054629586516	0.2380445609106417	0.01072896537730445	0.0136442363310124	0.01010311721656274	0.01004799721176562	0.01007789966376999	0.01517087387834507	-0.491620399181113	0.02282898800952531	0.05651042022140266	0.05712928578228559	0.4183508805160447	1.030598475030207	1.119653239721064	0.9851493340738439	-0.1796388520085763	-0.2825681824444793	0.01649431229692209	0.4736389674849876	-0.04756014858482747	-0.1073266348502035	0.4352316008190544	-0.218703415008021	-0.7608118341826995	-0.09170076463347797	-1.096573465400818	0.08328235814053346	-0.09007483456236501	0.08357231196024248	-0.06491595795646145	-0.1468888128889077	0.3047788844185587	-0.01351096260266089	-0.1371442149858339	-0.1494626805136882	-0.8308255549304437	0.5187809095760754	-7.36162983425543	0.5187809095760754	-7.36162983425543	0.1774347534165531	-0.4875806835045073	0.1774347534165531	-0.4875806835045073	-0.04514372063966016	-0.3012432929161459	-0.03926213442533553	0.2965057352228749	-0.4709932706392865	-0.4425691882690244	0.1474189256431069	0.3295715823147085	-0.2069355589602221	-0.4203987570782611	-0.07724346728547955	0.8669005369609204	0.02857103702921242	-0.3620523035543	0.2475754573541867	0.6762493120069313	0.5992766878460875	-0.3442783070210707	0.9358239804118668	1.703968574054151	0.9526487733696896	0.02559376620013659	0.8930244576261936	0.06717413045142416	0.06019249075829316	0.2258915139413848	0.1064004479821476	0.06944885286715385	-0.02246623364224309	0.003480306196719993	0.03917588160669801	0.000375974439044757	0.01257933207619001	-0.001399883896053162	-0.005749214421009799	0.01989378439218521	-0.0006601521960775025	0.06900392953449613	0.04993730858970412	0.02806446541696711	-0.04253982100961196	0.1408950533868703	0.02301789768161909	0.01022200792416962	0.0102146516114849	0.01009218603633415	0.01007784050380912	0.0101211540325598	0.01030431737994449	0.01011322293550071	0.112073406699087	0.06634274813407873	0.03463037916719443	0.01080763431340526	0.0103553024841853	0.03656874260380352	0.01182416596261204	0.01014407310115442	0.0100796151548115	0.01005506176437422	0.01173814974548606	0.01116770058571933	0.01065290357924755	0.01548868428983833	0.02889076889018484	0.03144146722099053	0.01313001379737923	0.1033585170192435	0.01074509228296895	0.01040063954162813	0.06034877531157599	0.1148515985185609	0.0101623482895943	0.1324942165110123	0.04010230228687629	0.01331219276552096	0.01002600484944615	0.04937797429644749	0.1648528109280208	0.01028340328713335	0.01007874422042657	0.01002645915538757	0.01005326114366396	0.01009657870731612	0.01008610135348857	0.01006402877346265	0.01007300686387549	0.01006710413099162	0.01011079269519918	0.01004475698122962	0.05957956994102347	0.01091655716656323	0.01116876161289597	0.01186461459916888	0.01281503526196901	0.2219721062064951	0.2886101833294901	0.01011787757304264	0.0100463139876911	0.01002875528019699	0.4399447342385081	0.208649936781403	0.1328069143350903	0.2081845506725152	0.1722422134264799	0.1273043108984264	0.01026461205867224	0.3472613175433959	0.01197460718851174	0.01271813893464578	0.08274642535765152	0.2172677175896744	0.1606403182545874	0.08504537447744964	0.01004908431625461	0.01010815961154434	0.1134258935868094	0.2441245315225901	0.01056491531214081	0.01314155114228582	0.01005720981406747	0.01001816176979767	0.01004133929643382	0.00311464279343111	-0.01252293708829439	0.002993743239810551	0.01566527668776489	-0.001959125405705578	0.01688775562091263	-0.00839790654204965	0.002467673902497727	0.001186974199788373	-0.0007146498222478444	-0.01676672221751365	-0.03012409248895474
1.29280701754386	0.01045927627371932	0.01069388497581625	0.01015228836049041	0.01011751208799974	0.01021965883270371	0.01104764630959515	0.01104309841983468	0.1052308059670621	0.06399949742849061	0.03355794126106715	0.01108125438842476	0.0104952887259458	0.03741305630102079	0.01118103590035416	0.01019500424047796	0.01011725663113926	0.0100915925243907	0.01304451884923275	0.01277755212292234	0.0122934177986261	0.0145052816434154	0.02661889577583345	0.02974799057865286	0.01793442924349508	0.09838628159032584	0.01100214202687725	0.01055613213351943	0.06924046708812306	0.1166669886647241	0.01809292032932824	0.131075818917241	0.05136724521763957	0.01739756845902585	0.01003644496514437	0.04643776683709624	0.1584039890689251	0.01039807805913585	0.010114409912579	0.01003875708173015	0.01007753590056476	0.01012128450535938	0.01010154051250669	0.01008520378206807	0.01009831404902457	0.01008822997238823	0.01014320875842045	0.01006227135907487	0.0590036780034406	0.01116609493751001	0.01146983212351965	0.01226427778036543	0.01327992147212249	0.2121784852890838	0.2744917865051362	0.01016701520472614	0.01006333492800754	0.01003817152301891	0.461939804022894	0.2152468415429907	0.1356144175911946	0.2113113413893839	0.1726391942150063	0.1269978416152909	0.01036491619410773	0.3245746963910142	0.01238655813671237	0.01318214525974501	0.08163525214968638	0.1973925210445572	0.1478325664344164	0.08216523991696323	0.0100731604958114	0.01015547467583752	0.1149313891680166	0.2417555291977448	0.01072796611031685	0.01361418645967361	0.01007951036406143	0.01003216622445429	0.01005917654064892	0.00995463256800584	-0.5571548926932901	0.02351304806080507	0.08001109375658884	0.06088946877998383	0.3409765109161824	1.041752792801637	1.131107528745432	0.9832437782829461	-0.204144899903078	-0.2823487812098621	0.02782333397250422	0.4732524234255145	-0.02852728918154631	-0.1027414967015977	0.4895445559872476	-0.2249800372466322	-0.5012946546273288	-0.101826753034626	-0.9486017141957724	0.08251100861450204	-0.06630723155500365	0.08237567927922644	-0.1736869882907611	-0.1434031504914845	0.3946677611469405	-0.0150440517537548	-0.170621205979353	-0.1572188217797354	-0.7334223911044613	0.4459913423363308	-7.299248651929215	0.4459913423363308	-7.299248651929215	0.1733554983490592	-0.3325848928685398	0.1733554983490592	-0.3325848928685398	-0.0480222018347365	-0.2789592946138795	-0.03641747747689798	0.2771211096153597	-0.4751061280730359	-0.3906655537615189	0.1506296721423017	0.3206783908869798	-0.2107249172955368	-0.3435306484280664	-0.06928444638352499	0.7432350830750982	0.02459097704852284	-0.4337251441537085	0.2543409291473481	0.6871037022867744	0.5956588251636645	-0.3846896874125929	0.9518621990192215	1.531493685092042	0.9528837412340369	0.02197748160518825	0.8936842222773022	0.06563160242233815	0.07711905662303183	0.2140371090310823	0.1127017380011264	0.07406130553085249	-0.0287783025907418	0.002179083473033448	0.04168473544823245	0.0002835328764109113	0.02203511152095861	0.0008487407209712788	-0.004942809761941094	0.0240262095838777	-0.0005946174712863769	0.07133814182022508	0.06797075657884716	0.02691130069294023	-0.05334820072397619	0.1651426943730777	0.0437276952853524	0.01103008730776406	0.01184348911824723	0.01029251277754389	0.01020943020027118	0.01045174475923964	0.01273621860863599	0.01327022029751752	0.1046944044307749	0.06318708821284959	0.03316743884856713	0.01160342062566642	0.01075777186659528	0.04910766943789569	0.0102320121759298	0.01028186200966637	0.01019083306958373	0.01017332684565424	0.01013157792587057	0.01028515357369757	0.01044290140461698	0.01037120262144828	0.01070537281956746	0.01169617263553542	0.03088932118585432	0.07359720176322497	0.01149210068496074	0.01084815338421105	0.0602165488224165	0.1188548224011568	0.01024497081106822	0.1145288836561614	0.09467034767548775	0.02842487021779248	0.01005608988611982	0.0121618818216283	0.1582709728310528	0.01061200734040397	0.01016833005747802	0.01005677893415803	0.01011342916167111	0.0101879611394108	0.01015267729577708	0.01012563202872264	0.01013717533721069	0.01013538430172923	0.01022651335265015	0.01009304763461454	0.06968505868403153	0.01167195018519745	0.01207740685363103	0.01305704851141342	0.01417221265858363	0.2518842072404411	0.32353121396673	0.01023578407841411	0.01008722913883213	0.01005410186580007	0.4247251620976327	0.2071059098839314	0.1414656471282911	0.2063891746752449	0.1759994683659759	0.1344879162049915	0.01063507223861276	0.3702271050360581	0.01320331476889707	0.01408284647938004	0.1075925926286889	0.2493740928495176	0.1470873261028279	0.09281663747279377	0.01010835873274402	0.0102380961169714	0.1150805227181015	0.2456449512359446	0.0110607848148096	0.01450038525563291	0.01009561752423299	0.0100320747874052	0.01006958613646859	0.004357089914825541	0.01402975545538844	-0.009974742931554023	-0.01074715296022541	0.01218314650438095	-0.01840386648263654	-0.009647043163528497	0.00186909053640703	0.01010658122614132	0.0002837689939744678	-0.01946357546038912	-0.03112856594973573
1.302719298245614	0.01414186683208755	0.0246430583241143	0.01018220116301387	0.01012426191960697	0.01033114127719878	0.02324532884808935	0.02038532384426291	0.1073894366174772	0.06487116648433261	0.03388286266960506	0.0110775166008232	0.01049325252622944	0.04521499223356674	0.01060397453351073	0.01017013394718849	0.01011215394508156	0.01010628128942189	0.01110951804264348	0.01106859299449166	0.01095340649015824	0.01170913538701797	0.01620797726115242	0.0176550856897751	0.03265310789626896	0.08362989121962394	0.01099994314490678	0.01055477601503243	0.05843781839082888	0.1282353773822836	0.0129692007258153	0.1253383525957807	0.07674438521563182	0.02565118440888626	0.01003606506680844	0.024263145656803	0.161517905590981	0.01039600378366411	0.01011236449829218	0.01003793717033724	0.01007588861564962	0.01016211426234215	0.01034575560473005	0.01008379455311146	0.01009072928134758	0.0100942446070849	0.01017916153383012	0.01005900984224307	0.0684456577804565	0.01116338826619683	0.01146682435838915	0.01226395832677376	0.013293132999818	0.2387479638392074	0.3056824709373309	0.01014955585787405	0.01005690023491843	0.01003597463862221	0.4381626407809579	0.2059266288888906	0.1357847176589227	0.2069807168526541	0.1744903879257849	0.1321516881673585	0.01067094623398921	0.3579283254703129	0.01238943640635765	0.01320033204402926	0.1028278564453826	0.2420179955029648	0.1608746532633775	0.09352853799879786	0.01006595252144284	0.01014708399359627	0.1167505910397634	0.2460035260719575	0.01072663698519129	0.013625645307064	0.01006725890598152	0.0100246454679031	0.01004948164569724	0.004207022872498234	-0.5981009444841876	0.0243842695000464	0.09417123875513264	0.06390653675440915	0.2688843014061864	1.053025458571051	1.143556266129178	0.9811176182937899	-0.2239758436339402	-0.282015543156595	0.03946020265440968	0.4731028825118999	-0.0005588333303824891	-0.09763627665963838	0.539451882632881	-0.2285782288955623	-0.2227264587191104	-0.1105609215792425	-0.8170870214004801	0.08194882936777846	-0.0482956552309067	0.08019026277768053	-0.2639930053000257	-0.1391493204825512	0.4590366800061255	-0.016860952270737	-0.1942653065753007	-0.1639962578561333	-0.6341312956983938	0.374611957483418	-7.075109493315964	0.374611957483418	-7.075109493315964	0.1708884947665196	-0.1633769858981989	0.1708884947665196	-0.1633769858981989	-0.05066016198662086	-0.2524983569238571	-0.03377366723746029	0.2561276389533937	-0.4788059831188946	-0.3592952406321647	0.1538210586378572	0.3253029315804239	-0.2137380578811959	-0.2642849164087038	-0.06242056679076471	0.6462932816025247	0.02013842642867981	-0.4554248806646964	0.2611588421553516	0.6864629203469534	0.5916722576016045	-0.4185291503592224	0.9661842689963973	1.358691112734702	0.9530878136761293	0.01937158701391964	0.8943197136681875	0.06231792544715058	0.09539158168497174	0.1963454458573227	0.1153805332814835	0.07891222960800577	-0.03588150711350763	0.0007163829144679868	0.04457049406066546	0.0001781187705548698	0.0311760347115145	0.003689990961996676	-0.003681723037512049	0.02847372585657883	-0.0004964161285327909	0.07831356312079515	0.07930046720666155	0.02984134119125873	-0.07492937039309425	0.1994801258709269	0.0725393340250209	0.01952954463729881	0.04624936234726446	0.01015532898819417	0.01008830641629757	0.01037910522291226	0.04045425948297299	0.03686879127261483	0.1118686042973226	0.06709682019496165	0.03476896244085338	0.01080504226536951	0.01035466541351865	0.05198461583256273	0.01032330723348108	0.01009100370880672	0.0100667926909906	0.01008534019487492	0.01003847655006032	0.01008172190848479	0.01012559655556139	0.01011235523569765	0.01016183945690102	0.01025937578477287	0.04774277193197576	0.07244685731836413	0.01074591566828635	0.0104020311483012	0.04528426194853084	0.1482226834829524	0.01012824365185778	0.1233363833303171	0.09690323985994019	0.03275872227332354	0.0100253969481636	0.01032028685105449	0.1686410629442256	0.01028217154827015	0.01008008243524561	0.01002700099637474	0.01005409941254883	0.01019197291340659	0.01067601062332836	0.01006150114974649	0.01006009315748648	0.01008005618841383	0.01019429290216357	0.01003902236075062	0.07846922584085356	0.01089710090914444	0.01115116949794295	0.01187036977075207	0.01288740925185534	0.2753359718995886	0.3529406272127734	0.01008938497885151	0.01003552373888959	0.01002477121350993	0.3959608244966197	0.1910166023418549	0.1333686641310155	0.2006972530720202	0.1766000782963269	0.1379340032750227	0.01108559309187134	0.4153114254545945	0.011990727666721	0.01279652952743025	0.1262481629888679	0.3104424124771356	0.1859839935245721	0.1076175169161171	0.01003802695572375	0.01009375352579174	0.1212228764520488	0.2535155432759039	0.01054919263752311	0.01322616400665128	0.0100416421087374	0.01001447223836851	0.01003052358853472	0.002336806414254739	-0.01014610972956784	-0.0006032313098559701	0.01534536229854889	-0.002216537412878607	0.01864036141306763	-0.008436098687449418	-8.962934120303537e-05	0.002828554485053635	-0.0007387694169413745	-0.02227820608498659	-0.03213363255368833
1.312631578947368	0.01879478541546051	0.04293281169328313	0.01021006795197663	0.01013156647331952	0.01044651066755491	0.03416203911360288	0.0442527773940257	0.1106054136961683	0.06708891828069144	0.03493289919412238	0.0110496411362479	0.01047333607008208	0.05423781834366498	0.01039729310682286	0.01014799767670232	0.01010248745465532	0.01011461324582708	0.01047011540722497	0.01049574572778207	0.01048884505833636	0.01077847008153163	0.01254197785285655	0.01312435271204689	0.04382493932121576	0.07669892142460476	0.01097395236230634	0.0105339746933513	0.04814859490996452	0.1381632814280126	0.01124536982915217	0.1212082125540853	0.1019645647648911	0.03470020725678451	0.01003449379141575	0.01567171999474326	0.1674014525459549	0.01037822429145203	0.01010075295145489	0.01003413498551253	0.01006835560411273	0.01021727842708102	0.0105840483285732	0.01008230787598503	0.01008266776465574	0.01010270200704646	0.01023238846217652	0.01005644119284298	0.07679799191474881	0.01112230848279711	0.0114334234474948	0.01227713549184415	0.01339187710135218	0.2625489654109299	0.3348781364957087	0.01013104305773164	0.01005037410235209	0.01003366819129366	0.4189015974704611	0.1985938682515365	0.1365548747927133	0.203781886496015	0.1765443284577504	0.1368502579301355	0.01139391919215902	0.3879986453923226	0.01241468248843698	0.01329920698864543	0.121011236495722	0.2814716317087905	0.1710269783122574	0.1034616660451541	0.01005961186479018	0.01013971697293545	0.1225334241322388	0.2504485572010301	0.01068809800828245	0.01374600423445493	0.01005643634100598	0.01002030649080115	0.01004151014475695	-0.001810390194942921	-0.6112592790996534	0.02534768248056957	0.09858378448257364	0.06624551253727012	0.2044910981473831	1.064426808735477	1.157083826542987	0.9788218601701082	-0.2382433979048417	-0.2815658771147101	0.0512881092179771	0.4732555830587618	0.03172357302036293	-0.09207448393897003	0.5811023704064683	-0.2293811892796291	0.06015600162992383	-0.1181034272683271	-0.7092081996135192	0.08152626752241393	-0.03853328618713651	0.07720875069280939	-0.3341990025975444	-0.1343975405023141	0.4948592850474436	-0.01886018588312972	-0.2073080660741591	-0.1697987363327444	-0.537415988012379	0.3062894799198745	-6.682131074134722	0.3062894799198745	-6.682131074134722	0.1701403739829535	0.0130021576230004	0.1701403739829535	0.0130021576230004	-0.0530104676898219	-0.220814991151162	-0.03134218390329528	0.2344203079531696	-0.482295436033955	-0.3479039357356217	0.1571137595819432	0.3404900864034423	-0.2159660498690156	-0.1855709291441482	-0.05638133471991306	0.5766557724463947	0.01575566065964563	-0.4189082710137232	0.2679073298463968	0.6730710124437702	0.587385219970693	-0.4452011372429988	0.9788139817742368	1.190809827905008	0.9532712109500484	0.0178005041054526	0.8949147687065715	0.05753244224772185	0.1242409869302155	0.1763349930455811	0.1155896214564958	0.0827709566727251	-0.04290245100735307	-0.0007238853825937041	0.04754429141342026	7.43141074640835e-05	0.03868855642427939	0.005903718087021248	-0.002409412778003616	0.03299513234536688	-0.000388918608706777	0.07611238093513276	0.1009109536791912	0.03588928421181695	-0.1135787185085787	0.2352129977420634	0.1044473125140691	0.02131108637672623	0.05332284574088267	0.01034632269598195	0.01022456926165812	0.0106863110227436	0.0333005937092314	0.07730579657786642	0.1126211190938113	0.06926356142137206	0.03604284600036643	0.01152459897664346	0.0107009161230404	0.06901653318366532	0.01017281700062577	0.01024017594593243	0.01016716419964049	0.01018395940227254	0.01010494314598027	0.01023533315706042	0.01035545827560943	0.01032715536943116	0.01042225532604963	0.01067431527014945	0.05011281267459246	0.07072441474853686	0.01141739408291807	0.01078803178760632	0.04062117393468954	0.1362718399896251	0.01018358130623352	0.1089098780134281	0.1495491258295726	0.0478390879788326	0.01005181643090822	0.01074653566162097	0.1746195649216796	0.01056150549724817	0.01013602233720026	0.01004634370236521	0.01009277487270498	0.01031192358470727	0.01062368701487592	0.01012258485828573	0.01012059817199037	0.01015462016803539	0.01034939791200382	0.01008856760256479	0.08541441207942534	0.01155311004820939	0.01198149420345166	0.01309638613335555	0.01445253261513916	0.2964712895332606	0.3805151221929812	0.01019775194467063	0.01007408930556591	0.01004938480061533	0.3983412586017314	0.1961559139312764	0.1439314671253954	0.2020758922676983	0.1804695565360124	0.1433143565886937	0.01248019952855967	0.4251150748754819	0.01327535410271677	0.01435872789434971	0.1415526562926062	0.3232297829297665	0.1625313037589861	0.1111458976485167	0.01009649955519629	0.0102243309518796	0.1324693083986629	0.2549619461863178	0.01094823917901393	0.01484672858916772	0.01007532788740841	0.01002641666665686	0.01005527853344631	0.006240143637263523	0.01731441505680856	-0.01978249204403221	-0.01013766261864106	0.0124767532133319	-0.01209695732516987	-0.007139242545651592	-0.00445539033361885	0.01228600807906953	0.0003353012941118847	-0.02441828641151272	-0.03319054139418606
1.322543859649123	0.02670225805051661	0.05665638059300265	0.01022794872629381	0.01013517888650126	0.0105896723083412	0.04188862672775498	0.06723817837674266	0.1148460241081141	0.07005655748595642	0.03634060642391047	0.0110261497983823	0.01045807674624238	0.06351331845081624	0.01023815488148302	0.01014019185266923	0.01009970761410768	0.01012055896877895	0.01019373656186743	0.01024697193907814	0.01029186449521842	0.01037640050788557	0.01099307326000269	0.0112661855947669	0.04963528329676344	0.07435535016151409	0.01095180288591801	0.01051829918883729	0.04213448558986557	0.144336340833932	0.01052630644600835	0.1185929305419853	0.1320231292821083	0.04310200472810512	0.01003269281020312	0.01214908356739298	0.1750251461532658	0.01036543945078123	0.01009551890969856	0.01003242755014916	0.010064936435032	0.01023734340421898	0.01683497804014935	0.01008018951590128	0.01007881860982398	0.01010296834639708	0.0102478816671647	0.01005483028158791	0.08298685830204409	0.01107893314168704	0.01139487517323956	0.01229975341820715	0.01359732175899679	0.281550547724601	0.3603736634218076	0.01012360299958865	0.01004746103075078	0.01003219528037917	0.412190994125765	0.1971620905357352	0.1389416997455609	0.2056934574970702	0.1809247060180401	0.1418303417434151	0.0124779948073653	0.413792829873434	0.01245654432223666	0.0134952709205686	0.1324776461320258	0.3103899990879481	0.1772428368016369	0.110794481270178	0.01005735530770524	0.01013622904193114	0.1335695793635523	0.2573904253601529	0.01065136994049758	0.0140161586816813	0.01005175117804662	0.01001834294465566	0.01003802915002809	-0.007816082090782973	-0.5958005817742921	0.0263068282571709	0.09338426309398738	0.06799144550618452	0.149452102288016	1.075968291123027	1.171848367056729	0.9764148878487234	-0.2463415198244281	-0.2809986699272045	0.06311571913323381	0.4737319400442104	0.0640824836312613	-0.08615300354151093	0.6116466806057982	-0.2274220106237197	0.3320511861000898	-0.1247166613784278	-0.6302989075924936	0.08115050541456925	-0.03916819154759809	0.07363099269999993	-0.3844507660198888	-0.129434772535286	0.5017793944827245	-0.02093406783460686	-0.2092499965386407	-0.1746718830853043	-0.4471981938492859	0.2426886607705465	-6.123962187145485	0.2426886607705465	-6.123962187145485	0.1711449167583666	0.1889761539755828	0.1711449167583666	0.1889761539755828	-0.05502010707849957	-0.1838132305176159	-0.02912637563725643	0.2127145171095793	-0.4857574019025517	-0.3529320394257058	0.1605908068177175	0.3615923934114292	-0.217427312419006	-0.1099927781540538	-0.05090751654223791	0.5315006933059119	0.01202709223127199	-0.3241827887901299	0.2744635449582549	0.6480466808887905	0.5828736363671631	-0.4636435040594341	0.9898223291759479	1.032197296307114	0.9534437820311952	0.01716007327106889	0.8954567633917696	0.05168628517338728	0.154343347341263	0.1552247964250542	0.1155104939311999	0.08661739659987204	-0.0478576208604266	-0.001644191120981455	0.0505737462285931	6.317067314728363e-06	0.04435590268474687	0.005649560525883475	-0.001812294748880085	0.03713827943680126	-0.0003057709400142228	0.077169703141858	0.1212153646396541	0.0342052291192169	-0.1645361971346979	0.2671617406571699	0.1317552342458783	0.03554401187008596	0.07022228170161844	0.01017838985849492	0.01009235055059614	0.01063801659808929	0.05205382425554204	0.08683770698696179	0.1225831142613172	0.07447427518407133	0.03823315292471412	0.01074477638280438	0.01031514286160428	0.07192450088323146	0.01014141115241559	0.01008457479990368	0.01006311941873798	0.01009092707065485	0.0100422785329903	0.01008521727601316	0.01012368482475668	0.01012547685406802	0.01016378411377681	0.01023710311849601	0.05468157262243499	0.07519226071142876	0.01068840650251353	0.01036111739053882	0.0369451646697183	0.1559092707546395	0.01011865877659893	0.1206422357531557	0.1644548528779728	0.05009044763443332	0.01002074543827273	0.01024953853768991	0.1881355389106621	0.01024926817442397	0.01006754156519145	0.01002297531920083	0.0100460064706898	0.0102199843691658	0.02538013869173513	0.01005671025612441	0.01005410592628244	0.01007710942696303	0.0102123375484111	0.0100364079770989	0.08886866463633965	0.01078987602954875	0.01105568509295338	0.01192739486812239	0.01339565895202506	0.3065071416907825	0.3989404952049778	0.01007879546306187	0.01003123667194565	0.01002210573391843	0.408075194956553	0.1961367916876298	0.1396060509940173	0.2112490652223077	0.1879372636140739	0.1478124661004569	0.01363394486043753	0.4600533464774822	0.01209468930291003	0.01327957975490797	0.1420654292796234	0.3548891585112223	0.1934070362196316	0.1197476448110128	0.01003578458481123	0.01008871185402848	0.1505910986633293	0.2709370515705755	0.01045888810015086	0.01389609882386561	0.01003546465564901	0.01001248027425678	0.0100260783296085	0.00160200860136644	-0.009960395131685222	0.002114527266543812	0.01594564073543037	-0.002074914800612317	0.01918527530658548	-0.008769840678214621	-0.001393120148060846	0.003998757139137589	-0.0008589851998132697	-0.0259722863146565	-0.03422925275586935
1.332456140350877	0.02706802777492899	0.05772009894835116	0.01021473573163654	0.01013219231507956	0.01056361837486358	0.04026268100517667	0.08558992659304485	0.1223853971017378	0.07493587806609643	0.03873332569153819	0.01096391047576864	0.01041488262740846	0.07501219155829535	0.01017676132140608	0.0101401245303553	0.01009616729413778	0.01011151977054143	0.0102057250894731	0.01029355172668845	0.01031355781190224	0.01043341137443157	0.01102085533384514	0.01135938179191696	0.05134817200373681	0.07850454739142869	0.01089190453596819	0.01047306736749988	0.03840243025308521	0.1466504991802774	0.01027861651809954	0.1184140618986378	0.1655639070534039	0.05301762605852926	0.01002821059312861	0.01204875574285002	0.1868593337020337	0.01032876365072482	0.01007924555595525	0.01002722386927474	0.01005445178849371	0.010259948033646	0.02016384920039879	0.01007707133222404	0.01007447720384777	0.01010204845960649	0.01026461558398084	0.01005320286182953	0.08775257348299156	0.01099426356191708	0.0113211085646278	0.01233900204627475	0.01390830045281493	0.2969328688064328	0.3830907120924704	0.01011380548296014	0.01004410423592134	0.01003040201377131	0.4123832417261208	0.1978523040150812	0.1407691250740288	0.2095508417122667	0.1855696213259505	0.1459105077179966	0.01399495870335389	0.4366529956266229	0.01252693750221308	0.01379405446976126	0.1390916451014616	0.333341311734514	0.1814823655010485	0.1166315064421498	0.01005580508941628	0.01013229031022624	0.1486501309724891	0.2650615594833836	0.01057922572360724	0.01441561522862235	0.01004710128072315	0.01001663695810637	0.01003463909518655	-0.0135326327966221	-0.5534111533378507	0.02716953095858028	0.07928896325201903	0.0692429882022384	0.104885932718261	1.087662908572431	1.188022403005127	0.9739595750238839	-0.2479888560753679	-0.2803161763311673	0.07447060479026509	0.4745146548467042	0.09303659427960165	-0.07999134551587164	0.6293661565377466	-0.2228838320704801	0.5781581004155654	-0.1307044536591377	-0.583262990006105	0.08071024643443818	-0.05173776883224423	0.06964828308927563	-0.4162394378902856	-0.1245377097106048	0.4822286166240629	-0.02297046706592718	-0.1997005899469812	-0.1786956142177563	-0.3664480185106336	0.1853829459689407	-5.415334512139506	0.1853829459689407	-5.415334512139506	0.1738604655484958	0.3570289139818686	0.1738604655484958	0.3570289139818686	-0.05663823228659617	-0.1418978301182791	-0.02712310431881897	0.1916512230606159	-0.4893298366553051	-0.3693680118837619	0.1642822314109682	0.3826914717581734	-0.218164612000844	-0.03985218519565527	-0.04577991143575367	0.5058762682101065	0.009492448714967176	-0.1802227995868948	0.280725726372726	0.6143124924930592	0.5782224585335139	-0.4734240648629713	0.9993174712865395	0.8858015882589844	0.9536138686996631	0.01726565369495688	0.895937355663981	0.04521155662254752	0.186120934014628	0.1458174537370329	0.117821722868071	0.09042333833174376	-0.05074458204971001	-0.001997985689333811	0.0534595635484149	-2.326378162240517e-05	0.04720081056147023	0.002911649790759471	-0.002015370979100869	0.0404958817867747	-0.0002562956888710574	0.07694926822578375	0.1417354500492186	0.03613752500635081	-0.2247457529639296	0.2889254124661561	0.1516451734934965	0.01428960581721981	0.04084692871025888	0.01029035896843325	0.01021232978616423	0.01047322606009405	0.01974264293444652	0.1109970261883864	0.1325831073533017	0.08146202161218073	0.04191046923918394	0.01136306466499412	0.01058792969510722	0.09545962834521836	0.01014300533491903	0.01024738833411969	0.01015936050569786	0.0101516519518525	0.01040312882083158	0.0106093450868431	0.01060676052767663	0.01087822031746238	0.01199054834422684	0.01273699737066005	0.0489375297035079	0.08728019373739984	0.01126151910491812	0.01066941414056896	0.03580854456097897	0.1347962143968023	0.01013889183111713	0.1121607861965133	0.2276388484984272	0.06996861887656382	0.01004030688185725	0.01387492325145902	0.2057694327386002	0.01046542175448712	0.01009299329629086	0.01003261774558814	0.0100650977799973	0.01035955620956027	0.0143597544615866	0.01011539877477458	0.01011144727164691	0.01015165401427041	0.01038405415356342	0.01008529683395376	0.0932632819653461	0.01134424311747893	0.01180015541174799	0.01319098220503168	0.01517803260825908	0.3208744167315968	0.4212942055938689	0.01017591557990256	0.01006695416254737	0.01004549407709747	0.4156715115710248	0.2013046736860977	0.1467734245200991	0.2133157925031543	0.1902673666679912	0.1501609431465042	0.01594046735993317	0.4648436589400952	0.01344380910492737	0.01505699372980445	0.1479715634094424	0.3580868599805436	0.1674871359946397	0.1208467040085549	0.01009406926740024	0.01021602384095746	0.1694379755447653	0.2718475319531603	0.0107701713307503	0.01577300573176323	0.0100660611313447	0.01002324908288937	0.01004858450692415	0.008037083681540089	0.01967675714639742	-0.02808965315553378	-0.009742038991237276	0.01294667608960133	-0.008215497284933114	-0.007561197690448028	-0.006072346065938399	0.01330749008860288	0.0002565063147533876	-0.02752922412238223	-0.03520440297043829
1.342368421052631	0.01893475287170102	0.04680757310551886	0.01020304190845695	0.01013202267028065	0.01043978886901167	0.03007462613670476	0.09836105627095652	0.1316743470719391	0.08145631390723763	0.04200694134687565	0.01092004424172681	0.01038820881699212	0.08773350676262417	0.01012759548325934	0.01013793939866195	0.01009459509742249	0.01010523132911214	0.01006868599575007	0.01013528916501871	0.01019647276647777	0.01025476494070615	0.01027785140553067	0.01040132366978223	0.04898247154498193	0.08601945761315175	0.01084917926711131	0.01044411798427809	0.04237985009807675	0.1459632267857472	0.01017073653354865	0.1203957985678425	0.2010026112792575	0.06233254348350409	0.0100257319043446	0.01062598900467577	0.2020898643999613	0.01030692989564869	0.01006975386813817	0.01002421638650066	0.01004838863653709	0.01025538026979895	0.01773435496668521	0.01007526660716457	0.01007247191448926	0.01010009021547373	0.0102609054248111	0.0100525854571329	0.0911342722885445	0.01093450509647696	0.01126379510589998	0.01238092014045909	0.01434866501420247	0.3089866579050402	0.4031723672104732	0.01010958130210219	0.01004256335172789	0.01002946922772204	0.4199101899343934	0.2005768446355624	0.1414833368025506	0.2157872395868211	0.1906032112669085	0.1489865733392221	0.01438151578079294	0.4565586869043536	0.01260599674353093	0.01421356905801262	0.1403209280872132	0.349954903825742	0.1845327737138304	0.1208249933052775	0.01005551606524386	0.01013130407700458	0.1670537197984556	0.2735617247768182	0.01053296226691833	0.01500113094801282	0.01004481021831931	0.0100157774796065	0.01003295455174323	-0.01871138707601751	-0.4881342661205583	0.02785338529423935	0.05754548904592577	0.07010770701298021	0.07149301284372166	1.09952537573469	1.205746122387838	0.9715196125283984	-0.2432952150260788	-0.2795256689317883	0.08481452921087276	0.4755562011543649	0.1159157318473076	-0.07372080060613095	0.6335903902984454	-0.2160889231445011	0.7854218715914421	-0.1363854441534249	-0.5681548010515894	0.08008305304165764	-0.07692100187603194	0.06543241650587434	-0.4319525033539868	-0.1199465599944105	0.4410125225003292	-0.02485482555280102	-0.1785973855128999	-0.1819750208089318	-0.2973169768468228	0.1357460466119954	-4.581714232372914	0.1357460466119954	-4.581714232372914	0.1781749498453152	0.5106551060153699	0.1781749498453152	0.5106551060153699	-0.05781911964267025	-0.0957638661192574	-0.0253224863562455	0.1719395632604267	-0.4931009793371843	-0.3921419200134637	0.1681557894694266	0.3972127395475379	-0.2182417746527879	0.02292063179020989	-0.04083416190387514	0.4937232017842791	0.008561249719632178	-0.004101597869585416	0.2866251159342867	0.5754561867884982	0.5735144724337746	-0.4752514677772144	1.007426448194966	0.7525365930795173	0.9537878197061826	0.01790066876213005	0.8963522633028903	0.03849361082298446	0.2183196621355876	0.1427676237720115	0.1234177292654967	0.09331938127230457	-0.05006592370259465	-0.001594050262853924	0.05567547488858286	-1.77229850741866e-06	0.04588703662974638	-0.003328466387902167	-0.003315524342337175	0.0423438897418054	-0.0002567910995530834	0.06684415730770575	0.1537444313149278	0.02757542370734572	-0.2866613279351796	0.294855533122135	0.1542273889276975	0.01402352692839924	0.03676504866363543	0.01014030432307187	0.01008712730826209	0.01030159997253564	0.02528921576645006	0.1067983537266789	0.1451359508948423	0.08994868189493123	0.04587039665888637	0.01064499706954583	0.01025576008457097	0.100120564614502	0.01007815136695318	0.01008813646323736	0.01006199952582629	0.0100730176922277	0.01007338920388459	0.01012198332129467	0.01014831002720325	0.01020268644793905	0.01037385946693926	0.01060795251815852	0.04485561520213476	0.09503103526388521	0.01059094477315827	0.01029614778803566	0.0548386071813061	0.1489846336404606	0.01009621080404414	0.128704411084401	0.2413497100015719	0.06884856427465035	0.01001542955361276	0.01068544122549044	0.2257836716666977	0.01020100885522434	0.01004748351132569	0.01001663079175132	0.01003318502135214	0.0101923800689313	0.01707159811972512	0.01005293925201571	0.01005092638290445	0.01007107709003716	0.01018898552588129	0.01003542007380927	0.09382990318139593	0.0106643392592175	0.01093282740557388	0.01202070053269142	0.01439140412234614	0.3239551023128466	0.4338293112442597	0.01007166061441385	0.01002875705981535	0.01002041757085967	0.4407927173983547	0.205228940906385	0.1394767471400611	0.2280523344218337	0.1987683209886714	0.1524944061045301	0.01361366962539566	0.4942618188101405	0.01227133349325881	0.01422877010234933	0.1364319590057912	0.3760543032638745	0.1980608730812398	0.1260302830125426	0.01003608797680234	0.01008741628371015	0.1938844503025537	0.2900055298176973	0.01036435065809887	0.01522074858444056	0.01003207253024202	0.01001124742202292	0.01002358557854726	0.0009735353191994173	-0.01136456929738089	0.007595877371917326	0.01779697866868692	-0.00155232571006024	0.01909948237415837	-0.009149903281645527	-0.001819184899659656	0.004788429897295086	-0.001074556012486916	-0.02900855261883599	-0.03597436076252932
1.352280701754386	0.01478299104575048	0.03272844972651311	0.0101592476323607	0.01011306744254752	0.01030709570211118	0.02325010091570858	0.1071900371167391	0.144716774216517	0.09011231127605097	0.04640947678185729	0.01083027692878703	0.01033324016221464	0.1031827925696558	0.01010129092952448	0.01016457800283426	0.0100983571875314	0.01008682425482708	0.01117811559574565	0.0115196496880932	0.01118558739001979	0.0118462910439118	0.01637181210897328	0.01885682061319571	0.04089601163317597	0.09511367311532735	0.0107620201268742	0.01038467707151847	0.06487949787212237	0.1403912067600691	0.01011781220127016	0.1273167838577693	0.234142255406599	0.07092541256489247	0.01002066425826991	0.02171253027807217	0.2216874917408843	0.01026190577985143	0.0100540252929259	0.01001918862428498	0.01003815235405887	0.01022408840851167	0.01560877159101151	0.01007130705871405	0.01006993830735688	0.01009260385879164	0.01022941112593151	0.01005108260770447	0.09298668418732461	0.01084348847384313	0.01117615131538298	0.01244002294109828	0.01490109735983946	0.3174576108791971	0.4201877466381493	0.01010252852742377	0.01004049421327508	0.01002795351013279	0.4344880075661483	0.2052987954929573	0.1410509964174721	0.2245065249584734	0.1961174385794861	0.1510991601729001	0.013285328745176	0.4747170035811968	0.01271595212721742	0.0147453806278284	0.1359477225820287	0.3614298891882635	0.1884324376262598	0.1236677120536915	0.01005574670326513	0.01012794376862292	0.1883229801546132	0.2833436940014087	0.0104644389069735	0.0157192310118284	0.01004289487165458	0.01001505095721916	0.01003154212955194	-0.02315360875628146	-0.4059392192698189	0.02829040504035123	0.02977040377911364	0.07069866895742849	0.049702732127677	1.11157173800039	1.225136539024403	0.9691555616798143	-0.2327948389465165	-0.2786401628240445	0.09354286166352317	0.4767861914828677	0.1308351915209201	-0.06747428230169251	0.6246504456780115	-0.2074762543110257	0.9434384043356621	-0.1420633472779292	-0.5818274855195755	0.07914429600293088	-0.1144933002550296	0.061128244385295	-0.4345897114618707	-0.1158451328568347	0.3846154963003543	-0.02647403758861503	-0.1462939353197693	-0.1846331385616926	-0.2412817945255513	0.09485151064899616	-3.657796495608963	0.09485151064899616	-3.657796495608963	0.1839216393577356	0.6455169258390363	0.1839216393577356	0.6455169258390363	-0.05852768942155	-0.04691577184664705	-0.02370815932951754	0.1541302231990528	-0.497106737127361	-0.415804546861046	0.1721128068400375	0.3984421605254433	-0.2177390804771038	0.07698655835678428	-0.03596942293149559	0.4884392934456157	0.009440358045552938	0.1807699980290545	0.2921283994352846	0.5348973773200177	0.568824290426432	-0.4699873986509405	1.014278682464349	0.6320825141234744	0.9539696617823111	0.01881457534020542	0.8967008016261998	0.03187116145615279	0.2387723034108487	0.1517130068734712	0.132242627165392	0.09578173065071785	-0.04644918812708605	-0.0005377557076688219	0.0572927233102859	6.546721080399775e-05	0.04134147594087117	-0.01235263794055875	-0.005558121576191286	0.04276790011877316	-0.0003044644434976876	0.06030969645586765	0.1678927404145588	0.01541273245037297	-0.3434739542857588	0.2815271446887648	0.1393113604771448	0.01024962018805562	0.01023198247814134	0.01017227234380304	0.01015657808876525	0.01019947419721944	0.01033254885042089	0.1242103346335832	0.1649042219173473	0.1018020521252681	0.05204085686044251	0.01113965082241563	0.01045106074776618	0.131259797480058	0.01011210947897245	0.01032804770214517	0.01017194972134836	0.01010332978574297	0.01381205879107361	0.01485367549831264	0.01364141619693105	0.01575764708182125	0.03087738048252333	0.03898482574287897	0.02651324028042078	0.1078838280252189	0.01104474859324141	0.01052149689874622	0.1029987595515897	0.1161847447016118	0.01008528727760245	0.133270471864209	0.2956616733787492	0.08691855481656095	0.01002771419375981	0.04862462813044841	0.2539604435515096	0.01035331447376736	0.01005561487024699	0.01002064468465079	0.01004066372554815	0.01027157397478704	0.0104717431947913	0.01010543348592388	0.01010587809472318	0.01013143156543945	0.01029465782732291	0.01008145047006291	0.09497514998944882	0.01113228408630259	0.01159573337921773	0.01332591578696117	0.01639514748853953	0.3305118221747628	0.4488754362695064	0.0101591226072993	0.01006231426812254	0.01004190927251819	0.4623969458879671	0.2143796646974933	0.1441376435327566	0.2354725554955877	0.2022143952907756	0.152890310488292	0.01231364435805224	0.4973363313043626	0.01369388211141339	0.01623284707502504	0.130625421210431	0.3698196184359237	0.1766286278044095	0.1245927437130124	0.01009502382962924	0.01020704791819924	0.2182020498178161	0.2942020233573485	0.01061189559931223	0.01734326954991671	0.01006258686919415	0.01002192219671871	0.01004601783826798	0.01000408694345864	0.0220703399380845	-0.0345839574422765	-0.00949416167301193	0.01385959309250895	-0.005414185866324137	-0.008747924920707414	-0.005888475896455614	0.0138867840472717	0.0001000802495579615	-0.03026858521676342	-0.03666160632651549
1.36219298245614	0.0117867938788607	0.01837547116193199	0.01013006097176746	0.01010443238972147	0.01019777223080178	0.01488452706253227	0.1121311539908587	0.1574955894031551	0.09974942948015912	0.05145104067772704	0.0107783822167988	0.01030501464517906	0.119718498174067	0.01008269848630483	0.01019009818868189	0.0101063503275122	0.01007552717625198	0.01090108741877197	0.01176501060815613	0.01381419083334532	0.01249154495616545	0.02628073728339039	0.03477317057524612	0.02820732436485423	0.1028152384255113	0.01071143659822259	0.01035300832324302	0.1024113144847127	0.131370797339512	0.01008789080296841	0.1359604429488671	0.2623113635665829	0.07711148681087468	0.01001848052566744	0.03774721486710142	0.2428783825408203	0.01023920833500118	0.01004486207593584	0.01001628219267965	0.0100322344758357	0.01019735288389396	0.01217102745133291	0.01006937851880595	0.01006897795830672	0.01008815838323981	0.01020646768275626	0.01005076909415565	0.09362719530337273	0.01078467979511067	0.01111419430108134	0.01249994722752495	0.01564644428994682	0.323099499541471	0.4345928473548621	0.01009990811736001	0.01003971538319509	0.01002727994696122	0.4520437664622984	0.2100669391947445	0.1386875903882606	0.2339577584391032	0.2010973378667682	0.1517859219477273	0.01208308200054825	0.4908614431640625	0.01283536081279919	0.01546430194081565	0.1271585347110088	0.3687569077183895	0.1942226183265019	0.1252383955483312	0.01005647047703941	0.01012753090724608	0.2111696763567678	0.2930500659645436	0.0104234264081413	0.01668958853792826	0.01004213759625482	0.01001474845432863	0.01003097421281064	-0.02672754050719391	-0.3142524970796475	0.02842937738181818	-0.002301835170270238	0.0711320161540495	0.03969969177202449	1.123818622877292	1.246195788555973	0.9669208881711324	-0.2173706512597267	-0.2776782109066869	0.1001604598697367	0.4781209629945544	0.1369991924057122	-0.06137706900319377	0.6037216154955726	-0.1975726858386389	1.044978272046212	-0.1479938154727704	-0.6177779608820761	0.0777756432542616	-0.1634324829806097	0.0568493771696997	-0.4273803017573673	-0.1123466931191917	0.3206570462480122	-0.02772045496593048	-0.1035387955777715	-0.1868045325474449	-0.1992251992762545	0.06339483517066914	-2.684663394315554	0.06339483517066914	-2.684663394315554	0.1909053685627072	0.7603193457430246	0.1909053685627072	0.7603193457430246	-0.05874704764600373	0.002572045167821687	-0.02225959382528731	0.1385411039328925	-0.5013307342137427	-0.4354528656616577	0.1759906658270893	0.380327008226704	-0.2167462613371483	0.1217796616641792	-0.03114889101648665	0.4838490246548924	0.01208670470050389	0.3480114199474857	0.2972311062840935	0.4948149962328133	0.5642166738821319	-0.4588283261930548	1.019994129458915	0.5227678051352833	0.9541609013949003	0.01975721317969508	0.8969852533377783	0.02559575200809175	0.2437804790719307	0.1727441888202724	0.1429896419787432	0.0971194147257093	-0.04054998895837504	0.0009499003372342504	0.05796150886657394	0.0001635085804901004	0.03324099155372183	-0.02281250596541584	-0.008291804854651691	0.04137704216413265	-0.0003852757899607686	0.05327926372368455	0.1700808186803911	0.003596510374310043	-0.3842887664240285	0.2491243558307695	0.1086317947439142	0.01012073499182669	0.01009564122382857	0.01008179222709618	0.01006751848329754	0.01010548954146174	0.01017728502894865	0.1135914221332668	0.1725651011298342	0.1110310441466903	0.05680036514320674	0.01054195402060984	0.01020186201629662	0.136310521566207	0.01005192862674735	0.01014219882478989	0.01007879818025317	0.01005078058755756	0.0105350007392423	0.01287656614564294	0.01990975728931037	0.01160827984204349	0.03407024949007979	0.04912036469439444	0.01704014478215564	0.1093148608258749	0.01049040835532108	0.0102349632000646	0.1510853353588621	0.1289648969243692	0.01006229619030617	0.1510469130060275	0.2883342192821736	0.07882344641771785	0.01001152978446608	0.04823297456696705	0.2729629455030923	0.01015800395953981	0.01003039645447084	0.01001118634451959	0.01002209695504531	0.01013402675059699	0.01020791833739891	0.01004913992697299	0.01004944222107462	0.01006160764775827	0.01013881818249538	0.01003482717133216	0.09348182945913804	0.01055012838862682	0.01080916658743364	0.01214750165273057	0.01601231508843406	0.3290589336015456	0.4566685475818646	0.01006688212228744	0.01002745989443871	0.01001918123915795	0.4849802908776639	0.2153441819936432	0.1319462526689467	0.2491813977325346	0.2082438991246462	0.1518121580249564	0.01089649681657653	0.5228394858224006	0.0125265483418336	0.01579526673882151	0.1121942434770743	0.3818904760500167	0.2131470947738229	0.1274814469060188	0.01003775191069147	0.01008654997787199	0.2442767831088049	0.3102053494821463	0.01028724923690592	0.01732722608642386	0.01003123922133431	0.01001088340797465	0.01002294209836082	0.0004446816157909531	-0.0154308445405073	0.01288811731032359	0.02162430738973631	-0.0005276988831588668	0.01831209141868469	-0.01014609169324319	-0.0007160206222855264	0.005043173636234266	-0.001365850349800718	-0.03115061455356647	-0.03710700731317486
1.372105263157895	0.01077175568567656	0.01329755029773499	0.01010465243840013	0.01008540169864231	0.01014508554192454	0.01201233724630732	0.1206005558890728	0.1712721242150397	0.109760651843836	0.05675554009084719	0.01070294379464033	0.01026466901375508	0.1382682006710085	0.01007158462911678	0.01020134184367319	0.01010432286074659	0.01006432288575446	0.01617782323868342	0.02189912688694757	0.030490323272349	0.01365546783977607	0.03680149654588252	0.05117016353344515	0.0205021448290067	0.1078741127650315	0.01063790011076716	0.01030778094867383	0.1479120579453971	0.1308427324244605	0.01006573152532726	0.1501132967313609	0.2758261714085807	0.08080115102468007	0.01001533810924966	0.05161512691994342	0.264169832719274	0.01020705949879037	0.01003457014750579	0.01001288660906867	0.0100253697393747	0.01016862909558439	0.01095591464178741	0.01006598959107399	0.01006735371179002	0.01008109725688076	0.01017748272339192	0.01004922594744253	0.09332630274185813	0.0107093470062153	0.01103409327065173	0.01256990276855937	0.01642958069780875	0.3262286066331451	0.446462231159343	0.01009360435948974	0.0100380874496724	0.0100260474582871	0.471069941293327	0.2141661502654593	0.134119961460832	0.2439100178506219	0.2055347197194898	0.1511992849752476	0.01127229816410271	0.5064310321161261	0.01297328377757279	0.0162267503828686	0.1146699956680179	0.373874700610369	0.2029551948775787	0.126110277186764	0.01005662789657465	0.01012373360251882	0.2346577501041309	0.3028865238335382	0.01037240664396572	0.01769751148195641	0.01004160479844231	0.01001449838073453	0.01003055388672637	-0.02937857466297408	-0.2210667091771369	0.0282361312290398	-0.0369993108116571	0.07152444892814971	0.04141748682758292	1.136282269709188	1.268846484030029	0.9648585718807131	-0.1982332389183522	-0.2766626800877728	0.1043245484332903	0.4794729731452101	0.1343732207193779	-0.05553930503361134	0.5726592768979598	-0.1869587392248737	1.086509508710925	-0.1543537440862915	-0.6667178620228491	0.07587220903791574	-0.2220767351677144	0.0526779961373368	-0.413384977458668	-0.109487563549097	0.2569209462970617	-0.02849605360104399	-0.05154068044298291	-0.188630802777884	-0.171708691952319	0.04164500340682321	-1.706741525481701	0.04164500340682321	-1.706741525481701	0.1989352306301948	0.8572649066697544	0.1989352306301948	0.8572649066697544	-0.0584826500392652	0.05024537032401699	-0.02095341227712306	0.1254308564232682	-0.5057134609287145	-0.4472902818679925	0.1795729997617945	0.3381826114027325	-0.2153550909495612	0.1574491208678538	-0.0263922389285359	0.4747864561644161	0.01619420825389449	0.4714826050398973	0.3019381335706219	0.4546775528058302	0.5597431043216353	-0.4431616716411681	1.024669853551686	0.4217550263541612	0.9543607005918534	0.0205077782640011	0.8972098868990748	0.01981866314152405	0.2252088622205914	0.2060365634017938	0.1535485519134516	0.0976409457679383	-0.0336116009530905	0.002605977166024082	0.0579276323152134	0.0002750664233608197	0.02357046789498205	-0.0334333259577867	-0.01114761093575166	0.0387548721092321	-0.0004857848158901551	0.05886079582071448	0.181302581999189	-0.002002598156427524	-0.4061013999033088	0.2020518798768856	0.06785577433258025	0.01015433237171856	0.01010895983948294	0.01012504091337039	0.01010864407011652	0.01014793397051243	0.01022469109282485	0.1466917427696409	0.1949637724195777	0.1227888259997626	0.0630877498517385	0.01096625144382362	0.01035883216883344	0.1732016047533379	0.01009698070457817	0.01033698795103308	0.01015838141139942	0.01008100837832026	0.02982363138182028	0.04512875868121374	0.06177400242568531	0.01860420125171704	0.05330598096532321	0.07390049181694243	0.01678242801764174	0.1145993369404121	0.01087573418128167	0.01041812896030621	0.2126626589162591	0.1283436347835267	0.01004834183244473	0.1705142816866724	0.2959024989614137	0.09142207029785293	0.01002051940817328	0.0758160662835287	0.2984185398186638	0.01028002570023026	0.0100339596028736	0.01001338925946741	0.01002603548978007	0.01021223134559333	0.01022281125164062	0.01009726882185962	0.01010199912462106	0.01011482495350854	0.01023094094965947	0.0100771968347894	0.09311087134369618	0.01096578229257036	0.01141806900667704	0.0134757604060045	0.01800432279088448	0.3313392176040019	0.4667534124584703	0.01014301673950686	0.01005825232176419	0.0100389137412738	0.504850689116248	0.2214588550622601	0.1316176227534401	0.2566119150562733	0.2101900137179776	0.1496916916263598	0.01107096645101007	0.5273564084256956	0.01398819699660609	0.01780602805738018	0.1005105213316279	0.3749724519627147	0.1991439642870249	0.1253020072304199	0.01009480113775786	0.01019623870664951	0.2682666851041681	0.3143707822851476	0.0105003074765139	0.01940431239452399	0.01006173428350215	0.01002147179905604	0.01004531723523685	0.01103536948942475	0.0213339693569259	-0.03750911633583958	-0.009921926977902892	0.01525347388575516	-0.003574480489224949	-0.0101776036805341	-0.004532303948447418	0.01391615476160751	-0.0001273750908755306	-0.03192171615833026	-0.03753429304501981
1.382017543859649	0.01034056457355126	0.01120078324952392	0.01009141978148785	0.01007666792053341	0.01011685608186775	0.01080852285863215	0.1258285919846424	0.1803334696905954	0.1174798451263727	0.06095106821046836	0.01066703967620978	0.01024675276141007	0.1564433417587037	0.01006551652445896	0.01022717052752853	0.01010996573768349	0.01005887855192351	0.01694017396371382	0.03551146867883913	0.05465869664711259	0.01379898380416273	0.045911089735427	0.06666690609158081	0.01570730651257035	0.1089590818166168	0.0106026867725296	0.01028707562083001	0.1910729880420307	0.1299178962388314	0.01005272139615948	0.1620393519750705	0.2788912896315776	0.08034408006817888	0.01001413669117454	0.06444482182029011	0.2806026546239358	0.01019287483256714	0.01002900992499326	0.01001109471938683	0.01002172178244253	0.01014851892041367	0.01042456059021146	0.01006462652698823	0.0100673528272904	0.01007711511346803	0.01015873305293102	0.01004923330201877	0.09193061444201336	0.01066095703405802	0.01097833749862223	0.01264311060710397	0.01744162147784924	0.3268939158141899	0.4556944383951536	0.01009221467120169	0.01003790543597264	0.010025684487716	0.4901216295988457	0.2174991201378781	0.1274300799254554	0.2537213650562276	0.2090319211112858	0.1491031993725628	0.01085490159674049	0.5207026505143705	0.01312917398452126	0.01722033605905771	0.09809700678393182	0.3765289671462829	0.2135368731017725	0.1259263664234034	0.01005794563519095	0.01012377891808847	0.2582474601285847	0.3120735002980266	0.01034155310779184	0.01896424761268417	0.01004208767001745	0.01001462692414506	0.01003088855419138	-0.0311313300740936	-0.1342756913534345	0.02769187106931397	-0.07292536124530373	0.07199071182859167	0.05449550063235575	1.148977531383866	1.292874524002043	0.9629988992178623	-0.1767401562615493	-0.2756186518099941	0.1059197964403164	0.4807585825415248	0.1238016091442951	-0.05005004447376264	0.5338289788825332	-0.1762305250039648	1.068400476912281	-0.1612156773448544	-0.7169794380445156	0.07334781866691237	-0.2883625016373523	0.04866760267980001	-0.3953250987285872	-0.1072275464470088	0.2008577783256608	-0.02871718320013879	0.008028018829352732	-0.1902569013067438	-0.1588048449871664	0.02942935752688812	-0.7680575780813158	0.02942935752688812	-0.7680575780813158	0.2078599974043909	0.9421341900659517	0.2078599974043909	0.9421341900659517	-0.05776631986869918	0.09326578663733302	-0.01976487031136797	0.1147656168875046	-0.5101634073124728	-0.4486827810580566	0.1826065477848658	0.2693509504439849	-0.2136519642113429	0.1849594358672972	-0.02176433267070198	0.4573451432358713	0.02121863783262442	0.5298728275866111	0.3062310173334229	0.410204882841481	0.5554419113543799	-0.4242420558213788	1.028370440445036	0.3253126105489157	0.9545662248404249	0.02088599036497705	0.8973799684610961	0.01459067621826722	0.1884636949683279	0.2446752071859932	0.1617526298323479	0.09507111362891682	-0.02685748707627714	0.004006468043458698	0.05650637092147821	0.0003730833547157436	0.01105181024756188	-0.04241691868652048	-0.01345132111370203	0.03439593720061385	-0.0005829479779166951	0.05602926249318327	0.1780340859926657	-0.0007680323495057451	-0.402701449192642	0.1473950064237632	0.02110472952968093	0.01009088856541355	0.01005651618534559	0.01006345898067005	0.0100529494879167	0.01007832552398791	0.01013850375504014	0.1199916917039444	0.1847989314748364	0.1233505912722429	0.06382319448462301	0.01049171819515439	0.01017773412553383	0.1726483551742611	0.01004614395528503	0.01019428520190456	0.01009050760563402	0.01004328795118778	0.01109730999391799	0.04338940501010794	0.07534153961785064	0.01135543541206548	0.05102484305358376	0.07911101648669563	0.01104648728933453	0.1073230837044968	0.01044045525599134	0.01020641236160635	0.2409679466914325	0.1300079550592007	0.01004385443578457	0.1743394288897154	0.2715390646580501	0.07358878713119843	0.01001005685554326	0.07196593732201828	0.296673865015098	0.01013913317586073	0.01002168213249694	0.01000835786841048	0.01001635963523319	0.01009536711980336	0.01009306522045295	0.01004620490234251	0.01004947497900134	0.01005326316907099	0.01010197960410887	0.01003459977523844	0.08973307897875467	0.01045949938529479	0.01070185836915826	0.01229780549804202	0.01813719700004078	0.3258420720299241	0.4696846798736958	0.01006385041831936	0.01002706090030416	0.01001838989826336	0.5254955524296856	0.2210482024556084	0.1153901203602264	0.27001514537786	0.214443731006434	0.1457524391104516	0.01036695691634249	0.5509326099140494	0.01285036938025416	0.01788732860053537	0.0742287120208848	0.3834511808665803	0.2390244094298729	0.1262635685795553	0.01004036228747366	0.01008613831406026	0.2930984195793607	0.3288952978584054	0.01023104311009104	0.01997474370735444	0.01003258212591985	0.01001126902068801	0.01002388310821784	0.001114960601887579	-0.01845891553149818	0.01171262635231252	0.02725715106311089	0.0006027751485869186	0.0174843622623557	-0.01116783506241991	0.0008866587536820413	0.005044835137986281	-0.001662779465742014	-0.03240571015691572	-0.03763614307499123
1.391929824561404	0.01020798382568146	0.01051477626812524	0.01008467269819581	0.01007069031098095	0.01010573839762259	0.01043363100221988	0.123374798621443	0.183758479941813	0.1196696598423752	0.06209657066646469	0.01066759271211551	0.01024633949174623	0.1704810191071937	0.01006846421813267	0.0102413754878487	0.01011282212312824	0.01005635418374191	0.01717851371806429	0.04423184302887818	0.0715853359323472	0.01321676169943806	0.05141479868501021	0.07644142429539495	0.01339702667159665	0.1092901140684352	0.01060120591308085	0.01028604473992216	0.2219937972169901	0.1308419527700051	0.01004569729643058	0.1713913075791378	0.2707163422458116	0.07758158753330749	0.0100140313558072	0.07262607546731745	0.2860030751989808	0.01019298810502691	0.01002548211378512	0.01000985218196248	0.01001931917292133	0.01012042996463569	0.01022133219601249	0.01006002451811584	0.01006507927443551	0.01006834720291052	0.0101292865445336	0.01004653689725381	0.09101828492942539	0.01060273973002588	0.0109111042225858	0.01271640167996733	0.01836412699646374	0.3273210048915056	0.4642948591518337	0.01008415176110978	0.01003568772266619	0.01002396362859562	0.5113284650424688	0.2210974269418484	0.1182851745945881	0.2657884476993969	0.2135650167888056	0.1468778321388684	0.01053160343199861	0.5384218182350172	0.01328187808529312	0.01813227045408806	0.07712765100725176	0.3811193848170805	0.2272631347105943	0.126630934718834	0.01005752711070644	0.01011785802098845	0.2800089357812915	0.323356227132071	0.01030485833623196	0.02012235317175457	0.01004196854749759	0.01001451290923786	0.01003075947055721	-0.03208460267957012	-0.06074607425121801	0.02678971848360009	-0.1090669064939954	0.07263954073081384	0.078090777695487	1.161915923492707	1.317843115657945	0.9613575100749541	-0.154408388176768	-0.2745705401842062	0.1051745431044942	0.4819051406194098	0.1065507358643906	-0.04497331833740055	0.4898821571397522	-0.1659619599129615	0.9948339628801022	-0.1685295161186888	-0.7557074300653102	0.07013748699882823	-0.3601154741099364	0.04484636690270648	-0.3755699016591232	-0.1054627088727905	0.1579622711639679	-0.02831851932834024	0.07316584538312594	-0.1918257916079427	-0.1600159840642833	0.02615572955580703	0.09131785656201188	0.02615572955580703	0.09131785656201188	0.2176024247171511	1.024002916047048	0.2176024247171511	1.024002916047048	-0.05665824547231237	0.1288927329210589	-0.01867103926891494	0.1062945106499848	-0.514569870577275	-0.4384938517043144	0.1848232965984123	0.1735436630021811	-0.2117097930290652	0.2059666728979968	-0.01736079506111721	0.4293083761460934	0.02642560748914757	0.5065738603765663	0.310029139392884	0.3531736760974828	0.5513396090417524	-0.4032490465721137	1.031119606453965	0.229089953754307	0.9547731038242759	0.02076837541022642	0.8975008859790832	0.009883593446351797	0.1386198827586181	0.2653392996515105	0.1663220549985636	0.09040399248379941	-0.01850479933708255	0.005408378409069912	0.05412433429314954	0.000471340588016903	-0.001629323798553777	-0.05164023915746772	-0.01574758760043458	0.02928447848775944	-0.0006922602459232075	0.05898792569927048	0.1873699369612348	-0.02768196730321523	-0.3555073963928282	0.09745679025271334	-0.03398616180795751	0.01017377490618348	0.01010261534131885	0.01011770314308085	0.0100993045271094	0.01014194604920553	0.01027076128099654	0.1306347950766995	0.1925867212649426	0.1193504599384961	0.06179478805062913	0.01100204757652837	0.0103746319363555	0.196232513048106	0.01011143477387416	0.01035436734849637	0.01016144947373559	0.01007873113555938	0.02982077121931559	0.05839333817326894	0.08965050570033016	0.01673508389414301	0.06073632806053514	0.08748305545924483	0.0146275614285473	0.114214904572469	0.01090485880968476	0.01043475874828275	0.2591605052991007	0.1329764348183647	0.01003997658996277	0.1856092072389401	0.256595729819467	0.08290432053573317	0.01002134897460136	0.08750930314486664	0.2871279047107405	0.01029383139802719	0.01002883300161264	0.01001142554179779	0.01002241221053099	0.01014847177053518	0.01012951634699683	0.01008498967363906	0.0100952943717361	0.01009274483572854	0.01016188366455151	0.01006923738691297	0.0919311088947876	0.01083992400086584	0.01127253891502016	0.01362275567669473	0.01976832255851262	0.3316723413069256	0.4825664175737497	0.01012055425420783	0.01005188455848471	0.01003418316898478	0.5536955687151516	0.2292140150284233	0.1098239517799394	0.2856057504093696	0.221202704155809	0.1450479284515416	0.01051430775115264	0.5723930141618918	0.01429132011358705	0.01955671982967458	0.05393278089518087	0.3887255929159654	0.2323968450556358	0.128032452509984	0.01009231600014638	0.01017873065263271	0.3098212151862321	0.3417604284822514	0.01042134460030006	0.02162219596426754	0.01006092464651018	0.0100210135653608	0.01004461890932567	0.01137570531524168	0.02078303168778684	-0.04236986878210593	-0.01419178023194605	0.01637759190835278	-0.00387438820051844	-0.01140194312438543	-0.001556596838504713	0.01261181077167047	-0.0004639311847045451	-0.03287521248137319	-0.03773266393903801
1.401842105263158	0.01014245873613434	0.01022161782007242	0.01007716071001926	0.01006571594563379	0.0100932248457869	0.01025655174682566	0.1305450347729559	0.1890053568509109	0.1180298796044621	0.06115586546938594	0.01068274876827816	0.01025303610530398	0.2075952286639648	0.01012052107641749	0.01028912717077851	0.01011684729194533	0.01005209565567319	0.03339500868611384	0.06231452972666441	0.09278922765655039	0.01652722453001747	0.06174112101000992	0.08890610922622307	0.01255489500390572	0.1108510181584838	0.01061404553271636	0.01029284556362786	0.247538348225487	0.1290007869830685	0.01003585178824726	0.1801241113621548	0.2774577028327044	0.08296261911088468	0.01001465159513549	0.08371473895337388	0.2838862647123501	0.01019847963077414	0.010021718952639	0.01000850741260521	0.01001666689356748	0.0101075096511045	0.01013715481871431	0.01005742151029994	0.0100635303268387	0.01006386218203891	0.0101154438902417	0.01004512485643994	0.09103291379394994	0.01057107412141657	0.0108719201734392	0.0127817239066195	0.0193536951738117	0.3278987871095438	0.4725069695046392	0.01007957163654202	0.01003431686548958	0.01002294071919544	0.5251327039367312	0.2209961493719707	0.1068565471942339	0.2751146590819109	0.216613470406685	0.1440937196488729	0.01040510131909686	0.5579876659073724	0.01343096833769673	0.01911956546100051	0.05707007518461883	0.3907401303351904	0.2435212302118687	0.1286165950561629	0.01005732850423678	0.01011471113101746	0.2998654995201167	0.3329228415486588	0.01028569078995778	0.0213405728880954	0.01004160690135875	0.01001434240926689	0.01003046857972175	-0.03239561301001189	-0.0053205114871849	0.02553130018628797	-0.1447441175075391	0.07356979177858627	0.1110238518774978	1.175105685856039	1.343562589218366	0.9599383701128319	-0.1319728606094839	-0.2735408211387005	0.1022565018142025	0.4828542150272832	0.08423662882758107	-0.04034541119810928	0.4437881217121541	-0.156666944930266	0.873322219655709	-0.1761152646616865	-0.7696639519131214	0.06619726162457173	-0.435336500423865	0.04122183378585782	-0.355881404481414	-0.1040296735457326	0.1348514372367235	-0.02725419541304141	0.1420492598598101	-0.1934721262985172	-0.1742256343687509	0.03086775448144629	0.8384383448918751	0.03086775448144629	0.8384383448918751	0.2281889381887441	1.114559947555308	0.2281889381887441	1.114559947555308	-0.05524257414760636	0.1549860806358661	-0.01765067415854106	0.09989012738611398	-0.5188206264828675	-0.4174918027906003	0.1859665749763652	0.05348986937153754	-0.2095844569095689	0.2222668060220377	-0.01328984386430177	0.3902909023635709	0.03098669774549544	0.3997554191908412	0.3131524144392384	0.271753099812896	0.5474497762759629	-0.3815593926818721	1.03290061395134	0.1293681064526083	0.9549762142787442	0.02012586831312878	0.8975771434333225	0.005555202388674383	0.1028308278500982	0.2902665341377756	0.1658350113323653	0.08364941703395465	-0.01226777846836889	0.006258780864611004	0.05125310188109398	0.0005337789575705719	-0.01156153226434323	-0.05781417830303062	-0.01730097031312954	0.02503970150191017	-0.0007766572432390984	0.06112599906087578	0.1746269966423797	-0.03203999283364214	-0.3382693498364335	0.04179910202740707	-0.07460324000976261	0.01007688304352793	0.01005040617838816	0.01005163578924854	0.01004515823799578	0.01005997886382574	0.01011778815277828	0.1381822900936324	0.1927095645095477	0.1140098702224556	0.05918363946858957	0.01054987806729658	0.01020523435077915	0.2648058070753169	0.01017157535508229	0.01029941230908858	0.0101003206785056	0.01003638368633522	0.04752486249819868	0.08068498925308486	0.1171583318082078	0.01866654795145739	0.07134630303685653	0.1023289839343119	0.01086422062002093	0.1093807417472306	0.01049256652765334	0.01023569348708021	0.2801557852891773	0.1243804492299993	0.01002622664760384	0.1887246394706366	0.2971034995251263	0.08799248141709286	0.01001234866004294	0.0919823732963944	0.2755452576661632	0.01016146656253219	0.01001528784963794	0.01000598608962005	0.01001174902793526	0.0100771293102148	0.0100790748754404	0.01004133231723961	0.01004608731835427	0.01004572062693594	0.0100811328334773	0.01003164346046291	0.09077126511985462	0.01040092133275223	0.01062738136364917	0.01242880531775669	0.02014307735226827	0.3271163304507899	0.4851768560713899	0.01005423935663049	0.01002405059276982	0.01001631096516526	0.5354240631989883	0.2144819703453807	0.08975654625543673	0.2841397981205823	0.2181072073762843	0.1392829988327299	0.01025184899196489	0.5953385890985453	0.01315184459833459	0.01989423057002111	0.03668976451100824	0.4135633877912424	0.277049973275857	0.1318778759221395	0.0100393866605757	0.01007956464157416	0.3307728161898844	0.3449758763979927	0.01019629055248611	0.02243905833466197	0.01003150971135241	0.01001080376434244	0.01002304330142966	0.001552691553940061	-0.0196254320117571	0.01142665340018738	0.03114607105047894	0.0002140044358508895	0.01728177391356258	-0.01337195571943224	0.003870318145719412	0.005540966583103788	-0.001893547457026876	-0.03347975453246526	-0.03791353534014148
1.411754385964912	0.01013084628146	0.01014029573997236	0.01007774504217475	0.01006493487386922	0.01009365172606936	0.01023885963168085	0.1308447724618592	0.1865722536145754	0.1125939826451633	0.05812596544235988	0.01074780283367313	0.01028660754368656	0.2241531259284251	0.01015791115534775	0.01032431571400834	0.01012867698717538	0.01005482292762621	0.03266305838627173	0.06557805284155593	0.1024861541571266	0.01577989201820577	0.06244776911944724	0.09236717364703413	0.01237587452807406	0.1063528039304844	0.01067426412185705	0.01032942073925922	0.2603449855911003	0.126823651846235	0.01003383537729674	0.1832022685578738	0.2766461937345589	0.08296689828511131	0.01001711564713019	0.08356006239653638	0.274252667786512	0.01022603772401923	0.01002101534862181	0.0100081112628999	0.01001609056254609	0.01010497765348699	0.01013139837371252	0.01005563455775441	0.01006169030804647	0.01006189782796834	0.01011074128724581	0.01004343835535975	0.09162797522611417	0.0105180458279621	0.01080641910107634	0.01286423808808712	0.02039313802768978	0.328483775292391	0.4804055539830069	0.01007320710217394	0.0100322735476225	0.01002181656791129	0.525064889850982	0.2146484719941778	0.09334865294873766	0.2784879147267799	0.2163591810374419	0.1401507435557485	0.0103737612147392	0.5772152158664267	0.01360450791004114	0.02015552334240463	0.04177513579025357	0.4057068540162124	0.2607606349789519	0.1313948967648435	0.01005607525046485	0.01011111747439588	0.3187892205919948	0.3380309158573049	0.01025372342460852	0.02263410204325232	0.01004087408845729	0.01001401151101404	0.01002988911267251	-0.03225921221911342	0.0292806444003976	0.02392205352767704	-0.1798730380377282	0.07486564651051782	0.1515494857511044	1.188552528204931	1.369638182371633	0.9587384703920966	-0.110352452353034	-0.2725478636654969	0.09794916152513623	0.483563499613766	0.05840038872417565	-0.03617321836013253	0.3983634573003746	-0.1487733148688587	0.7141415711368385	-0.1836652948873826	-0.7466330219601931	0.06150175838177938	-0.5122006041495833	0.03778667673407319	-0.3375426267572134	-0.1027165445371686	0.1337800334311252	-0.02549929942560598	0.2119003329788358	-0.1953165069335086	-0.1995174693717456	0.04232811973023058	1.449955234170865	0.04232811973023058	1.449955234170865	0.2397702049925858	1.226937053429614	0.2397702049925858	1.226937053429614	-0.05362286136591946	0.1698776691234374	-0.01668655617519236	0.09476285665561707	-0.5228145248433136	-0.3868379069642438	0.1858208271672099	-0.08551332316328689	-0.2073110653719991	0.2362476666220654	-0.009658703985699601	0.3406100373121352	0.03408199901673827	0.2124291541221608	0.3152844679785023	0.1502950882763362	0.5437775932172165	-0.3591691795197315	1.033659191152016	0.02208945246575821	0.9551703923157077	0.01897281814213412	0.8976118517833974	0.001478092261547842	0.0619537588981818	0.2979611796669376	0.1619332843755409	0.07557844265277931	-0.009779307850202536	0.006260403879972835	0.0482693858759164	0.0005456570055035886	-0.02080952080669848	-0.0605105656246461	-0.01786152796542597	0.02060464001793896	-0.00083706207509599	0.05180693717851409	0.1633727080729841	-0.03314904365382983	-0.2918313737303349	0.01424387781711527	-0.1072372427595304	0.01020175450578924	0.01014155879593978	0.01012655758430649	0.01010172268560811	0.01015508484593794	0.01038690497159967	0.1209768712485473	0.1744514923094564	0.1030558981482958	0.05326714081494733	0.01117975482819031	0.01046732801143926	0.1928097948345528	0.01017229470789406	0.01041282617881433	0.01019252201826069	0.01009081691441837	0.01084403254852269	0.04755964324400839	0.0942707402452535	0.01129585443196317	0.05081043853420959	0.08270845920156197	0.01490307751494251	0.09670127034541952	0.01107046659197093	0.01053622709195087	0.2611569500115909	0.1281075893055777	0.01004337502235219	0.1823096595413021	0.2392958203367361	0.07600003088682555	0.01002802705925905	0.07293739333197309	0.2524402764987393	0.01036992039851579	0.01003032957931777	0.01001153351148823	0.01002322975565028	0.01015327035753561	0.01019249753422821	0.01008219014528392	0.01009133776957755	0.01009120858121053	0.01016115563886643	0.01006560369209485	0.09389691385502713	0.01071349103713663	0.01111636356949209	0.01380467480816618	0.02190402615482286	0.3328628592026743	0.4977248161198476	0.01010613018143416	0.01004715951928808	0.01003183872315063	0.5168370825355449	0.2049707724556711	0.08038557826065165	0.2803941396471928	0.2146356020635952	0.1353897854938209	0.01054211626817447	0.610492118548787	0.01466285430579857	0.02168428122190864	0.03032225290019042	0.4317158289035373	0.2690440525615805	0.1347952656917965	0.01008880823361409	0.01017111810922002	0.3468206909271219	0.3422497841619171	0.01034523269585426	0.0242945014787582	0.01005910666086227	0.01002019953234777	0.0100431860461073	0.01192541601404338	0.01665872969993978	-0.04271774710243865	-0.01136584772743073	0.01563870858629025	-0.003690941486876893	-0.01285948189360899	0.001776631774799815	0.01158289340666324	-0.0007377187381596125	-0.03399047649156913	-0.03796702814558507
1.421666666666667	0.01012326219323949	0.01010520082182041	0.01007633747649169	0.01006437984478206	0.01009117413209835	0.0102135652439794	0.1399554528328494	0.1832968259987204	0.1091482010846093	0.0564168361915339	0.01076883948614834	0.0102971594150048	0.2287170959406605	0.01784569498264586	0.01034926078838404	0.01012966788637824	0.01005181417044615	0.02640265938221927	0.06549383413293652	0.1059548146684065	0.01381324427782102	0.06090333128139092	0.09170518253737453	0.01309030025532015	0.1004796306767197	0.01069375947578005	0.01034025823347807	0.2611369222405357	0.1223660101365579	0.01003009809371031	0.1823513999338122	0.2840878586045932	0.08979324031738647	0.01001846796448234	0.07836195720242581	0.26708611214667	0.01023426208688126	0.01001962386552082	0.01000750805741524	0.01001502338219158	0.01011568723507791	0.01009395605099205	0.01005450022532282	0.01005942659202943	0.01006239555019483	0.01011649027181795	0.01004196650114013	0.09520273722049458	0.01049162630894548	0.01077200435006343	0.01293538044687917	0.02152951186477036	0.331196023971954	0.4897809560143358	0.01006804098394915	0.01003032520432192	0.01002087936478332	0.5104616320994594	0.2013279830113929	0.07724031800892049	0.276376053652528	0.2139183595089625	0.1366515101047789	0.01040637434916417	0.5991919264289587	0.01376949691875809	0.02128540512672859	0.03581800667434393	0.4310144878287667	0.2797930879616301	0.1375801906701044	0.01005418095625835	0.01010767346904842	0.3367935032978912	0.3398834746451729	0.01023803409625994	0.02406647726293994	0.01003888291440502	0.01001328017726838	0.01002840653415359	-0.03188430618294319	0.04303149423003562	0.02196664153376341	-0.2146351289906241	0.07659230618645999	0.1975363399972349	1.20225817167375	1.395727890431885	0.9577460285858863	-0.09008610190674048	-0.2716004394461591	0.09319812735204382	0.4840041670809562	0.0301882021162041	-0.03243669093963732	0.3563673831042452	-0.1425935634613976	0.529565882052119	-0.1907617232525739	-0.6767240878659421	0.05604239623931331	-0.5893042730854081	0.03452253241150553	-0.3215161974018592	-0.1013038890324644	0.1549632804869626	-0.02305967309740497	0.2798594471437859	-0.1974539708474539	-0.2327977762356799	0.05912263224326422	1.913596174831744	0.05912263224326422	1.913596174831744	0.2526278568718048	1.37421322427833	0.2526278568718048	1.37421322427833	-0.05191393869273345	0.1729804540956309	-0.01577082988261284	0.09000694710839673	-0.5264628831028427	-0.348175080737871	0.1842335812745177	-0.2358712282704535	-0.2049011104868161	0.2501657420047444	-0.006570128233170532	0.2810759518512267	0.03498681632194361	-0.03863271445081681	0.3159414634039615	-0.02874162020151548	0.5403344525708474	-0.3352679620247417	1.033302192575442	-0.09611956822180985	0.9553509109379583	0.01738952708953384	0.897606792131656	-0.002494088725739679	0.03408549171576277	0.2902766857261566	0.1550088859798119	0.06873778488149875	-0.009252811706402724	0.005917253824509403	0.04609433655907684	0.0005357310822746021	-0.02373989810617452	-0.06187470618691347	-0.01840232230530383	0.01835739213763811	-0.0008942813464452199	0.05767323581671499	0.1596776385798996	-0.03858347960419348	-0.2584381688030465	0.0123087200547743	-0.1272340412115877	0.01008043222735736	0.01006170880300229	0.01005388734694834	0.01004666481518772	0.01006214545805024	0.01012856980805323	0.1665283091539245	0.1825027622066119	0.1072079016025299	0.05581782010522825	0.01059533868348836	0.01022971413319934	0.2534880488633909	0.02851304724132368	0.01034717612541107	0.01011038898020584	0.01003870452225741	0.02856696127022676	0.0731073043047379	0.1154097415953767	0.01340863891987869	0.06305355789437878	0.09435448626633421	0.01374645436267078	0.09277144863535816	0.0105355833991792	0.01026080223157038	0.2596113292850641	0.11191188778971	0.01002002004386849	0.1796048076430183	0.3273257763008539	0.1075069952388595	0.01001559565747178	0.07184287712241369	0.2605130597394996	0.01018060355776281	0.01001361512942164	0.0100052496558266	0.01001044925942969	0.01012024229638865	0.01131082229547807	0.01003987733078134	0.01004090394736923	0.01005014948142137	0.01010802521613493	0.01002857878586733	0.1007674236270002	0.01034772293595836	0.01055657909607143	0.01258251088523247	0.02257942760760613	0.3356980066696117	0.5064011168876277	0.0100431844138403	0.01001965458015045	0.0100144097172991	0.4688174978856559	0.1762440626244927	0.05580138990815182	0.2683881576437975	0.208619161243225	0.1323198937459499	0.0105971639204505	0.6434643150993176	0.013504222008709	0.02231123193891164	0.03416771391419079	0.4853851591947009	0.3184760318732943	0.1480718022258551	0.01003442907086989	0.01007247459733895	0.3672454706239093	0.3404792753153493	0.01016516747099678	0.02553158334275932	0.01002631919726876	0.01000892693043227	0.01001919567106489	0.001238221373463438	-0.01781938807213972	0.009273504321592678	0.02929812584884952	-0.0008214522144741609	0.01773523412578849	-0.01360180368618675	0.004373767431923095	0.006167176487849071	-0.002176812669212153	-0.03476124766266248	-0.03842636903589828
1.431578947368421	0.01013091543230639	0.01010479481246924	0.01009140329680677	0.01006994134177532	0.01011048885040061	0.01029500868965611	0.1623887591494663	0.1796052499672831	0.1042429302529626	0.05385266578865495	0.01083775815006795	0.0103384059968332	0.2310615105316339	0.02240767300301623	0.01039749479484233	0.0101765954134544	0.01008691588486996	0.02395274080065588	0.06094837587320123	0.106390658007381	0.01293503524159848	0.05534402617372962	0.08758344392675696	0.01734745206823681	0.08782186849470311	0.01075995467875173	0.0103843040603888	0.2541947451656478	0.1128850867899541	0.01002699748406071	0.1772020951651244	0.310781749356984	0.1045206553429513	0.01002230999212744	0.06297401817422894	0.2569154070445223	0.01026815218575315	0.01002103355120153	0.0100082777259102	0.01001623616316686	0.01017991834348406	0.01540068506273391	0.01005465148078153	0.01005556451776824	0.01006979509501107	0.01015644827903951	0.01003986528017532	0.1001596525834174	0.01043438678503626	0.01069639669850065	0.01305831869543115	0.02305664755242698	0.3342668366620727	0.4991063801993168	0.01005941809788507	0.01002681945552057	0.01001957872531717	0.4833341116752303	0.1824527735262456	0.06025125699691979	0.268501420769068	0.2087504703100531	0.1329780395904565	0.01137085120415665	0.6183441334765721	0.01401863955709809	0.02278886705275294	0.0374907755634651	0.4601701607457936	0.2969503002748791	0.1452229813537473	0.01004975837525026	0.0101035608516536	0.3573981105296541	0.3372946741531446	0.01020525673360875	0.02601491756753865	0.01003468950876355	0.01001176825638839	0.0100253023342667	-0.03146667277114755	0.0385397117159172	0.01966685818345397	-0.249443385079328	0.07879086849271429	0.2462790476950943	1.216221759415743	1.421654974812322	0.9569492658036014	-0.07076748135739958	-0.2706993198436855	0.08874723707739678	0.4841564276667614	0.0002662869788318931	-0.02908781574669205	0.3205895039613675	-0.1383149427280936	0.3328591571608975	-0.1969030703126393	-0.5530940029153251	0.04982053769165158	-0.6659726228329086	0.03140272526719525	-0.3085173356646772	-0.09957273099262476	0.1977608992776116	-0.01996446177617202	0.343810716587918	-0.1999448789643105	-0.2700592305300561	0.0797709815509153	2.22828155155399	0.0797709815509153	2.22828155155399	0.2671681364048724	1.568232890783832	0.2671681364048724	1.568232890783832	-0.050230295350003	0.1650082890323999	-0.01490347480640086	0.08486036512951717	-0.529699809027115	-0.3043095744958572	0.1811389974290556	-0.3879488051448768	-0.2023457826749737	0.2658377864488513	-0.004112477847460703	0.2136714411010485	0.03318642921998594	-0.3287205786145332	0.3144721304082554	-0.2810464385974105	0.5371378965379853	-0.3092599228779302	1.0317124249405	-0.2267640600229344	0.9555142099931327	0.01552751227909007	0.897562286102119	-0.0065010609616508	0.04367700189132664	0.268576149357241	0.1478979230823932	0.06329766446797945	-0.01177422378102535	0.00513396657614593	0.04507871183786086	0.0004997445268234862	-0.02085925889879912	-0.06166760168958692	-0.01892241488309622	0.01874855988251245	-0.0009422154862868587	0.05547822995012171	0.1513062816984186	-0.03790437374494354	-0.2534179962344907	0.03727387805590573	-0.1295141205783268	0.01023153056943806	0.01017368397862448	0.01017233124198517	0.0101186527254171	0.0102144091411771	0.01065125576963722	0.1870914299082194	0.1664771125494938	0.09135360711187206	0.04718894916609119	0.01136332192788309	0.01057902223786845	0.192984796273522	0.01613581928522009	0.01053145486339913	0.01033001752576857	0.0101972057931258	0.01029532615944958	0.03327692803308031	0.09082141998483537	0.01062108834385377	0.03515354033925142	0.06997957358715239	0.02693261524628714	0.06273068417580241	0.01124742967740058	0.010655921398694	0.231934650287656	0.101927569467192	0.01003777792653933	0.1647207822186628	0.3330343116503539	0.1161571894869822	0.0100380742471322	0.03024787947112505	0.2265126032561711	0.01046210446839098	0.01003580754334344	0.01001437576170973	0.01002781918147679	0.01033257845202638	0.02601149281875835	0.01008371294143038	0.01008209591482486	0.01011256032033594	0.01027356674115662	0.01006080366821192	0.1057435176033233	0.01056965922487074	0.01092583226189288	0.01410093308384136	0.0253638016165193	0.3398268422118195	0.5164224933837209	0.01008560185179551	0.01003866964832891	0.01002889245445697	0.4301349670508399	0.1580682404842352	0.04619197906747864	0.2529296848100212	0.1993588008199431	0.1278347249626045	0.01336184238991026	0.6413756414394275	0.01524375980120427	0.02507882616224801	0.04205580107118331	0.5007349989409785	0.2997160552733369	0.1524389701167276	0.01007756263376727	0.01016225691601201	0.3949467196665682	0.3271165118865951	0.01026343382777017	0.028735030196916	0.01004862929586937	0.01001643483650125	0.01003543838536254	0.01256510692261167	0.0133523338356028	-0.04019148112709616	-0.005777267395788127	0.01610232526480385	0.002606539712252936	-0.01203447750139647	-0.0008688683646756953	0.01350333607542726	-0.000734562202911127	-0.03576442123601593	-0.03923483120010561
1.441491228070175	0.01011331531541991	0.01009003301397088	0.0100642824931667	0.01006546037533473	0.01007366403571378	0.01015075422472027	0.1886939362115741	0.171254006363165	0.1019552750858641	0.05299151153151437	0.01083558492111375	0.0103373247945247	0.212092572689305	0.03115807173585627	0.01133646847980129	0.01012814892764058	0.01003090495051082	0.01816822182006209	0.05646813060567547	0.1043233559631042	0.01186572451285169	0.04780822971274019	0.08013020421344062	0.02585514105599628	0.06686357499185767	0.01075900218433506	0.01038253787960013	0.2352945603118064	0.09271386232605046	0.01002213230235801	0.1632292719891332	0.337579768179625	0.1227637446943887	0.01002314637745069	0.03900356329674935	0.249971196169547	0.01026637693658657	0.01001287383936833	0.01000419807152233	0.01000933009468425	0.01021669893816111	0.04133615230480838	0.01005408404439965	0.01005359903393457	0.01007198218432593	0.01017371825981476	0.01003884090060337	0.1032079628981447	0.01038972230353082	0.01063449160267955	0.01329447135578471	0.02597358558062552	0.3336059828346149	0.5041962453023441	0.01005600673076447	0.01002536187861612	0.01001884766203424	0.4570631867295457	0.1665740314560485	0.04651735031210786	0.2598677677207403	0.2029585881697035	0.1289969283538759	0.0127694351375395	0.6272040328957073	0.01455639757638257	0.02564280321716089	0.03734306911676206	0.478896598842433	0.3073747558784912	0.1506875505145671	0.01004835689707402	0.01010164932981836	0.3858454441952976	0.3323703493543994	0.01018075130743115	0.02968327501008382	0.01003280220336197	0.01001108389066994	0.01002390497277511	-0.03116447391744796	0.02071509900994052	0.01701988292170071	-0.284738763460192	0.08147348750108319	0.2946463596318882	1.230440051332629	1.446989000933257	0.9563428920875923	-0.05150637933568851	-0.2698372689254168	0.08543892643766966	0.4840031619032885	-0.03159839912775533	-0.02605233624362113	0.293514372241668	-0.1359903187802281	0.137467800744468	-0.2015396828463597	-0.3730587932355336	0.04284226372865294	-0.741900488345872	0.02839466847513165	-0.2990432751709921	-0.09732344253932648	0.2584657148440883	-0.01626373639434261	0.4017531696575659	-0.2028045697621742	-0.3063352842193075	0.10283547490924	2.403491358289775	0.10283547490924	2.403491358289775	0.2839022951181593	1.818087934963843	0.2839022951181593	1.818087934963843	-0.04867357675495445	0.1477161129769781	-0.01409278979152254	0.07842422858544468	-0.5324872952443132	-0.25790733425333	0.1765715724846699	-0.5313071751810411	-0.1996209717093214	0.2845235396379481	-0.002353285386258382	0.1405073218854294	0.02844252748096734	-0.6270629365559596	0.3100891125177941	-0.6181116075819435	0.5342148643104039	-0.2798256200322269	1.02876524084472	-0.3699180868865253	0.9556584150112991	0.01356817164130231	0.8974775059292444	-0.01062787062622106	0.07371995205290698	0.2400457876546638	0.1418227225137985	0.05908051007549897	-0.01764614562007245	0.003869799694649628	0.04507210490287494	0.0004354078509939447	-0.01288911068550592	-0.05982390287628646	-0.01935718710035125	0.02145258692435646	-0.0009785776127983453	0.05708197783257873	0.1403837675647119	-0.02457679037436915	-0.2614096548519286	0.08878144655898185	-0.1099916333268306	0.01008160182095429	0.01006111269964594	0.01007047033930082	0.01006173921419906	0.01007470552542946	0.01013556243312724	0.2254095463836836	0.1553107931619531	0.1023850925823266	0.05401416529185025	0.01058998767977903	0.01022917093148417	0.1812876319948425	0.04587838928867574	0.01266762538933459	0.01029548103799613	0.01006798370247234	0.01718628510927061	0.06154829151516935	0.1034607511241161	0.01158870283112403	0.04475525646832458	0.07211641570271017	0.03367377090889905	0.04275099338430633	0.01053366150049768	0.01025888382229774	0.1993261778659413	0.06091452865292538	0.0100137228228041	0.1363295992376938	0.3783758976812349	0.1459305375374692	0.0100176376385313	0.019028960219893	0.2445282045425249	0.01017852474559704	0.01001301997287833	0.01000505330009069	0.0100100031451203	0.01019845403347527	0.07711781748049724	0.01003872566015035	0.01003746075651139	0.01005388519122207	0.01014104004554994	0.01002694793626843	0.1052207098266458	0.01024712745094721	0.0104146099410051	0.01317150637050357	0.02961988803388342	0.3276200668130015	0.5072069104046064	0.01003785073780984	0.01001728076150177	0.01001309309752871	0.4135180483632104	0.1473217132572015	0.03161138134506199	0.2475319391794069	0.19482381794779	0.1235912922790872	0.01409267455052892	0.6345596819269756	0.01482799937968999	0.02918477718076922	0.03375365974830464	0.5027564956472688	0.3272043842316792	0.1567934489114736	0.01003286455268229	0.01007023878416194	0.4418984704705667	0.3240275309721792	0.01011124275406569	0.03441773215772902	0.01002307140748707	0.0100077444243996	0.01001679125914558	6.317289774687143e-05	-0.01528180647755279	0.006746931482638762	0.02695157696922344	-0.002172750515432697	0.01905603673009018	-0.01229309630928581	0.002507983137726595	0.007308721021733634	-0.002705612892602348	-0.03694292405175561	-0.04038384593478296
1.45140350877193	0.01027760956784885	0.01018650809378434	0.01039133512922477	0.01017254845778559	0.01047528322184048	0.01154029793344964	0.2022125202052342	0.1459303709888531	0.09329651064948473	0.0487643916914749	0.01091690502831502	0.01039259098728345	0.1675627812873381	0.03236938046916276	0.01236232729622022	0.01137173726689596	0.0106894467845966	0.01610063028796026	0.04725914790594284	0.08586538922691339	0.01136753057977661	0.03685771457672155	0.05898822213783866	0.03352184829113013	0.04181580402507067	0.01083919158159621	0.01044122769326361	0.2013834629861395	0.06710559647715056	0.01003406560384885	0.133226847224062	0.3327436838211347	0.1261457294592815	0.01002870598937368	0.02332948766782703	0.2293791689645017	0.01031268665231689	0.01008459178527563	0.01004062168960226	0.01007039428531915	0.01027112084117379	0.06976229622074819	0.01005352457981522	0.01005163697758583	0.01007453162330231	0.01019356865552753	0.01003811926885491	0.1041304243049642	0.01030564199153969	0.01051299162472047	0.01373666631626243	0.0303640669257429	0.3289712511656928	0.5044919074159738	0.01005227970546823	0.01002380052363279	0.01001799748383096	0.4311709201176753	0.1521474322696893	0.03355349988211362	0.2495789192672835	0.1953088868274676	0.1234222825343091	0.01524353085908642	0.6224396965488145	0.01545919131691123	0.02991631105249238	0.03306601695563566	0.484389250554756	0.3092123381186714	0.1534972498294283	0.01004883778016003	0.01010274350767303	0.4226578539310496	0.3237487075361976	0.01013743709001779	0.0352304053261973	0.01003090698985057	0.01001037580188162	0.01002249536506409	-0.03107922492688444	-0.004120804533633151	0.01401998869298274	-0.320646738771293	0.08461926298342579	0.3391278407955724	1.244901250789342	1.470319330763404	0.9559304711837825	-0.03154906140293084	-0.2689997574126374	0.08388370853501846	0.483518904932399	-0.0668637376433321	-0.02323322293555114	0.2772698976991501	-0.1355443825242673	-0.04425753696692278	-0.204118606731164	-0.1386389183742182	0.03511517815299211	-0.8170883235552667	0.02546112792604232	-0.2935570131095073	-0.09442126159869908	0.3272986291583684	-0.01202344616241493	0.4526173051400487	-0.2059966993204567	-0.3362029220218741	0.1270186496682989	2.457692638939782	0.1270186496682989	2.457692638939782	0.303413185302554	2.128992686318584	0.303413185302554	2.128992686318584	-0.04732513434121444	0.1233958798397159	-0.01335569272867906	0.06988856235333465	-0.5348128896528758	-0.2115475847034507	0.1706672664207391	-0.6562043682192071	-0.196692912190707	0.3069203415639041	-0.001337608231378637	0.06414531020799458	0.02083814487479453	-0.9003575899727299	0.3019200392879467	-1.045157236863357	0.531605804755944	-0.245758872525294	1.024341142488138	-0.5244706778976195	0.9557834691734977	0.01169256641589162	0.8973511446800156	-0.01488746304821883	0.09237728407258283	0.1978247525510719	0.1372375336987429	0.05157940146795636	-0.02468139818055173	0.002105162438419671	0.04420538998464262	0.0003399918782117772	-0.005394593963154995	-0.05749414914462126	-0.01952379141904028	0.02437178981961807	-0.001001480140468051	0.05406879880406427	0.1438186573140235	-0.02201959490164881	-0.2378138238727323	0.15394949435797	-0.07580718828140554	0.0107330065929792	0.010472307418818	0.01116324629864024	0.01043881007048096	0.01143478366890322	0.014897756374798	0.1927195414232487	0.0896239398423791	0.06569411378970202	0.03496803130372914	0.01160566698403805	0.01074316390832635	0.06401377762670772	0.01038661389281586	0.01266730657508346	0.01405183898718922	0.01219477573355891	0.01007365006008909	0.0102745281921799	0.03282805426915299	0.01017994746016969	0.0103552269802916	0.01230624901668338	0.0417545949470212	0.01039599328678713	0.01148523306997953	0.01083083692525266	0.13843309601849	0.04495469651804052	0.01007758911188413	0.08104151185610553	0.2530363958747859	0.1012550228075348	0.01005367669026305	0.01019805973505574	0.1602229136892175	0.01060044785105065	0.01025508072691024	0.01012566861684641	0.01021447486139102	0.0104582207047977	0.0873227392240742	0.01008260149744868	0.01007817479710998	0.01011800369248214	0.01031572943216485	0.0100596476750433	0.1046758874730098	0.01036399222073175	0.01062602458678587	0.01518637150163944	0.03572934664598413	0.3217250026879717	0.5044390783947235	0.01007784770067319	0.01003544835274111	0.0100270790114834	0.3809471573453576	0.1326307271949485	0.02190248947007892	0.2294217001841832	0.1809398868420786	0.1144146284640002	0.01937710198747743	0.59342647223151	0.01740997333456987	0.03514955560757376	0.02906921418964026	0.4780027847189819	0.2848720103096437	0.153909869002877	0.01008031112256806	0.01016729899220025	0.4909156545296949	0.301837821167051	0.01015893378333956	0.04190132101082267	0.01004483123236379	0.01001499612849928	0.01003260747654856	0.01090966915000587	0.009763423328289325	-0.03136729110391018	0.005026032641114041	0.01968372217492985	0.006817776582514121	-0.01349061180233264	-0.0006812285493146335	0.01473798910576897	-0.00117704570520972	-0.03812757041086009	-0.04156115531644144
1.461315789473684	0.01018718772203427	0.01013694930865421	0.0100913656057248	0.01007200096066907	0.01012353337705844	0.01160419735723594	0.180438051621816	0.1050290778125971	0.07240753052220063	0.03718979815728807	0.01112397824133506	0.01054361914091191	0.09935089028666323	0.01835751479369948	0.0188884692356882	0.01931105810584809	0.0100973934158306	0.01243069109143123	0.02927656695990711	0.0588956800152227	0.01088666199093737	0.02113395438111274	0.03434112301250802	0.03293355527494362	0.02208647419881006	0.01105069285651184	0.01060459603609645	0.1459486868683045	0.04064413580948985	0.01001798420637508	0.08963175588759104	0.2856412255751641	0.1079553275961157	0.01004751971379077	0.01492156116183369	0.1874811408313645	0.01043777614901234	0.01000980853778391	0.01000329425181388	0.01000714542964764	0.01031446554964405	0.0884367591287064	0.01005405675779165	0.01005143575628326	0.0100770019609007	0.01020712988625416	0.01003837836372037	0.101431452635291	0.01025314102187403	0.01043325684640936	0.01461720378315618	0.03686321969118366	0.3201891822837739	0.4989764953450964	0.01005125931985323	0.01002339530634597	0.01001783483936609	0.4001637702025162	0.1355716534659696	0.02202288698737679	0.2342156910701581	0.1829730253844079	0.1142603759122652	0.01780983932134911	0.6009504563496595	0.01722731674543434	0.03623442290984003	0.02572823517143465	0.4745998215183539	0.3022490712223756	0.1516180492566618	0.01004984071999647	0.01010483097220928	0.4640738810081593	0.3080763112707625	0.01011147325381837	0.04342511614857487	0.01003041153169221	0.01001017225677309	0.01002212006414235	-0.03124669123433715	-0.02910895540628602	0.01066174159274658	-0.3569766335526595	0.08817203756314733	0.3762076943600619	1.259573636424806	1.489177814934381	0.955719798612753	-0.01088123531079843	-0.2681672796511368	0.08445158339293714	0.4826578293429739	-0.10813218791693	-0.02051343042769231	0.2737594944701224	-0.1367868849122308	-0.2016096487404269	-0.2041296081029519	0.1436350483797076	0.02664537810147225	-0.891799796794299	0.02256078208748962	-0.2923739481322152	-0.09085825438451008	0.389092537097206	-0.007313146716263475	0.4967377575055305	-0.2094297443803895	-0.3539944069302743	0.1512395493045018	2.415568449907154	0.1512395493045018	2.415568449907154	0.3263121802259753	2.501304666177934	0.3263121802259753	2.501304666177934	-0.04624194771994059	0.09467729865015688	-0.0127165325964762	0.05856501625334878	-0.5366887714614501	-0.1674652302367769	0.1636501334412288	-0.754676988208227	-0.1935235704495253	0.3331706856033046	-0.001082135050849601	-0.01238393015878837	0.01078069289719247	-1.117084252128854	0.2890827939769386	-1.558580436588709	0.5293610626178773	-0.2061661867929641	1.018338121251808	-0.6879641396226722	0.9558910460201975	0.01006789191773664	0.8971821250093477	-0.01921933027000185	0.08300859317361764	0.1555624595749396	0.1361094467005613	0.03964453378045797	-0.03248197317378091	-0.0001408740742750167	0.04157113459404965	0.0002139658888265872	-0.00226903595355985	-0.05395437899681547	-0.0189796294253499	0.02580061280818832	-0.0009975758201308303	0.04073403499792443	0.1453176830140121	-0.01983082097031257	-0.1498587021394654	0.2189422055833521	-0.02720475604384625	0.01025300854832039	0.01017436189759407	0.01109535889654951	0.01166295471601455	0.01044013519425605	0.01032274484915713	0.1299604715351458	0.05705126803778682	0.05455652150588755	0.02802341450554257	0.01103769930068322	0.01055772650522334	0.02939245425210274	0.01027823497561751	0.02869868732160541	0.03187579408985986	0.01312723107257984	0.01064961914657852	0.02231426426749619	0.04213097788044303	0.01091168768420938	0.01280011921771883	0.02188667486859032	0.02555793978289109	0.01047328110875035	0.01099222385538872	0.01061424333268071	0.06483473208122702	0.01077319314327432	0.01003211532432586	0.03820671452851558	0.2016150900175281	0.08250757707839944	0.01005945875854146	0.01029845456363277	0.1435622842600485	0.01045022850074863	0.01014791668861389	0.01009520007667755	0.01013372022667143	0.01030456615736843	0.1102775187314288	0.01004120128351181	0.01003857549797498	0.01006060789645819	0.0101723141612149	0.01002867192753365	0.09529398675765818	0.01014437860029374	0.01025482756907304	0.01527538368390997	0.04456729840506165	0.3006527086195483	0.4802563942474589	0.01003752142440624	0.01001725651353814	0.01001330722343386	0.34245385679626	0.1124577084118584	0.01127320308134934	0.2086635975307502	0.1631796633745733	0.1007871706660005	0.01931455408134054	0.5465432376685817	0.01898208326313062	0.04369243319053492	0.01630755250884328	0.4449593907810903	0.2953672539127397	0.1462964167871595	0.01003690792136551	0.0100781149946315	0.5379227218165568	0.2789271418032649	0.01006173258931962	0.05342668555133248	0.01002312199730574	0.01000769317009464	0.0100168032365224	-0.00263520147841361	-0.008473674202271256	0.0009019843635590177	0.01339287912460185	-0.005080616145340425	0.01821920879973378	-0.01104824123381138	0.002643118487600223	0.007615554370443457	-0.003907421786220293	-0.03879680178674306	-0.04229069594452528
1.471228070175439	0.01184334578359088	0.01112455034992264	0.0172944273604325	0.01765103066050236	0.01514845773958072	0.01291244794309266	0.1271451697453304	0.06258269390928546	0.06638934239910391	0.03407956457960971	0.01114585908868141	0.01056511604032852	0.05088265857237256	0.01333562587102047	0.02629318616361545	0.03553600914135312	0.02857889758883934	0.01134139438446383	0.02272335634792544	0.04097990929874926	0.01096488873407975	0.01566788439299906	0.02435240729875614	0.02323425898161947	0.01496023507713293	0.01107699317391518	0.01062604799815063	0.08222952446106738	0.0195954124246163	0.01024570979890061	0.04886703642824903	0.2059181119207725	0.07454669858849765	0.01005369590489481	0.01218503687146728	0.1737147007275268	0.01045352272915003	0.01130043611831942	0.01074170248902964	0.01113858614859397	0.01044087897583518	0.1019512633141331	0.0100583033203993	0.01005411918030758	0.01008657407791765	0.01024708745251747	0.01004142440065976	0.09520815046056352	0.01018916074235104	0.01033202609358422	0.01583302884818337	0.04449022628072098	0.3061472695640209	0.485220195602051	0.01005244635058064	0.01002412900763164	0.01001870204024491	0.3626271137361633	0.1153342193977269	0.01434428808145387	0.2136951167583357	0.1657098706041802	0.1013002376230017	0.01941024462192849	0.5635167422725796	0.01941046546979465	0.04361393903289643	0.01750698616710345	0.4502487671714001	0.2887118503153184	0.1452337006014288	0.01005633396080169	0.01011721857954626	0.5028732237919914	0.2852598436994057	0.01008128419366877	0.0532517206919115	0.01003154501703214	0.01001049662570703	0.01002292625241119	-0.0316335836773451	-0.04723300972728576	0.006944078071366845	-0.3929872788206678	0.09204274429859864	0.4028135497991027	1.274401855403839	1.501504090233582	0.9557148671100573	0.009826600751487296	-0.2673183658338245	0.08718438821353558	0.4813451500851635	-0.1585021038694449	-0.01775975058625831	0.2842291089169108	-0.1394333733028036	-0.3264205388534215	-0.2011467289793309	0.4634612635815379	0.01743732496396293	-0.9659750978132703	0.01965039044772183	-0.2955990283686467	-0.08678007741657809	0.4291815764057145	-0.002194829977542198	0.5350951816112063	-0.2129559579848707	-0.3540861520276354	0.1746796807601693	2.304862803946763	0.1746796807601693	2.304862803946763	0.3531862500823147	2.929650874220064	0.3531862500823147	2.929650874220064	-0.04545142899303831	0.06501453108545169	-0.01220513355352383	0.04408300115493587	-0.5381446443975855	-0.1269261529472382	0.1558134442427825	-0.8207377432169807	-0.1900775960200312	0.3625190472214306	-0.00157476393504881	-0.08641379317159714	-0.001030717715377288	-1.25029028291589	0.2707812847780868	-2.144418072862442	0.5275396568198314	-0.1602195758638006	1.01068619363202	-0.85634336257845	0.9559843760387637	0.008840110930982881	0.8969702467720394	-0.02351483026902046	0.06241388234420286	0.1246739398764014	0.1414527945284378	0.02800736266094647	-0.04064021769801261	-0.002377094947869132	0.03854614285632217	8.951382811128893e-05	-0.001410523448408613	-0.04967848536546349	-0.01811591205927672	0.0264749056667049	-0.0009755902305334285	0.0274760296676197	0.1401801546664824	-0.003582442682420151	-0.02682635187580317	0.2739309496231713	0.03173402059109172	0.01571932276896592	0.01343778754692046	0.03295287514035933	0.0331590628019101	0.02672402833557527	0.01872286559638693	0.03958862684005819	0.01089759295581467	0.07329923894363591	0.03824707838432485	0.01147306303968616	0.01066303618452863	0.01010337896838969	0.01005705929713278	0.02839121964738503	0.0555295699344043	0.06892844007888729	0.01043596881180292	0.01088573093524521	0.01189467778049283	0.01087099104653684	0.01081744966539651	0.01097163842747536	0.01291172831327411	0.01044159962434819	0.01136151104132077	0.01073882021205751	0.01129457981381552	0.01054104267175465	0.01076470638167479	0.01063398662048821	0.04354482724694873	0.0173582323014826	0.01005403437530667	0.0105404165546069	0.185308119069788	0.01052804072990184	0.01414074783016467	0.01234144315764622	0.0136177254949288	0.0107901312367097	0.1083915155013683	0.01009462092367407	0.01008628006076573	0.01014389167036385	0.01042074157478163	0.01006838526932207	0.08745350244142226	0.01022511054392555	0.0104030781895922	0.01795348499456101	0.05241842084719056	0.2824711231767229	0.4554727334349797	0.01008231715693596	0.01003799672684474	0.01002979084164056	0.2931102250831394	0.08801892196595934	0.01082405291956864	0.1797413106397018	0.1388465374348872	0.08359092951337097	0.02166046445090224	0.4752795331637004	0.02220849256823165	0.05125591283509772	0.01190148788448669	0.3924931442297657	0.2444477366581714	0.1340700370317577	0.01009850991102353	0.01020185695343066	0.5650574490969077	0.2420585631425219	0.01009454129143186	0.06371666324340168	0.01004864433087805	0.01001614588362887	0.01003534122257639	0.007515039695382892	0.01064876525431545	-0.01118525665135363	-0.0008270278161429934	0.01545849301769691	0.007729981759963461	-0.01313455646486127	-0.0001671775623751778	0.01414400063747926	-0.003029192448028022	-0.03881648727033821	-0.04272898818426955
1.481140350877193	0.01235458168308348	0.01141421801582597	0.02538836127474095	0.03167608347070873	0.01754750578803913	0.01349659911113995	0.08314097329919229	0.03079383138527819	0.06841765391452345	0.03514829993650499	0.0110934758412258	0.01051731287108928	0.0254732824271816	0.01119264837094753	0.0350623383745668	0.05462285584053884	0.05043681002873022	0.02555094236550018	0.02262305303492142	0.02895305770046735	0.01279557140366923	0.01344281226494168	0.01632105069435724	0.01613722948198179	0.01196171105734696	0.01102548002110761	0.01057817830138419	0.03957030359306286	0.01361142463198037	0.01032302735616396	0.02489181350171693	0.1356812940944619	0.04581345982393929	0.01004550146968104	0.01110209919298549	0.1773955083304083	0.01041169402279685	0.01266248413543185	0.01699480858226041	0.01306562507928478	0.01056160192172099	0.1108336471113059	0.0100622988690881	0.01005749423739376	0.01009400503227747	0.01026269606937478	0.01004367855375942	0.08621126642495153	0.01015741914036431	0.01028035634001767	0.01756089047739175	0.05190954418797031	0.2876238315653598	0.4625719797921025	0.01005274990698728	0.0100246913393471	0.01001950409179519	0.3190237300071865	0.08952981595434314	0.01178163073339659	0.189316336926327	0.1441148802383552	0.08407208007544777	0.01907262801693678	0.5152521748149691	0.02197776935919731	0.05077394369360597	0.01316062663243756	0.4159671438262888	0.2703210968436255	0.1349769671197897	0.01006079949882083	0.01012540035691899	0.5283183687372069	0.256872610966905	0.01006660944440273	0.06303323979659048	0.01003362028408548	0.01001116315198763	0.01002443088735939	-0.03213820145418678	-0.05182155555341147	0.002876239393824095	-0.4273802544700367	0.09611489698539269	0.4165159872764315	1.289315801293537	1.506456849291095	0.9559128525682532	0.03001210818693066	-0.2664324723875693	0.09186315722934808	0.479475450109159	-0.2210099670295561	-0.01483174419901814	0.3088771581127259	-0.1431326859771313	-0.4133982922195067	-0.1948604658190352	0.8078153631762591	0.007499780442165309	-1.038772847753182	0.0166858388073601	-0.303289625977476	-0.08245208033725547	0.4385585761891443	0.003277961004356779	0.5683044007402102	-0.2163737525884915	-0.3313460630101416	0.196796797096478	2.152993923481551	0.196796797096478	2.152993923481551	0.3845397096829974	3.402750803665709	0.3845397096829974	3.402750803665709	-0.04494171148523662	0.03879749560980781	-0.01185326463584628	0.02638264772106457	-0.539217423516427	-0.09010550708732984	0.147499636152668	-0.8504814934783264	-0.1863323887859049	0.3931699773289967	-0.002780669399540019	-0.156052243727152	-0.01366502278134156	-1.280703132633799	0.2464141948133132	-2.777267367432376	0.5262081373861918	-0.1072075578245996	1.001364745369254	-1.023689734111474	0.9560679814641582	0.008120286553495075	0.8967165235675788	-0.02763767279743233	0.0722924116099305	0.09202910677426271	0.1546322475178917	0.02045066555008861	-0.04735057660769361	-0.003974846333904851	0.03670905485389694	1.098340743338145e-05	0.000192728594089338	-0.04733164683878825	-0.01793958453861627	0.02805100879626255	-0.000963914275454763	0.007365364121260512	0.1447767965522648	0.01024699213525747	0.07450492280294739	0.3156471037768246	0.08642499932916731	0.01071097569899001	0.01041063771822422	0.02765989091057952	0.04357082083553084	0.01382780533635211	0.01074499085227383	0.05525982947274036	0.01089192226571547	0.06948358794313715	0.03524088895890286	0.01084747108386483	0.01039789111274633	0.01005659437546641	0.01003305862446588	0.04788666783499951	0.07346319689266502	0.05923900169248868	0.04948009606846858	0.03044809372765291	0.02815697009107737	0.01599074107166917	0.01344498728745722	0.01263966160545941	0.01179228019140561	0.01031466964022262	0.01080353510798749	0.01045082984176074	0.0114859853845705	0.0102107272821373	0.01013071633574948	0.01036141771070158	0.08942069322043129	0.03246499875614071	0.01003414432928303	0.01060834072863572	0.182469648573561	0.01031272392267597	0.01362642230098591	0.02793501274350719	0.01545692240510636	0.01070739636749566	0.1242117408144082	0.01005114256361575	0.01004695725535456	0.0100792605932566	0.01022109880838306	0.01003454533844266	0.07443452071731795	0.01009431594684816	0.01017120693935155	0.01901899739026037	0.05934507807029388	0.2545333071064131	0.4124223734021689	0.01003929477003133	0.01001901882955172	0.01001550173391025	0.2460858003147616	0.05859820298958321	0.01017476566565529	0.1547063181004336	0.1157403268067763	0.06372771035966283	0.01801997564160412	0.4227657459608846	0.02429082888174828	0.05791930124241893	0.01022581570571776	0.3538668290772408	0.2491584337787081	0.1209651061476727	0.01004824009239335	0.01009911787733564	0.5568333284827504	0.2132813734497422	0.01003916162056653	0.07330830033618632	0.01002832997746406	0.01000938695045113	0.01002058845942022	-0.004683960430761691	-0.004710622733056219	0.00414840552514584	0.0003515517383036989	-0.00354462621158785	0.01541865497650683	-0.008371999352070756	0.003245903248287392	0.006500832483549475	-0.005513676070883406	-0.03850147388789089	-0.043286010783297
1.491052631578947	0.01101342366798747	0.01059660493062817	0.02549024890773645	0.03915781447885655	0.01405020619405379	0.0112268492839813	0.06660553057615129	0.0187803765967651	0.07455824493877891	0.03822971528267695	0.011018043611692	0.01046746360566282	0.0160029433350858	0.01049253477163965	0.04492755241622635	0.06754126273742185	0.05337403312582861	0.04735376700782524	0.03075616097276209	0.03071228192341537	0.01647712041219104	0.01476778742631142	0.01514154132517985	0.01358787848831514	0.01107374894975155	0.01095676529188755	0.01052665174824799	0.02276790389744671	0.01157703704277558	0.01021226618090368	0.01605772405007006	0.1120816682880568	0.03840208488322435	0.01004055620232851	0.01113971469967483	0.1913633667539635	0.01036778253545021	0.01559454974769815	0.03317162433415943	0.01824813434253425	0.01127159678833132	0.1215184528919247	0.01007106063029001	0.01006337054554327	0.01011395359078352	0.01037020421004445	0.01005025021847878	0.07727835133201143	0.01013095856768652	0.01023670239584628	0.01908375228476712	0.05745866033889831	0.2646690057393264	0.4301112718535305	0.01005730759461573	0.01002705687198138	0.01002182317676116	0.271062160629893	0.06773223350737669	0.01088644430392706	0.1627140961135161	0.1231957746428007	0.06985749336650247	0.02105012062725003	0.4608661626698095	0.02396719158710661	0.05609327325311134	0.01166139945166529	0.3783726448092507	0.2494270823429141	0.1245014096153949	0.01007347481456983	0.01015030139120462	0.5318240259546876	0.2264861363057576	0.01005454035187296	0.07085587418201345	0.01003662163262407	0.01001213387605927	0.01002661503105297	-0.03259805284530554	-0.03746151938093274	-0.001517493716340264	-0.45840952047202	0.100252245469292	0.4157979970173032	1.304243458225565	1.504371980741531	0.9563073816224389	0.04948268555627456	-0.2654921282951281	0.09809055381031434	0.4769147126846646	-0.2983291826624124	-0.01159249267842957	0.3467673146135782	-0.1474960138545227	-0.4602874483188459	-0.1850995700797611	1.162009174736623	-0.003145234518477505	-1.108304216166274	0.01362437746438021	-0.3150287599339486	-0.07819745846419426	0.4142576941677136	0.00905404474369406	0.5961867449735617	-0.2194365482468928	-0.2819763722733591	0.2173063875108175	1.984170450527571	0.2173063875108175	1.984170450527571	0.4207371822790443	3.903815375099156	0.4207371822790443	3.903815375099156	-0.04465539803291347	0.02069567598286793	-0.01169219734885035	0.005637904663748743	-0.5399405806655496	-0.05617723422283646	0.1390780102216436	-0.8425079885840435	-0.1822875369951861	0.4224855715561178	-0.004649819335139038	-0.2200683810028481	-0.02604819010865374	-1.198915832778857	0.2156842182485953	-3.421654191672931	0.5254394309241073	-0.04662171468669615	0.9904194348037803	-1.182729560720592	0.9561472213891993	0.007961603614216307	0.8964234144036693	-0.03143630774193505	0.1243939522206909	0.04725144590341786	0.1746359170664848	0.01910609994076165	-0.05113905437498376	-0.004548462598675351	0.03676649849746199	4.003563546479678e-06	0.003686801999739256	-0.04838612873560412	-0.01887570742175774	0.03089419625601842	-0.0009768593613915159	-0.01374213639136073	0.1481051063027267	0.009278359251115375	0.1291654362108883	0.3418540136602766	0.125345838203186	0.01126291424832182	0.01074583045078958	0.0253012805154849	0.04181942100699651	0.01399536415771018	0.01143583573422534	0.05003956368159263	0.01162042737948044	0.0908516788992977	0.04663356327535371	0.01130010477462685	0.010561367458118	0.01009173138093782	0.01005407071309328	0.04944000258510457	0.07529814073175099	0.05536882795340749	0.062526513652224	0.03558412775758855	0.03065465681047745	0.0200479336673613	0.01693272845165845	0.01560464515334549	0.01246189728956282	0.0107256807317927	0.01120759059856075	0.01063225948925594	0.01289694792444612	0.01043784544666884	0.01036447876237129	0.01074178052688714	0.08639536120015208	0.03027762614438573	0.01004722792054021	0.01168993640696652	0.2314375993853177	0.01043822162394066	0.02156705254615854	0.05528904693513083	0.02724392135556623	0.01277362712166714	0.1326278846711974	0.01011667030297626	0.01010040783815773	0.01019567851084433	0.01072318366701003	0.01008562751077829	0.06993618614138802	0.01017719916546356	0.01032336940766382	0.02081283275485923	0.06154671628946678	0.2285891097894726	0.3670296865558085	0.01009547119108765	0.01004443935588446	0.01003586891499165	0.1939723256428319	0.05175809617776736	0.01065512168809116	0.1252361184981322	0.09979764183482537	0.05996031662894814	0.02794483433770578	0.3551271270975451	0.02563060919359326	0.05995506385932019	0.01171264097836432	0.3122541944740725	0.1995692004436777	0.1131736843921672	0.01013165619276838	0.01026754416357848	0.5142119760777041	0.1803006596379722	0.01007287566547207	0.07733575787193329	0.01005552625217879	0.01001837605542638	0.01004035456125644	0.006493806164093165	0.01017669267635225	-0.005852775268435946	-0.001215853227750166	0.01402744421557509	0.004535072263019359	-0.01079036036729962	0.00692649646425141	0.01059524480124038	-0.00589654336864331	-0.0378516945683216	-0.0441527621629632
1.500964912280702	0.01076462365566148	0.01045145852807076	0.02292652731214392	0.04275092933139747	0.01263605150397171	0.01091252267710741	0.06090316521605692	0.01388821355091138	0.0827395373998728	0.04230107317466946	0.01094329728148442	0.01041523602304196	0.01214848847870552	0.01019441598673808	0.0622024907731145	0.08960827390618446	0.0575398510024796	0.08156817712616206	0.04964780514107106	0.04528005552389427	0.02572875515269434	0.02263324479186229	0.02150507608320834	0.01219070327974624	0.0106616608431614	0.01088438972742246	0.0104720154695904	0.02389823665747972	0.01071895942737419	0.01020923700239375	0.01245128534818392	0.1060139370306383	0.03584710149986496	0.01003385677203167	0.01172296517294983	0.2101713225726763	0.01032428449950512	0.01958485049290457	0.05000599500654274	0.02479497316073786	0.01869729965469576	0.1376849506794506	0.01007919857738204	0.0100684083845821	0.01013379907855396	0.01047570179977545	0.01005605386010508	0.07001697214008991	0.0101205635214933	0.01021966220316024	0.01993699247781086	0.05903564683918937	0.2378231229506438	0.3884715255645483	0.01006368224065821	0.01002983338607573	0.01002420816613713	0.2193296340794099	0.05354127869833286	0.01060102511252629	0.1346519712209827	0.1052648781601671	0.06199346128504159	0.0288725607013149	0.404948915679763	0.02465685763512318	0.05754447067106244	0.01585221144048719	0.3430972768093093	0.2275413777836879	0.1156853097890968	0.01008158319193996	0.0101677764295618	0.5080695100157142	0.1961884267241864	0.01004974827317851	0.07387763962128487	0.01003929120972843	0.01001302530426777	0.01002857344062309	-0.03280763217349661	-0.00103993346624626	-0.006193150688341078	-0.4838769311914635	0.104308272309667	0.4000941335625495	1.319118313089315	1.495897365172992	0.9568913952536915	0.06821654292537695	-0.2644844271499437	0.1053553631137247	0.4735055375192649	-0.3924669113904608	-0.007920608320702615	0.3957135744999718	-0.1521275724058677	-0.4678870213265718	-0.1718419651766901	1.510837725758073	-0.01445115458259844	-1.171544332350732	0.0104301079268403	-0.3299066676310158	-0.074349850118655	0.3566207287435438	0.01507648693465984	0.6178211640325956	-0.2218694308463945	-0.2041288543623539	0.236139922360121	1.817496708347286	0.236139922360121	1.817496708347286	0.4619539151060015	4.411693183522122	0.4619539151060015	4.411693183522122	-0.04449107750147128	0.01475969788573802	-0.01175016414747104	-0.0177272952747577	-0.5403357286829166	-0.02364309943227056	0.1309162794540462	-0.7986294085946035	-0.1779713050469146	0.4474164392208715	-0.007121844652157624	-0.2775484052184682	-0.03706567013612547	-1.006336350114418	0.1786847246936788	-4.034590144909782	0.525307984269509	0.02120601881414443	0.9779695804698083	-1.326082045857459	0.9562275635712115	0.00832787245456214	0.8960948615065805	-0.03476716547143273	0.2021790931757468	0.005565824136972946	0.199000648296157	0.02303413446369263	-0.05338623056301186	-0.00439086688256305	0.03831564868125448	4.644013435881166e-05	0.007642527446532428	-0.05086020261490578	-0.02017631887194314	0.03421712403588925	-0.000991368892941684	-0.0274798295575751	0.1400435582325722	0.01757107592496924	0.1503159146485291	0.3517012346944368	0.1525460292468199	0.01024733383587966	0.01014770213006957	0.01874468539750429	0.04664274868484627	0.01055645728584755	0.01032780709234385	0.06109352907418447	0.01102606599447838	0.08885624633771409	0.04463686464098383	0.01068651022809229	0.01028977058858676	0.01003933451270475	0.01002601988406117	0.08959438806649705	0.125435152810143	0.06284626173037122	0.1346242213559386	0.07916000809225192	0.07033563223082355	0.03876077564330675	0.03428645316791066	0.03181629748328593	0.01082737281568196	0.01028952368560014	0.01064805886076743	0.01033733093100933	0.03276466805916436	0.01016323708135704	0.01012389336501824	0.01037975611936435	0.1106966731140597	0.03667034595933724	0.01002054127987637	0.01298418473346195	0.2303214130267074	0.01022374584579391	0.02278928815175481	0.06588937551184634	0.03042964288525612	0.03053895163725007	0.1643316729558719	0.01006883823856186	0.01005693404705876	0.01012656191434642	0.01082909687338543	0.01004803082960304	0.06234940624139753	0.01008612016491993	0.01015825330191589	0.02009447771925254	0.05836658015949909	0.1950345596865799	0.3097842041726538	0.01005478287811772	0.01002548130753385	0.01002092663454847	0.1445438693600441	0.03912566547822281	0.01044958882082672	0.1002183308150882	0.08555292979414351	0.05495047421930831	0.03800857739232068	0.3151005724260111	0.0244875766972518	0.05681573579579089	0.02517936409045046	0.2923969820357302	0.2043518311249015	0.1064286395840537	0.01006662267173536	0.01014089868613969	0.4389040171243608	0.1568808551026929	0.01003520263845541	0.07416421830639826	0.01003330787425507	0.01001107173902267	0.01002425813828762	-0.004700973366617718	-0.00504208509953237	0.004416386913511072	0.0001913987051595607	-0.001921390798384118	0.01337331469348543	-0.005538883018388885	3.440757731928501e-05	0.005881795505800255	-0.006127002167489904	-0.0367831052703979	-0.04516769975726039
1.510877192982456	0.01040025445712947	0.01023762397147483	0.01875752542043375	0.04464618796902011	0.01111738207302988	0.01051734488125414	0.0603156725904397	0.01235342476609102	0.09207162369364792	0.04693501362379471	0.01084294369480429	0.01035441726797664	0.01086873066553733	0.01009543925734147	0.08415863993426938	0.116804758084525	0.05989950066888877	0.1251986069598253	0.07513208071988968	0.06704481990175241	0.03818761325495086	0.03409408473878215	0.03178815473065726	0.01132255134875865	0.01048484072169526	0.01079193463631272	0.01040947814707911	0.03382385008774871	0.01040415631960413	0.01018649073106624	0.01129510509584894	0.1097004154841757	0.03623965856107948	0.01002639410242987	0.0150875514405936	0.2318120217884633	0.01027386637647157	0.02456949585608959	0.06817375853405695	0.03246255999288179	0.03224730877160897	0.1591696064514583	0.01008958164890501	0.01007213007739122	0.01017255598149329	0.01212085447680701	0.01006670558498675	0.06598929003676261	0.0101260735763465	0.01023070520665618	0.01977027015124943	0.05621123454880016	0.2074437296011346	0.3388981749681244	0.0100735994674353	0.0100337606373203	0.0100276394624556	0.1684529199051389	0.04250508923893837	0.01093382807527347	0.1093290989106813	0.09142885252576734	0.05802305689092391	0.03935622149739888	0.3567824188765959	0.02383640804960551	0.05472727567380769	0.0327572780909046	0.3166914092998157	0.2056531749546072	0.1111907541149513	0.01009903231962847	0.01021065725293441	0.4562856287233191	0.1704998603867705	0.01005163624755419	0.07135961378725776	0.01004018126138459	0.01001336034734896	0.01002926605200819	-0.03254488237416251	0.05761396739754581	-0.01108421696528362	-0.501497148779683	0.1081359473569379	0.3699002664038803	1.333879349690673	1.481457953784416	0.9576565075999206	0.08598178704577798	-0.263401797440822	0.1131162565983328	0.4690749126273654	-0.5045116080751961	-0.003721419832644481	0.4525591569951452	-0.1566531205429919	-0.4396841602384999	-0.1552133648454866	1.839911446507951	-0.02633732695405223	-1.22469263293645	0.007078200871975675	-0.3465585317446241	-0.07123285873552236	0.2671792647191578	0.02127727351353997	0.6319269576944083	-0.2233911423952036	-0.09848360739582281	0.2533874737741615	1.665732563454684	0.2533874737741615	1.665732563454684	0.5081414877243029	4.902715700420471	0.5081414877243029	4.902715700420471	-0.04431349589779049	0.02368751937528789	-0.01205053380171468	-0.04317953822362551	-0.5404083922391917	0.009163680529321767	0.1233477680421346	-0.7238925867866015	-0.173441842846515	0.465056142785263	-0.01012732398489542	-0.327530300530244	-0.04567273003500223	-0.7155007375464246	0.1359616010861865	-4.568455405896937	0.5258780944799899	0.09452364487042465	0.9642039539154251	-1.447233606280418	0.9563135913599108	0.009076769384841246	0.8957360939630079	-0.03751731495809423	0.2876452441815248	-0.03934103963588377	0.2226522581608467	0.02824275104479641	-0.0537477857425647	-0.003809987351618704	0.04019385711086802	0.0001152487301103158	0.009814835022250081	-0.05465319671222904	-0.02146881079535951	0.03721523498805154	-0.0009979408858497225	-0.0423372113522845	0.1501432267092898	0.02372039632908209	0.1513387371991214	0.34395976963485	0.1636341123768037	0.01042389663998215	0.0102527661587845	0.01537260238673621	0.04374598240353879	0.01085850672629966	0.01056818153199749	0.05519912507698434	0.01189464569925054	0.1116192896864388	0.05670209308677254	0.01107486595681131	0.01043153578223722	0.01006558897282159	0.01004565716293214	0.09981476995735539	0.1378472308301605	0.05796740228497279	0.1661347287227908	0.09532299445515151	0.08296061825714837	0.04863368381116209	0.04378735630743511	0.04032269220927388	0.01123764425027448	0.01059641060315306	0.01100344280564445	0.01049964020612059	0.04186141535563079	0.0103284022143525	0.01030024799663346	0.01083620902886737	0.1077335091209417	0.0342837256492612	0.01003157793648918	0.02113105816466622	0.282230267770711	0.01033079264431713	0.03268192055767723	0.0950236527358935	0.04407487651599164	0.04641612608774351	0.1849039247351474	0.01013957010038996	0.0101066025637335	0.01029116631265487	0.0154913935390181	0.01011153473383958	0.06599252632190804	0.01020332202517426	0.01037213540931061	0.01946523607673806	0.05072506559782252	0.1638008895104943	0.2541117021377997	0.01011867030267317	0.01005338637665576	0.01004372478941895	0.1031812512459524	0.03404613617889363	0.01191016296326756	0.08166701683650929	0.07893403330761471	0.05686968207514224	0.05211478056711227	0.2843291380405772	0.02245312594862797	0.04933309549539797	0.05895153040697322	0.2823483140904973	0.1584381404130903	0.1106003074569659	0.01017542677909261	0.01037745825580877	0.3395471205129166	0.140085542758298	0.01008299246123295	0.06542096440256126	0.01005561741880743	0.01001851811666925	0.01004053845916426	0.005163318930822803	0.008472310795593931	-0.004460861439455309	-0.001212020146076896	0.01317118201057581	0.001187040138442725	-0.006764010719829744	0.004531785758733648	0.006862124574097173	-0.00717676617677313	-0.03557603895096341	-0.04624646932465443
1.520789473684211	0.01029392402598557	0.01017502030900496	0.01515123825072475	0.04674327475713728	0.01069920550034864	0.01038971106700149	0.06212394942748392	0.01172212179013596	0.1028605196429452	0.05238313519585967	0.01076894896843196	0.01031123848923961	0.01032948622209293	0.01005237805622347	0.1070045805697842	0.1442921052387484	0.06182339224584231	0.1726621062668798	0.1031233511537408	0.0906883778235506	0.05412762822284864	0.04907369206437581	0.04539385464869723	0.01094193992814093	0.01039616670764209	0.01072078069317314	0.01036266958550118	0.04806914822724884	0.01026719710091503	0.01017543402133956	0.01080527203865082	0.118795364158279	0.03838147829184365	0.01002191045997707	0.02527514901550208	0.2556212332085055	0.01023918541356944	0.03035278816215778	0.08742044734877429	0.04092351628335981	0.05034866260252884	0.1848134196032731	0.0100939152595504	0.01007197794051784	0.01020106802818413	0.0234881535711573	0.01007177773923066	0.06672917202120163	0.01013687835957379	0.01025132940924407	0.01816842099025588	0.04832001109067786	0.1757431818393683	0.2860585650082412	0.01007796475517267	0.01003526131517729	0.01002909904342996	0.1207598016700314	0.03401823605052164	0.01150186117757086	0.08859985140599948	0.08266491497452966	0.05832927628764167	0.0532672308216358	0.3211101755290535	0.02113163307325569	0.04698908094507715	0.0629462899373926	0.3029205024476163	0.1862504838457829	0.112947875578499	0.01010633831057524	0.01023055094662	0.3805273526881998	0.1518661297033451	0.01005574315695828	0.06216778638671567	0.01003882618674559	0.01001294463498416	0.01002830865224996	-0.03160089401480595	0.1357267241702161	-0.01610164995929505	-0.5089967780022374	0.1115984311368108	0.3267370768103099	1.348468846186398	1.461359101494662	0.9585917089401405	0.1024849508619757	-0.2622419711343157	0.1208613620576651	0.4634451763767515	-0.6342560321476278	0.001063462455437549	0.5130924371891448	-0.1607447712521889	-0.3814734405678609	-0.1354731607146033	2.136809135805714	-0.03868196399372514	-1.263243762943552	0.003560036253897194	-0.3631101161058043	-0.06914856437198359	0.1489540774654041	0.02757330772708828	0.6366793003499138	-0.2237414687993006	0.03138679558525828	0.2692322562912418	1.534910481663675	0.2692322562912418	1.534910481663675	0.5590109353489267	5.35224392939313	0.5590109353489267	5.35224392939313	-0.04396871178101024	0.048535189165458	-0.01261117054526778	-0.07013933285039933	-0.5401477291774873	0.04388426966371325	0.1166426199111079	-0.6258379177649125	-0.1687840174866553	0.4729619533001174	-0.01358694221318458	-0.3690359833680424	-0.05099608011342609	-0.3479870201933445	0.08853382552135784	-4.976359087600961	0.5271904794712401	0.1704181532121704	0.9493690404675632	-1.54114007408479	0.9564080034986469	0.009973763384008107	0.8953532482417647	-0.03961861007398782	0.3648829816609903	-0.08475169312375774	0.240254963271317	0.03260101179347791	-0.05248443836138559	-0.003057086653778435	0.0415548143349306	0.0001893634929165669	0.009388419834562777	-0.05850890197924736	-0.02226008056157574	0.03910450613352077	-0.0009814995555894159	-0.06028349972682327	0.1497576941390823	0.0291340701939884	0.1568225348734197	0.3241210302494238	0.1630093539979105	0.01013261235894941	0.01007935127632015	0.01184763189545484	0.05066247345513793	0.01026076637618071	0.0101827185986982	0.06744731772034003	0.01112697172791786	0.1124095328275601	0.05637057237844694	0.01053691272909185	0.01020640669815886	0.01002925384185436	0.01002031423899435	0.1391402347969018	0.184847323998233	0.06551791985413415	0.246116436834562	0.1422266052847422	0.1229748161411374	0.07487387475203774	0.06813142244185956	0.06244104972185709	0.01046020346492081	0.01021910077996816	0.01050400251777089	0.01024588102719879	0.06591687561058321	0.01012213773036888	0.01009985989329854	0.01039600166010688	0.1366195315230218	0.04278121907765787	0.01001242500461743	0.03831054123438985	0.2830647941246112	0.01015767259991392	0.03522624604466446	0.1069891844658645	0.04843462473783266	0.07209455843113859	0.2244219193377207	0.01007399701449309	0.01005319243186721	0.01018429020868221	0.04054404414156089	0.01005751367831368	0.069020381119607	0.01012924671232757	0.01023558924221091	0.01580969911546068	0.03755211951293895	0.1329806248983586	0.2042932296079356	0.01006188718408167	0.01002752777311397	0.01002303173794622	0.06337114736994541	0.02557938575856918	0.01313269970734837	0.06683232756363434	0.07491554627324995	0.06031272859799354	0.06970799185152619	0.275125613730777	0.0176119453658035	0.03649263792206692	0.100534301019607	0.2916607734186728	0.170063203467394	0.1181627995565979	0.01008038364182986	0.01018471538563822	0.2371087742867174	0.1324853464040492	0.01005293550622724	0.04864008745997432	0.01002842849427915	0.01000954015749016	0.01002077177103886	-0.004866548490353047	-0.005866908326926617	0.004826607914040469	4.824393531197577e-05	-8.614527976896248e-05	0.01339328289283205	-0.003791516983149575	-0.003720333002328849	0.006894291468113354	-0.004652210802059503	-0.03406545707293027	-0.04722258670984536
1.530701754385965	0.01021241446446887	0.0101265819599026	0.01300679767052488	0.04929821649421295	0.01046393220738054	0.01028328816332139	0.06311343757064219	0.01151062283995056	0.114479883876743	0.05832244177860105	0.010663331326121	0.01025530394325136	0.01014986036872739	0.01003394624789834	0.1272689182376011	0.1683422593795237	0.06212151815844547	0.2222269254740858	0.1304674850083743	0.1122496186623635	0.07134375335656996	0.06434639449102728	0.05836408106258287	0.01069875698339532	0.0103421773293603	0.0106216029631491	0.01030262693273066	0.0594245573239911	0.01020167061286512	0.01015401001812624	0.01063934244903426	0.1282391783617795	0.04077248397110804	0.0100160344246889	0.03816402050159515	0.2801002418688339	0.01019496104271453	0.03654131158698834	0.1071901344661141	0.04983085491739568	0.06867066336765029	0.2125291954778338	0.01009307925205618	0.01006638083700825	0.01023300116212167	0.04133297106121093	0.01007986775510304	0.07128779870748328	0.01021003084287644	0.01037373993832	0.01608417567815224	0.03737359748909224	0.1455407184761143	0.2352507141067376	0.01008264195264758	0.01003629236919835	0.01002990892277878	0.07600680256596043	0.02776750747304278	0.01733062283087514	0.07164312246653258	0.07809588359008922	0.06195546724619611	0.06914303303531379	0.2969564746359117	0.01786725494196503	0.03631326868233635	0.09982607650531998	0.299961066225124	0.1687748578693595	0.1203680501290019	0.01012005086588443	0.0102852083974349	0.2891787237198793	0.1398537230883546	0.0100880311111755	0.04841505823911979	0.01003460365892536	0.01001163451624072	0.01002529452929002	-0.02980703310933628	0.2280348743146583	-0.02113458418362612	-0.504330027361968	0.114578550852398	0.2730723439737064	1.362833810463683	1.436306293463525	0.9596836092408064	0.1175750001449783	-0.261007311034663	0.1281489102992695	0.4564479432856727	-0.7800221380492085	0.006445838748781685	0.5722373270140398	-0.1641414169280215	-0.3008260329588795	-0.1129901719793419	2.392035317571572	-0.05131610461446118	-1.282287075059294	-0.000112641981734763	-0.3773309286364637	-0.06835622362347535	0.007732836690349199	0.03386061454909598	0.6297673041702581	-0.2227095627308633	0.1791519171150977	0.2838847796391535	1.424602338513544	0.2838847796391535	1.424602338513544	0.6140308230701816	5.736320573099735	0.6140308230701816	5.736320573099735	-0.04330008450745755	0.08884430178636482	-0.01344386447743504	-0.09796100009576597	-0.539526936501778	0.08207052648546349	0.110988292360291	-0.5134330599163223	-0.164103492301853	0.4694216314561038	-0.01741313235050647	-0.4014312116060114	-0.05241082771145446	0.067977146873269	0.03786360379976608	-5.216242848889014	0.5292528402311111	0.2451710534699098	0.9337521706402853	-1.604658940915269	0.9565108130673068	0.01071746023063075	0.8949528537222012	-0.04106171332440155	0.426352574267295	-0.1291661981378788	0.2482596142642255	0.03566962590913943	-0.04959473240218705	-0.002199525361513099	0.04233230971179127	0.0002611878846434512	0.007785559896633092	-0.06220518036866388	-0.02254530487685717	0.04024809120348822	-0.000942419444419966	-0.08005061501768614	0.1501485092173334	0.03155234927661263	0.1635027762528176	0.296064302528261	0.155730530332379	0.01028444741432474	0.01016933688942293	0.01254179851334644	0.04936845105793482	0.01056239885508342	0.01037546509631857	0.05615933768917621	0.01187417377430169	0.1368690551065977	0.06940617733666955	0.01083341389203026	0.01030752685865185	0.01004940633123798	0.01003217901463684	0.1377958752335765	0.1821078949542176	0.05660107722385149	0.2754602502578634	0.1512213736041515	0.1245784741163673	0.08542669298286765	0.0753583942171385	0.06603902473888699	0.01088230996006637	0.01052136516080153	0.01077831775886149	0.01036695253890538	0.0616196155463888	0.01026525038083401	0.01024754486637809	0.01081354433017785	0.127077763715722	0.03931929063900317	0.0100185042464311	0.05018011173033074	0.3354209382093767	0.01023326714762929	0.04572804553530621	0.1374073189206455	0.06286635009470963	0.08451650665885287	0.2461217458388148	0.01013299029898546	0.0100902389000022	0.01035830065202766	0.05853986016401738	0.01013058129355311	0.07984919662681748	0.01040887178812894	0.01071377944459279	0.01482722364614524	0.02574098574002431	0.1095494811000736	0.1651071772513311	0.01012832181947688	0.01005500285437349	0.01004472798085937	0.0271819719255307	0.02415236631392285	0.02875564727698275	0.0544291758755282	0.0754747756577907	0.06809163822650403	0.08713220531936537	0.2645170420096069	0.01539149373184258	0.02502540713984382	0.1457396083100748	0.3000599768292316	0.1291219273989805	0.1336923996946914	0.01020893925780668	0.0105198408204306	0.1379881615972469	0.1277577845013908	0.01017432647190393	0.03300247700870267	0.01004445047087854	0.01001504901706752	0.01003255802816436	0.003232683771387155	0.005996993599194523	-0.002603002512686305	-0.001204018948216474	0.01293518751869643	0.001461391624517285	-0.004683221156929124	0.0009559141832783235	0.006097778661142137	-0.004523337805609999	-0.03247122984520692	-0.04755077913830737
1.540614035087719	0.01018032679565294	0.01010753925957978	0.01194763507520799	0.04990864144613537	0.01036916527346116	0.01024048207717636	0.06019989993167858	0.01139033397422714	0.1264615310726452	0.06465807210536917	0.01059762270863859	0.01022245278907793	0.01007375331217306	0.01002535312805625	0.1426514689940635	0.1854662373766283	0.05786129217643375	0.2699770089996694	0.1555275864672106	0.1303943127832276	0.08982386129241257	0.08017196304888151	0.07103398407999305	0.01058459278068524	0.01031865190783216	0.01055815868444103	0.01026548702811028	0.06822306756951207	0.01017236052261475	0.01014575385844344	0.01055989431752446	0.1331749450163884	0.04151778571539733	0.0100133036560512	0.0555827760864524	0.3036477326005701	0.01016937812242546	0.04292338532389235	0.12708618635795	0.05888835452610666	0.0859297969556642	0.2381738344402273	0.01008990431385514	0.01006130934892247	0.01025361475694006	0.06178242525985484	0.01008235302790794	0.07798956934339429	0.01027928584591484	0.01049985802508019	0.01420892454817119	0.02589062756847513	0.1202478852472648	0.1925420227901606	0.01008273247127361	0.01003576216997996	0.01002950326684135	0.04005559247649941	0.02095977980854889	0.02670326923040865	0.05590050878291106	0.07489915364346721	0.06673408392300974	0.08576648548586015	0.2792053805732295	0.01502862177640581	0.02521825949041124	0.1371613941058458	0.3021102045558721	0.1541515936211542	0.130433381479163	0.01012452637768802	0.01030668040716336	0.1931388502536232	0.1308996403659382	0.01011204251092753	0.03304229654317848	0.01003104352816058	0.01001049182296317	0.01002272434640178	-0.02705707217883662	0.3273046058318784	-0.0260547244596148	-0.4860493955827349	0.1169885920595924	0.2123478153005063	1.376930408154942	1.407436788460624	0.960917437344788	0.1311182297551163	-0.2597042803893619	0.1345889770300668	0.4479393703090144	-0.9385128993305393	0.01238574744799677	0.6247060156938321	-0.1666627267945846	-0.2063187882736027	-0.08820915057532849	2.599866977300972	-0.06402254158339017	-1.277078486905227	-0.003904194859564406	-0.3866580244806666	-0.06904263252809445	-0.1477512748912512	0.04001204663258068	0.6089129256995204	-0.2201581445676709	0.336493993705088	0.2975233561622603	1.328996354378005	0.2975233561622603	1.328996354378005	0.6724437427991491	6.033602245978246	0.6724437427991491	6.033602245978246	-0.04216178373234739	0.1429314609910441	-0.01455387672483055	-0.1259875808240705	-0.5385047510422393	0.1250739050808463	0.1064797401077557	-0.3962697042298091	-0.1595187292271809	0.4535658138843242	-0.02151487958367656	-0.4246988221965581	-0.04959603951357473	0.4997814888117234	-0.01420953099984284	-5.254926749700325	0.5320331299814421	0.3145346679488866	0.9176612079953819	-1.636836139122308	0.9566188691383058	0.01097675400120835	0.8945412232963914	-0.04189992945629448	0.4589262469352607	-0.1624019975902634	0.2465079360820176	0.03872397709529676	-0.04557953310213714	-0.001240841204945817	0.0428050096368246	0.0003278280688875046	0.006616213779652575	-0.06531636408601606	-0.02238557339502626	0.04088886638200184	-0.0008862411234465443	-0.08529271043442589	0.1478186627704781	0.03972854031400786	0.1711405703840398	0.2615140007743147	0.148257696915871	0.01009726940728241	0.01005836079794146	0.01068219843237925	0.0502851736195121	0.01018356098385056	0.01013120838538694	0.05763143919831663	0.01103908316124659	0.1368886750216302	0.06935854666946008	0.01041364271117622	0.01014746133072713	0.01002463013366365	0.01001427248470673	0.1649921229893521	0.2108770421907732	0.05235436556906031	0.3490647576212669	0.1927063314702621	0.1568305246960063	0.1147046866023348	0.1013414436120383	0.08793985691277301	0.01032542909280536	0.01020327316837153	0.01038424470181002	0.01017800379431587	0.08072570180524281	0.01010006430380252	0.01009307738633033	0.01036817118516501	0.1412236812231113	0.04282615447430166	0.01000802200299652	0.07820108164793847	0.3286771779099206	0.01011230464619496	0.04833784797716772	0.1483711682425158	0.0670370445163798	0.1065313580882723	0.2741578652796731	0.01006623429901794	0.01004234183096976	0.01022740483598309	0.08608879992040618	0.01006414774748815	0.08463134238300311	0.01038315729577085	0.01062587062630609	0.01220056474102649	0.01484682563219345	0.09230395988255967	0.140355667413614	0.01006156767638407	0.01002630968057834	0.01002207153707791	0.01026117639182881	0.01256595732440432	0.03468713053078353	0.03821123843885796	0.07014753446651296	0.07101640646173442	0.1044460591598132	0.2536713177360885	0.01229954946380979	0.01462738775212379	0.1819103566386402	0.3058053259024909	0.145684749855731	0.1418373404306239	0.01009107286089092	0.01024627160195565	0.06318164212048229	0.1194838977296989	0.01017458001162693	0.01745972338757874	0.01002126942268748	0.01000725321674564	0.0100156013322568	-0.004840453406571897	-0.006216307841996359	0.005833635294130212	-0.0001855843311535251	0.002292472649869531	0.01486318898511394	-0.003050467501694696	-0.008482353665384194	0.009479808130065074	-0.00196417859030331	-0.03086893158161879	-0.04677453870380395
1.550526315789474	0.01014775591729322	0.01008866636196197	0.01112843183134324	0.04839362266568602	0.01028372860061516	0.01019529883855367	0.05278326064843651	0.01129843324138971	0.1369484874286607	0.07031998602553462	0.01052062111090358	0.01018617686816408	0.01004660796051852	0.01001921263522213	0.1527161326598477	0.1952412035109143	0.04893357098426726	0.3156318867887026	0.1777771098958894	0.1446498955939691	0.1082786267382653	0.09528739444406552	0.08218137521583446	0.01046927456241395	0.01033051381977824	0.01048366239772053	0.01022425548680296	0.07317373868406304	0.01015271059715028	0.01016278724978458	0.01052824906797373	0.1322442219502442	0.04000078144370271	0.01001034748023482	0.07510698449647088	0.3222632490144788	0.01014170376632484	0.04924562286912705	0.1465025754643093	0.06782011527699347	0.09957089650308044	0.256293351428223	0.0100905354768097	0.01005778012577412	0.01030004233878117	0.08095189500730013	0.01009927637949694	0.08314641672450214	0.01076695919147194	0.01108311421349389	0.01288937993551513	0.0174495852007784	0.1001513331637799	0.1592267893237078	0.0100891549061446	0.01003801407736281	0.01003144045340391	0.02046484649409186	0.01440143047011683	0.03434871848727052	0.03886973336516081	0.0694548210219353	0.06943189771230174	0.09975022799615024	0.2598263196542665	0.01318256407424685	0.01716114234719842	0.1700584646309193	0.3009233546416266	0.1418516496816256	0.1382470901999052	0.01014725179277983	0.01043276506941371	0.1062315118596373	0.1202604681505648	0.010425680912076	0.02070398342951423	0.0100289350636291	0.01000991972732549	0.01002124550875329	-0.02332304548231559	0.4251551507011267	-0.0307225240749637	-0.4533349183665401	0.1187780591288894	0.1485473370736753	1.390727803509516	1.376207209008426	0.9622777775631932	0.1431018172506128	-0.2583433532399964	0.1397610099137776	0.4378158320533736	-1.104999867641988	0.01879115708078522	0.6653285855524433	-0.1682144502585662	-0.1066128796396884	-0.06161177327724979	2.758533456726973	-0.0765398440266514	-1.243527089644704	-0.007753593236237268	-0.3886148022930382	-0.07129655972446976	-0.3065970758516118	0.04587998672953356	0.5723332656691545	-0.2160371596212732	0.494295126032272	0.3102490418075374	1.238634320704424	0.3102490418075374	1.238634320704424	0.733299843954707	6.226781737678066	0.733299843954707	6.226781737678066	-0.040429623737779	0.2081635663284734	-0.01594015069208787	-0.153601073598653	-0.5370282508795746	0.1738618727853665	0.1031168671259191	-0.2837762678661643	-0.155152503777897	0.4254071894375789	-0.02580518973665606	-0.4396969797380654	-0.04256118468474653	0.9140462711984949	-0.06558251132125423	-5.073089376938587	0.5354555069330569	0.3739768819135147	0.9014016439054158	-1.639112500501155	0.956725759475505	0.01043228473605645	0.8941238339311718	-0.04224651087964396	0.4763263950614421	-0.1885382044054766	0.236043269052531	0.04032024107945377	-0.03978123423336453	-0.0001561175960088796	0.04264513443427833	0.0003915394232434369	0.005042623181501498	-0.06869952614665872	-0.02209546892852651	0.04099939038198547	-0.0008279429232787299	-0.09665199910148101	0.1517398974160123	0.04214778543536789	0.1718718990645635	0.2218908079486206	0.1373679629048017	0.01021883520849999	0.01013174828556478	0.0111346714447826	0.04392294345012906	0.01040034974347182	0.0102828203981579	0.03625241150073836	0.01171729471225934	0.1564467158299249	0.08018163678092166	0.01066860427456176	0.01023171288925238	0.01004161891126932	0.01002222587571486	0.1498897559777442	0.1892419034407705	0.0335713820867149	0.3680311970454121	0.1925694058374322	0.1477191770594722	0.1233418877636853	0.1053341887719442	0.08675583283179983	0.01065047063935035	0.01057872082110441	0.01061875681137339	0.01028058955531305	0.06676687483075744	0.01023511736356994	0.01030563253330193	0.01079569144031259	0.1163191072537003	0.03380630668678984	0.01001237793754803	0.09286795053455499	0.3642914534252453	0.01017592717682534	0.0585726471786473	0.1775936723092394	0.08108853883040172	0.1078507779672605	0.2693385619071569	0.0101378659719056	0.01008464397246348	0.01047571026652685	0.09675314197063919	0.01017813879532749	0.08837029853967503	0.01178306356566739	0.01231705638744936	0.01273337674011192	0.012408877229076	0.0792735061205523	0.1208742853084506	0.01014717903581537	0.0100621474584896	0.01005082610912984	0.01022013955806955	0.01139464664165205	0.04268478602842021	0.02012839584438552	0.0618536410519343	0.07101877823171529	0.1126111542865046	0.2237448616791256	0.01268608726507234	0.01241761825988414	0.2099263578848997	0.2905707829457438	0.1097954042555862	0.1462788231219257	0.01027172763769142	0.0108715838023387	0.01128013082159066	0.1044032539330964	0.0110770971064271	0.01234534416562041	0.01004161123175299	0.01001444633467954	0.01003063607511185	0.001418270269090214	0.003099422915324463	-9.913080312860806e-05	-0.001188889037944185	0.01352796242189167	0.004927652357457856	-0.003841299327821916	-0.004890955226299001	0.008485392630564038	-0.0009463671875723561	-0.02945695276275631	-0.04421103610788112
1.560438596491228	0.01013487426568382	0.01008106654305026	0.01082617616312556	0.04533263832791085	0.01025126060466315	0.01017682043537714	0.04171877612598385	0.01123454453261197	0.1439846170812814	0.07430054686064864	0.01048220929101455	0.01016854421709907	0.01003490102987395	0.01001647757733422	0.1573237182311434	0.1978383794549969	0.0360406186053821	0.3563431689445326	0.1961062339352891	0.1544441017625209	0.1263007039085884	0.1093742390515583	0.0916097937325808	0.01041899967163856	0.01032916423210598	0.01044560439698464	0.01020354625189711	0.07439472617291805	0.010143568552525	0.01014604333392928	0.01050859584777155	0.126612854481019	0.03681646046347368	0.01000906180792622	0.09618092221692909	0.3329697604994855	0.01012837882546526	0.0554392350888899	0.1651107856082729	0.07652300762185911	0.1096115192076691	0.2651293648189789	0.01009224139467075	0.01005629245954193	0.01037575121164374	0.09744310608104916	0.01010805540114365	0.08467485365461598	0.01373599102793397	0.01223465677135541	0.01219675878261965	0.01353638262492358	0.08389984512373569	0.132916804232495	0.01009252679487172	0.01003931193808731	0.01003281608779433	0.0137934798462525	0.01199246704332756	0.03582720896791959	0.02333709403641878	0.05986776816463096	0.06839751111448381	0.109366571120351	0.2352188481232151	0.01227447925262269	0.0134539300293697	0.193946445615573	0.2924161748131075	0.1342398176581373	0.1407218454891908	0.01015772291631371	0.01049067430536327	0.050028454346634	0.1055057405027312	0.02234754606971944	0.01462384090273327	0.01002812322337027	0.01000972103829526	0.010020684609582	-0.01866137724550826	0.5130953536633273	-0.03499395665239955	-0.4061452191418115	0.1199374089516441	0.08593633306096063	1.404210645057317	1.344256958443632	0.9637496134209974	0.1536506806684789	-0.2569391429720685	0.1432573196245068	0.4260251424029748	-1.273918305182684	0.0255210730574052	0.689482856396135	-0.1687867148142597	-0.01003568551772757	-0.03367967158203138	2.869708151185532	-0.08857141912540716	-1.178699329582289	-0.01157649687421643	-0.380954794303288	-0.07509201381008047	-0.4567286324527429	0.05130287360296847	0.5189941577685928	-0.2103884138562293	0.6432014203076651	0.3220596317703749	1.142506581618849	0.3220596317703749	1.142506581618849	0.7955011818843069	6.303385089270616	0.7955011818843069	6.303385089270616	-0.03800924919011013	0.2811809537359793	-0.0175956242969206	-0.1802136141225074	-0.5350369545490183	0.2290010882837351	0.1008106185638219	-0.1843637256178887	-0.1511228471895733	0.3858899515611548	-0.03020986703938945	-0.4481203283442535	-0.03163421107484991	1.280478788393024	-0.1140422197135815	-4.668164367556426	0.5394008751893357	0.4194735663786617	0.8852535792549143	-1.615102026913458	0.9568221410687631	0.008818446163120087	0.8937048399373879	-0.04224960906687979	0.4781534846757646	-0.2101162504673961	0.2179442250281173	0.04130143000987975	-0.03239457950844694	0.001074628275224435	0.04210708270593935	0.0004538392870565738	0.003763261472495825	-0.0722646000969716	-0.02177589929843212	0.04066406016908558	-0.0007756361132114342	-0.1042252502746928	0.1460532097712039	0.03561289888590176	0.1651124972077798	0.182660939527157	0.1249023516086327	0.01007938144224235	0.01004786459014575	0.0103896117869904	0.04201585111226394	0.01014256037115656	0.01010457382692979	0.03202652758629775	0.01093048784572714	0.1457804922376032	0.0752275596258638	0.01035621442232609	0.01012167728627898	0.01002200425476559	0.01001120557954195	0.1661166385741238	0.2037688222751924	0.02360827627647134	0.4275903212972443	0.2254044296752204	0.1708227979601319	0.1518893413672713	0.1293924025621273	0.1053439319661744	0.01025063334266804	0.01022705530626668	0.01032581631433448	0.01014693997977559	0.07885024166297515	0.0100899412351596	0.010105057000305	0.01035381294767609	0.12205314938214	0.03429871892982927	0.01000626561636351	0.1245136656947564	0.332496427539506	0.01009320372828634	0.06066309576055742	0.1854901505143449	0.08438047557358733	0.1221655536117303	0.2742988101613793	0.01007554201994056	0.01004240205612334	0.01046335999566725	0.1172362448213228	0.01009402234588908	0.08329334309173687	0.01866458864021914	0.01361814063405287	0.01131754185253228	0.01080448883280817	0.06664272418460125	0.1030355184548079	0.01007263488296827	0.01003122212454406	0.01002729170907984	0.01005991534566099	0.01026012755836434	0.03225357560030324	0.01059514023393647	0.04668352060177973	0.06466338188103206	0.1184868100783681	0.1963299884671599	0.01128341361859178	0.01085438053832244	0.2187210003832114	0.2739025864301909	0.1372401052720398	0.1391037424795585	0.01011711826746584	0.0104118248230875	0.01011246682003727	0.0852876703600965	0.04327844741671614	0.0106220060134771	0.0100217285835881	0.01000759124087708	0.01001600722584785	-0.004398361608725474	-0.006293196459184191	0.006787822146067206	-0.0004650985069562043	0.004770857938574411	0.014117219395876	-0.001891542177551109	-0.01180441304506554	0.01032747222735303	-4.6578590942703e-05	-0.02821584900535249	-0.04067982429893122
1.570350877192983	0.01011740603895899	0.01007120978733787	0.01056209042095324	0.03976077050452469	0.01020688440436055	0.01015233379583739	0.02959354658267365	0.01116671864186979	0.1452710309657837	0.07532305952714828	0.0104610490245245	0.01015782779201887	0.01003026541388537	0.01001469783547683	0.1568434552558645	0.1932822458452452	0.02395835075774763	0.3927709597638591	0.2112692431015402	0.1606433456296886	0.1437209872533614	0.1225001022168344	0.09955894086453437	0.01035146353535414	0.01042613154108064	0.01042168286503935	0.01019041348262578	0.07271142335909216	0.01013829918955986	0.01035463940955603	0.01052051478332916	0.1147862331971717	0.03124113535734993	0.01000818005763439	0.1187390942613287	0.3310041314686285	0.01012088120631933	0.06119857101371191	0.1822317516176899	0.08462003636401182	0.1150231474915187	0.262787962378714	0.01011229875608423	0.01006184912960952	0.01071674335186618	0.1098319986740444	0.01016838803015537	0.08133702413898972	0.02102192908870737	0.01465005192594135	0.01175353129794465	0.01184194289327646	0.07009399852501806	0.1113245486003928	0.01011309569311945	0.01004914509358227	0.01004304684231423	0.01151268192661217	0.0108623807139691	0.030796655500336	0.01465247830779486	0.04608737305513051	0.06301503527743964	0.1132528662563817	0.2036697270746612	0.0117600043587162	0.01185686367441908	0.2064179172637983	0.2740758843345031	0.131708201711487	0.1359376960944979	0.01019413990603816	0.01077753978211806	0.02551004228203391	0.08616020254396341	0.0475352417421608	0.01210352095006154	0.01003195028656601	0.01001126246956156	0.01002356256808894	-0.01320985286842204	0.5833200267305013	-0.03872917314090263	-0.3453638984159958	0.1204995954302498	0.02871760530148411	1.417380058438076	1.31322837755114	0.9653201755663995	0.1630824410682381	-0.2555094590167866	0.1448799633976621	0.4125729441119257	-1.439207304696659	0.03239326500858707	0.6935282927939223	-0.1684484546262408	0.07599114656693942	-0.004863263921334852	2.937915870872355	-0.09979873448028256	-1.081154625905521	-0.01526792282489412	-0.3618494499795458	-0.08028178176979001	-0.5859619990691413	0.05611191153688463	0.4484588094696577	-0.2033445922957349	0.7744183040215165	0.3328446146426838	1.030074606539578	0.3328446146426838	1.030074606539578	0.8578525546042735	6.256361194543765	0.8578525546042735	6.256361194543765	-0.03484245547196736	0.3580939595658151	-0.01950803940059902	-0.2053891104355672	-0.5324676371332975	0.2903966578785348	0.0993956892532933	-0.1049368481305561	-0.1475339473536141	0.3368495643092529	-0.03467537715427201	-0.4524477919139212	-0.01741505116829083	1.574896647898615	-0.1574381895247927	-4.055399511836521	0.5437149842916074	0.4479367150829771	0.8694520062762133	-1.57023450483728	0.9568964443932655	0.005956341873427586	0.8932868844668214	-0.04206158891908742	0.4684016864888446	-0.2200013154383415	0.1941916979107783	0.04237869848275226	-0.02595369772703296	0.002104964688310863	0.04178769793835331	0.0004938309129881577	0.003643253726959623	-0.07435541694123592	-0.02114622790577726	0.04044462486213717	-0.0007207718526666862	-0.09909031887008189	0.1477252039132	0.03942865659902503	0.140289897678814	0.1512786145522158	0.1204615076478276	0.010179538232686	0.01010989032701141	0.01064282767561936	0.03011145457582748	0.01030026274010364	0.0102281316928755	0.01173905548177544	0.0115777426810264	0.150310536686787	0.07860456071229209	0.0106426711223683	0.0102168454896992	0.01003905962007766	0.01001957301983443	0.1406807565402369	0.1675280415955432	0.01110159172078473	0.4342677111370362	0.2178312658646131	0.1543367521174191	0.1581915587342057	0.1306844737310217	0.1007840184595294	0.01049893552191476	0.0108662106851959	0.01058433656095237	0.010261516162473	0.0597675834588058	0.0102282533374304	0.01093711065496611	0.01084956297978003	0.08418040670436636	0.0202556077595231	0.01001099776339336	0.1416544449144455	0.3326561782301307	0.01016646362503513	0.06981851606931955	0.2110361767356221	0.09695372262796359	0.1122580851461184	0.2422992677264924	0.01019540839551305	0.01010244469377538	0.01141052989655432	0.1166303546302354	0.01034778203723861	0.07540417908429382	0.03070529930440016	0.01838649250546592	0.01208620357074106	0.01121800369695961	0.05589972009556205	0.08739968628717613	0.01020464926926781	0.0100899163723405	0.01007969345100306	0.01009316795314008	0.01038102453842301	0.02571643480512324	0.01050088394866945	0.02993200800137366	0.05499082358836823	0.1125215425850159	0.150462851024721	0.01203589790072047	0.01130971735887803	0.2164508103784252	0.2339690854518595	0.1129866553286635	0.1255887172792027	0.0103692220213636	0.01166380897764996	0.01014075650760467	0.06062971353906695	0.07645248468373093	0.01090232512154378	0.01005366846298654	0.01001918067686493	0.01003965589889396	-0.0002526139305466188	0.0001813636559913648	0.002897256093039195	-0.001167034561048052	0.01377680914458924	0.006730940397259177	-0.001650556046306137	-0.01155766540552344	0.009096535850403415	0.001131632414666925	-0.02742232643192819	-0.03712330465677571
1.580263157894737	0.01010949713596069	0.01006666746382782	0.0104481189392461	0.03331120113804652	0.01018761460966296	0.01014087607489152	0.01774600464277571	0.01110727798611678	0.1391787855179912	0.0723095960172639	0.01046419436207528	0.01015799447532284	0.01002898919654224	0.01001435615891576	0.1516079661155969	0.1826909648264355	0.01539412874636483	0.4217987035315409	0.2219907349896301	0.1624458428488957	0.1598414387073174	0.1339286461605156	0.1053416394706727	0.01031825078787673	0.01044455825172228	0.01042170910194615	0.01019003555684652	0.06695393379879563	0.01013522376285349	0.01015237423621685	0.01052239975233502	0.09990229900392825	0.02416797470851966	0.01000807124297413	0.1407819682394873	0.3144400047907048	0.01012158078754493	0.06686447800663077	0.1976507491612836	0.09243587243827961	0.1129470220151054	0.2477962165019875	0.01012472611462845	0.01006542259740736	0.01187514040056581	0.1124695258577316	0.01019413853300295	0.07322857358413284	0.02972227700395378	0.01770588744369575	0.01150233891696524	0.01113815203676558	0.05342881049430571	0.08507132457368377	0.01012268420738339	0.01005421512919132	0.01004881366298621	0.01056622689555689	0.01045222178676431	0.02168059619346962	0.01183768149923714	0.03116862870294999	0.05349961552734135	0.1086944698385457	0.1705519300330311	0.011486702479112	0.01119137592763392	0.2013811600515481	0.2475096179105029	0.1336178395057267	0.1245835111851051	0.01020544870388711	0.010848704861348	0.01561682557483209	0.0669674432856741	0.0712106575743989	0.01109731182611326	0.01003467150801976	0.01001229020480403	0.01002557693607993	-0.007177003398960041	0.6295012758412911	-0.04180138552762769	-0.2727251122109703	0.1205365198759501	-0.01951205487855682	1.430252787873201	1.284600963664601	0.9669804278425519	0.1718247060633135	-0.2540731804581569	0.1446089892154618	0.397525711006406	-1.5947669704461	0.03919569367024965	0.6751508607880393	-0.1673343695532549	0.1456897779738694	0.0244428522608763	2.969726021571227	-0.1098979126906195	-0.9513218652783926	-0.01870925133114686	-0.3304491630885524	-0.08660384408116399	-0.6836400105838514	0.0601377580930026	0.3611400676855213	-0.1951186781952133	0.8806567100292533	0.342398592154292	0.8930009651888882	0.342398592154292	0.8930009651888882	0.9191177858592336	6.084529152363726	0.9191177858592336	6.084529152363726	-0.03091063915124388	0.4348735168990571	-0.02166177327921762	-0.228877312953419	-0.5292620510546588	0.3572151343146075	0.09864750993897349	-0.05049364337833729	-0.144468101685253	0.2808163935221465	-0.03917587076524916	-0.4556838724108544	-0.0007058629688763863	1.780836399110418	-0.1938573495661175	-3.267158525761675	0.5482184880751202	0.4575625870082886	0.8541715666250658	-1.511071639743607	0.9569358711771759	0.001781345172883713	0.8928711745330447	-0.04181526804505035	0.4567032231092585	-0.2313615765405235	0.1663035017427357	0.04241434667667722	-0.02031651265813612	0.002861162495656272	0.04143885336207825	0.0005106571544188437	0.003096110270204097	-0.07524537067159041	-0.02025043640749474	0.03989890471086599	-0.0006673743324490815	-0.09477630321288939	0.1460702371123462	0.03787180263310444	0.1029310999130863	0.1345306354993102	0.1167436200696911	0.01006642741742151	0.01004049555841081	0.01024509989721871	0.02814165284500761	0.01011147558627397	0.01008547429825874	0.01055662054276621	0.01081591431188019	0.1225912278300892	0.06445172457827232	0.01039284239973448	0.010134515183365	0.01002383473402253	0.01001192673094118	0.1483370992190862	0.1721955931163909	0.01032304898774694	0.4731838282581652	0.2405693144821878	0.1681236946833524	0.1838615964189849	0.1509373799564624	0.1146079692756772	0.01019420594489389	0.01034730562080432	0.01035333933506286	0.01016047831879908	0.06286867751548804	0.01008688004543308	0.01022479339812695	0.010366812277679	0.08768308099336646	0.01932544987017284	0.01000681054023925	0.1707044307087613	0.2678336466912308	0.01010451860427063	0.0717379988512557	0.2139986162801696	0.09957552919014444	0.108797342115304	0.2208609856183213	0.01011071616898041	0.01005429275774611	0.01347202999117166	0.1111423184347548	0.01014996598041073	0.06148470098317615	0.0376057557345965	0.02022231930710825	0.01097890366456173	0.01050859474381402	0.03276812805142956	0.04961306607387717	0.01009380808296828	0.01004386900327836	0.01004275267163681	0.0100464250791435	0.01015609752548678	0.01067800388331109	0.01022529425258593	0.0169222126114481	0.04118472632369664	0.09861215923197644	0.1302029957830287	0.01096648480508161	0.01057734535248734	0.1791324783614135	0.2057659447310777	0.147613533417846	0.1068587180410587	0.01013359087067488	0.01046307644135613	0.01003853836174216	0.04791615488076566	0.09401220693393798	0.01036797629750143	0.01003208124301229	0.01001153385685298	0.01002371664363727	-0.003589101774892804	-0.006226908837300061	0.007436620695740752	-0.0007901329052048367	0.005973319356258635	0.01086889489814085	-0.0003547763055169457	-0.01249214042224496	0.008320639805101643	0.001002321956644616	-0.02702683865703953	-0.03357772242391911
1.590175438596491	0.01009978295037786	0.01006134171252891	0.01035106818251618	0.02711200074872942	0.01016313237029624	0.0101263441149387	0.01319654466742288	0.01105300690963724	0.12533758787507	0.06522996384378681	0.01052825889317546	0.01018190153351712	0.01003226176668544	0.0100160980491355	0.1429907166553996	0.1674758952168609	0.01223168209527627	0.4448310622737355	0.22963209868984	0.161079288052595	0.1751859796980613	0.1441350010872504	0.1094581679556644	0.01027796091410117	0.01085594437353165	0.01047471288039474	0.01021651842339988	0.05804787154873915	0.01013678739654715	0.01265524435414202	0.01054964004490245	0.08304244680193559	0.01897196591855253	0.01000922341167065	0.1621590314467696	0.2821163642193797	0.0101415921669624	0.07180005803367029	0.2102856480478135	0.0992315224065143	0.105131603559157	0.2227792183353048	0.01017562341513529	0.01008518159232804	0.01402908088045718	0.10617132058303	0.01025218846674907	0.06172132975763987	0.03642975381111195	0.02014200380229393	0.01129780885727264	0.01080612978014221	0.03499769785081168	0.05422786177948891	0.01014409834313225	0.01007006966992396	0.01007030752638489	0.01026628725299352	0.0103032598490785	0.01353584515970931	0.01090732359686389	0.01994138252660516	0.04095776360057333	0.09685136258854782	0.1397576283615907	0.01128976694600223	0.01088861638945103	0.1771379633793882	0.2151040405044439	0.1387940886824263	0.1078779721097504	0.01021326359806374	0.01072894090350597	0.01220656535245335	0.05036476941497091	0.08873928691915085	0.01069136510070613	0.01005500364749901	0.0100202974350688	0.01004089671081553	-0.0008235949446140152	0.6475245117746007	-0.04410473577679572	-0.1906927414492695	0.120151605001748	-0.05603050502001941	1.442858347069389	1.259483201818606	0.9687251564445052	0.1801733361486885	-0.2526485441895719	0.1425646662146487	0.3810076297220611	-1.73516075726619	0.04570130986216125	0.6336766449022622	-0.1656273674639236	0.1951408887309943	0.05391500329425652	2.972711881311138	-0.118559696239691	-0.79172285369499	-0.02177940438254058	-0.28713219398125	-0.09370478701787312	-0.7421358076108644	0.06322134349966363	0.2587372720782984	-0.1859855689840455	0.956842209173472	0.350450146818976	0.7264629615409205	0.350450146818976	0.7264629615409205	0.9780777415193569	5.792435390899193	0.9780777415193569	5.792435390899193	-0.02623455983073585	0.5076610391397367	-0.02403967488114642	-0.2506238714023197	-0.5253715029042892	0.4283914881107357	0.09830223401744417	-0.02394616814804535	-0.1419803360261203	0.2207198867758297	-0.04371517214524116	-0.4607717306590807	0.01756971726757765	1.890372170847792	-0.221781878554934	-2.35025377301993	0.5527252733374052	0.4488624847179294	0.8395214148967669	-1.444113272346331	0.9569276316131753	-0.00363786837876494	0.8924578303339527	-0.0415926208103593	0.4468123047979058	-0.2422128852369731	0.1367892500040168	0.04155861512499885	-0.01637096627149321	0.003224070545221574	0.0411541128336487	0.0005006890663728264	0.00155650152217803	-0.07422372620250627	-0.0189637626513799	0.03888525356595795	-0.0006107174530116641	-0.09363766363377997	0.1355848115966635	0.03616866114276308	0.05817719658007604	0.132263342974499	0.1135053659180542	0.01015839308859361	0.01009849418114926	0.01046476998310959	0.01825528540588988	0.01024633747594452	0.01019614361044031	0.01040963654390485	0.01147401245033874	0.1109579325986241	0.0594367957647876	0.01082879596433151	0.01028721307233344	0.01004992229357247	0.01002503427854456	0.1185061087551985	0.1303226133947581	0.01034387057097339	0.4668497466763589	0.2274442909227873	0.1464174991255152	0.1882952527067228	0.1494939876378654	0.106683094470227	0.01041160318019034	0.01206393209309943	0.01074076068851721	0.01034000479442956	0.03861013782704723	0.01023578569598237	0.01854603672442739	0.01092819583541491	0.0496454925552882	0.01205460020797824	0.01001449883510265	0.1850151463252045	0.2351499113547252	0.01022482847753683	0.07897545914294513	0.2323955626363834	0.1095031071861236	0.08864851154069799	0.1743588282000788	0.01033375547483957	0.01015733149193045	0.01668821702347487	0.09146851913823635	0.01049460925077343	0.04853926569810459	0.04234124249763117	0.02269187850105413	0.01172133626667702	0.01090993581514837	0.01818814473316618	0.02288949272912216	0.01025871504942825	0.01013186556386711	0.01013761373688988	0.01011235034883099	0.01033207632202287	0.0105766194692513	0.01047752583633126	0.01214017877947233	0.02694558944929068	0.07893513992689045	0.09732684257017565	0.01171465061561008	0.01105140267779086	0.1348838440237799	0.1610143750257851	0.1281648086677698	0.08510676487215496	0.01038154102539166	0.01124233567058509	0.010059621347167	0.03224138097577994	0.1060213112419618	0.01066656704776181	0.01011105128205018	0.01004181951590192	0.01008292551804554	-0.001567609388844721	-0.002495769161501299	0.005845241899421633	-0.001169676394488511	0.01096901080876498	0.005558178236203691	0.0001268850000854736	-0.01235143184621943	0.006303997178634506	0.00205279622163149	-0.02694998401818505	-0.02940785797212444
1.600087719298246	0.01008805727096155	0.0100544709089064	0.01027954901932477	0.02093685275323347	0.01013979224719242	0.01011017706554282	0.01126596605972039	0.01092337184758987	0.1046891800411617	0.05457957201807455	0.01054226978706882	0.01019028403880172	0.01003316321870011	0.01001666419734797	0.132599399375076	0.1493873884538875	0.01090017110561829	0.4583835252261027	0.2344979762030692	0.1577239196278626	0.1906266402158461	0.15458191590875	0.1136903945467876	0.01023719117813107	0.01235014507959649	0.01048547897451341	0.01022488250440986	0.04505451369245803	0.01012766013559966	0.0184443429678126	0.01052125482750204	0.06699483289293445	0.01404416104436543	0.01000972160723682	0.1832796263833991	0.2357155135134911	0.01014923988195681	0.07697102703191785	0.218591803494516	0.1056470779713593	0.09399131727604648	0.1922460393681313	0.01017445243184568	0.01008457444296708	0.0164483190109947	0.09296391764810912	0.01023962836103444	0.04671423391491494	0.04357438606728328	0.02326088444828649	0.01108075182165216	0.01059968040678391	0.02120164498676085	0.02987286603355269	0.01013534465620384	0.01006788548696044	0.01006953822178329	0.01013732148547183	0.01022424208829615	0.01142227134262163	0.01051865155453411	0.01431773031255182	0.0270112270352032	0.07865091672355656	0.1156169167097006	0.01107798484154512	0.01068303596515197	0.136367663204241	0.1807012674359808	0.147977674468656	0.08769737738874631	0.01019545206494097	0.01062657585450804	0.01078997623906565	0.03969683798790338	0.1037709362218668	0.01047373201309293	0.01004383728836075	0.01001547047675595	0.01003201408708866	0.005561658725602496	0.6359102369504888	-0.04556054744009966	-0.1022406772661018	0.1194696540845919	-0.07930209384180582	1.455235709913035	1.238640091763889	0.9705513402578259	0.1882525521899783	-0.2512521911207333	0.1389341508084851	0.3631912056557863	-1.856149445948072	0.05168538869163709	0.5702634128538193	-0.1635386327649112	0.2226148468681578	0.08330558681128172	2.954480659077535	-0.1255099398020929	-0.6068989305900154	-0.02436788758243324	-0.2336823635380656	-0.1011733543362425	-0.7575222887384312	0.06522756217778049	0.1443937757680356	-0.1762568879008026	1.0006850382877	0.3567004460784716	0.5298231301176552	0.3567004460784716	0.5298231301176552	1.033584505488048	5.389778096094946	1.033584505488048	5.389778096094946	-0.02087007197245134	0.5733392824240566	-0.02662447564264779	-0.2706118753279919	-0.5207609404855403	0.5020952297550036	0.09807849091689319	-0.0258695674258172	-0.1400955579077474	0.1596689265837301	-0.04832736889908466	-0.4709681830028095	0.03645392312781476	1.904538584221322	-0.240213702926159	-1.361997314644384	0.5570629788966991	0.4238672147573267	0.8255478148650521	-1.375552905119153	0.9568603483984252	-0.01008298521060816	0.8920464714161448	-0.04141235579871882	0.4240594905692021	-0.2543734077055645	0.107215815291934	0.04167953037756005	-0.01350410634664456	0.003371561344892584	0.04132194891503198	0.000474911114764266	0.0009196710342190774	-0.07219448771315616	-0.01762131913498868	0.03781905980755144	-0.0005656815899410217	-0.06982547312598916	0.1315168534808734	0.02671108995855787	0.005727150273066996	0.1391245925536974	0.1069026367751367	0.0100428485069825	0.01002662079050072	0.01012598606406039	0.01732848621270652	0.01006598591734358	0.01005267816728094	0.01013726749937129	0.01057147200911426	0.07319166187544375	0.03960819553041298	0.01049970462263927	0.01018845284419925	0.01003188304473699	0.01001628507918112	0.125936318753918	0.1333056787857937	0.01010705465410034	0.4788753672616635	0.245991737223809	0.1586750807019388	0.2162469527502205	0.1728910709681509	0.1234869373319273	0.01011525215607771	0.01623752986791949	0.01044817103106262	0.01021931213397526	0.0337851999382183	0.0100664251050199	0.02620534840910651	0.01029997323055726	0.05933752630075279	0.01102809525465668	0.01000998877725985	0.2141486872236014	0.1522935247400995	0.01015020755108237	0.0822842318860625	0.2230618891940691	0.1118586268878791	0.08185991935680775	0.1504616148478072	0.01014603089742473	0.01006994682946111	0.01909335780852211	0.07585044206966071	0.0100914716482585	0.02863450068797717	0.05309188668197973	0.02744573929301597	0.0105743848033802	0.01026018301859941	0.0101600994297913	0.01009520213307292	0.01007931557859421	0.01004296539813684	0.0100489274945803	0.01006591402183709	0.0101253150931952	0.01013670496614623	0.01029653846745592	0.01075332988573904	0.01359405775586086	0.05472543422211537	0.09223509590502818	0.01058018544074499	0.01031669561273569	0.07563391770862216	0.1349301741006061	0.1727894221190959	0.06209522870069029	0.01008126939815517	0.01018353240659523	0.01001655784157504	0.03274634802740245	0.1235628834870502	0.01018838704337609	0.01007758317613358	0.01002985092789307	0.0100583150348608	-0.002760364984574118	-0.005713952817976029	0.008069026924513431	-0.001210303278676047	0.005026196355196236	0.00680176578623716	0.0002327364222883897	-0.008334949930682066	0.00505088508761054	0.001292907425126663	-0.0272510151470379	-0.0249966577985293
1.61	0.0100814183223443	0.01005076304522294	0.010240419174566	0.0199942019987581	0.01012434608191524	0.01009827187312748	0.01062914810951346	0.01099229778967429	0.07978048509169136	0.04211894877065984	0.01091373923507306	0.01035689724657608	0.01005964416806669	0.01003061678368474	0.1251281800367412	0.134306814555011	0.0104580324900137	0.4620298850033855	0.2387722020301106	0.1551418957258752	0.207700771845434	0.1670338476058955	0.12017683980478	0.01021491297074909	0.02322080204883807	0.01082408088975332	0.01041351176665726	0.03194165034000306	0.01012513819369191	0.03272263460463534	0.01053197386908575	0.06168002670707511	0.01255906782380693	0.01001915394169791	0.2034632987887489	0.1790159627409201	0.01028574162000798	0.082651615067491	0.2209970319101492	0.111665477934892	0.08086812220756771	0.1565679955915411	0.01038809938825107	0.01017562664585826	0.02043992737028445	0.07612358579718882	0.01019189182387901	0.02991346324474251	0.0554271052240145	0.02939566840332803	0.01095973183507117	0.01045316337191285	0.0137404950371793	0.01667672309651655	0.01018436055225241	0.01010333957499584	0.01012691078701183	0.01017343967059352	0.01027259824170743	0.01071534865972827	0.01067151340243677	0.01236082744449821	0.01734412648186251	0.05539689280760245	0.09331692255954631	0.01096843664475202	0.0105432165331794	0.08650931907817365	0.1420924989729018	0.1624866113412255	0.06263494478950959	0.01016124342475709	0.01037455719229622	0.01032408770005011	0.03275378701664069	0.1248179998447684	0.01034127844874373	0.01035318305353215	0.01014279839509711	0.01027062407007061	0.01168888975927908	0.5958830851949725	-0.04612101558631387	-0.01057979479071399	0.1186241310887122	-0.08911284288270283	1.467428880019806	1.222300484136943	0.9724561299577209	0.196001044007595	-0.2498986599923957	0.1339550248941206	0.3442834323884309	-1.955049175444431	0.05694308071626931	0.4877050667288879	-0.1612857209815826	0.2284763906870363	0.1124382305347664	2.921662872789758	-0.1305282820861662	-0.4030884726729413	-0.02638874298416145	-0.173206616378533	-0.1085824525428795	-0.7306749464889398	0.06605807202337566	0.02231491833141314	-0.1662526742745405	1.012754868513299	0.3608661292023985	0.3068181830768579	0.3608661292023985	0.3068181830768579	1.08460813519275	4.890508839915738	1.08460813519275	4.890508839915738	-0.01489940230713747	0.6296330275870284	-0.02939849295279738	-0.2887992837466352	-0.5154175866078662	0.5758454634000599	0.09769997122850416	-0.05479313590037714	-0.1388083786883232	0.1005955287276477	-0.05307895688394897	-0.4893112303011022	0.05504056767579157	1.832406087528626	-0.2487558008363174	-0.3655244233908739	0.5610861927065226	0.3862170767680255	0.8122403129572108	-1.310338700296439	0.9567255186444633	-0.01719757936695842	0.8916368880139306	-0.04121719810642093	0.4052948592978021	-0.2587750850341037	0.07893422763323049	0.03975515082234559	-0.01267020056818311	0.003004491004859909	0.04106103269373886	0.0004188617578403772	-0.001659003890618448	-0.06797309186956692	-0.01588044134161012	0.03605422659987972	-0.0005132852824369768	-0.05812943472860596	0.1203052688124872	0.02378335005435952	-0.03649486679979802	0.1516917476278081	0.0983096328248719	0.01014994170777692	0.01009407983501098	0.01041725275832111	0.02175169132044588	0.01022293299554701	0.01017637477429015	0.01038655274047386	0.01180116007441067	0.05682426863137811	0.03279432946915634	0.01191279209299927	0.01077090874628702	0.01012716738967552	0.01006564539297224	0.1086342054578877	0.1066769522928011	0.0103144150158572	0.4491235364274173	0.2348287645083647	0.1426345391511964	0.2260013360701676	0.1779045580201626	0.1228950166379284	0.010384592516984	0.04331820505953874	0.01173058397526602	0.01088874250517626	0.01336752210868129	0.0102370111168828	0.05635533976038909	0.01098682179808523	0.05338752862706567	0.01250876694541583	0.01004184291836694	0.225102403404865	0.1096302785234529	0.01062031510180569	0.09115340553048329	0.2265665716601678	0.1212128588791715	0.06058523990814352	0.09890332755509922	0.01096537980007759	0.01042651063628182	0.02628533390019683	0.05399440609619885	0.01036568630681566	0.01395992480315454	0.07184018814320382	0.03816225159892045	0.01157050272257257	0.01067381793267983	0.0102602774595265	0.01015209695729641	0.01041163049597549	0.01023851537191597	0.01030757882829349	0.01034142801029572	0.01054982745627266	0.01052448562401553	0.01129919338646783	0.01189962679333962	0.01260785102165088	0.02792289847808831	0.05857808579951751	0.01159269095330437	0.01083420100954527	0.02908854460218545	0.08262850905819082	0.1654998990424178	0.03100008078772081	0.01029752873226599	0.01059555826219219	0.01004221852922495	0.02303683819937239	0.158145721833878	0.01048266290396355	0.01103447280203541	0.01042198387941027	0.01079534898138788	-0.01170643647429458	-0.02869154850694343	0.05297962284225755	-0.00564326743753638	0.01476687985135729	0.01578384224677478	0.002409011789992063	-0.01653518721851043	0.003978235522041503	0.01295647743296516	-0.0277263475943842	-0.02044632675704552
