inDegrees=no
num_controls=109
num_derivatives=0
num_input_controls=0
num_iterations=298
num_multipliers=2
num_parameters=0
num_slacks=0
num_states=80
objective=3.029512
objective_emg_tracking=1.069633
objective_excitation_effort=1.959879
solver_duration=336.744554
status=Solve_Succeeded
success=true
DataType=double
version=3
OpenSimVersion=4.5.2-2025-05-03-6a4c6ec41
endheader
time	/forceset/addbrev_r/activation	/forceset/addlong_r/activation	/forceset/addmagDist_r/activation	/forceset/addmagIsch_r/activation	/forceset/addmagMid_r/activation	/forceset/addmagProx_r/activation	/forceset/bflh_r/activation	/forceset/bfsh_r/activation	/forceset/edl_r/activation	/forceset/ehl_r/activation	/forceset/fdl_r/activation	/forceset/fhl_r/activation	/forceset/gaslat_r/activation	/forceset/gasmed_r/activation	/forceset/glmax1_r/activation	/forceset/glmax2_r/activation	/forceset/glmax3_r/activation	/forceset/glmed1_r/activation	/forceset/glmed2_r/activation	/forceset/glmed3_r/activation	/forceset/glmin1_r/activation	/forceset/glmin2_r/activation	/forceset/glmin3_r/activation	/forceset/grac_r/activation	/forceset/iliacus_r/activation	/forceset/perbrev_r/activation	/forceset/perlong_r/activation	/forceset/piri_r/activation	/forceset/psoas_r/activation	/forceset/recfem_r/activation	/forceset/sart_r/activation	/forceset/semimem_r/activation	/forceset/semiten_r/activation	/forceset/soleus_r/activation	/forceset/tfl_r/activation	/forceset/tibant_r/activation	/forceset/tibpost_r/activation	/forceset/vasint_r/activation	/forceset/vaslat_r/activation	/forceset/vasmed_r/activation	/forceset/addbrev_l/activation	/forceset/addlong_l/activation	/forceset/addmagDist_l/activation	/forceset/addmagIsch_l/activation	/forceset/addmagMid_l/activation	/forceset/addmagProx_l/activation	/forceset/bflh_l/activation	/forceset/bfsh_l/activation	/forceset/edl_l/activation	/forceset/ehl_l/activation	/forceset/fdl_l/activation	/forceset/fhl_l/activation	/forceset/gaslat_l/activation	/forceset/gasmed_l/activation	/forceset/glmax1_l/activation	/forceset/glmax2_l/activation	/forceset/glmax3_l/activation	/forceset/glmed1_l/activation	/forceset/glmed2_l/activation	/forceset/glmed3_l/activation	/forceset/glmin1_l/activation	/forceset/glmin2_l/activation	/forceset/glmin3_l/activation	/forceset/grac_l/activation	/forceset/iliacus_l/activation	/forceset/perbrev_l/activation	/forceset/perlong_l/activation	/forceset/piri_l/activation	/forceset/psoas_l/activation	/forceset/recfem_l/activation	/forceset/sart_l/activation	/forceset/semimem_l/activation	/forceset/semiten_l/activation	/forceset/soleus_l/activation	/forceset/tfl_l/activation	/forceset/tibant_l/activation	/forceset/tibpost_l/activation	/forceset/vasint_l/activation	/forceset/vaslat_l/activation	/forceset/vasmed_l/activation	/forceset/lumbar_ext	/forceset/lumbar_bend	/forceset/lumbar_rot	/forceset/shoulder_flex_r	/forceset/shoulder_add_r	/forceset/shoulder_rot_r	/forceset/elbow_flex_r	/forceset/pro_sup_r	/forceset/shoulder_flex_l	/forceset/shoulder_add_l	/forceset/shoulder_rot_l	/forceset/elbow_flex_l	/forceset/pro_sup_l	/forceset/pelvis_tx	/forceset/pelvis_ty	/forceset/pelvis_tz	/forceset/pelvis_tilt	/forceset/pelvis_list	/forceset/pelvis_rotation	/forceset/addbrev_r	/forceset/addlong_r	/forceset/addmagDist_r	/forceset/addmagIsch_r	/forceset/addmagMid_r	/forceset/addmagProx_r	/forceset/bflh_r	/forceset/bfsh_r	/forceset/edl_r	/forceset/ehl_r	/forceset/fdl_r	/forceset/fhl_r	/forceset/gaslat_r	/forceset/gasmed_r	/forceset/glmax1_r	/forceset/glmax2_r	/forceset/glmax3_r	/forceset/glmed1_r	/forceset/glmed2_r	/forceset/glmed3_r	/forceset/glmin1_r	/forceset/glmin2_r	/forceset/glmin3_r	/forceset/grac_r	/forceset/iliacus_r	/forceset/perbrev_r	/forceset/perlong_r	/forceset/piri_r	/forceset/psoas_r	/forceset/recfem_r	/forceset/sart_r	/forceset/semimem_r	/forceset/semiten_r	/forceset/soleus_r	/forceset/tfl_r	/forceset/tibant_r	/forceset/tibpost_r	/forceset/vasint_r	/forceset/vaslat_r	/forceset/vasmed_r	/forceset/addbrev_l	/forceset/addlong_l	/forceset/addmagDist_l	/forceset/addmagIsch_l	/forceset/addmagMid_l	/forceset/addmagProx_l	/forceset/bflh_l	/forceset/bfsh_l	/forceset/edl_l	/forceset/ehl_l	/forceset/fdl_l	/forceset/fhl_l	/forceset/gaslat_l	/forceset/gasmed_l	/forceset/glmax1_l	/forceset/glmax2_l	/forceset/glmax3_l	/forceset/glmed1_l	/forceset/glmed2_l	/forceset/glmed3_l	/forceset/glmin1_l	/forceset/glmin2_l	/forceset/glmin3_l	/forceset/grac_l	/forceset/iliacus_l	/forceset/perbrev_l	/forceset/perlong_l	/forceset/piri_l	/forceset/psoas_l	/forceset/recfem_l	/forceset/sart_l	/forceset/semimem_l	/forceset/semiten_l	/forceset/soleus_l	/forceset/tfl_l	/forceset/tibant_l	/forceset/tibpost_l	/forceset/vasint_l	/forceset/vaslat_l	/forceset/vasmed_l	/forceset/reserve_jointset_hip_r_hip_flexion_r	/forceset/reserve_jointset_hip_r_hip_adduction_r	/forceset/reserve_jointset_hip_r_hip_rotation_r	/forceset/reserve_jointset_walker_knee_r_knee_angle_r	/forceset/reserve_jointset_ankle_r_ankle_angle_r	/forceset/reserve_jointset_hip_l_hip_flexion_l	/forceset/reserve_jointset_hip_l_hip_adduction_l	/forceset/reserve_jointset_hip_l_hip_rotation_l	/forceset/reserve_jointset_walker_knee_l_knee_angle_l	/forceset/reserve_jointset_ankle_l_ankle_angle_l	lambda_cid31_p0	lambda_cid32_p0
0.48	0.04313526273972192	0.04436455847069239	0.03978527484872105	0.01133353722220043	0.04559172564664001	0.06509382243399821	0.02636359106177247	0.01162620637080449	0.4042800820539377	0.1264604071882561	0.0109033092729104	0.01035236261999655	0.03422872502514082	0.02343577305181709	0.09260901025486466	0.1873556517871823	0.08559169389921238	0.8372284031759215	0.2744500920018067	0.3763595044962834	0.01006701170599311	0.01009541179076183	0.01016093565465004	0.03097944631440989	0.01026583255986781	0.0108654501539151	0.01043561690811078	0.2909406557344166	0.0591100153730495	0.1585460562341753	0.02211858001960396	0.01010391397328887	0.01046568230048639	0.04084441842436218	0.01006247376607462	0.01484136499574695	0.01027170312265527	0.03694930583451672	0.1971710090948039	0.06477503704850181	0.0505888882994092	0.1424534062924297	0.01247240500354211	0.01058897265879631	0.02640034981249856	0.06218614978696251	0.01021901177717424	0.01051951122766896	0.2151135586054647	0.05407917179111029	0.01029992513730022	0.0100986907644877	0.01001361099374473	0.01000671362600561	0.01215504697856908	0.01330491239504552	0.02075067238844483	0.01020617768802921	0.01049182904381649	0.01149495449757393	0.0105390537060541	0.01123250125294852	0.01132589391889273	0.01465395511844621	0.06741939083398434	0.01031959380529596	0.01014435442156975	0.07781823865949539	0.1949397509119642	0.1688295409243322	0.03073067485470861	0.01011266467236415	0.0102751010882719	0.01000458892846184	0.02349720477025923	0.1300242065231076	0.01007036986812975	0.01427737273839671	0.01032424713491292	0.01646842278294107	0.4259841701883236	-0.2207772674213339	0.08528529029455684	0.02150222581367343	-0.0003458587360267107	0.004467888219229884	0.03677198084087612	0.0005891079087136064	-0.02414135943547718	-0.07290063439808572	-0.01562848175461401	0.03164044841187384	-0.000429230326964617	-0.01374381408482236	0.007050105379501474	0.03462974197762082	-0.08587834746165271	-0.03291748873565543	-0.01921934270558628	0.04313526273972192	0.04436455847069239	0.03978527484872105	0.01133353722220043	0.04559172564664001	0.06509382243399821	0.02636359106177247	0.01162620637080449	0.4042800820539377	0.1264604071882561	0.0109033092729104	0.01035236261999655	0.03422872502514082	0.02343577305181709	0.09260901025486466	0.1873556517871823	0.08559169389921238	0.8372284031759215	0.2744500920018067	0.3763595044962834	0.01006701170599311	0.01009541179076183	0.01016093565465004	0.03097944631440989	0.01026583255986781	0.0108654501539151	0.01043561690811078	0.2909406557344166	0.0591100153730495	0.1585460562341753	0.02211858001960396	0.01010391397328887	0.01046568230048639	0.04084441842436218	0.01006247376607462	0.01484136499574695	0.01027170312265527	0.03694930583451672	0.1971710090948039	0.06477503704850181	0.0505888882994092	0.1424534062924297	0.01247240500354211	0.01058897265879631	0.02640034981249856	0.06218614978696251	0.01021901177717424	0.01051951122766896	0.2151135586054647	0.05407917179111029	0.01029992513730022	0.0100986907644877	0.01001361099374473	0.01000671362600561	0.01215504697856908	0.01330491239504552	0.02075067238844483	0.01020617768802921	0.01049182904381649	0.01149495449757393	0.0105390537060541	0.01123250125294852	0.01132589391889273	0.01465395511844621	0.06741939083398434	0.01031959380529596	0.01014435442156975	0.07781823865949539	0.1949397509119642	0.1688295409243322	0.03073067485470861	0.01011266467236415	0.0102751010882719	0.01000458892846184	0.02349720477025923	0.1300242065231076	0.01007036986812975	0.01427737273839671	0.01032424713491292	0.01646842278294107	-0.03246786320206288	0.04817544173279455	-0.05296201015860825	0.0156626186009194	0.05563531588057428	-0.01202783104050081	-0.003919444882303338	-0.03305246325189345	0.02659834522127055	-0.08307321598525037	-0.02869196451917853	-0.0161437088499108
0.4899122807017544	0.03034565638339365	0.03111617005032702	0.02825335006047975	0.01082283211069902	0.03188982161822762	0.04430105160274201	0.01994934411669995	0.01103305892256629	0.3315712525203913	0.1087555626292394	0.01057705149278278	0.01022326796795462	0.03514482091329021	0.02414084251302987	0.109478132908706	0.176754803881112	0.05765473840251314	0.7449384556715695	0.2677371277966837	0.327005098847112	0.06696048780453306	0.06358825809528594	0.05343860134983119	0.02278506440977101	0.01018956320240033	0.01054766109250641	0.010274242633788	0.2395100276601685	0.04046379739786415	0.1617899885311035	0.01739730352167948	0.01028230065282573	0.01032164504818955	0.047750822345976	0.08050759313746472	0.01292008228192929	0.01017284579920575	0.04616910808077942	0.1913904714201679	0.07222925570886803	0.04739194363233107	0.1233127916113419	0.01150009020592547	0.01036198723876035	0.01988460283950075	0.05153439371477208	0.01013926984222023	0.01072873304263279	0.1951911018723538	0.06217594046769238	0.01019664077358719	0.01006573278193112	0.01001191327413309	0.01000618488079385	0.01130326488274207	0.01199313954184547	0.01650764401548805	0.0101359402532898	0.01031089962098847	0.01091182762871091	0.01037375889264174	0.01082154620581187	0.0109175236577585	0.01511843893291751	0.06726147023741857	0.01020995530859481	0.01009520493764114	0.0569542492927231	0.1612798502007681	0.1764737725672302	0.03218757963125951	0.01007538436635684	0.01017974070466504	0.0100032690071256	0.02613560351495409	0.1985810377004447	0.0100466184716666	0.0139181114212605	0.02046225125413523	0.01637904386488639	0.3891055079547118	-0.2184671223416014	0.05914243802543828	0.01534341074002251	-9.843726572213766e-06	0.003314885099871405	0.03457117006745358	0.000445745835923366	-0.02863056548110993	-0.07119479775071513	-0.01486088106704908	0.02905197539562653	-0.0004260066253598931	-0.009659761671551905	0.009125149357672854	0.02019163491016332	-0.0778185450118174	-0.03552996840203616	-0.03683457402984198	0.01000646566346837	0.01000392298106045	0.01001745152730404	0.01005624052210978	0.01001023445018974	0.01000953782275504	0.01003302256085489	0.01015142414999315	0.1416134244199563	0.07502303055778461	0.01009183315526537	0.01003092445101149	0.03665211604287175	0.02494865820002316	0.1426445375150568	0.1554429541540734	0.01002442756153052	0.4534014460267334	0.2540449931763424	0.2024347145066843	0.1656851135968139	0.1558926546610745	0.1266465831159396	0.01001830174576022	0.01008217906465823	0.01007466006662317	0.01003377357506381	0.1216327531834194	0.01001385810262574	0.1671874747374065	0.01016655581530914	0.01050869740731044	0.01010318910770057	0.05848863393219773	0.2055783620155545	0.0100076174938751	0.01002555520953369	0.06100604535964682	0.1777991585902436	0.08491889272036436	0.04351364197684827	0.08837177975812147	0.01003623625637788	0.01002227301698493	0.01019680435670266	0.03566946366199841	0.01001995127041493	0.01097312056877702	0.1487048445010894	0.07463345452620142	0.01004633847587445	0.01001765177450463	0.01000912668992018	0.01000521374401208	0.01001998177685015	0.01001099086263351	0.0100117550727969	0.01003046296889322	0.01004020456040056	0.01003610592597612	0.01012437105312617	0.01020320472064981	0.01030666585397804	0.01575664998232098	0.06700159293837851	0.01004956220915462	0.01002319985035591	0.02340701093002863	0.09284115026639196	0.1921985271545099	0.03431584885645854	0.01001921009286519	0.01003681402057762	0.01000132021062096	0.03014002424691339	0.3411055598901823	0.01001208156214724	0.01327836643071357	0.03494664263831566	0.01621546425295248	0.01766526355789126	-0.0195734628318675	0.01772560373904776	-0.007668554205523625	-0.02842881465883004	0.00599027565347824	0.002239486219744496	0.01472123129685086	-0.01400560092577778	0.0427103907447598	-0.02944486571069834	-0.01357145499465086
0.4998245614035087	0.01501960860461134	0.01522607719037375	0.01446927990802188	0.01023585855119313	0.01544302493923145	0.01900357960610944	0.01235300824376649	0.01038859712149228	0.2290248508427902	0.08564436519660953	0.0102193848379841	0.01007962606302833	0.03638425852690499	0.0238169997759292	0.1353304681555629	0.1665588368252644	0.02319342454688145	0.6189559453716806	0.2651074788348305	0.2656459573716618	0.1407560959096238	0.1332943930756414	0.1099363240476541	0.01305251325565058	0.01013031803228094	0.01019757608749879	0.01009466963010935	0.1771153758727889	0.01787309577408086	0.1619709944040941	0.01188796914524933	0.01031908811081405	0.01014577556945394	0.0535374249779325	0.1707003648227293	0.0106629306767145	0.01006278546282128	0.05599398350494268	0.1807966859969725	0.08018231918489047	0.04881983119166547	0.1063385133080108	0.01037626532680938	0.01010364649341889	0.01370308754468126	0.04585265818812213	0.01004836985626669	0.01068407210493033	0.1607489804833362	0.06702600032769006	0.01009638933910885	0.01003319470512665	0.01000896415849493	0.01000484246401957	0.01031218842887175	0.01045822852139333	0.01150786205006366	0.01005430638767816	0.01010518227085005	0.01024062913437365	0.01017738255096793	0.01034334338229398	0.01045671450672817	0.01538037788802752	0.06710630630465025	0.01010009245817558	0.01004545749545195	0.03828746501313781	0.1226180797867631	0.1850309949734748	0.03317180453694201	0.01003124766813079	0.01007011071523011	0.01000186950395916	0.02873665086498908	0.2705276448967573	0.01002362744694809	0.01311445071205067	0.02776252487891133	0.01616516969162125	0.3542576055113391	-0.200459359965238	0.03462130845956646	0.009200841530335268	-0.001538370627130167	0.001855539460472967	0.03222929958838926	0.0002853543951731645	-0.03249993794181644	-0.06738383396846061	-0.01372865507319073	0.02659789927536219	-0.0004035197003998217	-0.009856787471307997	0.01224162471877253	0.02148101698337308	-0.051852381458921	-0.04327052504429739	-0.0530814025130853	0.01001079260744657	0.01000660453934048	0.01002822775408291	0.0100871295502219	0.01001662954988422	0.01001633275421041	0.0100348451841226	0.01028849600927111	0.1422713667651865	0.0731529837624135	0.01015813744306666	0.01005126855249289	0.03705617444974912	0.021741181978064	0.15797238723502	0.1676328907498753	0.0100378219159977	0.4898053631754445	0.2774089432846563	0.2293420403657553	0.1836734453103742	0.1739632676844184	0.1417962527822011	0.0100305317599353	0.01016350730587993	0.01013460248517391	0.01005919298610398	0.1475040189640815	0.01002627166696859	0.153896587671102	0.01034446228510668	0.01004291112610605	0.0100837147646107	0.0511182526520498	0.2232099134633349	0.01000717995402696	0.01004094780497838	0.0573078085262221	0.1677438022378977	0.08132134337600787	0.05869768544398445	0.1115363486698141	0.01008068600839907	0.01004252075644674	0.01436054323099528	0.05639710374603162	0.01002662048809545	0.01018845737797639	0.1224563345586383	0.05980436683991824	0.01010230176314828	0.01003401316099107	0.01000652514073921	0.0100032566019284	0.01004048833251897	0.01002281044906751	0.01002709093444658	0.01003209214175434	0.01005685972768602	0.01006888103691165	0.01011678186851405	0.01021217025561652	0.01035441583372391	0.01498023581815011	0.06711264570370493	0.01009965511732709	0.01004429196288981	0.04287196562618004	0.1102467204873285	0.1875192607477976	0.03219686878742071	0.01001788364752427	0.01004229497873507	0.01000171439844344	0.02866046781143306	0.2808022033262783	0.0100251094873292	0.01224139342611911	0.02198090228289835	0.01591875410395054	-0.04106235730966443	0.02097997907592725	-0.02628061847618741	0.01262497866929057	0.07524839941296385	-0.0036400171392175	-0.004702041238282871	-0.0343519597308936	0.0291820028162078	-0.06070833543223697	-0.03003897484817728	-0.011724658375438
0.5097368421052632	0.01176572454373339	0.01183721558255432	0.01157785504754949	0.01012162457532629	0.01191848610783044	0.01319375397820202	0.01083640847554399	0.01029625534774462	0.1890351439981003	0.08041196667856888	0.01016683613035982	0.01005843691510037	0.04005135953721952	0.027569576696685	0.1384434921242634	0.1543073136527835	0.01472714225986881	0.5783596077712397	0.2737844934045167	0.243957799994802	0.1740450013782044	0.1608328016280733	0.1281371788043326	0.01107929239529526	0.01184004860201591	0.01014403488419839	0.01006706387197724	0.149856714820937	0.01279136024412747	0.1856502636626731	0.01099368419421495	0.01015350886416033	0.01009981469909205	0.05973129068103657	0.2118763775242524	0.01023311637830525	0.01004692477126723	0.05318421679307373	0.1656110760704068	0.07554631397977943	0.04570416286210943	0.09756596020251	0.01016268363693463	0.01005594345866403	0.01241959185594027	0.04025781395734541	0.01003074107757024	0.0107191187101737	0.1574301785799918	0.07323319474225667	0.01006837116630087	0.01002334787381122	0.01000597634730685	0.01000316537062472	0.01012675368787322	0.01016874663842804	0.01053509234000371	0.01005475310167812	0.01008025244214921	0.0101206356243522	0.01022998801341308	0.01048680167876817	0.0105943759349183	0.01335973784432047	0.07198869223124947	0.01007041716407343	0.01003159862118371	0.03128643926927126	0.112127922470677	0.1901204400657598	0.03620300016686978	0.01002268200303044	0.01004906351383035	0.0100013047591332	0.03518360569303755	0.3031993957235735	0.01001663758918458	0.01376661397993167	0.03073410677822336	0.01728258366341776	0.3094786603923861	-0.1748662060166518	0.01108671583974818	0.005048277182316786	-0.003594794290618835	0.0004200151250792897	0.03022962632528428	0.0001310314813210847	-0.03348834142643851	-0.06271844582634173	-0.01251790256288916	0.02480822426299761	-0.000368722377637167	0.004794465186509115	0.01034567284479385	0.02491642360136393	-0.00901835471287697	-0.0585329410458244	-0.07049809145519517	0.01000524801797143	0.01000320912578245	0.01001276769983925	0.01004766691281485	0.0100077544144578	0.01000749116139235	0.01001840395421277	0.01023209011208807	0.1567410020272337	0.07951970365711267	0.01013153118130085	0.01004592564063215	0.04619863019261045	0.03513162595370398	0.1299508695242639	0.1281160828247745	0.01001385755171589	0.5374613086032485	0.2862234116321124	0.2171182520113825	0.2138532128141413	0.1895257327336791	0.1420880288098022	0.01001483605393975	0.0144962218939466	0.01010786312558435	0.01004985302057639	0.1140395445046528	0.0100137979935379	0.2383518827910201	0.01063955196836593	0.01007635298931951	0.01007065121422071	0.07093574399152723	0.2655308780720143	0.01000412293876695	0.01003793098062346	0.04742150778579617	0.1412653451433985	0.06643781397840194	0.03528852460193184	0.0795409889980994	0.01003352841602111	0.01002513767742968	0.01008160846567295	0.02602366790455409	0.01001864735402262	0.01101174340869817	0.1705995393818989	0.08648953399007771	0.01003352136685798	0.01001160631459612	0.01000355915741336	0.01000189575371269	0.01002280740723377	0.0100109968862295	0.01000980913427187	0.01006713817101344	0.01007317517461676	0.01005225334195852	0.01033088595898223	0.01074204821249213	0.01082403124892371	0.01056501890303302	0.08026742501931594	0.01003568420609616	0.01001582154427127	0.01851094740290008	0.1014360724386405	0.1982590030477714	0.04153873706500395	0.01001808633833662	0.01003554547593777	0.010000707042399	0.045202557884173	0.367849727510906	0.01000802979341121	0.01497154114582586	0.03766099725014297	0.01870048853706653	0.01761492393382278	-0.022940518797544	0.01643614899980573	-0.007970022451533512	-0.02617511304226373	0.007263742645630953	0.003399482438665729	0.00998706157874461	-0.01557268218641598	0.04468820632111629	-0.03040330416929925	-0.01060679149757212
0.5196491228070175	0.01069667350458783	0.01072298596920265	0.01062882770843247	0.01008423331857931	0.01075813538046205	0.01125460577242875	0.01034079211273213	0.01028950262887112	0.1756084924144364	0.08182379159285451	0.01015908346839436	0.01005484552611476	0.04648688175101399	0.03443188012423071	0.1320589863055941	0.1368653218978847	0.01185234887156944	0.5596920956292125	0.2794518305231071	0.2315490095689628	0.1942713459118776	0.175463525943831	0.1348030282508092	0.01043586499225612	0.01421420676303086	0.01013413194455129	0.01006166321241365	0.1317643375861616	0.01110433361361959	0.2101451813106302	0.01086314215549396	0.01009841793182012	0.01008260971305349	0.06526916580371091	0.2373785165048263	0.01009934605470537	0.01004450340975263	0.04830308603552731	0.148902052921393	0.06853549582631874	0.0405642182748552	0.08912373747537633	0.01009462988538128	0.01004260553523016	0.01063788638600751	0.03386942511828109	0.01002461539411425	0.0107275447292067	0.1562560396049323	0.07636157264986733	0.01007756832442739	0.01002606889964758	0.0100059881816156	0.01000308482868487	0.01007022053979231	0.01007637784989474	0.01021884827884392	0.01005776437375901	0.01007670479167205	0.01008770768926246	0.01025658128234476	0.01054710062151642	0.01063769348102592	0.01128124967541251	0.0770968345417674	0.01007535094717976	0.01003374596161168	0.02536484180944049	0.1093388513889203	0.1920549650333513	0.03971438733330045	0.01001922200876669	0.01004173997495155	0.01000135673287548	0.04150870076914112	0.3188970162419721	0.01001929749532171	0.01362755484350812	0.03156218878665928	0.01691259471046368	0.2731486551853601	-0.157135855583973	-0.01195075278238302	0.00113955436111293	-0.004724573059984047	-0.0007890618403913925	0.02833055279577163	6.697391051577178e-07	-0.0329121498203058	-0.05887652525138349	-0.01149004743903179	0.02361928821743837	-0.0003289012819732154	0.004877979479747978	0.01597592366886261	0.01242556700571924	0.04171108333153811	-0.08160970891502538	-0.09404227822775919	0.01001013060899226	0.01000619849535677	0.01002412961367655	0.01008535266386444	0.01001466005698486	0.01001480836849328	0.0100265161916619	0.01035634509576663	0.1667978556715463	0.08465896122124456	0.01018518390070173	0.01006079166849429	0.05305792248555454	0.03873495981001204	0.1307673449429586	0.1247398464755138	0.0100253147434169	0.5157208729210054	0.2827390511377076	0.2236439393265715	0.2048652839076474	0.1843442034832131	0.1390524946548602	0.01002927498925051	0.01555643865217052	0.01015624444519335	0.01006947266750333	0.1272506247406799	0.01002970599831947	0.2038026667037338	0.01081561478269915	0.01003776949004614	0.01007661284797872	0.06133479353968889	0.2492628174637206	0.01002170710752155	0.0100488624121658	0.04517149078608712	0.1325242906495172	0.06435067815584875	0.04601829776518284	0.09492295998509959	0.01008296731033668	0.01004847214490204	0.01031775073071902	0.04249174656412086	0.01002528792288584	0.01017991127889738	0.1238595451348304	0.0620110252366859	0.01015602486851306	0.01005138342093777	0.01000939556189874	0.01000461067106419	0.01004996134023514	0.01002564489775861	0.01002339167130947	0.01004054887061477	0.01007006587904192	0.01008574640167971	0.01014524218855855	0.01025358760006757	0.01035118981365859	0.01077204779021451	0.07761536978131789	0.01014237734436342	0.0100637787688513	0.031995263244639	0.115850036754829	0.1858806170155524	0.03973009976091348	0.01001580971263725	0.01004067583816859	0.01000240361501523	0.04117386892709188	0.2755056832983148	0.01003958765922786	0.01119656973634565	0.02131747507403475	0.01371495480209176	-0.04062748026228183	0.01998236055953185	-0.01643402396362727	0.01372484041985681	0.07050686055090313	-0.004993373923947466	-0.008393341904874747	-0.02310971639781249	0.03209772848885641	-0.0453294167840237	-0.03061221861299512	-0.009950565818240409
0.5295614035087719	0.01024645950933212	0.01025388151438449	0.01022886448737434	0.01006542863470132	0.01026977012572052	0.01044277783396404	0.01013090216563143	0.01029250139125873	0.1753169993078411	0.08490424092094993	0.01015478510771515	0.01005311914539484	0.0562956974720201	0.04414705109434747	0.1246221585470679	0.1205077853111976	0.0106557268781656	0.547472046017602	0.2817178613380616	0.224259912393921	0.2054867305158395	0.1834411119619986	0.1377226478972394	0.01016428142800994	0.02681759545938028	0.01012986654821871	0.01005944326990558	0.1221557699184922	0.01039759681685808	0.2316998748660505	0.01271860024502829	0.01005915161684377	0.010066721327492	0.06742135688028433	0.2528525358444506	0.01000885829730121	0.01004317146821283	0.04289490655951946	0.1319004504420807	0.06096308694500888	0.0398788141307844	0.08752120554287963	0.01006699133759545	0.01003607009066812	0.01032317283928144	0.03431189284178351	0.01002124401692137	0.010869691971616	0.1475084138867417	0.07341435040008587	0.01007351162791826	0.01002422328047205	0.01000522181098748	0.01000265485514968	0.01004735902832411	0.0100379703381428	0.01008565732882615	0.01004646134713417	0.01006696784990489	0.01007352902903692	0.01019105985698409	0.01039351833987249	0.0105327653320062	0.01080355568552654	0.07905649212901195	0.01007081196490697	0.01003131823162558	0.02939503459038172	0.1117431003342878	0.1918289041221128	0.04375607663390037	0.01001622605652935	0.01003601635941727	0.01000122022241135	0.04350134274891841	0.3108032962134082	0.01001796111685108	0.01318082253464115	0.0286013984679852	0.01600541184895028	0.2366040010498139	-0.132653248894403	-0.03310605963990135	-0.0003630756656121788	-0.006644777997651808	-0.001893296301538147	0.02722317982621579	-0.0001101950048007308	-0.02897859581253942	-0.0543463923500081	-0.0103565784429884	0.0236238835600238	-0.0002698998711341354	0.01033960546695744	0.02481615404515492	0.009780743449560191	0.09472932738717091	-0.1097199536273611	-0.1133461073541441	0.01000520338006014	0.01000313543963772	0.01001215424308967	0.01004024236816653	0.01000735423939326	0.01000730434437735	0.01001604321200396	0.01026763807784377	0.1850283624289096	0.0909375889975918	0.01013464022458652	0.01004729436470605	0.0700981379042647	0.05838362881087353	0.1108108665175273	0.09613644980084356	0.01001133112443127	0.5360213288439232	0.2838323439709936	0.2126308479600034	0.2216406681903968	0.1934723573605253	0.1400012545839247	0.01001578583114852	0.04539888020371309	0.01011172984188065	0.0100518764778879	0.1068578469509104	0.01001726662287163	0.2800567831475648	0.01527068081005367	0.01003910476233366	0.01004929154762834	0.07230144748493814	0.2784304355755691	0.01038071290365488	0.01003878745293268	0.03596251869056492	0.1081714038730849	0.05063129746425254	0.03642302372816191	0.08238329118085858	0.01003794138028702	0.01002462607260385	0.0100919485117914	0.03116587580904308	0.0100168391620172	0.01135112322183517	0.1455200368392882	0.0749157751374734	0.0100380909192828	0.01001267496934272	0.01000332124290258	0.01000172154201519	0.01002828186544382	0.01001434914865237	0.01001160422726036	0.01003963254764951	0.01005654220517415	0.01005539306768451	0.01015824226752142	0.01033342818213395	0.01052937022924411	0.01067346655283295	0.08138301445099309	0.01003891796104446	0.01001700949422761	0.03231082301934669	0.1132482214229592	0.1934318830068909	0.05046933155477205	0.01001404578381192	0.01002951106847393	0.01000069395052465	0.04569336975301483	0.3088073111971552	0.01000901174851953	0.01372691129015204	0.02869025557134032	0.01610853728341449	0.01800555705803875	-0.02404275518415558	0.01372215901918413	-0.008251178464662483	-0.02356717085383707	0.008011049858773892	0.004417459600287491	0.005936337652985551	-0.01690559998848252	0.03678638769624595	-0.03069002799305619	-0.009666598867096633
0.5394736842105263	0.01010146180813614	0.01010257242171469	0.0101007004853954	0.01005838278766576	0.0101124125854351	0.01018043109978116	0.01006463337011826	0.01031261499933724	0.1926028179188123	0.09540520138672409	0.01014716542183526	0.01005004703970798	0.0704941996742004	0.05780011297579214	0.1152367372870938	0.1041111401011166	0.01026688987962466	0.5368487236993181	0.2801934880496637	0.2174459825615595	0.2109153955815164	0.1863059290789048	0.137057033078669	0.01007943337378202	0.03980597900253615	0.01012213872381467	0.01005551330032017	0.1134993168842477	0.01017268440355256	0.2488076339675671	0.01374988806207417	0.01004876455075371	0.01006232480628383	0.06711220473874498	0.2607118685080652	0.01182835286581932	0.01004078320377523	0.03779469741817623	0.1160857200072444	0.05369436175132428	0.04051534001277826	0.08778556156801771	0.01006203358214102	0.01003381626347191	0.01029249682260743	0.03663940494191486	0.01002140144663088	0.01100887239202131	0.135571465335665	0.06818156846795209	0.01010942132976492	0.01003800294330484	0.0100082455456553	0.01000410532196389	0.01004179878844399	0.01002895975856282	0.01004680498443546	0.01003962186123142	0.01005924196681122	0.01006596808161879	0.01015564304091004	0.01031337260767608	0.01045636458393886	0.01161756425498889	0.07834312548373124	0.01010015176749747	0.01004636130037116	0.03376373198126174	0.1154867196492272	0.1886519622239538	0.04900298585484657	0.01001525395062329	0.01003575068915918	0.01000189115493322	0.04120474228483635	0.2918839438499171	0.01002955079740261	0.01269562994574056	0.02382881320893418	0.01451071428683953	0.2079002862894783	-0.1130931243641267	-0.05229896829986459	-0.0005156462928267911	-0.008629923212618924	-0.002813752063810748	0.02668181059521452	-0.0001937465328956262	-0.02277976957407465	-0.04985687560218633	-0.009201059529929468	0.02455560076830529	-0.0001967568592257929	0.006814215815355084	0.03097042276121738	0.005723642828485225	0.144464938235333	-0.1386126808842733	-0.1311770803378238	0.01001101949947913	0.01000650548191822	0.0100267190990843	0.01008242300848455	0.0100155248806259	0.01001557952907326	0.01003055053984974	0.01041283996561167	0.231892798877449	0.1157361754030472	0.01016678996590276	0.01005337002049306	0.087222037392937	0.0709062780772	0.109226413141599	0.09256660023202513	0.01002292916963034	0.4992355837107738	0.2718625915684942	0.2110346089592274	0.2054147088673369	0.1813693672981412	0.1322436623314259	0.01003724762319714	0.0420393227165684	0.01013750067370348	0.01005998941159113	0.1114427312041148	0.01004018914762305	0.2289687791979456	0.01208012021879058	0.01004441458223612	0.01007872884616109	0.05768400511244261	0.2500806658371517	0.01548909295741762	0.01004308321771912	0.0353791636137557	0.1034929853220416	0.05029620571105298	0.04873898108006873	0.09789130715889904	0.01009458350164137	0.01004802823681225	0.01052663701024063	0.04923005585945386	0.01002895192840791	0.01045500807301492	0.09613586075080954	0.0489623720740829	0.01026579486626124	0.01009377410417559	0.01001903998142828	0.01000929617567204	0.01005526465282833	0.01003553187489736	0.01003532513121469	0.01003110724692857	0.01005652336235396	0.01007690675879526	0.01010302325417546	0.01016325232275	0.01022564829036703	0.01363543678076445	0.07277917234569571	0.01023322482391389	0.01011044868092221	0.04122603578253448	0.1253341455725504	0.1744101848645748	0.05159576999000399	0.01001578628992271	0.01004532491441792	0.01000451175006184	0.03184961739974526	0.2157851242251756	0.01007503578030451	0.01019495924821079	0.01010969160658691	0.01017328416692563	-0.04000003406519646	0.01869214983069624	-0.01066755388651423	0.01476037048659784	0.06460285981316502	-0.005235838750533053	-0.01062580107896321	-0.01791336554308592	0.03426034494249854	-0.03142066640611228	-0.03058852625562076	-0.009491420911192136
0.5493859649122806	0.01004026407777564	0.01003855221559025	0.01004690034591395	0.01005350929156342	0.01004603330427211	0.01006963298408644	0.01003645073803623	0.01031903235526089	0.2220636754199108	0.1110761908691124	0.01013342878275049	0.01004409959947058	0.08911441032491263	0.07470430765844172	0.104752792428176	0.08749333993807382	0.01010259488659205	0.5203962773864744	0.2737693227761979	0.2095950684407733	0.209743891184501	0.1840713090388052	0.1334856522827946	0.01004431042463451	0.0504029719948768	0.01011003872779207	0.01004907032566599	0.1069853461747923	0.01008011736026737	0.2587722751820432	0.0163028323253942	0.01003744727294506	0.0100556240029512	0.06301021679468297	0.2606661407807832	0.01613599355918939	0.01003583341034307	0.03356260267427504	0.1028895106485692	0.04776829248839015	0.04318253603635608	0.0904095234946504	0.01006314610525193	0.010033363343264	0.01030843060033677	0.04234496882835688	0.0100198000442981	0.01012665727537058	0.1183422317950183	0.05950091963079522	0.01011517978141571	0.01003879176389805	0.01000625577305874	0.01000319800722443	0.01003987263682848	0.01002602571614734	0.01003236413930128	0.01002915357372295	0.01004798463348045	0.01005891404462914	0.01010510724053577	0.01019235930419007	0.01028319350998365	0.01196727751276213	0.07485707389070417	0.01010493741310238	0.01004767463589137	0.04077055378991636	0.1197780331423196	0.1832966008707022	0.05218360878949131	0.01001301130889672	0.01003107788043207	0.01000186427465415	0.03571275462470976	0.2610779883207353	0.01003000032520406	0.01180291141469033	0.01649156501201331	0.01246643325777363	0.1812931577427008	-0.1009342983262127	-0.06930292483387457	0.00149681517272823	-0.01078057433486733	-0.003535187292547786	0.02695330326049857	-0.000248451586145671	-0.01397772252736053	-0.04537306088966579	-0.008001697329670085	0.02641101535120581	-0.0001117573626928062	0.004619727740525377	0.0302961947607721	0.0001117589704629154	0.185108360449977	-0.1631808906319645	-0.1471524255600775	0.01000662500557644	0.01000380473670857	0.01001521970211504	0.01003550843178666	0.010009061477168	0.01000898991466751	0.01001794287371441	0.01028193706216437	0.2703592741167712	0.1315788183259494	0.0101024022608858	0.01003348987107427	0.1140434335573741	0.09745309649489139	0.08881685519715239	0.06476579990484593	0.01001210788516562	0.4911176556702124	0.2615685313455406	0.1954065200369044	0.2082517543521714	0.1806195576950279	0.1284653093369078	0.01002123888415426	0.06544250848254353	0.01008368061309586	0.01003706229132082	0.09603029943741513	0.0100288256268764	0.289524465571066	0.02065277823853405	0.01002604754728215	0.01003952015997597	0.06029864972429266	0.2635422476838774	0.02098142931858593	0.01002726591568287	0.02840317793349102	0.08605767627300036	0.0401977003923296	0.04285354080166369	0.08974226523728716	0.01004620099627336	0.01002476583476698	0.01019099976393433	0.04425678213932989	0.01001551527906547	0.01196998201150086	0.1060190950434988	0.0548632783550665	0.01005860218360798	0.01001926757870095	0.01000425439825791	0.01000216411982462	0.01002986572760029	0.01001854533252949	0.01001923937314059	0.01001957510945352	0.01003425878970475	0.01004363042533822	0.01006509681422297	0.01010975830496969	0.01017362889614542	0.01423130518864349	0.07324876754924366	0.01005695158580455	0.01002503827887032	0.04788343562847486	0.1237698230758733	0.1750902827850012	0.05899372678491366	0.01001059465203285	0.01002355917379576	0.01000098355210457	0.03230232418596436	0.2281009850379769	0.01001415445032113	0.0118726636476399	0.01350479442842772	0.0119398642839821	0.01819763233954615	-0.02405733281538412	0.01150626518979867	-0.008472617842072807	-0.01840270028972754	0.008388718681681305	0.005644425741268833	0.001699754872858423	-0.01709408060513879	0.02551672461510806	-0.03030728654869853	-0.009302402263855501
0.5592982456140351	0.01002262156456841	0.01001893240155978	0.01003408374545608	0.01005333030021728	0.01002740348925952	0.01003657907671902	0.01003146472766066	0.01034034482103263	0.2672957280839899	0.1352127329666668	0.01011505880046748	0.01003711068853406	0.1119342471674923	0.09499432643943269	0.09412292406891816	0.07294174533615924	0.01005241266856536	0.4981606918640215	0.262981532912947	0.1996240296577755	0.203579564375524	0.1778736052639415	0.1277924311013425	0.01003867363376643	0.05784374107293884	0.01009389290412695	0.01004118683622352	0.09973665012717217	0.01006065941003291	0.264520177447618	0.01772421831080852	0.0100383187436935	0.0100566971821163	0.05673296323376691	0.2544019664525659	0.02167022133194341	0.01003013837062498	0.0301060457340071	0.09189361913809076	0.04272850635586489	0.04428961192633765	0.09245270603885197	0.01005483369732619	0.01002950620739132	0.01022732266576786	0.04532412498977319	0.01002571567872737	0.02096878823972611	0.1020740685629223	0.05150933258096749	0.01017507262865857	0.01006916633978674	0.01003014317805399	0.01001414412362398	0.01003606599275485	0.01002348068774639	0.01002714248007517	0.01002470775290082	0.01004235838313367	0.01005390475853907	0.01008563794622353	0.01015063706309408	0.01022658240280547	0.02359256576028813	0.07681458461802304	0.01015714263730199	0.01007971913676413	0.04732014903466163	0.1274678391301512	0.1651716845999142	0.06644437402089147	0.01001539772244391	0.01004323022090149	0.010003761934032	0.03223347343415478	0.2297667318149453	0.01005605967114593	0.01145532932827988	0.0139481017857649	0.01174248429824317	0.1584994362133597	-0.09541674303027368	-0.08337334041198551	0.005684270330579349	-0.01352484989762242	-0.004117314210246016	0.02822608878122344	-0.000276531685301525	-0.002865993124319655	-0.04076883284146472	-0.006744415410108579	0.02924697328393093	-1.944236080784537e-05	0.004771914649467203	0.04353017482830069	-0.002754646764937959	0.2035242819792258	-0.1805108732421969	-0.1595088649513574	0.01001709210925688	0.0100094272498153	0.01003999913472908	0.01008652086862063	0.01002360774001473	0.01002332781117122	0.01004259861455812	0.01046962748906593	0.3576490824535768	0.1782958859933601	0.01012564938127532	0.01003840358870129	0.1401949876406095	0.1170570463283675	0.08799880349417051	0.06673113145632373	0.01003102583023139	0.4402126906732636	0.2416540359593519	0.1874567520969786	0.1841445851861429	0.1622885145567466	0.1177574064967737	0.01005396644565982	0.05328588812134039	0.01010136701693207	0.01004285499782015	0.09598809685333227	0.01007071477533938	0.2315724449851208	0.01378801883101719	0.01005772668549154	0.0100882543169062	0.04276980004287055	0.2252733942154993	0.0278808640762579	0.01003098575302858	0.02932213071835755	0.08499885422325316	0.04128182454231974	0.04928637628859765	0.1012935555127874	0.01006901183164183	0.01003708281865795	0.01027220522392356	0.0523936043364694	0.01004791771404935	0.04384148708653759	0.06719684047372057	0.03444957783854291	0.01043701328815277	0.0101826118195033	0.01009137598287568	0.01004243810899587	0.01004586635648274	0.01003081099913627	0.01003363270242504	0.01002793183491842	0.01005061586900248	0.01006882884461803	0.01009358626665915	0.01015516117491058	0.01022327644299809	0.04835079880581469	0.08361278897472141	0.01038268197219699	0.01020371569659383	0.05404422266382809	0.1459716590478239	0.1174457630401365	0.09367625969858945	0.01002495238171432	0.01008559975415794	0.01001013349424723	0.02721829186817834	0.1573313471986068	0.01015146634059698	0.01002927411808017	0.0100110995186876	0.01002135650674565	-0.03893894544708219	0.01802433083638741	-0.007190757034758829	0.0155134259248311	0.05995205480674785	-0.005787339246095142	-0.01137351940319538	-0.01648056065044921	0.03137161487443641	-0.02230794278815153	-0.03009300161820254	-0.009039049010098993
0.5692105263157895	0.0100157525945282	0.01001103944179972	0.01002876208919331	0.01005250114707762	0.01002002942922538	0.01002343035764447	0.01002825520560645	0.01034259938769634	0.3232097998766267	0.1658045104517086	0.01009743805543364	0.01003044082999532	0.1376547073217656	0.1169334128891384	0.08430018067111406	0.06049416111026484	0.01003180452589866	0.4694249801222553	0.2488272535731008	0.1888261388016391	0.1926600953468239	0.1682599302602781	0.1205083699902559	0.0100361732356288	0.06075375996518888	0.01007881601533879	0.01003385419549316	0.09429809478925849	0.01005631166933486	0.2619648075845584	0.01869285715911994	0.01003468612724765	0.01005473224528008	0.04821400617451735	0.2422638590844878	0.02647199386886327	0.01002466101719739	0.02778957523886064	0.08432313109925264	0.03945340760271012	0.04359150632802541	0.09093147250501167	0.01005367487881765	0.01002852393855588	0.01021994619897872	0.04633916961925313	0.01002745870905337	0.02904178950176511	0.08577311858036607	0.04322914322398316	0.01019428019528963	0.01007479959985393	0.01001412592525529	0.01000729139677974	0.01003526257117354	0.01002318557777246	0.01002602122083007	0.01002183660124761	0.01003875341950343	0.01005129639782174	0.01007323068955004	0.01012484050078334	0.01018806213188046	0.03189230196795829	0.07607503521879894	0.01017339430053604	0.01008663779569955	0.04967143055939797	0.1301295853888743	0.1434059712001838	0.07543128784169781	0.01001586992625826	0.01004455806057207	0.01000389451735088	0.02800177345627257	0.1979759776401375	0.01006039745361763	0.01052816985241417	0.01138926382230189	0.01062192513601253	0.1464814028950947	-0.09789292260663457	-0.09412046231595322	0.01015919527222918	-0.01650061932266854	-0.004601499266692572	0.02976684565530496	-0.0002829864805397505	0.00851739486785013	-0.03574162340884249	-0.005318914293014763	0.0323547835154741	8.226558524837964e-05	-0.007559906062867696	0.04212332552655835	-0.004142444690154033	0.2051714179977185	-0.1884173256650532	-0.1691933822509418	0.01001019645206829	0.01000597259613107	0.0100196516962201	0.0100356191206049	0.01001303500693	0.01001391312245967	0.01001935137525867	0.01028439211858189	0.4116355577589997	0.2052070918778956	0.01006654650564455	0.01002022466993384	0.1720530603696532	0.1458508968167752	0.07066679792554699	0.04382484457032979	0.0100168980550426	0.4197528437368193	0.2273428068528277	0.1724703144144924	0.1790254473056771	0.1563871776515348	0.1120126699888723	0.01002611949304829	0.06720357419076639	0.01005322089437158	0.01002248080940781	0.08667782587909609	0.01004761821304708	0.2720738831649919	0.0219663721113258	0.0100216440239486	0.01003753926831054	0.04140459321219684	0.2290301887677482	0.03045980016441116	0.0100163922274845	0.0247653168727357	0.07502472534293353	0.03516279816223668	0.03949633155123764	0.08289849399516327	0.0100453369045016	0.01002374712063001	0.01018521906905947	0.04343351733335138	0.01002048467668765	0.02990163819283046	0.07561276443535905	0.03911128499190733	0.0100976337192256	0.01003311521725505	0.01000724914354309	0.01000365251717427	0.01002947213945292	0.01001929725587385	0.01002155412552493	0.01001690630583742	0.01003043336516615	0.01004084802471684	0.01005513616569886	0.01009020871255165	0.01013890677310251	0.03102580452773976	0.07145748053152214	0.01009113616520109	0.01004144519943017	0.04821130735295322	0.1242657335509036	0.1245976742915862	0.075544553526024	0.0100127791785325	0.01003026434482406	0.01000164791013157	0.0244802227069444	0.168612459419874	0.01002511644863248	0.0100351954509001	0.01001147923972292	0.0100239731854528	0.01814317931589494	-0.02288964257330543	0.009338458399430666	-0.008621786331392224	-0.009991040843399909	0.009571425871692085	0.005880086698610981	-0.001210390238131868	-0.01157911724863099	0.01668575614518975	-0.02973098442524252	-0.00836979521010292
0.5791228070175438	0.01001594464033017	0.01001020031925097	0.01003011736696883	0.01005547020174176	0.0100204018637297	0.01002291781108496	0.01003060685752671	0.01035772187709603	0.3862905013177712	0.2006476848299839	0.01008049921246102	0.01002451219943509	0.1646367018048116	0.1396328529609578	0.07565472762712307	0.05096258612818943	0.01002977721006707	0.4381394688091437	0.2332890378037087	0.1776443250811256	0.1799462784997199	0.1575686423030139	0.1132523303079444	0.01003879479804838	0.06137741747315988	0.01006449532393021	0.01002726018028664	0.08921180806598783	0.01006300632577996	0.2580332898295363	0.01907976214241476	0.01003914810486151	0.01005875190432175	0.03965539699338861	0.2279008290020003	0.0305702054429755	0.01001984796005784	0.02596381646175389	0.07809126893901745	0.03669036383235062	0.04103021040843725	0.08612942596763218	0.01005434323293081	0.01002937800478144	0.01020642480989531	0.04367242822875828	0.01003568272897172	0.03780815403737568	0.07368816902057765	0.03734205914518574	0.01023910676370504	0.01010835609486833	0.01019164818032388	0.01008468585433446	0.01003562577834143	0.0100237451702927	0.01002661202376423	0.01002257262893362	0.01003957562585928	0.01005208155792207	0.01007731628609256	0.01012099184446351	0.01017219810241088	0.03625049934068126	0.07546354625607771	0.0102173547686216	0.01012102009175024	0.04509314427258936	0.127835720719165	0.1216634380224458	0.08006883332385957	0.01002043156999516	0.01006620220768923	0.01000708657520342	0.02559482120138062	0.172808770510305	0.01008969501880143	0.01022743767074774	0.0105517637519506	0.01025797971302779	0.1327274288180147	-0.1027354932902555	-0.1014759774396491	0.01575824263512502	-0.01973378780829656	-0.004968224611616944	0.03172176087877045	-0.0002700860945265842	0.02072597344685908	-0.03018950573517594	-0.003769273102323562	0.03572241199339291	0.0001846824912775421	-0.01195786527595754	0.03324445378492032	5.604750070116182e-05	0.1873209863047374	-0.1876532277806189	-0.1744756875695307	0.0100241777311478	0.0100144436573944	0.01004904695995656	0.01009606447692416	0.01003170484290617	0.01003429629684989	0.01005258017874898	0.01051210830367596	0.5110606887212055	0.2599339071045556	0.01009241825873795	0.01002724979351563	0.1987855054064314	0.1654298077109944	0.07241464100301929	0.05130088658141123	0.01004460832052985	0.3732064317665557	0.2086567158144821	0.1648102969367454	0.1562702440568093	0.1396248883062751	0.1035371474870907	0.01006407118035785	0.05175651177312261	0.01007344299406259	0.01003036795680892	0.08635673772444502	0.01009458651408271	0.2211891242978219	0.01396950476724183	0.01007433371496023	0.01010197457363298	0.02612993615923693	0.1932315309934868	0.03547424941780761	0.01002199009203818	0.02618264494651553	0.07442728312280382	0.03632860621849694	0.0420786128676976	0.08728904171384717	0.01007208292186537	0.01004053385099645	0.01023932416253734	0.04293982176570437	0.01007051761643995	0.06305354094151278	0.05023246827744495	0.02581518051993755	0.01055104052914704	0.01027624563968196	0.01063027208459512	0.01027721251839057	0.01004770006366459	0.01003274138711452	0.01003643925625919	0.01003282742460359	0.01005646233592355	0.01007362028047549	0.01011741452719707	0.01016830333076702	0.01021306591180359	0.05360376551381257	0.08253251849413816	0.01049695263240602	0.01029856766237935	0.03709222032435373	0.1340195892973069	0.07725363524561107	0.0981760429641072	0.01003795698817835	0.01014817569023032	0.01001942118080302	0.02435689052114226	0.123645370929963	0.01023376415182584	0.01002751320449081	0.01000934454343382	0.01001913127521706	-0.03785748185811058	0.01841299938506031	-0.005974863609364155	0.01593381255074685	0.05937285051515792	-0.007450621662976926	-0.01158666302812816	-0.01510742447906764	0.02596842993717513	-0.01624359216849914	-0.02937961830776517	-0.0073530859740078
0.5890350877192982	0.01001630469039507	0.01001008160647661	0.01003082344204314	0.01005673849442062	0.01002070147626945	0.01002307162966841	0.01003097066550855	0.01035850814290834	0.449464582938765	0.2362552968516163	0.01006897222784018	0.01002056807007377	0.1907157795488719	0.1610040990409086	0.06785792132877007	0.04282438974772668	0.01002886965805488	0.4048834637148864	0.2168919209099197	0.1666072390065167	0.1654869485949096	0.1457764546288066	0.1056825915988132	0.01004037959536378	0.05976099792407119	0.01005487862439046	0.01002288969403166	0.08556834158904887	0.01006980618088209	0.2500598267670471	0.01905211905253146	0.01003878431620505	0.01005945481509357	0.03169886126684516	0.2113815984341117	0.03377013609431596	0.01001663951237951	0.02468244872420753	0.07363691895283679	0.03482496119415201	0.03320578492397389	0.07386880712686608	0.01005353058721656	0.01003052874052276	0.01016898610975634	0.03422470572583174	0.01003914678074959	0.04266380983377452	0.06359934929296736	0.03229592853381633	0.01026721175912393	0.01012096120580821	0.01021901276127328	0.01009632933265937	0.01003812875067458	0.01002490951950859	0.01002644684604075	0.01002477835475896	0.01004624619037597	0.01005957750862345	0.01006633517577181	0.01013723148021721	0.01022489626591211	0.03421044391141788	0.07568409150024476	0.01024203036559556	0.0101349184585233	0.03312364706690423	0.1186148869006967	0.09981915846262823	0.07926244817541891	0.01002297937190896	0.01007297577083542	0.01000777600544744	0.02933593694383087	0.1522853222063794	0.01010014173101066	0.0101001096398638	0.0101978030492872	0.01010347440384506	0.1227462166908426	-0.1172087554523535	-0.1064483889860337	0.02054089082282888	-0.02183037396842505	-0.005066583383845713	0.03352306888673168	-0.000232133086537134	0.03205924981166013	-0.02530919187484273	-0.002358477143278187	0.03878233327195843	0.0002687961583275598	-0.02114471518872352	0.02704628171076274	-0.004637139610423304	0.148916448323715	-0.1805794824162955	-0.1794933554776705	0.01001302157002246	0.01000803992442743	0.01002272966962048	0.01003845688219419	0.01001582698647678	0.01001811862927642	0.01002092132276877	0.01028504311441256	0.5474666519287125	0.2815587385765016	0.01004665156343661	0.01001363064319436	0.2254863245801497	0.1887803289254637	0.05661016572804312	0.02986765051092328	0.01002063671586345	0.3525386621466211	0.1946350436354851	0.1515108571016968	0.1489588031053981	0.1324814538338195	0.09745089064831333	0.01003057441318495	0.06223403365838973	0.01003675784905262	0.01001516037338148	0.08110614884860584	0.01006581416669217	0.2515221720301832	0.02165671987470311	0.01002092703191902	0.0100391400111205	0.02679920021232428	0.194131717095833	0.03601346054229425	0.01001104482316745	0.02257004239903969	0.06766919547269021	0.0319868010052876	0.02094839315644803	0.05302617751785074	0.01004444705093694	0.01002798182992588	0.01009968945476539	0.01913891650845663	0.01002477990366733	0.0352800515303639	0.05945665540302839	0.03073849790343576	0.01014746140367326	0.01005460411834748	0.0100117764398659	0.01000599557648379	0.01003586344153235	0.01002205711376562	0.01002129099993652	0.01003486725158647	0.01005428569159108	0.01006134033301261	0.01013205897156369	0.01021760663420762	0.01029822582381762	0.02038918440237443	0.07328951330572223	0.0101349127588903	0.0100655848478766	0.0181781509660997	0.09696695593343968	0.08389597808681952	0.06622594888285435	0.01001866528138982	0.0100439056333805	0.01000281705357431	0.03694915732216461	0.1382984123521724	0.01004267861859323	0.01003593995647353	0.01000985184131422	0.01002317890794456	0.01793185800120346	-0.02143460121973595	0.007475790262121456	-0.008700580171739939	-1.831277646202137e-05	0.009926795665515202	0.005886356219326793	-0.001215750877677922	-0.007417101826538698	0.01161008478170729	-0.02912997375182997	-0.005974074512505646
0.5989473684210527	0.01001792530147229	0.01001100350042179	0.01003292045598623	0.01005866966986192	0.01002239266726849	0.01002532450653414	0.01003299890271771	0.01036987404828196	0.5061132681725803	0.2684105920475935	0.01005945964969557	0.01001743231277172	0.2135852284735604	0.1794543373537351	0.06074570227613319	0.03505272184509135	0.01003005261968889	0.375063265329418	0.2025538939205472	0.1573080039752021	0.1529876255451717	0.1359783693883352	0.1001056910247774	0.01004408348921611	0.0593777924862546	0.01004695231550291	0.010019395226528	0.08341114117272054	0.01008422803353505	0.2447262077710323	0.01939646531054964	0.01003951798372897	0.01006126196001803	0.02661200484453785	0.1972621567139871	0.03603349217379719	0.01001411441733641	0.02316222373056224	0.06829004957411274	0.03249345548325276	0.02683802754515128	0.06335010137641517	0.01005671680241562	0.01003721563220398	0.01013933558512239	0.02178581449635101	0.01003434782024262	0.03892211873030861	0.05748339995874603	0.02935862466826626	0.01027531646363989	0.0101301235934589	0.01013183848133417	0.01006246556840909	0.01004109490821099	0.01002584254117401	0.01002627854171417	0.01007620439730145	0.01008054387645101	0.01007353241506987	0.01047325742558528	0.01048292382597626	0.01034609789557749	0.02445977004258679	0.07862588496651185	0.01025277468236613	0.01014521622935599	0.01998608081540404	0.1041874897817299	0.08364058086098664	0.06936005665868175	0.01002849982009441	0.01008801770793375	0.0100092887231779	0.03800252455718912	0.1386658988164915	0.0101077171968074	0.01006334795618297	0.01008492056989778	0.01005663426686041	0.104155072952397	-0.1258296059375595	-0.109246579171632	0.02512290390215625	-0.02411913812723739	-0.005146645261854799	0.0352707039426905	-0.0001910887627976382	0.04319947944082809	-0.01988852637088209	-0.000848528435167439	0.04183196013508497	0.0003482216280204409	-0.01392719210771088	0.03614877158160789	0.0005889679989610386	0.09191597679829755	-0.1686103487474405	-0.1776574142357402	0.01002861535672419	0.01001727503806138	0.01005456129484167	0.01010055634188081	0.01003640801341905	0.01004079434387955	0.01005821653290268	0.01054490049006038	0.6173475056220521	0.322453637820027	0.01007530472751995	0.01002174544017344	0.2411121897904706	0.1990134118138352	0.05910682996055711	0.03613830239505885	0.01004895843025705	0.3245452315591145	0.1846430733008905	0.1494132449751768	0.1353634696298842	0.1236980846168134	0.09535532258776609	0.01007349066109741	0.05249906881800426	0.01005919454593364	0.01002421038083126	0.08400444114560358	0.01013066757848446	0.2162555264924142	0.0150251238800863	0.01007684273657312	0.01010663728875403	0.01933239966125214	0.170636087601017	0.03905729668896652	0.01001758841673084	0.02289852787934141	0.06270786126074987	0.03117520961295029	0.03081072724367484	0.06829784377177478	0.01008225128829076	0.01005916247635005	0.01018741392228601	0.01508207995067448	0.01005307685547184	0.04631082623982204	0.04349321559843779	0.02236314461843171	0.01054827197531758	0.01029130923586084	0.01034710003128818	0.01016627659491657	0.0100540721584471	0.01003438791471889	0.01003609967252126	0.010182406464733	0.01015128655427516	0.01010766259178391	0.01132876073101464	0.01117307430932816	0.01052059576515422	0.02578232836260151	0.09192403604963811	0.01050522768609095	0.0103157532858193	0.01010631045739566	0.09766861318159661	0.05535640361859969	0.06678507587917214	0.01005181957926341	0.01018611307251383	0.0100232280025476	0.04699535878952384	0.1096883535575372	0.01024619453346215	0.01004004988963624	0.01001313414893366	0.01002778121201347	-0.03677977461976695	0.01975030237656561	-0.006113718304497739	0.01614808082658779	0.0624030168410263	-0.009964966165579929	-0.01339415820591043	-0.009157431658337142	0.02090046100589151	-0.01229569730162029	-0.02916336775575062	-0.004458439719556823
0.608859649122807	0.01001887217210179	0.01001155235492715	0.01003409195317711	0.01006030942713499	0.01002329211374121	0.01002655731892813	0.01003407977797302	0.01037541482110614	0.5509957771898436	0.2939300780722399	0.01005403957983977	0.01001566912072843	0.2308917838606157	0.1931283844968739	0.05532121068428135	0.02971602058915507	0.01003093871747291	0.3491238612440711	0.1903863079911606	0.1496924041601955	0.1420272079465624	0.1274883680813539	0.0954809038138773	0.01004588665869831	0.0583996688405779	0.01004246063264158	0.01001742864142957	0.08214339430973429	0.01009167631199263	0.2376848659591488	0.01939236318850282	0.01004056773480146	0.01006286304523362	0.02512552452727961	0.1845126704645566	0.03757031040881564	0.0100126928991799	0.02144685245392568	0.06245042496225295	0.02991133660270767	0.02234643589222879	0.05276755367282885	0.01007238797245483	0.01005351810445942	0.01015396246843675	0.0155198183237458	0.0100335776086721	0.02960631481013667	0.05347021769182435	0.02739364494937317	0.01029693026541358	0.01014259689940384	0.0101373998653276	0.01006572288033106	0.01004732818363638	0.01002904875530431	0.01003002487080483	0.01800139017255939	0.01014813758260128	0.01008445598718484	0.01546993898336842	0.01246210240966182	0.01045130158737605	0.01913962844356594	0.07575044639873069	0.01027239003752555	0.01015832394735735	0.01358626168697169	0.08532825585377421	0.07700301558496077	0.05171290905783014	0.01003026144237636	0.01009361955024646	0.01001029316877976	0.04183896427659569	0.1306233148707039	0.01011832219587504	0.01039229932743167	0.01070478214487389	0.01042709745601845	0.09317744110316771	-0.1392870323884705	-0.1109203125826304	0.02605418403429443	-0.02446289904660643	-0.004976721094186939	0.03564592955356594	-0.000138924073273447	0.05080661155539505	-0.01505276876494094	0.0005196989179346525	0.04351471483653505	0.0004067143413035051	-0.02423259801979873	0.01808291680273169	-0.002446494510564434	0.035549853822329	-0.1547847207641624	-0.1752589894579163	0.01001508083452497	0.01000932793006646	0.01002506318625691	0.01004137349326425	0.01001775246766364	0.01002089050465789	0.01002290590852623	0.01029872345101072	0.6104970531934587	0.3215273530141993	0.01003878635517532	0.01001112315848227	0.2517621314093046	0.2093210752396182	0.04733234986142809	0.02067819486163152	0.01002264992663277	0.3124059717280612	0.1752040568784465	0.1396168900228081	0.1306662895731774	0.1185466590993873	0.09039739400947512	0.01003426012970624	0.06085629314417484	0.01003023741040193	0.01001235174033439	0.08026212713091523	0.01008339675398584	0.2372509717009464	0.02171730539683418	0.01002258852278421	0.01004205228607175	0.02776269454078025	0.172776385426385	0.03822136172036746	0.01000903447149115	0.01884995898764603	0.05492402279239583	0.02634894645380017	0.01398945501339848	0.03390419663169804	0.01008474612193031	0.01006847998083398	0.01015791914783302	0.01026340047722942	0.01002172204831676	0.01021373849357965	0.05465404801516416	0.02823698867332959	0.01018428856609805	0.01007505787423258	0.01001195231886126	0.01000612831679408	0.01005084929035053	0.0100302978257759	0.01003181204851629	0.03059065320989855	0.01021342635870898	0.01008451330709097	0.02266892289567763	0.01502674595585923	0.01050515432545094	0.01011225125837467	0.06311364889896535	0.01016777361530147	0.01008701933063179	0.01004729520514355	0.05643399562570682	0.08359884677283437	0.02401160442781974	0.01001872740600762	0.01004303233268218	0.01000428789869368	0.04257818506938042	0.1313880224024176	0.01006002579796889	0.01085925036601789	0.01156634636882065	0.0109483866221444	0.01783361926930566	-0.02054906592688698	0.006007770067998257	-0.008706000616025871	0.008204580987224838	0.009582646934678104	0.006258724491378544	0.00291860242773675	-0.005917436338994636	0.008995104264978888	-0.02899132168461472	-0.002514595096413901
0.6187719298245614	0.01002051501482444	0.01001254878089565	0.010035588282835	0.01006034997840865	0.01002482044488378	0.01002888179484251	0.01003456520684225	0.01039210576747114	0.5777835046395627	0.3091660103432931	0.01005105313071824	0.0100146776963746	0.2410156560796923	0.2007772718782658	0.05000095898330003	0.02318288323147002	0.01003128637684583	0.3290206974438335	0.181428054290342	0.1445426586089004	0.1341619185674353	0.1218354006237444	0.09331899601409853	0.01004950027744334	0.05972407989249636	0.01003987403734994	0.01001630525561742	0.08295046523716901	0.01011574932200762	0.2331141355210493	0.01997653646193041	0.0100381233874852	0.010062561423472	0.02865683083558125	0.1754806516428065	0.0382122082573569	0.01001191386278699	0.01914342058641831	0.054304976923629	0.02634254290742907	0.01938920131617296	0.0447829615435528	0.01009714924345857	0.0100784509336227	0.01019570631307732	0.01223047592904809	0.01002720454194872	0.01460959839435374	0.05226426499352028	0.02685431726403787	0.01028667945887525	0.01013380978150752	0.01003650195769426	0.01001788444892973	0.01005724464979572	0.01003568139130813	0.01003878364342502	0.02929491101020286	0.0102232370335607	0.01010010907428814	0.02140278803974955	0.01444508308323241	0.01050398924326767	0.01217285901326534	0.06889860038251391	0.01026299865321837	0.01015009903195984	0.0114359724521899	0.06875471181400512	0.08436562564035428	0.0325687062859423	0.01002197016153872	0.01005929715225076	0.01000922937697804	0.04272512184621948	0.1277274791836832	0.01011021069979329	0.0106146993413222	0.01098854058592613	0.01065315166502155	0.07645390073167416	-0.1488887978569664	-0.1122490283184156	0.02490896953566081	-0.0238345152685004	-0.004686247599093339	0.03519899990225535	-8.814263981404633e-05	0.0565629494535341	-0.01055519495564352	0.001729811646295126	0.04444840888763413	0.0004430508458116	-0.02702448761990081	0.008969723531889713	-0.004156853844340674	-0.02428232802578719	-0.1406195522623314	-0.1691551213227603	0.0100325616374091	0.01001969267906342	0.01005786239302321	0.01009911956768823	0.01004006162433425	0.01004647953154935	0.0100586223160971	0.01058889025171355	0.6251492141595082	0.3332417546971619	0.01007164155665694	0.01002049501940494	0.2484905728691215	0.2041718201262691	0.04862332055063542	0.02182850531417154	0.01004914275730045	0.2992928773376641	0.1727560944182049	0.1431312668513526	0.1248836583544477	0.1168569459300083	0.09440055696549267	0.01008243671954401	0.05788416543954123	0.01005582940725766	0.0100227638291631	0.08830467858850384	0.01019460137616925	0.2122390642546898	0.01677528631281762	0.01006863750463916	0.01010422802741215	0.03158540272533461	0.1596891619650871	0.0393843085675333	0.01001664007367125	0.01770941912652616	0.04389093836413357	0.02304020601597728	0.02634943170007342	0.05503100163808987	0.01014040631119072	0.01011722314970341	0.01029666416760221	0.01152234781763281	0.01003501270710746	0.01038032462616082	0.04448963438911495	0.02280023379020149	0.01049750034971246	0.01025354873523359	0.01004421448110969	0.01002209628903655	0.01007740176014929	0.01005090554725054	0.0100583751012257	0.03628641490229328	0.01030863573221604	0.01014346082758154	0.02415870237130548	0.0151497060267738	0.01057607077197762	0.0102286111706438	0.07307469268365474	0.01045889206082779	0.01027904769406793	0.01008570035230414	0.06777431188879934	0.08833989063355346	0.02710872768475604	0.01002569558248839	0.01007956459786271	0.01001913758576326	0.04560091602241185	0.1121510768937087	0.01021220208654211	0.01038338970720923	0.01025982827771592	0.01034234030060827	-0.03626843389278367	0.02100164645857337	-0.005650663475795012	0.01632532525860051	0.06511052678310732	-0.01422377955755249	-0.01305601115169856	-0.002655805525851515	0.01168642868394634	-0.00959612313954423	-0.02897112187605343	-0.0006462267613654994
0.6286842105263157	0.01002116796921997	0.01001295578836313	0.01003606728720508	0.01006079797656815	0.01002529239518042	0.01002968239603534	0.01003521152553898	0.01040914147876615	0.5857715075428489	0.3135335863506302	0.01004994833523347	0.01001429610129425	0.2425133221752263	0.2012744659238038	0.04505719597668208	0.01790693232840327	0.01003150716602726	0.3139948967516292	0.1751685841640274	0.1412773961961438	0.1287854312937208	0.1184078645951963	0.09274874163214585	0.01005047086181536	0.06427249639811507	0.01003886505090778	0.01001586408084662	0.08498548519570305	0.01012876970875797	0.2305444969655896	0.02114785346348217	0.01003893687256291	0.01006319439139809	0.03737566466844467	0.1697282857550391	0.03813138913472646	0.01001162046462102	0.01623020785231877	0.04311704682505528	0.02143544802908239	0.01743895829913479	0.03325002707225731	0.01008886955104941	0.01007385452349272	0.01016711147292126	0.01118980578460111	0.01002620495365448	0.01178774357145242	0.05245024600166694	0.02700016221750716	0.01029427142779646	0.01013873934851012	0.01002917733225722	0.01001453876161761	0.01007093449852331	0.01004125740136852	0.01003883664327471	0.0379742956799723	0.01215487043586102	0.01021088082423324	0.02332628201596483	0.0187867306409109	0.01421888129632097	0.01083983879187617	0.06486738622384826	0.01026974225469349	0.01015495833537831	0.0124111247695007	0.06060010107578884	0.09195294459682754	0.03027556181915071	0.01002038996591229	0.01005555198376097	0.01000973547948883	0.04760063670274925	0.1286204017055457	0.01011450264546026	0.01135196583212597	0.01750237945369274	0.01243113567017018	0.05352462331513916	-0.1524866037530995	-0.1135830360852564	0.02149423502834577	-0.02218984479673636	-0.004289487445219379	0.03370214478275407	-4.462036836620117e-05	0.06022375273852687	-0.006225634187964026	0.002793504382590989	0.04443450623578894	0.0004586156375826809	-0.02315489909801627	-0.005659305037892181	-0.001775254264450837	-0.07620239642516978	-0.1284940023128988	-0.1584497660791861	0.01001638468624118	0.01001017714418062	0.01002564695291427	0.01004135154172345	0.01001856962394436	0.01002246834749725	0.01002341497518632	0.01032382662795328	0.5743296527514193	0.3067715964575095	0.01003895368663173	0.01001110559687141	0.2390676392838246	0.1983856729870197	0.03731042986674572	0.0106174590289621	0.01002252586965354	0.2943402395227529	0.1674254209361484	0.1361485152954323	0.1239552819272617	0.1151979605711692	0.09174327375642694	0.01003606737838198	0.07381441659811315	0.01003011911922711	0.01001229141365109	0.08643166999116428	0.01012271201421351	0.2359189352926373	0.02469099840906808	0.01002323743195459	0.01004206507147854	0.05081029987709676	0.1670845398736054	0.0371862695948096	0.01000905723811932	0.01261574607370038	0.02969208336308593	0.01558847297529885	0.01008542464821243	0.01010650324260686	0.01005228336141577	0.01004506049642022	0.01006668184779597	0.01009891888507584	0.01002015100248489	0.01020382452230325	0.05707035196395319	0.02945300634222456	0.01019490332912948	0.01008222190181188	0.01001513862575305	0.01000771432694655	0.01008012824192541	0.01004140465886353	0.01002823392837255	0.04691559375639846	0.01487168307681126	0.01035323087586444	0.02439353254267936	0.02496884221745281	0.01989518531602494	0.01006797079533498	0.05713119962733085	0.01017678663170898	0.01009366736844328	0.01506445029656706	0.04972986547265743	0.1047212048640914	0.03091942986524664	0.01001565196415042	0.01003804812198153	0.01000509310825219	0.05448526794974629	0.1390718994263902	0.01006639438159593	0.01250941860986712	0.02789929276985153	0.0151907646004274	0.01799398147151951	-0.02017319283538238	0.004528677388256757	-0.008655286506332656	0.01159370468474472	0.009747802833911957	0.006550101543142647	0.002982220047116019	-0.005862738003251164	0.007662031673409294	-0.02893610896186838	0.001022479113849588
0.6385964912280702	0.01002299293838532	0.01001417693963119	0.01003661409784426	0.01005830543031643	0.01002661777499035	0.01003218426493065	0.01003293236298025	0.01037761917961852	0.572052180219662	0.3051932188214617	0.01005259757116449	0.01001504723997987	0.235845017193187	0.1953754304574954	0.03798741819448361	0.01228382810899901	0.01003018534528374	0.3026854870697916	0.1706433724485062	0.1393160088300053	0.125483613900468	0.1170122556786986	0.09400986716931518	0.010054092458808	0.07273421679050318	0.01004075684297126	0.01001666053869578	0.08916181226778699	0.01020060145555799	0.2295414344211901	0.02303336592881199	0.01003305409804293	0.01005881518359852	0.05118168615205445	0.1670892647205371	0.03715887429901757	0.01001226604545669	0.0133202730148648	0.02898891141555339	0.01615193921483493	0.01154567685882056	0.0207143232444273	0.01006888283100142	0.01005822613502925	0.0101051213727015	0.01048425697958881	0.01002237887830436	0.01084980778126217	0.05425124239486476	0.02794881194359185	0.01028111464641801	0.01012785215972383	0.01002400744511017	0.01001189983656848	0.01008158075254442	0.01004522441860922	0.01003525962030801	0.0425888620410815	0.01376533894083226	0.01033000744724752	0.02344558641432373	0.02334363171636148	0.01885544287997518	0.01037602933971677	0.06456271127671435	0.01025651346513357	0.01014373057787334	0.01560165221094799	0.05999899403426077	0.1046847287389965	0.03365699031333255	0.01001648932330526	0.01004402928428425	0.01000848454672801	0.0545305445463033	0.1327101867185889	0.01010489617736451	0.01192701982415913	0.02535745989170783	0.0141648782952356	0.02890240815110631	-0.1580981716444124	-0.1161188622576424	0.0158141151059651	-0.01888336056943035	-0.00371742305915599	0.03124450740319294	-9.352718788062153e-06	0.06147554732453708	-0.003371389245807839	0.003486941317911928	0.04351931553054916	0.0004496815850096414	-0.01981930768915815	-0.01626118155093582	-0.007458224979796114	-0.1173511482625431	-0.1196524751508888	-0.1482184998899411	0.01003732399063017	0.01002290767534801	0.01005902042350239	0.01009134304305684	0.01004352243944346	0.0100530981179847	0.01005128723713285	0.0104796776460555	0.5379254092372777	0.2892418852375632	0.0100805034770407	0.01002307233454388	0.2194610770784223	0.1810421549123859	0.03220935311269213	0.01028488392590157	0.0100450349497095	0.2853811516064392	0.1667407152033428	0.1412304025425179	0.1214980017800943	0.1170494488352803	0.09938660795767433	0.0100921966250214	0.07964223330108894	0.0100623663414966	0.01002553134648224	0.09955151161978511	0.0103941373800772	0.2132999668728443	0.02124660101602585	0.01005051598541896	0.01009071152834987	0.06518086052565525	0.1597739411092344	0.03647179684335171	0.0100188223763556	0.01191343712061533	0.01314024779552022	0.01218543806982354	0.01065947447905849	0.02839464863204393	0.01008931686931307	0.01007549263936527	0.01014095720726995	0.01043336481911405	0.01002467788098142	0.0103417377769637	0.04994009141613796	0.02552056819049068	0.0104514700148545	0.01021675467658177	0.01003591960494298	0.01001748914631996	0.01009580591104558	0.01005731265871838	0.01004777548414174	0.04123543727776018	0.01321948615234987	0.01038967387907073	0.02257983863765919	0.02449754509239971	0.0207654268297141	0.01013667091496251	0.07693130043597141	0.01041345720454499	0.01024131456770565	0.01861571115040819	0.07556050307537608	0.1211063970035815	0.03990025534122783	0.01001569199251439	0.01004913626854317	0.0100149682204637	0.06192581301969976	0.1250530884286252	0.0101797926045127	0.01137717963455501	0.02731763224282434	0.01376412819544207	-0.03640072046771723	0.02160925678207856	-0.00390935559051876	0.01604263967270973	0.06329664943074596	-0.01524670926362348	-0.016343354534331	-0.00497583703850858	0.01131929708718806	-0.007418353049972385	-0.02890115300365319	0.002181761983892244
0.6485087719298246	0.0100236590414202	0.01001471353937232	0.01003594520847449	0.0100552939180809	0.01002672366392282	0.01003300093474666	0.01003240855559166	0.01305317297762283	0.5414160666022285	0.2867768496223222	0.01005579767084286	0.01001598719074905	0.2223274496117242	0.1841650223242694	0.02614528112421581	0.01088454430024146	0.01002843268839779	0.2944120908958182	0.1685886150697745	0.1403356286925461	0.1248957486384814	0.1195552937808797	0.0994210135866699	0.01005499264728247	0.09530575950344242	0.01004312892547185	0.0100176691293571	0.1002131428622054	0.02289192441262469	0.2188005857950193	0.03093158496995887	0.01003239045876517	0.01005796149604447	0.06902177600478418	0.1692864260481063	0.03546890357768486	0.01001306077295621	0.01165539864682706	0.01764065396203009	0.01272083672094816	0.01071262646765617	0.01800000667217724	0.01006060966636533	0.01005156479645863	0.01008872047007402	0.01028758687980207	0.01001964590454672	0.01047607764787923	0.05656674513888558	0.02917930409235749	0.01027908657310501	0.01012649279290898	0.01002231236546824	0.01001102567204955	0.01008589429728748	0.010045637610492	0.01003282939779687	0.04187625915125053	0.01692441003220534	0.01209398176982145	0.02258855548305638	0.02628383209996375	0.02374803693599024	0.01018614072694311	0.06725206599052819	0.01025413653672546	0.01014202093908375	0.03148777242254404	0.06455179896776991	0.1195998864989348	0.04020096493935618	0.01001368032363678	0.01003795768599775	0.0100084082108172	0.06119236410501136	0.1380864037939021	0.01010383207895807	0.01317311726886459	0.03125011834610043	0.01657963238346232	0.005901426447298338	-0.1578478675789171	-0.1195231017208787	0.008666817718176368	-0.01518596184202372	-0.003180577769909299	0.02813844139029665	4.553119852976319e-06	0.06052259873302135	-0.001231437105201108	0.00395456667420165	0.04189715008260005	0.0004276444333802827	-0.01920751188798443	-0.01804351871486301	-0.006695758147918639	-0.1455223778904248	-0.1146626851185683	-0.1354049905505919	0.01001806886871979	0.01001181346731394	0.01002281551873538	0.01003179345433307	0.01001835311707496	0.01002472327669231	0.01002152229702494	0.01823473381995268	0.4669864390874654	0.2488129102631455	0.01004792914261736	0.01001378699801174	0.2001445716694261	0.1676891869253999	0.01102923332136922	0.0100407058106953	0.01001724904797107	0.2842309858295502	0.1668109140482583	0.1418960110621297	0.1265373825075427	0.12533843762172	0.1074963185008892	0.01004158847037692	0.1357716759668201	0.01003688874669561	0.0100151854871934	0.1166496461340303	0.04715039779398117	0.1999009338722119	0.04553417985588856	0.01002161489750305	0.01003981788253656	0.09218647123937894	0.1789193969363142	0.03304279360544598	0.01001130902046354	0.01003110847560586	0.01001042715084252	0.01002158427458354	0.01004958572819235	0.01004386454016922	0.01003749911734702	0.01003231952071893	0.01004595738584474	0.01007644183446788	0.01001437834644108	0.01024918238908188	0.06262268980075954	0.03233210501140347	0.01018890352580242	0.01007843968315325	0.01001372626298181	0.01000688066457965	0.01008331348271894	0.01003931324058057	0.0100224299687445	0.0398383736330839	0.02129500470421645	0.01439719694556217	0.02135200003375889	0.02989861413706332	0.03012419501797394	0.01005957700422736	0.06667567463618616	0.0101701564137689	0.0100890411807493	0.05524953723250771	0.06599045121163936	0.1385765352610444	0.04813168519468654	0.01000999868101892	0.01002629234222995	0.01000488896197153	0.06848541704405706	0.152453629168503	0.01006341866762708	0.01516073115657816	0.03887460559060808	0.02022064393932014	0.01869602352283156	-0.01988907164490469	0.002640319075738875	-0.008534145280240249	0.009372756033834917	0.01064616315490877	0.006674967423382478	0.002220378550841323	-0.006168272016152125	0.006943957395561936	-0.02889071280337957	0.002776833604356298
0.6584210526315789	0.01002679458726956	0.01001804494185185	0.01003138258120311	0.01004169741691093	0.01002652997797556	0.01003786229160783	0.01002801398454465	0.02099894318468362	0.4978697901646621	0.2604116701853684	0.0100647692561748	0.01001872634439624	0.2056238878285686	0.1711497215686793	0.0147449032750415	0.01034704311520375	0.01002176809201277	0.2875636911684869	0.1676722405119463	0.1431547253028924	0.1267117808302818	0.1257332397527765	0.1088155292110432	0.0100736721419555	0.1328568825611534	0.01005000313785773	0.01002063726415579	0.1183305839548921	0.05646110732963497	0.197137765907578	0.04489849833893816	0.01002731679646489	0.01005321964310576	0.08909125517052122	0.1762361438911765	0.03324130691335398	0.01001535241273366	0.01047831295259065	0.01268125648211191	0.0108628783109935	0.01034985634239355	0.01494253216580289	0.01004905821156451	0.010041317137374	0.01006876148288795	0.01030056645606924	0.0100164082080011	0.01037412532430958	0.05931513040401089	0.03060766695460389	0.01026869938947854	0.01011851064074516	0.01001999287061968	0.0100098538647469	0.01008292486547051	0.01004242150160969	0.01002798216157588	0.03512597776474721	0.01765586465367882	0.0128023351766406	0.02023718816921174	0.02812951081080329	0.02842560740004207	0.01012556769011401	0.07412603948285973	0.01024342831849713	0.01013338660056415	0.05087329967892117	0.07544906147114676	0.1343644407967058	0.04986435162232492	0.01001097751190441	0.01003091750457622	0.01000765123509404	0.06814419087434287	0.144393604842828	0.01009698515272517	0.01391421016450159	0.0353853280029631	0.01839604678576399	-0.01962981556556205	-0.1612112654198194	-0.12335741528683	0.001625929690753393	-0.01020579173067926	-0.002465696392898525	0.02470089610902695	8.90494025951691e-06	0.0588088923602155	-0.0007367586153318893	0.00400021141206237	0.0398442834398968	0.0003843106481130967	-0.01452510181106663	-0.02836874823333119	-0.01299050618500212	-0.1546757924126011	-0.1140290454423824	-0.1253347451057223	0.0100459389669391	0.01003222302280231	0.01004619926387775	0.01005410190266983	0.01004285073528346	0.01006666011136374	0.01003882410636675	0.03165191252718971	0.4178873632937197	0.2212670875554647	0.01010392603898628	0.01003025828484203	0.1808984748505012	0.1524716720859621	0.01015318443197261	0.01003929212875015	0.0100270436205611	0.2749318682588282	0.1668131353784998	0.1496804920318426	0.1287006951548094	0.1347946698803776	0.1239311295430344	0.01014643517638375	0.1780898147603353	0.01008038863213476	0.01003332746269576	0.1465705670486962	0.1018849655264516	0.15115414744679	0.05586738558554458	0.01003618284411455	0.01007753672926111	0.1093948574466191	0.1816137223276763	0.03145111307636352	0.01002482636171389	0.01003354024986467	0.01001085046206817	0.01002291874347938	0.01038386235435044	0.02183741965145331	0.01006310133253226	0.01005159266743402	0.01009765882919041	0.01065862196609984	0.01001772344255594	0.0103968932812222	0.05590394043152611	0.02856985913843602	0.01042274910229526	0.01019450040910607	0.01003068789397647	0.01001486303279597	0.0100829530190464	0.01004743552491745	0.0100357867936122	0.02126866818520139	0.01227879185533426	0.01078992659125419	0.01638891582952784	0.02706600047501588	0.02994204627116761	0.01013848365836354	0.09615390518300515	0.01038412167630787	0.01021746846288896	0.06165294135903732	0.1058133004615776	0.1512835991921845	0.06301450685536335	0.01001038715586551	0.01003413645240262	0.01001280830986512	0.07640185268832057	0.1389759668130174	0.01016060732385313	0.01236735454317933	0.03374895354807274	0.01679982401670939	-0.03501082163443498	0.02072512937112815	-0.003778398494415695	0.01867778616095163	0.05435467947447008	-0.01599822763560459	-0.0190779422166919	-0.006557170200889576	0.01163803796678666	-0.005337362416124367	-0.02876125585690005	0.002799868788674931
0.6683333333333333	0.0100286070087897	0.01002027498046164	0.01002909457212492	0.01003582758467024	0.0100262478530938	0.01004016606043698	0.01002583533490084	0.03669614041165789	0.4520853351362715	0.2321167561294074	0.01007377558483977	0.01002155731391188	0.1900450945133308	0.1598908998631294	0.01171647903775887	0.01013603842108336	0.01001845659700657	0.2815080953781712	0.1665257999619838	0.1453316634914752	0.1304821003502493	0.1339699743894404	0.1200335470706018	0.01007528933149177	0.17884713188467	0.01005695140929758	0.01002369577788655	0.137923338603699	0.1067909906312374	0.1719429443237313	0.0608664084647938	0.01002506563017501	0.01005085966303017	0.1085076944559503	0.1860725314513215	0.03085804042020394	0.01001773028219678	0.01017862728422743	0.01093969749558941	0.01030837822981438	0.01020736373958992	0.01363717768457288	0.01004230099756622	0.01003579235574114	0.0100586831202735	0.0100969537035167	0.01001369065990944	0.01033470381314085	0.0617313831977777	0.03188967218937228	0.01026452470945427	0.0101157236656688	0.01001876600791101	0.01000915459133071	0.01007759091668153	0.0100385069804969	0.01002453672534379	0.02206385078664408	0.01479013685985956	0.01588713350520722	0.01570141088882309	0.02798715897126843	0.0318214124421271	0.0100809128537535	0.08092318502253179	0.010239010203434	0.01013023577804367	0.07022462142681292	0.08971218419302812	0.1484968272177512	0.06200242681427364	0.01000880005802514	0.01002583579434115	0.01000741817848588	0.07382340864190474	0.1498818695230645	0.01009471624090757	0.01401102195311458	0.03514503120864741	0.01836030430087815	-0.05020226368918128	-0.1640081143293091	-0.1276238749110302	-0.003342006454126306	-0.005339340179710587	-0.00181784695228399	0.0216215783199434	-8.512053409009468e-06	0.0577465741172766	-0.001126969962229261	0.003850943126715746	0.0379607116273968	0.0003383175413367865	0.003042264011982184	-0.03997299867485753	-0.01632364047005666	-0.1483919960576999	-0.1181692448906232	-0.116309672832614	0.01002273228985464	0.01001810930061607	0.01001824356254362	0.0100209600693291	0.01001789092565263	0.01003082880112233	0.01001702448756431	0.05554530667708427	0.3731888133154538	0.1910365040590524	0.01006807905929813	0.0100201690425786	0.1723780870040936	0.1489747404105818	0.0100375183648696	0.01001492698596844	0.01001094750864025	0.2739944001692269	0.1646001694924683	0.146132079818634	0.1366904430215408	0.1449467721501495	0.1329283956402292	0.01006616162193088	0.2477124328611237	0.01005246757707812	0.01002207606370238	0.1603621672585761	0.1725219512479356	0.1446223671384681	0.08109174255406941	0.0100171012206394	0.01003492618440106	0.1320956005624465	0.2035867450296726	0.02820485426199714	0.01001667402872022	0.01001105520574536	0.01000332001981	0.01000729533842326	0.01003598327357252	0.01003136994247808	0.01002590141906601	0.0100224346022768	0.01003110433407302	0.01006155381719325	0.01000946247770185	0.01028130731742257	0.06728648552357169	0.0348155582262225	0.01018134692877942	0.01007354832939066	0.01001186142930159	0.01000582331076639	0.01007054702552365	0.01003111762700375	0.01001617662321519	0.01028193641218566	0.01350569476480554	0.02091705134110397	0.01109914404373206	0.02689591315072179	0.03423274246425304	0.0100479885691916	0.07867825031826391	0.01016211668036806	0.01008345462862875	0.09883313073651588	0.09999416152789671	0.1647108741430082	0.07577512410088753	0.0100060897751031	0.01001722104862141	0.01000449435938775	0.07582250436590163	0.1629106314895639	0.01005949336968832	0.01480449554914541	0.03424542249098072	0.0187139486139229	0.02142256322550593	-0.02018030111898333	-0.0009389480067704297	-0.006360204331233509	0.004698268648144863	0.01223666578797784	0.006931331342309277	0.0008698074877545958	-0.0065428421936516	0.006332060553171307	-0.02865581716214682	0.002152283661996596
0.6782456140350877	0.01003472108481275	0.01002933284874493	0.01002640440838472	0.01002961117997354	0.01002685179897174	0.01004942227029587	0.01002274967268586	0.05212621466503727	0.4148754178570269	0.2085591831953544	0.01008571714795101	0.01002537080810191	0.181312348116276	0.1550296879307289	0.01069003346265376	0.01006307380874142	0.01001501963424738	0.2758640414469139	0.1651588087241557	0.1471532048751423	0.134668993632889	0.1422748243857017	0.1310288563192413	0.01017905314711927	0.226071508508629	0.0100661622932392	0.01002779856407728	0.1570356749376954	0.1590948041107691	0.1502318921387265	0.0756143452436653	0.01002182701805588	0.01004716632060931	0.1248859218531775	0.1962804379699934	0.02895951971895061	0.01002094861845285	0.01007785594743711	0.01037133625535772	0.01012605691356934	0.01028647549880022	0.01948694557419414	0.01003759660966261	0.01002967835146824	0.01005518605406556	0.01170406481867384	0.01001262283311696	0.01035950947379705	0.06363789635222308	0.03288977486524574	0.01026015973735989	0.01011250395064638	0.01001850931022448	0.01000925770130303	0.01007541046989321	0.0100380407963723	0.0100234670493161	0.01377663273553325	0.01309054223458446	0.01671343547785011	0.01207140294191197	0.0223276348175228	0.02720084642714977	0.01019557118239897	0.07821779849412308	0.01023424411490762	0.01012653891761816	0.09608461017112976	0.1076163236891421	0.1550620839195381	0.07603862048223503	0.01000735114381537	0.01002249157281151	0.01000716621861869	0.0673572442065842	0.1543435894434294	0.01009205977660848	0.01360835154188529	0.0297171542847984	0.01675337028332521	-0.06627940314216768	-0.1726880481604319	-0.1319010169143846	-0.007117422696566402	-0.0002913059169194677	-0.00118001426900659	0.01898690212963378	-3.813763094486861e-05	0.05628670022430783	-0.003146457375926725	0.003356332849368896	0.03620985319038579	0.0002836133245337742	0.004928644954641413	-0.04102020978186875	-0.02429119056972468	-0.1352084251104333	-0.1243739609568632	-0.1112130520382168	0.01006225031478246	0.01005681951406112	0.0100404370886929	0.01004133982881804	0.01004489961420784	0.01009177248972415	0.01003179182036469	0.06300185697781097	0.3685315155396344	0.1852109518348893	0.01013059750051117	0.01003881795563943	0.176008104410694	0.153505361378437	0.01005547527224597	0.01002463371894964	0.01002005054122586	0.2646446247725744	0.1637189701233135	0.1528072001999335	0.1377350617877525	0.1517639800428155	0.1461862563788572	0.01045100156063208	0.2813891222312251	0.01010095929002851	0.01004252436364642	0.1858897491699004	0.2190213541102098	0.1163905050852106	0.08457060682303444	0.01002876834109702	0.01006888411099276	0.1390440998038289	0.2028407823496363	0.02817750551487645	0.01003206082293303	0.01002130812540509	0.01000586187981316	0.01001333769537451	0.01075265736794737	0.04070619743229231	0.01005564065966081	0.01003880515683159	0.01009691098063332	0.01560640482528844	0.01001715344936285	0.01050756497006912	0.05906935131483357	0.03025966240403541	0.01041383550252911	0.01018764912790493	0.01003109522216046	0.01001583073737341	0.01008158580071484	0.01004977612791785	0.01003590219078511	0.0100273280638539	0.01006694397393241	0.01020100231467626	0.01007635288388009	0.01017756044315375	0.01239152959136383	0.01051912814156654	0.07885593863926528	0.01037425613322104	0.01020955503147167	0.1231861542019917	0.148622476795127	0.1528550441466361	0.09422360602327917	0.01000818073826726	0.01002909698860483	0.01001228644500955	0.0485600487726421	0.1461639053990587	0.01015492578801143	0.0110799197118782	0.01747650474785598	0.01204712744987251	-0.03144558619266582	0.01901511902246256	-0.004275156685482257	0.02377282908255901	0.04092906087788692	-0.01642371289833556	-0.02361263927552919	-0.004840521498964813	0.01203772978107832	-0.003236826315609546	-0.0286216317844855	0.0002533133859276253
0.6881578947368421	0.01003758731466181	0.01003361532232079	0.01002490926868944	0.01002653511831572	0.01002680010751685	0.01005253053061267	0.01002081236762619	0.06594720160774838	0.400196221416841	0.1978153458488921	0.01009301309510388	0.010027736297321	0.1849243628937203	0.1607749146297744	0.0102612598561315	0.01003201079126107	0.0100131961039554	0.2715048163203406	0.1639167549361079	0.1485739076769772	0.1401962309191619	0.1513865772264192	0.1424855795410677	0.01008179996638961	0.2730252096004796	0.0100717307943113	0.01003031844108947	0.1752990982768123	0.2103707822672519	0.1371289147550504	0.08863393612760444	0.01001962493957414	0.01004443060351143	0.1354430856295613	0.207642922660304	0.02812261425134621	0.01002296862468725	0.01003543886486574	0.01013119328063479	0.01004903335822052	0.01029519326187628	0.0209485091012996	0.01004018753058823	0.0100273969852351	0.01006970026981408	0.02318139946014133	0.0100123703064726	0.01030604883014643	0.06441326697809704	0.03327525040238637	0.01025960173873629	0.01011193269464524	0.0100151016712289	0.01000701580781469	0.01006734333338892	0.01004181745793464	0.01002884419910894	0.01133066346161584	0.01110257541063456	0.01243188527018517	0.01074814274969968	0.01445100083419522	0.01681084002685593	0.01003651030442531	0.06207452580416298	0.0102333296408252	0.01012580463550424	0.1179679706998197	0.1294940750772689	0.1497218562200809	0.0908872741539383	0.01000609152057548	0.01001931628435289	0.01000710790968141	0.04230480682630885	0.1565787297816842	0.0100916560856027	0.01158640890336853	0.01899012129854238	0.01292279628173568	-0.07623689958572788	-0.1762874315329566	-0.1359428936465752	-0.007879095063468813	0.002955899874205715	-0.0009084791484986189	0.01728974263278799	-9.293390624556287e-05	0.05681321315777867	-0.005187720061073018	0.002873079205209636	0.0353765506818398	0.0002410635015732175	0.009664634646501042	-0.04182122572546405	-0.0173426793084887	-0.1160504639298189	-0.1325414542773644	-0.1038788368027663	0.01003102355276609	0.01003856813662463	0.01001565166723462	0.01001603869170403	0.01001809209985161	0.01004113066689587	0.01001332748379602	0.08292523792640727	0.3983401514337675	0.1928814047616891	0.01007891477045279	0.01002367980407005	0.2003950041653257	0.1774460048296656	0.01002046154479299	0.01001058408289777	0.01000796529906856	0.2662077778107475	0.1617447515250051	0.14835255796754	0.1487605386024467	0.1639036395189461	0.1563484629819067	0.01020437453311287	0.3499723510550796	0.01006055799465626	0.01002576941312615	0.1970850751743194	0.2860691707347373	0.1329341949002932	0.1063330253091145	0.0100127931724633	0.01002918211332622	0.1460104528036536	0.227983963860198	0.0276247549547204	0.01001971293526335	0.01000866036004588	0.01000222373034047	0.01000545270032435	0.0101315164798684	0.01317988023589052	0.01003443715499104	0.01001944459657329	0.01006878597467229	0.03925060707272584	0.01001208002752528	0.01589760271979029	0.06770507932478466	0.03504433834018068	0.01018309665166677	0.01007432499689273	0.01001071203512756	0.0100051253323664	0.01005494190385784	0.01004196775937989	0.01003012966794645	0.01000687063925919	0.01001709871995806	0.01005043530631439	0.01001939710513136	0.01003286712220869	0.01007950522819706	0.01124512701400968	0.03553455889316412	0.01016309944671562	0.01008405484600054	0.1437359217489054	0.1466811905889657	0.1284576457654005	0.1096105811964419	0.01000468590360172	0.01001492530040176	0.01000454235809723	0.01241201992357733	0.1644344967433524	0.01006033118612089	0.01012300169970615	0.01003608702960321	0.01007328496000262	0.02361018768921814	-0.02000870207857148	-0.003923723699887764	-0.005267117802268117	0.003618934125803806	0.01394911580348346	0.008724301323348728	-0.006480930372253803	-0.006722893328292995	0.005534826294990019	-0.02873707803041668	-0.003463679294113617
0.6980701754385965	0.01005281137759747	0.01008893957771518	0.01002318578770606	0.01002290315913605	0.01002835522545071	0.01007710974108513	0.01001833393014886	0.07838852436661729	0.4155462518772163	0.2041946252626939	0.01009076884848079	0.0100268558575126	0.204506806969894	0.1804892610715063	0.01011742952289215	0.01002050408264728	0.01001116842270801	0.2646495041760235	0.1613769765090102	0.1495736948145261	0.1443599482821541	0.1593773477647385	0.15287296702007	0.01162899664893144	0.3188293264066455	0.01006943985352564	0.01002926852209148	0.1931742352713225	0.2615615758801167	0.137204000597709	0.1004571241081237	0.01001683964168885	0.01004009296223718	0.1390156230757907	0.2182715423601458	0.02882145238310205	0.01002231068490891	0.01002158536283478	0.0100533711963491	0.01002402858481761	0.01053639632455078	0.02523907295432615	0.01004066107263761	0.01002489391417248	0.01007900045994691	0.03768978551644748	0.01002173956659686	0.0338217854202973	0.06417514096485258	0.03310599920819007	0.01026376202683461	0.01011464601116919	0.01003995195466395	0.01002395542654183	0.0100694545691535	0.01004763392604263	0.01003275436044216	0.01052668187337118	0.01044436751636319	0.01099264311545215	0.01030655015747356	0.01175347358288036	0.0125255165135436	0.01645659330139589	0.0476174405898999	0.01023698622451284	0.01012848540763464	0.1389632624646489	0.1435704740535464	0.1073290788031743	0.1131485953950838	0.0100083226985462	0.01003072582164063	0.01000737713729482	0.02058761215576205	0.1569124505602617	0.01009411899165975	0.01057309370199066	0.01281264784740987	0.0109764990173207	-0.08293501590960056	-0.1919077571535312	-0.1407358638023596	-0.004492993998252698	0.005731361292784971	-0.0008041384348921478	0.01700850220966043	-0.0001606566478794484	0.06027489803697568	-0.008939000905178936	0.002249338510054398	0.03584536644637518	0.0002125017344505762	0.02477745244512533	-0.04188112697403426	-0.02369942560564135	-0.09638629626410307	-0.1393019484135291	-0.1028338249492201	0.01010442971123619	0.01021592798785132	0.0100367733130969	0.01003354814295433	0.01004953495469256	0.0101613159784744	0.01002632128476634	0.08674598776792446	0.472603078619765	0.2289011240138631	0.01011705230666917	0.01003397637703234	0.2436380594802337	0.216637873783464	0.0100393475641222	0.0100201854215795	0.01001580138863908	0.2460298946046797	0.156527945238338	0.1541627430541842	0.1439817857317885	0.1661892292584744	0.1658078838447069	0.01511910752798973	0.376401442016317	0.01008891681045457	0.01003703640971459	0.2225341336452198	0.3299185791515625	0.1375327294326757	0.1070189861746544	0.01002264415546226	0.01005868801053919	0.1357864053421873	0.2229357145117016	0.03117456365127428	0.01002820336197693	0.01002071922248226	0.01000461066804412	0.01001273046892447	0.01145649969526655	0.05245974575580315	0.01005457811780348	0.01003358849942555	0.01011056373581702	0.04815544382562446	0.0100450239717858	0.08246423289683687	0.05735969859544703	0.02932988394176553	0.01042664002469239	0.01019619468864126	0.01010761753661444	0.0100679152189549	0.01009547040560604	0.01006334548489557	0.01004233039516356	0.01001380626119281	0.01003636984577922	0.01013047099998222	0.01004040081010214	0.01006996851358734	0.01023379408751559	0.02980287768246028	0.05180889488095582	0.01038591248735216	0.0102181595859633	0.1659469495732084	0.1673239921290452	0.01551569698662736	0.1505944610950828	0.01001595598135629	0.01006575896273415	0.01001313574422029	0.01036881749934204	0.1437212791629715	0.0101625733679532	0.01003324980056206	0.01001051684543624	0.01002156543573606	-0.02717675390888401	0.0165927041612885	-0.004254184516879584	0.02879422048265459	0.0314340024675341	-0.01652636559240963	-0.02121470825711668	-0.0210225517691472	0.009039177611806662	-0.00147697907827166	-0.02910096405719293	-0.008259238360538088
0.7079824561403509	0.01006319501204427	0.01316120452185305	0.01002258341614133	0.01002137742619183	0.01002936559022997	0.01009097829473033	0.01001692763668771	0.08689176912517844	0.4662162558976529	0.2316562674293154	0.01008340966540459	0.01002430860983151	0.2414935997804051	0.2152525501051589	0.01005701422300163	0.01001534760631257	0.01001025201663953	0.2599460580150915	0.1596312739761541	0.1508632901343476	0.1489654066989681	0.1670430164314482	0.1624965849999529	0.0141750454525691	0.3591841641496044	0.01006331089093203	0.01002646343353851	0.2087632674247462	0.3065350431632147	0.148722782647503	0.1091098275961444	0.0100150159580242	0.01003732439449684	0.1354040049033692	0.2285107737231004	0.03138379076347741	0.01002021153047125	0.01001569097231306	0.01002043272516403	0.0100135823355316	0.0105703271818594	0.02524712571902599	0.0100394559098688	0.01002429196464424	0.01007423469383701	0.03701058513621355	0.02235257215162985	0.07646854241590974	0.06398548043154105	0.03286324714842973	0.0102712354527312	0.01011937024817014	0.01210423500303673	0.0100433419524347	0.0100792004660474	0.01005373671676638	0.01003285574173427	0.01018931052430082	0.01017194808619748	0.01041996053999959	0.01012557179851643	0.01064308355656839	0.01098742678686681	0.03438940823588024	0.04418053126395767	0.01024392949483448	0.01013345303231932	0.1498899343060357	0.148151699762783	0.05145215106526571	0.1347789741259264	0.01009544503089981	0.01037005477793301	0.01000776240644332	0.01388987663983388	0.1580882986892188	0.01009825303270406	0.01021219458393001	0.0109858883198169	0.01034782705749974	-0.07632614130652722	-0.2086686635146194	-0.1458020189727881	0.00187720740849224	0.006565994934872627	-0.001152534820156509	0.01811839183075984	-0.0002465219515402886	0.06597552419844656	-0.01322567055632837	0.001696466251020802	0.03766908413545551	0.0002056346733946555	0.04027858186568142	-0.02904932845898565	-0.02657216575288703	-0.08582649243781021	-0.1426491031200673	-0.1024489383279846	0.0100525054522982	0.01881410422793283	0.01001466999715899	0.01001370970707598	0.01001986863925727	0.01006929474320035	0.0100108219094744	0.09669533375340562	0.5853479605410818	0.2846770226856748	0.01005784661333098	0.0100165210871602	0.307998016504513	0.2750972313142618	0.01001781043724601	0.01000858509860411	0.01000652473188347	0.2613164434208261	0.1598259312959556	0.1516665622967618	0.1587865585909878	0.1790211441942753	0.1746200989680083	0.01678537998370652	0.4265714707901873	0.01004330138728075	0.01001792505679933	0.2252080049861035	0.3732820573087706	0.1742984633308391	0.1207474590699784	0.01000953179190456	0.01002386583771332	0.1282885687910181	0.248650519659534	0.03456812283896329	0.01001378258151219	0.01000841193616421	0.01000216391760397	0.01000580358996744	0.01008044727892103	0.01017303043889245	0.01003094757409882	0.01001931185230684	0.01005161402491198	0.02938264395926125	0.04118035008434291	0.1185464531465204	0.06851631036980713	0.03511998514256488	0.01019435235111003	0.01008123485754357	0.01705023599441408	0.01006950539567612	0.01007798431008806	0.01005303336158778	0.01002789622689554	0.0100084372110359	0.01002446323404435	0.01011047848880594	0.01002678450988696	0.0100442160765026	0.01014927312048762	0.0546043658205107	0.03828566610868831	0.01017339470315926	0.01009126800642995	0.1541232605440663	0.143242923509224	0.0100543617069241	0.1531089248287456	0.01300852733765107	0.01248356228352107	0.01000510293400632	0.01011621048928982	0.1704162252980768	0.01006638443512204	0.01001295175373457	0.0100036709419017	0.01000789590504883	0.02581792181986578	-0.01928415121463578	-0.007258973399551509	-0.004779026489423965	0.009945492073408196	0.01502690867111871	0.008469522423937819	-0.007972093385751286	0.00101306895665729	0.004522526940481744	-0.02986079579912777	-0.01199896861432597
0.7178947368421053	0.01007333217654596	0.0210899050497018	0.01002099969183474	0.01001938011692999	0.01002879972548948	0.01010544102325162	0.01001529012554092	0.09300133719390682	0.5485295291023784	0.2765577252599793	0.01006922880029533	0.01001969418723822	0.2947730812873743	0.2642728481211647	0.010037994044551	0.01001271917876469	0.01000904328862703	0.2624366034105524	0.1615868562414914	0.1540031653176322	0.155804997911412	0.1752296174442276	0.1711340835433899	0.01918474045004844	0.3938896680005363	0.0100518019616915	0.01002138499362545	0.2202797925727707	0.3434553039707193	0.1710895412221924	0.1155333474660516	0.01001353680278488	0.01003408882815816	0.1258492724468274	0.2397264637438817	0.03558944453409964	0.01001641292418225	0.01001350852278402	0.01001008276561559	0.01001069942239934	0.01027877529969537	0.01962694988394896	0.01003912077311454	0.01002470432979792	0.0100699957082229	0.03120554678048062	0.03580635750943744	0.1068554657939843	0.06901962026183835	0.03551624077774478	0.01025256912489933	0.01010658146029923	0.02212387097321297	0.01014400750682745	0.01007886525175352	0.0100525781754189	0.01003164497278118	0.01008297783520275	0.01009256954079867	0.01024958252900431	0.01007931404991292	0.01030179013559263	0.01057404295850814	0.0500223399406294	0.04695160260542167	0.01022533871057106	0.01011950137370563	0.1509407404076133	0.1472129287784041	0.02574707528585047	0.1466615905981601	0.02163288831949102	0.0174141048946814	0.01000673839733405	0.01163944349252019	0.1697387626136625	0.0100872642993585	0.01009300994316324	0.01038983810109963	0.0101423280711309	-0.04953059133963524	-0.2181436730263511	-0.1510302982527259	0.00925927000138624	0.004805922862463399	-0.002090386692978568	0.02003216107679428	-0.0003496671596062066	0.072810401322222	-0.01693310658389723	0.001388088709983552	0.04043603825379129	0.0002251354503388844	0.04534099958858934	-0.02810941692033748	-0.0144408066712769	-0.08077362593559868	-0.1427172849778215	-0.09900286680443127	0.01012447235311016	0.03094321704000146	0.01003267441334149	0.01002910588035831	0.01004690722100401	0.01019081069650871	0.01002282677002242	0.09600229118372543	0.7264683697245965	0.3563818186720583	0.01008221362714892	0.01002278550553994	0.3885152421380242	0.347079080859798	0.01004061517272622	0.01001732784999933	0.01001310648716877	0.2655109908240339	0.1664817840936784	0.1634341613502406	0.1612478454157529	0.1836041973257992	0.1818058455626461	0.02764993914470492	0.4361598785229337	0.01006079147097162	0.01002472178738741	0.2391172958167259	0.391569442466897	0.2003473599063541	0.1168408443898619	0.01002001277995258	0.01005177339046773	0.1078987901456546	0.2473730971713602	0.04138671128811121	0.01001899318022096	0.01001987721815321	0.01000535394901408	0.01001414303573773	0.01056359398805027	0.03528245939320901	0.01005473359080702	0.01003537591271037	0.01010258520169283	0.03099927111395551	0.03816126023193869	0.1341502540619419	0.07379756221538965	0.03772531567710358	0.01036446990010984	0.01015398830390211	0.03815238227857251	0.01034643866935086	0.01008523024013192	0.01005413598259158	0.01003866343181597	0.01002109368768328	0.01006127639816717	0.01017369292351554	0.01007594621925978	0.01012484796287063	0.01048932334446632	0.05954210656104907	0.06432782875298318	0.01032447195785184	0.01017229100366571	0.1529327888975022	0.1569322857530436	0.01006598400772295	0.1613252580185286	0.04456945950947352	0.03074787527009976	0.01000975027581469	0.01035883321017022	0.1842070116033644	0.0101262380577995	0.01002505027996863	0.01000657177874769	0.01001455516012053	-0.02285072030088565	0.01455471719056129	-0.00441102429343132	0.03228443703604496	0.03127054893702376	-0.01856009033197347	-0.02155502381867287	-0.02020953436906045	0.01747471832947805	-0.0006223611330399653	-0.03077789344013968	-0.01509591927735111
0.7278070175438597	0.01008011518195136	0.03564712862472258	0.01002064532636745	0.01001872436301697	0.01002913632891855	0.01011487927031124	0.0100143910342455	0.09491662718499189	0.6550737869165293	0.3357045782443565	0.01005923704679014	0.01001654204663393	0.3615225913814438	0.3248692405094527	0.01002990700546174	0.010011566337978	0.01000858483094376	0.2673475783944989	0.1649519549144626	0.1582515210266568	0.1622360477514298	0.1824025645874763	0.1783609222638738	0.02312414249307863	0.4212566031153793	0.01004389544973972	0.01001793995493507	0.2292603074875128	0.3727735595493644	0.1998831762968769	0.1188358425395055	0.01001249014668646	0.01003205979715329	0.1120931991327055	0.2494862978027378	0.04148013716516486	0.01001379877250976	0.01001280582675141	0.01000586983507965	0.01000958742392545	0.01025004020510272	0.01977646189514374	0.01003573881296434	0.01002356113168279	0.01006077605265143	0.02291121068728059	0.03961043589176903	0.1247139724948165	0.07526955507044635	0.03880993487752472	0.01024339510978105	0.01010092363551162	0.03565985366057602	0.01014527052646891	0.010111571512601	0.01005917127450573	0.01002842723878792	0.01004002328851247	0.01007526380815036	0.01804444987295481	0.01006397698411563	0.01019139365173165	0.01526449304045955	0.04822449448099141	0.05355597065552431	0.01021615971951473	0.01011319189886608	0.1615098569533903	0.1449640002476995	0.0156814843301921	0.1545445816630635	0.04935092117367788	0.02236567240999975	0.01000632742611183	0.01114657781211617	0.1842073991765219	0.01008252224294525	0.01004342219337982	0.01013811332490707	0.01005577280454571	-0.01728347833924824	-0.2314507457112891	-0.1561736032078123	0.01865399496503328	0.00226585565936511	-0.003162644732769277	0.0232094725632728	-0.0004453463502416863	0.08142621420832137	-0.0222002523430278	0.000913522311532113	0.04444349743686503	0.0002485449901772615	0.06327274094713146	-0.01297399104258125	-0.01267654937766721	-0.09193032092415769	-0.1374108810430987	-0.1007229757633438	0.01006367050977073	0.05227357468300047	0.01001417779840406	0.01001284305114481	0.01002034198528003	0.01008499402099187	0.01000935884490828	0.0964323647508496	0.8737299692620251	0.440350160766711	0.01003782277129656	0.01001032170540614	0.4795981840881292	0.4283655361247786	0.01001806569487352	0.01000764602137205	0.01000585582023851	0.2773550440724831	0.1694214893576317	0.1619992401321204	0.1718978693317149	0.1922850946765921	0.1868593806466742	0.02443056985181495	0.4679914847718143	0.01002761474891448	0.01001115997949072	0.2380381060166501	0.4186643869731985	0.2455152728846856	0.1238383418704248	0.01000783369883868	0.01002032112567151	0.09538538115762797	0.2667213902707004	0.04813618085718353	0.01000863482609765	0.01000862514559148	0.01000288112121556	0.01000640615253629	0.0100388038875372	0.01003370905278696	0.01002289293972498	0.01001654252837666	0.01003022572177246	0.0101355436148696	0.04366991369764733	0.1418516050558334	0.08337309903262843	0.04279926170214646	0.01017345136942753	0.01006855066391831	0.04881472876444198	0.01002450639476136	0.01014981290394459	0.01006611012360297	0.01002008416773898	0.01001715549113134	0.0100708109156421	0.0284427918382273	0.01005068560342881	0.01015380681401338	0.02220078703521017	0.0394177418361101	0.05604051580049235	0.01015260567499772	0.01007715348889295	0.1797258415669988	0.1356218732613818	0.01002724688978855	0.1609823874440988	0.08407430952972984	0.02285292383423322	0.0100041811822927	0.01180028705953072	0.2063458581148835	0.01005576785143644	0.01001340907243247	0.01000305431440263	0.01000755573138501	0.0266639361445189	-0.01933773327572287	-0.008831605316118249	-0.004966503271377148	0.02231241635314149	0.01587939474776566	0.008442161691548829	-0.006066617422076416	0.002883323238046947	0.004971964995015054	-0.03214431849787125	-0.01961322185543941
0.737719298245614	0.01008365252513332	0.0467531642430512	0.01001983065666543	0.01001782297923737	0.01002851811513536	0.01012021803975634	0.01001369888163262	0.09562947401884017	0.7712745605054642	0.4054890398441822	0.01004795393277869	0.01001311537792946	0.4365146584879681	0.3925381321207096	0.01002712008142537	0.0100106976281319	0.010008014525473	0.2733896587261551	0.1690805385421106	0.1629655584880509	0.1677752927189968	0.1881460802639828	0.1834190663140245	0.02560805466816154	0.442704476666424	0.01003505495975877	0.01001418458296975	0.2350613800658172	0.3957011903218851	0.2314527220191579	0.1207764368822338	0.0100119012605455	0.0100303169820441	0.09698457650268096	0.2577445685252638	0.04855044276154458	0.01001096923765938	0.01001222979910491	0.01000496212767058	0.01000915692372418	0.01011135095550859	0.01144587740440558	0.01003196473079655	0.01002237006723881	0.01004836668315338	0.01325696613756241	0.04064655877769585	0.1363214537501738	0.08127702483585389	0.04187949381032221	0.01023185617086632	0.01009363436336634	0.05072335649141155	0.01005875265000647	0.01011803175092908	0.01005788059106433	0.01002467573220451	0.01003396170704938	0.01007931183440466	0.02077988994749338	0.01007920475894079	0.01022632377920581	0.019750835229533	0.04201638247543499	0.06243702088315797	0.01020466645868587	0.0101051645372059	0.1671707738226244	0.1422064336625044	0.01223326823404698	0.1577438466774059	0.08675910683036986	0.02643801957553479	0.01000575407671045	0.01366984330275291	0.1987571132690966	0.01007640674350824	0.01002873765841259	0.01005678266506063	0.01002852764433915	0.03427882426564068	-0.2380748616615669	-0.1605302225819329	0.02615863095087344	-0.001450621916205957	-0.004429351587076592	0.02648013647694641	-0.0005321089034915003	0.08871977879298912	-0.0275100452229953	0.0004489282853484329	0.04860062220050034	0.0002761474625461291	0.06580119961148222	-0.003452495241367842	-0.00538390155134239	-0.1116864382266079	-0.130289845635977	-0.1030550522631324	0.01012846694837991	0.04988101811777949	0.0100306081786874	0.01002706995938707	0.0100447645508831	0.01019759857084439	0.01002163883499246	0.09581684748897352	0.9999005395938885	0.5309810048957345	0.01005842104449328	0.01001567158230216	0.5703467252330562	0.5094514625074682	0.01004007177263076	0.01001586006394008	0.0100118597200019	0.2799406108169221	0.176062655659748	0.1737549832122443	0.1709500284495086	0.1927679145806013	0.1883928008231953	0.03126174250647658	0.4657263582565185	0.0100422236850285	0.01001691646723556	0.2450110178186446	0.4242689758158387	0.2712093470389901	0.1187414095101989	0.01001926943023548	0.01004855926999793	0.07674269455635779	0.2610672332285977	0.05703793158880592	0.01001312967192121	0.0100188453615852	0.01000667533270492	0.010013928795265	0.01018171679626827	0.01021667111960714	0.01004681300445559	0.01003294829993879	0.01007473723347242	0.01038632390183791	0.0372183545523395	0.1492932218573061	0.08562077899923963	0.04364959274127603	0.01033914036836733	0.01013785955248575	0.07111887132383943	0.0100900420717384	0.01007323059067161	0.01004407099387916	0.0100306537056873	0.01004399607399982	0.01008964677922908	0.01056264938082327	0.01013541863452307	0.01033281552532439	0.01925648751431831	0.04208991610364345	0.08540326618988001	0.01029928276491871	0.01015460361616831	0.15617116698748	0.1505504440478516	0.01005735727643285	0.1604228802583695	0.1354764563687146	0.03828778542212691	0.01000844946996875	0.01831429090586548	0.2140615358700666	0.0101127023091723	0.01002882050943809	0.01000600020908923	0.0100163968216604	-0.01970526534334785	0.0127992975470453	-0.004200007735193682	0.03320143506715247	0.03882608458945903	-0.01978772167086982	-0.02563919417132562	-0.02208348508998939	0.0195233711566338	0.0005017959806130096	-0.03356601293722733	-0.02406367392187265
0.7476315789473684	0.01008915413542518	0.05536669722138052	0.010019636244606	0.01001746755883506	0.01002874976496372	0.01012934082155451	0.01001318629669231	0.09433573673031619	0.8619806246322561	0.4810846329404139	0.01004127682826032	0.0100111315576447	0.5139787464067704	0.462096490380478	0.01002551137204919	0.01001022614214493	0.01000774417553061	0.2787425609214028	0.1728609279694521	0.1675274207521295	0.1720327780058457	0.1924991452653701	0.1868545989037698	0.02795651797369586	0.4595646486418076	0.0100299054133201	0.01001201830879149	0.2388727403600629	0.4143339934823724	0.2613399699860682	0.1213053810489548	0.01001133003773846	0.01002910612113226	0.08142175407408075	0.2641580396760992	0.05694350886132699	0.01000932517070589	0.01001216548959902	0.01000457822187001	0.01000907602566992	0.01009407390354144	0.01056475562492423	0.01002976480610747	0.01002159752085682	0.01004364314962985	0.01125103933024548	0.04373314751201075	0.1485753457949862	0.08881298764163362	0.04586543784577585	0.01022209495649638	0.01008814939311961	0.06872085119776102	0.01004839166227991	0.01018308705104986	0.01005713801883447	0.01002210122742101	0.01004246797778195	0.01170666982301353	0.03794995400770201	0.01009261637914029	0.01575974047345523	0.03244468532787667	0.03525695572712795	0.07411800831339214	0.01019513203383804	0.01009906523541608	0.1753310803470082	0.1388232300883752	0.01079827678162855	0.1599230955525842	0.1261521135167199	0.03426641287819198	0.01000535493375648	0.02268618775121468	0.2158623543645784	0.01007185851641177	0.0100213929124675	0.01002218674910084	0.01001665144813942	0.08225768105387683	-0.2383341004241903	-0.1623219588614439	0.03308115439737396	-0.005299441208707357	-0.005547728700028866	0.03007829134472663	-0.0005951698207382472	0.09493526558588807	-0.03386064827760521	-0.0002437569597299572	0.05297095076295058	0.0002942335420780645	0.08100093473571485	0.01597715058969084	-0.001105173220685998	-0.1423572198765093	-0.1190622488467342	-0.1088409915650449	0.01007295473422944	0.06601675090815613	0.01001390055202549	0.01001231210448082	0.01002074065458395	0.010101406785403	0.01000858231863819	0.09188090899806317	0.9999881213605992	0.6190349689042876	0.01002611513229401	0.01000691779356282	0.6531322424079651	0.5828701850316046	0.01001698404474344	0.01000701141261848	0.01000543034072012	0.2876240081676714	0.1770479787905885	0.1713342747400013	0.1785052330151673	0.1986412712424273	0.1906843436582959	0.0282481745473452	0.4907223240052347	0.01001867458621949	0.01000744588653293	0.2413704712160112	0.4458052995701303	0.3058992814910375	0.1230744460000903	0.01000697438483155	0.01001840747143382	0.06544795739007196	0.2762854554799454	0.06649969147863692	0.01000581325421612	0.01000870292237026	0.01000322377209188	0.0100065450688345	0.01002963174486669	0.01002148195479596	0.01001883215970877	0.0100150845397936	0.01002263945108549	0.01004454789379725	0.05092994059057936	0.1652131950862171	0.09967705581183281	0.05127628805838123	0.01015330701058116	0.01005743595570746	0.08848101481786547	0.0100156024461905	0.01028959469359165	0.01006251608905137	0.01001521418033991	0.01005803379932676	0.01385513994376761	0.06933881984056038	0.01012136887958156	0.0246516220834756	0.05238345624772953	0.0242751773542917	0.08227285002424847	0.01013299830827645	0.01006479671767257	0.1960330138081392	0.1283226789988278	0.01001574106432585	0.1623961105885811	0.1741655897066517	0.04021196417786804	0.01000337341284004	0.03495163458095805	0.2443617610335452	0.01004657936991851	0.01001139990357648	0.01000272108779144	0.01000725032230444	0.02672266988739584	-0.01930751544308739	-0.00991551950995985	-0.005109814171194237	0.03786596293736037	0.01673826629355097	0.009126541879215242	-0.002942353088892357	0.003804182883572643	0.005148516501757304	-0.03520328498801052	-0.02680046020018541
0.7575438596491229	0.01008712367051191	0.05750514318623857	0.01001918434709295	0.01001706121447354	0.01002805994165581	0.01012786963598293	0.01001314692840106	0.09275790163005164	0.9157185626592877	0.5601135183996967	0.01003391402665389	0.01000900100918418	0.5873647071461937	0.5268092688674214	0.01002513471155179	0.01000998327126896	0.01000749005114523	0.2838264027970307	0.176963562049408	0.1725539747249943	0.1748922938759038	0.1953355829459057	0.1882097556479754	0.02852774539281384	0.4719440555018399	0.01002426884401573	0.01000968845962779	0.2403277568443931	0.4281021269613619	0.2860025715943808	0.1210977209989792	0.01001142965018789	0.01002868568269005	0.06921667801562342	0.2687748149824103	0.0660434093527511	0.0100075643715901	0.01001185171947204	0.01000445427440679	0.01000888527029085	0.01006038078901242	0.01023049900649866	0.01002636400735458	0.010020436921479	0.01003517147869902	0.01050303464936659	0.04902724942182734	0.1594989480703087	0.09618403417600385	0.04969394492113653	0.01020876072646942	0.01008027686561506	0.08778248695653082	0.01002983049852895	0.01020289526626216	0.01005458502150711	0.01001897421538472	0.01008441594088868	0.01237350699015498	0.05242697887315782	0.01025890336139285	0.0243105765138776	0.04558321325898024	0.02684782004391196	0.08646011176414176	0.01018197428932268	0.01009037413340701	0.1796864492856833	0.135766181318111	0.01032832955458624	0.160656250727728	0.1688531599529911	0.04151099154715186	0.01000474903677637	0.03588242823590323	0.2327764377059195	0.01006533197221329	0.01001727079368847	0.01001106378579596	0.01001255085539536	0.1404224473555404	-0.2335882107757089	-0.1615161982479047	0.0355990202435782	-0.008532484270848819	-0.006347983753263247	0.0328123055759359	-0.0006263206583483705	0.09687679349959831	-0.0405659584414049	-0.001155583309547526	0.05634164447628777	0.0002945190531770148	0.0732880628024616	0.03213801441114401	0.002462865025124245	-0.1753789734675432	-0.1110576922151134	-0.1183457738798259	0.01011725573738308	0.04659194179606493	0.01002945999574122	0.01002620892567168	0.0100425103071635	0.01018459831570677	0.01002200919649681	0.09227939650042136	0.9999871186155328	0.7098725981482523	0.01004304430139995	0.01001127121230189	0.7168571926240431	0.6361273537289648	0.01004048774387326	0.01001559127941996	0.01001136686554118	0.2896235015309004	0.184894678816405	0.1847416085624966	0.1743464462093481	0.1958115260839777	0.1875231088999182	0.03059777002297998	0.4793985719077299	0.01003048814607345	0.01001210150331073	0.2434429609872718	0.4404582127069743	0.3122580739154635	0.117245386291417	0.01002010530064577	0.01004846853063219	0.05757357477612329	0.2667000368965875	0.07642248051676835	0.01000949727544419	0.01001798106666731	0.01000667414198094	0.01001344302387901	0.01009874057704914	0.01007168897735364	0.0100388714730631	0.01003025876302883	0.01005423565025799	0.01010790730071598	0.05025562434009739	0.1694751858870408	0.100266900279929	0.0511582468202595	0.01030907269913493	0.01011984665017081	0.1122602318439282	0.01004513485674146	0.010069859014622	0.01003724657070538	0.01002387523654081	0.01015964151580291	0.01050023880929654	0.03561512924322052	0.0106132733117948	0.03051137968849457	0.04600166183260598	0.02356571692511632	0.112097110048687	0.01026952141413643	0.01013475926173375	0.1581647425693798	0.1448452638861636	0.01004576477575912	0.159545643065325	0.2336335466835996	0.05256044887647608	0.01000704145675583	0.04944563964967958	0.2482156329528423	0.01009777040415132	0.01002363483448949	0.01000603753120258	0.01001557567315525	-0.01673705247064613	0.01155419283622721	-0.004238436442437361	0.03271280625562974	0.05454808076307773	-0.0213719049474337	-0.03105961779426556	-0.02217234135630519	0.023489171210353	0.00244975711214979	-0.03661143547891453	-0.02940949633115972
0.7674561403508773	0.01008457593360973	0.05523386913876754	0.01001920249658433	0.01001706265545936	0.01002804521157753	0.01012663660357457	0.01001312777299974	0.09118023754379996	0.9488047416219437	0.6326063765929012	0.01003024502815938	0.01000794796753493	0.6504888721825646	0.5817406089151659	0.01002519550210448	0.01000995452246328	0.01000742823853719	0.2896176978877348	0.1812700783659844	0.1774913632711403	0.1776541146187162	0.197803271209908	0.1886825290783632	0.02895756049947314	0.4833339607059423	0.01002147134887785	0.01000853742718822	0.2403259080165218	0.4405190804624409	0.3028919086025647	0.1207606814381358	0.01001138718921267	0.01002856023494797	0.06446570073186492	0.272769410173358	0.07458168453351935	0.01000669398685843	0.01001195964121743	0.01000445794378445	0.01000896963914592	0.01005634486842277	0.01010627801396437	0.01002512735691333	0.01001975063222008	0.01003332950771557	0.01021704934943556	0.06123867165260908	0.1706350213694842	0.1039983670463773	0.05391535102484017	0.01019934826725709	0.01007538876215992	0.1082823802625599	0.01002570384595911	0.01015234245515312	0.01004487082852711	0.01001737483829921	0.01009192226619988	0.02256399240619122	0.0594993391592833	0.01015579350203833	0.03353556690876772	0.05399413687800984	0.02538422483122992	0.0997041519776105	0.01017289819815279	0.01008491965175546	0.1823815463179836	0.1381173993255269	0.01012827922577449	0.1618335783209128	0.2066730192521445	0.05227824100792072	0.01000439894768804	0.04490783806933207	0.2496559797240564	0.01006133015718605	0.01001467129811937	0.01000621768920039	0.01001017774469421	0.1875658402766186	-0.222924522540303	-0.1579750619187556	0.0348198925459726	-0.01115175405199451	-0.006787989959123231	0.03463995495924815	-0.0006270912399093055	0.09581141985267515	-0.04704080572197049	-0.002186558251182863	0.05880748882214199	0.0002774591158794942	0.06572382316085518	0.04931545965936357	0.007855212096687126	-0.2077055417201821	-0.1072458898805817	-0.1299878231955602	0.0100651761826092	0.05696566542448586	0.01001391638976168	0.01001235409086763	0.0100205024865104	0.0100954130810214	0.01000867509075423	0.08922870487718598	0.9999948813845962	0.7585063887068112	0.01002040252170519	0.01000529806725375	0.758413008914024	0.6731700203057558	0.01001749630348507	0.01000705590312011	0.01000534758520394	0.3004919763757678	0.1861804170404295	0.1813985495117243	0.1838085606072279	0.2029933136601771	0.1900224244838086	0.0286901420298434	0.511929883229987	0.01001432689440469	0.01000567313008309	0.2386971619650961	0.4681522820379731	0.326455633777912	0.1226012454046005	0.0100070631327331	0.01001847649415761	0.06551901286846659	0.2835347810934743	0.08346679711024987	0.01000447757975677	0.01000886878236827	0.01000329343809393	0.0100066812443101	0.0100323522627891	0.01002885353328221	0.01001700308655734	0.01001380429891302	0.0100210930956181	0.01004558754938895	0.08155104374384377	0.1870772280879456	0.115553312706891	0.05982795704262621	0.01013527459532741	0.01004829521542543	0.1324626156990893	0.01001175397865851	0.01015188996601515	0.01004024312991507	0.01001255285722813	0.01024229059873128	0.03788137701435441	0.07800434923946008	0.01040483218831562	0.04444038733100568	0.06663521317402585	0.02498693350943658	0.1100801767938594	0.01011562726511843	0.01005456042576373	0.1965570193653833	0.1388639345492463	0.01000978394342037	0.1644804830232178	0.250262501986209	0.06365705917737964	0.01000272809114151	0.05256144127291361	0.27820642799572	0.01003913481501911	0.01000756045018699	0.0100024158933815	0.01000527904492051	0.02584979063671046	-0.01917823471634205	-0.01060935509828334	-0.005090659714760187	0.05564128852341579	0.01768306921061641	0.01003649667458494	0.0006563034210495637	0.004241637148572825	0.005201460939307542	-0.03786056682508827	-0.03198690646596952
0.7773684210526316	0.01007952931302598	0.05296303599606067	0.0100185031509539	0.01001650255617099	0.01002681558546406	0.01012106946687871	0.01001313512286056	0.09156019648720429	0.9687076808574682	0.6952583126857226	0.01002692947301527	0.01000699552599327	0.697385681267374	0.6214447243535066	0.01002479851307363	0.01000970991800663	0.01000715344070819	0.2963273881770821	0.1860142477205662	0.1826290860067613	0.1812965974244428	0.2011227526170178	0.1892282955034653	0.02982034361983276	0.4984576514753598	0.0100188980012006	0.01000748808556449	0.2401422984706326	0.4558414228362827	0.3127448639262848	0.1221742997474093	0.01001165602557073	0.01002839820789462	0.07119686108567529	0.2784006164158538	0.08212600923278845	0.01000591532580289	0.01001131256625036	0.01000421560129963	0.0100085087346655	0.01005677199201906	0.01008393363905086	0.01002363306352605	0.01001893223030188	0.01003143974042126	0.01013371120645792	0.07660092249780734	0.1795105287527751	0.110574772570608	0.05743559566689915	0.01018930629445971	0.01006983416588582	0.1285691034431725	0.01002048842984596	0.01013033853648509	0.01003886841206356	0.01001563796169256	0.01082583631354322	0.0288057970597242	0.06073927438724914	0.01242003154105072	0.04199686892430298	0.05955197132913979	0.02467329479553505	0.1129716608580006	0.01016289577283166	0.01007867627846883	0.1789372600338171	0.1430988227641017	0.01006289244901426	0.1622982428052148	0.2399542360623596	0.06178279148695343	0.01000399591083946	0.0548618208065713	0.2637993804080742	0.01005681219876854	0.0100115427056718	0.01000452803968472	0.01000814399611919	0.2109846110813189	-0.2133032104917011	-0.1524402842643038	0.0314022504561547	-0.01257342510126853	-0.006759121519867997	0.0354371181488177	-0.0005965412458164829	0.09269580697832669	-0.05331097286527182	-0.003326699756466128	0.06037100809516349	0.0002407373871984436	0.06804382371410969	0.06445703772175716	0.007531803123252757	-0.233375184994683	-0.1067597256219727	-0.1439787456186303	0.0101047897410692	0.04215791626200575	0.01002738033250298	0.01002455577666092	0.01003889794691227	0.01016934798137648	0.01002204905071714	0.09565214821682688	0.9999915813233915	0.8140000091127764	0.01003674850984836	0.01000946179172309	0.7685085136497033	0.6772785178176494	0.010039259275257	0.01001489721165665	0.01001061513796245	0.3050589559780023	0.1952423580944648	0.1955399757148318	0.1831330765935534	0.2039760800842368	0.1887408251728809	0.03278240016608496	0.5195380052288548	0.01002555411173083	0.01001009931625282	0.2427245682138178	0.4786791928113129	0.3174709235121386	0.1226383951370737	0.01002093841304353	0.01004810974620013	0.08524701461158618	0.2813102073322143	0.09057552222272718	0.01000802699439571	0.01001597038306215	0.01000595598659577	0.01001200372811027	0.01010383096227996	0.0101237838110508	0.01003563828482994	0.01002849654267872	0.01005041059664593	0.01013406148513309	0.08504049485644687	0.1836828989953959	0.1117744275330303	0.05739772817188485	0.01028838664906094	0.01010810387610661	0.1544002272811369	0.01003367039067854	0.01005298189971729	0.01002876542503429	0.01002027095195669	0.01231974252770837	0.01878599001735419	0.03077695280662908	0.01741655817431398	0.04685415367717653	0.05373752757417823	0.02293036115824617	0.1399665971679156	0.01024863326074953	0.01012152248570981	0.1407765740329632	0.1590012664524658	0.01004302695131441	0.1593057557547134	0.2980441852167343	0.07056405822932112	0.01000618513110161	0.0710218115697757	0.2715848450768298	0.01008824395241362	0.01001687543699667	0.01000565385643615	0.01001183021985952	-0.01498302373784884	0.01078063745858973	-0.003746216472418017	0.03137381095879877	0.06969239932654951	-0.02198376749253028	-0.0346127862577665	-0.02566178804735084	0.02990024786074093	0.005253695809428856	-0.03891297708136131	-0.03409151040978743
0.7872807017543859	0.01007529029952775	0.05029119452138889	0.01001811142932072	0.01001619758936888	0.01002608621029914	0.01011561497900736	0.01001317164522532	0.09441318541004266	0.9809755353601052	0.7436096009009242	0.01002527666392128	0.01000652036004928	0.7235560004454508	0.6417823708159027	0.01002443665418465	0.01000953512513699	0.0100069728817316	0.3055404182615546	0.1907301190847934	0.1862909577262231	0.1871821442336604	0.2058598669365381	0.1901207387759311	0.03170498093628603	0.5196233738521729	0.0100176095659327	0.01000696361348565	0.2388679838743548	0.4759529334723954	0.3142474536212996	0.1256380774067014	0.01001180615668925	0.01002857518690774	0.09178330485383943	0.2863737577512996	0.0879041737356871	0.0100055277784656	0.01001085159537004	0.01000402454705708	0.01000815478919166	0.01005698763276811	0.01006864814209449	0.0100231397353715	0.01001858664095789	0.01003105244268723	0.01009868665210311	0.09189530825985623	0.1852145198350295	0.1151711520035549	0.05999700408166147	0.01018354247328457	0.01006687815582766	0.1480772092805468	0.01001918996324726	0.01009347432273256	0.01003251205518292	0.01001479943372313	0.01309812884205242	0.03184208069086612	0.05834301168921054	0.0135965837257691	0.04664337877697634	0.06213222876681212	0.02750401313097021	0.1226652439930311	0.01015719039481055	0.01007531788072644	0.1745568750213619	0.1471402881124936	0.01003369278962665	0.1617145070114208	0.2677303301449511	0.07304745820910534	0.01000379220924365	0.06018620040846415	0.273397727043574	0.01005443014441194	0.01000996168803646	0.01000362943534603	0.01000707025422116	0.2130771447933227	-0.2025577690670669	-0.1460863136345813	0.02445843589743425	-0.0135290658864006	-0.006508013973826471	0.03474045139475482	-0.0005483808392809062	0.08743763891587866	-0.05789312091648655	-0.004306998474524271	0.0607483738151424	0.0001949728115979332	0.0673585293178515	0.06825668552487923	0.01155736018492865	-0.2457204722881949	-0.108326129958299	-0.1530189098714281	0.01005553513257241	0.05139297507808272	0.01001284734469618	0.01001152302234391	0.01001858597618867	0.01008116842063905	0.01000862717114001	0.09813196247012751	0.999995859694386	0.8173931814026343	0.01001815980682542	0.0100046448300117	0.7537140290917463	0.6625366651328236	0.01001623121234217	0.01000654974910297	0.01000488324372442	0.3240568519965742	0.1959459566966189	0.1869248125156951	0.1993546853214716	0.2151910057576879	0.1925566174360756	0.03322234266898476	0.5709782904822697	0.01001252944979689	0.01000494459678939	0.2346428088505284	0.5214395975637086	0.3126129568836791	0.1327197090717673	0.01000735351882482	0.01001876135790479	0.1246994931251677	0.3048890611524912	0.09305194881498936	0.01000395201699717	0.01000766945972818	0.01000280708923614	0.01000575584085757	0.01003826321425882	0.01004598504555413	0.01001675035196477	0.01001354649775025	0.01002170093787058	0.01005924235723351	0.1147901911931202	0.1927378831301796	0.1216564730501866	0.06355636442604315	0.01012794334505277	0.01004460828821999	0.1714344010216328	0.01001141483201901	0.0100837202233823	0.01002911095935282	0.0100114382580075	0.01614502129913837	0.04058786521042942	0.06805904710198993	0.0131926026993502	0.05070920937050672	0.06833810366683088	0.03262865871673777	0.1256492081935778	0.01010812386526325	0.01005026181307166	0.182907840913368	0.1464074984684628	0.01000608761535055	0.1611120475589276	0.2979006725853556	0.08667108801008401	0.01000248255092781	0.06023144456935325	0.2881633754798578	0.01003623753224666	0.01000496993226757	0.01000185127024373	0.01000368267872062	0.02578999195863247	-0.0196075114466702	-0.01179575860915665	-0.004023579987604455	0.06890363842774373	0.01868854391319452	0.01148210507110059	0.004643245336164753	0.003626272664990515	0.004810758554342733	-0.03961267393045966	-0.03538698559440815
0.7971929824561403	0.01006724429611308	0.04774377229438596	0.01001668179542848	0.01001506287357572	0.01002374449121768	0.01010058947824817	0.01001262986410101	0.09983743504299095	0.9883686759220448	0.7737580951133571	0.01002448076725641	0.01000625939560241	0.727133147132368	0.6418602890760703	0.01002224388554309	0.01000880120655538	0.0100064029874511	0.3178427502920367	0.1958750042055733	0.1888686528453556	0.1961136658058074	0.2129000704733503	0.1920468016771056	0.03397927124817549	0.5494605823637029	0.01001686036177724	0.01000665773731254	0.2372131658797585	0.5031102378658724	0.3085828310245547	0.1318921291543513	0.01001182946757235	0.01002786253853731	0.1269825674587091	0.2983880442315381	0.09153879719486456	0.01000533140923289	0.010009654312147	0.01000355442124601	0.01000725056780775	0.01007563071106663	0.01013383785303049	0.01002401889119828	0.01001925568725617	0.01003353865731065	0.01011266412306185	0.1088671716653366	0.1849556120830931	0.1154573413726367	0.06012498082233905	0.01018750137475185	0.01006879175332034	0.1646240093248848	0.01002082191997089	0.01007905020012309	0.01002960149661404	0.01001470413219076	0.01720853189403866	0.03109759314391734	0.05147225417513119	0.0162670830781964	0.0479398111687764	0.06118346317141558	0.03005543017784961	0.1284037571374954	0.01016028576484919	0.01007720001873204	0.165025616046994	0.1495594270532414	0.01002562679273724	0.1582630299875361	0.2884853682835921	0.08118953510507348	0.01000392802214438	0.063610906124559	0.274616925661692	0.01005617535510157	0.01000832199765432	0.01000313426840552	0.01000609953627035	0.1989602681201409	-0.1919128291939743	-0.1416541197672944	0.01439913825720305	-0.01506817129028448	-0.006407682650010971	0.03277540614447255	-0.0005023821847831072	0.08098972975221985	-0.06015739991449248	-0.004946122086154678	0.06024396015793079	0.0001525471762385	0.0583342897417134	0.07227012398319289	0.02460718844112302	-0.243230012273446	-0.1098344795461333	-0.1535845270260333	0.010085083176351	0.03732830948338009	0.01002353598108503	0.0100214988378225	0.01003268415863576	0.01013020800653508	0.01002041663972043	0.1100851813292082	0.9999917470804394	0.8225441596301032	0.01003596995960256	0.01000914314146035	0.7100284868653791	0.6202381530436737	0.01003313596109112	0.01001289873441764	0.01000910585470561	0.3365748616582833	0.2064166002498403	0.1989281499164804	0.2064135223704073	0.2223132532442944	0.1944023377977966	0.03777525334915242	0.6031908301625954	0.0100245674412419	0.01000969501253655	0.2386759318938001	0.5520855125768613	0.2906627546609189	0.1393644185039107	0.01002086467998292	0.01004584007097673	0.1787698415735192	0.3139635196706543	0.09514519768919739	0.01000781568531991	0.01001287701091261	0.01000475088972705	0.01000967304806239	0.01015861214826807	0.01033058090936566	0.01003869922617611	0.01003079760926809	0.01005811046039837	0.01020854380697001	0.1218820535614066	0.1728997863227987	0.1061433439683133	0.05475316061838772	0.01030553830313616	0.01011655359006021	0.1841890029529613	0.0100397155267867	0.01004544575772965	0.01002621501022505	0.01002078570603396	0.02237256153660316	0.01324402573687383	0.01242877118846599	0.02426686423453998	0.04571692322004547	0.04758704037252588	0.02771782842041737	0.1462996947278376	0.01026318112434889	0.01013026152182347	0.1139189057224441	0.1614445791169311	0.01004695538913134	0.1477690707600898	0.3282421074676956	0.08318976219567666	0.01000677896095741	0.07589345910150302	0.2569511016400965	0.010095652036846	0.01001354033695596	0.01000504638723643	0.01000998654029555	-0.01289111273762195	0.009468835109137904	-0.002550537073068903	0.03092648572218458	0.07985753969542309	-0.02277207015062881	-0.03735628120176588	-0.03026980918775766	0.03788203468844557	0.0082146529675402	-0.04007116085761024	-0.0359968416861226
0.8071052631578948	0.01006414892900451	0.04984199664980787	0.01001609593318972	0.01001458526526838	0.01002279741342654	0.01009560235517018	0.01001268012524656	0.1074234805178759	0.9929264519717821	0.7860974939597485	0.01002410337868568	0.01000613163294244	0.7077649757638333	0.6216769393276179	0.01002147368639992	0.01000851446194801	0.01000616022656639	0.329888578486447	0.1999006145339683	0.1898230975326387	0.2058055492258332	0.220499347111776	0.1941421030659707	0.03853228461617825	0.5848202742101383	0.01001648810787482	0.01000650568822701	0.2355751562929297	0.5353143798338312	0.2952083528941848	0.139970361447843	0.01001214024099876	0.01002827021700782	0.1769724852608752	0.3116399175804529	0.0933336072987852	0.01000523698674216	0.01000895633049579	0.01000327796129468	0.01000671494834969	0.01008348336430351	0.01015120045648415	0.01002517148038096	0.01002018966728479	0.01003565497420676	0.01011705137011318	0.1207978859478935	0.1823495117548568	0.1132122817885209	0.05888058353881929	0.01019292245817694	0.01007123714844481	0.1815694897759934	0.01002282649528682	0.01007027340895655	0.01002775412524942	0.01001493322306651	0.02056599664540864	0.0316120733157608	0.04960305893987799	0.01779580374771898	0.04862949915617416	0.06085212100062075	0.03291577520538429	0.1281332027497785	0.01016482171628653	0.01007973382608701	0.1613489977511528	0.1468738819470597	0.01002185196280518	0.155328595398259	0.3014353371911009	0.08976743844446897	0.01000410587780176	0.06324061617959749	0.2707280717219362	0.01005828236031763	0.01000769614834811	0.01000290583617046	0.01000571017466352	0.154929517411406	-0.2001172801632517	-0.1386413772138471	0.003161374166651245	-0.0148568624237296	-0.005937270532634955	0.02979599275175066	-0.0004396825712430754	0.07422448737081554	-0.06195201747867956	-0.005553270503054022	0.05883700062346481	9.669073515707891e-05	0.05151818673205048	0.0636650746427424	0.01531467976564812	-0.2351672737741816	-0.1045278219251728	-0.1506791398833289	0.01005014414564474	0.05932660021452776	0.01001153268239537	0.010010417624102	0.01001657735662711	0.01007187567859999	0.01000858410883166	0.1168530798551678	0.9999952904934357	0.7882275279491269	0.01001815944124032	0.01000459166838899	0.6499705085337975	0.5665873655609691	0.01001430689924566	0.01000585487619018	0.01000433289579228	0.3511097295061976	0.2031356248493434	0.186091720071718	0.222552798040507	0.2332660680338177	0.1980413996975471	0.04404007251644695	0.6627049903201697	0.01001231498478644	0.01000485516123011	0.2313687255980987	0.603940575854013	0.2715978384229876	0.1528673534693249	0.0100078798859543	0.01001940246365862	0.2534137344718763	0.3374451766886328	0.09402852719222486	0.0100039352421149	0.01000617270646654	0.01000221659487354	0.01000460517844792	0.01004387792317048	0.01005269763871003	0.01001844681569584	0.01001491738186915	0.01002434803206432	0.01006630578332557	0.1396298779446822	0.1844498525921273	0.1139398357011098	0.05969338028236654	0.01014076093185039	0.01005044754187523	0.2091854833731303	0.01001855067433686	0.01008881322846107	0.01002938263431318	0.01001209841144471	0.02142043627025347	0.04370845969824333	0.07271638453731429	0.01465655633765227	0.05133938522818002	0.06973725580054585	0.03741900962193545	0.1162388900785308	0.010119011924781	0.0100563396290707	0.1901435595080591	0.1350183246014461	0.01000412518820038	0.1573466957966835	0.3130265023601772	0.1035021019385828	0.01000292254463126	0.05708362276822031	0.2705465506097799	0.01004121986020153	0.01000385881413385	0.01000151060573668	0.01000297403044144	0.02688830215172969	-0.02105619951789217	-0.01300003535597365	-0.001901810245797861	0.07287228003057786	0.01910560290535131	0.01384166523170982	0.008967329775121309	7.225452577780305e-05	0.00314896310077193	-0.04023533972197696	-0.03585745705024377
0.8170175438596492	0.01005875487240506	0.05527582295366539	0.0100143618505099	0.01001307539220004	0.01002034905727598	0.01008394216680091	0.01001159713612593	0.1181797332390138	0.9956731589628725	0.7779287403058003	0.01002517214797106	0.01000636781873129	0.669277461006903	0.584973008469334	0.01001826190115345	0.01000744100933258	0.01000542065592282	0.3460493446430059	0.204323801876041	0.1888693593906939	0.2200637718437572	0.231565440033472	0.1983912817774316	0.04422474817240611	0.6317269212229282	0.01001703764302328	0.01000672457961634	0.2342221270349077	0.577471039919124	0.2787952432237565	0.1520838970055688	0.01001164230909676	0.01002672862092267	0.238833832953491	0.3307067852192587	0.09291321133328592	0.0100054644375046	0.01000763452614467	0.01000275926897631	0.01000570492795313	0.01005196154562039	0.01006387247578284	0.01002193495721164	0.01001756665531767	0.01002909175021004	0.01008360587513715	0.1440103562896912	0.1838910695188235	0.1115758129684747	0.05827537249339451	0.01019395658341139	0.01007169803948972	0.2080926960983196	0.01003402798162863	0.01012129007251278	0.01003672531722219	0.01001463321784802	0.01760706410676766	0.04143846825689486	0.07307649389733956	0.01369231996840554	0.05116248554393613	0.07018737717508497	0.03153143631017977	0.120099662764447	0.01016527972492295	0.01007993829305867	0.1905063475162956	0.1418882152454937	0.01001173823526912	0.1601819391610494	0.3178816220242982	0.0976514014798026	0.01000421048449984	0.06505205657601815	0.2665263215282695	0.01005873009590456	0.01000578426275508	0.01000224535603229	0.01000440348621496	0.1242419896924995	-0.2105111351581981	-0.1506149733204425	-0.008198216761957916	-0.0197845801210179	-0.007118810092765401	0.02713251681523434	-0.000452472424199109	0.07381902524071887	-0.06008723804987703	-0.005140491853645127	0.05919416900704014	9.909487928449254e-05	0.04176504360117957	0.06070320392784333	0.02266368490981392	-0.2529825551385628	-0.08069279844760149	-0.1076693434759017	0.01007211272561464	0.05192680091775296	0.01001897805391162	0.01001749939068879	0.01002636254409625	0.01010055152843183	0.01001717513736228	0.1365289669808369	0.9999883809143724	0.7453690272710143	0.01003948006622046	0.01000996090995089	0.5780660342808828	0.5012537969736243	0.01002439505273215	0.01001000520809259	0.01000715522464966	0.3786591875149254	0.2160981239982752	0.1937050789005693	0.2437124498049738	0.2512339025549532	0.2067440510353971	0.05051977506736534	0.7312390550767156	0.01002654135555542	0.01001048482814109	0.236508227384653	0.6653821327226581	0.2520840874148214	0.1702546263631998	0.01001910131400484	0.01004090676396577	0.3340188628918257	0.3654413808069957	0.09134444903221406	0.0100085760521907	0.01000964136163187	0.01000348362200738	0.01000720278211668	0.01005818985642627	0.01005651925122522	0.01002806045704435	0.01002217570543485	0.01003674587631857	0.01010573107555448	0.1866016759906621	0.1831512296356541	0.1038029648153855	0.05432071559420264	0.01030344152676682	0.01011559180426558	0.2557155918389979	0.01007084813934621	0.01020425061663555	0.01005442580733476	0.01001968355105369	0.01022532128729591	0.04275705267532873	0.08936083676893124	0.01056503084134998	0.05288456250661002	0.0779729307857706	0.02045400814327088	0.1186675862004378	0.01026022555376015	0.01012845947479056	0.2277617018507044	0.1477648326006519	0.01002071142372378	0.1701189704204827	0.3698761564129752	0.09807756073628407	0.01000691866163676	0.08218998992501213	0.2480687172911809	0.0100949726867581	0.01000849605981498	0.01000331540633119	0.01000650259047046	-0.01155078119393259	0.009310647929036957	-0.001588331331483999	0.03071450711279515	0.08475280489366675	-0.02468489758990263	-0.03991073892559445	-0.03368079855072403	0.04612608503538649	0.01013543653741306	-0.04064001102006845	-0.03553557829771543
0.8269298245614034	0.01005569697423752	0.06572546658418259	0.01001331907582872	0.0100121689534344	0.0100188627134188	0.01007674643480515	0.01001117270300541	0.1301636191997075	0.9973672081192869	0.7503364038841897	0.01002585228364724	0.01000652108364319	0.6158904033683311	0.535776405732034	0.01001652388247603	0.01000682879190356	0.01000498130344567	0.3607744055061033	0.2068136371190642	0.1851394665588481	0.2343617336530657	0.242376113342991	0.2023235694393216	0.05153016671368326	0.6808547542187474	0.01001739887353738	0.01000686835517707	0.2321116137922814	0.6218171761594421	0.2587599105296505	0.1654466215798631	0.01001163374504079	0.01002633342881367	0.3101685348977418	0.3498844545825933	0.09084181424170755	0.01000560965823029	0.01000679567518113	0.01000243907110432	0.01000506698113625	0.01005414959305185	0.01006314421485918	0.0100230249238243	0.01001844527784282	0.01003074325246247	0.01008656233684947	0.1527053206363621	0.1782156263627384	0.1029853812752034	0.05339609767824662	0.01021262751537915	0.01008171067507784	0.2220977633882038	0.01285202795432499	0.01007334026917671	0.01003253646034936	0.01001503568250644	0.02005134385531153	0.04221145565564165	0.07437494028055067	0.01398952317608866	0.0506493200640232	0.06969729396128559	0.03327693815833557	0.1137480625420385	0.01018261223538087	0.0100905925010113	0.1908898553682433	0.1346690756942711	0.01001057589660243	0.1578104477202534	0.324341238582037	0.1032519934775637	0.01000504992941605	0.06150233720237591	0.2507218207232766	0.01006716913015217	0.01000552313436508	0.01000213621375865	0.010004219608866	0.0697876849138339	-0.2211946731880241	-0.1584663145256855	-0.01651235891557626	-0.02317223186975275	-0.007824090493240876	0.02478389658123673	-0.000446986951278685	0.07313710155985462	-0.05745473620296768	-0.004714347829676315	0.05886957840843553	9.055336170854796e-05	0.05408375819798743	0.06123436040284719	0.02994863668390565	-0.2270903911391511	-0.07666197420803585	-0.09064885096359117	0.01004495156329743	0.08547021607207506	0.01000947254870996	0.01000860273400822	0.01001370615107481	0.01005833939550045	0.01000768590494312	0.1428603368875455	0.9999907406276771	0.6738523298677042	0.01002044694000358	0.01000514827390415	0.5035159164169134	0.4374955001418901	0.0100108261807941	0.01000462097219439	0.01000345633548724	0.3792485774736449	0.2052879691801623	0.1742315155730436	0.2527813016543701	0.2555482235850685	0.2059492857584339	0.06009786662996735	0.7716045695211987	0.0100136793451592	0.01000540348648178	0.2260810184533534	0.7026328359050408	0.226306161693391	0.1825334270355623	0.01000783438366981	0.0100185634754865	0.4287529471416288	0.3784199611001481	0.08737372806572002	0.01000443954597776	0.01000457089056846	0.01000160801302633	0.01000338750015502	0.010053601135995	0.01006549863489121	0.01002159141509768	0.01001750873632549	0.01002914391976874	0.01007843460655838	0.1477678653403397	0.1668084291114936	0.09219492455895592	0.04788622846731594	0.01018462113360523	0.01007429285825121	0.2230721822266428	0.01949375746000435	0.01006959609589757	0.01002654626178337	0.01001334518865092	0.02728152650824441	0.04438555774599739	0.07042382756980139	0.01596339908269986	0.04925719847362314	0.06554617215192257	0.04179083817365527	0.1016590909172235	0.01016003163869877	0.01008173319643448	0.1738937682500823	0.1164023447321798	0.01000392138552307	0.1476743053351011	0.3135999544879183	0.1137894833488022	0.01000496277691239	0.04651408789044229	0.2261110974538817	0.0100612763612307	0.0100037312446498	0.01000141771762575	0.01000285788703927	0.03038904365488796	-0.02443970404704365	-0.014103124478605	0.001835374475792702	0.06657554278369927	0.02053867349996887	0.01229533634697888	0.004303436675520922	0.0002350128284787739	0.002141318305198963	-0.04097493747660996	-0.03487471408888939
0.8368421052631578	0.01005429678918507	0.07866786139598514	0.01001221839021072	0.01001114265685681	0.01001747047169745	0.01007126476643132	0.01001043070858602	0.1408420704466991	0.9983754110468923	0.7008514363772774	0.01002962878024993	0.01000749403635217	0.5540584069096984	0.4810923594877915	0.01001441442857866	0.01000609015462322	0.01000447851880901	0.371936172195861	0.2068581477404594	0.1788653452733362	0.2467515562777292	0.2514067828595453	0.2050933636048967	0.05880700322830181	0.726511259072159	0.01001982996234616	0.01000785394525547	0.2291851068457966	0.6635804595818671	0.2375457829006008	0.1783651589259472	0.0100113898386156	0.01002551478055233	0.3870218358721524	0.3670358656305124	0.08662249487068646	0.01000646669114472	0.01000597669076757	0.01000211546580337	0.01000443713754672	0.01005373953734375	0.0100613591253819	0.01002426229429281	0.01001966708627141	0.01003162930106148	0.01008382487976243	0.1607643159371775	0.1717243551450961	0.0969615750551191	0.05014154868906918	0.01022897634903235	0.0100912762438402	0.2227335188963983	0.02591889272494376	0.01046794026036107	0.01006521914624741	0.01001644931973867	0.02193487843319062	0.04911522101525233	0.08285902277325205	0.01416882857100317	0.05123305186644204	0.07122319427071153	0.03604226432752076	0.1034614774511579	0.01019809290603563	0.01010052895425138	0.1939603343506023	0.1221207747270263	0.01000748919452426	0.153855122043494	0.3307798863448953	0.1113201189036265	0.01000605301493296	0.05575937078093016	0.2390594829169808	0.01007516230756884	0.01000503919698899	0.0100019288406915	0.0100038576534583	0.02166261903986142	-0.2252589676346645	-0.1629474721671833	-0.02293250387981879	-0.02550564805035647	-0.008238726606876945	0.02273531905507515	-0.0004339859859575163	0.07116155055459195	-0.05428684651566372	-0.004307153103626186	0.05786042367623694	7.811625923443311e-05	0.05033134518356205	0.04545709455269366	0.03514938435666543	-0.2286949185782041	-0.06005124507562913	-0.06394464998256789	0.01007088576814645	0.08082678845449982	0.01001672170087322	0.01001533302852617	0.01002366733275842	0.01009121488934728	0.01001538975542081	0.1565927473954158	0.9999229977464061	0.5828941465338807	0.01004997201300284	0.01001268473207734	0.4347108796434097	0.3814518300196898	0.01001982357998543	0.0100084079505196	0.01000608945360202	0.3934068814579931	0.2118122027786812	0.1767601106255458	0.2655689684620857	0.2662755385168301	0.2102677242560785	0.06524471138028427	0.8150602518510108	0.01003336805074726	0.01001325492558392	0.2290988090102257	0.7442080879131938	0.2086009267003729	0.1960773817913848	0.01001839014642057	0.01003886752638204	0.5153097164681459	0.3961645234629305	0.08010208209555009	0.01001096565261466	0.01000802223944747	0.01000283317672712	0.01000595078094497	0.0100549035802183	0.01005194589649985	0.01003067512990962	0.01002494505454483	0.01003779149964985	0.01009485066408381	0.2028329400031361	0.1688157459246927	0.09545408725272365	0.0497408371544624	0.01033394168249264	0.01013430037339084	0.2330929176561612	0.04669845369088029	0.01141436351111811	0.01015479347705718	0.01002347051600692	0.01334656744888689	0.06355301464514343	0.1158944791491359	0.0108054119553046	0.05531151781190909	0.0835384189555098	0.02696858091652704	0.09266671314373694	0.01028943475838823	0.01014765310520357	0.2387671023887058	0.1146464730447027	0.01001271166275183	0.159579297508319	0.3833330928961085	0.1177305954131446	0.01000908014231222	0.06781266815718284	0.2333155439078026	0.01011053707917036	0.01000731673058761	0.01000280743775684	0.0100056096784556	-0.00895237968041287	0.008508934123901328	-0.0004087568773218553	0.03207859445356354	0.08354951515540898	-0.02842914355166935	-0.03522249438592452	-0.02196215382885986	0.04506352386316567	0.007160146694872971	-0.04108188673463139	-0.03400389687634153
0.8467543859649123	0.01005414137556015	0.09681245952221035	0.01001154969281427	0.01001052478982416	0.01001661524282064	0.01006804110475364	0.01001010531312291	0.1503606614219212	0.9666249098844987	0.6297939523294241	0.01003228479250517	0.01000817766265236	0.4896860714430753	0.4262741691896519	0.01001323876514719	0.01000566308371134	0.01000417865354735	0.377291116241394	0.2033228434236737	0.1691738266142956	0.2559138189708381	0.2575743426543892	0.2059702604974784	0.0670210218134281	0.7652035363382111	0.01002154901602754	0.01000854868958256	0.2248834462568933	0.6999391924955956	0.2171773547707939	0.1903710849970658	0.01001142705631451	0.01002529139167585	0.4634151462771322	0.3802657381043988	0.08031956312201154	0.01000706785969992	0.01000547611419961	0.01000192335057343	0.01000405538222867	0.01004563170059764	0.01004601811773839	0.01002421180734189	0.01001972790965913	0.01003048817617786	0.01007482714638867	0.1752218986887079	0.1654591640943848	0.09379223321589975	0.04857505683360262	0.01023636150363926	0.01009615737915986	0.2132650286315377	0.0459953419171391	0.01138043454835384	0.01003386581828262	0.01001705342857814	0.02441987791177573	0.056847365194662	0.09510247568424908	0.01283185718992267	0.05168967335758844	0.07368392975138835	0.03564993185489722	0.08837771890524097	0.0102055395305224	0.01010554008602381	0.199872587698313	0.1059491661506851	0.01000724795320123	0.1498961828197233	0.3451176719535841	0.1188826260592303	0.01000675336145916	0.04969317209829899	0.2320424966166054	0.01007913546820985	0.01000497792394629	0.01000187850669692	0.01000379476476932	-0.0005054620207136733	-0.2222474344856068	-0.168258663733833	-0.02458981490734293	-0.02824679514197782	-0.008765265251229448	0.02246924013642504	-0.0004325526467723424	0.07186815748415591	-0.05137279970489445	-0.003843754596485352	0.0579140852092011	7.781472313936334e-05	0.04782633472705226	0.03284752588572928	0.04208068478835901	-0.2535085034058429	-0.05028982243723695	-0.04088547403369062	0.01004713107136205	0.1302228571452933	0.01000830932423936	0.01000748243141223	0.01001234470541455	0.0100548285441424	0.01000707592594107	0.1601107631102726	0.8343250939079487	0.4723109473241323	0.01002776550471901	0.01000710296708249	0.3736772741671449	0.3332160020420678	0.01000870803664156	0.0100038377091433	0.01000291516046815	0.3767786028023521	0.1921682886888228	0.1500444724530139	0.2651606539004599	0.2625632000602437	0.2045892757019118	0.07777285355219414	0.829609682014908	0.01001856391784465	0.01000740170135282	0.2156911196760466	0.7613192491456021	0.1890346221201582	0.2055783590394524	0.01000790429693032	0.01001818629388066	0.595525983712902	0.3965891830146319	0.07224612367816659	0.01000614030709359	0.01000370815400813	0.01000127693538352	0.01000272916144905	0.0100345555141654	0.01003061696638163	0.01002152689615766	0.01001773123843572	0.01002636194126946	0.01005745467914419	0.1847643346774151	0.1551933737084879	0.08979004609624995	0.04669922278386297	0.01019358368904847	0.01008132918938933	0.1865432530123854	0.06755010710812763	0.0161323716633199	0.01006226351312862	0.01001507831079211	0.03359558115239404	0.06207610128518684	0.09882627997521416	0.01277067633347429	0.05004944422589042	0.07095102653971826	0.04121156004971885	0.06636752281528591	0.01016988927148041	0.01008877824605643	0.1865680121269038	0.07881272741306002	0.01000389327028933	0.1384055668916649	0.3566536356023958	0.1323967306234109	0.01000631327596996	0.03137212790251401	0.2213373901093018	0.01006680428706252	0.01000367440416155	0.01000133231528618	0.01000276585102182	0.03303210578889759	-0.02702039760676546	-0.01459763519793927	0.004635913620348254	0.04934737233578382	0.02121824708985279	0.009989560379363962	-0.0007653678384021723	0.001118330505647025	0.002341751281005045	-0.04140225764412201	-0.03340605883897224
0.8566666666666667	0.01006018903146196	0.1235293335470056	0.01001083493263873	0.01000972637674225	0.01001608043622954	0.01007087232920778	0.01000947533030569	0.1576940518716945	0.8646365358999202	0.5374832343228629	0.01004220437000233	0.01001100121851517	0.4279625811807654	0.3764138056379315	0.01001162152432599	0.01000506280266138	0.01000379795137356	0.3750697518035356	0.1961617632315512	0.1571394763258354	0.26043507491383	0.2601460210919254	0.2050371031367088	0.07647265738993053	0.7922627724672198	0.01002848501157007	0.01001145148609478	0.220710296875947	0.7275103142433739	0.2005279513670731	0.2009665029697818	0.01001114819547323	0.01002464868921226	0.5338105161717822	0.388168359266683	0.07230352201091017	0.01000948802954611	0.01000492028823095	0.01000170359342989	0.01000362698227873	0.01004310004953831	0.01004019635481694	0.01002660475228179	0.01002206017196395	0.01003190412928726	0.01007114372896722	0.1955550745732148	0.1614507210352737	0.09343283772055612	0.04863688930682863	0.01023925631611745	0.01009918239456403	0.1997438878917639	0.06801134049462979	0.02820320704890995	0.01049099763706782	0.01002033532203693	0.03126552849436029	0.06445488007368821	0.1042821611526961	0.01243912095959109	0.05090148873850869	0.07367203325462064	0.04160309513128603	0.06998496133055183	0.01020942437759008	0.01010839226738098	0.197244199343451	0.08439661387139062	0.01000540259828497	0.1429720650093901	0.3672110203121219	0.13574849807289	0.01000765785042102	0.03393321765828343	0.229775077048226	0.01008125222793889	0.01000460804087648	0.01000169141859359	0.01000348160477346	0.009641375305360805	-0.210977352907816	-0.1707822921452471	-0.01999387514751607	-0.02981295044842919	-0.008863405971318461	0.02461846382987147	-0.0004183095676174179	0.07462869794099201	-0.05056183571290143	-0.003722175018483786	0.05910280404097672	6.80102277733041e-05	0.04811569362747804	0.02452827637233349	0.04108952685286239	-0.3180975988141237	-0.05349706159087961	-0.02849201133506494	0.01008886953363811	0.1470483452252196	0.01001524845142044	0.01001356484423915	0.01002290180248533	0.01010262516648402	0.01001384071458019	0.1681652429200526	0.5835113390377731	0.3462980882866442	0.01007670607439555	0.0100203627694732	0.3257319835409755	0.3002029121133766	0.01001616998795038	0.01000704300338433	0.0100052513314561	0.3712834995951071	0.1910066301960116	0.1489704598827538	0.2656539530324271	0.2643962600844715	0.2051412601618723	0.08595262084670315	0.8357356330793854	0.01005219176772634	0.01002115610228145	0.2209924349713564	0.7750021712802035	0.1833146519761409	0.2153276649220216	0.01001753244850598	0.0100371841259787	0.6523063558810684	0.3998289334774464	0.0621119924439665	0.01001753232202344	0.0100068581500813	0.01000236742945658	0.01000504971198151	0.01005513305309336	0.01004933817788618	0.01003778013556372	0.01003176540678688	0.01004305041269628	0.0100925283888032	0.2559355825168156	0.1645275303534225	0.09851775208704638	0.05171602796459207	0.0103354679190597	0.01013858893067442	0.1985280670039721	0.09514232894168297	0.0615300136578085	0.01153372826731591	0.01003257580011477	0.03144339147404712	0.07910369593509779	0.1314032260781364	0.01094286497963072	0.05230502828234772	0.08048551193662182	0.04576433503673718	0.05245512451310252	0.01029382351836868	0.01015130846969054	0.2186879183627074	0.06500906995335806	0.01000749859204808	0.1410183288269333	0.4470151471816761	0.1658747826089017	0.01001108286816002	0.02538351214035858	0.2378322454446432	0.0101130087245144	0.01000628408582522	0.01000230348061025	0.0100047458461965	-0.005823523216010835	0.007599017616368393	0.001396945348840604	0.03404886958269761	0.07026336695312038	-0.03106932130612899	-0.03295077222789831	-0.0159918112376122	0.042475221849553	0.005615242316855324	-0.04206802607625972	-0.03334953809167578
0.866578947368421	0.01007549231176238	0.1506299477938615	0.0100106130931011	0.01000940297076755	0.01001620904848321	0.01008175959137591	0.01000931857850264	0.1609771219820636	0.681115377690683	0.4182249022066132	0.01004666553324933	0.0100119625185802	0.3733162287247647	0.3354638961348298	0.01001090448681631	0.01000479229951544	0.01000363825900445	0.3626844551412023	0.1840046320552237	0.1419427289009328	0.2579219936473706	0.2568056936995027	0.2002618703618957	0.08535960603141836	0.8014891923646319	0.0100311343383168	0.01001242206312669	0.2145102941729697	0.7401638426504162	0.1876208943370057	0.2073964629967783	0.01001118976767312	0.01002470332496116	0.5926702907133669	0.3873857374858393	0.0608680291780846	0.01001038222002317	0.01000466240329634	0.01000160165889661	0.01000342816219869	0.01004014570304721	0.01003472107807141	0.01002958460818263	0.01002504364538194	0.01003364738042543	0.010067808268831	0.2177429855003911	0.1520829327087387	0.08977175288689575	0.04683727964988042	0.01024198781130257	0.01010167950168572	0.1807184522407438	0.07739972066771279	0.04682496035734417	0.01670137988771719	0.01002371442395025	0.03721208922688675	0.06846261176331572	0.1072812091508779	0.01206599664728434	0.04743159402676444	0.06948443949389514	0.04505747241320263	0.04629190422417113	0.0102129028714774	0.01011090709959509	0.1835847832433403	0.05674755869381555	0.01000496388288125	0.1285061437128721	0.388736204216674	0.1500366660032053	0.01000828385060164	0.02254171629002994	0.2204340501103988	0.0100830645202326	0.01000453265763739	0.01000163820203692	0.01000340440015566	0.0411675486003821	-0.186585856188781	-0.1688836900562199	-0.01215529106948739	-0.02970321854676265	-0.008409952069329148	0.02799198742713227	-0.0003872209724987662	0.07680600857952621	-0.05201185150938786	-0.004053559369571321	0.06052663843088802	4.381015189246077e-05	0.04405339408808868	0.01170343026625096	0.03725586026243129	-0.3955266059320827	-0.0746807151154911	-0.02898854494109236	0.01008397345677467	0.1882811826795425	0.01000813888363754	0.01000704839846322	0.01001309588715629	0.01008166371217443	0.0100069403457226	0.1603809321912507	0.2516860190871911	0.181263969415745	0.0100523670332451	0.01001476111542953	0.2888101065288328	0.2767609740768972	0.01000763122202846	0.01000342825687356	0.01000269368921327	0.3306809016182835	0.1606981528102548	0.1162363363466771	0.2469658924321134	0.2447180004987436	0.1886080891926825	0.09459230861620055	0.7950608035954227	0.01003616855690274	0.0100152849989766	0.1999043372670775	0.7427905062657421	0.1708038834191074	0.2117823377292506	0.0100081615266352	0.01001870721818243	0.6919990664187494	0.3754506468044591	0.04553442836834774	0.01001290591721298	0.01000335145622571	0.010001131123514	0.01000245073136688	0.0100330143482257	0.01002518280047502	0.01003058868865684	0.01002638256134273	0.01003298043362195	0.01005662426894101	0.2233731627417392	0.127534207866319	0.07863668078233833	0.0412986727228111	0.01020416131918466	0.01008997548107068	0.1356483648264042	0.07378004559072983	0.05655057991979341	0.02892053980402626	0.01002537670595443	0.04567869526367948	0.06513013205061108	0.09437438884331598	0.01233261778326075	0.03975055981773284	0.05662843180335081	0.04747299651674025	0.01710775428288507	0.01018214512197828	0.01009774685340646	0.1376478993947317	0.02056204416499451	0.01000334275069866	0.09810380520065413	0.3837907147273748	0.1563271938230845	0.0100080520494251	0.01010973319816707	0.1907413455548878	0.01007345208015399	0.01000376462248945	0.01000132660451472	0.01000280111739523	0.03525679644345888	-0.02844587379846728	-0.01517397350682302	0.006668569526451383	0.02753921599940276	0.02072613183817375	0.008930356979816085	-0.002934807295139087	0.004143982818899616	0.003003174090965789	-0.04283506019302637	-0.03379508982841244
0.8764912280701754	0.010092637026264	0.1699130216294175	0.01001062452321217	0.01000923311506719	0.01001678718925878	0.01009208743936035	0.01000929972635693	0.1587647014057103	0.4460892479092571	0.2667782258678293	0.0101185629355773	0.01003785564043418	0.328008345227805	0.3048557299736971	0.01001038906295837	0.0100046099205509	0.01000354240321767	0.3428945983680753	0.1689581711080789	0.1250325022223204	0.2481654348790539	0.2468314098425915	0.1908273715071374	0.08971048898761365	0.7861914075416109	0.01008720143367917	0.01003923692190525	0.2047630831269506	0.7305889572979049	0.1783480978634907	0.208368916583046	0.01001165459765781	0.01002554500353918	0.6383593071468081	0.376852156289997	0.04409052703660676	0.01003277924008794	0.01000454797787195	0.01000154235488645	0.01000333015718238	0.01005034161206826	0.01004170941223104	0.01004174081929817	0.01003553925459872	0.01004506808328392	0.01008246752080615	0.2103156521100868	0.1280430612245769	0.07851119326523878	0.04079085863649509	0.0102705044955252	0.01012202174733441	0.1414423808214752	0.06653837111532129	0.05588813576928226	0.03715569369924692	0.01003876217313145	0.04037980617500906	0.06300380392374177	0.09485306386157946	0.01196889355141979	0.03857932271534775	0.05654154695135859	0.04482071852118184	0.02388683695099811	0.01024245640208177	0.01013238555502858	0.1482224421915023	0.02867802619954858	0.01000480495144606	0.1005723105026382	0.3659013052887495	0.1458706753389853	0.01001123157028621	0.01355550849223643	0.1953718420394255	0.01009971796301859	0.01000519684640434	0.01000188143630117	0.0100039087929041	0.05552192823733191	-0.151644576131937	-0.1615537139063395	-0.007709445503865498	-0.02718269834890534	-0.007348370254641456	0.02986843931967116	-0.0003386890082635931	0.07293042324572936	-0.05481241578362989	-0.004855620363790556	0.05991763199278528	-1.421898155245823e-06	0.02790923968188963	0.004648742846130744	0.0335167381963296	-0.4207219931784229	-0.1071155018219993	-0.04132605052687552	0.01012490919358966	0.1744529566366305	0.01001549269248664	0.01001337085364058	0.01002448472753767	0.01012275121742823	0.01001393388051469	0.1548534036022607	0.01002678031163031	0.01009036063468821	0.01028453518325185	0.01009581357495676	0.2637438133223397	0.2660175344067592	0.01001533046785336	0.01000676187496065	0.01000512020087576	0.3150554485162284	0.156297083766643	0.1130230504197951	0.2318734331229367	0.2314136207745227	0.1781135840856289	0.08889588277949348	0.7321329564215542	0.01021504083893954	0.01009931662305685	0.1950971097597891	0.6906639606728981	0.1714909496248995	0.2075283254383535	0.01001886380673037	0.01003961449212532	0.7115967198619895	0.3557401762121395	0.02317062304521608	0.01008273572922053	0.01000676544330827	0.01000228927780993	0.01000494937583001	0.01008800733716706	0.0100751449498469	0.01007080284889269	0.01005988699841461	0.01007507780579892	0.01013893043026266	0.1885801948527699	0.09427534314627786	0.0661443546744465	0.03489845960166298	0.01041700651245316	0.01019621927111646	0.08846154750592054	0.04865164153913362	0.07071226983819907	0.06784159439028095	0.01007374713744965	0.03473052918836956	0.05675543653008108	0.08530417245222077	0.01101520761756932	0.02869401874647505	0.04407044375244747	0.04119275181874137	0.0106813797260695	0.01037770766936735	0.01021227430855046	0.112134153615793	0.01063521936358596	0.01000744624672233	0.06667926789706741	0.2984663187505506	0.1291443108414694	0.01001918175011752	0.01015359463796505	0.1595090187921787	0.01016040715739239	0.01000831433458298	0.01000307128326564	0.01000630657767208	-0.003103044605894641	0.008861450489491265	0.002276299260043051	0.03521371535188448	0.04698593592426582	-0.03460255447647954	-0.03032053730196719	-0.009630657958509366	0.04031286275089029	0.004039813613246387	-0.04323620087649386	-0.03458135554791815
0.8864035087719299	0.01012094415433756	0.1764153615010264	0.01001109591579832	0.01000953326281455	0.01001790699053783	0.01010702833192664	0.0100097326896849	0.1505999498737591	0.2472236054475401	0.135572300045733	0.0205605720386246	0.0675839128713281	0.2917039128713733	0.2823500446781747	0.01001051998841402	0.01000469289298929	0.01000363668626883	0.3149017061443307	0.1506374717938893	0.1066948947628989	0.231023732711368	0.2300719485013995	0.1764942140522577	0.08875670287683458	0.747200454401698	0.02643886530528224	0.06542186091426155	0.1909622024461161	0.6992674936301657	0.1720365439957562	0.202520427931767	0.01001238599221081	0.01002716106075692	0.6648598395261875	0.3561081251832847	0.02586557496213479	0.08550926170366956	0.01000465101107795	0.01000156620031577	0.01000339804042084	0.01007207262955102	0.01005172621433156	0.01021504053912382	0.01157425484677106	0.01011680129799862	0.01011905063069019	0.1631615134939578	0.07973623263450395	0.06191343490192455	0.03175663201694062	0.01031226792443137	0.01015974390624586	0.08372399779558071	0.04098094220414681	0.06015716131819371	0.06032415741283144	0.01987359934368399	0.03912607171307938	0.0518081966317812	0.07428195982805415	0.01118653678547962	0.02596195321541169	0.03834123405441156	0.03061351307804297	0.01515296204553449	0.0102865557210886	0.01017172812168514	0.1004378594073582	0.0169198986164412	0.01001116140897768	0.05985468616377637	0.2839409184184532	0.1075382201025102	0.01001718793851627	0.01131398638310174	0.1596001469834558	0.01013278198754265	0.0100119511516241	0.01000353122982982	0.01000819020611735	0.01786781591375912	-0.117270886439848	-0.1514167150205288	-0.00926957065384933	-0.0222414881132577	-0.005831316809554243	0.02880839160919636	-0.0002802971408056547	0.06344890337123703	-0.05799198242463552	-0.005884918015342729	0.05683169726099477	-5.591242026971337e-05	0.01911103604251832	0.01053277645161279	0.02418989790010122	-0.349712164680747	-0.1378716929710837	-0.0616773514767478	0.01014539638796037	0.1853793047683052	0.0100093697920605	0.01000790321895322	0.0100157482602276	0.010112721249663	0.01000806749704321	0.1358260051607591	0.01000443119990968	0.01000930688934071	0.04110146075701126	0.1808536545510125	0.2405793739753538	0.2510093312212648	0.01000828896174941	0.01000375794645182	0.01000299602278727	0.2602669231517584	0.1211204086446496	0.07965346772544074	0.200265987646541	0.1999608719485019	0.1529994336173638	0.08666729026404736	0.6506981162367242	0.05805051765364897	0.1741570395969897	0.166844557372495	0.6201603895642661	0.1641579115326214	0.1897420118478332	0.01000999091114983	0.01002266255243562	0.6948655709549939	0.3128931605131483	0.0100043905919332	0.2373053960904652	0.01000372380760479	0.0100012365179969	0.01000270925968575	0.0100898130325866	0.01005159684746036	0.01118338567875338	0.01575945103748157	0.01023216101771847	0.01014719626000742	0.07349776546576418	0.01274803634015595	0.04185918688571739	0.02140169097249518	0.01029826345043764	0.01017617383049112	0.01004120201243481	0.01002032570955506	0.05891340107710945	0.08086865601106374	0.03729861583723879	0.04155816003460881	0.03741768800952277	0.04429273964163379	0.01076739934201345	0.01228922294730905	0.01637209453614435	0.01025076380244174	0.01004656668458934	0.01028185844836843	0.01018780125847378	0.03238470948353505	0.01003992996474874	0.01002354915661752	0.01016073461850486	0.1135916847461545	0.04241602075699852	0.01002170482680975	0.0100965618717464	0.1094628075160335	0.01014915142483633	0.01012401997642367	0.01055637606215371	0.01014655146842415	0.03385931147428711	-0.0279264008061842	-0.01395212760622259	0.006154551869427847	-0.008834326359704639	0.0190984599437188	0.01061102464099902	-0.0009422024710090224	-0.001218181385382304	0.002050049919159878	-0.04308177457496547	-0.03538204317217247
0.8963157894736842	0.01014597094282817	0.1773724481058268	0.01001164484482086	0.01000983373034766	0.0100192448175417	0.01011860593537626	0.01001024360135387	0.1398461911039396	0.1240816563980074	0.06369005198431051	0.05095288335023354	0.1909771307789673	0.2620977114022552	0.2641165326558785	0.01001084913768952	0.01000485691151321	0.01000377372498015	0.2834648373806974	0.1322188339001227	0.08917131435334696	0.2099682308585332	0.2099332873682834	0.1599828473206468	0.08492845118701764	0.6926375256310295	0.06986483098052791	0.1848266706650794	0.1761005053652573	0.653666906713832	0.1698892949493107	0.1939946851294842	0.0100136936159833	0.01002949071523267	0.6708347654246682	0.3299112797619956	0.01498851232758993	0.2410332560099533	0.01000488095770573	0.01000162667186324	0.01000355458346067	0.01011351928616017	0.01006972617366649	0.01338120068359961	0.02104726840960328	0.01029311715684049	0.01016749477233533	0.09823663048404502	0.03365330249439942	0.05036028233901301	0.02544647549038145	0.01034650438710327	0.01019078817866716	0.03477453240688012	0.01897819708173062	0.06161835833428748	0.07871147053651682	0.04065364391492417	0.0439313298597111	0.0430165148951743	0.05483424680477783	0.01143566912270754	0.01625185272587767	0.02238976716508412	0.01548639760638603	0.01199020285351026	0.01032422843053588	0.01020487834354146	0.05550232947235037	0.01266644732042634	0.01003564633302309	0.02570916439574794	0.1747733845091184	0.05775524416751129	0.01002226180273342	0.01062447575196023	0.1345039194518832	0.01015916207839071	0.01044457505864662	0.0122670592286224	0.01055962725866104	-0.03651499536216127	-0.08198507580161893	-0.142660498146755	-0.01496967877636316	-0.01724969073427451	-0.004505090068804803	0.02580582165132556	-0.0002361720724101016	0.05305751015719027	-0.060165063482447	-0.006648358127318402	0.05292127900653778	-8.457836968578212e-05	0.01115772690227561	0.005913509423045525	0.01773826003366546	-0.218540674255768	-0.1590011181273605	-0.07923606268801127	0.01017185143120557	0.1670070331293624	0.01001666414672967	0.01001397209738525	0.01002736734521869	0.01014271473640793	0.01001502968932068	0.1294577262761001	0.01000441643907484	0.01000869576472256	0.09382770010162313	0.3697122568158616	0.222245410996837	0.2398200789346603	0.01001617689409692	0.01000716682738864	0.01000543485480599	0.2465315002385906	0.1200283434707577	0.07981807397189251	0.1833591388112142	0.1856504986156372	0.142097281070042	0.07749138583977361	0.5785577730961153	0.130249240066666	0.3571764134704609	0.1639555216608846	0.5591687139290336	0.1742221855662495	0.1857755938228926	0.01002202595897932	0.01004495120945219	0.665334004653962	0.2920097907853636	0.01000223422512654	0.4721795394906941	0.01000734578136507	0.01000244497943458	0.01000534660203075	0.01018962502513954	0.01011872514994839	0.01929070830371117	0.03694729268763262	0.01052710067070555	0.01024709328929179	0.03773284116426553	0.01031554360550769	0.04953679508114146	0.02528178709535076	0.01047834994563592	0.01025197628734731	0.01004572488490655	0.010025373244779	0.07046682627379561	0.1014296899833176	0.06361661919182802	0.05104552497833188	0.04211079780872562	0.04846787605983915	0.01250094297712201	0.01264426232545798	0.01538727439493933	0.01028308058607731	0.01009580922971814	0.01044696977553536	0.01027270551743064	0.0313586444612467	0.01007098897327344	0.01007362279432192	0.01016657051251758	0.04612315862622897	0.01849142776110872	0.0100284920915096	0.01027837240205414	0.1288061663177081	0.01020682770534945	0.01127853094578451	0.01670036960197802	0.01162980877005685	-0.00757638639447487	0.01451686442782086	0.005199547583793278	0.03114010263839291	0.01517764361157769	-0.0406812161475737	-0.02361178030179886	0.0007113040281825123	0.007746468613617392	-0.0002462432069672836	-0.0425554987966388	-0.03590410028567168
0.9062280701754386	0.0102503635716158	0.1747215684311308	0.01001270473287455	0.01001058981317529	0.0100214787735802	0.01015389227457471	0.01001118635553605	0.1267628008604425	0.05823285262966682	0.03073135584232265	0.09436843230838365	0.3149577730707297	0.2369482080358051	0.2478154397163497	0.01001152651691122	0.0100051818667344	0.01000406266093928	0.2462730550021881	0.1124589095737932	0.0730126095888826	0.1851464725050178	0.1869402102944924	0.1421067331685438	0.07997712378457823	0.6274868657495398	0.1257093682102487	0.3058665494308344	0.1616925775100864	0.5988336793306092	0.1693561900277141	0.1818697320550166	0.0100150487819989	0.01003254290692843	0.6576530685535668	0.2984810772848709	0.01175085749350111	0.3908917028680757	0.01000524546003661	0.01000174022142858	0.01000381532718414	0.01012075402323592	0.01007561431442748	0.01358131140917676	0.02091368147937744	0.01029152706364517	0.01017178670625401	0.06121893088898725	0.01878295409948398	0.05272086667671436	0.02684562924614836	0.01032815948145741	0.01017307377379938	0.01908282066990604	0.0131881460228008	0.06250297942718824	0.08307794244366966	0.03928988665069733	0.05723309996897213	0.04573836389148786	0.05209728204056641	0.0134301323340178	0.0163688276966353	0.02042995423242551	0.0120421441708757	0.01074160811437791	0.01030631274766276	0.01018711633506997	0.04174096746242381	0.01096639979128573	0.01007640904945545	0.01573042482752488	0.1104705960731774	0.03244467786749572	0.01001941853407884	0.0104746297916844	0.1376624967555374	0.01014251299598645	0.0134240930106291	0.02734932471761017	0.01569680157813723	-0.05202218405815109	-0.04523437962138483	-0.1386839608328333	-0.01970653948707846	-0.01469291975384973	-0.003924099539278058	0.02372318382547272	-0.0002252643154758788	0.04662618862576728	-0.06159166033768994	-0.006969233300884558	0.05059918676986158	-7.176135831013787e-05	-0.001862419704672931	0.01431231946851108	0.01362467903271565	-0.1035622132306979	-0.1657253584167194	-0.08835450081035226	0.01044161763043538	0.1759285884514559	0.01001177161326988	0.01000959366594615	0.01002089848886936	0.01020106641744592	0.01001021379432462	0.1074979953390154	0.01000146134368974	0.01000279849230934	0.1454693669309237	0.4921099441932285	0.2012975045202173	0.2223679429273701	0.0100099464657502	0.01000453442683268	0.01000367871586769	0.1796894049237993	0.08243071660532827	0.05124947379176317	0.1463345949288831	0.1512440091545344	0.116687223068757	0.07566268808324769	0.4938530376534983	0.1924590301378882	0.4779159570109197	0.1406402081384784	0.4878179521496937	0.1661779290309973	0.1613369327836092	0.01001305946203003	0.01002955490055769	0.6125623784068742	0.2422086043220122	0.01000062016010395	0.6192547926432562	0.01000457026996042	0.01000150414595855	0.01000331773516139	0.01008317851146759	0.01005310715601503	0.01022764959514217	0.01268502618239464	0.0101433695852244	0.01012651125374402	0.03474189438223414	0.01019500508304103	0.05745827529787174	0.02925561057549549	0.01023380384972817	0.0101158275291983	0.0100194648531384	0.01001071074985138	0.06200668404919096	0.08094137452999128	0.024852548733898	0.08083440954147567	0.05431437937841527	0.0546225962987634	0.01762872689095467	0.02033462466406482	0.02311579216634149	0.01011686087121691	0.01006322378216186	0.01021748963505824	0.01012666906854119	0.03547078030527997	0.01004583676064111	0.01010856969277331	0.01012388946497134	0.06399434991388417	0.01638307318105708	0.01001190800559032	0.01070829848520115	0.1484207615948986	0.01009374930381064	0.01740100219681613	0.04869455782016949	0.02296408577722226	0.03218240133438841	-0.02735652585675897	-0.01263315968424041	0.005544856835157574	-0.04506666949188765	0.01843762308529597	0.01091478366743208	0.0004112390765978926	-0.004001259674675948	0.002632360519618088	-0.04246466960937392	-0.03653570823314441
0.916140350877193	0.01056611855278241	0.1762040813225665	0.01001387628555724	0.01001121377647535	0.01002459669468774	0.01022049801257857	0.01001230308229092	0.114023582912964	0.02881819108444682	0.01797549310040241	0.1323110260787431	0.4099769931001514	0.2122911746865335	0.2283533614386471	0.0100125882851035	0.01000564026642239	0.01000445119536156	0.204613193805281	0.09312529849091926	0.06050152761045852	0.1580206888527758	0.1633142983226231	0.1247966511667752	0.0767189271903545	0.5585079129406618	0.171136107909906	0.3990863169753728	0.151842871916459	0.5418928488316147	0.1689825924276746	0.1701462707590783	0.01001720798292418	0.0100367461660062	0.6246557764799006	0.2650036566352851	0.01068706359309115	0.5082910702781347	0.0100057101397438	0.01000188290110588	0.01000414696970693	0.0100865430022252	0.01005435193961235	0.01097436064102378	0.02052562166868855	0.01017164729434563	0.01012786053051573	0.04821757581545203	0.01356166524674198	0.05696729933072758	0.02901497561929519	0.01030325423278242	0.01015228506387479	0.01353112695996105	0.01125370353259393	0.07239275181177585	0.09379314735517423	0.03482306200748105	0.09108082441079614	0.06275297638312005	0.06341656857378286	0.02272717306644656	0.02452251223865248	0.02704613279909279	0.01087566885730072	0.01033776937957235	0.01028327771047619	0.01016705492614061	0.04228739663592287	0.01040798146184637	0.01008251753193888	0.01231338008204497	0.08904300277442903	0.02486861141243135	0.01001559397745825	0.01147290339827214	0.1468183636109579	0.01012345447113283	0.01642490983754974	0.04508083999641826	0.02162703788081219	-0.008398224559539343	-0.01324307153976523	-0.1401087231774596	-0.02096330928489619	-0.01433285050295002	-0.003930562629273984	0.02378200066577355	-0.0002358483765860633	0.04660229271688465	-0.06326317594161104	-0.006931451729797737	0.05096298781217413	-2.291758148818685e-05	-0.01825424671145309	0.02620581166663578	-0.001933951944086729	-0.04425584028071142	-0.1585218582161527	-0.09095701474129153	0.01100448026940616	0.1769882442741496	0.01001911325245374	0.0100150946489795	0.01003444225349742	0.01030568156439735	0.01001742827283886	0.1049230933655754	0.01000253197269282	0.01000481026730699	0.1687906615900696	0.5358577201370802	0.1761720047598472	0.1958935180923934	0.01001866525525024	0.01000821027247053	0.01000630644677567	0.1583968060109139	0.08276020342570943	0.05968194393960735	0.1272569298554837	0.1389074226122632	0.1093149779460453	0.07324519067228169	0.4348857485259129	0.2156558652773423	0.5216799336529767	0.1519695638837711	0.4432996654119054	0.1737340329874375	0.1632760256411472	0.01002710750907884	0.01005445050594085	0.5432363758184128	0.2232942040052843	0.01000100473698584	0.6804715632961154	0.0100083702158101	0.01000275798392049	0.01000607717348801	0.01008185187226254	0.01005042691674604	0.01136638297037764	0.03589752307415179	0.01017494039241714	0.01011344970974263	0.04513097978685882	0.01035497353741508	0.06023473761355782	0.03042181163171485	0.01042229305372356	0.01020747435176239	0.01003224909902081	0.01001760720577303	0.1016194927628111	0.1320025055228963	0.05107566210111146	0.1466097199918496	0.09321838005888353	0.08789657327795482	0.03849273583072881	0.03706737283258148	0.03739362836858855	0.01018406303270598	0.0100994598361041	0.01039602453292399	0.0102303934596524	0.04902458910083975	0.01005526646650546	0.01005294476567396	0.01016012709230587	0.07841904575348997	0.02442602069250948	0.01001991158390732	0.01337174536543242	0.1564297056429155	0.01016641920212726	0.01731376324044752	0.05548368376960711	0.02431790641714521	-0.01592158433694594	0.02270707193517376	0.008137070515476576	0.0240041817223781	-0.04356746948873339	-0.03844074489289144	-0.02370329714932065	-0.001927768932361991	0.007444723913038881	0.0005572367527027602	-0.04289779568518648	-0.03725377143990023
0.9260526315789475	0.01599564833783249	0.1778928015094508	0.01001512420833269	0.01001198068561106	0.01002787300715295	0.01130747348077229	0.01001352896137315	0.1034958485469936	0.01680307780835443	0.01281868396844422	0.1511711536662731	0.4523181707856406	0.185754585413101	0.2031501578305229	0.01001330348312592	0.01000598562679841	0.01000478737125354	0.1639263714341634	0.07529810654920879	0.05006306481735252	0.1330699728535849	0.1421248864796119	0.1100056107266825	0.0749650986459218	0.4941945440457901	0.1910633864901477	0.4407687638616233	0.1457166515894773	0.4900619814749096	0.1674640733448075	0.1597782678104956	0.01001906601926447	0.01004132164609699	0.5741641691441053	0.2337896548722306	0.01023910095137516	0.5654637618877937	0.01000605443793015	0.01000199507814665	0.01000439782695857	0.01006883520727227	0.0100427226718482	0.01077663583966965	0.02768074500938228	0.01013711875899042	0.01009739054629105	0.04643866848564392	0.01141074923673856	0.06166494466849545	0.03135756180606738	0.01028815646457249	0.01014029117683287	0.01124801333999807	0.01044338082339841	0.08959421747082771	0.1134174664675691	0.03677445292854895	0.1417689283446741	0.08937976684810396	0.08252735152776025	0.03877551271925861	0.03753375448672249	0.03761859088780672	0.01038720746211172	0.01016655618551322	0.01026940585807266	0.01015546235346217	0.04757689808980811	0.01016812375877056	0.01005554217110101	0.01088188604901797	0.09207709593030665	0.02594386495071791	0.01001350746972217	0.01645069967990387	0.1575578443547847	0.01011267321205183	0.02109112779536175	0.06184614355220924	0.02864043713085511	0.06855417461344138	0.03690292256296212	-0.1431349525074482	-0.02003548868871322	-0.01757540082735172	-0.004750513808600573	0.02501839684791242	-0.0002791682231246696	0.05101020084671658	-0.06292543236363005	-0.006321709854123807	0.05313955535076899	6.80242126613842e-05	-0.02556643092867046	0.03057076562950237	0.002985259289194545	-0.02153379989354192	-0.1374072938245111	-0.07502365701268326	0.02495775006516569	0.1825186486680231	0.01001434743441362	0.0100111057680822	0.01002801502530447	0.01394530006763077	0.01001283840963914	0.08977229084340047	0.01000121837178782	0.01000235258323177	0.1626445963352751	0.4749278641779908	0.1478887797347745	0.164003447325679	0.01001151330539522	0.01000527645067959	0.01000440360773172	0.1036417702625338	0.05059115796593027	0.03534933872794919	0.1006759206514967	0.1140285991787206	0.09166757076092087	0.07450910333846954	0.3815540932149794	0.2006470655786174	0.4632322009659021	0.1366651938459876	0.4007995992911914	0.1615826531314985	0.1437900692593491	0.01001703459898745	0.01003941490906294	0.4646557161912723	0.1863803777677453	0.01000047368545818	0.6053895018135033	0.01000525745505201	0.01000173199217397	0.0100038219382882	0.01004557257417023	0.01002797884137744	0.01024474655897183	0.03022399847100938	0.01008429184524598	0.01006154661684332	0.04671394502804958	0.01020976900735722	0.06799572874044284	0.03436589746473911	0.01020325009322537	0.01009288654901435	0.0100136368875272	0.01000742808016337	0.1050481491325523	0.12965170434082	0.03083366533924943	0.2103700621467857	0.1209851838789848	0.1037959269809473	0.0564848323444507	0.05223284294767144	0.04967216951618867	0.01009535275870906	0.0100638988908118	0.01018961204875161	0.01010455507666129	0.05359136801703624	0.01003266289348136	0.01003534898193214	0.01009296494253916	0.1070287443903991	0.02851154467232658	0.01000794451732934	0.02431731674385922	0.1743886936419745	0.01007358008791428	0.02797416628855245	0.08471756359962178	0.03838420412444065	0.03143191389394907	-0.02654895465376713	-0.01307263838647697	0.005588417692629103	-0.05919442631600743	0.01690391840531364	0.009620519954064467	0.002787406771611961	-0.004102327348960893	0.002953509475931176	-0.04385361490333757	-0.03777469959119274
0.9359649122807018	0.02600900959250229	0.1843364564551835	0.01001644399275603	0.01001251964683176	0.01003227967588898	0.01684155764189245	0.01001508349639585	0.0952623878182028	0.01264382339869315	0.01110507784660544	0.1505816407696901	0.4395703964414625	0.1567860517672233	0.1725669894926012	0.01001485126314938	0.01000662237976679	0.01000533884759839	0.1198851330514269	0.05950828009093542	0.04591409346695413	0.1081753447877805	0.1233205405990656	0.09840138922676084	0.0759940556796876	0.4358585345036257	0.1862248228729772	0.4286247794813888	0.1483675090747663	0.4459935345283972	0.1644938265554408	0.1526670887395767	0.01002175427910112	0.01004695082318437	0.5092616439332514	0.2046285926626815	0.01009456864685319	0.5555710676970023	0.01000652094009533	0.01000215027271747	0.01000474112081469	0.01005227715446371	0.01003230158884045	0.01038899403140675	0.03266973731737157	0.01009974561222795	0.01007307668176889	0.05058692300411791	0.01073360651944408	0.06723815084443241	0.03412092619090247	0.01025950157641914	0.01011897005242132	0.01049875017134831	0.01017910996858477	0.1089425703559237	0.1341669449435418	0.03562064499678641	0.2001864951555851	0.120729225816431	0.1057463706642924	0.05782343181413061	0.05384451696012306	0.05145109253270343	0.01021659105468373	0.01011276959938273	0.01024268508483226	0.01013448422989204	0.05651287711344688	0.01008851856306608	0.0100468603474411	0.01041609390826406	0.1098748419647029	0.02982566390101994	0.0100099674792211	0.02723571616716639	0.1703369581376205	0.01009430946541249	0.02705162034361352	0.08103652026756875	0.03716975345081475	0.1562819861527908	0.07903537382237102	-0.1444729212545758	-0.02037739538029611	-0.0196874724964492	-0.005284600008945074	0.0259118108049875	-0.0003056813880828272	0.05428500017735895	-0.06364974693402677	-0.005973329228695681	0.05506566938197687	0.0001398856340310998	-0.03829863966225423	0.03425710947783318	-0.01484589274396691	-0.003924465020141099	-0.1085206033238067	-0.06160884292039268	0.03575162435835795	0.1980638812079176	0.01002182105198146	0.01001595624823877	0.01004432861234532	0.02573938507271427	0.01002084928840646	0.09187063322553032	0.01000289213953721	0.01000560671138149	0.1379201406775978	0.3757284381217623	0.1170257291752448	0.1279928175419878	0.01002255101539942	0.0100097603231366	0.01000761372771942	0.07099539695924845	0.05428773043681751	0.05846451048365126	0.08001853600309274	0.1063684441214762	0.09118893304178984	0.0788267831841569	0.3410476803820878	0.1642268776195462	0.3672649082292547	0.1710912087007587	0.3798088147499302	0.1653754709915534	0.1544389205506922	0.01003327208143589	0.01006670941238238	0.3786132204752423	0.1716616097194698	0.01000111270002077	0.4829116917384513	0.01000941919957242	0.01000310919754985	0.01000685148775112	0.0100498274707627	0.01003073166873502	0.01041003782742323	0.04404373302183658	0.01009749285430559	0.01007066774433018	0.06019667367517	0.01042840510134072	0.07252332782505594	0.03641437556813196	0.01035209175389118	0.01015597203384667	0.01002094491813212	0.01001125937467532	0.1454488808437374	0.1780441027442394	0.04547618917647114	0.287715397357983	0.1663396932506306	0.1421502961756572	0.08142349500913093	0.07437390798638659	0.06938686986954053	0.01014600835719921	0.01010353172382719	0.01033036659642938	0.01017952070024662	0.07137833367985852	0.01004850357407687	0.01005294761267451	0.01015772844087273	0.1344566240721858	0.03511876612133976	0.01001145213646814	0.04100473244498767	0.1857356647030095	0.01012249028764948	0.03059401538550111	0.09779492573030851	0.04311556699577598	-0.02395236154341519	0.02944220087329127	0.01208873020476473	0.01748362041432129	-0.06857579787911067	-0.03793106920369354	-0.02376147674342187	-0.001362926309830665	0.007248355573535256	0.001195893616893033	-0.0448841754431226	-0.03791791749164588
0.9458771929824561	0.03952410517932679	0.1979688068133831	0.01001716329374011	0.01001263532469713	0.01003613743932726	0.03145276146696341	0.01001626188645525	0.09291373577291064	0.01092396122196293	0.01038693007303588	0.1299178765330061	0.3796225521726769	0.1260129213127017	0.1384747936218957	0.01001529559511739	0.01000680408544499	0.01000556319428476	0.07778055103180756	0.04637634571800648	0.04553185920076365	0.08805959141740308	0.1102972611700119	0.09230561531694195	0.08266865771323355	0.3914500250378545	0.1583418422691023	0.3701647968400182	0.1611118572100507	0.4172664423348756	0.1623504891655607	0.1520143672867173	0.01002376067991015	0.01005303851349894	0.4344271752194046	0.1829778019853936	0.01003333020772336	0.4862871099882397	0.01000657216610826	0.01000217392315454	0.01000478453131962	0.01004322044326905	0.01002645298631578	0.01034880781833559	0.04292927359642724	0.0100831554425557	0.01005908777838522	0.0544908803625028	0.01045246569863329	0.07382537858770893	0.03747804907434132	0.01024003219775386	0.01010578317867737	0.01018198194649467	0.01006689291688848	0.1260341381756532	0.1529073419599306	0.03756473587525888	0.2603295729151263	0.1513130886938059	0.1262200857436858	0.07897179373601938	0.07019409999059308	0.06385099449634707	0.01014532795459662	0.01008847885238515	0.01022446266706179	0.01012120616063174	0.06045706127123704	0.0100537805280113	0.0100367109457217	0.01021520539826206	0.1284854428624161	0.03591963668538696	0.01000805260961892	0.03747276103093562	0.1843443013364826	0.01008321168325797	0.03338213188829398	0.1009319581549636	0.04616469627034061	0.2241528552320632	0.1326574616142573	-0.1396321830287202	-0.02084595181745129	-0.02211449551191455	-0.005691363732224797	0.02632776633004065	-0.0003197445552245248	0.05561181759244897	-0.06271403147003264	-0.005582643296631523	0.0561460109656475	0.0001998423481689079	-0.03602366946273827	0.03364415245266014	-0.0199055536862973	0.02360610722946547	-0.07639217083778264	-0.04245894363792806	0.05613361478399888	0.221652776687346	0.01001523509175072	0.01001085902575219	0.01003508296866714	0.05061762107127792	0.01001492560187958	0.09188565003221996	0.01000217133171997	0.01000431569421733	0.09271198186037398	0.2436688383298354	0.08756657980327971	0.09449783092633166	0.01001199326311535	0.01000544735401847	0.01000470712429397	0.02980944803680973	0.02846912793076086	0.04031154160855999	0.06705553000997634	0.09650093904921751	0.08692044122331265	0.09406144150371748	0.3295750510244025	0.1087643407535681	0.2382213417000053	0.1788711003242455	0.3818209262824331	0.1581166115458955	0.1522130749420844	0.0100205971726238	0.01005120395880853	0.2979757176821358	0.1568796276200483	0.01000085735186849	0.312653240173118	0.01000508780663444	0.01000169483753162	0.01000371417264127	0.01003233127699117	0.01001939350997332	0.01029758252453204	0.05359250134269961	0.01006215439310365	0.01004135645267765	0.05692694057659561	0.01024421989711282	0.08245284200831862	0.04165761561500993	0.01016254653622213	0.01006647018038812	0.01000921969919067	0.01000498734393068	0.1373448339864066	0.1646891961094128	0.03557502257259711	0.3468490221168528	0.185452658438971	0.1439551238524585	0.1025813866664681	0.08660082959281633	0.07462147643014001	0.01008794463844932	0.01006179639868144	0.01015126962586382	0.01007752840171998	0.05810790912849357	0.01002862144511168	0.01001948789287308	0.01008319295763267	0.152618679146267	0.0432277297369997	0.01000441748486497	0.04629509452390951	0.2051686815766706	0.01005172866582418	0.04151639020490426	0.127952442113989	0.05761178748832501	0.03179265550865441	-0.02573857474303325	-0.01616250383535437	0.006398191152837285	-0.04158582382493855	0.01554532434774607	0.007668211418624699	0.004686563639885197	-0.004231618631034848	0.003591309040032081	-0.04598862988709112	-0.03750316124170058
0.9557894736842105	0.05475098281554346	0.2183793867537122	0.0100166875927741	0.01001181888441443	0.01003724746921359	0.05111541559725397	0.01001671808124804	0.09537553254646228	0.01036623629718336	0.01015883421683561	0.0950750049344925	0.2850320008879977	0.0958386126632484	0.1044118709319617	0.01001532137872812	0.01000676672594253	0.01000559638231886	0.04088324508622169	0.03521500047498622	0.05143372312603298	0.06964835368749839	0.1024408441483057	0.09217741180647793	0.09405644435672211	0.3597708761327899	0.1147651190370419	0.277567155186382	0.1867644392843293	0.4038139465904322	0.1615558877686003	0.1586204002308728	0.01002438149380258	0.01005561788153527	0.3553909637122056	0.1675809024904303	0.01001448860944318	0.3721421249952814	0.01000617143501953	0.01000205721811108	0.01000450519216911	0.01003878477496876	0.01002349907263994	0.01038281084654136	0.05421081559139011	0.0100752971403982	0.01005131728264535	0.06190360951254334	0.0103792034093386	0.08103738654805522	0.04118564924587795	0.01020941367657426	0.01008630918665158	0.01007770031071237	0.01002959751093524	0.1377372255278862	0.1654053701404236	0.03922648111926987	0.31831685893346	0.1784138948303249	0.1419022883940811	0.09969568648559532	0.08524273082347408	0.074324260219059	0.01012141068071183	0.0100814803245029	0.01019514750488386	0.01010076465401204	0.05955235908389508	0.01004210956517326	0.01002926054841611	0.01014840312493655	0.1537104489720021	0.04398157335165334	0.01000575318172733	0.04730208543345991	0.1986936370876518	0.0100673215699151	0.04025709055349912	0.1219577739558473	0.05575646766805344	0.2895748321032106	0.1918413480775067	-0.128138975963926	-0.02262869834972192	-0.02475508536483741	-0.006002656441822178	0.02620941425500128	-0.0003207827357168376	0.05222524757530764	-0.06029476110581774	-0.005295538938589936	0.05568428924065998	0.0002368378720417133	-0.0571296961153115	0.03411442760822252	-0.01276908868604791	0.05520325512054854	-0.04550941952061011	-0.02222668691655261	0.06885473265779435	0.25201547135392	0.01001973551417053	0.01001343873721943	0.01004394078034447	0.07158133586893545	0.01002107628564359	0.1032924593713618	0.0100082313101568	0.0100176084858237	0.05009464825458499	0.1205871292496075	0.06145052743481896	0.06465883894338394	0.01002220536194046	0.01000947770630213	0.01000749869120969	0.01015496097395128	0.03435611289013309	0.07760526477578018	0.04734500026713695	0.09844497281606913	0.09899964123127644	0.1080332377915696	0.3124701048983409	0.05664471432296576	0.1177966274858313	0.2458944932219291	0.3918879102153534	0.1659832420061354	0.179401578539963	0.01003319871517617	0.01006853831747813	0.2232517921008024	0.1529770668666126	0.01000368696130683	0.1549227744973578	0.01000818881676473	0.01000274258883531	0.01000598651320321	0.01004534232493689	0.01002757121460813	0.0105485745406736	0.06835830381826082	0.01009006566287911	0.01006102946909652	0.0794500990553674	0.01047983311770509	0.08790067832901088	0.04425289025731634	0.0102802545247984	0.01011105273274111	0.01001464521711727	0.01000784656490039	0.1625136221988326	0.1950767434450473	0.04857476972128368	0.4116651669264191	0.2190684887796861	0.1684827250313824	0.1243585989013067	0.1041575743748585	0.08881247582660969	0.01014315105763625	0.0101059526393713	0.01026119134455572	0.01013183334223449	0.06392215435505086	0.01004706197564859	0.01004060826492898	0.01015165308740472	0.1972882073299984	0.05360700840802017	0.01000648831246361	0.06085784681909051	0.2156751844179926	0.01008615916815401	0.04505145527003696	0.142821504183483	0.06324862923060999	-0.02753085139411604	0.03262371403413895	0.01569960676864995	0.0152109777094642	-0.03559417606643099	-0.03818628043970844	-0.02297318586149032	0.001945443760722275	0.006927974063799157	0.00236755808987767	-0.046658871680748	-0.03661131790051958
0.9657017543859649	0.07789081280367409	0.247241922357231	0.01001670014157095	0.01001107317861991	0.01004635366465768	0.08148184293689975	0.0100180951695934	0.1004031521418325	0.01008039702840097	0.01004387940947858	0.05581343590197337	0.178081333931598	0.06874111356131213	0.0736428400374811	0.01001502847226025	0.0100065945003692	0.01000563090581407	0.0214806265182614	0.02523029482943798	0.06010474662797642	0.04617283513132154	0.09396396676829046	0.09377277401159187	0.112147949943399	0.3325197549628496	0.067115871706112	0.1730402674737088	0.2224543796634391	0.3985367154718608	0.1622423391021318	0.1673458738317243	0.01002585816704968	0.0100660656088344	0.2775096766297212	0.151519943561673	0.01015792193876771	0.2398623467593234	0.01000578622118573	0.01000193986734061	0.01000423080442501	0.01003485430182727	0.01002091204068134	0.01044212786346679	0.06503131173222904	0.01006918471067036	0.01004550181071874	0.06568369064294323	0.01033977480340707	0.08803785567866414	0.04497985344293151	0.01018946247402009	0.01007501958265185	0.01003328142898296	0.01001365528522768	0.1468190868212401	0.1746366720014289	0.03995297755128722	0.3748815479588618	0.2038772678103705	0.1552012974611737	0.1208214702730233	0.1001319816839287	0.08372897733443047	0.01010719119656881	0.01007548945964477	0.0101760970270544	0.01008860181184645	0.05520439018893585	0.01003544238428748	0.01002511009700206	0.01011606792408964	0.1728287290497023	0.05089959525296078	0.01000459211237125	0.05817827800033137	0.2107671479731868	0.01005826138089937	0.0467086786203739	0.1417642746928687	0.06480949899356099	0.3235462464437662	0.2312857141027712	-0.1131541665677612	-0.02152560826304165	-0.02638437251370979	-0.005913015261836054	0.02663318129760186	-0.0002949709518137664	0.04847570539494053	-0.05766163484413785	-0.005141621203472391	0.05467414849053672	0.0002439193752878693	-0.05720767644910222	0.03576270027862324	-0.021146079843977	0.08308609563073788	-0.01303480730176949	-0.01347698229098327	0.1090892960127683	0.2918385258022239	0.01001514078362975	0.01000917154413019	0.01005495413981251	0.1228378017000744	0.01001792533550825	0.10526947309358	0.01001570345187482	0.01003610177711673	0.01537188969215179	0.0377646569660563	0.04104912385172422	0.04204000121139814	0.01001132149843597	0.01000505882204517	0.01000478056394405	0.01001811251716869	0.0101243638944437	0.06150211362097584	0.01996501276414836	0.08100866828567467	0.09377391226210277	0.1376809194995577	0.2892329142227584	0.01746126649842219	0.03721173663726945	0.2698071513544374	0.3913428119691542	0.1610819792879192	0.17417763394679	0.01002334724713889	0.01007342271768797	0.161737271197716	0.1272387754466394	0.01186956992048436	0.04762913968554975	0.01000422732596531	0.01000143336924742	0.01000309978274604	0.01002621612822135	0.01001535594430596	0.01042851888090332	0.07492612435604806	0.01005307497656788	0.01003249034453637	0.06216426251332989	0.01023556164661685	0.09601625714383603	0.04913918493236936	0.01012492097384692	0.01004621538338524	0.01000717860398852	0.01000382824900566	0.1505552686917372	0.176379286398532	0.03527095488183297	0.4660652579984399	0.2353963014327374	0.1669095065106007	0.1468881728962377	0.116776512897002	0.09243544050673708	0.01007646908293126	0.01005636416295306	0.01011507354664673	0.01005525381987879	0.04604088127243772	0.01002400789498788	0.0100135359202698	0.01007126473395611	0.1868386112869322	0.05654584146458046	0.01000257628679115	0.06949632853943104	0.2253942136279917	0.0100357199611884	0.05449232861676172	0.1685431725137779	0.07588933631081159	0.03473457298238063	-0.0260611557129934	-0.02286386431858263	0.00930273117072135	-0.0131372974345845	0.01448201131647301	0.006276744024475435	0.006580893929655531	-0.004333685342526508	0.004593317031766664	-0.04628420911242773	-0.03525669191809688
0.9756140350877194	0.09836257752720044	0.2713637257201594	0.01001649211282152	0.01001032070997321	0.01004985713227586	0.112827973967933	0.0100194568203974	0.1051423438945512	0.01051006545981024	0.01029701118173281	0.02731549803872171	0.08994407398277016	0.04689039470746757	0.04932946140883921	0.01001540537921795	0.01000671602621906	0.01000587208733762	0.01443619825688915	0.01386829461455703	0.07065227994232291	0.02526684762606885	0.08550405159263576	0.09748032060524649	0.1299265992386178	0.3045799499549439	0.03249089179350995	0.08722488342418663	0.2635499994277617	0.3940741872568362	0.1620168379217739	0.1760703438126732	0.01002626383456899	0.01007053508510148	0.2067596487571038	0.1350644706341967	0.01644267411033001	0.1258024234265117	0.01000545390946002	0.01000185422669097	0.01000400045314142	0.01003250967874889	0.01001939927659658	0.01042965988990876	0.07290914198150837	0.01006393674807992	0.01004110716595998	0.06604758629786696	0.01031585068828602	0.09258630883751871	0.0475553100825658	0.01016973081681166	0.01006402796680946	0.0100188578048735	0.01000839431570359	0.1522008915400582	0.1785878197840939	0.0363416089586408	0.4292886427513365	0.2273082719444153	0.1664064516861265	0.1417143456386848	0.1147294562879127	0.09272846977584487	0.01009682208854582	0.01007717054410628	0.01015645223930484	0.01007630969966005	0.05114415221822664	0.01003201042748547	0.01002164465936934	0.01010056187292395	0.1863727928531929	0.0555762545663504	0.0100036319590773	0.07081901658226619	0.2163698876932159	0.01004970453740074	0.05288764976004912	0.1607270776385902	0.07345730886585476	0.347601548660386	0.2584940786741245	-0.09677026225103073	-0.01939147927927075	-0.02934590791162713	-0.006058590894292455	0.02747282034013817	-0.0002705309881733323	0.04279990170991239	-0.05268145785477152	-0.004775062870816802	0.05270064603584003	0.0002406740309590471	-0.06997282615289589	0.04109933930119791	-0.02124305955578682	0.09639796435459914	0.02496849731039564	-0.006968287623793453	0.1074668956959877	0.2928388745499744	0.01001911011109654	0.01001192737610074	0.01004562972651691	0.1383308157672063	0.01002378496021899	0.1125148170069369	0.01154816565097808	0.01087362282929371	0.01040150425793199	0.01028189363353122	0.02702026582886964	0.0276538338377359	0.0100235948701342	0.01000999953539567	0.01000817717847762	0.01002429143260508	0.01034084215889422	0.1020974940684163	0.01028740410407509	0.08167420693806768	0.1093513803825646	0.1440520158004385	0.2574005419725662	0.01038664061720775	0.01028860830334916	0.3447963527105413	0.3850004308757798	0.1640457246154595	0.1974011831763706	0.01003299358609611	0.01007180256890929	0.1142675096956776	0.1201954430001203	0.02858427790946223	0.01022960387939709	0.01000757439527363	0.01000260140034065	0.01000556760022834	0.01004215817396533	0.01002556521604154	0.01045540230751787	0.08101662720712974	0.01008038998207515	0.01005358857060055	0.07618673030351386	0.01044670993431163	0.09387349508582503	0.04806981353166987	0.01024099363852963	0.01008935117779155	0.01001427606092985	0.01000746279285737	0.1679910991549499	0.1946335058410167	0.0366214536017595	0.5238929472873755	0.2649023775745764	0.1884944930886479	0.1676616336446048	0.1340056078037485	0.1068058435539185	0.01012606758662967	0.01011659774911995	0.01022133187147116	0.01010712475778024	0.05605270630194296	0.01004326867572183	0.01003432734043186	0.01013662021712813	0.2169869844559432	0.06059505443459421	0.01000475867474986	0.08901781138855996	0.2153727798634358	0.01006952254081747	0.05723184831902417	0.180743029133283	0.0803217004646959	-0.02761146339354029	0.03716701858249579	0.01278359674749575	0.01565612212872587	0.005140041226017088	-0.03888072485377452	-0.02204670173195419	0.006322877701869054	0.006586177362075235	0.004825426316457164	-0.04410835355234951	-0.03359609740839421
0.9855263157894737	0.1164376103067674	0.2884045374612156	0.01001794514806628	0.01001017912217065	0.0101431159905554	0.1418988937640791	0.01002672474288106	0.106979106483901	0.02675568028879272	0.01597729461681289	0.01638412244664512	0.04229027411547203	0.03115153665275231	0.03273639412274281	0.01001577952422185	0.01000689054336328	0.01000641995103515	0.01156313823857354	0.01145021923884574	0.07553803311195664	0.01556275751416068	0.07105821596430571	0.09639388747240084	0.1452779314046323	0.2704546887474013	0.01832974074782218	0.04106988045910055	0.2986519714524157	0.3833348257776358	0.1629743341612064	0.179294935666312	0.01003058839402025	0.01011501896143554	0.1469709951174618	0.1123415650128322	0.02895569024177963	0.05913523634695574	0.01000534639385282	0.01000183361550311	0.01000392796778648	0.01002921809442873	0.01001745121914737	0.01032459639302831	0.07567238475704549	0.01005683022588263	0.01003704125860947	0.06087856452591193	0.01030349277950271	0.09145881821276119	0.04716460094099677	0.0101606460317484	0.01005902535786293	0.01001269768423701	0.01000609133568969	0.1555807833807691	0.1788041558740547	0.02687362299064783	0.4818615279954896	0.2499986040881425	0.1773421437559007	0.1628030809969818	0.1300991911315174	0.1022506376098709	0.01008697702957429	0.01007674452186563	0.01014725675274168	0.01007067939391893	0.0482027785392482	0.01002972609975056	0.01002085519033316	0.01009400001429544	0.19232520726417	0.05672622313229374	0.01000319917298198	0.08820683898816717	0.2099727963376322	0.01004584243163982	0.0587867302394744	0.1787281614458581	0.08171259323725083	0.3483722480176422	0.2677432035753608	-0.08083433357975638	-0.01437108885823917	-0.03307207408986913	-0.006318967354672558	0.02915271424153965	-0.0002468393657144534	0.03747718604056915	-0.04663369877340734	-0.004302776448178461	0.05045001886710177	0.0002247626577135531	-0.06739081918935085	0.0414554755196857	-0.02233024791415596	0.09377931137767519	0.06584742306760141	-0.00750135685186775	0.1429195056944234	0.3117510610518386	0.0100189314405044	0.01000929183828639	0.01026908454294751	0.1821917889158244	0.01003460747720651	0.1050938422223231	0.05410693071793964	0.02560097830921167	0.01012481855251202	0.01006119281662368	0.01795878817280569	0.01905421439927314	0.01001272594822813	0.01000575375725033	0.01000631298335536	0.01000714214063494	0.01002984674039983	0.06603300700206476	0.01003782286090892	0.04803017840427385	0.08828097679576798	0.1653293545182551	0.2128656532757125	0.0101199885981817	0.01006801688967506	0.3356673605299681	0.3567667971885024	0.1644453200261301	0.172966704501975	0.01003258297242859	0.0101716462313502	0.07734455807718497	0.07766965743118884	0.04195118910930398	0.0100459792848172	0.01000431348947187	0.0100014988514067	0.01000317483896741	0.01001977935438321	0.01001163398630706	0.0101612477627291	0.07570920517651883	0.01003840685798868	0.01002493024558003	0.04606846890388803	0.01021810776109302	0.08657706921926853	0.04520736475957653	0.01011737710115877	0.01004184849416698	0.01000748537431632	0.01000379207214496	0.1531143220976906	0.169584717245914	0.01177777214432392	0.572401301017663	0.2800163853478648	0.1873792997674145	0.1908183693879187	0.1487475612756619	0.111762078241811	0.01005795526444564	0.01005857502239809	0.010106508639649	0.01005016545885476	0.04099658086887909	0.01002087613603865	0.01001320712771641	0.01006644595541879	0.1864193842965775	0.05536751765509108	0.01000218274381377	0.1091414527742568	0.1912541536435305	0.0100326141936655	0.06617018647413186	0.2045252699476324	0.09228857171723438	0.036239114081861	-0.02626422561777049	-0.0304930966699751	0.01109220391173222	-0.003732118293148969	0.01392424273117057	0.004860609014705319	0.008025576464837926	-0.004404977585016814	0.005047659408033664	-0.04070844821269079	-0.03172663365024869
0.9954385964912281	0.1283246968159793	0.292045567142616	0.01002010103168023	0.01001054247712446	0.01018504376380965	0.1653175475554135	0.0100316217074275	0.1038402524398321	0.05561948916394184	0.02770210781576457	0.01256187230984945	0.02248622802042556	0.02121806279597545	0.02219919170331834	0.01001818233588426	0.01000809066058659	0.01000797233174921	0.01061756684594521	0.0105658605643395	0.07382781131593558	0.01216988944215731	0.05462470289336945	0.09443016096267796	0.1537291587143807	0.229868233138241	0.01330541177936832	0.02201351446510804	0.326722940749016	0.3632826539105244	0.1657279496517277	0.1762146036609163	0.01003096307719657	0.01012758030758601	0.09976471777969832	0.08842779176180851	0.04189921543662256	0.02921159844130128	0.01000599618628045	0.01000209602549705	0.01000441535923477	0.01002673614515573	0.01001596864519053	0.01023268647017606	0.07640843795528186	0.01005051331049769	0.01003327688133795	0.05109501159448143	0.01028342476984271	0.08257400543081611	0.04273290115987923	0.01017472983538684	0.01006550675331092	0.01001270135260893	0.01000625690654754	0.1554888164639419	0.1742334295956072	0.01539933757058374	0.5308024925197298	0.2700230810417624	0.1858389245102617	0.1832591375877846	0.144632994089853	0.1106946550658987	0.01007710942381836	0.01008521191446418	0.01015914074169222	0.01007787352356899	0.04506183431462566	0.0100279280493431	0.01001943911408366	0.01008772046943319	0.1903557201619616	0.05523642560792808	0.01000350340640598	0.1061268626232932	0.1875318195299341	0.0100515297183741	0.06440582222847357	0.195766187685624	0.08960473799705941	0.3442301204608723	0.2704346162513601	-0.06540030964474124	-0.008835627325916666	-0.03701167505188838	-0.006591314767668621	0.03115206967863616	-0.0002214433707442556	0.0304595893097925	-0.04038777717296056	-0.003981194832759784	0.04754127931837886	0.0001845373052477128	-0.07316722992962696	0.03827227373180699	-0.01793646316668375	0.07352439377678593	0.1014086043252635	-0.01562393242394074	0.1224935675857436	0.272423359327159	0.01002408895861972	0.01001313329908839	0.01008072774936907	0.1782000044598124	0.01003132864630774	0.09930917436080089	0.0840835424006152	0.04059698165959228	0.01022007123354371	0.01010153079656354	0.01417218033109213	0.01404585066233347	0.01003032589615474	0.0100133731071578	0.0100122352690786	0.01001226302748345	0.01006234940147453	0.09066774134651585	0.01005428122292466	0.0467238629317858	0.1041769836488785	0.1504809911378587	0.1675965997648036	0.01020629764593651	0.01010995270859328	0.3910011368113464	0.3234899982754268	0.1725242684149619	0.180614080617697	0.01002999407994937	0.01006661362549277	0.05183661809185655	0.07198509556511498	0.05570275049078258	0.01007601710536216	0.01000959268598261	0.01000339481003553	0.01000707371732541	0.01003796258692943	0.01002304179634447	0.01028406773359903	0.07998419367178522	0.01006850517549971	0.01004634579786943	0.05100846516795473	0.01039923913730839	0.0660163814572956	0.03471547520149254	0.01029116544196727	0.01011321541064368	0.0100201332693147	0.01001013666374469	0.1623206440635808	0.1773496328511435	0.01170022409992092	0.6177808930994888	0.301499443217712	0.2019272513724961	0.2091928048580225	0.1627744460231511	0.1226462765286341	0.0101063097494965	0.01014197612062885	0.01026511826016431	0.01013368754972485	0.0494817168510892	0.01004013401181787	0.01003090042790902	0.01012432823980623	0.1994496001128575	0.0545307845840876	0.01000606658274289	0.1268883083129166	0.1425374646371756	0.01008996155217141	0.06824011089909415	0.2141707901570313	0.09584891340953941	-0.02934952385542531	0.04432467124940578	0.007750541807557826	0.01497556309224028	0.01159556513279559	-0.03938273119246587	-0.02254409017681132	0.009892647910959812	0.006274512561773744	0.006699201945058751	-0.0370437360888048	-0.02987966868858839
1.005350877192982	0.1290359006628699	0.2800094585751182	0.01002291308328651	0.01001105769482283	0.01913823118423823	0.1746355569263265	0.01007130379417202	0.09637567299030705	0.07877394493182535	0.03834986536801643	0.01097987025699626	0.01448922046973762	0.01540537961481221	0.01560220556322816	0.01001922117601557	0.01000865166540107	0.01000904125384971	0.01021962040313742	0.0102196379461862	0.06450263545628372	0.01077822265404043	0.03601381591255053	0.08522851844575106	0.1531697013987227	0.1864932403429773	0.01123656846386324	0.01432068621947804	0.3363391471295149	0.3331889922978746	0.1730960507731511	0.1656577446559311	0.0100383298076501	0.01025923848279878	0.06308526203109782	0.06295147055890946	0.05481301186576897	0.01697608768527769	0.0100061509682066	0.0100021684028152	0.01000453193096612	0.01002461370382057	0.0100147854015803	0.01018036108395722	0.07162743363574223	0.01004545542459985	0.0100307524139806	0.03684462404175967	0.01027502219528495	0.06545359098854467	0.03369982315662855	0.0101912157139839	0.01007124974486396	0.01001300004206999	0.01000648431690672	0.1511704757654646	0.1633392643995459	0.01234211084651768	0.5745447646237061	0.2868994437931587	0.1920109089727022	0.2021842737718912	0.1582366959231326	0.118095025701735	0.01007029825431527	0.01009449556288	0.01017307056679195	0.01008452387312684	0.04189581520112417	0.0100274252957202	0.01002117347226731	0.01008810427946705	0.1828307130053662	0.05024646210698527	0.01000374480294825	0.1273695700621055	0.1493780616606638	0.01005625005853706	0.0695773771308118	0.2112887915432612	0.09684802107250076	0.3306658323422414	0.2710009456354044	-0.05163902297068675	-0.002295826288229923	-0.04052113125092779	-0.006758644643824443	0.03354010904373737	-0.0001949940000444097	0.02359121669211511	-0.03530186524543076	-0.003942030322342487	0.04473676339213106	0.0001219823040728773	-0.07318490816784526	0.03903380423630824	-0.008969208257213155	0.03311177167119154	0.1225247520418443	-0.0310211796433657	0.1318286838023668	0.2576733744236359	0.01002581303437744	0.0100107850248741	0.03174643151642469	0.1843045354338004	0.01012325648622805	0.08302908857584609	0.1021445911670252	0.04783203085367457	0.01008500496904761	0.01002950399740838	0.0110683680379124	0.01068361152472364	0.0100157169055083	0.01000749270229851	0.01000953846228808	0.01000545108877605	0.01002031729953548	0.03849778897838369	0.01002167610322816	0.01080872546993842	0.06418310043608795	0.1504318003266296	0.125070508936644	0.01008141699354257	0.01003577055519493	0.3214950278276862	0.2754861191297831	0.185468965772605	0.1395017439396784	0.01004759488352048	0.01045879843627671	0.0275651355989537	0.0287689222560147	0.06848114497167813	0.01002079715755115	0.01000530428559097	0.01000189281531121	0.01000390969806418	0.01001579893835693	0.01000944317350736	0.01007834901559438	0.06174041177983982	0.01002892277810644	0.0100203684246058	0.01394634868851915	0.01020282229580967	0.04331204991832375	0.02312554058786159	0.01017895311486582	0.01007120866369223	0.01001264197459554	0.01000641036843573	0.1389091871698152	0.1396335184511245	0.0100543164452164	0.6511056087251549	0.3089534230034384	0.1960509311014297	0.2281003527639562	0.1753009132962975	0.125256795407076	0.01004533849502275	0.01008154454417285	0.01016216296735945	0.01008326321576601	0.03479425748062221	0.01002045434071425	0.01001741841857302	0.0100696347559556	0.1609853042477991	0.04221283241832385	0.01000385830282831	0.1559231050624459	0.09215353697217024	0.01005719070707225	0.0760846898140327	0.2339392318044294	0.1061950931222521	0.03509523806534702	-0.02627411888295088	-0.03530694005488436	0.009607380279116564	-0.001899929970825428	0.01363150204628678	0.003761708413173149	0.009577291298391822	-0.004503329129270995	0.003104187651499188	-0.03347120556516731	-0.02825795504220727
1.015263157894737	0.1250816666934024	0.2566962721761204	0.01002893981124495	0.01001267953143613	0.02479381877058997	0.1763531988912329	0.01008550882196651	0.08085186478178343	0.09787107215080385	0.04683814886731176	0.01045213837995455	0.01177021867372983	0.01285241588398067	0.01246937176434549	0.01002456540668136	0.01001193073685735	0.01001448631196422	0.01009049865601452	0.0101012356625033	0.04717361138114307	0.01032025256598972	0.01757852909358959	0.07498183405515597	0.1425469452836305	0.1385524317471884	0.01054898031085292	0.01171018493280729	0.3320401674980953	0.2931996724382985	0.1835030233395168	0.1461586567164288	0.01003753453623427	0.01029453078345071	0.037445079262103	0.03831448299474019	0.067052018609248	0.01272277395525892	0.01000928288250662	0.01000334085545089	0.01000685082825186	0.01002208526401839	0.01001329022861371	0.01012882793599934	0.06663074019090449	0.01003981190301015	0.01002757466060492	0.02005369161851653	0.01025840249214296	0.04243094466546236	0.02274220211648312	0.01029735001343587	0.01014026685902402	0.01002528927295826	0.01001300619482799	0.1454173089522725	0.1507513539071871	0.01080821012126807	0.6142051541425049	0.3013817564512411	0.1965064305418769	0.2202021063704961	0.1707452347129744	0.1242556828200394	0.01006183729026302	0.01011140679348528	0.01027609447564332	0.01016062880941833	0.03909163640447633	0.01002637654272228	0.01002061062523736	0.0100855058714828	0.1694960027520589	0.04394376766861722	0.01000826415501671	0.1477224636540946	0.09813497648606462	0.01011537540920388	0.0739663515938154	0.2245579655814346	0.1031050513413956	0.3191659710642599	0.2606905818385137	-0.04154032042638171	0.003422466186252669	-0.04200393735113764	-0.006588025995551468	0.03573055783117948	-0.0001587525172974331	0.01708258283134669	-0.0327970468929228	-0.004345185616162892	0.0421086354951713	3.494496813633258e-05	-0.07898236755250158	0.03859001881948507	-0.01391995292168332	-0.02404698857747746	0.1297853706975181	-0.05762571073657214	0.1076843083032107	0.2039651471697278	0.01003919361668373	0.01001742722477679	0.01801418473005894	0.1689986192717872	0.0100355516630615	0.05804749047822719	0.1193200123680322	0.05572879181418812	0.01018044239265144	0.01005685841716922	0.01235020216307576	0.01131011695530706	0.01004510077403504	0.01002251087042886	0.01002727865792894	0.01001009836401551	0.01004247797365555	0.04605857212182989	0.01003619469611445	0.01067870966950923	0.08200521219450413	0.1135796895831019	0.07221725348435712	0.01016807456166158	0.01006815210036711	0.3519880332505192	0.2249273839909625	0.1987308088623232	0.127352128710375	0.01002065647231799	0.01004559799655714	0.01847029593771914	0.02528214971746743	0.0801354291063666	0.01003988223816528	0.01001868195012459	0.01000678370453583	0.01001380159319195	0.01003252026551126	0.01001975537183755	0.01018174208328793	0.06965662213319727	0.0100566618514095	0.01003937008813052	0.01489306792197686	0.01035818668799932	0.01474193147847901	0.01121432786999597	0.01058864875766382	0.01031133951985758	0.01005609215385788	0.01002915424578504	0.1484604941385665	0.1493733199266821	0.01012794916049315	0.6887734307282063	0.3264338791907933	0.208202024251721	0.2448794213690118	0.1867199382897798	0.1334296242750986	0.01008782078526081	0.0101830437954104	0.01055584196938534	0.01035186392810051	0.04420803003836755	0.01003751825338933	0.01002759452359559	0.01011630008863393	0.1628411761741913	0.04047892071142813	0.01001916522899949	0.1677297187594604	0.02803257489496322	0.0102598726334103	0.07611341010283222	0.2372117338422416	0.107159163774239	-0.03394007879036835	0.04999690604863204	0.009685579113732801	0.0130484904427249	0.01439697342690836	-0.038793927943893	-0.02379900760615417	0.01132119046390657	0.006048273840557877	0.004512179297707331	-0.02927214885760241	-0.02692661509151968
1.025175438596491	0.1116716066778564	0.2219111795348856	0.01004511518750366	0.01001642754371912	0.03370826457660862	0.1622980436501716	0.01049626868793623	0.06253406693632604	0.1222934810680308	0.05763203140966702	0.01022705751901334	0.01063701458270042	0.01165809326383147	0.01119586560397741	0.01002788699614626	0.01001390284228344	0.01001926158758699	0.01003659358623427	0.01005427837871965	0.03257299014078877	0.01012978373121495	0.01286613303354756	0.0559498653425337	0.1231055966567941	0.09724782578968086	0.01025730747839581	0.0106210219711541	0.2996527420650835	0.2459266252183453	0.1924304882072368	0.1197759435602581	0.01004468340505122	0.01022941850514436	0.02214805347491996	0.02407765726854936	0.07802556665935194	0.010964452951173	0.01001075504964299	0.01000392133035005	0.0100079346627324	0.01002066192058476	0.01001253637646906	0.01010715287967563	0.05555233831994077	0.01003628353966752	0.01002588899850394	0.01480623434696897	0.01025065548478261	0.02326178723392687	0.01493391393880779	0.01042955233457844	0.01034118778628919	0.01006084543918581	0.01003745011605362	0.1362771433832368	0.1324766187381452	0.01032258279234816	0.6483364990975472	0.3130605876125463	0.1995346139902909	0.2364194560918399	0.1821723632779494	0.1294253095643294	0.01005699122022798	0.01016593927661472	0.01041680057116971	0.01035085549840045	0.03725280099725354	0.01002690033641348	0.01002896042190606	0.01009064674853598	0.1506760389211336	0.03328613626079894	0.01153747544724323	0.1703600676690559	0.05002884876881	0.01033043897285316	0.07787242563931186	0.2359566295586347	0.1086257890647391	0.3017204559472959	0.2572620461857206	-0.03474760781495468	0.009712805196681015	-0.04378274546401199	-0.006537797321129558	0.03790653240928313	-0.0001369881028946493	0.01371489837640523	-0.03007875612510727	-0.004537553189202931	0.04031403983700221	-3.323217935585654e-05	-0.06458836006772041	0.02857103511184619	-0.002104416448931374	-0.08886445213973133	0.1250759563095051	-0.07870616627222801	0.09416605879884389	0.1697780158519378	0.01006303002272534	0.01001953828065759	0.05007404466364682	0.1353307850185336	0.01105368642309156	0.04234204393034216	0.1577504066329578	0.07113608668623267	0.01006716859496733	0.01001665861820563	0.01025453798250245	0.01000965492224639	0.01002432941361221	0.01001309024109441	0.01002369448129262	0.01000729618776221	0.01002343926116073	0.0100920383693038	0.01002613865071828	0.01006570959777883	0.0227778304109161	0.09841299207739282	0.05655662582176374	0.01006650571606466	0.01002250855159115	0.2104055243359063	0.1732057939426069	0.201600013535112	0.07983724567747953	0.01006182997424513	0.01026815045909548	0.01000218170170502	0.01014137161327583	0.08946259125460523	0.01001103596224284	0.01001142465657136	0.01000421335553084	0.01000843496079206	0.01001304093098646	0.01000800331134996	0.01004632128537462	0.03607557917706995	0.01002214899723892	0.01001717765877943	0.01005108605112378	0.0101881953351965	0.01021446759821061	0.01023670845390116	0.0104741174195523	0.01056116750820262	0.01009997106137388	0.01006733221295172	0.1174289148661321	0.09861700589591522	0.01002654994089585	0.7081744558345846	0.3278838952336904	0.199952068630759	0.259364571542006	0.1973162906978304	0.1344133762667661	0.01003610324842971	0.01021921154664323	0.01048140794017859	0.01054331774966008	0.03216187870293606	0.01002188452852264	0.01003628149362452	0.01008208721536042	0.1158937957520149	0.01827799218147896	0.01462591075637662	0.2053114539243611	0.01019052002992736	0.01058719875331207	0.08310911427553129	0.2532267627651058	0.1161023532626366	0.03203541703131824	-0.02561552111912072	-0.03721343543036881	0.003850857378581387	-0.0008008143387969304	0.01312388745639641	0.002837235813823153	0.01165887566311129	-0.004628621689057517	-0.0003399278602307227	-0.02472489111084717	-0.02589614549969618
1.035087719298246	0.09301628494202843	0.1803881566942281	0.01005880865152694	0.01002019917752321	0.03921580552336868	0.1399716032258267	0.01062544089467224	0.04107239983647366	0.1517350310451007	0.07001652396875239	0.01013959836791314	0.01026086704234771	0.01086905765304225	0.01034557560249109	0.01003882051358075	0.01002242039432308	0.01003983340818502	0.01002090517922958	0.01004193937678245	0.01633538071197328	0.01007435140580316	0.01113408368700531	0.04167055947445281	0.09534395423056163	0.06231122254238975	0.01015238823795693	0.01025924777960309	0.2593122872402502	0.1985098827176814	0.1968656561037004	0.09292574510531883	0.01004467673457675	0.01020332967588235	0.0139436762265242	0.01514672969726326	0.08700490440977941	0.01038551971397872	0.0100254323318143	0.01000928344483575	0.0100188341111748	0.01001791351912431	0.01001096767670876	0.01007446131099857	0.04468982916765284	0.0100304911437441	0.01002276890678265	0.01144525167927817	0.01023783007742976	0.01491318086681316	0.01204472185500182	0.01054876339844141	0.01058986293437567	0.01010685617210483	0.01007101729074055	0.1271833774508633	0.1142121318850568	0.01014344020297399	0.6805906552342752	0.3241757554353006	0.2024990705277638	0.2529741493986771	0.1936797922934907	0.1343648472585043	0.01004881385128454	0.01025885324543545	0.01055202447846248	0.01058146769401597	0.03668791440120275	0.0100265595773378	0.01003159283375326	0.01009300373107121	0.1275860967576719	0.02190290606255997	0.01654474450082891	0.1933523165355746	0.0244300881096678	0.01060477686230062	0.0805910889958658	0.2440505954245168	0.1126497752733112	0.2839027422679705	0.2455916563736482	-0.03050666485060656	0.01438530333377778	-0.04322855069694573	-0.006187085728688046	0.03947049984011895	-0.0001123110502753345	0.01165772288730032	-0.03014366844121294	-0.005026946917135853	0.03917558504795905	-0.000100477740101102	-0.04970862684143111	0.03174118249402522	-0.008587730850299182	-0.1691815781045517	0.1187161750859025	-0.1039932119811716	0.06427588244190255	0.1141832632882003	0.0100642252449436	0.01002499298678511	0.02506241966697003	0.1119176782410062	0.01002577981825501	0.01349116166984964	0.1882251556630831	0.08291205770082327	0.01013644710799614	0.0100308004202776	0.01116040221171826	0.0100182868489211	0.01007419333962988	0.01004575842573394	0.01008341643480149	0.01001500791701834	0.01005066902206155	0.01205513153567215	0.01005371414346999	0.01017447191233215	0.05818666653635248	0.04900012365413142	0.01894721479414771	0.01013600505337609	0.01004210637572742	0.2540401638555982	0.1370638943708971	0.1999489317272614	0.0746991409459436	0.01001385085699546	0.01003054028192149	0.01000366192080973	0.01330937880369734	0.09601783621052873	0.01001998125911954	0.01006056981461846	0.01002204592529952	0.010044916410156	0.01002576579275965	0.01001584461373257	0.01010589472215087	0.04803217005963894	0.01004292787275225	0.01003176837598769	0.0100868143763266	0.01032770704953077	0.01039492055825254	0.01046725743015069	0.01081487876340355	0.01085430036914789	0.01015804502531651	0.01010495125187925	0.1302513620178078	0.1129411501513942	0.01006192304592744	0.7494404125307312	0.3479830881731925	0.2141127018992504	0.2796521172359109	0.2104100736091458	0.1431182858641498	0.01006830325061034	0.01040535793752506	0.01082124958570307	0.01085169415999985	0.04442244379056366	0.01003601618553351	0.0100274329603091	0.01011837157048205	0.1107013051437153	0.01715495470514351	0.02344313637625527	0.2157416350755937	0.01031954295998151	0.01086511064586248	0.08005377490202367	0.2472940412783556	0.1131422072791851	-0.04192899685512404	0.05373270800728663	0.02807094466344432	0.01011895197617371	0.01692805695714292	-0.03644728237715947	-0.02566000248520715	0.009254647869623871	0.005893508416703923	0.000541247958360871	-0.02017003656259685	-0.02544689997505659
1.045	0.07156931169675894	0.1389217448718806	0.01008289849485487	0.01002752385832697	0.03005928942243934	0.1082241860589167	0.01023643188293985	0.02243676308958724	0.2118631403611751	0.1011387556452079	0.01009426931028813	0.01010099586538399	0.01059740660264682	0.01012509730973642	0.0100480662896947	0.01002832142403733	0.01005012939477576	0.0100146479824024	0.0100436971950663	0.0127603978349169	0.01003652280866316	0.01046146767384174	0.03354512523364003	0.06245148695800606	0.04617271837109625	0.01009893679702321	0.01010443347653382	0.1921475842354449	0.1539750391898468	0.2100119196311417	0.06384289705643273	0.01003599085417491	0.01010456976143319	0.01138133794695649	0.01178126450643255	0.09503652366172675	0.0101405837587691	0.01022857971645117	0.01041877563090691	0.01021508578727016	0.01001692645109454	0.01001043277726145	0.0100651947018754	0.03265837598933433	0.01002815198877746	0.01002156315993291	0.01053513455613375	0.01023059394310035	0.01190930957390824	0.01094043191037498	0.01055779968313675	0.0105991226571038	0.01010445238711823	0.01006869780102182	0.1176019878684849	0.09569452400868349	0.0100734438756499	0.7058586780005086	0.3319682275064777	0.2039580053879887	0.2662315166395922	0.2024489834437397	0.1369412428396148	0.01004546350557414	0.01431752312100605	0.01056158900669337	0.01059094916267218	0.0353843651738837	0.01002730455841301	0.01009935171202317	0.01009984889064945	0.1050207597980591	0.01607041524239608	0.02408782881351049	0.2131323756798874	0.01531239027435225	0.01061497688637912	0.08263028157499282	0.2495226771994679	0.1156298769124812	0.2827351794996198	0.2245579818911381	-0.03363065238767553	0.01564497872076757	-0.04488964433581663	-0.006717447743694369	0.03998799956002157	-0.0001439680610684853	0.0124200617112116	-0.02754737810382195	-0.004552498928271293	0.03876849563082485	-8.970954998298308e-05	-0.03862606035236973	0.01353075776723335	0.007755399402740523	-0.1915690295434824	0.06770187282507813	-0.1106566965593454	0.05116508967481707	0.09458806775023358	0.01011925300551535	0.01004074957460509	0.02328624066009548	0.06079062157240226	0.01003061415027559	0.01022660770230596	0.3293320944124647	0.1551942876678272	0.01002889354266398	0.01000685993498629	0.01000342418127332	0.01000128859662745	0.01004001619972216	0.01002291933505451	0.01003776896625952	0.01001978506737549	0.01004339737518289	0.01003835755944393	0.01007996306139111	0.01008948421819083	0.01013378966159965	0.0315906852677785	0.04934111665447465	0.01002978788848781	0.01000979901683809	0.0428810657568632	0.09760072022681392	0.2203964113794517	0.02530485970216262	0.01004046282094812	0.01006388649152294	0.01000041790526607	0.01058769533615962	0.1044570013017511	0.01000435514351259	0.01086613829207015	0.01298534538792477	0.01118923136031453	0.01001130543434239	0.01000705971655541	0.01003461805439071	0.01239352064525873	0.01001811490771381	0.01001505383433649	0.01002740824673746	0.01017470275165585	0.0102374013157626	0.01030422242717751	0.01043838359900752	0.01048786166686712	0.01007734603369718	0.01005073237104377	0.09865151628418339	0.06389215611127128	0.01002235402123259	0.743988531383841	0.338496532526555	0.2011749149531832	0.2824434114651768	0.2121298291757014	0.1372380025085319	0.01003025828081611	0.02069474076284861	0.01044197333208977	0.01047594133788766	0.0296363711836422	0.0100235429995861	0.01018995388909977	0.01009709782275056	0.07202049027396555	0.01013786604720379	0.0322569243295955	0.2432410960848853	0.01017433145041351	0.01050947866757643	0.08600654149378605	0.258471979472345	0.1202651742314333	0.03014689595892669	-0.0263658266339371	-0.03970851505799201	-0.002011897366730533	0.001667220880526507	0.01221077846974725	0.001523218741247526	0.01499395588584864	-0.004755758165759928	-0.0004413420460317621	-0.01633269074478265	-0.02533008146892683
1.054912280701755	0.05719857641015701	0.1097753566111022	0.01012276127091713	0.01005502255382657	0.0223622252371494	0.06600762603530977	0.01010827964855972	0.01468273627676622	0.3028298705356411	0.1513006197297124	0.01004616512571891	0.01004220667937209	0.01011794789342487	0.01004836538934888	0.0100413888964622	0.01002453907496419	0.01003735907989268	0.01005491695028458	0.01005159245992625	0.01090069128132544	0.01036161467189006	0.01033590881485319	0.01508331744104708	0.03654256603509722	0.06027758519122337	0.01004881892610245	0.01004482376025492	0.09193472204616537	0.115979350713865	0.1782078573310213	0.03899214280715751	0.01003451605696151	0.01007695791664801	0.01054223704333247	0.02001065013375992	0.1025567721331149	0.01005685011649034	0.01190062504333288	0.01892355984987132	0.0132841054357865	0.01001490510840406	0.01000927116448621	0.01005054033916115	0.02057477421391906	0.01002417407272068	0.01001934354911592	0.01022717696908392	0.01022183911540497	0.01094531929131828	0.01063658548187472	0.01056857243050868	0.01063876636482642	0.01011026690420633	0.01007619751667616	0.1086365015920036	0.07836220682267292	0.01004651903177799	0.7284931508726737	0.3389986188007694	0.2053570504399621	0.2789005080607209	0.2106435849829738	0.1388961827556554	0.01003980362531165	0.02023128477634611	0.01057527754669362	0.01062599248615646	0.03462099752962117	0.01002754764124831	0.01012383531703841	0.01010638625129671	0.0808257696452767	0.01180860824320428	0.03270744794201245	0.2319924103621492	0.01219554073174302	0.01066512849351027	0.08326856976331998	0.2507567021174271	0.1167385764768334	0.2649004955822129	0.1934956792673386	-0.03917750448623668	0.01347288757084524	-0.04502860486178617	-0.007235058231518865	0.03907140690361186	-0.0001895535989272264	0.01402101947576566	-0.02628967767154613	-0.003999394672325711	0.03871455479069501	-4.842697136132613e-05	-0.03359524430659656	0.0217710820534362	-0.009059728735643148	-0.2486150650880988	0.09083544937024181	-0.09609173982288116	0.04593153446865108	0.08069624668044134	0.01015892815498864	0.0100991404147137	0.01170213026171448	0.01818799222625415	0.01001790425785807	0.01030838118376434	0.4425976273932476	0.215277044993234	0.01003760708225199	0.01000930280039247	0.01000364866966544	0.01000152942385316	0.01004572497511904	0.010029003348339	0.01003598216646005	0.01013970901968972	0.01007228555330728	0.01003093751147496	0.01104883142343497	0.01044542657129948	0.01019758840762565	0.01018796692079241	0.08349303287546728	0.0100389399493037	0.01001338009726211	0.01006047326549498	0.07804250644650493	0.05882585042925068	0.03158141979792186	0.01001774636883206	0.01004290962108137	0.01000052549865115	0.04128411836349433	0.1106226110953766	0.01000585791830253	0.01481187694086548	0.03504893688674558	0.0189534130074805	0.01002074146745724	0.01001292659609932	0.01007147028559728	0.02362867883913614	0.01003341652561651	0.01002636685117711	0.01004738256552225	0.0103087516506815	0.0104591051035465	0.01062754688001022	0.01083808950345141	0.01096253960209322	0.01017747729369822	0.01012927252552697	0.1130896240816963	0.07987115200014866	0.01004897883927105	0.7878195049946656	0.3606618189645947	0.2168476814753137	0.3045618364242724	0.2261428303826525	0.1461391589155614	0.01005479098718459	0.0240895658416513	0.01085256613642271	0.01094613896012039	0.04343487200983442	0.01003602601346262	0.01003530801843258	0.01013115478940783	0.06159961352125246	0.01025548995342147	0.04209564916884788	0.2528804244698361	0.01028318953263855	0.011003484459197	0.07950876110955725	0.2414492218761573	0.1126564776498381	-0.0498181840346343	0.0554741943983898	0.05357763592967087	0.004337703447101595	0.03763060308532908	-0.03324429233234246	-0.02639190573160379	0.003602938453461543	0.005749976203055161	0.0005488372185221107	-0.01346915504123516	-0.0257750354820415
1.064824561403509	0.03573691537483675	0.07823382072957713	0.01008651371157884	0.01004691768221856	0.01483354261403145	0.03366285779469968	0.01004636440743947	0.01181538504167702	0.3704960701208831	0.1887606134798064	0.01003221143895908	0.01001874154619153	0.01004236426964505	0.01001738606119627	0.01003792417198613	0.01002114070409504	0.0100250027243635	0.01114507210544525	0.01015926689274559	0.01035116702920607	0.01576227144987475	0.01780282871542218	0.0161717102530292	0.01983116087906821	0.08029303989254923	0.01003364019618059	0.01002144527603782	0.0437483863955237	0.1031780480951597	0.187954611473501	0.0380919503946399	0.01002311718835082	0.01004752889240907	0.0101885144026199	0.04581899126342694	0.1073834888025668	0.01002227622957191	0.01270999862431208	0.02688915672581384	0.01534545093997502	0.01001404811159227	0.01000874931699134	0.01004618955340093	0.01721790647498138	0.01002244596375057	0.01001822093590956	0.0101002674519757	0.01021959248221245	0.01055438377732276	0.01051334651658065	0.01057417007425106	0.01066497666993622	0.01011480137248665	0.01007948884736115	0.1017853267519015	0.06504785255693875	0.01003626704828683	0.748333188950699	0.3456512405005948	0.207310852783241	0.2906008298894751	0.2178892542975115	0.1400646188391098	0.01003722888685022	0.03061296378407388	0.01058293691586864	0.01064864702617857	0.03356524597248663	0.01002728185160862	0.01875959284723553	0.0101090154556523	0.06513340051190857	0.01072615597044565	0.04175331569494555	0.2477023502330943	0.01090356355229661	0.01070034226123744	0.08143651882633079	0.2456503779961824	0.1145039810940859	0.2345601262898394	0.1825386524967739	-0.0324785533711403	0.01026131078035372	-0.04380305037098995	-0.007447525826823882	0.03716370559240798	-0.0002285205700028137	0.01152128953678957	-0.0250434399292737	-0.003474813342957053	0.03760296566410753	1.231190652923502e-05	-0.0249455515105443	0.01963059924547224	0.002646537064340123	-0.234780591545956	0.07431266684027905	-0.0718466444445731	0.01058093561137594	0.04271408978173575	0.01002036037982368	0.01001540943864054	0.01002872143413959	0.01019338364571195	0.01001144405126101	0.01024926790459085	0.4542864526597944	0.2273518895937754	0.01001791106320351	0.01000475898520802	0.01000137708193245	0.01000058965909535	0.01003141788335488	0.01001449337543337	0.01000962390205677	0.01624528842316678	0.0102903975153764	0.01007262537265712	0.02486193261331253	0.02790279834443332	0.02005351466413396	0.01010318278191185	0.1007348361118832	0.01001834304210464	0.01000680959252841	0.01147753501876296	0.1013817171144757	0.2687744752509074	0.04064871210375999	0.01001671431111721	0.01002690553761219	0.01000020261688572	0.07285793467101143	0.1114128710902305	0.01000293238597475	0.01250231055049304	0.03005152072115834	0.01552197542312632	0.01000974335492284	0.01000608674032438	0.01002837806652365	0.01014793665119172	0.01001503124617682	0.0100129614355534	0.01002483636991965	0.01017330580636656	0.01029424123920759	0.01035821637565603	0.0104484094218137	0.0105453796308061	0.01009002989328325	0.01006168688614048	0.08719268211346824	0.0417564520057979	0.01002070683825773	0.774713341536135	0.3503430895161586	0.2055814367773611	0.303892175453711	0.2250760488424652	0.1384740534986285	0.0100256597109535	0.04532729286230295	0.01045660634496398	0.01052527297310708	0.02767973046329955	0.01002291596945937	0.03027470029282493	0.01010335471936537	0.04645483970351608	0.01008257737188447	0.05125893121067947	0.2714889771242258	0.01017805039335078	0.01058782651913843	0.07987518560246225	0.2375590800690048	0.1119803581918585	0.02884241076429228	-0.02671396544407074	-0.02430258642412713	-0.002610181496075723	0.01924400928753004	0.01109921494446179	-0.0003347242928340714	0.01894552702038488	-0.004838810464949575	-0.0005450296422306292	-0.01139492495936049	-0.02655702866238126
1.074736842105263	0.02558821934325103	0.06333456164119773	0.01007047331937433	0.0100486586899073	0.01180798631894215	0.01876334941076145	0.01002718640776762	0.01088563843455002	0.4141011533576278	0.2136929175241606	0.01002572374364549	0.01001115384118927	0.01001755159500393	0.01000723126502949	0.01003744212034332	0.01002001043048882	0.01002083734719295	0.02675142990913302	0.01020142405111896	0.01017571293261439	0.02700928566707761	0.02138025252472013	0.0165276860618233	0.01386829842237967	0.09439341131457121	0.01002647626987276	0.01001374092183464	0.02363294816966992	0.09922041054546446	0.2014996247332125	0.03822906479229523	0.01001941675057363	0.01004016414873612	0.01007436769095015	0.0615424064392795	0.1102015428242876	0.01001111273360503	0.01376429724003421	0.03192134499696821	0.01729823618097	0.01001264181623026	0.01000793178708414	0.01003779124249969	0.0116276286861339	0.01001962066573783	0.01001665992175455	0.01005649644908474	0.0102192142225784	0.01044737419568361	0.01047510870634454	0.01058309232992117	0.01070731453422518	0.01012838175720848	0.01009888384279086	0.09444702890163442	0.05026903160488959	0.01002871088914525	0.7630249223111147	0.3506328016190179	0.2090298050916667	0.3000414018176628	0.2238343134500689	0.1406360465485179	0.01003337526984791	0.04391295877724041	0.01059514636869598	0.01068585098482285	0.03309688405119222	0.01002809079412729	0.02168342872838201	0.01012346119249418	0.04263121934586605	0.01032926977924678	0.05093818245438196	0.2624847983894557	0.0104901854792046	0.0107565675124289	0.07859689900081317	0.2366985118271161	0.1107165289357727	0.2069393170846152	0.1547038123538738	-0.0255961681800294	0.005416996973106237	-0.04261966887994165	-0.007902315564889293	0.03452765226545452	-0.0002869135264374043	0.009316253519990792	-0.02270779296656161	-0.002392552197976599	0.03650007146125332	0.0001264466179425727	-0.02169343772528527	0.01542266380628166	0.006397008527249852	-0.1894620238649928	0.05659582489400049	-0.04473246047632772	0.0380187830150558	0.07354191457234052	0.01014602551307118	0.01011196740928592	0.01025033960322714	0.01073681701603619	0.01002012853326871	0.01033955270416988	0.485745539916823	0.2484197482284691	0.01003171818714911	0.01000919862817909	0.01000223851900337	0.01000098813306903	0.01004759185613455	0.01002889536809098	0.01003542540143709	0.05625375645074147	0.01009437332816277	0.01003701528909569	0.03959580850409801	0.01368843006052651	0.01017176213057325	0.01012763725630118	0.1054134124667072	0.01003221963919789	0.01001284975989607	0.01003434117627899	0.08346525328111828	0.08892666815655537	0.03299853004497787	0.01001765249799625	0.01004912567457071	0.01000034846184071	0.06281590076826762	0.1135298530212504	0.01000575483065841	0.01717102069320721	0.04254097540352419	0.02280947783857031	0.01001740753580751	0.01001101091370386	0.01005083136408573	0.01024376736587801	0.01002672451888669	0.01002282870993318	0.0100388431922015	0.01030976941602627	0.01051580248762608	0.01063194765541743	0.01085910673045334	0.01106262597504844	0.01021322997574079	0.01018335400501663	0.0976413973688378	0.04855074032239806	0.01003642524310094	0.8024140010488399	0.3670513523724969	0.21991612264896	0.3192200693870342	0.2358719174653062	0.1463806082419672	0.01004586971509273	0.05415503847265828	0.01088132793633917	0.01103444551840307	0.04308879091007149	0.01003866395193103	0.0101186811421177	0.01017126705216127	0.01048765940292185	0.01011947579500378	0.06102175785151413	0.2813534273122186	0.01030093608088337	0.01113602388835914	0.07257659752606033	0.2163035791313716	0.1029173446933861	-0.04590455979915925	0.04721846645706117	0.04107902353271022	0.005059359668841861	0.0521164308189587	-0.03105809565759516	-0.02650187958296324	-0.000857133368801022	0.005886691502695197	0.0005681604168301115	-0.009986037642073989	-0.02744391714211514
1.084649122807018	0.0221653161369042	0.05838013025419481	0.01006406375261345	0.01004694597504509	0.01069650786893907	0.01331503716216197	0.01001735914648208	0.01052967525602441	0.4318177626535245	0.2240935566156931	0.01002338405323141	0.01000817474680664	0.01000713315417194	0.01000296616645746	0.01003271274792473	0.01001765962704879	0.01001803582088063	0.04379133802317178	0.01024573749425197	0.01010035289237068	0.03571728630491883	0.02764356339022786	0.01965676116092302	0.01141223365849635	0.1077134597078155	0.01002377129829644	0.01001068944673977	0.01496631772140807	0.1027650105343189	0.2043801273146026	0.04351668336784691	0.01001505375104359	0.01003236515519336	0.01002595313876859	0.07574895308086728	0.1119644595581811	0.01000662632709637	0.01480155144308644	0.03565962189194415	0.01906917339633766	0.01001206965780441	0.01000756609722179	0.01003505309223518	0.01066213057167799	0.0100184349701159	0.01001586154713107	0.01003885968490746	0.01022240107015439	0.01039327809798586	0.01045094464739129	0.01058950433092046	0.01074652352503501	0.01014188046721299	0.01010607279929672	0.08708108171086126	0.03737310766727928	0.01002589309046029	0.7741517292156537	0.3544275603946015	0.2098475684907791	0.3082045564471238	0.2284089566094028	0.1405240002109354	0.01003160977575035	0.05635428593496453	0.01060447185246564	0.01071954798036749	0.03192295185319602	0.01002790119724447	0.03334682182769518	0.0101263397275874	0.02753109534280045	0.01017547038028999	0.05998247888548049	0.273713562002941	0.01031756995250142	0.01081236228505887	0.07305571644449266	0.2210839608660759	0.1033014729513832	0.1794928443003907	0.1202670516130473	-0.01463337129509041	0.001399752709179801	-0.04171110653499211	-0.008422346749863698	0.03210282320695472	-0.0003503479056727189	0.00658931857952151	-0.0199611661597669	-0.001045963611784984	0.03545516110823437	0.0002727425207322951	-0.02032138917673041	0.03062326265965476	0.006967643967600111	-0.1310102056594492	0.05218249981717024	-0.01405438833080063	0.01049942366447787	0.04487270110477624	0.0100166567288139	0.01001235121812026	0.01002491727253289	0.01012013254222681	0.01000938168567153	0.01034634877616623	0.4279171547627729	0.2224636467636459	0.01001828304280407	0.01000565024923138	0.01000139511783448	0.01000060473326407	0.01002240958816994	0.01001064065222113	0.01000750335255677	0.05305638328207652	0.01036084268241546	0.01007357964494591	0.04144902453179159	0.04050828699929349	0.02703023632918401	0.01007294662156298	0.1235957546793761	0.01001821067846191	0.01000758669867215	0.01019582457652608	0.1166999960817572	0.2687932377085547	0.05399182291822735	0.01001034071432357	0.01001823298643557	0.01000019055095299	0.09713842093157268	0.113384165452509	0.01000381394729626	0.01424897866308134	0.03490918928776478	0.01835734452487251	0.01000878747683126	0.0100054575293177	0.01002409732126954	0.01008697443169245	0.01001301537578702	0.01001156856497991	0.01002441061530297	0.01018464260602511	0.01028581929320859	0.01033819748779798	0.01046144511486252	0.01062805460348402	0.01012676557310421	0.01009817576571537	0.07246910715098183	0.0175629597906053	0.01001774404268657	0.7843750349780656	0.3546938535268558	0.2059219283966939	0.3166895654994554	0.2317254782366656	0.137343217686826	0.01002266468429296	0.07171742711104871	0.01047574039501786	0.01059625739896866	0.02507407395273029	0.01002268856457579	0.0587256913135871	0.01011246169823198	0.02233721693647939	0.01007898462325767	0.06959740273528353	0.2892150972125911	0.01018819821377674	0.01070640468788482	0.06632193108954657	0.1960564423989541	0.09327855891730352	0.02691195628144219	-0.02351730506760333	-0.01443051747478792	-0.003100263724377042	0.02839525164664514	0.01075317755910372	-0.002566616424668764	0.02107994546318094	-0.00488838355246299	-0.0006657816783835809	-0.009142727213020247	-0.02849652949302042
1.094561403508772	0.01744441896698466	0.05222648261956523	0.01005658469991246	0.01004344191108327	0.01032056108391471	0.01145238623570819	0.01001926764307208	0.01043987935830099	0.4178382633321162	0.2166840526080253	0.01002644754773031	0.01000869556830649	0.01000424685863031	0.01000178607107716	0.01003490055638045	0.01001883827667611	0.01001875112235472	0.05192530157678626	0.01027678735400263	0.01008276248035167	0.03908184609286097	0.0316033305639979	0.02074789540739156	0.01061579551265526	0.1127751435464235	0.01002625949547321	0.01001138251015143	0.01202388900965393	0.1052749776889007	0.2147436643050272	0.04676530998530892	0.01001390323826268	0.01003174682251169	0.01001040371203278	0.08277718645140308	0.1133430767017175	0.01000651877080975	0.01430205543166922	0.03474843032275584	0.01846893495900599	0.01001123912492601	0.01000705900687674	0.01003053800234832	0.01030477803104056	0.01001669757408563	0.01001489272571068	0.01003151544312063	0.01023731855105418	0.01036338835681771	0.01043099888747476	0.01059825009260492	0.010793102779427	0.01018645409966903	0.01021104478332966	0.07891327278678066	0.02269092984932828	0.01002236632124423	0.7789626600756123	0.356157954883518	0.2100957282961518	0.313481662179554	0.2315100397829798	0.1401199392757788	0.01002936409404572	0.07017026780879046	0.01061673688393599	0.0107601704164241	0.03056366087592048	0.01002915270800783	0.05060733420778144	0.01015308576902131	0.02180301405833493	0.01011840293081466	0.06870598963146163	0.2834937988648151	0.01026214098469481	0.0108767298657677	0.0662670074940121	0.2013781794205098	0.09392662469511841	0.1513677991785388	0.08343133270514642	-0.00125953266391359	-0.001068925447423888	-0.04146974048732641	-0.009049799392065187	0.03002559296987754	-0.0004216490789125876	0.004167064996336618	-0.01658546739341268	0.0005884433606720996	0.03458880342370271	0.0004492189896540388	-0.01755413736557517	0.03871097446758313	0.007419006309643862	-0.06146250304463976	0.06235791912309535	0.01606480713770786	0.02705728949387137	0.05961378888285529	0.01013004997618219	0.01010325828789332	0.01020372403550462	0.0105911637719695	0.01003508396024816	0.01041378352731443	0.3804675519352863	0.2009416443116901	0.01004297339320045	0.01001356184115508	0.01000361460067162	0.01000155572495406	0.01005853280094545	0.01003460236072362	0.0100401936720123	0.06408146788110433	0.01014385301222796	0.01005671555635621	0.0408700074990223	0.01897797324123544	0.0102391552263163	0.01014665992095462	0.1041242874699588	0.01004212490877236	0.01001778964951525	0.01004014942687577	0.08685641110098387	0.1217334140640669	0.03708822294522762	0.01001840032819136	0.01005470421708592	0.0100004528305658	0.06761278446004119	0.1157564355631602	0.01000969544423178	0.01468645855435331	0.03582271304386932	0.01927801078823676	0.01001550124651572	0.01000986253417274	0.01004011444071343	0.01011192064177504	0.01002272608070768	0.01002072927925506	0.01003392510423513	0.01035075169411265	0.01047902767756071	0.01059605378550595	0.01087882903967849	0.01116288327640486	0.01033190146971501	0.01048620690629069	0.08018659284152047	0.01748367123002264	0.0100286987296682	0.7934100294529047	0.3658658389957408	0.2193929025367714	0.3237838557580054	0.2393977263699327	0.1451171025514435	0.01004092248761957	0.08407871358506327	0.01090867040393337	0.01112235194905778	0.04011682372394364	0.01004253478075296	0.05026353227956906	0.01024742740806201	0.01008162003796477	0.01009731295390564	0.07846520851333615	0.2983522284761073	0.01030155613147662	0.01127304831280632	0.05762458028881057	0.1704361754292492	0.0817624980208442	-0.03929507213546581	0.03940385863044489	0.02740717034347539	0.005762799574724524	0.05177908009521114	-0.03035888062550059	-0.02550479776637446	-0.001637587681707429	0.00633981546499088	0.0005725647078230196	-0.008533570993040925	-0.02939084779577218
1.104473684210526	0.01698361633692203	0.04995017231906764	0.01005502804691785	0.01004281546201053	0.01016114359261241	0.01064249341567781	0.01000723224333073	0.01041315568752628	0.3809919435785637	0.1964946265280257	0.01002987362870327	0.01000954463406127	0.01000323292106972	0.01000139088201363	0.01003259724562723	0.01001770708359541	0.01001717820834266	0.0510422966631929	0.0102705081010878	0.01007561758215812	0.0392138804819968	0.03339237536628606	0.02341427044436744	0.01020455634554773	0.1158674081028974	0.01002923102002857	0.01001244734220438	0.01493145413237686	0.1089059970334818	0.2112919386583708	0.0524781379771246	0.01001189702772891	0.01002878867403843	0.01000380372414367	0.08804043473800457	0.1155878052125311	0.01000697184859979	0.01385555762407344	0.03222335502187115	0.01755254747213792	0.01001092833366923	0.01000686393722104	0.01002835769599727	0.01016001296501273	0.01001587331654013	0.01001440457085489	0.01002663259378547	0.01024607823371436	0.01034099572118925	0.01041530903952317	0.01060592548294383	0.01084937181332921	0.01022745110809225	0.01016317136233284	0.06751171157704912	0.01641317080983072	0.01002035970490292	0.7776312161336233	0.3548670786318478	0.2075305997531273	0.3161824774180778	0.2323628020724825	0.1389275746901349	0.01002819380972234	0.08487821139647672	0.01062808935534165	0.0108077658471002	0.02784741716400629	0.01003007836078242	0.06410755434340031	0.01016783164294713	0.01425366256952539	0.0100893767686391	0.07717422156435497	0.2896424490768212	0.01022743606090703	0.01096125658035316	0.05864922954561455	0.1793118926412627	0.08341670513001583	0.1279598464210817	0.04657114331018487	0.0137485573596307	-0.001479216565929676	-0.04131193277479341	-0.009566445470598896	0.02864654441950417	-0.0004851927852282153	0.001738005256696026	-0.01353880177709062	0.002203411667275421	0.03388872591449896	0.0006301880439028703	-0.01849993921668406	0.04285393191200296	0.003082687082302527	0.006600804253676174	0.08649996318355008	0.04002597215598947	0.01032791595493919	0.04070784820851516	0.01001537459328133	0.01001131603859382	0.01002626311477007	0.01014477508462533	0.01000854725108407	0.01045101552167841	0.2975129868545883	0.1582019467001753	0.01002928876069402	0.01000927708048109	0.01000282865446304	0.01000115875276018	0.0100199277277745	0.01000961341205899	0.01000683319467005	0.04057557583129219	0.0103386316465718	0.01008390081181694	0.03706840118954996	0.04205289385560355	0.03231680358620494	0.01008103668260968	0.1235152797287278	0.0100280998946773	0.01001192120917864	0.01975650813474439	0.1235741291160493	0.2512778903341161	0.06605305212747065	0.01000726096267092	0.01001417896715115	0.01000038507012756	0.1032974312933873	0.1188890823755113	0.01000679089158732	0.01278886314002586	0.02669901029498983	0.01533598473503587	0.01000840165488081	0.01000520622800462	0.01002059102544546	0.01006891626825656	0.0100117468687115	0.01001085772575757	0.01001914699679671	0.01020679269370666	0.01025218534148618	0.01031076107434965	0.01047663165740726	0.0107432459552097	0.01024067505440807	0.01039421454623332	0.04756606118752345	0.01007382230519643	0.01001443638093632	0.7612728966112892	0.3447422831076042	0.1961600219895232	0.3153531490905386	0.228858558239687	0.133465830589234	0.01002088366040718	0.1021419963584362	0.01049831947601069	0.01069336121175937	0.01797745097544047	0.0100249932300899	0.08691378749072035	0.0101456594685814	0.01007596135317644	0.01006289528254469	0.08620974060867719	0.2943220565476464	0.01016135617676459	0.01088117324687083	0.05038972772555832	0.1491915538995257	0.07113265587687663	0.02369521687383126	-0.02003447394141126	-0.008654391637730281	-0.003409772575648636	0.02180216809055648	0.01113344299187434	-0.004947171408266548	0.02110118614252613	-0.00479127301357552	-0.0007769025887688501	-0.007973719274950181	-0.03008853496528197
1.114385964912281	0.01183885610740042	0.04058450840874456	0.01005082455584968	0.01003941750335308	0.01016523160639275	0.01089152757499933	0.01010526559165841	0.01064851541033027	0.3241334529147799	0.1650395841053585	0.01004425736741482	0.01001418815172017	0.01000534565141081	0.01000194127191646	0.0100406110337292	0.01002249439321061	0.01002658705499827	0.03912721773199422	0.01030870454557756	0.0100918900777802	0.03377078836508621	0.03349712117400188	0.02447538525317969	0.01079273651502912	0.1112377199993782	0.01004229013281652	0.01001811292260072	0.01591216246216738	0.1087592739627873	0.2118724723416235	0.05619133170010425	0.01001212831992819	0.01003072830098062	0.01000234936953566	0.08802789576271834	0.1191596457269137	0.01001048321534214	0.01253302954865224	0.02546071157641961	0.01483488358761721	0.01001085844667493	0.01000678872911377	0.01002703435875577	0.01011457185706789	0.01001542955912187	0.01001426535737638	0.01002526789610816	0.01027379725724563	0.01032584121616004	0.01040344954215118	0.01061264958189575	0.01089082313860346	0.01037510879801663	0.01191498512613849	0.05516817008484305	0.01186267774040506	0.01001907618154941	0.7658875347022196	0.3485107573210036	0.2012181745974863	0.3136010012397639	0.2293306362871335	0.1355515090998345	0.01002776153817029	0.09624076642857525	0.0106377518600376	0.01084311687346077	0.02135082792718251	0.01003204147434502	0.07870075934439207	0.01019668389070208	0.01170783736140498	0.01008256189005622	0.08421795774498098	0.2903413197875298	0.01021071413561603	0.0110223839155159	0.05093947539723329	0.1564208812945267	0.07252239180980491	0.1076573264279804	0.02242920739849737	0.02906822807453507	0.0006579602915466414	-0.04210817579813157	-0.01005626128876256	0.02819940324675458	-0.0005439085923736572	1.033772581742673e-05	-0.01034058451884916	0.003801775823991761	0.03362917461292168	0.0008087832214534307	-0.0185530035099894	0.0477634986639348	0.007862760963520231	0.06075388246172451	0.1206912439720124	0.06002782402127831	0.01215359147984613	0.03290540517025776	0.01011912971801702	0.01009383127619217	0.01036724943643118	0.01210005651565504	0.01033566226063274	0.01113406215332529	0.224872962861198	0.120441426082773	0.01008214228175414	0.01002645008533348	0.0100108073368784	0.01000355386638326	0.01008435325241634	0.01004979428315811	0.01006943481190333	0.02786846277246444	0.01026250244675742	0.01011149250570414	0.02401352340447869	0.01733002223902138	0.01062059408160403	0.01227502501877164	0.0838557358396252	0.01007781852796792	0.01003348734913594	0.01009448329770328	0.08108126943905522	0.1307536268658521	0.04195855039677045	0.01002098639382477	0.01006323200032866	0.01000242759612124	0.06042917094289613	0.124855409816342	0.01001962065008806	0.01119718705473654	0.01792498644152723	0.01208220545457469	0.01001559009773437	0.01000982586818728	0.01003828105170195	0.01011544880086419	0.01002219966774365	0.01002078200987553	0.01003453479218418	0.01042421250047165	0.01045558811772345	0.01057596588442185	0.0108913820184056	0.01123176072953274	0.01072866749555627	0.01571475023168177	0.05433820203904762	0.01017806932003829	0.01002681790970668	0.739047025831517	0.3415859393223113	0.1999657965345915	0.307164901234629	0.2259692303348237	0.1349973353874711	0.01004075836189419	0.1030163518067681	0.01092640237686109	0.01118146726768	0.02312211708323158	0.01004744577781982	0.08082400222743678	0.01031853907407928	0.01008284033618296	0.01010477211235249	0.09101325102622908	0.2884395216053831	0.0102851914088198	0.0113731433140265	0.04237897858318948	0.1252700781914368	0.05999582184919042	-0.03131747638778123	0.0318228994637299	0.01607897442026558	0.00629937742490864	0.03555141951054702	-0.030018056549871	-0.02378640015730895	0.001140018812946713	0.006801805817500808	0.0005252385829152811	-0.007390916683637859	-0.03059595899891474
1.124298245614035	0.01084988822342304	0.03953088300544901	0.01004951551860063	0.01004084255715155	0.01004399059540256	0.01011204525481437	0.01000471919461181	0.01011552892522912	0.2594955153752471	0.1294688040437158	0.01005842801294255	0.01001877296527851	0.01000418679451723	0.01000224439731942	0.01004260554432373	0.01002283967365305	0.0100123318323569	0.02509822099439095	0.01022865762240091	0.01009595927528857	0.02229622967062702	0.02478454153801443	0.02009209043644493	0.01003840267103948	0.1030799894403498	0.01005506159138404	0.01002365876874266	0.02540360889323083	0.1089428156077361	0.1984296520281558	0.05908677827847111	0.01001105368359579	0.01002788783453825	0.01000073126465974	0.08041376389802622	0.1245314547025114	0.01001396980643411	0.01142731950251459	0.01758702707734509	0.01238008825330782	0.01001097112264053	0.01000685061203216	0.01002619147768409	0.01009056519865069	0.01001526830526953	0.010014328521201	0.01002337076875227	0.01028571347931177	0.01031499630890407	0.01039482584582197	0.01061763113907045	0.01093140087796635	0.01056316763784997	0.01592133764041205	0.04271790807114265	0.01070705180091782	0.01001818705410877	0.7446415092468006	0.3380728555818387	0.1931375368669788	0.3060558833551421	0.222987400285772	0.1313928636558174	0.01002763582369612	0.1050442176409181	0.0106452715747273	0.01087742531500933	0.01788695708516018	0.01003438885786048	0.08766249073435235	0.01022976632784274	0.01062570285288308	0.0100730478822485	0.08967543829090331	0.2861919153518305	0.01019877049249275	0.01108436883169848	0.04396623203009783	0.1353223195335387	0.06268601064476916	0.09880754579057255	0.002452643983846443	0.04273893183202599	0.0041772195293579	-0.04219075448210442	-0.01019841262746028	0.02845639351455087	-0.0005766604734371617	-0.001921750936990877	-0.008465057469698209	0.005002822778059678	0.03351633994834429	0.0009541319396230252	-0.03003059543403927	0.05452755045977255	0.003881180933102396	0.09444302190525547	0.1583108096632717	0.06867247909203315	0.01079287310582516	0.04431674684249899	0.01001722439538813	0.01001336007524761	0.01003427859601999	0.01178158199786882	0.01001142893670277	0.01114774227459811	0.159336084878706	0.08340529095803087	0.01006986187687593	0.01002324599300441	0.01001365060533669	0.01000321693377564	0.01002248158719878	0.01001081022062999	0.0100080399963265	0.01004266354262969	0.01012891350666661	0.01008723848117499	0.01045147599266616	0.020287585980156	0.02103673239061539	0.01020713163639782	0.09877526240739005	0.0100649710625652	0.01002871143073932	0.0462233792637962	0.1263290083241045	0.2084164730343366	0.07385209539343308	0.01000636939359601	0.01001345892710219	0.01000981624639435	0.077691101500344	0.132023256875822	0.01001753897711398	0.01055857788924975	0.0101817654039088	0.01037237338288981	0.01000887066083789	0.01000547276275329	0.010019708136686	0.01006005179909709	0.01001181697006119	0.01001130223575325	0.01001676137199235	0.01023246705925934	0.01023600897673311	0.01029730880555577	0.0104849151658261	0.0108148665668902	0.01073264596264947	0.02053286143224902	0.023870353915322	0.01004210158639253	0.01001331001186332	0.6902520915765954	0.3141852342408712	0.1760679074516893	0.2893305653043098	0.2096387865730422	0.1232338770105477	0.01002124210030239	0.1157514649880726	0.01051101715717071	0.01075383379083695	0.01143678292669075	0.01003023989692315	0.1010822456566376	0.01021596208151045	0.01003690839056537	0.01005134398669125	0.09531637345462449	0.2753130958144108	0.01014615859895867	0.01099139608110879	0.03734981177421764	0.1110083929081676	0.05284717668216977	0.01942488968476942	-0.01697817103219583	-0.006183987448302792	-0.003454243719142202	0.009822251462190023	0.0114869813931689	-0.006083284959722057	0.01963069350516319	-0.004591252825970856	-0.000831740073552989	-0.006652201169787217	-0.03090567405551666
1.13421052631579	0.01620437958080052	0.04846816313052613	0.01006370120075298	0.01003258719304373	0.01102477644062917	0.02333633508939328	0.01100772600910791	0.01801133526894303	0.1937691937463323	0.09329232180461682	0.01011224645162016	0.01003937331397223	0.01006003565941539	0.01000803026435532	0.01003980461765135	0.01002776472997464	0.01015392432184577	0.01428162809052829	0.0101249253237756	0.01008004752853688	0.01368742874596971	0.01927641043890152	0.01839224301353755	0.01753900676860921	0.08431360344622517	0.01010478429251696	0.01004822027601746	0.04859302670592563	0.1199584599431785	0.1803382134044014	0.07253777384464413	0.01001537913824766	0.01004957210826612	0.01004627316115427	0.06145402319851819	0.1311423284862012	0.01002993935057082	0.01067922044077751	0.01227852199144831	0.01088458268146614	0.01001149695588384	0.01000711880268779	0.01002687608159242	0.01008717789276115	0.01001580252957709	0.010014965136107	0.01002474615225624	0.01031623241548616	0.01031132604440304	0.0103917710704817	0.01062000755475482	0.01094950285074723	0.01104267702221587	0.02230831310455214	0.03204355515567217	0.01032029439168043	0.01001850281155899	0.713638051531475	0.3229381951697566	0.1822736256825747	0.2931854141244149	0.2128561100678058	0.1253029388047258	0.0100286941156966	0.1083391110174468	0.01064898038996438	0.010892687886249	0.01279912183061911	0.01003723573837271	0.09296471227298569	0.0102577038618566	0.01030341382170552	0.01007711974810554	0.09361088884011083	0.2762847859329454	0.01019541197776381	0.01111194608135686	0.03788180565540768	0.1163343279461202	0.05390307095850933	0.09333655772118894	-0.00611721635850252	0.05333039579035588	0.009409075458425141	-0.04194355341450053	-0.010005570171608	0.02938772972913996	-0.0005826292915716046	-0.003297243472237972	-0.00679410859118784	0.005960260118054645	0.03348376578123059	0.00106434656776359	-0.04017179016682303	0.05666613919451515	0.002554669123346471	0.1064168255541091	0.194222092966487	0.0711586297860289	0.02906670669600915	0.06198118278361969	0.01016221121791353	0.01006813181798502	0.01338021381960612	0.05272268919327022	0.0133945077324017	0.03524190936074958	0.1051527542135353	0.05239954485511954	0.01022742854235191	0.01008285274313357	0.01017662027022547	0.01002032891813622	0.01007419970306066	0.01006399140306021	0.01050064146734621	0.01001269377893061	0.01003256670566306	0.01006069986367795	0.01003872187226437	0.01005932445661585	0.01009402597112154	0.0354158588223224	0.0337077021912545	0.01021235117135482	0.01010066093885936	0.07153475099569336	0.1184274168974166	0.08991873954537219	0.08155149482435177	0.01003476237783021	0.01012988059366385	0.01013827523859452	0.01021759737081367	0.1400597026114803	0.01006340795391169	0.01004798679253585	0.01001700264359316	0.01003369419696513	0.01001703387607732	0.01001055804354003	0.01004110000496298	0.01012825014477569	0.01002392817485387	0.0100225994892068	0.01004039149006708	0.01050294237901332	0.01045506165056546	0.01057514604692493	0.01089366027937914	0.01124658722334868	0.01196628492869237	0.03098677584826064	0.0349085831892901	0.01014226532554005	0.01002859294088036	0.6487379357746761	0.3011243869474067	0.1734916530139403	0.2703037452182839	0.1988269273131969	0.1199617640046459	0.0100439987317611	0.1019980195150819	0.01093020023315278	0.01119388217614383	0.01134553716974801	0.01005361381085927	0.08657780586187611	0.0103695424404133	0.01016651118574408	0.01012581288777196	0.09696628256372714	0.2568133500773817	0.01028662633027499	0.01139554500180884	0.03142556820519508	0.09237081653674788	0.04414127951612699	-0.025291234854095	0.02591810590696742	0.0158302444600892	0.004302523673786088	0.01600070216038132	-0.02916453790634845	-0.02138959040692487	0.00270946089012682	0.00704264843120782	0.0004883173166474607	-0.005786481243094368	-0.0309697481530307
1.144122807017544	0.03157839169354582	0.06970037516736129	0.01006442892804523	0.01003231873904641	0.01008869410865387	0.05348190498826565	0.01001147923662552	0.03232364484815282	0.1550701623710257	0.07410584657105865	0.0101346162423593	0.01004801370079583	0.01007947424613382	0.0100105507069133	0.01003850638698184	0.01002829336612221	0.01001523534191591	0.01150451196705603	0.01005698581280702	0.01005331626210609	0.01130474677968267	0.0133091538740802	0.01300793834433493	0.03645842850088399	0.05888333289931783	0.01012479542080493	0.01005815039714367	0.08968555994106529	0.1372763712361287	0.1581796520538949	0.09035580639221374	0.01001663108529708	0.0100545111933095	0.0115831941473152	0.02988879984672613	0.1394451029537468	0.01003675804157491	0.0102567121552232	0.01080149461322874	0.01032176967925836	0.01001219946766689	0.01000753707962238	0.0100274628971039	0.0100822073537344	0.01001645310451378	0.01001578170996015	0.01002457323713814	0.01033070632333784	0.01030770790572194	0.0103887665709409	0.01062224110762215	0.01097160922636557	0.0124257297378981	0.02902491429750494	0.02388279650045711	0.01015835059220725	0.01001865650123167	0.6751965157200097	0.304205803003744	0.1697846680741449	0.2760576720163856	0.1998288816415183	0.1181088914652947	0.01002991623212254	0.1087961170461493	0.01065255990355041	0.01091117426611863	0.01146857211959206	0.01004201690756779	0.09565810566160582	0.01032025410517647	0.01014442754246496	0.01007432635582167	0.09731981835531252	0.2622263406802833	0.01019190472822666	0.01114605126129704	0.03241994571707948	0.09940677451162017	0.04609462520541954	0.0772025723247084	-0.005483745714858562	0.05971792010541108	0.01722290954454494	-0.0411279619100631	-0.009402359263235042	0.03103839604838878	-0.0005572376491653471	-0.002964808318472307	-0.004891820228813051	0.006744870228312938	0.03356431740291914	0.00113535832484416	-0.02727490608472357	0.04162043951090209	0.004129461751658283	0.1025933911355844	0.2235048238995828	0.07009158611104407	0.04837341921259875	0.09743619642230376	0.01002222261821726	0.01001250805866535	0.01012727901815024	0.08749274401923976	0.01002159899311238	0.04386548724352979	0.1295186074184849	0.06549744814415054	0.01010475034296443	0.01003694159923087	0.01003588295772079	0.01000713128693553	0.01001828157147361	0.01001174047147483	0.01001340235740287	0.01000421982775837	0.01001391832637478	0.01002666269229754	0.01001326367914856	0.01002250195015718	0.01004482250997424	0.05789225650812204	0.04310310269697711	0.01009545518875628	0.01004400743096931	0.1503307571058992	0.171700307180646	0.1632288511298927	0.1161747500005217	0.01000803168475945	0.01002041103766473	0.01420247037071403	0.0101198311644094	0.1508244313810894	0.01002849748911961	0.01002426199333162	0.01000758955055383	0.01001621707399599	0.01001052151877928	0.01000645203501523	0.01002152379688509	0.01005646092590773	0.01001347129063954	0.0100132560232167	0.01001726600119067	0.01026159039359522	0.01023030075043686	0.0102924415778265	0.01048888793426031	0.01085571620917406	0.01418947460636719	0.03480763956261325	0.01050256432249392	0.01004148343943297	0.01001410032069485	0.594586922309648	0.2705769564547573	0.1491839242210918	0.2476945091641442	0.1793209835486304	0.1074904385820532	0.01002425526896451	0.1117532730550423	0.01051751538583011	0.0107879661270906	0.01038810334333898	0.01004062795718533	0.1020805798611692	0.01034863646274904	0.01003118199078233	0.01004854921347604	0.1023168398036229	0.2393881481053622	0.01014107844828082	0.01105453138677767	0.02745274771853755	0.08176930226033217	0.03882356573771644	0.01700297391410506	-0.0129075197403415	-0.01669117870676291	0.0003308392696797593	0.00153076416320215	0.0114843411558675	-0.00602910358651376	0.01731474317049637	-0.004370542469138931	-0.0008393888450469012	-0.004874642045512506	-0.03075184427611403
1.154035087719298	0.0462041586645559	0.08836542308838513	0.01008972113567721	0.01002529503706577	0.0197499991431404	0.08759174151535154	0.01992119702396668	0.04037115476672519	0.1426685377510738	0.06993597834826683	0.01013655054878719	0.01004859626525804	0.01004262696286773	0.01000915377399436	0.01003257273076751	0.01003205526132106	0.01141248005877804	0.01059256541633673	0.01003043048576863	0.01003788050447208	0.01051870802530698	0.01130436444414359	0.01119868775828225	0.06056596469258521	0.04077448692655147	0.01012505565953232	0.01005806997509506	0.1368364428522375	0.1572065017666931	0.1517101227132536	0.1061708591356047	0.01001485457853955	0.01005466598718584	0.01479790839131257	0.01769561718864243	0.148009378409881	0.01003744498500338	0.01012246260494123	0.01032108059592867	0.01014039944864909	0.01001316300397519	0.01000805038650276	0.0100293428247168	0.01008567699342953	0.01001763729466069	0.01001699984000152	0.01002755342657942	0.01035777778051542	0.01030307920498888	0.01038477528151206	0.01062533066114704	0.01099483616488994	0.01459751440401487	0.03538812511353472	0.01726249146344182	0.01012349456929577	0.01001989471046782	0.6355765038176119	0.2851463143741494	0.157573890534403	0.2580512558590415	0.1862857448164916	0.1108555224201133	0.01003197906713959	0.1058020691665258	0.01065749678966351	0.01093097388017433	0.01074141423967506	0.01004602103206268	0.09313021871532166	0.01035332580638679	0.01019395046699361	0.0100824222061041	0.101444760782067	0.2463316041781577	0.01018802782110542	0.01118139815001543	0.02806100406461872	0.08544186592591686	0.0397272680794243	0.07478809452851513	-0.003630004331475593	0.06144368220065593	0.02403202782610181	-0.03947755174216548	-0.00845084480946659	0.03278942470753153	-0.0004988992298763095	-0.004005508686983309	-0.003333153824617483	0.007136610491428409	0.03317267641732635	0.00114981046420787	-0.03116693500826455	0.04765405032065064	0.0003494794429501837	0.07379571230205897	0.2411447986360823	0.06192054060210851	0.05842402317829354	0.09709924417711918	0.01023612162861818	0.01004767247255308	0.0432748356004715	0.1305062184063211	0.04410195930633423	0.04542909306231668	0.1283164445329202	0.06460731036300976	0.01021189855058154	0.01007637027325431	0.01004949608153153	0.0100138173496003	0.01005793225067085	0.01007458431316307	0.01476362273100015	0.01000550384404923	0.01001875476504949	0.0100405514282446	0.01001620488447345	0.01002481847771989	0.01004347174622623	0.09162917906832382	0.01011033096563719	0.01019412270224398	0.01009099884220017	0.1792641115681264	0.1624083051067709	0.1062189432389298	0.1109894941908954	0.01002833516450349	0.01012564974060317	0.0181999363345219	0.01004406523171213	0.1578502729330243	0.01005896242244844	0.01005410911207948	0.01001519508137487	0.01003486187353589	0.01001920869472762	0.01001167485067338	0.01004608725334864	0.01014320201999891	0.01002680302620462	0.01002541688716918	0.01004934460864608	0.0105690758189666	0.01044484144333282	0.01056622265079209	0.01090065751163462	0.01129414527909574	0.01708427736906757	0.04360944044502775	0.02308237556240676	0.01019332778596391	0.01003209868585272	0.5674675346901117	0.2631191272658209	0.14983853801525	0.2333813445724808	0.1713428162766704	0.1055047727466027	0.01004892246111008	0.09120063670928638	0.01094137182218535	0.0112347634433638	0.01047383618835102	0.01006088480598236	0.07448887114530818	0.01040768992136254	0.01046365185247376	0.01015234265858535	0.1058389805201434	0.2220697835360671	0.01027852002182921	0.01146747692967638	0.02400151430915258	0.06967651909029543	0.03329217944374269	-0.01781563724750465	0.02345673653795423	0.006477265180820418	0.006517776453931043	0.01625017059375735	-0.02735777685737167	-0.01740676733427649	0.0009540450023370184	0.007171479403795479	0.0004506147299990102	-0.004015966587313563	-0.03057606994574328
1.163947368421053	0.05764598085008533	0.09873831995530008	0.01010489701478371	0.01002559628636825	0.03302019175396615	0.1195057848984995	0.02590390999051865	0.04207546961925956	0.1402571481731399	0.0699781126009742	0.01013933418798496	0.01004966400512447	0.01003275341879525	0.01000856499755421	0.01003378293440827	0.01003768925496457	0.01097311351202171	0.01020805918835547	0.0100185928716403	0.01003096644554755	0.01018682512288926	0.01046416583810493	0.01043629035264061	0.08046493738745242	0.02143525247105995	0.01012699381781202	0.01005899364795134	0.1787800118678685	0.168333751926803	0.1443547145884189	0.1149785807097511	0.01001543496009379	0.01005977199652145	0.01815832418059659	0.01273425846493951	0.1549442634758621	0.01003836681711878	0.01007014531104686	0.01011877230467289	0.01006649028117789	0.01001407301456953	0.01000856217303475	0.01003078645631739	0.01008793544794939	0.01001864897737094	0.01001806372132463	0.01002874516868196	0.01037064923517944	0.01029993702289112	0.01038209984120539	0.01062814542869747	0.01102666651292524	0.01740949357749612	0.04148805642371977	0.01572813372235726	0.01010442992762017	0.01002067519422604	0.5980025226913591	0.2667337378075039	0.1453516134572027	0.2406906380214431	0.1730760906159869	0.1035693532134417	0.01003364602387601	0.1016688977578344	0.01066216595449002	0.0109572410412151	0.01043280166384068	0.01005048907777179	0.08792249978607175	0.01039133897895399	0.01018504501769666	0.01008531778683936	0.1061027893681926	0.2303104369125239	0.01018532908374248	0.0112306233892982	0.02447834470716896	0.07391124686302658	0.03450539873010421	0.07490373470323558	0.005492352264056827	0.05908628047849156	0.02985442313000621	-0.03772910742007317	-0.007318425568661212	0.03414214469701173	-0.0004206415347109862	-0.0064218830347015	-0.0003488129531282034	0.007489053786363057	0.03177231408689811	0.001122375126480362	-0.03852793989503482	0.03071577994112681	0.005459359688007424	0.04232604433979646	0.2485258057802275	0.05429813970355399	0.06808874553125706	0.1104116323709844	0.01004427176361343	0.01001372783034822	0.03912840227966517	0.1518861332531213	0.02333040718591938	0.04200751261833455	0.1446936100092703	0.07343313340886425	0.01010523071593185	0.01003713349301074	0.01001473023343426	0.0100052281420131	0.01002191446030599	0.01002292160515271	0.01006524108495913	0.01000234322548853	0.01000907348207122	0.01002058106557334	0.01000712135730779	0.0100112095360342	0.01002274201027623	0.09504931421915691	0.01004018218077665	0.0100947436333223	0.01004358662189296	0.2367931707727866	0.1884683179104242	0.1570304353677328	0.1291702691733754	0.010008630433945	0.01002669065444496	0.02139451659508045	0.0100191463819639	0.1628232360345094	0.01002880864867726	0.01003751880643144	0.0100095319810875	0.01002432695296379	0.01001241227983782	0.01000750678730258	0.01002460292597615	0.01006221380339532	0.01001559417749692	0.0100154701323573	0.01001985675950353	0.0102856385634617	0.01022346455470588	0.01028655512436033	0.01049502064261353	0.01092480804798595	0.02041802295674316	0.04688440923794635	0.01014852257273313	0.0100444252128399	0.01001577388454477	0.5276104986494767	0.2370583939716677	0.1264999945207344	0.2156474388042032	0.1546288741275323	0.09365876108228337	0.01002770430795863	0.1017688520034888	0.01052771567106361	0.01084499073234936	0.01016526297274709	0.01004969304609105	0.088109256342618	0.01041986619780941	0.01003614032688415	0.01005473989875391	0.1124524237946701	0.2082753864925238	0.01013530501494409	0.01116192117074537	0.02120658769118834	0.06253195990801026	0.02977030608532042	0.01469813203031608	-0.01005608303532272	-0.02731232322454202	0.0005813797312033622	0.001285469768994345	0.01095373674385074	-0.006042909737304179	0.01570597826049349	-0.004196684419222238	-0.0008540666660712664	-0.003122147400079995	-0.03009537602066144
1.173859649122807	0.06182983872421404	0.1014335419634387	0.01008063653159982	0.01002130024549989	0.03759303258789847	0.1399581630520987	0.03434816344182297	0.04294637811057379	0.1438225673570202	0.07260250036098576	0.01014006958003398	0.01004989296149038	0.01002224373348042	0.01000738347959983	0.01003106201609653	0.01003618606651118	0.01630794314673578	0.01008368912818395	0.01001474771326886	0.01002839225513355	0.01007907700460248	0.01019112463477521	0.0101893049944451	0.08890790670429789	0.01444447254149365	0.01012667444588462	0.0100587154172966	0.2088747986298428	0.1813018200356126	0.1508083508808159	0.1255954456369809	0.01001226948298912	0.01004413783458994	0.02127386950786082	0.01108377238420098	0.1597532505662663	0.01003868530093024	0.01005759249270898	0.01005480903957301	0.01004647915171904	0.01001511383895991	0.0100091097991688	0.01003255169115627	0.0100891238617015	0.01001986257643126	0.01001937288458272	0.01003102498115478	0.01039095887012835	0.01029271504044747	0.01037571039552458	0.01063269687174848	0.01106328821721707	0.02051934425549429	0.04740147131865401	0.01257106626584275	0.01009679671731509	0.01002170101730337	0.5667708509618699	0.2517952488963396	0.1359737042620614	0.2263299221079579	0.1622459422237402	0.09798806776680417	0.01003569540613905	0.09834341709150962	0.01066953263395762	0.01098832532144321	0.01033074362237613	0.01005538420345156	0.08281344731315886	0.01042975683249124	0.01017191741355186	0.01008882655626714	0.1113863261444048	0.2167768292569081	0.01017921955773889	0.01128879309536904	0.02147485842368716	0.06393180328417711	0.03002989602840322	0.0729159356418026	0.01420366268530135	0.05350010909242443	0.03491792572968248	-0.0354025499022667	-0.005947806305012744	0.03530522525278657	-0.0003195109801445747	-0.009565328421498076	0.002733258258832278	0.007576537649664129	0.0297162103572147	0.001042747700619448	-0.0415846913263735	0.02203010176888756	0.009750934807791338	0.004805765859024973	0.2455359868247564	0.0450620157380108	0.0585263776219707	0.09212279241224976	0.01015016021589922	0.01003471697934598	0.04406157885177696	0.1580610817396395	0.06444571186254013	0.04627715555177976	0.1447623042909764	0.07305371328792973	0.01021142494907239	0.01007603208789573	0.0100278726740678	0.01001089176721235	0.01004875920380152	0.010064804102854	0.03111680461125189	0.01000453100360554	0.01001865019405767	0.01003952204041257	0.0100140836033929	0.01002126307714725	0.0100421855797792	0.09528364295987134	0.01006608418778386	0.01019134063763367	0.01008930153321629	0.2228529217988002	0.1916794617490769	0.1412875659915992	0.1350711216610234	0.01001844913506446	0.01007469384395081	0.02424027373079595	0.01003376643786833	0.1642014823215695	0.0100590267752319	0.01006676205639425	0.01001881113376272	0.01004602699793604	0.01002141451915397	0.01001280412427504	0.01004992308298917	0.01014456342003651	0.01002942190315737	0.01002826804863175	0.01005493711197857	0.01061678138768455	0.01042651766535826	0.0105499097797587	0.01091141817290179	0.01137201478210693	0.0236386384735342	0.05545390279374812	0.01514187845324438	0.01018891102033891	0.01003438322873576	0.5241639046131136	0.2409011027280532	0.1356957785701019	0.2112394071290948	0.154104890431806	0.09679412772561212	0.01005338433900834	0.08585701697094833	0.01095868140445715	0.01130157208146432	0.01046635468223294	0.0100710807502056	0.06476944443366925	0.01048491918197096	0.0104333742228806	0.01015994330045477	0.117375101243423	0.2004807007590835	0.01026305993592777	0.01159244320331516	0.01864179797019139	0.05227470309456105	0.02526826983304929	-0.01482258790570559	0.02302382062126132	-0.00910902229975051	0.005785060260486691	0.01733790328437093	-0.02568042854988856	-0.01297404288334764	-0.0009461895103127952	0.007195986590915446	0.0004012266686169152	-0.002491324288179118	-0.02962940856917554
1.183771929824561	0.0617812044387361	0.09752785047412699	0.01008180064191097	0.01002031318734156	0.04085037691764609	0.1526098451270948	0.03908546472768666	0.03915098468305267	0.1489979532106757	0.07569925717061297	0.01013937594089765	0.01004956679044558	0.01001789685581867	0.01000666989968212	0.01003048908913476	0.01003833341026855	0.01884162132627178	0.01003092490780953	0.01001254619971291	0.01002613562047775	0.01003332525651594	0.0100753140648161	0.01008451231400338	0.08936017852969949	0.01158233170233473	0.01012565148577872	0.01005814355195902	0.2259945417235298	0.1890212550649535	0.1598004520649821	0.1317652521666522	0.01001095838250083	0.01004018990754359	0.02334884386342765	0.01039078454890139	0.1621094122097742	0.01003847685840678	0.01006194413251608	0.0100316815288552	0.0100457689951305	0.01001543939367738	0.01000926551741945	0.01003287397699796	0.01008880783243221	0.010020145060011	0.01001974930467154	0.01003178088335298	0.01040615588610519	0.01028895103101885	0.01037244366463772	0.01063623359193042	0.01110751569891543	0.02395598949880697	0.05355493929370975	0.01220271804913821	0.010094082029547	0.01002179287902674	0.5458122104415288	0.2419056980204773	0.1289972260718069	0.217182769928412	0.1552007227441713	0.09431729694779144	0.0100361603173834	0.09759712419940103	0.01067564994605709	0.01102520908140666	0.01026479947503747	0.01005851504994799	0.08043550850168468	0.01049822643452995	0.01017815797953575	0.0100903970488716	0.1169999993492821	0.2079084340721904	0.01017610273616073	0.01135804958391113	0.01855991378041198	0.05434711565251051	0.02566400300631107	0.06125084665478403	0.01452844984831083	0.04586220102282708	0.03964163048506528	-0.03150830499485997	-0.004209287109157299	0.03616235981823264	-0.0001916730453794903	-0.012606294239848	0.004698624276192625	0.00718936550482435	0.0270880644782785	0.0009044050510159537	-0.02852535698880897	0.01277930645820538	-2.899237493124929e-05	-0.02931064874735739	0.2350490136212218	0.03178581877103902	0.06142583135773574	0.09229370637212553	0.0100485160320717	0.0100125985311397	0.0407057011093544	0.1632976359995296	0.02864177850317009	0.03150618056395813	0.1589362892244347	0.08085515642405625	0.01010230545189853	0.01003584635762138	0.01000872685122462	0.01000378552142053	0.01002179653166872	0.01002855922729593	0.01439494761054411	0.01000223210185868	0.01000814777631609	0.01001974532701093	0.01000708917287571	0.01001097509710715	0.01002429774718507	0.08448529787311217	0.01002508330556539	0.01009142245186848	0.01004178959512436	0.2494952925103028	0.1964032927757641	0.1793312063919236	0.1366910463742807	0.01000622561542578	0.01001974147322208	0.02478179742549681	0.01001567053617794	0.1638404583541422	0.01002786974976378	0.01006462145924628	0.01002071509198115	0.01004637143324295	0.01001284880001337	0.01000768891354327	0.01002470060846497	0.01005990842722833	0.01001585063190821	0.01001595220628856	0.01002071875629516	0.01031624512990675	0.01021525906617216	0.01027934673451007	0.01050260106002446	0.01102007285181395	0.02759425308009101	0.05941814131388806	0.01010269196145437	0.0100410728091167	0.01001552942660176	0.5118470241535753	0.2265428745392953	0.1164916113154169	0.206160478065561	0.1460314470536219	0.08867524906547956	0.0100281174827338	0.1029731778176662	0.01054087993159625	0.0109244405097121	0.01010487443916062	0.01005578451837941	0.08512737292393224	0.01056924194275869	0.01004151935982668	0.01005599574855548	0.124462641322129	0.1980611539620035	0.01012854054606053	0.01131251683475276	0.01575410393330285	0.04481888928251762	0.02155689507584022	0.01408146547473005	-0.009854755860225163	-0.02927851643424117	0.001113563447055379	0.001157867767295924	0.01041981836700557	-0.00668751789124279	0.01457465454478289	-0.004052677830298894	-0.0008836657897339198	-0.002201411518098919	-0.02916377091133598
1.193684210526316	0.05472348030606864	0.0836872235724985	0.01008204399986678	0.01002111816205989	0.0364351002965385	0.1508078771433219	0.03383765938233756	0.03522237373274644	0.1554084763819687	0.07925308811238498	0.01013712984553671	0.01004852645531962	0.01001354480567046	0.01000559862006918	0.01003399418710675	0.01004620957762217	0.01828042677390443	0.01001455785297681	0.01001350913102491	0.0100340308674562	0.01002104219880949	0.01004189077351245	0.0100595801310787	0.08131591756181041	0.01064551276450944	0.01012298691410474	0.01005664893825871	0.2256783347979113	0.1873025152239923	0.1597344238925125	0.1318947685092486	0.01001077029039726	0.01003870821715673	0.02458475436324088	0.01016875660648911	0.1623635348693008	0.0100377281411934	0.01006999097516627	0.0100284401543583	0.01005086501693437	0.01001610913676177	0.01000959746444294	0.01003336542772485	0.01008554758612966	0.01002072431968926	0.01002053714446031	0.01003167065067943	0.01042452295477224	0.01027991727477025	0.010364185327177	0.01064205174449759	0.01116041733230534	0.0274390436915754	0.05963991129221229	0.01071722514054308	0.01007912662849335	0.01002165234040977	0.5319810279762194	0.2348689652655868	0.1234317903603434	0.2110350019465477	0.1499630364830884	0.09142927010151169	0.01003712604562334	0.09845023103862981	0.0106852741817067	0.01106957312577006	0.0102165987704676	0.01006386506512022	0.07736388761860917	0.01056015943405177	0.01012272870933516	0.01008729469393351	0.1232394272471358	0.201380756248921	0.01016853771161068	0.01144671456332324	0.01621670364022872	0.04597875659839964	0.02198405487283095	0.05466840506297081	0.02982339624742168	0.03873391645988558	0.04255819840882718	-0.02888867996856747	-0.002704980477580754	0.03636058104825871	-7.50696577721191e-05	-0.01671619698358302	0.007763403620407578	0.006787092048892756	0.0237976868845555	0.0007412383289707481	-0.02320758413616908	-0.004085344576082207	0.01158824379061446	-0.05420173610994254	0.2200061272119637	0.02608564137707625	0.03626392814642859	0.05176659558619193	0.01014977306856274	0.0100380277132036	0.02693543696081084	0.1318052594360148	0.04334140842639905	0.03821866132547678	0.1595856462581322	0.08075200132898888	0.01020545815888505	0.0100732734581254	0.01001916356033174	0.01000840972961446	0.0100596401137978	0.0100859947726986	0.02701590096062621	0.01000635490258498	0.01002357928095724	0.01006494840188616	0.0100212926750439	0.01003268609756666	0.01006818250651558	0.0681414257495627	0.01006920302324584	0.01018445226928389	0.01008543626880092	0.1897070336191079	0.1719511568971247	0.1262192415452982	0.1263134257271462	0.01001913871546599	0.01007407093948966	0.02588011855148206	0.01003958262907469	0.1612897377523222	0.01005701649544907	0.01008636389876181	0.0100312056277355	0.01006173049332735	0.01002308067607677	0.01001363527011452	0.01005106657550773	0.01013524742302411	0.01003086210574469	0.01003023422216503	0.01005389460922604	0.01065654637942111	0.01040343938966213	0.01052864413494509	0.01092523227307228	0.01148617899591495	0.03070545872638099	0.06776065666869775	0.01109523027114685	0.01014737646886632	0.01003388158230758	0.5163506164812808	0.2325030369202446	0.1266504493227467	0.2047214320193319	0.1466541462354877	0.09207730093826658	0.01005579120117667	0.08975129688041056	0.01098127975738476	0.0113975052976198	0.01038677550246627	0.01008388763975206	0.05793518891768274	0.01060258047487669	0.01026393471014818	0.01014930219493042	0.1309009245036284	0.1919510295931695	0.01024370356040274	0.01178845668078259	0.01455254745942769	0.03735593267905493	0.0186921810967755	-0.01282711233942996	0.02303899353275783	-0.02850953177367942	0.002623964585626011	0.01873203992705309	-0.02429759803367119	-0.01058233637821468	-0.0006540128632440607	0.007274781227383717	0.0003560335751302443	-0.002205960207200267	-0.02860681931909782
1.20359649122807	0.04214869873905452	0.06807475028419907	0.01007774597245468	0.01002130509332089	0.02386668213876393	0.132559717663467	0.02690769850423472	0.03305555670573748	0.1615686091784255	0.08254838053860064	0.01013530363594686	0.01004772989615723	0.01001162590620397	0.01000515575434247	0.01003390423728528	0.01004436948534457	0.01721030396143708	0.01000759691225176	0.01001222456817745	0.01001976144725911	0.0100159369366991	0.01002642718533191	0.01005090677046168	0.06251033621961252	0.01009750239569948	0.01012107186018607	0.01005562815830668	0.2027629146661898	0.183024211388896	0.1603764592636306	0.1303621898150161	0.01000986544098106	0.01003682540972835	0.0248421867450368	0.01007969942424791	0.1609172071339187	0.01003712908259729	0.01007419525773601	0.01002834866537804	0.01005363864257733	0.01001588743460377	0.01000940905125793	0.01003298607712024	0.01008510455670115	0.01002042043105699	0.01002026358610476	0.01003217595808694	0.01043312629428902	0.01027445328247288	0.01035930901596655	0.01064710598364409	0.01122832542062066	0.03119220485982916	0.06615505293102132	0.01055382324451438	0.01007809640249797	0.01002136565716668	0.5287494611471084	0.2331268161536971	0.1202111039547293	0.2102604629967481	0.1484802025757626	0.0902903766775775	0.01003648063188645	0.1014486700929747	0.01069422869620985	0.01112670426262154	0.0101922483817899	0.01006309637952641	0.07437924008246501	0.01060111016934488	0.01012956072602595	0.01008890741902722	0.1296789024561244	0.1994602962224904	0.01016406473516781	0.01155664248023046	0.01429707352217219	0.03807541520561563	0.01864386525659843	0.05230975254070481	0.04324714839361356	0.0331772838689232	0.0441697110281723	-0.02549381186858708	-0.001102875389568469	0.03616074031805529	4.948117345782918e-05	-0.02069644477711644	0.008946571453566789	0.005780108449655787	0.02037076978002655	0.0005339493868360503	-0.02181938418701293	-0.01314878815130669	0.01354975604833731	-0.07289423867652217	0.2025593206811026	0.01804206420326045	0.03109043309906886	0.05657640994428768	0.01003278999674029	0.01001343726894176	0.01010217520790862	0.1031734193438893	0.01001541853598324	0.02904234864184619	0.1714919531822693	0.08737577407086128	0.01009837640562179	0.01003413987349956	0.01000703907632544	0.01000316979821693	0.01002143927066481	0.01001951979216874	0.01001977520884197	0.01000426173795618	0.01001207514034792	0.01003066541863689	0.01001255725292663	0.01002116955488814	0.01004527189399453	0.03671997213200653	0.01011547308357921	0.01008742125419692	0.01003967039888283	0.1679836682359351	0.1804002267226213	0.1763179165600857	0.1297692293586999	0.01000549021479574	0.01001681575864894	0.02448480999160142	0.01003783265154954	0.1582279120178312	0.01002657219805201	0.0100699821563484	0.01002626548843764	0.01005067004628336	0.01001209756832582	0.01000713132566278	0.01002326219785948	0.01005764738557698	0.01001482626754772	0.01001500176251015	0.01002095491830888	0.01033707950701721	0.01020379817078556	0.01026901836036228	0.01051323462825869	0.01116596020476823	0.03542169296274868	0.07299189458268231	0.01008888683364283	0.01003807367631891	0.01001445378748897	0.5304419585152059	0.231359547518066	0.1128588551105631	0.2128448297790384	0.1478808771785728	0.08821805631569067	0.01002611179646902	0.1123777456661012	0.01055981927073	0.01104694507353224	0.01006589473741754	0.01005348408604991	0.07996182099126642	0.01066096081652584	0.01005739494392377	0.01005764313342403	0.1379585595740368	0.2012230434323541	0.01011921396143427	0.01155120951797033	0.01234569589841808	0.02967520015609659	0.0152929980961756	0.01221761095487481	-0.01058718168157012	-0.02056307319355833	0.001883501106545496	0.00111779384020542	0.009973224910664266	-0.007237585115373779	0.01354028299124552	-0.003961989884855245	-0.0009339373976434283	-0.002588740427369628	-0.02815692090516232
1.213508771929825	0.0290079263971687	0.04950269146975921	0.01005371711836467	0.01002277964628024	0.01392230454178432	0.1011607658567407	0.01357345112556536	0.0341096115325947	0.1673507280599172	0.08554310078853877	0.01013309708332752	0.01004671985542068	0.01001392468554115	0.01000498775043538	0.01003582347930363	0.01003322477261277	0.01116744226751065	0.01001187753771627	0.01003870074405433	0.01019931164970197	0.01002810543227751	0.0100632769980905	0.01008880048985191	0.0400411660242626	0.01173052963945063	0.01011867354284131	0.01005431281846706	0.1681168669548847	0.1742634593401241	0.1548202368823916	0.1272415100234775	0.01001360562385305	0.01003668336554063	0.02470545910037511	0.01008818116098246	0.1583420398719182	0.01003637835623281	0.01006948099998521	0.0100259313582458	0.01004988406008477	0.01001574777834631	0.01000928875825958	0.01003129850500788	0.01007662027476951	0.01001978392069589	0.01001993506754592	0.01002920196193663	0.01047200151627451	0.01026528863489023	0.01035063068655867	0.010653498174572	0.01130025683803411	0.03533601386939478	0.07309446570137997	0.01023955675087358	0.01005904403620649	0.01001952680520719	0.5316337639051074	0.2337198816312781	0.1176292109144597	0.2125246006710996	0.1489183810720068	0.08997864936170173	0.01003545457628704	0.1085443679503955	0.01070519816125242	0.01118586161593519	0.01014468216116229	0.01006857735464954	0.07492805167419918	0.01072864166691139	0.01008899672069512	0.0100797759267153	0.1363790260723792	0.2006154751094168	0.01015660806976047	0.01168362935686401	0.01261175310874829	0.02917807240288989	0.01533474134443694	0.04319263532758735	0.06221289550675295	0.03097763274715453	0.04618918372367696	-0.02194221452374694	0.0005296144289389571	0.03588045065475786	0.0001745081492081513	-0.02247852287067927	0.008624377033377593	0.004249939573833929	0.01737468769603765	0.0002977862019018139	-0.005685789651234956	-0.02130473195986633	0.01500199273945651	-0.08181408699164372	0.1842435587046065	0.01195551232125775	0.01043878083599576	0.013413862830589	0.01008298243738284	0.01004219894837458	0.01009650711120573	0.05227687940585894	0.01003195201062026	0.04374905193543187	0.170601539375797	0.08636728108798465	0.01020068330748889	0.01007105064553012	0.01002776397262981	0.01000833456762897	0.01006538570776831	0.0100548729194953	0.010034229912314	0.010025585061191	0.01010288192530732	0.01060817202369094	0.01006202454977266	0.01015604476223564	0.01018818028088081	0.02027861133345068	0.01542101132172917	0.01017919621196787	0.01008252584145856	0.1034540337188811	0.1471309180276534	0.1053070787579741	0.1177438653954835	0.01003102758970544	0.01007543893142446	0.02520454074037664	0.0101491788706558	0.1543163430082952	0.01005537103138076	0.01006846908437957	0.01002416358120147	0.01004802468380343	0.01002287922508354	0.01001345933008091	0.01004644968439309	0.01011064426340087	0.01002927337990951	0.01002952501069462	0.01004464422931779	0.01076311396167623	0.01038159022559773	0.01050766896848268	0.01093929808260195	0.01163400809816073	0.03947319425312908	0.08240029453715164	0.01032296303590548	0.01009216141792803	0.01002873069107252	0.5385505325025759	0.2381440502035953	0.1223791989640668	0.2148001681482205	0.1505745511826532	0.09254977721375947	0.01005337773815568	0.1095625993347151	0.01100515179313178	0.01151785748350974	0.01026957134368735	0.0101007824832687	0.06359872726089263	0.01094011313390755	0.01013780106732896	0.01012083848586855	0.1448713885683477	0.1997686372510757	0.0102259548741413	0.01205897253168049	0.01142242128273112	0.01884924406626845	0.01215791607114853	-0.009897935107454762	0.02145577159651476	-0.02715098774056343	0.000533846989842415	0.0202602373256853	-0.02401581427778762	-0.01049106301987923	0.002716296551373541	0.007346598544519836	0.0003067989169913979	-0.003249397923914848	-0.02783566633458781
1.223421052631579	0.01700520345773493	0.02572552386581141	0.01004710589724527	0.0100232238422591	0.01140485436999277	0.05734439527227421	0.01125934230452901	0.02898302093552312	0.1731635811753215	0.08852227210739567	0.0101315934865027	0.01004608324142245	0.01000643262662443	0.01000452553729387	0.01003340638563856	0.01002903387107223	0.01041753034599053	0.01000617200382866	0.01000985857225126	0.01001508215409263	0.01001814149110795	0.01002286047191019	0.01007606501095873	0.02360346951292951	0.04377932831876238	0.01011713694066603	0.01005350595965594	0.1317416794190381	0.1639920348436634	0.160421555290403	0.1231841698542137	0.01000531801201987	0.01003453744268556	0.02438642811749551	0.02991174008894503	0.1551565865327022	0.01003589362119276	0.01010516643655455	0.01004196091562828	0.01007784217345001	0.01001530689054619	0.01000896768422456	0.01003060850513531	0.0100757370128361	0.01001924142872506	0.01001936990901411	0.01002887747424639	0.01039106227570168	0.01025559261314914	0.01034155179135224	0.01066320942897042	0.01143253113962701	0.04010818003738525	0.08132951784110365	0.01019325748191527	0.01005683220800723	0.01001899244775454	0.53773649803679	0.2362165496358958	0.1164542225369935	0.2163743556949871	0.1507623357865224	0.09039629844724961	0.01003411294316799	0.1172942671203144	0.01072232517410162	0.01129706108155638	0.01009924300668496	0.01006479548731833	0.07715601371430222	0.01060488876852901	0.01009106451725836	0.01007870616552716	0.1429158772804723	0.2036385293484783	0.01014894948592599	0.01189948914850389	0.01165284522766328	0.01947932529458422	0.01277709265469851	0.04050548846201008	0.08935956932482025	0.03359766569733456	0.04769986058445257	-0.01874342691257306	0.001992770999097599	0.03538849325957868	0.0002850275931068325	-0.02296121058828187	0.007082399165704216	0.002326581584862422	0.014896045505549	5.512583327285675e-05	0.00416744966620388	-0.02667480031030709	0.01890813167125577	-0.08245346444507405	0.1665599497849606	0.007972064174456993	0.01005949784726418	0.01011008833970432	0.01002078310469438	0.01001392628312743	0.01002045252654446	0.01132253858043854	0.01000490973424414	0.01727691481043049	0.1830350979873938	0.09318169671981603	0.0100956699509513	0.01003300925978523	0.01000756979971548	0.01000283353868144	0.01002131310006842	0.01001388125127574	0.0100080028494101	0.0100207881131763	0.01009522506692971	0.01039857072705536	0.01005384787898572	0.01194362111497757	0.01322630973168027	0.01004237371908228	0.09339979818464117	0.01008466763504636	0.01003823400150581	0.09950731737103807	0.1538448566875147	0.1950629077004876	0.1209210810937264	0.01000413249990677	0.01001154303262106	0.02372501555675921	0.06376880188974857	0.1507855467352741	0.01002570904254146	0.01015204836254647	0.01006361817456405	0.01011503322562022	0.01001118719631733	0.01000650583249269	0.01002150247222878	0.01005434811271653	0.01001361526230908	0.01001383782442812	0.01001987828398746	0.0102978687912305	0.0101856724650541	0.01025199415365794	0.01053209472205539	0.01143096868967693	0.04777464424927604	0.09309292889422995	0.01007822283732069	0.01003420558781318	0.01001312638316702	0.5507711286101563	0.2397563224148133	0.1128730203339546	0.2236997437412258	0.1542319659852467	0.09070130845347295	0.01002350364900333	0.135858959425398	0.01059356931343062	0.01127085688315583	0.01004509092232512	0.01004866563447566	0.08722677968676706	0.01105208117396641	0.01006348220068401	0.01005432662192477	0.1491353436480795	0.2115250098205888	0.01010504081668239	0.01197970391360527	0.01088630267877649	0.01085096211731803	0.01083737565777043	0.01038279839136141	-0.01177962761629777	-0.007241758869834465	0.003527753546465421	0.0009164507517781524	0.009995792769627036	-0.007904333527977415	0.01251008079956386	-0.003834608548001105	-0.0009942032552665622	-0.004117374904689579	-0.02764299497170938
1.233333333333333	0.01271612962912057	0.01582569926203141	0.01003218223406063	0.01002269440316235	0.01055891449901628	0.02610854706062981	0.01049728435663069	0.02747626342164916	0.1784932577734144	0.09112003059625007	0.01013036992527842	0.01004553731276774	0.01007696249526565	0.01000676029118396	0.01005652356686883	0.01003222197819419	0.01016935752798062	0.01012282494493116	0.01063617450128608	0.01334903961320514	0.01028412783686614	0.01830025709229051	0.02327542464448374	0.01438773936190263	0.07968474207279176	0.01011575973326047	0.01005275712959057	0.1143360141491851	0.1442949543328431	0.1624092410946095	0.120910848675628	0.01007764450970973	0.01003042312324629	0.02434977173270755	0.06363441866505684	0.1515303619448606	0.0100354925621258	0.01011705460769878	0.01004707327722535	0.01008686773902626	0.01001523753764909	0.01000902740528074	0.01002777697115563	0.01006219067280827	0.01001833603389331	0.01001917022391658	0.01002525427999705	0.01101038037951138	0.01025578882270676	0.01034167053396193	0.01066298735484513	0.01144752501853582	0.05351276705031215	0.09786269689906239	0.01012387608867154	0.01004298756338465	0.0100164756481239	0.5429656165170405	0.2395385268938401	0.1183717086480164	0.2209590609992886	0.1548332091047494	0.09377471920159181	0.01003405826950247	0.1359918720270223	0.01072369668730007	0.01131323124906993	0.01036043866627316	0.01008359257952205	0.08150524377559316	0.01348988337229873	0.01006767567860955	0.01006826204832559	0.1431419271718021	0.2098791134017995	0.01014934592060345	0.01191491734875728	0.01088972873173304	0.01321185697663968	0.01122982267973535	0.03899231675568668	0.1172103181507876	0.04078947382533902	0.0495338100046919	-0.01548753974359996	0.003331698953495679	0.0348897886807674	0.000381733661319429	-0.02154786527967419	0.004135342604291806	4.645925547996188e-05	0.01308786942340092	-0.0001824616790237468	0.01449621717351636	-0.0387771766557346	0.01519155025105516	-0.07291361394239389	0.1510305299411368	0.002638635545377408	0.01003987962181161	0.01003091209320481	0.0100452441707131	0.01004021600129005	0.01002918411933742	0.0100649366542498	0.01001310294239679	0.04431539237354717	0.180493853657147	0.0910634568555148	0.01019850168957642	0.01007004480324106	0.01024289545496461	0.01001536359593708	0.01013585919030482	0.01006825271787168	0.01001743994738773	0.01037507628712429	0.01197923837937572	0.0206719085004655	0.01085622837112502	0.03492384947920096	0.04993209847037491	0.01006620708940765	0.09277005029272013	0.01017659275721296	0.01008108316825212	0.1015895906916783	0.09409468993871486	0.102704673327724	0.1159166224051682	0.01025221464509256	0.01006534154609299	0.02541866927178626	0.09430339803576639	0.1464039566263642	0.01005464829746392	0.01006964983578366	0.01002402561259352	0.01004810165537356	0.01002309312100402	0.01001394015817202	0.01003875394324324	0.01007153000901674	0.01002711813890447	0.0100294724873274	0.01003426689840853	0.01266989455421186	0.01039137841254619	0.01051664497782643	0.01092940471194288	0.01155199113878761	0.07642470248642852	0.1271772759494766	0.01016226606896901	0.01005342940356632	0.01002181556087824	0.5466839815918088	0.2464080367092351	0.1307025811274304	0.2253610416034585	0.162303423151476	0.1033000083662581	0.010054489838985	0.1621513922231902	0.01099290554226129	0.01145951769105958	0.0110835340942243	0.01015981270343231	0.07488906392962071	0.01961576422585184	0.01006685569305416	0.01009105035332606	0.1355902770438951	0.2180905304193186	0.01023439580521492	0.01189793744202348	0.01008819844514261	0.01002924967728232	0.0100619327837677	-0.005898100875383985	0.01859821108721586	-0.01535203719227285	-0.006148281240864552	0.02185563251113783	-0.02590050270612835	-0.01132753447618477	0.009105665555090972	0.00605161756896361	8.075058255552332e-05	-0.005150444268019799	-0.02754427666568016
1.243245614035088	0.0109653591566148	0.01206163747045137	0.01002772330560535	0.01002217010197268	0.01020597975005614	0.01581679624059114	0.01017712067166107	0.03187396285703596	0.1850589168121906	0.09436810649259451	0.01012960305060915	0.01004526124732685	0.01000534919971757	0.01000267817996298	0.0100624229979775	0.01003304834869222	0.01006543541793153	0.01255310278575481	0.01454232463624985	0.01707657026337473	0.01271502602191241	0.03490148632355776	0.04362052666668563	0.01156062738974997	0.1028591918748184	0.01011498439103631	0.01005236498502896	0.1107569432833723	0.1323363520162539	0.1563470111467002	0.125839565980174	0.01000304266150946	0.01002550952392909	0.02474899551930913	0.09563703615549622	0.1475916695472962	0.01003527575847062	0.01009536679490818	0.01003641013380807	0.01006909196836982	0.01001569013837941	0.01000948005371154	0.01002608778254306	0.01005121646103961	0.01001811123101779	0.01001971886091658	0.01002331536721031	0.01483772071796625	0.01026452879769933	0.01034968727344433	0.01065226456009899	0.01130740763968854	0.07722969054885703	0.1240918997467834	0.01010577238540606	0.01003684039301458	0.01001500208014568	0.5412239106588966	0.2411825261074506	0.1242611544868309	0.2227010326553612	0.1593239909877726	0.1000431812193184	0.01003548865628163	0.1625940200350433	0.01070685210332802	0.01120178496351365	0.01006448407146231	0.01175362188289613	0.08874738467775629	0.02327121656171629	0.01005102610903043	0.01006158195129153	0.1360760842909519	0.2166410213969846	0.01015648385437359	0.01167540915880494	0.01034218827366735	0.01113271972784075	0.01045054145117293	0.03854553185673604	0.1522057397275937	0.05222626622996225	0.05217920974733618	-0.01393108608373458	0.004233149380195804	0.03475950742634431	0.000445177849362163	-0.01784083999578909	0.00144665389588197	-0.002084191938644242	0.01241294737246526	-0.0003829711027265242	0.02665273880663551	-0.03962288328892805	0.02015201548808835	-0.06090749805317514	0.1366036843451388	0.0009990895586228796	0.01001996615570263	0.01001676268065594	0.01001483897654148	0.01001209708186419	0.01001281734383242	0.01003035189003127	0.0100039138093826	0.03192503629340288	0.1978955754033844	0.1002835373942078	0.01009402688265242	0.01003243906150463	0.01016847183458262	0.01000426858313092	0.01002725842164215	0.01001458251922649	0.01000674696061896	0.01687506954283253	0.02055142727259528	0.01936524528674103	0.01604216174350532	0.05048828659671934	0.05924777957930719	0.01002218894397454	0.1349050590990189	0.01008306159989103	0.01003742792842538	0.1126563075962177	0.1377912000831669	0.1707261609638858	0.1391624111564028	0.01000435089858531	0.01000996144288968	0.02486237642395525	0.1300214810358568	0.1423838798330975	0.01002524955991242	0.01008884166921984	0.01003334255654413	0.0100639156364435	0.01001266441670807	0.01000789840197462	0.01001802456187	0.01003050061030485	0.01001347136186515	0.01001564903025548	0.01001576638880313	0.0205081373059801	0.01021039132002688	0.01027473460064823	0.01050340095466185	0.01105869012649766	0.1063391349787953	0.1582633153728135	0.01005817443578417	0.01002215268905887	0.01001005730384612	0.5324872328497993	0.2406632796852791	0.1287708664210241	0.2238259361777518	0.1643279311863774	0.1064081148726672	0.01002820790382023	0.2027482152408194	0.01054795776657016	0.01097267284975093	0.01044925192710328	0.01747370124729601	0.1053577503281439	0.03544838559207884	0.01002768554486511	0.01003996989433532	0.1261254447367572	0.2269311445776293	0.0101252560304047	0.01134544839635766	0.01002755895637164	0.01000796913329021	0.01001840243489353	0.007726059893405584	-0.01462677517495998	0.001463445200824648	0.006666092914938302	0.0004915513949388163	0.01204892109564816	-0.00863488188698015	0.009063431800772523	-0.002194483640410847	-0.0008962977179089701	-0.007033822183607429	-0.02772113652404671
1.253157894736842	0.0103949641699189	0.01082036575774947	0.01002394088128664	0.01001940567034009	0.01009262751640538	0.01228670157398836	0.01007491151526739	0.04323124993552634	0.1929043159682331	0.09820054105997995	0.01012724081147825	0.01004430865792047	0.01137346988702355	0.01004727335851221	0.01005141109884588	0.01002706807972283	0.01003254340934489	0.01855156797698004	0.02216026176125994	0.02258065321560909	0.01530095901894949	0.04564719781787022	0.05419603467373295	0.01063924176230398	0.1177233662601257	0.01011268053809013	0.01005114904617019	0.1140176807337356	0.1314440391596448	0.1405721433089384	0.1360305406743813	0.0107396327370929	0.01005792107838405	0.02531863417464382	0.1085743240248665	0.143210473400382	0.01003451973827769	0.01007976227608644	0.01002983879307206	0.01005718097680261	0.01001712973839401	0.01001080720976304	0.01002396584415239	0.01004023024877494	0.01001821398626385	0.01002141391889408	0.01002052136201282	0.02210238133831155	0.01027686442328644	0.01036102721207119	0.01064171979450274	0.01120407910380686	0.1039976986220968	0.1533369350769807	0.01007973127926972	0.01002872112615348	0.01001303281570949	0.5350716028499813	0.2409376725078977	0.1295077830633702	0.2232870597943854	0.1636068020934691	0.1064355475550276	0.01004038334852788	0.193248826118882	0.01069153182922832	0.01112066270752633	0.01460616298056523	0.02694630344944005	0.09828435275992546	0.03524248627366086	0.01003679678200508	0.01005304645332541	0.1281368641048386	0.2234419909234898	0.01016715346466582	0.01148969363614836	0.01014818031938478	0.0104484118859789	0.01018588722797848	0.03985091132892873	0.184102250901718	0.06663997385904646	0.05564593092461765	-0.01345094365178514	0.004778570941000516	0.03507826093910925	0.0004804415528080252	-0.01215495539527301	-0.00114764245103079	-0.003990065971413045	0.01286338006052478	-0.0005397956658188741	0.03812418407996358	-0.03432520592056108	0.02177404728166187	-0.04724117930560894	0.1264673519721477	0.0002425173002893874	0.01003789699577609	0.0100282290299063	0.01003832116113175	0.01003256095717558	0.01003060644176592	0.01005704531322269	0.01001614538547405	0.07532860387421506	0.198471336315622	0.0995247397166029	0.01019226193473879	0.01006749741826032	0.01435503316094155	0.01015075994407814	0.01009778223007735	0.01004983155372871	0.01001912987540574	0.02590984098632642	0.03099294258744886	0.03363991049645843	0.0161865497603299	0.05097209571296577	0.06174772485384612	0.01008034848082063	0.1114292785348275	0.01017053339836121	0.01007786924257017	0.1179374429945687	0.1102131862085131	0.05788773511485687	0.1442051972409105	0.01249822285158162	0.0101655972982681	0.02673496025984965	0.09618602315394252	0.1370190972229556	0.01005262442600282	0.01004421977242193	0.01001476744200134	0.01002984929413805	0.01002690908346435	0.01001742443462729	0.01003409925494108	0.01004954575977612	0.01002763452387756	0.0100339507058634	0.01002786724280848	0.03070701514633713	0.01041947215507495	0.0105424908786943	0.01090847107087343	0.01138039847636388	0.1366079555865893	0.1933803515466832	0.01010264536431077	0.01003531880739245	0.01001740655072434	0.5224916569045949	0.2422833816726456	0.1404736636721409	0.2243866613076754	0.1706301199019963	0.1164854930480919	0.01006756769370112	0.2329033256612366	0.01096369518571849	0.01132614280303289	0.02486691597399143	0.05444412655393501	0.09688073147052262	0.04623166321872917	0.01004069429107043	0.01007221743229801	0.1185897281124466	0.2319102480651839	0.01025909222293477	0.01157797652363617	0.01003742441750823	0.01001049709978558	0.01002462102293429	-0.0004177263382656846	0.01498344424115778	-0.0155844441634528	-0.01204815011536401	0.0234117033865034	-0.02396117496250297	-0.0111079785156354	0.007227413714038984	0.007604389988911403	0.0002088264192911154	-0.009938006481982896	-0.02813366542465737
1.263070175438596	0.01015470109077073	0.01029839732101823	0.01002318289937389	0.01001917783256934	0.0100454566338576	0.01082294236247233	0.01002549187941209	0.06244986657481549	0.2039349743696273	0.1039001861053355	0.01012491644152784	0.01004345628773097	0.01483982777131692	0.01000327718606941	0.01005130607836744	0.01002676550355232	0.01001902191632678	0.02315679091295449	0.02455412392961797	0.02379828248221098	0.01703034017237133	0.04875589465766797	0.0573162928059167	0.01023122833658399	0.1207424635261455	0.0101106031066634	0.01005011899742219	0.1122799462001515	0.127197985386452	0.1002184424196203	0.1427131414101169	0.01000315756081989	0.01001496218017817	0.0257797412273859	0.1055494928602662	0.1384290396832171	0.01003382544440266	0.01005132478957171	0.01001835173268962	0.01003594956861909	0.01001792080754298	0.01001162568349478	0.01002279477623282	0.01003496332240854	0.01001818532404389	0.01002228388133561	0.01001891937067886	0.03020276230222779	0.01028171584473427	0.01036531707535019	0.01063659559267893	0.01114628394007895	0.1298928262613164	0.1822803564017793	0.01006947045644115	0.01002491192926783	0.0100119714329546	0.5257674538743746	0.2394374896287053	0.1341188033189959	0.2233428977273854	0.1677286386083044	0.1127228734755395	0.01004274997566681	0.2245048889407345	0.01068415508914252	0.01107598898409438	0.0237923788399463	0.06171722004027536	0.1086755553452137	0.04659233689051945	0.01002974101338395	0.01004834117560674	0.1226880212107218	0.2299427242088345	0.0101714414794428	0.01138864679627214	0.01006786553024629	0.01016005263465962	0.01007522717476	0.03814543671667841	0.203253114302433	0.08178269993525784	0.06026670150359373	-0.01378957696529399	0.004997420008245767	0.0358949780710933	0.0004889707119651703	-0.004585713695755447	-0.00339723542878862	-0.005526080176618749	0.01421284454212296	-0.0006494302808086977	0.05435710191976682	-0.04036652679641293	0.01254687392792624	-0.03018761099619582	0.1226082077707174	-0.0001543322859333863	0.01002379258614005	0.01001796669480248	0.01001568693795258	0.01001288339394892	0.01001718640060091	0.01003234566661691	0.01000614503278351	0.07757160572713424	0.2254550391530484	0.1140362795328076	0.01008779237668771	0.01003011679677263	0.01900845099638724	0.01003483029351165	0.01002894458844416	0.01001558106409645	0.01000910610982978	0.02560644669374344	0.02295390295255094	0.01928068104298943	0.01882814088820766	0.04975005620149004	0.05710387514905594	0.01003670483868776	0.1273831811604192	0.01007752864611581	0.01003467485375142	0.1056799350357849	0.1290166363941603	0.06862421645346535	0.149699770464307	0.01000779515503039	0.01001842699853786	0.02566455855493266	0.102985762596165	0.132354960882004	0.01002335792788782	0.01003124438916845	0.01001066080126649	0.01002140849517444	0.01001458255279184	0.0100098807452861	0.01001605826331165	0.01002272964369496	0.0100136108067115	0.01001774183857471	0.01001293208311302	0.0383764759638302	0.01021701137429088	0.01028040778278576	0.01049623147350606	0.01098151055383035	0.1614104600167489	0.2202643435231801	0.01004235979328317	0.01001598083142019	0.0100082176663887	0.5033949861548846	0.2341329913604536	0.136412238043691	0.2220614407660432	0.1718111470564498	0.118620204480755	0.01003418171610116	0.2710185966985284	0.01053823365199059	0.01091442255511917	0.03391853242101309	0.1054008400471463	0.1282894759952838	0.05893145598412333	0.01001796088776049	0.01003202950193144	0.1178893389988025	0.2390670115842222	0.01013135922401891	0.01120948100486714	0.01001847491824183	0.01000450693758381	0.01001193930227855	0.006010349548122583	-0.01452138205021185	0.002019599436042389	0.01208784014465327	0.0002776449638420012	0.0143876677553323	-0.008956919056283735	0.005832420979948624	-0.000520741796044111	-0.000842927520194327	-0.0130308305746447	-0.02864147089847605
1.272982456140351	0.01008683664959555	0.01013584246209764	0.01002571757863062	0.01002147946313444	0.01003802756900211	0.01035499581031062	0.01007259884407039	0.08235719287586662	0.2184932108906187	0.1116034668659642	0.01011760690437129	0.01004055576000303	0.02051635416799062	0.01056513822429606	0.01005521383360847	0.01002908826909209	0.01001840353604954	0.02465404735865631	0.02385000711100245	0.02181719033316289	0.01742800155273861	0.04697344228948665	0.0549086037614721	0.01032821142380994	0.1169572946452784	0.0101039683611938	0.01004671591298095	0.105662789889166	0.1204733768722163	0.06673571942162933	0.1441249465899589	0.01730754779856089	0.01046493845507729	0.0258183036251314	0.09157891189521825	0.1335208299890268	0.01003148855220464	0.01003816576379466	0.01001329014122758	0.01002633830589458	0.01002033332805808	0.01001395155386767	0.01002179642301456	0.01003020348237556	0.0100188858488445	0.01002501990949434	0.0100174300519555	0.03879502945963072	0.01028453808814234	0.01036775926587845	0.01063358325655345	0.01112163050615448	0.1561631137336285	0.2116044785241896	0.01005653055686999	0.01002084051970151	0.01001084689650517	0.510000196693695	0.2342810986959413	0.1359044562801136	0.2210243936923985	0.1700547012160765	0.1174823365172149	0.01005153686575775	0.2558295563142966	0.01068072129553385	0.01105849349986113	0.03889270661350949	0.1016644594406592	0.1195401132922055	0.05752863300272626	0.01002466783868718	0.01004426142180506	0.119106271273696	0.2344949106152733	0.01017416070012145	0.01134154350676432	0.01003951538573176	0.01006596684237243	0.01003798633521319	0.05491856926194728	0.2168326956403069	0.09564035922867262	0.06369885836412244	-0.01689979238031574	0.004468151338761874	0.03696572379249435	0.0004483237683203675	0.002671472722803057	-0.003419957083911497	-0.006076471228862642	0.01639383697266256	-0.0006856997221526193	0.0443372879074633	-0.04011866515685984	0.01265299452236093	-0.01919940934933052	0.1263675003294557	0.005835217194718576	0.01006613956128843	0.01004587831969548	0.01004651564645957	0.01003956495708689	0.01005347952940408	0.01007926328967184	0.01020199611188355	0.118792022536081	0.2342981502760851	0.1178133167330748	0.01017290820243625	0.01005975213679509	0.02798512384639992	0.01185111993683646	0.01010940711335368	0.01005696893217087	0.01003013978081422	0.02584566443741648	0.02647571737298043	0.02644366848939974	0.01567362178611327	0.04190193161359256	0.05049952649234805	0.01075482784037616	0.09398550794577518	0.01015293600302281	0.01006881035749146	0.09782213471294367	0.09351378582697892	0.01006879889110004	0.1389101939519292	0.03503081520535945	0.01153439110375904	0.02638001998869542	0.05391642062893962	0.1271081026310633	0.01004639148802992	0.01003240671417576	0.01001074294094092	0.01002165744660357	0.01003327308205885	0.01002350682376432	0.01003226642242844	0.01004050716619274	0.01002972764098962	0.0100411939438536	0.01002499549032717	0.04877274158525427	0.01042319095794222	0.01054562169857794	0.01090445112245253	0.01136268215380962	0.1927594630006574	0.2562104979119267	0.01007422133471128	0.01002692701220642	0.0100150975214731	0.4739581569912516	0.2249753876063372	0.1398564275984481	0.2153256094088046	0.1723607346585377	0.1239969273792924	0.01009123628665725	0.2989426019798533	0.01096057401695138	0.01131704641062959	0.06209497420279562	0.1460975973644472	0.1192448744608013	0.06818043595714926	0.01003242952305304	0.01006465129505557	0.1142975721327765	0.2374154932136275	0.01026304214801938	0.01153528085018207	0.01003007814206824	0.01000719752382469	0.01001988918442735	0.002907362247906711	0.01349033135601212	-0.01664867280363116	-0.0150152952699344	0.02572164901525927	-0.02257290622715461	-0.01148994522798285	0.006697893509913101	0.008429458771047248	0.0002213165113866392	-0.0151997673616657	-0.02926842460074804
1.282894736842105	0.01005842636746902	0.01005360291994133	0.01002795871868584	0.01002407736199777	0.01003526214488962	0.01013171526530176	0.01002743270341628	0.1012592811156346	0.2345248117513913	0.1204071646774607	0.01011205140735543	0.01003844623671318	0.02637643991902688	0.01226341623686559	0.01006072541540172	0.01003170685220356	0.01001838469166597	0.01979552377385268	0.0191798530448232	0.01837232749135629	0.01593792017149809	0.03980163774987009	0.04582316706550738	0.01016592566963421	0.1081062441849484	0.01009905431983894	0.01004429990174937	0.0876879497894858	0.1117400685280471	0.03204895244902867	0.1394166503588636	0.02921819952180732	0.01062750209667306	0.02508597476395746	0.06938948988776718	0.1289703670166991	0.01002979777918115	0.01002853040213698	0.01000970894205897	0.01001942039799756	0.01002404573634946	0.01001851838409273	0.01002143991760074	0.01002730808185596	0.01002001576623565	0.01002886249927179	0.0100163272644643	0.04846371880154419	0.01028832879051318	0.01037102051972695	0.01062995539513133	0.01108674108612282	0.1839939710811082	0.2428657354524938	0.01004894787447546	0.01001822619702882	0.01001017152308818	0.4865619932261056	0.2248156533442237	0.1355525710306543	0.2159779755157843	0.1710905397980161	0.1219907807449669	0.01006339191013046	0.2899339006279187	0.01067579231415425	0.01103173265974227	0.05996837295332138	0.1489998330518907	0.1336322998910488	0.06965466597671215	0.01002105473858482	0.01004116359568418	0.1161659857510012	0.2378940441254243	0.01017767977591615	0.01128320209379377	0.01002645756793401	0.01002597718098986	0.01002177041375154	0.06019249075829321	0.2258915139413848	0.1064004479821476	0.06944885286715385	-0.02246623364224309	0.003480306196719994	0.039175881606698	0.000375974439044757	0.01257933207619001	-0.001399883896053161	-0.0057492144210098	0.01989378439218521	-0.0006601521960775025	0.05780728253247026	-0.03844582175322239	0.02298515274345915	-0.01602582313869959	0.1424949635636477	0.02315761711444791	0.01004948283661737	0.01004202418768169	0.01002270850171043	0.01001943538338801	0.0100290824991724	0.01005773211668669	0.01002950938589437	0.1112320722005777	0.2610623499640467	0.1333677453181328	0.01007579378031244	0.01002557808851602	0.03120545466306252	0.01426998893756748	0.01003732875867502	0.01002029370712469	0.01001357669445135	0.01141119052684941	0.01029945416142473	0.01014240713815922	0.01438125155638176	0.02949839754414936	0.03155919808056133	0.01133160187971408	0.1028642360296324	0.01006696591007079	0.01002950798856144	0.05972615951353064	0.1128362688876253	0.01003859535340047	0.1314702238993247	0.04126195804404911	0.01158302710918885	0.0237707687257016	0.04991684794735719	0.1239594620702854	0.01001972157985046	0.01001960770165062	0.01000658743293922	0.01001327016005894	0.010023401831958	0.01002077038296215	0.01001560566146432	0.01001782294222895	0.01001632225314393	0.01002688660918865	0.01001092369866088	0.05884703742369055	0.01022345546089499	0.01028587961745927	0.01048981525062696	0.01092174394199337	0.2215668370945985	0.2884778722865278	0.01002889026140369	0.0100113272742029	0.01000701268115731	0.4407016236922537	0.2091022683459915	0.1331146261760434	0.2081271721397872	0.1721299514751861	0.1271378252853348	0.01006400898059025	0.3464173195912689	0.01052974559221198	0.01086900581144813	0.08238376579358755	0.2161333317719798	0.1602898569583009	0.084404310551983	0.01001199764400515	0.01002641058946646	0.113786394597505	0.2439877086526452	0.01013743024714603	0.01111088536163643	0.010013673783754	0.01000344263489965	0.01000951934840895	0.003579638532207066	-0.01300659535902439	0.003590523632118801	0.01790620696812426	0.0007899345952761728	0.01678764638240763	-0.008429760254716978	0.002374064293387962	0.001181244001322782	-0.0008258786229948112	-0.01676672221751365	-0.03012409248895474
1.29280701754386	0.01012130666824374	0.01023271050547712	0.01003788622105666	0.01002915089797486	0.01005543611416132	0.01037917788914234	0.0105273089039518	0.1040664717940328	0.2496609746086118	0.1288098430141051	0.01010450816230491	0.0100355727923816	0.03105802622675227	0.01459832478027721	0.01004835466113761	0.0100289869769744	0.01002283026809388	0.01289032864258011	0.0121442126178099	0.01176487907668997	0.0135611639785443	0.02681831298243891	0.02943669346912926	0.01663541665401029	0.09746602977759931	0.01009241650540802	0.01004101061682126	0.06818203035440655	0.1153131103749128	0.01850712813100107	0.1298258426938896	0.05263054607248981	0.01592362291745461	0.02465663462755911	0.0463926699182189	0.1254968232361007	0.01002747863680653	0.01002826623437364	0.01000957488681988	0.01001916017004244	0.01002939639056861	0.01002453761920579	0.01002076282112014	0.01002399928939359	0.01002145628879439	0.01003473246744479	0.01001518837764049	0.05815949042482508	0.01028764899994774	0.01037026944864128	0.01062881790749988	0.01107910522565437	0.2118053599827741	0.2744350063153623	0.01004084325687928	0.01001547210353906	0.01000930617962629	0.4626066186130312	0.2156744853695041	0.1358485830746624	0.2111631013073266	0.1724840422616148	0.126784036249063	0.01008811689497858	0.3238515134357106	0.01067536640580818	0.01102855975867891	0.08111185504184266	0.1963730667734633	0.1475695611247532	0.08145482254372544	0.01001787430756981	0.010037944871582	0.1152479771501687	0.2416080577283411	0.0101772843643247	0.01126616369443916	0.01001991009264099	0.01001284145177625	0.01001542821199118	0.07711905662303188	0.2140371090310823	0.1127017380011264	0.07406130553085249	-0.0287783025907418	0.002179083473033448	0.04168473544823246	0.0002835328764109113	0.02203511152095861	0.0008487407209712787	-0.004942809761941094	0.0240262095838777	-0.0005946174712863769	0.05781592934546785	-0.02404083393238579	0.02090515607873982	-0.02752063120182996	0.1677714058221021	0.04334777506716912	0.01027858099180856	0.01065236589543489	0.01007366674262629	0.01005206200087947	0.0101156028307283	0.01102174351948558	0.01172042923317978	0.1036844401693541	0.2634324285196278	0.1342086822585118	0.0101559329210763	0.01005327996884502	0.03630268271977877	0.01715237397268471	0.01006769098154366	0.01004646235944082	0.01004326820416877	0.01002890791042778	0.01005958257137878	0.01008705811258681	0.01007912837553675	0.01014829544932744	0.01031842784125197	0.03019609903082153	0.07105575962049565	0.01013802263605141	0.01006140263140173	0.05747753709774959	0.1186749160243629	0.01005636563085315	0.112497110948619	0.09653610231763811	0.02715312801598966	0.02582910314026068	0.01037712553986181	0.1218471651453284	0.01004115668094353	0.01004077286948697	0.01001374632680639	0.01002745573288412	0.01004552953438836	0.01003692398937869	0.0100306079382412	0.01003349709370973	0.01003290353751799	0.01005485848668862	0.01002268341953612	0.0686347725336148	0.01041758454411849	0.010540306705184	0.01090454318948761	0.01137338618793809	0.2513747261552869	0.3234396984113469	0.01005751609655159	0.0100212861033316	0.01001318653173776	0.4256464305683741	0.2075064228061977	0.1414362625972318	0.206191011044768	0.1757553198335519	0.1341127515758939	0.01015290754259281	0.3695067290324719	0.01096400528673722	0.01133317924529622	0.1066574770543126	0.2481738052259259	0.1468610353980909	0.09190196130909491	0.01002647918125465	0.01005809881742174	0.1154064963862394	0.245477419335853	0.01025853424622056	0.01154061453496519	0.01002316256014636	0.01000642039802818	0.01001657671074114	0.003373093652032281	0.01460854658087864	-0.01047457393319075	-0.01519274522972831	0.0298012392472929	-0.01817934801709052	-0.009674689290143713	0.00213026694056405	0.01007417127217161	0.0002801334391398033	-0.01946357546038912	-0.03112856594973573
1.302719298245614	0.01352701667553143	0.02427558749540518	0.01004725013817466	0.01003162700684359	0.01008916412467582	0.02257231528884935	0.02025616295869738	0.1058006036197466	0.2595029908731145	0.1342851030098176	0.01010054797503983	0.01003409392644634	0.03492076086237976	0.01695402919777069	0.01004222826077853	0.01002810578232131	0.01002745201895673	0.01101950383887323	0.01076863183634716	0.01064589495578401	0.01127370380654445	0.01610302850786886	0.01713240397125949	0.03165637307106439	0.08151383027330443	0.01008900015449425	0.01003936527213957	0.0567203728615231	0.1269432906005262	0.01303315892714498	0.1234911762522607	0.07763502837154046	0.02445368129232948	0.02396036276749885	0.02373343683134362	0.123906479481711	0.01002629345431731	0.01002836410181642	0.01000958051755521	0.01001916095664033	0.01003917608451145	0.0100794733443188	0.01002042019257416	0.01002215055388027	0.01002291429833909	0.01004338659461723	0.01001439304924166	0.06764763306724692	0.01028720756748712	0.01036992095254124	0.01062842895627092	0.01108482630929932	0.2383729791456992	0.3056134730585801	0.01003655140355433	0.01001389685939086	0.01000877055228487	0.4388145940272679	0.2063051114358956	0.1359522265974817	0.2068083962245872	0.1743110772217164	0.1319112776797153	0.01015952823313296	0.3572140907337666	0.01067601341672041	0.01103689036246028	0.1023375702041141	0.2410527446196431	0.1605964456689965	0.09283669590102743	0.01001611444108497	0.01003589944082621	0.1170736341678636	0.2458301261807046	0.01017697081031278	0.01127068845900261	0.01001653757931962	0.01000726327497686	0.01001229223069397	0.09539158168497176	0.1963454458573227	0.1153805332814835	0.07891222960800577	-0.03588150711350763	0.0007163829144679866	0.04457049406066545	0.0001781187705548698	0.0311760347115145	0.003689990961996675	-0.003681723037512049	0.02847372585657883	-0.0004964161285327908	0.06212740974059977	-0.01679841399006136	0.02250122827454256	-0.0497247703759723	0.2033068373708235	0.07149297409218926	0.01854631722650243	0.04641417310834824	0.01004180286768736	0.01002330202647485	0.01010558653347455	0.04028703926275916	0.03794496539429269	0.1102660588009895	0.2724658969531437	0.1409486319034088	0.01006929294663593	0.01002317957307569	0.03799243969064676	0.01911239113570097	0.01002359040025165	0.01001752801937052	0.0100230216721988	0.01000875866625834	0.01001791363864628	0.01002651146355651	0.01002473207177429	0.01003687649446063	0.01005758937589487	0.04685077977599979	0.07006547204833852	0.0100614556663182	0.01002688897753215	0.04381674904804198	0.1471590807183977	0.01002865671634952	0.1217006072677035	0.09723124300860948	0.03189968951939865	0.02244797034644229	0.01007074805916687	0.123617256019137	0.01001779575665283	0.01002135253683271	0.01000721156675455	0.01001444020481145	0.01004621187757747	0.01015287436860789	0.01001499110049915	0.01001466997869429	0.01001946187216833	0.01004695244551327	0.0100095240940013	0.07782836570477024	0.010218982461162	0.01028192634753597	0.01049137147221299	0.0109568937147625	0.275017680096351	0.3528738512502777	0.01002188512181285	0.01000868281958793	0.01000604078368527	0.3963769541100016	0.1912856496596694	0.1335484759327652	0.2004957035500439	0.1764151374487541	0.13772613429158	0.01025659089150018	0.4145869184170355	0.01053496380288267	0.01090647834621297	0.126016933991831	0.3096026561354832	0.1856509424698176	0.107042337466128	0.01000929094797896	0.01002289312871832	0.1215489874462709	0.2532919646582505	0.01013365393104904	0.01115718335850172	0.01001014505079206	0.01000322513289534	0.01000739528541009	0.002794189883835199	-0.01036523676236172	-0.0003255562090092526	0.01758402176126101	0.0008407495394541571	0.01854004826736187	-0.008460165683612311	-0.0001641814751826036	0.00282826396944745	-0.0008566361194683907	-0.02227820608498659	-0.03213363255368833
1.312631578947368	0.01724950256050851	0.0427946755403012	0.01005150140480621	0.01003209590320447	0.010111387725471	0.03350223089618126	0.04493277563957657	0.1113932698570497	0.2635464182343495	0.1367204357172689	0.01009760292090168	0.01003303008935531	0.03770129303946895	0.01906504149246652	0.01003604561511489	0.01002495934331053	0.01002810273304885	0.01040773221566924	0.01031692819844908	0.01027521302528523	0.01052147345340789	0.01240204042105743	0.0128063423606307	0.04317311081313506	0.07666416057764473	0.0100866235446289	0.0100382329303778	0.04741857771127339	0.1393743792870892	0.01120346517627703	0.1217072716603316	0.1035043174994397	0.03403477213290566	0.02376694385345896	0.01534398674381057	0.1250468101978138	0.01002541141833934	0.01002476264724622	0.01000838982426857	0.01001680528579532	0.01005226335268157	0.01013145128687376	0.01002005428470996	0.01002018210583812	0.01002494640881087	0.01005605353289107	0.01001376670693074	0.07605165136862511	0.0102760565233394	0.01035946441976766	0.01063369187590887	0.0111348865789362	0.2622182673500865	0.3348422113609767	0.01003203052136992	0.01001230370012594	0.01000820772937768	0.4194334880225566	0.1988965073126526	0.1366754999684409	0.2035709644233378	0.1763387812488769	0.1365988829418503	0.0103336948068177	0.3873404036951976	0.01068620063587674	0.01108493251046579	0.1206243512612314	0.2806405852443648	0.1707465146148985	0.1028089872308705	0.01001456598855626	0.01003410349008011	0.1228411579173327	0.2502462659116726	0.01016749476791452	0.01134514823755914	0.01001383675699619	0.01000540150878078	0.01001022938620314	0.1242409869302155	0.1763349930455811	0.1155896214564958	0.08277095667272512	-0.04290245100735307	-0.0007238853825937041	0.04754429141342025	7.431410746408351e-05	0.03868855642427939	0.005903718087021248	-0.002409412778003616	0.03299513234536688	-0.000388918608706777	0.05745366202869235	-0.0002205648825026856	0.02706949183532696	-0.08853767663398948	0.2403034760764071	0.1027077309946581	0.0180383253420904	0.05268014872477416	0.01007731733973152	0.01005109483351033	0.01014913429600236	0.03157427429769278	0.077812594138903	0.1203468894372376	0.2600972840026825	0.1345000746221243	0.01015100580608884	0.01005154611467108	0.04077370840847523	0.02115994592258815	0.01005527181600042	0.0100380193891716	0.01004080089610928	0.01002140418350691	0.01004439598943862	0.01006343041821868	0.01006326616419419	0.01009065188278694	0.01014148946015	0.05023192645006016	0.07653102433645949	0.01013425592260356	0.01005962474394787	0.0417909223258131	0.1449115017140228	0.01003638943695105	0.1158658930055727	0.1541790094755142	0.04793355698706536	0.0259507941457146	0.01016927794473613	0.128176013178202	0.01003968026472279	0.01003005883371902	0.0100102295775278	0.01002050790913861	0.01007484446339238	0.01013807411097907	0.010029854013461	0.01002944650225105	0.01003751272455108	0.01008400236563287	0.01002159108899115	0.0844736392356861	0.0103851036196691	0.01050978205675013	0.01092045146845852	0.01151586854167137	0.2961415961437301	0.3805896623292999	0.01004825663657142	0.01001808274267647	0.01001203506723592	0.3987628989235605	0.1963612385366035	0.1438373040658568	0.2017746706626412	0.1801685248162787	0.1429385251348508	0.01059892780174673	0.4246317222605535	0.01099346990180091	0.01146720004780699	0.1409098918213331	0.3224858357832088	0.1623267607363381	0.1103357116341171	0.010023582858788	0.01005474353921059	0.1327380475054214	0.2547302164189008	0.01023087897467417	0.01175641567581221	0.01001839834994838	0.01000622396250884	0.01001346946902473	0.004567907238111187	0.01812444745818469	-0.01949227950034581	-0.01631986302715193	0.03355624617578451	-0.01188909132799891	-0.007145945473571763	-0.004236536919345398	0.01225509397403155	0.0003362093109304359	-0.02441828641151272	-0.03319054139418606
1.322543859649123	0.02458094816271431	0.05631878708849571	0.01005488053632824	0.01003264266755968	0.01014127652433077	0.04129668036213457	0.06752895065771344	0.1196939767501708	0.2587393749318156	0.1340811253630211	0.01009691896298336	0.01003274040896627	0.03917145971779843	0.02060019859330413	0.01003391412378358	0.01002405734785668	0.01002899448716562	0.010148097327724	0.01012096474363076	0.0101186927498624	0.01020078573907443	0.01079215745325079	0.01091611390940537	0.04970088567395561	0.0774048852629633	0.01008614781169321	0.01003799509875588	0.04370147353385527	0.1502009911136221	0.01043615416408742	0.1233369579818313	0.1357280813363917	0.04300276903315162	0.02352535615285398	0.01175410292918482	0.1293740154155283	0.010025170502019	0.01002291135507483	0.0100077753958518	0.01001558025055638	0.01005739719737099	0.01598212239947958	0.01001954186627819	0.0100192374756932	0.01002503690777324	0.01006001609696453	0.01001337241175307	0.08231028149808407	0.01026556430760258	0.01035012327506039	0.01064155299477696	0.01125700817205407	0.281331315445723	0.3604400375496178	0.01003019531973554	0.01001158668330382	0.01000784782996018	0.4124002338219915	0.1973043103824166	0.1389981505147143	0.205374544102873	0.1806720248937743	0.1415758883476818	0.010801188447512	0.4132601628717463	0.01070211719957542	0.01119789518275073	0.1322476588610734	0.3098152202830737	0.1770134431169057	0.1102119408499305	0.01001401022690381	0.01003324833201672	0.1338107050568977	0.2571355181164892	0.01015863109625386	0.01152894878059773	0.01001264842279033	0.0100045582412593	0.01000930235643115	0.154343347341263	0.1552247964250542	0.1155104939311999	0.08661739659987203	-0.0478576208604266	-0.001644191120981455	0.0505737462285931	6.317067314728358e-06	0.04435590268474687	0.005649560525883474	-0.001812294748880085	0.03713827943680126	-0.0003057709400142228	0.05587072384392913	0.01461665248307008	0.02439924562847862	-0.1393462353254529	0.2733450691121072	0.1294935933802081	0.03343626604356502	0.06971930466768175	0.01004433077506852	0.01002290906530705	0.01015569579023085	0.05188341936481407	0.08664804410698078	0.1326320069536074	0.2468090969993885	0.1289233673666156	0.01007040586253347	0.01002353580932073	0.03963103352126975	0.02171227654861485	0.01002099268450497	0.010015747867234	0.01002272279717152	0.01000903454778454	0.01001852865707029	0.0100265607391478	0.01002646763872238	0.01003644578878505	0.01005271105858787	0.05560978956048953	0.08161586727849238	0.01006275315696512	0.01002751355377956	0.04177948054348821	0.1685009743917521	0.01002109147241085	0.1312016572514513	0.171423808298713	0.0506408644254201	0.02219516627054331	0.01005601269288818	0.1369614438289034	0.01001805379845494	0.01001684118110704	0.01000572594361617	0.01001147063446002	0.01005389716601283	0.02386913634700086	0.01001383693840928	0.0100131916454357	0.01001883443661792	0.01005203445545563	0.01000888177908685	0.08840976225177509	0.01019295386424464	0.01025835448914647	0.01051150109511869	0.01126460630622855	0.3065616549994877	0.3992343427416472	0.01001924958124681	0.01000761937488371	0.01000538882638979	0.4074046713604115	0.1959501703321216	0.139636582802814	0.2107144455893615	0.1876217272244006	0.1476113970977583	0.01146781651289798	0.4597625400042237	0.01057478221668241	0.01118924011452537	0.1422884806457513	0.3548979373955233	0.1932584901737582	0.1193747649039453	0.01000872424329003	0.01002164617582507	0.1507211241077474	0.27056226762697	0.0101118873839845	0.01162615755603058	0.01000863580598928	0.01000300499350353	0.01000634451894324	0.002648742250434271	-0.01055443486047004	0.001919517849373386	0.01958632181054406	-0.0002138855069424702	0.01909492520532934	-0.008785136257437499	-0.001465072260300195	0.004016759818808827	-0.0009762193158743791	-0.0259722863146565	-0.03422925275586935
1.332456140350877	0.0245957547060648	0.05685380663620766	0.01004766391107975	0.01002894799059123	0.01012845071352623	0.03892244187641486	0.0856274912890984	0.1351306297549166	0.2463350454771258	0.1273994047120353	0.01010111216892547	0.01003440809562493	0.03947581342962862	0.0215736594788947	0.01003099286442752	0.01002126361450885	0.0100248534522107	0.01008366272904401	0.01012158502992169	0.01008890309077991	0.0101499715720448	0.01103213398035497	0.01140269077688007	0.05252908470500579	0.08830712021964107	0.01009025683336266	0.01004006415344127	0.0444536306004723	0.161462058959618	0.01018330481831334	0.1311687835536617	0.1731807939416741	0.05407350643347067	0.02378655324737334	0.01229232440520255	0.1370800897610735	0.01002644784653504	0.01001812197196249	0.01000621107763358	0.01001243613189934	0.01006370212870618	0.01865302866959661	0.01001879958181518	0.0100181583612987	0.0100249156302986	0.01006479907621512	0.01001296964703629	0.08719380112562072	0.01024382563109334	0.01032870209708789	0.01065690531411106	0.01145723936024613	0.2969056027470147	0.3833328179815462	0.01002774481315113	0.01001074790974478	0.01000740894470294	0.4120425360425347	0.1977100950527197	0.1407224055810705	0.2090326715826706	0.185234105353876	0.1456541265344036	0.01173883963055557	0.4363281717525766	0.01073035949435185	0.01138014932090274	0.1391396240402802	0.3331970124794004	0.1813626422969514	0.1161753214887629	0.01001359755151067	0.01003226180380646	0.1487768170435908	0.2647204152067778	0.01014118754673868	0.01184867071573066	0.01001148172249493	0.01000408700885504	0.01000844639698072	0.186120934014628	0.1458174537370329	0.117821722868071	0.09042333833174376	-0.05074458204971001	-0.001997985689333811	0.0534595635484149	-2.326378162240517e-05	0.04720081056147023	0.002911649790759471	-0.002015370979100869	0.04049588178677471	-0.0002562956888710574	0.05306689040061292	0.02938297335697007	0.02571200357359535	-0.1990018777900325	0.2960041772197524	0.1490078335563128	0.01059547435906051	0.03877441941237392	0.01005282642635353	0.01003967972541099	0.0100829246477798	0.01566791486877274	0.1111056166160779	0.1624200116736574	0.2204887424985381	0.11513094752812	0.01016402304648948	0.01005673935553852	0.04012149558510876	0.0225549655700631	0.01004867949756974	0.01003063639667388	0.01002774210822321	0.01007819284866463	0.01023245410261915	0.01012427763751887	0.01021839632811813	0.01234393176024866	0.01339651132605817	0.0517676130869715	0.1117029040230626	0.01014682694575328	0.01006595254550179	0.04832536354074127	0.1683392645302609	0.01002252462654847	0.1407785192906184	0.2439079795630466	0.07314914094962617	0.02698414539919453	0.01525137904838608	0.1488196932605671	0.01004367597656148	0.01001769152301157	0.01000619946312809	0.01001239832858234	0.01008856656725224	0.01232284040649908	0.01002815125776312	0.01002716059742797	0.01003706917231703	0.01009434765802569	0.01002077750802981	0.09262402794957134	0.01033093449905462	0.01045544925169696	0.0109583029445442	0.01199133539046858	0.3211108518560937	0.4219062591681881	0.0100427714794578	0.01001628962370491	0.01001108233023181	0.4144469345586197	0.2007218587099883	0.1464092071801201	0.2124467306327088	0.1897368149012995	0.1497821371178449	0.01292532551426311	0.4650000565836928	0.01106172542973524	0.0118982294670005	0.1480772414567262	0.3586305486193395	0.1676026100572485	0.120372408548491	0.01002289328556857	0.01005264571308808	0.169399636791338	0.2713737146203416	0.01018784102204406	0.0125266135296095	0.01001608545790238	0.01000563456421516	0.01001182498622331	0.005465145110979569	0.0210574587935952	-0.02772236664689375	-0.01830205338495551	0.03531732029743057	-0.00795155008773437	-0.007496797185958644	-0.006010330837750727	0.01331657504998837	0.00026355690705826	-0.02752922412238223	-0.03520440297043829
1.342368421052631	0.0155347751652474	0.04539682958286027	0.01004108046336621	0.01002702256922216	0.01008860524696262	0.02742423841211546	0.09761138596832934	0.1546191422386848	0.2269977246314617	0.1168762959890488	0.01010450244230408	0.01003557463623585	0.03869917536709597	0.02178623031974342	0.01002959570251333	0.01001993612546998	0.01002144585038966	0.01001386834193919	0.01001983112345575	0.01004229159644832	0.01004843876929263	0.01004595228654979	0.01006865917404109	0.05156442858840837	0.1050886313858437	0.01009336540710996	0.01004151847484058	0.05419034620867774	0.1719697356541077	0.01007541430764602	0.1433880041547139	0.2141817812906188	0.06481885823943168	0.02413070805654287	0.01013871113118201	0.1478996628655234	0.01002736582621919	0.01001480922767649	0.01000512788225465	0.01001026440238724	0.01006300315092129	0.01592082463794977	0.01001836608662772	0.01001766091479366	0.01002448060981122	0.01006421718921113	0.01001281589325374	0.09063958065013498	0.01022926134188624	0.01031463669738068	0.01067222184368011	0.01178510474603385	0.3090665172216687	0.4035133815053566	0.01002668677241002	0.01001036307756607	0.01000718028851084	0.4192788457336579	0.200295704200002	0.1413839192314534	0.2151888048267939	0.1902332808059669	0.1487365098717471	0.01202888239969049	0.4563558073620637	0.01076284840667926	0.01167778025673096	0.1405086702572764	0.3500434886281509	0.1844859335272024	0.1204388310131936	0.01001351400420231	0.01003201026655986	0.1671258098479928	0.273185632497052	0.01012999192209566	0.01238008526141073	0.01001090854287091	0.01000384206546504	0.01000802105770808	0.2183196621355876	0.1427676237720115	0.1234177292654967	0.09331938127230459	-0.05006592370259465	-0.001594050262853924	0.05567547488858286	-1.772298507418676e-06	0.04588703662974637	-0.003328466387902167	-0.003315524342337175	0.0423438897418054	-0.0002567910995530834	0.04081368009739475	0.0358958019470208	0.01750728140348744	-0.259984568201975	0.3024244845266197	0.1515704012533021	0.01036900182548509	0.035371674279071	0.01002796021723521	0.01001797710676991	0.01005572311346935	0.02255979408148474	0.104827936274884	0.1805180397528994	0.1959649779695765	0.1028107191382404	0.01008031244860588	0.01002711119097585	0.0370073927119664	0.02157651866738497	0.01001911943501907	0.01001320553559386	0.010014674661221	0.01001629020143711	0.01003247344044742	0.01003272843430101	0.0100459206980569	0.01011481714517225	0.0102267765337598	0.04856369025499817	0.1243778719857654	0.01007180674622768	0.01003186290453612	0.07391863091978083	0.1887449108008732	0.01001516235364755	0.1642344780604126	0.2635955789914793	0.07289287443813428	0.02310180799955745	0.01028028961939	0.1636262171463792	0.0100208766453298	0.01001004863625689	0.0100035071836536	0.01000701551318175	0.01004772944797546	0.01527274427330772	0.01001292330686333	0.01001240568463654	0.01001741173951047	0.01004674853976067	0.01000863608748338	0.09345127858829808	0.01016234658417577	0.01022819325131393	0.0105459928345084	0.01204433464587325	0.3240815614725943	0.4341697839751485	0.01001747527147807	0.01000700360502465	0.01000497507346296	0.4401022750686168	0.2049867079389059	0.139472270975163	0.2275223651069291	0.1984553297919055	0.1523201003336292	0.01161323130617287	0.4940416519047994	0.01064797815723888	0.01189828268041487	0.1367648187975097	0.3761905923377166	0.1980075979255055	0.1257413882998851	0.01000878366105577	0.01002131537959501	0.1939864962398097	0.2896479665229955	0.0100889221191323	0.0128807814267478	0.01000779829245176	0.01000272727851786	0.0100057323183131	0.003270105387271521	-0.01276200797705085	0.006439296950787381	0.02451947675227613	-0.002547319766031376	0.01905808782974388	-0.009127043165695204	-0.00194978079550456	0.004849180661629141	-0.001170844874697903	-0.02900855261883599	-0.03597436076252931
1.352280701754386	0.0122627473362095	0.03171627911073339	0.01003074238636232	0.01002154698694096	0.01005948032277472	0.02138777936545447	0.106396389828464	0.1802156483651885	0.2027762651615555	0.1038661948788461	0.01011736832851062	0.01004083287440554	0.0373394152443811	0.02184432821185042	0.01002987918899411	0.01001818314364005	0.01001661983862774	0.01036155748759196	0.01080796285395802	0.01030868527977262	0.01068615136852216	0.01794499318647595	0.02146586746799684	0.04381495901394661	0.1261273063907981	0.01010542801611342	0.0100477446821765	0.08591310182473803	0.1801271563317527	0.01003778506873797	0.1629206917404125	0.2552073367663777	0.07564479651740488	0.02467583897440744	0.02752700738363729	0.1612390824350883	0.01003149749168146	0.01001094953329314	0.01000386766382388	0.01000771014742127	0.01005483635854472	0.01425584498952855	0.01001738565034788	0.01001705288651075	0.01002258370346172	0.01005606885523136	0.01001245232698437	0.09245001608595091	0.01020624078807539	0.01029033081567021	0.01069597055579904	0.0122972233281368	0.3174573566984756	0.4204481477747307	0.01002500695174605	0.01000987121932494	0.01000681093089541	0.4341655732902466	0.2051946378052119	0.141013701473478	0.2240342843769702	0.1958149964446877	0.1508687632813369	0.01130599141692797	0.4744349606794118	0.01080868634684341	0.01215053783509777	0.1359856308501041	0.3613253004098211	0.1883475360801276	0.1232349837636299	0.01001359323124417	0.01003120380288682	0.1884868254896545	0.2830360514857458	0.010113159622607	0.01315081647985721	0.01001045637015278	0.010003667063112	0.01000768727129041	0.2387723034108487	0.1517130068734713	0.132242627165392	0.09578173065071784	-0.04644918812708606	-0.0005377557076688219	0.0572927233102859	6.546721080399775e-05	0.04134147594087117	-0.01235263794055875	-0.005558121576191287	0.04276790011877315	-0.0003044644434976876	0.03224908150304105	0.04474709816895234	0.006475833907959042	-0.3155355481242931	0.2892143134250287	0.1369222314678276	0.01004683273551355	0.01004845270483622	0.01002858645484419	0.0100253589737766	0.01003485824566924	0.01006562958540961	0.125243087976556	0.2259241853378898	0.1646037496290227	0.08614281898537667	0.01019875387188563	0.01007113983354366	0.03676743982228356	0.02251623319561927	0.01005084156823232	0.01002672654715897	0.01001674386381332	0.01117044917982952	0.01265668639811878	0.01095455584626588	0.01219769583845774	0.03691517494516203	0.04897898729555816	0.02870697574263464	0.1617258058155324	0.0101794552049176	0.01008293482519105	0.1406674321555639	0.1808403407437894	0.01001401909872314	0.1922707846657628	0.3339844702555262	0.09578562672498482	0.02828632269781402	0.07021505867924534	0.1800549852586059	0.01005498968890069	0.01000945306052753	0.01000351102873591	0.01000692679031365	0.01006514384177413	0.01009914126734695	0.01002567127106301	0.01002583956976505	0.01003188783396564	0.01007086811761804	0.01001985124432949	0.09411309189719047	0.0102768541219474	0.01039709637134754	0.01101385758220932	0.01319364840461448	0.3301869182510493	0.448895251456325	0.01003882161802954	0.01001520432485622	0.01001021008081548	0.4632604162327056	0.2147144389203977	0.1440754286767111	0.235230759575789	0.2019955492688405	0.1525721062130171	0.01051053458554869	0.4968317691533486	0.01116618486470837	0.01301280821787311	0.1299869479111407	0.3690163271045498	0.1764757363628147	0.1238559803479046	0.01002320622136429	0.01005050604473299	0.2185925669713854	0.2940756769778382	0.0101488217697609	0.01430110701238988	0.01001529594302191	0.0100053509332644	0.01001124429440509	0.006793670259747978	0.0243098139769686	-0.0343563146379899	-0.0203282071789124	0.03512048586441137	-0.005098741495820443	-0.008624033886570482	-0.005964070850486604	0.01393169169931585	0.0001123545755341057	-0.03026858521676342	-0.03666160632651549
1.36219298245614	0.01080936292828196	0.01791614770659022	0.01002377284446417	0.01001863041061582	0.01003730884101213	0.01408159831031748	0.1130317362934208	0.2055538181857423	0.177004317449492	0.09026698281601311	0.01012526675602825	0.01004370337898734	0.0355908184856543	0.02148917054706407	0.01003233562870666	0.01001828309843764	0.01001357071068546	0.01006562929193004	0.01008305283809535	0.01013095665350294	0.01054870466816045	0.0294171083180607	0.04137637177904128	0.03106426531933014	0.1451577049233607	0.0101124237080115	0.01005109691226302	0.1336952028728443	0.1849855265388466	0.0100211895245071	0.1841281073836735	0.2918355364709729	0.08414687270687581	0.0253919265027758	0.05175683247264337	0.176333705127313	0.01003379182454968	0.01000849473274198	0.01000306714916343	0.01000608993870195	0.01004777183393911	0.0115311698144661	0.01001690308662001	0.01001682719063597	0.01002143891149145	0.01005003461205281	0.0100123769990244	0.09301062229911798	0.01019168991491418	0.01027485851473375	0.01071993252155797	0.01306154656045764	0.322967562499642	0.434726156824269	0.01002438930941423	0.01000968954916539	0.01000664653823617	0.4521986288310149	0.2102278421555304	0.1387485631453299	0.2336914217413414	0.2008889086684981	0.1515761442318992	0.01065766845321173	0.4904308863539559	0.01086449045930292	0.01286639985757592	0.126951122077528	0.3683402024999297	0.1940766974069929	0.1247216594159748	0.01001378419607039	0.01003111120541163	0.2114466237594675	0.2928493306778487	0.01010307740338022	0.01423736981864817	0.01001028569249209	0.01000359563379504	0.01000755876905153	0.2437804790719307	0.1727441888202724	0.1429896419787433	0.09711941472570931	-0.04054998895837504	0.0009499003372342507	0.05796150886657395	0.0001635085804901004	0.03324099155372182	-0.02281250596541584	-0.008291804854651693	0.04137704216413265	-0.0003852757899607686	0.02354237061496451	0.04257562492796069	-0.003658135152376218	-0.3549684121617014	0.2565982608659735	0.1067319535866654	0.01002203958341709	0.01001986780879144	0.0100150795768963	0.01001224014149253	0.01002002035691841	0.01003410323171248	0.1169302892873236	0.2351554039264395	0.1427539700719164	0.07494437210560259	0.01009991520573811	0.01003462523452735	0.03321040903581028	0.02077713422062656	0.01002436573277007	0.01001367035208416	0.01000917197283047	0.01005932469002128	0.01028783792743401	0.01290774910055151	0.01017592336591918	0.03807946496988912	0.05869060841225393	0.01994052103254762	0.1629208013919076	0.01008931781258529	0.01004058145717342	0.1960858688812358	0.1974385595626495	0.0100110783894502	0.21402238715221	0.3305681776455679	0.08810415749678718	0.02466326613361624	0.06771943656937508	0.1974537100206508	0.01002689916740194	0.01000572751874306	0.01000209434713707	0.01000415322596144	0.01003232273289267	0.01003975072624483	0.01001197117817514	0.01001206182083272	0.01001497484017069	0.01003357956380315	0.01000849381749978	0.09290434846979333	0.01013412019209201	0.01019750866761556	0.01059707441488675	0.01376866394931685	0.3288094316940313	0.4566316337106962	0.01001635327994418	0.0100067044346868	0.01000467336205854	0.4856659609010606	0.2157900856981724	0.1321823472515296	0.2491897449922885	0.2081691501930691	0.1516842744490434	0.01019033643628958	0.522152919322049	0.01076834633556371	0.01352190236338983	0.1119058089576463	0.3811292415464083	0.2129283792876344	0.1269784995021726	0.01000921867694601	0.01002112029378446	0.2446637156268182	0.3101310826582361	0.01006993769907419	0.01528982237554046	0.0100076259931407	0.01000265164602452	0.01000559848817085	0.004450644913536403	-0.01835252544370491	0.01067791970723077	0.03287912496093624	-0.005594352828358001	0.01820986556688581	-0.01016231534597587	-0.0007300229801140666	0.005089994026059492	-0.001429954398510453	-0.03115061455356647	-0.03710700731317486
1.372105263157895	0.01033047897757495	0.01308058151530297	0.01001851501840761	0.01001480752711837	0.01002668241500661	0.01161235794713389	0.1241464908487617	0.2312711987013112	0.149921202706625	0.07607048072715811	0.01014873228243967	0.0100542863029873	0.03405676161717749	0.02176400744651356	0.01003036106246862	0.01001638352773538	0.010011016050577	0.01317810289689957	0.01833504416612077	0.02374095013749323	0.012805166533155	0.04420451958068939	0.06281648546636709	0.0229486343349192	0.1629035094659327	0.01013452119281455	0.01006339279349892	0.1892341697781918	0.1983332303482521	0.01001389559159326	0.2107331439015327	0.315072693235015	0.09106129109939816	0.02607977996062395	0.07424860146451641	0.1923693068719445	0.01004224082331578	0.0100063392548849	0.0100023447890448	0.01000463383647753	0.01004083955858146	0.01062074319493673	0.01001607703787422	0.01001642868393861	0.01001972550980576	0.01004304008947788	0.01001199954889918	0.09268917812140774	0.0101730968922225	0.01025389786580768	0.01074805883239816	0.01394928144162811	0.3260537950514447	0.4465505257708948	0.01002284485202489	0.01000929034013692	0.01000634547592052	0.4714084333618095	0.2144365648275376	0.1342039408295277	0.2437152048835997	0.20537080441829	0.1510045021991312	0.01035696581058449	0.5059453371780495	0.01092398045041349	0.01371847090911648	0.1143438507498374	0.3733543836270252	0.2028128492090937	0.1255740596040444	0.0100138184991416	0.01003017964000595	0.2349700888373597	0.3027276541402817	0.01009066457365686	0.0154210160165074	0.01001015434219683	0.01000353389147876	0.01000745519101931	0.2252088622205914	0.2060365634017938	0.1535485519134515	0.0976409457679383	-0.0336116009530905	0.002605977166024082	0.0579276323152134	0.0002750664233608197	0.02357046789498205	-0.0334333259577867	-0.01114761093575166	0.0387548721092321	-0.0004857848158901551	0.02744371579334563	0.04992998057230193	-0.007432089491055479	-0.37528503177289	0.2091168982406409	0.06653185948261153	0.01002668475097998	0.01002199187293359	0.01001969541263366	0.01001685301104948	0.01002456474971002	0.01003905472651935	0.1546505838277677	0.2812952183779369	0.1111824020708706	0.05791720227241118	0.01026047293913056	0.01009962732604687	0.03393259601534028	0.02369994161802961	0.01004268689031306	0.01002102969014911	0.01001210381512987	0.02068464291470512	0.03805161713960447	0.05214549271647576	0.01902077241013965	0.07137407328448715	0.09639121139784645	0.01790800561514186	0.1973109212132165	0.01023799460171599	0.01011601757604479	0.2752621170659074	0.2225947793853514	0.01000826058805514	0.25729270219171	0.3567713073199733	0.1081316892218537	0.02964528429716618	0.1176696411274961	0.2146435393333578	0.01007773004997843	0.01000542618507141	0.01000214047909521	0.0100041703313713	0.01005140451515393	0.01004505621915202	0.01002369316064702	0.01002487853558297	0.01002792131738161	0.01005596718793472	0.01001880960845541	0.09228934017576004	0.01023582416057258	0.01034995245109706	0.01107411769163899	0.01509235723076401	0.3311206594991352	0.4668807763803048	0.01003485300586336	0.0100141994476582	0.01000947824983719	0.5053699327402696	0.2217367901838293	0.1314868550391308	0.2562612991076592	0.2099736550332819	0.1493955820347876	0.01024155433199389	0.5269818803031394	0.01128878674759824	0.01485210452990135	0.09984959100345847	0.3744425688252424	0.1991122725207022	0.1246222363757447	0.01002312615155451	0.01004784658885095	0.2686000720807847	0.3141950123026094	0.01012178176381333	0.01676967968257625	0.01001507056250367	0.01000523664124729	0.01001106079034996	0.006963479980540083	0.02454760945697158	-0.03834848461368817	-0.02361456781232758	0.03437707820730927	-0.003321175188915257	-0.0100854708101536	-0.004570039045258987	0.0139397020593598	-0.0001151982841935936	-0.03192171615833026	-0.03753429304501982
1.382017543859649	0.01012729697107196	0.01108569556936427	0.01001572692948352	0.01001293080936544	0.01002104117279609	0.01057981951606801	0.132774218028675	0.2496725048407771	0.1263107576588664	0.06409460141161798	0.01016133950860366	0.01005935118909598	0.03261370867995883	0.02205772642286824	0.01003168987770543	0.01001619857022851	0.01000971356810851	0.01352102963767132	0.02731215253356286	0.04655580434991691	0.01310281580754909	0.05659099162209327	0.08222009213734974	0.01654197948775475	0.1738786487013438	0.01014565274855425	0.01006902441669654	0.2400491298057097	0.2078288512671779	0.01001019116265501	0.2322024605843813	0.3274179386181919	0.09357489844892451	0.02727664530349697	0.09364856275397536	0.2086828635235386	0.01004632719518092	0.01000511268116609	0.01000194206149923	0.01000381669101324	0.0100360072119801	0.01023398334944206	0.0100157444913235	0.01001642542528904	0.01001876129318701	0.01003852064407795	0.01001199933796521	0.09130561436589862	0.01016129637791806	0.0102402016949081	0.01077936476726275	0.01509528362109448	0.3267330413453152	0.4557911281798995	0.0100224970377914	0.0100092430559457	0.01000625602168618	0.4904591161017024	0.2177883836033851	0.127520783949568	0.2535368693150954	0.208887532910711	0.148924833723909	0.01021849716383396	0.5202094898444547	0.01100512073454947	0.01483879650528003	0.09774724089373589	0.3760343256826852	0.2134222228632689	0.1254076094975885	0.01001413650245923	0.01003018618751586	0.2585404475680377	0.3119434251865553	0.01008317094463379	0.0168559817281369	0.01001026893097457	0.01000356388566364	0.01000753442558763	0.1884636949683279	0.2446752071859932	0.1617526298323479	0.09507111362891683	-0.02685748707627714	0.004006468043458698	0.05650637092147821	0.0003730833547157436	0.01105181024756188	-0.04241691868652048	-0.01345132111370203	0.03439593720061385	-0.0005829479779166951	0.02379778482569393	0.04426866943953883	-0.004529264964612821	-0.370479296040831	0.153942519620166	0.02037017664772442	0.0100158336384759	0.0100109503116426	0.01001151254290024	0.01000942836022468	0.01001480981253915	0.01002315409774518	0.1311104265160752	0.2613650071152817	0.1005241088768125	0.0529541254583499	0.01012882609800359	0.01004698931892202	0.03037868222454046	0.02158233403539246	0.01002750873656722	0.01001372808256817	0.0100075041902982	0.01006396382238416	0.03050408094057522	0.06638806505774747	0.01017591427095248	0.0613266765583584	0.09584402193598304	0.01040922004454641	0.1770942868927727	0.01011513296581867	0.01005433962305	0.2997105319855427	0.2150599325813425	0.0100081001665556	0.2528633435117267	0.3309216902559137	0.08865430006594179	0.02743498681612025	0.1029408783228823	0.2315461091632499	0.0100369385058145	0.01000392213535297	0.01000150002120251	0.01000294921951325	0.01002319546534412	0.01001812944691806	0.01001125907104159	0.01001206107313273	0.01001297231538551	0.01002482657645863	0.01000843433573083	0.08922413510130356	0.0101120780108652	0.01017132455363727	0.0106618855301005	0.01620319632777715	0.3257379623961125	0.46978774171448	0.01001559125209606	0.01000659922826308	0.01000447868571329	0.5257148983960693	0.2213750449638845	0.1155972230789168	0.269911634663184	0.2143619249571912	0.1456586908816789	0.010086759259413	0.5503416722143323	0.01093948306389848	0.01591581226529539	0.0740115731575517	0.3830267663824773	0.2389100217009246	0.1258495608589616	0.01000984442944744	0.01002100899274639	0.2933538292283652	0.3288212818593148	0.01005630996177645	0.01828812581753635	0.01000794262266747	0.01000274201688694	0.0100058199521782	0.007165099311802982	-0.02323120715669474	0.008755747788333905	0.04404601932619488	-0.008811516626467836	0.01739603962064862	-0.01115814448515242	0.000868727780079904	0.005112624680561414	-0.001691718283286858	-0.03240571015691572	-0.03763614307499123
1.391929824561404	0.01006288993818967	0.01043449870734231	0.01001479176931653	0.01001213629044262	0.01001932497593896	0.01024577123269816	0.1337103442661218	0.2585524370300726	0.10182111537399	0.05165710376337585	0.01019415086067026	0.01007633628669947	0.03091038972503512	0.02255456070372371	0.0100331798694335	0.01001651832631216	0.01000938980993642	0.01303888011174322	0.03467777230811113	0.06368032946596357	0.01237072066400127	0.06357738897418154	0.0939156503675446	0.01381469494350032	0.1808981940113272	0.01017706304310654	0.01008858844067646	0.275883288556017	0.2159418463680866	0.01000856612464481	0.2480942279667758	0.3271052204326099	0.09353229980866955	0.02894914980418443	0.1056395823040331	0.2245875981464579	0.01006019108029385	0.01000448490678164	0.01000172196689608	0.01000339050525358	0.01002926603056588	0.01010273693614917	0.01001462698890081	0.01001586945787481	0.01001664134343283	0.01003144127579996	0.01001134378754902	0.09040570292629628	0.01014703478628529	0.01022314227437865	0.01080954308464649	0.01617792123337413	0.32717794322488	0.4644053289531487	0.01002053509180814	0.01000870259100968	0.01000583743018052	0.5115893579944379	0.2214010853811065	0.1183813456030763	0.2655706706397943	0.2134303667699567	0.1467192872675652	0.01013371431949226	0.5378961331429197	0.0110777319772021	0.01590954559709803	0.07672831123931106	0.3806599121769748	0.2271788630846067	0.1261310422299706	0.01001403135150875	0.01002874276003183	0.2802779778278979	0.3232100034353503	0.01007425419888867	0.01819022326404774	0.01001023698707368	0.01000353502788327	0.01000750080190751	0.1386198827586181	0.2653392996515105	0.1663220549985636	0.09040399248379939	-0.01850479933708255	0.005408378409069912	0.05412433429314954	0.000471340588016903	-0.00162932379855378	-0.05164023915746773	-0.01574758760043459	0.02928447848775944	-0.0006922602459232075	0.02624156266771837	0.05201760514473835	-0.02903546053422576	-0.3220107805960868	0.1032140720727446	-0.03384442120886934	0.01002982528118101	0.01001889538793064	0.0100195836250203	0.01001629102172229	0.01002485757399566	0.01004034392354238	0.1454099563119933	0.2818624977328181	0.06405275617627275	0.03341923163896094	0.01034529610307198	0.01014491559757245	0.03025311861063974	0.02490253550936189	0.01004581992495993	0.0100221482104929	0.01001238514180396	0.0189241665831467	0.05185795376772329	0.08225701110617586	0.01656225494928612	0.08004475001533237	0.1116498927036426	0.01612903314834438	0.2055644809145196	0.01032008363362595	0.01016837526860165	0.3263338356922809	0.2368601522576996	0.01000698400796745	0.2804596621363361	0.3287506203451083	0.1047065476480739	0.03350985827125571	0.1341135463484356	0.2466604897892505	0.01011474040616979	0.01000473891151108	0.01000187361002811	0.01000368898718965	0.0100361101750468	0.01002596214257961	0.01002071316253082	0.0100232420345961	0.01002258449464212	0.01003937843119325	0.01001687655111311	0.09113432002807678	0.01020496040595908	0.01031263239836011	0.01113345150812612	0.01720197470521051	0.331498154369726	0.4827355605369476	0.01002939710917727	0.01001265046592534	0.01000832870453157	0.5538650413752072	0.2295128421236008	0.1097068743726617	0.285094148492461	0.2209870225732972	0.1447974305447058	0.01012303420267519	0.5718846594739498	0.01142602250622865	0.01695135842804456	0.05317317906398736	0.3882861083667412	0.2324330998580154	0.1273904847074468	0.0100225142568946	0.01004358348482333	0.3100933690473144	0.3414525683200186	0.01010259619825688	0.01934785436091057	0.01001486761004648	0.01000512307437021	0.010010886437492	0.004900121482051815	0.02600401519584096	-0.04347578723039312	-0.0345228055152963	0.03491419773052757	-0.003601879709260438	-0.01129435690329995	-0.001671304331822676	0.0126555925295375	-0.0004489021283630896	-0.03287521248137319	-0.03773266393903801
1.401842105263158	0.01003394854378571	0.01015857486447642	0.01001271823729545	0.01001061986118981	0.01001624153581254	0.01010116795934412	0.1464734330602241	0.2739323692061298	0.07690708080939634	0.03862251889289304	0.01024126944292276	0.01010440788183765	0.03239823236626839	0.02682742708708384	0.01003112212043602	0.01001475536773255	0.01000806323671979	0.02355109471595341	0.05489167148754743	0.08559353852742496	0.0166233362185899	0.0791129128524295	0.1112191428319504	0.01295128648885768	0.1955855089420314	0.01022209911228661	0.01011873563660943	0.3081939093702105	0.2273759461793399	0.01000622302828393	0.2680175500202608	0.3463588827556737	0.1051354748439379	0.03444070609444207	0.1251810019221813	0.2398998473594132	0.01008358048669336	0.01000355356090407	0.01000138404945059	0.01000272264070295	0.01002615298747817	0.01004786848543431	0.01001399423537683	0.01001549105198563	0.01001555464284717	0.01002809797945616	0.01001099946769044	0.09043233494706616	0.01013933108709194	0.01021359112067354	0.01083870751236331	0.01730296640339471	0.3277666932606131	0.4726232724323496	0.01001941457911365	0.01000836724573356	0.0100055881632202	0.5252878782507633	0.2213074659130219	0.1069548962742348	0.2748350391711953	0.2164842097495987	0.1439592203991815	0.01009940722141743	0.557436062448972	0.0111611796817984	0.01703453465509185	0.05664924609500876	0.3903057516808328	0.2434519361669644	0.12813256175927	0.01001398101246897	0.01002797497416393	0.3001151233953727	0.3327640021339697	0.01006959679809769	0.01954268372757203	0.01001014715500711	0.01000349285222791	0.01000742865271085	0.1028308278500982	0.2902665341377756	0.1658350113323653	0.08364941703395465	-0.01226777846836889	0.006258780864611004	0.05125310188109399	0.000533778957570572	-0.01156153226434322	-0.05781417830303062	-0.01730097031312954	0.02503970150191017	-0.0007766572432390983	0.02818469809664086	0.03827304439662635	-0.03174208842779597	-0.3036908441655977	0.04691074688895482	-0.07377454900792027	0.01001393264586496	0.01000865222268663	0.01000793633297821	0.01000675265965671	0.01000990194341424	0.01001906827228001	0.1620418136034482	0.2905050307358576	0.05481599172892317	0.02827133251909954	0.01023118145211087	0.01010918840025746	0.0346326952434271	0.03152356545772533	0.01002343752227475	0.01001030883420446	0.01000512401535654	0.03390761371847104	0.07367831427296236	0.1104725941765658	0.01958458808775724	0.09269472977117131	0.1292859773916682	0.01074256919554343	0.2068728416356888	0.01021309883319184	0.01012097319228576	0.3513661423736601	0.2368998900630508	0.01000408315213286	0.2907399884332281	0.3861531829637356	0.1173091328642231	0.04029870233529249	0.1404086440153018	0.2620611417500592	0.0100889847828061	0.01000228363122108	0.01000088756543484	0.01000175149468945	0.01001879468865113	0.01001708684884405	0.01001007431296363	0.01001123400863353	0.01001114350965937	0.01001978292382957	0.01000771364470988	0.09028337977044153	0.01009781887063838	0.01015321136400829	0.01072099604787204	0.01848091376014919	0.3270252032916024	0.4852805811573991	0.01001324205949506	0.01000586372624115	0.0100039721893938	0.5353507350067827	0.2148263599153	0.08996163867540301	0.2838681847886424	0.2180351339519707	0.1392450672987213	0.01006124085225456	0.5946738491831584	0.01111248336181726	0.01820238990660102	0.03641304566093176	0.4131624784677915	0.2769474861075189	0.1314917837637162	0.01000960333734017	0.01001940552980099	0.3309892265827812	0.3448635565732486	0.01004785582930649	0.02100853156637844	0.01000767834877667	0.01000262760672217	0.01000561312815289	0.008912011659298563	-0.02535576365787338	0.008218343307260378	0.05160359159922896	-0.0121065473706365	0.01715770672395812	-0.01335593773881092	0.003902468953168326	0.005589368965842632	-0.001898894807268017	-0.03347975453246526	-0.03791353534014148
1.411754385964912	0.01002865517936974	0.01007108536550992	0.01001329248712944	0.0100108554697747	0.01001699200232883	0.01006594712973543	0.1497545824560884	0.2718321783037768	0.06044323621418821	0.03032628415381663	0.01027436420213888	0.01012439314072036	0.03236151288726413	0.02863216178964038	0.01003581006068615	0.01001687319739329	0.01000877908302761	0.02411957618213434	0.05655842141632604	0.09615483566494221	0.01587125484178356	0.07906188698805203	0.114760166974442	0.01297685631033582	0.1912973736485087	0.01025341024434206	0.01014090062930011	0.322833661228793	0.2261226358309041	0.01000590817207646	0.2724645924956193	0.349855525353401	0.1069105272921266	0.03858399751991421	0.1242350750526773	0.2547404233892817	0.01010075168790533	0.01000351898600684	0.01000134696104153	0.01000268833353523	0.01002556213514218	0.01003835242760077	0.01001355898525726	0.01001504040165618	0.01001507941908209	0.01002697460119125	0.0100105889832754	0.09103880531126028	0.01012635299716528	0.01019719981342274	0.01087420468897218	0.01849459203030646	0.3283605777483905	0.4805273822175554	0.01001786909553552	0.01000787025087801	0.01000531440596196	0.5251420784690918	0.2150099723900481	0.09345580544596727	0.2781633609518747	0.2162519951443035	0.1400505322744802	0.01009240484702149	0.5765968198145012	0.01125758406724092	0.01822620041879839	0.04125602876789045	0.4052711121501227	0.2607013639425991	0.1309277145819085	0.01001367359264037	0.01002709759413038	0.3190239548860439	0.3378534563756669	0.01006181593840049	0.02098338579749072	0.01000996628808365	0.01000341138944381	0.01000728573832983	0.0619537588981818	0.2979611796669376	0.1619332843755409	0.07557844265277931	-0.009779307850202536	0.006260403879972835	0.04826938587591639	0.0005456570055035886	-0.02080952080669848	-0.0605105656246461	-0.01786152796542597	0.02060464001793896	-0.00083706207509599	0.01940931514164873	0.02721875253580015	-0.03233321667290892	-0.2565693269877599	0.01899078018601285	-0.1060284361213318	0.01004168672538013	0.01002320654894819	0.01002324499493873	0.01001842498719008	0.01002999711931307	0.0100738392366902	0.1372539070009858	0.2423740186300655	0.04426957395768179	0.02268481916482696	0.01039818759128178	0.01017721521226338	0.02856214187665662	0.02597813473429432	0.01006159851272221	0.01003006700492028	0.01001575515774738	0.01008175648105692	0.03426421899868921	0.08926544213473113	0.01019893473105152	0.06054567138436261	0.09965600220329285	0.01703115338419409	0.1641412763976082	0.01036969039860404	0.0102051345890083	0.3193824300063753	0.2107954115721067	0.01000827915397062	0.2587524172026794	0.2997767141751843	0.09474995884308357	0.04043410454291507	0.1029325217360451	0.2762275163112652	0.010143183967636	0.01000552080921112	0.01000208492129306	0.01000422162491039	0.01003732223826076	0.01004999089336199	0.01002003008977451	0.01002227215636337	0.01002221435587777	0.01003923854507608	0.01001599278029745	0.09312046369731417	0.01017399351716484	0.0102733479296524	0.01121053562416301	0.01965708908966942	0.3327019629218438	0.4979047806651236	0.01002590276291737	0.01001150305859889	0.01000775794539903	0.5169176710333468	0.2054407234186589	0.08030321929755053	0.2798279853308301	0.2144960734426951	0.1352249583467384	0.01013495353927056	0.6097383691969533	0.01163137491020722	0.01940666806308262	0.02930418065722898	0.4312047335966431	0.2690952706252401	0.1341858916182931	0.01002165542696969	0.01004172465510671	0.3470704891715231	0.3418884548742561	0.01008406876486428	0.02232573756633076	0.01001441947776011	0.01000492286437422	0.01001053344893713	0.009245163011993171	0.01882661515134457	-0.0463549712753069	-0.02177846260610742	0.03149852621852614	-0.003384596374811318	-0.01271711335622617	0.0015242839152399	0.0116520475248361	-0.0007199333583056329	-0.03399047649156913	-0.03796702814558507
1.421666666666667	0.0100255808913626	0.01003423694278539	0.01001316629476208	0.01001084549278936	0.01001632087284997	0.01004600696098762	0.1602801129424843	0.2639926306614889	0.05311356125167385	0.02658223694754823	0.01029930981177821	0.01014605419711314	0.03261598239152803	0.03049166601506431	0.01003716312904367	0.01001677545062247	0.01000865567651628	0.01827066097307047	0.05743759864935849	0.1012695500839708	0.01307177105608966	0.07699333610656366	0.1134586692091688	0.01728663519680189	0.1815394187649818	0.01027940745283268	0.01016308620292822	0.3217578915570858	0.2172451010560504	0.01000531417247224	0.2682917694656707	0.3567809468455118	0.1145398004101085	0.04427123664730965	0.1169630454404996	0.2692960593286484	0.0101190473171959	0.01000331796826026	0.01000126340457359	0.0100025377651863	0.01002801030520393	0.01001939618394226	0.01001327901633779	0.01001449088966273	0.01001518372430316	0.01002828306369939	0.01001023072813962	0.09459509967333904	0.01011989693910882	0.01018879124521643	0.01090687054691658	0.01976195456233784	0.3310320901644322	0.4898572347634674	0.01001661317433936	0.01000739735757222	0.01000508612413188	0.5105301530348904	0.2017713489504624	0.07733636931229461	0.2760160244440099	0.213827148150067	0.1365694543579355	0.0100921282506961	0.5984445249018775	0.01135754267947397	0.01949031427087017	0.03520576126580965	0.4304808279738544	0.2797062835903784	0.1370922863924432	0.01001321614769891	0.01002625942376342	0.3370523950859612	0.3396857517234484	0.0100579839063086	0.02253679007496522	0.01000948568930545	0.01000323475434745	0.01000692784486504	0.03408549171576276	0.2902766857261566	0.1550088859798119	0.06873778488149875	-0.009252811706402724	0.005917253824509403	0.04609433655907684	0.000535731082274602	-0.02373989810617453	-0.06187470618691347	-0.01840232230530383	0.01835739213763811	-0.0008942813464452199	0.02539229921076205	0.02356663146924666	-0.03769347935337453	-0.2228292313004108	0.01684231547323262	-0.1257644757218376	0.01001578402317673	0.01001147263052083	0.01000857497868555	0.01000727681017671	0.01001062125605603	0.01002452666266447	0.1912811845180774	0.2599808520814725	0.05130177489880935	0.02565566339839317	0.01026929124822084	0.01014730046536838	0.0351590172857777	0.03470640488754024	0.01002812917016169	0.01001182339141536	0.01000561939280209	0.01740211207724319	0.06877860645990884	0.1130037899600783	0.01221496335379271	0.08142427185259389	0.1174595704131685	0.02235547150605499	0.1720566914437835	0.01025415812632434	0.0101590637447957	0.3171624467834467	0.2031710377606353	0.01000330682657533	0.2631119512960332	0.4053925962314213	0.1367381233509125	0.0526265269366881	0.110685625739793	0.2913858184971121	0.0101212836976909	0.01000212389316717	0.01000080672059113	0.01000162354909491	0.01002902254863257	0.01120875442578045	0.01000971454992239	0.01000997633363806	0.01001219314071023	0.01002617377859874	0.0100069682349213	0.100230047828739	0.01008480674437252	0.01013592102364219	0.01079134611673339	0.02118385242230836	0.3354784548435816	0.5063546794549021	0.01001055199819818	0.01000479584706009	0.01000350939388119	0.4687135698040026	0.1767154517238523	0.05592144848150224	0.2680197094543302	0.2085559992460914	0.1323007102317815	0.01014286932394333	0.6424288937813029	0.01133435124988036	0.02089254257001943	0.03374718329952463	0.4846958898744863	0.318267429025021	0.1476232525955875	0.0100084037625424	0.0100176819597537	0.3675465678154272	0.3402883856202313	0.01004024599867393	0.02434420223146407	0.01000642308529102	0.0100021735367227	0.01000468255425047	0.006264005080560776	-0.02164876179759396	0.006798067404010415	0.04373869362638189	-0.01235625923809851	0.01759384657829399	-0.01359251874638048	0.004451937658403687	0.006194012475738638	-0.002160267547967634	-0.03476124766266248	-0.03842636903589828
1.431578947368421	0.01002748524201366	0.01002680228209374	0.01001537727110867	0.01001178229132668	0.01002297220063918	0.01007374356221249	0.1829294257508988	0.2538167980708004	0.05357698088104193	0.02674373278396008	0.01030542409314574	0.01015124269197992	0.03384228873352392	0.03244942557904286	0.01004624192131757	0.01002401551274713	0.01001112698109175	0.0162407866916855	0.05379295930961069	0.1035152784083567	0.01211538339890444	0.0705063031665227	0.1083736361548857	0.02443564125752584	0.1629550247096345	0.01028436117476452	0.01016744338657846	0.3113141571156526	0.2008586768992316	0.01000491076186311	0.2574359172719842	0.3795436890298034	0.1291954275662587	0.05099058970973481	0.09847709217341472	0.2838272921720988	0.0101238129893566	0.01000353018972718	0.01000132119244796	0.01000268488217405	0.01004405849337623	0.01502025199609995	0.01001332881897063	0.01001354978330801	0.01001703005782244	0.01003825164362359	0.01000972099823196	0.09958881937737994	0.01010592922768892	0.01017012441622942	0.0109592364576909	0.02145691841129261	0.3341236768862958	0.4991998993030788	0.01001450170746162	0.01000653926864472	0.01000477055293687	0.4830762182075815	0.1827690137034702	0.06018328911824049	0.267975354559765	0.2086109166793097	0.1328994194667945	0.01038905262931099	0.6175226103696326	0.01152765405036561	0.0211641577716664	0.03710210903187625	0.4597323270909898	0.2968389647213736	0.1447670751102064	0.01001213161514065	0.01002526254277053	0.3576346812854233	0.3369898125295425	0.01005000926332859	0.02464207416629205	0.01000845720862294	0.01000286404298986	0.01000616656181812	0.0436770018913266	0.268576149357241	0.1478979230823932	0.06329766446797945	-0.01177422378102535	0.00513396657614593	0.04507871183786086	0.0004997445268234863	-0.02085925889879911	-0.06166760168958692	-0.01892241488309622	0.01874855988251245	-0.0009422154862868587	0.02350288311178639	0.01489199770103141	-0.03774708517972806	-0.2176573497449746	0.04186055448246944	-0.1280079290017041	0.01005022072521354	0.01003626030894908	0.01002988511029629	0.01002119713362016	0.01005024969399669	0.0101745731762526	0.2027178057288636	0.2179608486451332	0.05449667472622092	0.02710608984188482	0.01039252974253498	0.01017195246228167	0.032038362730126	0.02997370693635557	0.01008708981991398	0.01005151161861329	0.01002316029808198	0.01004688342423568	0.02181091178638572	0.08966796611440592	0.01011041601669587	0.04237765434053271	0.08429772178512954	0.0343351027634464	0.1134765100710644	0.01035961060411161	0.01019692113144634	0.2782041208223103	0.1650288347075235	0.01000765320031622	0.2239108632991331	0.381533209893447	0.1341177182594819	0.05510885058466657	0.05146597362623515	0.3059356208790984	0.0101398705420701	0.01000633742191077	0.01000233463343882	0.01000479836532618	0.0100823279281106	0.02493198279723086	0.01002044266269921	0.01002001827598313	0.01002756035742474	0.01006739579764654	0.0100148295549253	0.1051099537584746	0.01013892417113902	0.01022626757514729	0.01133412662779584	0.02348526537841672	0.3398440677324924	0.5168016196774909	0.01002086780789077	0.01000942130968003	0.01000704396090408	0.4287404836994255	0.157912070376465	0.04561530914874608	0.2517794164885757	0.199007387730645	0.1276552057422634	0.01101134928649675	0.6406277452265143	0.01203896100986585	0.02317412260256	0.04181561504861615	0.5009012083949758	0.2997291051123063	0.1519700364318841	0.01001889119880781	0.01003958020259102	0.3950473843083523	0.3263494327125586	0.01006418672422982	0.02711150839154015	0.01001184254342036	0.01000399725937912	0.01000862804841666	0.0129097970699877	0.01295607513410251	-0.04393241983525787	-0.007127231097075955	0.02919903680318977	0.002793234023854814	-0.01194829836652522	-0.001113439820708722	0.01352561503906136	-0.0007215796244311187	-0.03576442123601593	-0.03923483120010561
1.441491228070175	0.01002185395943614	0.01001979082066435	0.01001185118877587	0.01001111949419295	0.01001070579835771	0.01002638990787993	0.2075929874667129	0.2343321199122317	0.06630845125540591	0.03293852437984107	0.01028390233207768	0.01013259568407405	0.03425970833136837	0.03287411419483199	0.01004540782918524	0.01001441223216204	0.0100073980284104	0.012502291761078	0.05033350095141853	0.103478214688309	0.01090006932486478	0.06026541548058013	0.09823374268939981	0.03424470247673191	0.1310745726485267	0.0102631808563788	0.01014844224591924	0.2859009917996329	0.1692679202981228	0.01000411181404175	0.2329749524752024	0.3973486907800798	0.1448526178651191	0.05826668928866231	0.06802997771935414	0.2983733854060291	0.01010722464105407	0.01000249985756087	0.01000089461470559	0.01000186715595096	0.01005315500612876	0.04066377931193549	0.01001319703463793	0.01001307059732079	0.01001758456545554	0.01004256617162685	0.01000947278773366	0.102656530515769	0.01009504306984523	0.01015499212918785	0.01108595313722611	0.02454944837156192	0.3334837512353419	0.5043079349994607	0.01001366655183921	0.01000618255724102	0.01000459317970437	0.4565095228043211	0.1668412509785911	0.04630101358945581	0.2592069312634181	0.2027857654517201	0.1289420823768976	0.01095901881671502	0.6262342567862046	0.01197154860339934	0.02419656986803783	0.03713636728566042	0.4785172114385563	0.3072277865951247	0.1502456350229388	0.01001178728520154	0.0100248001232847	0.3860593245918988	0.331945571682045	0.01004404507066193	0.02846286775449277	0.0100079935375725	0.01000269598069708	0.01000582328934896	0.07371995205290705	0.2400457876546638	0.1418227225137985	0.05908051007549897	-0.01764614562007246	0.003869799694649628	0.04507210490287494	0.0004354078509939447	-0.01288911068550592	-0.05982390287628646	-0.01935718710035125	0.02145258692435646	-0.0009785776127983453	0.02586153621003211	0.003083857104263416	-0.0260516185480727	-0.2255580614973347	0.09370775066017113	-0.1087055601086222	0.01001638336046119	0.01001294493013283	0.01001088898557489	0.01000931832957123	0.01001422395172295	0.01002897930779552	0.2435410582719336	0.1999882996435886	0.09075958092137411	0.04417854467548427	0.01020184059543693	0.01009213492113191	0.03551618782353402	0.03424916869498649	0.01006139330376311	0.01002203520794043	0.01000774088854533	0.0106799506503795	0.060122334842123	0.1050887133254823	0.01031338912712938	0.05600521927481555	0.08703564845513363	0.04323307110943278	0.09010437153184668	0.01018792992147024	0.01010222351271838	0.233970594547324	0.1169065779100574	0.01000252016009373	0.1860516683545012	0.4249148194965819	0.1663837740578621	0.06824520761019955	0.04042424201067887	0.3212609932824486	0.01007264568176688	0.01000212003109152	0.01000077939901743	0.01000160329022203	0.01004824433623215	0.07636744240027668	0.01000944556576799	0.0100091372268236	0.01001314001809843	0.01003438970854834	0.01000657435346009	0.1047152512338138	0.01006027756931126	0.01010121211186166	0.01111704138933302	0.02860555648906016	0.3274403210825224	0.5071944408278214	0.01000924907606708	0.01000421584934731	0.01000319031839913	0.4128828381986319	0.1477731770806759	0.03139188679128035	0.2469239490361515	0.1947136016663788	0.1236394408564886	0.01185075336773202	0.6330728536938492	0.01248593960746782	0.02815307365333487	0.03371430595168974	0.5021196802225487	0.3269017853506101	0.1563640416546882	0.01000801927291592	0.01001714552538796	0.4421603003304996	0.3235813838282292	0.01002711729260189	0.03355645194288932	0.01000562503109079	0.01000188311604532	0.01000409179875352	0.00324466194620641	-0.01769272963062613	0.004598020686830846	0.03621744347759855	-0.01132888397997038	0.01897253518652395	-0.01220575818806817	0.00263221257699645	0.00731221303882285	-0.002667920681945333	-0.03694292405175561	-0.04038384593478296
1.45140350877193	0.01007421441936997	0.01004615927029264	0.01005530614873365	0.01002636240322268	0.01014245800669076	0.01048068898756035	0.2159955808757618	0.1894639046281197	0.09265991373340886	0.04633868318294281	0.01023353679271665	0.01010229033189014	0.03354177342723282	0.03128002017430923	0.01019901244642729	0.01015014585804491	0.01005214591496263	0.01125654340361425	0.04513807747059653	0.08589060634016757	0.0104817294799536	0.04579098561794272	0.07118693692137265	0.03961839548693428	0.08542785529864821	0.01021472270801706	0.01011427330579403	0.2368880766831176	0.1192823366601714	0.01000720174180105	0.1816763426907557	0.3756264265246443	0.141723368152237	0.06617106117553667	0.0421684276820014	0.3131459523638118	0.0100812111436089	0.01001185380264872	0.01000463449686635	0.01000921026090657	0.01006605253455443	0.06906147128872329	0.01001305743684858	0.01001259693263729	0.01001818025237455	0.0100472437130325	0.01000930122428873	0.1035472739085041	0.01007450398854902	0.01012516188317548	0.01134729095098846	0.02919657740973608	0.3287999503895797	0.5045537178906379	0.01001277555932837	0.01000580836808282	0.01000438756863123	0.430612335038862	0.1525595692570282	0.03311004899657025	0.2488727699919912	0.1951730271564137	0.1234149992651044	0.01303715573623967	0.621218525289949	0.0128983903760476	0.02872926802229445	0.03287946142581151	0.4838495356786492	0.3090147277284306	0.1530251923891409	0.01001191546057018	0.01002507738773779	0.422903015626763	0.3232918159499368	0.0100334835800369	0.0342326057782032	0.01000753784125907	0.01000252549622917	0.01000548427353975	0.09237728407258283	0.1978247525510718	0.1372375336987429	0.05157940146795636	-0.02468139818055173	0.002105162438419671	0.04420538998464262	0.0003399918782117772	-0.005394593963154992	-0.05749414914462126	-0.01952379141904028	0.02437178981961807	-0.001001480140468051	0.02578104032876388	0.005174310935891299	-0.02497799547740902	-0.2014952005257095	0.1592097668088411	-0.07461829963877335	0.01020999726577216	0.0101206816891465	0.0101613919060373	0.01006677945324262	0.01045052413740079	0.01156034555020336	0.1904547130939901	0.08609900356021076	0.1254359385534224	0.06201432020212011	0.01026438456460955	0.01010027084543302	0.02939405733949803	0.02466234292994618	0.0105409978291283	0.01046099843809791	0.01015867193701912	0.01001693315415209	0.01006284970018921	0.03174422062178831	0.01004049373607566	0.01008317848666229	0.01060978334639998	0.04060060169438761	0.01009681788529262	0.01023677213036067	0.0101141784398408	0.1368507577303014	0.0421113730052086	0.01001752372127308	0.0777184294106822	0.2444075270592303	0.09867132360690292	0.07181862990231432	0.01004731279087622	0.3366294056409065	0.01007889442079528	0.01003490053734904	0.01001376844986227	0.01002722953350365	0.01011173297611573	0.08640441529761132	0.01002015604752955	0.0100190761732953	0.01002879083939748	0.01007709601407326	0.01001455916428987	0.1039128202579712	0.01008868017981246	0.01015264569708596	0.01198581785060056	0.03443776186997691	0.3214901753414487	0.5045394612750641	0.01001903280709948	0.01000865634003653	0.01000660593868587	0.3803159922655193	0.1330943117370637	0.02082786441528545	0.2283780175922983	0.1807913860485749	0.1143663290004869	0.01662478627553928	0.5919027595767653	0.01435955237127167	0.03383663498214497	0.02870214267878055	0.4773041722795241	0.2847582423920342	0.153314937063544	0.01001959597634927	0.01004083676027046	0.4912077091211952	0.3012138708825564	0.0100386997673512	0.04078579978164252	0.01001093871235572	0.01000365399095315	0.01000795405284672	0.0136287229623172	0.007032802131834706	-0.03597455327966512	0.01214209665130942	0.02922788425876826	0.006892663302778424	-0.01343398585644743	-0.0009593103488762766	0.01472118148587557	-0.001169139213474398	-0.03812757041086009	-0.04156115531644144
1.461315789473684	0.01003424953603405	0.01002931293089742	0.01002679909336886	0.01002509295817586	0.01002375844610497	0.01039966935997798	0.1844466419866698	0.1227315534654732	0.1228143525995366	0.06163069041210184	0.01019863361723435	0.01008073739141022	0.03089470326693037	0.02689059497681642	0.0187959005180454	0.02093981312517472	0.01004117365345447	0.01068905404431593	0.02874435141046222	0.05745079331404	0.01029695592489472	0.02381205503017533	0.03761460225792859	0.03362133862663508	0.04022814525632896	0.01018103393671466	0.01009113252732213	0.1600979823713384	0.062949342314623	0.01000455766287819	0.1089989558061785	0.3048807803962383	0.1129194197736607	0.07352040012325459	0.02197656260618692	0.3276241608909798	0.01006338163983074	0.01000260908509863	0.01000089587374167	0.01000191472548147	0.01007636305477873	0.08761856268127266	0.0100131885897741	0.01001254763005984	0.01001878374315053	0.010050572328296	0.01000936810773802	0.1008368725719116	0.0100616965234221	0.01010567099501419	0.01206729420757276	0.0358677687775993	0.3200053466526388	0.4990187478102978	0.01001254174710584	0.01000571402838852	0.01000434974418086	0.3995814636694828	0.1362058182765953	0.0212172054588291	0.2334625495345338	0.1828962842911838	0.114384566652929	0.015724625532379	0.5994528438181269	0.01484994230984358	0.03522221468777013	0.02559505790527314	0.4739454000344276	0.3020580254191821	0.1511405002422385	0.0100121618687977	0.01002559183220136	0.4643308017223642	0.307552172048697	0.01002715521170317	0.04256913325746052	0.01000741709160576	0.01000247587631287	0.01000539280224539	0.08300859317361761	0.1555624595749396	0.1361094467005613	0.03964453378045797	-0.03248197317378091	-0.0001408740742750162	0.04157113459404965	0.0002139658888265871	-0.002269035953559854	-0.05395437899681547	-0.0189796294253499	0.02580061280818832	-0.0009975758201308303	0.01828701903157656	0.006506109052268357	-0.02414340829393177	-0.1129849791870198	0.2244559817604351	-0.02599752275152011	0.01009521294884757	0.01005525117250148	0.01178169158389346	0.01204334487847628	0.0108022859228033	0.01008184787491461	0.1229384455245826	0.04843174323890963	0.1635557482801724	0.07989377172519206	0.01013122715460029	0.01005092240105866	0.02900065466190783	0.02356205616141147	0.03127212468685558	0.03863992683819788	0.01475259062616424	0.01057758260736548	0.02310937749212811	0.03904709601482524	0.01029054709459012	0.01097256431137017	0.01833519041306701	0.02231531966273843	0.01008176985059279	0.0101202966273223	0.0100578969846986	0.0532449943738405	0.01009492241173955	0.01000950839410891	0.02822474473344076	0.1904310786547407	0.07789149808505301	0.08286748901387654	0.01006281985598756	0.3501691601999242	0.01003905512547406	0.0101279433371151	0.01050763544328479	0.01015556990977353	0.01007373543224996	0.1093409299979933	0.01001005344508098	0.01000940808587928	0.01001478637453227	0.01004215412304624	0.01000700475101096	0.09477238047652364	0.01003520550595311	0.0100621583698693	0.01293436723199289	0.04387530734083482	0.3004724670660233	0.4802254181596034	0.01000920837938644	0.01000422169637472	0.01000324744661158	0.3418641461403783	0.1134397324595544	0.01035201305384277	0.2079937027242836	0.1632302239489589	0.1011604963074601	0.01770534243503286	0.5444478717830652	0.0171428985224157	0.04298899453925396	0.01625822117322892	0.4440901735442017	0.2951568679841802	0.1458727247785745	0.01000900925912207	0.01001908090972781	0.5382052892082442	0.278356342978294	0.01001504657805594	0.05282402178479782	0.01000563734182727	0.01000187059828714	0.01000409469934839	-0.003289415840533005	-0.007802187214176286	0.002119774472728434	0.0120618606738097	-0.008128105528595534	0.01813518211512347	-0.01090175936521597	0.002745741615885278	0.007556736904740366	-0.003879432134929093	-0.03879680178674306	-0.04229069594452527
1.471228070175439	0.01076291509473588	0.01037293538583055	0.01759089799322744	0.01839957448335258	0.01444492540724215	0.01171487552557027	0.1264603419829619	0.06770228962022344	0.1605094132038144	0.08128224869542824	0.01015986660846287	0.01006199929099408	0.02871200388285662	0.02285459930348555	0.02666008232551841	0.03843108320374412	0.02965939243245378	0.01053402163357933	0.02265950320516262	0.03879484775953175	0.01029007281375893	0.01577409370168884	0.02406943098637898	0.02172159794455913	0.02170137663426339	0.01014550179648673	0.01007024806212022	0.0851019213244934	0.02873462075344622	0.01005928283445152	0.05410334122802444	0.2136539383267874	0.0746373717120975	0.08017562851863018	0.01467883781964749	0.3411611048257245	0.01004793685259039	0.01061058924623973	0.01211842094332223	0.01070608265229386	0.01010776521703452	0.1010845956489196	0.01001423278578012	0.01001320492065342	0.01002113472424263	0.01006063989926241	0.0100101239317668	0.09459310124733213	0.01004610132358566	0.01008095271165289	0.01331406085096745	0.04366008877305788	0.305946421893412	0.485242354060004	0.01001287042898419	0.01000590519362347	0.01000456713808283	0.3619852624240875	0.116130771009898	0.01356031054838508	0.2128595459064467	0.1656826867235303	0.1015269972384955	0.01761084145770715	0.5617543420301015	0.01736822638110273	0.04277052921039345	0.01707201635201438	0.4494844669071832	0.2885355201505649	0.1447489014489372	0.01001375234441988	0.01002863771250577	0.5031450087546343	0.2846970294631626	0.01001980266234584	0.05252543882496905	0.0100076952879434	0.01000255555973714	0.0100055906931726	0.06241388234420282	0.1246739398764014	0.1414527945284378	0.02800736266094647	-0.04064021769801261	-0.002377094947869132	0.03854614285632218	8.951382811128893e-05	-0.001410523448408613	-0.04967848536546349	-0.01811591205927672	0.0264749056667049	-0.0009755902305334285	0.0124210072175912	0.002853024593272721	-0.009313254732904569	0.01027352057852354	0.2796262321213618	0.03295202201768627	0.01239960905615899	0.01115065219338598	0.03276220624006837	0.03508894311802305	0.02369714795615564	0.01552990496912569	0.03777272120141834	0.01022358590693565	0.2170107339922931	0.10809667502015	0.01018317631818502	0.01006546683353437	0.02555973736177316	0.01708121511601613	0.02552798327673655	0.05273941794644153	0.06978615288282224	0.01010176042579626	0.0102034045065804	0.01039090800282644	0.01019600733067909	0.01018308950443129	0.01022007740404007	0.01080688309683012	0.01009968937211497	0.01016395409815217	0.010074551421286	0.01027568583713557	0.01012518659608395	0.01018143192543925	0.01015609511307392	0.04320152669323524	0.01496814792508095	0.0844036214000507	0.01010777081292731	0.3622065505512478	0.01005026858637617	0.01183831816632541	0.01628269660096333	0.01211306789514706	0.01019456659366754	0.1074733834972431	0.01002311098748975	0.01002106135723651	0.0100351513860647	0.01010362895533578	0.01001672465407488	0.0866497404328871	0.01005484281818675	0.01009824395769613	0.01499093386196209	0.05144629356680928	0.2821974566855788	0.4555309363235026	0.01002022400830184	0.01000930962195037	0.01000728293411769	0.2922989963891706	0.08869109734588468	0.01019001882452604	0.1784981710577814	0.1387802894799432	0.08370159392888724	0.01964869382769538	0.4733162493078946	0.01997066049911172	0.05027040004335726	0.01059148679282995	0.3916134794812061	0.244382668075725	0.1334683872089489	0.01002405255150173	0.01004933126562753	0.5653865793277697	0.2414397658887961	0.0100230224831402	0.06284126534272956	0.01001187371812613	0.01000393606799241	0.01000862444638239	0.007628550545942366	0.01010747720658123	-0.0105658587064364	-0.001206889900779919	0.02976910369965497	0.007759584747510069	-0.01307240734537918	-0.000717789630220461	0.01411998793545766	-0.003029044864625123	-0.03881648727033821	-0.04272898818426955
1.481140350877193	0.01093432825091557	0.01045730831563426	0.0254657984144371	0.03285427505580383	0.01582047544709874	0.01205553117179755	0.08243175638065803	0.03255404286146055	0.1954240009499433	0.09948095812536049	0.01013641295335224	0.01005058126929784	0.02671996043970722	0.01870023287090189	0.03440405655688972	0.05510893898252079	0.05138509692423071	0.02549987642812019	0.0221903428201936	0.02726055320028519	0.01159171898263028	0.01244964695790268	0.01531633298454583	0.01451760164931259	0.01421188426674782	0.01012368515291465	0.01005773227937721	0.04019878494024783	0.01681686241602465	0.010077164125132	0.02680702342370627	0.140104813830895	0.0452118461287262	0.08362295080308987	0.01170026608577515	0.3529420796952291	0.01003881109303807	0.01128910183829224	0.02004376672951157	0.0123932786883526	0.01013223875166734	0.1099214326028401	0.01001520860733521	0.01001403530109127	0.01002293754198505	0.01006368590418004	0.01001067007324495	0.08554391444596574	0.01003836071860413	0.01006834268139891	0.01521386010710463	0.05116816212167309	0.2873973379823996	0.4625618039736483	0.0100129218342826	0.01000603680681883	0.01000476104565664	0.3183409037148758	0.09003687680659399	0.01130469242943274	0.1884636297403256	0.143991700944866	0.0841068719023456	0.01723136348824551	0.5133800003623228	0.02018672240604672	0.05002105947739403	0.01264629615683892	0.4151151990705707	0.2701354532520443	0.1344372342693926	0.01001484545350712	0.01003062967148551	0.5286168074278479	0.2562360942476221	0.01001622500783239	0.06237881561247416	0.01000820798887266	0.010002720309531	0.01000596244389105	0.0722924116099305	0.09202910677426271	0.1546322475178917	0.02045066555008861	-0.04735057660769361	-0.003974846333904851	0.03670905485389694	1.098340743338144e-05	0.000192728594089337	-0.04733164683878825	-0.01793958453861627	0.02805100879626255	-0.000963914275454763	6.353286298987371e-05	0.009449960983931759	0.003728317247925134	0.1116741906250273	0.3213065400329344	0.08782154718135127	0.01016344223836844	0.01009697810667475	0.02755195652469431	0.04456593959395022	0.01193063165659103	0.01015609237774114	0.05519846094640884	0.01019805507503663	0.2376907279939253	0.1179426082028738	0.01009047288768121	0.01003254456599531	0.02538560870675444	0.01552713207021406	0.04768746698143736	0.0738167884346409	0.06007742293107058	0.05036653379926641	0.02987278251498285	0.02695709363874324	0.01400609605258918	0.01122433779093759	0.01074715532501152	0.01037204048373586	0.01005770500887892	0.01008281655478112	0.0100377088108763	0.01032141270929085	0.01004260235596023	0.01003161898382639	0.01008069850038483	0.09038061762253696	0.03213085071411371	0.08637178140411399	0.01010369869879294	0.370349824550511	0.01002461470630846	0.01222494212185403	0.03181170202465148	0.01509004729877988	0.01016788261566034	0.1232370097503428	0.01001248546827819	0.01001147212746835	0.01001932624131819	0.01005369821930185	0.01000843048665612	0.07378632920730432	0.01002298834552227	0.01004173902256096	0.01714994711153586	0.05879066543871523	0.2542866507426139	0.4123015492260499	0.01000958420257213	0.01000463805594687	0.0100037793515358	0.2453874420979471	0.05860194039169896	0.01003789637868014	0.1540599767034496	0.1154442922066049	0.06348401530814927	0.01628769771877227	0.4207977403396029	0.02294645621540041	0.05735607634366088	0.01005143475247131	0.3528943185639981	0.248909130465466	0.1203927974562555	0.01001178480329535	0.01002420225106637	0.5571915349727889	0.2125439183511305	0.01000954030042029	0.07282017392319549	0.01000692431382109	0.0100022893027262	0.01000503012661981	-0.004806481517118566	-0.004445942355372044	0.004143685810423113	0.0004782617531816517	-0.003658200271675598	0.01534520996906827	-0.008184877238706522	0.003293307758092761	0.006401328407244565	-0.005497438806211215	-0.03850147388789089	-0.043286010783297
1.491052631578947	0.01027375337808329	0.01015289182431633	0.02492176033624816	0.03967020427475099	0.01200624144491483	0.01039582266082185	0.06617644110836429	0.01884274117583434	0.2298339599843957	0.1178683021623046	0.01011299157329163	0.01004076046317093	0.02524946875925569	0.01526277015289919	0.04488497927464203	0.06832669307508854	0.05386284592844692	0.04821717032443947	0.03040250057242633	0.02950245801315979	0.01476311882063693	0.01277128676642423	0.01317089425308156	0.01198654033918953	0.01169293587347171	0.01010292008581403	0.01004696243858707	0.02198495886853812	0.01267848334862947	0.01005150278636094	0.01653890117250284	0.1144816115562332	0.03786634184621347	0.08336228822599108	0.01080159588919744	0.3624108477318769	0.01003095836021588	0.01424194803486883	0.03607284317482386	0.01784509591057133	0.01033424096107224	0.1206302484432252	0.01001737277998638	0.01001548632926146	0.01002786659973955	0.01009568197005782	0.01001229342073845	0.07654922625264829	0.01003190922898528	0.01005769121231444	0.01697227032841975	0.05677463523785977	0.2644004811985146	0.4300543988508591	0.01001405691515236	0.01000662434637527	0.01000533568918445	0.2701827190832886	0.06793009024654943	0.01054792710334307	0.1617819187353626	0.1229369339628107	0.06971005814092748	0.01942928335436176	0.458862109013651	0.02238348805662141	0.05539869587354965	0.01113939354829833	0.3774312544113678	0.2492420026328693	0.1238978186701372	0.01001795622074975	0.01003675674019372	0.532164208034255	0.2257576602344269	0.01001328360715548	0.0702528954448737	0.01000895091553057	0.01000296068079297	0.01000650309013236	0.1243939522206909	0.04725144590341784	0.1746359170664848	0.01910609994076165	-0.05113905437498376	-0.004548462598675351	0.03676649849746199	4.003563546479691e-06	0.003686801999739254	-0.04838612873560412	-0.01887570742175774	0.03089419625601842	-0.0009768593613915159	-0.01385543587148405	0.01509120439785647	0.003070682998422882	0.1662111851587594	0.3471488714205214	0.1271878049006964	0.01028603127476738	0.01017221527195961	0.02336031089096818	0.04125661022673486	0.01104248974214765	0.01029678197939771	0.04921497534298508	0.01034858093878717	0.2905627019319164	0.1470403996679927	0.01013636183674595	0.01004734108892978	0.02317942993625394	0.01101380897398513	0.04950159104992485	0.07590264116782772	0.05480492205320261	0.06426986533622438	0.03551395096058194	0.02994652812045353	0.01835518346845247	0.01438110565563624	0.01268795051981397	0.01049643870701874	0.01011720038337973	0.01012342065621158	0.01005466876117953	0.01080160654917919	0.01008128700644738	0.0100887767351492	0.01015934741302319	0.08643142819203313	0.02907219456858031	0.07909638758868719	0.01033884356815922	0.3762008360212034	0.0100357713003785	0.01995888981907619	0.05727776887500886	0.02675424846454978	0.01076732909287918	0.1318511187163046	0.01002856722101083	0.01002455248556521	0.0100479768574777	0.01019510973533854	0.01002099370119525	0.06900547618668085	0.0100431631098997	0.01007879928787178	0.01838418515706038	0.06065746130813005	0.2282073963685102	0.366960173067353	0.0100235226577729	0.01001091739234906	0.01000879355204076	0.1925008783554404	0.05182794250707639	0.01012953854221686	0.1237633392233958	0.09941337688605374	0.0597360054301978	0.02661572733881089	0.3529115874592452	0.02376889282636586	0.05905364180816028	0.01046358748945652	0.3112156539361677	0.1995233077529329	0.1124385107726648	0.01003218908130776	0.01006551059427019	0.5146545092723397	0.1794831386067224	0.01001774347580991	0.07654141858159277	0.01001357807521028	0.01000448857734832	0.01000986603103712	0.006618823703010714	0.009460447287708146	-0.005577616119221223	-0.001240391353164975	0.02998118522726671	0.004493800796653721	-0.01075392509522808	0.006678514013030218	0.0105322332544686	-0.005915360826290301	-0.0378516945683216	-0.04415276216296319
1.500964912280702	0.01018984939078675	0.0101101315096423	0.0218020913485385	0.04297464427881496	0.01100800724156987	0.0102411669440884	0.06063328602160446	0.01328666724877437	0.2570430311021447	0.1324859878846364	0.01009926122765195	0.01003494381081109	0.02297035996556274	0.01210624402317536	0.06225178543876118	0.09029464884897602	0.05786879672263351	0.08246082817300635	0.04942398716752045	0.04450394936383895	0.02445973869762163	0.02092886331916469	0.01964702016508528	0.0108812944557385	0.010636618596254	0.01009045460181517	0.01004056197884067	0.02252578033159617	0.01096580448301163	0.01005081304413209	0.01236847986416235	0.1073830410723366	0.03523893993478018	0.07770584932355777	0.01046997423311958	0.3686544047760341	0.01002641715848407	0.01849450547321589	0.05231477529257068	0.02461796670507635	0.01729240419585201	0.1368181515105505	0.01001937891194815	0.01001672889595893	0.0100327411786098	0.01009553144371136	0.01001372693148136	0.0692247241427532	0.01002937474437056	0.01005353303485553	0.01792226002039176	0.05836802351269776	0.2375209000588253	0.3883834749558189	0.01001564855470009	0.01000731534394555	0.01000592633470658	0.2182878795181157	0.05355608799301401	0.01024627473042478	0.1335908760000585	0.1049115149409856	0.06176491752586439	0.02765932107711477	0.4028246898933782	0.02312583488202878	0.05686583593796088	0.01534248330632532	0.342048313903967	0.2273741573044306	0.1150149446998685	0.01001994831471344	0.01004105141902802	0.5084524958137858	0.1953722070886891	0.01001211549880591	0.07329499162882253	0.01000961262541253	0.01000318167653388	0.01000698851269661	0.2021790931757468	0.005565824136972958	0.199000648296157	0.02303413446369263	-0.05338623056301186	-0.00439086688256305	0.03831564868125448	4.644013435881167e-05	0.00764252744653243	-0.05086020261490578	-0.02017631887194314	0.03421712403588925	-0.000991368892941684	-0.02107021177180906	0.009890355010596522	0.01196771446732188	0.1870906355045551	0.3564947409236083	0.154815024612737	0.01005958701610437	0.01003580079235202	0.01744696714131749	0.04697530705256198	0.01011910124595567	0.01007642784178649	0.06125869926773927	0.01019288063308833	0.2830458165380892	0.1435538238479125	0.01006778375210081	0.01002334981846938	0.0204095666509715	0.01001015890679961	0.08973581899064627	0.1261147590117471	0.06345878108895738	0.1351589117431366	0.07898064705212858	0.06992073726713433	0.03814029902024917	0.03336337237665719	0.03071698576075442	0.01016798052615248	0.01004866325866602	0.01006234964897778	0.01002761573513918	0.03132450180749597	0.01002863584227001	0.0100299774593324	0.0100735942829857	0.1114847241786521	0.03629879515962994	0.06886004692739252	0.0109666662246035	0.3759384273085964	0.01001752787519153	0.02220850973367916	0.06788541375630963	0.030601436978062	0.02909008555408845	0.1633905906950906	0.01001685059583177	0.01001393592952667	0.0100309566261984	0.01022077779321962	0.01001176021470197	0.06157112953385478	0.01002098469993508	0.01003856658349563	0.01834387171947689	0.0578187267362571	0.1947273600694409	0.3096199068959192	0.01001344355071948	0.01000624463104916	0.01000512251502518	0.1435571486229701	0.038857646735372	0.01009474917781487	0.09926961020438393	0.0850907794838683	0.05461512884790633	0.0372005696263466	0.3130265443639866	0.02313727391437245	0.05625663923482946	0.02518144079428673	0.2912171460186759	0.2041578458366715	0.1057184257302477	0.01001630096632573	0.0100344689406917	0.4393481138843988	0.1559916643662767	0.01000857345413849	0.07370209546826166	0.01000816099631838	0.01000270785167174	0.0100059417144864	-0.004828464952065161	-0.004764279626930028	0.004392922294206723	0.000248797854294253	0.001172795107929609	0.01336825689264145	-0.005360587760976115	-0.0002112185352038965	0.005830722175609003	-0.006083521129905171	-0.0367831052703979	-0.0451676997572604
1.510877192982456	0.01010010901372696	0.0100585521640177	0.01696207932092376	0.04465848427368809	0.01039201394751467	0.01013559038207712	0.06009940735955262	0.01143914691559421	0.2750698102637761	0.1423906087081911	0.01008668832017521	0.01002994566088531	0.02010109143502605	0.01073044829618351	0.08427242091235064	0.1174513310707492	0.06010316490783148	0.1259540858773012	0.07504272318349356	0.06661771950300402	0.0374996712673055	0.03313943681719412	0.03067906022637294	0.01044383645698092	0.0102892719582284	0.0100795080130322	0.01003524328938041	0.03259986438335705	0.01039918317684715	0.01004523840604468	0.01098734587850599	0.1105660558951694	0.03561094048770612	0.06744211137979343	0.01321700591620062	0.3716354970309429	0.01002251480793296	0.02377301033718657	0.06992548015715118	0.03239173368687855	0.03098363178954085	0.1582809968764747	0.01002194468831313	0.01001765845594368	0.01004231437225686	0.01081428929346979	0.01001634232483402	0.06514354177543998	0.01003070617368646	0.01005621426774065	0.01771642753769904	0.05553047716240873	0.2070901269540286	0.3387576312745648	0.01001806615196684	0.01000827614931872	0.01000677034907956	0.1672176921377372	0.04217465103170941	0.01027553263711824	0.1082049002636502	0.09092412706231248	0.05765685015376582	0.03844556093836079	0.3546846601469101	0.02221672336324924	0.0540334974374598	0.03282275898543031	0.3155818274724793	0.2054816184023591	0.1104565200760265	0.01002422683158539	0.01005156951904735	0.4567312421913329	0.169603248570625	0.01001257038590515	0.07077669237270494	0.01000984204475215	0.01000326755292518	0.01000716649097493	0.2876452441815248	-0.03934103963588378	0.2226522581608467	0.02824275104479641	-0.0537477857425647	-0.003809987351618704	0.04019385711086803	0.0001152487301103158	0.009814835022250067	-0.05465319671222904	-0.02146881079535951	0.03721523498805154	-0.0009979408858497225	-0.02938878213017642	0.02239489868904388	0.01924619917406852	0.1883256345591755	0.348106334503377	0.1663861333228222	0.01010100998012743	0.01006068218158305	0.01201656111416544	0.04283076661304758	0.01017806873417904	0.01013231265579438	0.05434927023635239	0.01036146043665498	0.3112545668423242	0.1608043998785763	0.0101123135106031	0.01003812149439662	0.0168766152727487	0.01000838679518092	0.09998272172861745	0.1384501767495543	0.05717625602233993	0.1675189084643134	0.09555675580852692	0.08287503970970189	0.04825082236398517	0.04318187650776192	0.03951059936754336	0.01026275211317037	0.01010216279145837	0.01010296836670754	0.01004505794338033	0.04077130568995677	0.01005347032813654	0.01007299030429201	0.01014969429386383	0.1076433121401173	0.03309067602324791	0.0530449589164353	0.01879813133211598	0.3746591092329896	0.01002857284002197	0.03169273978950744	0.09580846012938163	0.04367619314829135	0.04523834728800359	0.1839971145009875	0.01003423003660189	0.010026114582517	0.01007158366261659	0.01231764679221306	0.01002734624794883	0.06496091408232486	0.01004949517246015	0.01009065384810747	0.01683420423895162	0.04978926890759321	0.1633020054841266	0.2538977409628788	0.01002914182809739	0.0100130950748797	0.01001072204532173	0.1013905331939589	0.03326477621932292	0.01050282095060773	0.08023137272769855	0.07818065156438098	0.0563031658601557	0.05129299649740605	0.2825341141962082	0.02028311421956581	0.04837942452520897	0.05941311653962092	0.2812915313366652	0.1583363569973947	0.1097341351876862	0.01004291634447359	0.01009245502998933	0.3401344551586395	0.1391267791463291	0.01002019354778999	0.06461505602399124	0.01001362666199946	0.01000453210117416	0.01000993021900489	0.00529570338966671	0.007806986386420399	-0.004361153683654954	-0.001193993710560353	0.03026514322673911	0.001080012826260827	-0.006724441751264416	0.004335447767979155	0.006756757203448905	-0.007216125561876201	-0.03557603895096341	-0.04624646932465443
1.520789473684211	0.01007197430529345	0.0100426676709372	0.01312714625926686	0.04662960396026017	0.01020284940331994	0.01009664551954124	0.06194323170724637	0.01067529147253678	0.2802084719156531	0.1450064148660797	0.01008083380863239	0.0100275619818307	0.01718534502395661	0.01025709487028825	0.1071097929178979	0.1448683154908261	0.06192489842334911	0.1733071881529012	0.1030466198787277	0.09036851726394621	0.05361450915651464	0.04835772563534693	0.04454009877451612	0.01025980962179253	0.01014195511967708	0.01007428521581267	0.0100326920180113	0.0470194480301771	0.01016007574039	0.01004256176908339	0.01040778207625294	0.1194273646616995	0.03776746843892143	0.05424464624462476	0.02354669863125445	0.3710717524710339	0.01002068608719059	0.0297219203299018	0.08875592829952977	0.04086225210604732	0.04922110893795967	0.1838606766243508	0.01002301067431887	0.01001762116238732	0.0100493082251427	0.02190891521231214	0.01001759844464352	0.06588865872060398	0.01003333071255313	0.01006117877885172	0.01591510203635732	0.04754029309693205	0.1753781338327802	0.2859215777913943	0.01001916599562145	0.01000865274382313	0.01000713284821569	0.1194876387488806	0.03350395005446159	0.01041858570068849	0.08739811354742433	0.08213350191984249	0.05798485054294427	0.05252182153195095	0.3191455923561927	0.01925824246438565	0.04619202141307277	0.06349162328053294	0.3018065539011603	0.1860822310915927	0.1122198375288019	0.01002602178194062	0.01005645918582523	0.3810409333602816	0.1509940749741779	0.01001356903962122	0.06152413232468222	0.01000950901832546	0.01000316537678254	0.01000693118161663	0.3648829816609904	-0.08475169312375774	0.240254963271317	0.03260101179347791	-0.05248443836138559	-0.003057086653778435	0.04155481433493059	0.0001893634929165669	0.009388419834562775	-0.05850890197924736	-0.02226008056157574	0.03910450613352077	-0.0009814995555894159	-0.04083301445388986	0.02465961897244256	0.02606975108703603	0.1943570356409086	0.327533783718059	0.1662026285419861	0.01003236619526207	0.01001937536976798	0.01043187506779248	0.0508123082224799	0.01006031828042053	0.01004430901441942	0.06762165252426952	0.0102274710231153	0.2674513282966577	0.1377300596387719	0.01006093729216936	0.01002054011718285	0.01455240944125709	0.01000318857899181	0.1392183989014195	0.1853794517281334	0.06594355700010637	0.2462907115544004	0.1419959638063249	0.1226333402121188	0.07442326570586118	0.0675481933254929	0.06177771944576751	0.01010699792858511	0.01004562220325852	0.01005632609499075	0.01002473694180302	0.06504723333703011	0.01002246811692151	0.01002419423997497	0.01007515095506343	0.1373409832923481	0.04246629968974087	0.0396847816872578	0.0370761564362671	0.3663547264099733	0.01001540580333796	0.03491090208673177	0.1082245384950248	0.0485338177994093	0.07102063473367924	0.2232582043197856	0.010018102636303	0.01001300704137978	0.01004502938543338	0.03965815958613116	0.01001409994832939	0.06829128061967642	0.01003145456921951	0.01005731869871378	0.01355170433272884	0.03671041063362244	0.1327004220574413	0.2042258606979868	0.01001524087451821	0.01000676029432282	0.01000564311046494	0.06251102799978525	0.02497062829312796	0.01189738531097274	0.06578216716400595	0.07448532891248984	0.06009562668172308	0.06910555942522364	0.273552770461811	0.01560544368078176	0.0356266080230924	0.1016100475681417	0.2905926768454846	0.1698694101892212	0.1175252800636862	0.01001967278368959	0.01004520772610581	0.2376608218736981	0.1317666539475228	0.01001288234172736	0.04799717802869042	0.01000695562994665	0.0100023292938244	0.01000508029711227	-0.005053646506306343	-0.005528798870527456	0.004866381428989399	-3.49052170698027e-06	0.004837497977272497	0.0133639971897398	-0.003715807778879493	-0.003925426376933138	0.006902117775461673	-0.004605580175359335	-0.03406545707293027	-0.04722258670984536
1.530701754385965	0.01005194473950196	0.01003086297586329	0.01135931430941791	0.04905838830364154	0.01012526054351845	0.01006986945848389	0.06289490725604106	0.01045617220230792	0.2688416523256198	0.1381237401063792	0.01008103385191838	0.01002743814701189	0.014702254014848	0.01010329420458046	0.1273941483447122	0.1689025227038227	0.06209654012442053	0.2227247504985435	0.130407326830904	0.1120297680623023	0.07089426278051521	0.06377053831021434	0.05770314130687126	0.01018187837464276	0.01009954914299027	0.01007483519421833	0.01003293917919351	0.05864413501822314	0.01008223999501956	0.01003751008577195	0.01022701733000129	0.1286921423980932	0.0401641663917067	0.04060147523579927	0.03702114965585353	0.3661999379529724	0.01002058935862085	0.03599379896365355	0.1081730558209213	0.04970334647561588	0.06751694533142186	0.2114669773965643	0.01002274835755845	0.01001622306855603	0.01005684264890089	0.04034555056912983	0.01001954118260972	0.07050193733176222	0.01005106644560319	0.01009118712476057	0.01359089340914772	0.03630117739894781	0.1451816628688234	0.2351423813264706	0.01002028625376204	0.01000889191428468	0.01000731565480389	0.07483922054949389	0.02690041916064027	0.01623388972003906	0.07054845699228862	0.07757561344887261	0.06160487021152278	0.06842498375173479	0.2953110287390391	0.01555732638603176	0.03520720879884601	0.1005141894707578	0.2989746606870823	0.1685876902271348	0.1197107064107819	0.01002934315543721	0.01006973467100851	0.2897685289681431	0.139100062343625	0.01002140205434987	0.0475999360889213	0.01000846069113559	0.0100028396952844	0.01000618258264989	0.4263525742672951	-0.1291661981378788	0.2482596142642255	0.03566962590913943	-0.04959473240218705	-0.002199525361513099	0.04233230971179127	0.0002611878846434512	0.007785559896633079	-0.06220518036866388	-0.02254530487685717	0.04024809120348822	-0.000942419444419966	-0.0547070495301042	0.02730170496754886	0.03007493700541244	0.2020401494109143	0.2987362581050836	0.1592561915704186	0.01006864450134367	0.01004094495083987	0.01052775535543321	0.04819165883017871	0.01012898835861486	0.01009031371176537	0.05514216996048387	0.01044419814523967	0.2548841148370689	0.1323386096952477	0.01011846106698896	0.01004001862577316	0.01237434857686122	0.01000539900599687	0.1380493418155158	0.18275061037282	0.05552397910842018	0.2765503535750823	0.151531082045079	0.1247249041248178	0.08506169108070781	0.07494915042336585	0.06557068954796941	0.01020779328086221	0.01011705635968239	0.01010954822072203	0.01004820830604972	0.06120937615316949	0.01005120086696129	0.01006063220606023	0.01016875397995168	0.1266829370122954	0.03812096567801534	0.02608586943316974	0.04946705492587513	0.3548989367202718	0.01003002316352648	0.04481603318172469	0.1374510410971607	0.06223412599930263	0.08310347721848625	0.2449095224848692	0.01003244474244892	0.01002202687981283	0.01008716654927848	0.05733312697387512	0.0100318834540912	0.07897233065254373	0.01009931108151499	0.01017444892701659	0.01168902879051888	0.02404158729307581	0.1091050123818699	0.1650065916778506	0.01003140177223616	0.0100134430018815	0.010010917129668	0.02588356111970037	0.02250833831111606	0.02768359043872386	0.0534360436459998	0.07478946403027324	0.06747209249579827	0.08620411465827511	0.2636753675149453	0.01218708422430557	0.0232637665746399	0.1461423811911745	0.2995015249931289	0.1289423011026782	0.1330433716477524	0.01005100805256293	0.01012696808727192	0.1386650701763947	0.1271630190253144	0.0100423461142062	0.03175934175629443	0.01001085115155625	0.01000366862799031	0.0100079458907018	0.003360013998156526	0.0054143255994739	-0.00258010328245766	-0.00117800467881359	0.02826031365626993	0.001282557968981466	-0.004675450991631468	0.0009161988106296681	0.0059482904237813	-0.004575801548653943	-0.03247122984520692	-0.04755077913830737
1.540614035087719	0.01004387623876843	0.01002614948409903	0.01066307304847186	0.04952573206243282	0.01009211742209683	0.01005863671468836	0.05988732091885065	0.01036326688051016	0.2492244462791323	0.1266132825108044	0.01008378992190628	0.01002829350061302	0.01309622851420296	0.01003834971137121	0.1427982530204915	0.1860189937174363	0.05765606208512045	0.2704150342830361	0.1555087077852644	0.1302701814783444	0.08940250981846259	0.07967471604142526	0.07048217206239983	0.01014458886437303	0.01008030275333438	0.01007740497727955	0.0100341285336923	0.06762849793119745	0.01004937841061136	0.0100351511726342	0.01015158247513958	0.1334645034757743	0.04085877392391822	0.028542753109334	0.05468363713812254	0.3566951613925237	0.0100212753849716	0.04241775175955281	0.1278103396034637	0.05871204383178136	0.08487851125808021	0.2372177208867927	0.01002195426024542	0.01001497311702396	0.01006178933770961	0.06095953999152545	0.0100201358488588	0.07726855011308098	0.01006770743944079	0.01011968790845057	0.01190123611386916	0.02418530707572921	0.1199350192289927	0.1924951698822046	0.01002028425271173	0.01000875294193509	0.01000720972397891	0.03917482872285467	0.01942757196346727	0.02603581697052266	0.05477793559606541	0.07435562131308683	0.06633698239818248	0.08510612135924998	0.2779602075297175	0.01273128928023639	0.02348309813344593	0.1378088957370355	0.3013422038472641	0.1539637254775735	0.1298587257073018	0.0100304222624449	0.01007488734369884	0.1939108164105608	0.1302657912159948	0.01002709596022009	0.0316815344602392	0.01000758324366404	0.01000255793820567	0.0100055490388682	0.4589262469352608	-0.1624019975902634	0.2465079360820176	0.03872397709529675	-0.04557953310213714	-0.001240841204945817	0.0428050096368246	0.0003278280688875046	0.006616213779652581	-0.06531636408601606	-0.02238557339502626	0.04088886638200183	-0.0008862411234465443	-0.05563332368466581	0.02676830674759412	0.03964403732300255	0.2109166613439379	0.2635594180381344	0.1518549729451021	0.01002376589057024	0.01001424846331512	0.01015026653669905	0.05014596527748803	0.01004452110307025	0.010032042522134	0.05754367148016137	0.01024754917040132	0.2104132509100601	0.1068948084958414	0.0100712401881274	0.01002404562734631	0.01205635064278042	0.01000325043199462	0.1651263109574695	0.2114087374251234	0.05235016553586001	0.3491160450088934	0.1925770423405618	0.1566914520704489	0.1142611969625219	0.100862214902964	0.0874447948677656	0.0100790665155238	0.01004849769859824	0.01006577651741444	0.01002919228872495	0.08023778416120002	0.01002261457659059	0.01002273808786195	0.01008476737326925	0.1416496732081547	0.04237232623819123	0.01776200227029114	0.07739432974898643	0.3367374154891484	0.01001817845743509	0.04806555630276613	0.1491837109589599	0.06703509886723913	0.1057662546711147	0.2735240941187891	0.01001617244612304	0.01001033514698198	0.01005541251878066	0.08560122688918485	0.01001568840261997	0.08405601259964057	0.01009090589565374	0.01014842540238671	0.01056419882138579	0.01263556257759185	0.09213223816470448	0.1404261227144335	0.01001509277327671	0.01000643731980498	0.01000539253526171	0.01006026136112205	0.01060751951636092	0.034564269759572	0.03693049256223826	0.06964745845814345	0.07067344115865917	0.1039769525788863	0.2529967289064693	0.01058343975557321	0.01241096762479122	0.1827210237524568	0.3053579424292731	0.1454903816121193	0.1414056103316466	0.01002224699689283	0.01006009667879364	0.06391552531797363	0.1189968547034166	0.01004150386600232	0.01556781642897833	0.01000519132058668	0.01000176539867803	0.0100038058994649	-0.005061979889830314	-0.005836172948596336	0.005866532040102658	-0.0002748952845489176	0.004788502119156493	0.01477328234091514	-0.003124697599124578	-0.008502403668254912	0.009526400629291854	-0.001988672350395426	-0.03086893158161879	-0.04677453870380394
1.550526315789474	0.01003595008208306	0.01002156021424327	0.01034224779775974	0.04788584021084549	0.01007015669771411	0.01004760642941563	0.05230217748833892	0.01032870707724079	0.2243042344242715	0.1117429301436013	0.01009530638341146	0.01003239953967545	0.01217268934234332	0.01001815640031616	0.1529014646903055	0.1958175999290135	0.04844653536703376	0.316022321611317	0.1778107881967498	0.1446303854228311	0.107884377571702	0.09486094408654616	0.08172995598349972	0.01011534375504088	0.01008193403444401	0.01008806452444272	0.01003925677866788	0.0727746803926527	0.01004015443022744	0.01004344852488053	0.01013510451733005	0.1324161117404623	0.03925539657974093	0.01896686805203175	0.07438464078658336	0.3422057615083156	0.01002449445783026	0.04876027905146655	0.1470631155779603	0.06760100522711528	0.09875270209184379	0.2556637668688908	0.01002209271186986	0.01001409711385285	0.01007311197199235	0.08034300011387899	0.01002423745097793	0.08251087347181531	0.01017871440746972	0.01026596035116668	0.01102105193468982	0.01546827918424848	0.09985030149427897	0.1591988907935844	0.010021797679174	0.01000928330133017	0.01000767185406319	0.02008082083801816	0.01281953628859989	0.03384934452595891	0.03728002854157086	0.06886722740566549	0.06899416452381567	0.09922124363532452	0.2589388201760257	0.01128920643854938	0.01517036019738619	0.170688496825231	0.3004386147275859	0.1416342798381326	0.1377906796482439	0.01003593306932634	0.01010586802315282	0.1066064396465519	0.1196836175280995	0.01010074506582584	0.01896173536149202	0.01000705852559205	0.01000241486584345	0.01000518068348829	0.4763263950614421	-0.1885382044054766	0.236043269052531	0.04032024107945377	-0.03978123423336453	-0.0001561175960088797	0.04264513443427833	0.0003915394232434369	0.005042623181501504	-0.06869952614665874	-0.02209546892852651	0.04099939038198547	-0.0008279429232787299	-0.06390011065992075	0.03159765497194917	0.04363750951104208	0.213289449439938	0.2233645865780141	0.1409181342538464	0.01005292672631018	0.01003188410775703	0.01024522931745952	0.04252388352342953	0.01009568264845109	0.01006844437656984	0.03484291177801252	0.01043055180453256	0.1957793109217507	0.09805781418314966	0.0101498121961732	0.01005131617162041	0.01119818831935593	0.01000750727202534	0.150250066034268	0.1899736938976199	0.03186010841837955	0.3690993932393526	0.1930352901531999	0.1481153111018604	0.1230390616645196	0.1050728264996427	0.08649432233793691	0.01015693864217235	0.01014013887942463	0.01013854842925211	0.01006220364684711	0.06678047628344014	0.01005519310328136	0.01008734224595268	0.01019180131374992	0.115747355435737	0.03240549437370294	0.01013760972856136	0.09246929924569275	0.3148749242433248	0.01003886550413164	0.05766806361025013	0.1773645543951759	0.08035612808322833	0.1070929721750725	0.2692476369974103	0.01003360670436482	0.01002062974513523	0.01011586554867456	0.09604082136139372	0.0100434152054885	0.08769631452840627	0.01041095746358763	0.01057891471062509	0.01071361856020763	0.01053514701425367	0.07880442363744918	0.1207345437104518	0.01003586693463533	0.01001513894501985	0.01001238049967812	0.01005193154276715	0.01027574208940434	0.04169536247415958	0.01775866896958656	0.06106376702562805	0.07032435130350745	0.1120487627664445	0.2234865949197227	0.01066219238835302	0.01053687857923278	0.2102658048744153	0.2907240699908517	0.1095120763791274	0.1459307142011882	0.01006623629321892	0.01021345558686162	0.0103149948352182	0.1038272410089345	0.0102541642080851	0.01053990316434623	0.01001013645834739	0.01000351409557713	0.01000746084537307	0.001539500395326981	0.002600909076886391	-0.0001258323811841739	-0.001170135334666306	0.02192471719962998	0.00470601451308471	-0.003783562119243613	-0.004917326222904794	0.008271512419207769	-0.001070968552160713	-0.02945695276275631	-0.04421103610788112
1.560438596491228	0.01003277974143083	0.01001969597434197	0.01021631128279119	0.04478420211105135	0.01006123046836528	0.01004302520365104	0.04100565140683474	0.01030785264581856	0.2142528422812057	0.1066600408522521	0.0100981485173522	0.01003322350389055	0.01106510073568015	0.01000934910167173	0.1575852336814345	0.1985080761485956	0.03510011712943325	0.3566903643084042	0.196174266064087	0.1545154621305575	0.1258791049313999	0.1089591813821089	0.09120115883275795	0.0101022036274152	0.01007998751419457	0.0100903101632675	0.01004024889791688	0.0741299917464172	0.01003539733447289	0.01002557272641039	0.01012512124445956	0.1268166525779138	0.03603893598252737	0.01320876122157885	0.09546080440456998	0.3227771890998901	0.01002521356993532	0.05494176721726667	0.1655016166239889	0.07624600384307322	0.1090719625184015	0.2649108579219802	0.01002250423503953	0.0100137250072608	0.01009211390943324	0.09708868476186251	0.01002637220947694	0.08413494484137	0.01248336918552977	0.01069133869258527	0.01065093082386898	0.01211292257244429	0.08344052062696482	0.1327015733142631	0.01002258916254105	0.01000958993005295	0.0100080037539166	0.01359481265975018	0.01107394245219916	0.03513897153979328	0.02196013373353826	0.05916171774748075	0.06793181002523491	0.1090175864304855	0.234610118905195	0.01072432713954959	0.01201125498976458	0.1946596454515764	0.2922634750483732	0.1339798168993069	0.1404004351125485	0.01003846272197003	0.01011940969448798	0.04995991262288562	0.1049346656868173	0.02207050935745187	0.01335232694470475	0.01000685379721585	0.01000236411751494	0.01000503894748943	0.4781534846757645	-0.2101162504673961	0.2179442250281173	0.04130143000987975	-0.03239457950844694	0.001074628275224435	0.04210708270593935	0.0004538392870565739	0.003763261472495823	-0.0722646000969716	-0.02177589929843212	0.04066406016908558	-0.0007756361132114342	-0.07007442746964944	0.02627119337322961	0.03885506128844838	0.208255171502546	0.1836248017156885	0.128300579389094	0.01001939713677959	0.01001168085524692	0.01009357695867622	0.04181626252715702	0.0100349604799623	0.01002557471771043	0.03146277037049197	0.01022683178245675	0.2149816684423075	0.1085976406389997	0.01007012240254666	0.01002310283856892	0.0100122140060738	0.01000290296114919	0.1664164134102529	0.2045146809471458	0.02273435841985946	0.4275465693406292	0.2253316243063187	0.1708510946431174	0.1513699209210125	0.1289090174663898	0.1049052858589672	0.01006136762886184	0.01005448109991019	0.01006366755683024	0.01002796689693635	0.07858392836680403	0.01002172545144777	0.01002679831668822	0.01008525557196803	0.1226473137298632	0.03371793723195064	0.01000181013185823	0.1236091505505031	0.2872711477339762	0.01001766220510289	0.06034313216481025	0.1859860565334029	0.08425753484878987	0.1220732173798182	0.2747236466403041	0.01001842794772058	0.01001032811486669	0.01011308513118654	0.1173744774928547	0.01002298913193942	0.08293159973185581	0.01692904935858315	0.01148937892371606	0.01030879785499931	0.01015315188175521	0.06600856433040114	0.1025307847854914	0.01001774660426091	0.01000761935644047	0.01000665910581887	0.01001369886586985	0.01005248571220299	0.03149594538737732	0.01012308801050456	0.0458626455732148	0.06428906806139303	0.1184765368970398	0.1960101795408861	0.01029072976368906	0.01016324020607715	0.2198716766212682	0.2741845865896531	0.136910854498434	0.1389787832788947	0.01002856532970322	0.01010023849312022	0.01002647767478206	0.0847253107967867	0.04337097392142115	0.0101197124145804	0.01000528848052396	0.01000184270157653	0.01000389396739004	-0.004617581910208521	-0.005906087262737189	0.006806140380266609	-0.0005471273713779081	0.003466505917878731	0.01405390253611309	-0.002017362094640425	-0.01182367887067689	0.01036170406311642	-0.000128217647773552	-0.02821584900535249	-0.04067982429893122
1.570350877192983	0.01002854331646866	0.01001730629289867	0.0101435277950368	0.03903723330742218	0.01005042655799276	0.01003707172515002	0.02879748787794757	0.01028866103805914	0.2269296825522223	0.115971343173184	0.0100807661491966	0.01002638531171296	0.0103032775540235	0.01000507239416273	0.1571008470670376	0.1939208071507658	0.02311840056102497	0.3931604506363008	0.2113900989187003	0.160771089843868	0.1433499520550091	0.1221461611411774	0.09920938073224533	0.01008566938238002	0.01010447839820637	0.01007333499083982	0.01003196992286996	0.07250179415754644	0.01003393055400168	0.01021005705697372	0.01012777583212276	0.1149157182943884	0.03009108478883332	0.0112421496929231	0.1181312801813464	0.2977282558076773	0.0100201165295928	0.06067155135504852	0.1824762241888147	0.08427920157718038	0.1147408278034368	0.2629658869238055	0.01002734508838753	0.0100150495821685	0.010170898319548	0.1097789068889668	0.01004116997086221	0.08087752232755913	0.01957716516347527	0.01247683403043046	0.01047008640162699	0.01090822284684174	0.06946289118393324	0.1109225540628995	0.01002762911782844	0.01001198590891813	0.01001048857665276	0.01141123416013971	0.01043842542444798	0.02983209747030068	0.01401543581343298	0.04510287731234391	0.06254689571803777	0.1131130308872577	0.2031677578156187	0.01048955178431246	0.01087852580107586	0.2074237238695554	0.2741812991306262	0.1313247708284432	0.1357364904537223	0.01004738001871504	0.01019378725354545	0.02548144391417553	0.08549412039144902	0.04753097298526623	0.01135848741501943	0.01000776928141683	0.01000273360613242	0.01000572751853539	0.4684016864888446	-0.2200013154383414	0.1941916979107783	0.04237869848275226	-0.02595369772703296	0.002104964688310863	0.04178769793835332	0.0004938309129881577	0.003643253726959629	-0.07435541694123592	-0.02114622790577726	0.04044462486213717	-0.0007207718526666862	-0.06548506278841068	0.0270878987105998	0.04377864750105261	0.1852630447513255	0.1520366330674643	0.1233749981356763	0.01004344176862332	0.01002660596960373	0.01015019304857725	0.02824277752835639	0.01007229147721226	0.01005523447418537	0.01038555916775111	0.01039374084466593	0.263784751110568	0.1373170642786804	0.01009584597678579	0.01003036732737324	0.01000729105600121	0.01000325386905319	0.1408984982256609	0.167959345356222	0.01023611603862504	0.4356619658464771	0.2184578362937252	0.1547995439467846	0.1581193775078347	0.1306302061778361	0.1006730275952015	0.01012064535618136	0.01021422361011177	0.01008635013217453	0.010036845852241	0.05979276929821671	0.01005538235974325	0.01064856353836208	0.01020910990865488	0.0833235951021196	0.01778381706893443	0.01000147056264093	0.1416707122528389	0.2538956482327876	0.01002315128086925	0.06882365425984936	0.2104906989002236	0.0960662557328172	0.1120003090293004	0.2429841616400487	0.01004749246298218	0.0100248891614668	0.01033021749957409	0.1166010055994899	0.01008503069513082	0.07488348661576961	0.02936743828967903	0.01545838186481008	0.01053243072902257	0.01023480248803611	0.05508771569099932	0.08691179683087283	0.01004997929278859	0.01002191382958871	0.01001939338698387	0.01002111122146597	0.01007640257227209	0.02410715434204675	0.01010922880291252	0.02844199622141131	0.05433473777641729	0.1124314703200203	0.1500679607867571	0.01050801237668242	0.01025493794146205	0.2177124679602605	0.234461647471315	0.1123361201848887	0.1254679175478613	0.01009013471706889	0.01042001130668378	0.0100336008665711	0.05974911621506961	0.07638332931023856	0.01017243144856762	0.01001303054769748	0.01000465188276951	0.01000962597021779	-0.0001611004198407062	-0.0002031460518017434	0.002802339955781886	-0.001159370977827728	0.02213522895136805	0.006532749579869592	-0.001553200929884919	-0.01171508322852447	0.008875168842931359	0.001121410472307321	-0.02742232643192819	-0.03712330465677571
1.580263157894737	0.01002661204022975	0.01001619817773147	0.01011021068020014	0.03245074544001067	0.01004560975528748	0.01003426299026622	0.01693652553193999	0.01027358138989216	0.2352140612779539	0.1225463252766668	0.01007235781996728	0.01002319520182573	0.01010863760089831	0.01000331211133157	0.1518766373420024	0.1833256240421932	0.01477111301321878	0.4222383552462613	0.2221610382843387	0.1626115234989191	0.1595251770982894	0.1336241607359898	0.1050288610461012	0.01007746480325134	0.01010707022100797	0.01006515889169978	0.01002806466746771	0.06674072358661141	0.01003292768927461	0.01002395911339726	0.01012755816919427	0.10003170097466	0.02252877779632358	0.01043271862261145	0.140261584461792	0.2655524085858478	0.01001772929381963	0.06633495580002442	0.1978110761084054	0.0920726268922617	0.1128588683711293	0.2483152271250656	0.01003037976606611	0.0100159156725464	0.01065964384146223	0.1125856954849093	0.01004747840973405	0.07283219025138328	0.02860277882994624	0.01555688287095574	0.01038590073691872	0.01041397411021838	0.05278129280395728	0.08475979711333169	0.01002995302584234	0.01001321947722112	0.01001189806627493	0.0104998987011178	0.01018306434685046	0.02070704522677311	0.01144972502465337	0.02955875654766286	0.05293631104741968	0.1086970750154355	0.1701890731122296	0.0103847532645196	0.01041448087289421	0.2024641750920529	0.2478620205567063	0.1332012863957019	0.1244915711140228	0.01005011735840632	0.01021170857511969	0.01556870028477867	0.06623261848154373	0.07105837929531221	0.01054255542926002	0.01000842372179951	0.01000298112854062	0.01000621227931427	0.4567032231092583	-0.2313615765405235	0.1663035017427357	0.04241434667667722	-0.02031651265813612	0.002861162495656272	0.04143885336207825	0.0005106571544188437	0.003096110270204101	-0.07524537067159041	-0.02025043640749474	0.03989890471086599	-0.0006673743324490815	-0.06296479346254853	0.02385240528212307	0.04307976766919859	0.1497048784686638	0.1352678857450482	0.1190423914089112	0.01001623242881279	0.01000988251634274	0.01006034201270137	0.02751030297086551	0.01002735160181373	0.01002089815076965	0.01011725590265067	0.01019917453363187	0.2288540666384813	0.121045059676455	0.01005526352002178	0.01001747479048252	0.01000441161136185	0.01000200385836827	0.1485800712543874	0.172787308255101	0.01006930265731851	0.4732793559555127	0.240597923808721	0.1681927801421932	0.1835010722022325	0.1505827312197652	0.1142508341864762	0.01004757698199022	0.01008169149576929	0.01004905373417068	0.01002099891381099	0.06254562666552299	0.01002109209608999	0.01007552605697554	0.01008846904514595	0.08805976671079302	0.01777864797319847	0.01000076908968367	0.170061641658576	0.2111354538195833	0.01001346496914684	0.07144306680591787	0.214452352659204	0.09946244928603766	0.109068666121596	0.2218790005281779	0.01002703399563092	0.0100132152049545	0.01151301149961819	0.1115554406290683	0.01003670836659769	0.06122574625464968	0.03686110930439688	0.01852432321715249	0.01023721072474698	0.01010591127503834	0.03214167968340688	0.04952887741577556	0.01002283013184394	0.01001067986795593	0.01001043123770683	0.01000976733805304	0.01003215353239131	0.01013575914931972	0.01004566255006886	0.01475507787560186	0.04050425059122763	0.09883978624918029	0.1301050828406302	0.01023302388211314	0.01012207505230259	0.1801316145602486	0.2064455714982947	0.1472680119532453	0.1069179795268617	0.01003254356529137	0.01011276942434363	0.01000914176637938	0.04717496814676703	0.09360750040220475	0.0100713572488024	0.01000780139877861	0.01000279975118855	0.01000576523872831	-0.003711115663810568	-0.005944762306048005	0.007450713904364508	-0.0008020292765855568	0.01069375332768474	0.01091487858980254	-0.0004623312918034296	-0.01251932404341695	0.008320146742845523	0.0008015951026653674	-0.02702683865703953	-0.03357772242391911
1.590175438596491	0.01002424078918018	0.01001490131953857	0.01008582839295115	0.02556612215096407	0.01003962689764943	0.01003072563772235	0.01273216327984382	0.01025927275800415	0.2276042646727719	0.1198296344229766	0.01007518754871202	0.01002383850252504	0.0100471516116746	0.01000301144470912	0.1430773967344316	0.1677655939901572	0.01188678400300544	0.445360904451145	0.2298623821903995	0.1612686872201768	0.1749780822998847	0.1439452401699609	0.1092350940874605	0.01006759820636872	0.01021514915531342	0.01006664963358454	0.01002859648242855	0.05785787165504808	0.01003338745954422	0.01206561961012645	0.01013512303565449	0.08241576176688496	0.01743459827256774	0.01017090382062686	0.161957366705393	0.2266114246544702	0.01001839055938204	0.07131187326430607	0.2105209534791151	0.09891733130550653	0.1052912941169943	0.2236594102848036	0.01004282078236714	0.01002069454913264	0.01204028626703867	0.1064606834071689	0.01006174249955758	0.06134698909547025	0.0355087515778492	0.01825271678377296	0.0103248638197888	0.01024324110358747	0.03404567582354279	0.05400405957594314	0.01003496565273407	0.01001700258629663	0.01001710518059295	0.01020496567327974	0.01009857792601813	0.01294148040208264	0.01060390457449959	0.0180534564962847	0.04002466462705735	0.09696904181045535	0.1395253672532516	0.01032435912883457	0.01025885447103703	0.1780343613522662	0.2156602918000765	0.1383565060432937	0.1078389091123155	0.01005204220856958	0.01018027910886789	0.01217229241151493	0.04941803772332094	0.08832414930036336	0.0102652913944475	0.01001339484160109	0.01000493595147028	0.01000995437958821	0.4468123047979058	-0.2422128852369731	0.1367892500040167	0.04155861512499885	-0.0163709662714932	0.003224070545221574	0.04115411283364869	0.0005006890663728264	0.001556501522178031	-0.07422372620250627	-0.01896376265137991	0.03888525356595796	-0.0006107174530116641	-0.06451330488701734	0.01162508705205983	0.04182115767659343	0.1064860777827133	0.1331730146268923	0.1150812159171049	0.01003828154879135	0.01002383307647966	0.01010991056419417	0.01450346262435365	0.01005921847912487	0.01004746797163505	0.01008559392061753	0.01036584942391852	0.2187281111570601	0.1185090578115725	0.01011217363404693	0.01003529218665438	0.01001090753309534	0.01000403774034571	0.1180606920711193	0.1295065253805727	0.01007074488418979	0.4685586510736308	0.2282217618034731	0.1469021214883072	0.1885500132888187	0.1497857387620657	0.1068328775693547	0.01009933308398856	0.01053060343254013	0.01009850790202332	0.01004212074521493	0.03870929449482492	0.01005769011777258	0.01686888964217807	0.01023163090140331	0.04639458894380091	0.01040908135297387	0.01000150083639618	0.1861106107073312	0.1665107994558615	0.01002736705681904	0.07810970267139226	0.2322530319134909	0.1087979097188859	0.08895486856744718	0.175732928392458	0.01008130340282047	0.01003816059242402	0.01394737287926118	0.09178376982432974	0.01012111269697435	0.04802094586984751	0.0412892714724061	0.02051347648324662	0.01043234233128439	0.01020191666626434	0.01649154972672461	0.02258283136836001	0.01006255686889549	0.01003189984122985	0.01003341194660972	0.0100212613877089	0.01006999526064	0.01011986143610138	0.01008976997616815	0.01047264087535545	0.0252786165080639	0.07903235715183415	0.09715374789482455	0.01042942920888991	0.01023778176824946	0.1352432810005748	0.1617744184643214	0.1274833721748681	0.08500656887444757	0.0100932136296851	0.01031027689658171	0.01001411800180282	0.03079556122621372	0.105256761252748	0.01013321779422251	0.01002706960886312	0.01001018179842619	0.01002020154919974	-0.001549095773649275	-0.002726789141673248	0.005701414243738553	-0.001175246568703074	0.02111740748098116	0.00538740677155749	0.0002449930021538412	-0.01252602559722009	0.006063934492818038	0.002021717960246108	-0.02694998401818505	-0.02940785797212444
1.600087719298246	0.01002136877651798	0.0100132236847189	0.01006744920480183	0.01890368982256927	0.0100338468299182	0.01002675934727259	0.0109851629334098	0.01022756109599297	0.2010014164968915	0.106134862801053	0.01007489533344997	0.01002379699167993	0.01000825322688263	0.01000294515756113	0.1325035212290546	0.1493335281773446	0.01068279505105661	0.4589883324541009	0.2347428914228762	0.1578688368078226	0.1905632215971358	0.1545221633965125	0.1135649358014203	0.01005754957327968	0.01099008820506635	0.01006591283457226	0.01002838264532511	0.04483864108617111	0.01003119507203272	0.0175521941545657	0.01012875192271841	0.06586709167282237	0.01279805840691465	0.01005963900550634	0.1833862615707935	0.1822746129739384	0.01001846486988809	0.07658060093032373	0.2188490583392709	0.1054131132586218	0.09421930910135148	0.1932292782375746	0.01004235382098137	0.0100205216217953	0.0144520852931887	0.09326149182499495	0.01005864054308381	0.04637971458415278	0.04265640396850284	0.02166880222666508	0.01026977081505084	0.01015677416300762	0.02037999225962673	0.02968275110983952	0.01003276932659056	0.01001643200970947	0.0100168486616043	0.01007970841577344	0.0100600682414264	0.01106643855245268	0.01024856974298356	0.01301779398340603	0.02556101071037594	0.07886831883581059	0.1156314894477396	0.0102692631328064	0.01017596208151091	0.1371782771821434	0.1814217564062485	0.1475132128354531	0.0878270370129749	0.01004774766984959	0.01015558924569094	0.01076213216334563	0.03884970120838463	0.1032362116851301	0.01014045227303825	0.01001050598672867	0.01000371123527119	0.01000767864677468	0.4240594905692021	-0.2543734077055646	0.107215815291934	0.04167953037756005	-0.01350410634664456	0.003371561344892584	0.04132194891503198	0.000474911114764266	0.0009196710342190792	-0.07219448771315616	-0.01762131913498868	0.03781905980755144	-0.0005656815899410217	-0.04477336899297739	0.00562815317555237	0.03274539377096312	0.05505918210522395	0.1402903851963759	0.1077975668133166	0.01001045752804016	0.01000649330523301	0.01003079108088764	0.01580440336574476	0.01001611533584174	0.01001285418934503	0.01002984131336712	0.01013936652496018	0.1434481243065674	0.07929639597223105	0.01007013253145583	0.01002306684350718	0.01004198906209861	0.01000345544882968	0.125879012440038	0.1333083415660463	0.01002315616349964	0.4790299848765638	0.2460182089821037	0.1586571637901888	0.2161980436333965	0.1728168425637057	0.1233505547715361	0.010028135939578	0.01434787825662734	0.01006138963699393	0.01002718296981265	0.03318899367614965	0.01001619104338947	0.02556980438748062	0.01007299109853938	0.05888558564039928	0.01021264592049081	0.01000180212853073	0.2140970695778779	0.1191563073644554	0.01001810761127351	0.08221380854231373	0.2235070233840532	0.1119338661472363	0.08204863266858507	0.1511741122016077	0.0100352781195526	0.01001691575582095	0.01761632651379799	0.07607948069697473	0.01002227760371769	0.02823170231774148	0.05228153552894337	0.02644445393993862	0.01014018338794313	0.0100618358547846	0.01003859834793579	0.01002329088073478	0.01001922629493323	0.01001040485297239	0.01001182800589418	0.01001327605967596	0.01002936838208186	0.0100301076373928	0.01006016770882997	0.01015972432332179	0.01183026507122163	0.05491202496984698	0.09246175456981745	0.0101415682714336	0.01007576396933347	0.07630038730297918	0.1356076226802819	0.1726372472634009	0.06230861267739321	0.01001981632152375	0.01004479135959357	0.01000391234118783	0.03218735352382378	0.1230507062710071	0.01004279242981571	0.01001869812499521	0.01000718137304911	0.01001404435004077	-0.002649074782883079	-0.005782657211318845	0.008062725018372269	-0.001022695679286905	0.01081429373874945	0.007153324086678571	0.0002154921151521048	-0.008307849120699731	0.005176512362639384	0.001321380243218876	-0.0272510151470379	-0.0249966577985293
1.61	0.0100197587335155	0.01001231705477933	0.01005831370852865	0.01795502302617644	0.01003017576215846	0.01002387671434314	0.01041614832370035	0.01024290049460595	0.1571876153347031	0.08317267006132717	0.01013270556109541	0.01004451329189607	0.01026684148579624	0.01000747744746093	0.1252405999926367	0.1345103484128402	0.01029128943914935	0.4625610708037335	0.239090331510998	0.1554650851667529	0.2076596774691105	0.1670396660862287	0.1201502568176349	0.01005219600498717	0.02151472981829044	0.01011640782385551	0.01005228249485042	0.03091553378839864	0.01003044833464827	0.03224270550690553	0.0101298024213207	0.06080456355997622	0.01130289133533953	0.01003108390843639	0.2035336386290135	0.1357585270644721	0.0100350490101236	0.08225609440688317	0.2211207123970219	0.1114211822861987	0.08089060155318269	0.1571781580234278	0.0100946200338679	0.01004243064859405	0.01913363347285906	0.07623522229257393	0.01004674360310395	0.02879229066582334	0.05462611888478855	0.02818128440576286	0.01023406761289434	0.01011480870314509	0.01346462927903862	0.01656347558905435	0.01004478753308825	0.01002511936317479	0.01003098963275179	0.01005654907256984	0.01006797646343672	0.01045330577965977	0.01019891173556904	0.01132009985952091	0.01560613351312154	0.05501623697430214	0.09285947729225542	0.01023639977918872	0.01013610064337355	0.08684450331478122	0.142344745134089	0.1627919854157818	0.06212696543185173	0.01003907177300839	0.01009110422738472	0.01030283925382366	0.03145811630862759	0.1244288386926	0.01009305523321071	0.01008663997145801	0.01003484460496274	0.01006621619683688	0.4052948592978021	-0.2587750850341037	0.07893422763323049	0.03975515082234559	-0.01267020056818311	0.003004491004859909	0.04106103269373887	0.0004188617578403772	-0.001659003890618448	-0.06797309186956692	-0.01588044134161012	0.03605422659987972	-0.0005132852824369768	-0.03685716616571127	-0.006823217747189346	0.02980726453414354	0.01340242877400044	0.1532235685248377	0.09855198805735078	0.01003625903423856	0.01002275148744347	0.01010041263072766	0.01846764412101995	0.01005387763909666	0.01004273095157288	0.01008400054362271	0.01044122183575212	0.1039194173426931	0.06060997577968075	0.01028296901529287	0.01009642818353894	0.01081074399120343	0.01001746651587943	0.1092036222528201	0.107360485364894	0.01006758165244211	0.4503102662571882	0.2358710094347989	0.1438301321899031	0.2261044390573546	0.1782399427252764	0.1232499609376169	0.01009308148961492	0.0413616102663574	0.01024814434649871	0.01011281010805442	0.01103626608025233	0.01005756858220616	0.05618431972025897	0.01024077766134145	0.05164273894836573	0.01053164592893969	0.010022957703076	0.2255988007702995	0.07750405477665701	0.01007620581650052	0.09013711649974734	0.2258555713191653	0.1203513297979507	0.06012291231454649	0.09870260762999135	0.0102359035736663	0.01010293892813559	0.02559785936417413	0.05369104823419325	0.01008896884028645	0.01104542842890646	0.07108081881095332	0.0368031018711624	0.01037933409544846	0.01016025754951141	0.01006217677186877	0.0100367011328221	0.01010008596211285	0.01005806149482318	0.01007535934274313	0.01007193412838613	0.0101298786921904	0.01011240429675404	0.01028138750249079	0.01039853096168808	0.01062480483399919	0.02603051492356894	0.05649823145168734	0.01038480290599529	0.0101989318440797	0.02806177552497323	0.08144447626193861	0.1676462136726099	0.02868491727536159	0.01007170209420739	0.01014350184842982	0.01000995218521873	0.0201279992756459	0.1580213707039612	0.01011201177688479	0.01025435917245102	0.01010316108885008	0.01019500542230207	-0.01167900768312418	-0.02898455558317309	0.05284634207074342	-0.005539098292620953	0.03178604937573658	0.01597451307017519	0.002532591350531625	-0.01679548137085732	0.003939877038419635	0.0133593000757084	-0.0277263475943842	-0.02044632675704552
