inDegrees=no
num_controls=109
num_derivatives=0
num_input_controls=0
num_iterations=21
num_multipliers=2
num_parameters=0
num_slacks=0
num_states=142
objective=1.640562
objective_excitation_effort=1.640562
solver_duration=70.645754
status=Solve_Succeeded
success=true
DataType=double
version=3
OpenSimVersion=4.5.2-2025-05-03-6a4c6ec41
endheader
time	/forceset/addbrev_r/activation	/forceset/addlong_r/activation	/forceset/addmagDist_r/activation	/forceset/addmagIsch_r/activation	/forceset/addmagMid_r/activation	/forceset/addmagProx_r/activation	/forceset/bflh_r/activation	/forceset/bfsh_r/activation	/forceset/edl_r/activation	/forceset/ehl_r/activation	/forceset/fdl_r/activation	/forceset/fhl_r/activation	/forceset/gaslat_r/activation	/forceset/gasmed_r/activation	/forceset/glmax1_r/activation	/forceset/glmax2_r/activation	/forceset/glmax3_r/activation	/forceset/glmed1_r/activation	/forceset/glmed2_r/activation	/forceset/glmed3_r/activation	/forceset/glmin1_r/activation	/forceset/glmin2_r/activation	/forceset/glmin3_r/activation	/forceset/grac_r/activation	/forceset/iliacus_r/activation	/forceset/perbrev_r/activation	/forceset/perlong_r/activation	/forceset/piri_r/activation	/forceset/psoas_r/activation	/forceset/recfem_r/activation	/forceset/sart_r/activation	/forceset/semimem_r/activation	/forceset/semiten_r/activation	/forceset/soleus_r/activation	/forceset/tfl_r/activation	/forceset/tibant_r/activation	/forceset/tibpost_r/activation	/forceset/vasint_r/activation	/forceset/vaslat_r/activation	/forceset/vasmed_r/activation	/forceset/addbrev_l/activation	/forceset/addlong_l/activation	/forceset/addmagDist_l/activation	/forceset/addmagIsch_l/activation	/forceset/addmagMid_l/activation	/forceset/addmagProx_l/activation	/forceset/bflh_l/activation	/forceset/bfsh_l/activation	/forceset/edl_l/activation	/forceset/ehl_l/activation	/forceset/fdl_l/activation	/forceset/fhl_l/activation	/forceset/gaslat_l/activation	/forceset/gasmed_l/activation	/forceset/glmax1_l/activation	/forceset/glmax2_l/activation	/forceset/glmax3_l/activation	/forceset/glmed1_l/activation	/forceset/glmed2_l/activation	/forceset/glmed3_l/activation	/forceset/glmin1_l/activation	/forceset/glmin2_l/activation	/forceset/glmin3_l/activation	/forceset/grac_l/activation	/forceset/iliacus_l/activation	/forceset/perbrev_l/activation	/forceset/perlong_l/activation	/forceset/piri_l/activation	/forceset/psoas_l/activation	/forceset/recfem_l/activation	/forceset/sart_l/activation	/forceset/semimem_l/activation	/forceset/semiten_l/activation	/forceset/soleus_l/activation	/forceset/tfl_l/activation	/forceset/tibant_l/activation	/forceset/tibpost_l/activation	/forceset/vasint_l/activation	/forceset/vaslat_l/activation	/forceset/vasmed_l/activation	/jointset/ground_pelvis/pelvis_tilt/value	/jointset/ground_pelvis/pelvis_tilt/speed	/jointset/ground_pelvis/pelvis_list/value	/jointset/ground_pelvis/pelvis_list/speed	/jointset/ground_pelvis/pelvis_rotation/value	/jointset/ground_pelvis/pelvis_rotation/speed	/jointset/ground_pelvis/pelvis_tx/value	/jointset/ground_pelvis/pelvis_tx/speed	/jointset/ground_pelvis/pelvis_ty/value	/jointset/ground_pelvis/pelvis_ty/speed	/jointset/ground_pelvis/pelvis_tz/value	/jointset/ground_pelvis/pelvis_tz/speed	/jointset/hip_r/hip_flexion_r/value	/jointset/hip_r/hip_flexion_r/speed	/jointset/hip_r/hip_adduction_r/value	/jointset/hip_r/hip_adduction_r/speed	/jointset/hip_r/hip_rotation_r/value	/jointset/hip_r/hip_rotation_r/speed	/jointset/hip_l/hip_flexion_l/value	/jointset/hip_l/hip_flexion_l/speed	/jointset/hip_l/hip_adduction_l/value	/jointset/hip_l/hip_adduction_l/speed	/jointset/hip_l/hip_rotation_l/value	/jointset/hip_l/hip_rotation_l/speed	/jointset/back/lumbar_extension/value	/jointset/back/lumbar_extension/speed	/jointset/back/lumbar_bending/value	/jointset/back/lumbar_bending/speed	/jointset/back/lumbar_rotation/value	/jointset/back/lumbar_rotation/speed	/jointset/walker_knee_r/knee_angle_r/value	/jointset/walker_knee_r/knee_angle_r/speed	/jointset/patellofemoral_r/knee_angle_r_beta/value	/jointset/patellofemoral_r/knee_angle_r_beta/speed	/jointset/walker_knee_l/knee_angle_l/value	/jointset/walker_knee_l/knee_angle_l/speed	/jointset/patellofemoral_l/knee_angle_l_beta/value	/jointset/patellofemoral_l/knee_angle_l_beta/speed	/jointset/acromial_r/arm_flex_r/value	/jointset/acromial_r/arm_flex_r/speed	/jointset/acromial_r/arm_add_r/value	/jointset/acromial_r/arm_add_r/speed	/jointset/acromial_r/arm_rot_r/value	/jointset/acromial_r/arm_rot_r/speed	/jointset/acromial_l/arm_flex_l/value	/jointset/acromial_l/arm_flex_l/speed	/jointset/acromial_l/arm_add_l/value	/jointset/acromial_l/arm_add_l/speed	/jointset/acromial_l/arm_rot_l/value	/jointset/acromial_l/arm_rot_l/speed	/jointset/ankle_r/ankle_angle_r/value	/jointset/ankle_r/ankle_angle_r/speed	/jointset/ankle_l/ankle_angle_l/value	/jointset/ankle_l/ankle_angle_l/speed	/jointset/elbow_r/elbow_flex_r/value	/jointset/elbow_r/elbow_flex_r/speed	/jointset/elbow_l/elbow_flex_l/value	/jointset/elbow_l/elbow_flex_l/speed	/jointset/radioulnar_r/pro_sup_r/value	/jointset/radioulnar_r/pro_sup_r/speed	/jointset/radioulnar_l/pro_sup_l/value	/jointset/radioulnar_l/pro_sup_l/speed	/forceset/lumbar_ext	/forceset/lumbar_bend	/forceset/lumbar_rot	/forceset/shoulder_flex_r	/forceset/shoulder_add_r	/forceset/shoulder_rot_r	/forceset/elbow_flex_r	/forceset/pro_sup_r	/forceset/shoulder_flex_l	/forceset/shoulder_add_l	/forceset/shoulder_rot_l	/forceset/elbow_flex_l	/forceset/pro_sup_l	/forceset/pelvis_tx	/forceset/pelvis_ty	/forceset/pelvis_tz	/forceset/pelvis_tilt	/forceset/pelvis_list	/forceset/pelvis_rotation	/forceset/addbrev_r	/forceset/addlong_r	/forceset/addmagDist_r	/forceset/addmagIsch_r	/forceset/addmagMid_r	/forceset/addmagProx_r	/forceset/bflh_r	/forceset/bfsh_r	/forceset/edl_r	/forceset/ehl_r	/forceset/fdl_r	/forceset/fhl_r	/forceset/gaslat_r	/forceset/gasmed_r	/forceset/glmax1_r	/forceset/glmax2_r	/forceset/glmax3_r	/forceset/glmed1_r	/forceset/glmed2_r	/forceset/glmed3_r	/forceset/glmin1_r	/forceset/glmin2_r	/forceset/glmin3_r	/forceset/grac_r	/forceset/iliacus_r	/forceset/perbrev_r	/forceset/perlong_r	/forceset/piri_r	/forceset/psoas_r	/forceset/recfem_r	/forceset/sart_r	/forceset/semimem_r	/forceset/semiten_r	/forceset/soleus_r	/forceset/tfl_r	/forceset/tibant_r	/forceset/tibpost_r	/forceset/vasint_r	/forceset/vaslat_r	/forceset/vasmed_r	/forceset/addbrev_l	/forceset/addlong_l	/forceset/addmagDist_l	/forceset/addmagIsch_l	/forceset/addmagMid_l	/forceset/addmagProx_l	/forceset/bflh_l	/forceset/bfsh_l	/forceset/edl_l	/forceset/ehl_l	/forceset/fdl_l	/forceset/fhl_l	/forceset/gaslat_l	/forceset/gasmed_l	/forceset/glmax1_l	/forceset/glmax2_l	/forceset/glmax3_l	/forceset/glmed1_l	/forceset/glmed2_l	/forceset/glmed3_l	/forceset/glmin1_l	/forceset/glmin2_l	/forceset/glmin3_l	/forceset/grac_l	/forceset/iliacus_l	/forceset/perbrev_l	/forceset/perlong_l	/forceset/piri_l	/forceset/psoas_l	/forceset/recfem_l	/forceset/sart_l	/forceset/semimem_l	/forceset/semiten_l	/forceset/soleus_l	/forceset/tfl_l	/forceset/tibant_l	/forceset/tibpost_l	/forceset/vasint_l	/forceset/vaslat_l	/forceset/vasmed_l	/forceset/reserve_jointset_hip_r_hip_flexion_r	/forceset/reserve_jointset_hip_r_hip_adduction_r	/forceset/reserve_jointset_hip_r_hip_rotation_r	/forceset/reserve_jointset_walker_knee_r_knee_angle_r	/forceset/reserve_jointset_ankle_r_ankle_angle_r	/forceset/reserve_jointset_hip_l_hip_flexion_l	/forceset/reserve_jointset_hip_l_hip_adduction_l	/forceset/reserve_jointset_hip_l_hip_rotation_l	/forceset/reserve_jointset_walker_knee_l_knee_angle_l	/forceset/reserve_jointset_ankle_l_ankle_angle_l	lambda_cid31_p0	lambda_cid32_p0
0.48	0.06836392280399017	0.06415702658548444	0.07611015171817033	0.05270153711547426	0.07498603276652346	0.08801101737327224	0.06825030381138947	0.0573030904307824	0.06277087390683714	0.06167482193175364	0.05888826662846457	0.05485585884706481	0.03646579932963314	0.0265634275267781	0.1220157937338626	0.2185853318649852	0.1104346846356828	0.878053441436911	0.3021035672136976	0.3968324206051039	0.01708023475880372	0.0234588757686809	0.02122522005460136	0.06897100310207543	0.03430831722807776	0.05882087743917355	0.05618074686511563	0.312429721159105	0.08655776768811756	0.2210346301640115	0.06895053649494172	0.02290475705366336	0.0417108754207642	0.01665456850590938	0.0105222124830236	0.06401157344595469	0.05291913735849341	0.06765823752310109	0.1609508806997559	0.08111669279151373	0.09034386789638064	0.1872572266613357	0.04187829703230186	0.03325546709729539	0.05761222898179228	0.0870343936481924	0.02618480984857135	0.05598171712883649	0.1333162674801816	0.06037836564193909	0.03657701717456933	0.02143981830062001	0.01161577522850082	0.01079177200058515	0.03696594158140391	0.03018568044334921	0.03107237714259691	0.03259831641765006	0.04013099260987585	0.04271002330503049	0.05138087379076128	0.05616455396185038	0.05603514202634372	0.06735971720608791	0.1479757274419684	0.03759267149070585	0.02574931945954054	0.07301467449020725	0.2502795930113794	0.1865402318064481	0.0864905289000053	0.021503622359172	0.03337927985275871	0.01056324683641635	0.07951411420204026	0.1980931434245326	0.01854522111490382	0.02596969285356977	0.01518624405230474	0.02206128040417507	0.0188962444942807	0.5043227261687273	-0.04793896153828528	0.05412779902045005	0.1394824145734875	-0.2095325312716579	0.04766124998888008	1.237129549001031	0.9733974300921184	0.1942516180176895	-0.2324776300254909	0.1085064350133945	0.3380975841268548	-2.105690575945482	0.05779634873332268	0.5083483216868696	-0.184755892539706	0.2168018332220782	0.1449003911113673	2.90760245273655	-0.1340956889853921	-0.2735191424506782	-0.002617121889316266	-0.3381348521493752	-0.1404924337842604	-0.5056086703227458	0.08127414813011063	-0.07540353095498759	-0.1660781884549403	1.148775395280242	0.3877680248267131	-0.07105143421255264	0.3877680248267131	-0.07105143421255264	1.137934554235045	4.157321242717325	1.137934554235045	4.157321242717325	-0.02492514252850002	0.3611494929423012	-0.05939907579120747	-0.1208013987224967	-0.4334139334988879	0.831614674365749	0.1064690975907524	-0.2701741993249651	-0.1408581324645504	0.139441320418795	-0.02061730722541007	-0.6069007825668183	0.07885160602956606	1.702035500458658	-0.292173846584365	1.24246269774777	0.5540405832390706	0.3571502982420608	0.8349596376531281	-1.568350465094425	0.9463520667542094	-0.02632077540735501	0.8868892597245395	-0.04163037204821248	0.4259841701883236	-0.2207772674213339	0.08528529029455684	0.02150222581367343	-0.0003458587360267107	0.004467888219229884	0.03677198084087612	0.0005891079087136064	-0.02414135943547718	-0.07290063439808571	-0.01562848175461401	0.03164044841187384	-0.000429230326964617	-0.01374381408482236	0.007050105379501474	0.03462974197762082	-0.08587834746165271	-0.03291748873565543	-0.01921934270558629	0.06836392280399017	0.06415702658548444	0.07611015171817033	0.05270153711547426	0.07498603276652346	0.08801101737327224	0.06825030381138947	0.0573030904307824	0.06277087390683714	0.06167482193175364	0.05888826662846457	0.05485585884706481	0.03646579932963314	0.0265634275267781	0.1220157937338626	0.2185853318649852	0.1104346846356828	0.878053441436911	0.3021035672136976	0.3968324206051039	0.01708023475880372	0.0234588757686809	0.02122522005460136	0.06897100310207543	0.03430831722807776	0.05882087743917355	0.05618074686511563	0.312429721159105	0.08655776768811756	0.2210346301640115	0.06895053649494172	0.02290475705366336	0.0417108754207642	0.01665456850590938	0.0105222124830236	0.06401157344595469	0.05291913735849341	0.06765823752310109	0.1609508806997559	0.08111669279151373	0.09034386789638064	0.1872572266613357	0.04187829703230186	0.03325546709729539	0.05761222898179228	0.0870343936481924	0.02618480984857135	0.05598171712883649	0.1333162674801816	0.06037836564193909	0.03657701717456933	0.02143981830062001	0.01161577522850082	0.01079177200058515	0.03696594158140391	0.03018568044334921	0.03107237714259691	0.03259831641765006	0.04013099260987585	0.04271002330503049	0.05138087379076128	0.05616455396185038	0.05603514202634372	0.06735971720608791	0.1479757274419684	0.03759267149070585	0.02574931945954054	0.07301467449020725	0.2502795930113794	0.1865402318064481	0.0864905289000053	0.021503622359172	0.03337927985275871	0.01056324683641635	0.07951411420204026	0.1980931434245326	0.01854522111490382	0.02596969285356977	0.01518624405230474	0.02206128040417507	-0.0302436084373967	0.04714412151213206	-0.05658307345384349	0.01718026808742314	0.01025232742229898	-0.01145962371542813	-0.008822365205293696	-0.008017112631754718	0.02994322597372462	-0.08264574344168032	-0.02869196451917853	-0.0161437088499108
0.4899122807017544	0.04666695183913019	0.04384795923371312	0.052163842868698	0.03836062478490753	0.0511210767452606	0.05962120349092504	0.04788216411419292	0.04353017843634927	0.0483648030183309	0.04766619702474729	0.04595657345491087	0.04365304392767894	0.02906038922208986	0.02239099949275912	0.1269701892687688	0.1961376241683639	0.075160230662404	0.7771692770845208	0.287005253192168	0.342184030594856	0.07494516062250597	0.06923356871701811	0.05967949940299125	0.04759645319807906	0.02772092427327467	0.04590990612067015	0.04438673346459898	0.2548312137457649	0.05883723697799368	0.2080657970755153	0.05180655006621157	0.02391818018091767	0.03243014074908959	0.03141693786533947	0.07254867070543296	0.0494885728020491	0.0425727672624112	0.06663760092857153	0.1639123073691097	0.08267013827458267	0.07555267646963586	0.1556046084012676	0.03112603304811146	0.02506258889449169	0.04472507694028093	0.07165939657314005	0.02061837609961551	0.0456226461203881	0.1430393532802141	0.0687677351312975	0.02754492784649502	0.0174055732046466	0.01124306777959813	0.01063272748632237	0.02741697476087269	0.02279897869609558	0.02338209664708033	0.02494230204125995	0.0301006310867585	0.03178505408545304	0.03927045860012008	0.04381292552805745	0.04460050771224876	0.05432226939865639	0.1206805770267331	0.02828362642409991	0.02020052870225058	0.06069613270965758	0.2023480268425366	0.1869614707921861	0.07066615226452128	0.01771521266154509	0.02567465383660686	0.01037610163924714	0.06504147556437635	0.2486363019286918	0.01548559395611018	0.02676549521609443	0.0220771317827236	0.02456513779217542	0.0235467423209452	0.4319133127404354	-0.04698190060436375	0.1387292955002027	0.1372740823601102	-0.2343661549071382	0.0598712610610363	1.226894485675577	0.9753647244141943	0.2024966587511979	-0.2314283090775093	0.1030700108252848	0.3168536204934136	-2.17709508592142	0.06237866725235317	0.41438300009214	-0.1827424148872985	0.1884283555650306	0.1733409082611497	2.830417569659487	-0.1359241566495024	-0.0953194937183616	-0.006029541763453759	-0.350947436082314	-0.1451757140458029	-0.4362530575011812	0.0799800087314167	-0.1854284537845959	-0.1546491218019746	1.153375044268417	0.3857426053997751	-0.3369003505854911	0.3857426053997751	-0.3369003505854911	1.175946212742392	3.505414195763393	1.175946212742392	3.505414195763393	-0.02122599810792904	0.3845697982772311	-0.06062631793814711	-0.1260984354062762	-0.4247501152448527	0.9126652212957517	0.1034015663663732	-0.3519446811437322	-0.1397953160622155	0.07537726769843962	-0.02671818787115443	-0.6267664411131743	0.09445109858691389	1.440957200188623	-0.2748574202011436	2.221147994424284	0.557624511680478	0.3642723338366426	0.8197937256333405	-1.491189990852948	0.9460642798520112	-0.03155702239983251	0.8864844235881137	-0.03984418335651516	0.3891055079547118	-0.2184671223416013	0.05914243802543828	0.01534341074002251	-9.843726572214095e-06	0.003314885099871405	0.03457117006745358	0.000445745835923366	-0.02863056548110993	-0.07119479775071513	-0.01486088106704908	0.02905197539562653	-0.0004260066253598931	-0.009659761671551905	0.009125149357672854	0.02019163491016332	-0.07781854501181741	-0.03552996840203616	-0.03683457402984198	0.01072094223369464	0.01042644317791518	0.01204010038976088	0.01538715296055284	0.01116506035446365	0.011073021268847	0.01404696965000497	0.02148016792886291	0.02486556320233826	0.02498536119966089	0.02529701047516527	0.02595638515791593	0.01796200316091599	0.01651799125133421	0.1389397699100716	0.1489282005460938	0.0127064953072519	0.4546955727936031	0.2522007013974033	0.2018155610479409	0.1757602035036454	0.1502092991119386	0.1263929729814109	0.01222972803014753	0.01783034503838377	0.02529954397851445	0.02571111803741187	0.1207197432967494	0.01164210376730095	0.176855659780931	0.02373891877982836	0.02458983215574388	0.0176160841636308	0.0537062017543091	0.1825742467298161	0.02530236584940819	0.02630702722179193	0.06510405797118218	0.1695883353811589	0.08562693688087691	0.0509595073237706	0.09226265574516489	0.01435368984882649	0.01240428459920618	0.02432118231516259	0.04610890639843258	0.01204393758084851	0.02842660792343422	0.1594148586073477	0.08230247584993625	0.01382573098521566	0.01141119706318109	0.01068653026240099	0.01039184215630774	0.01254094952244276	0.01141089565157233	0.01153459303310695	0.0130498655327372	0.01433983038297679	0.01457312632192761	0.01989774896624124	0.02386784413610753	0.02604695160936981	0.03281647927180593	0.06989732078833986	0.0140640567998065	0.01187243443327373	0.03979529462550017	0.09769659878884922	0.1870485382019244	0.04395998937959364	0.0118905748667453	0.01363507109254136	0.01010217065310885	0.04123562945057279	0.3577734119084187	0.01096577630672526	0.02783389199817109	0.03152445058494002	0.0281139535666808	0.01518547981324158	-0.01756364096145058	0.01412651308038719	-0.006997115619299514	0.000726520056771927	0.004421362011358547	0.008626853987466387	0.01088123300352926	-0.01351172464182515	0.06093089847178525	-0.02944486571069834	-0.01357145499465086
0.4998245614035087	0.02038847924602938	0.01925858757585363	0.02333978760066944	0.02221114965973458	0.02217117368202964	0.02482815175316283	0.02319731491595922	0.02904665683476277	0.03253432336029991	0.03276804315321651	0.03293578071860804	0.03277073190168419	0.02267541268325471	0.01989917277477717	0.1397089198071308	0.1724196855226808	0.03159730378965513	0.6353960444705566	0.271839788039042	0.2729600488410453	0.1457133491033805	0.1317571674969609	0.1117766963624608	0.02213305555142492	0.02181816940356496	0.03296243408968655	0.03288112391285522	0.1857292506944368	0.02518911775563074	0.1843584833527992	0.03341228271498083	0.02152518166256615	0.02135837054307932	0.04458291234982772	0.1587228375535948	0.03190087235277579	0.03266158002607916	0.06590962051638909	0.1660902661515475	0.08474882155008229	0.06272124634213515	0.1205563418423033	0.01960793630237364	0.01601833538852788	0.03221975267945353	0.05763583574714264	0.0141900437233357	0.03272312358714555	0.144507172153696	0.07467911208501862	0.01878890766214865	0.01341196341444506	0.01082893527749992	0.01044067880429567	0.01674459373623242	0.01449952020510468	0.01484475560285344	0.01617901042613713	0.01874738662174653	0.01951879578597565	0.02586591987789804	0.03021070955522148	0.03177762837051309	0.04014641487204913	0.09205830754217392	0.01905249810831964	0.01460083111566311	0.04601291827103213	0.1438933935906849	0.1849471533496027	0.05448975340502397	0.01320351294166965	0.01668625990732346	0.01018844275566922	0.05141800830747674	0.2931062674010522	0.01247770729082911	0.02695057646066761	0.02527292263853642	0.02607204920628325	0.02742691054734136	0.3499032222956766	-0.04519658759071322	0.2209441131924706	0.1348666927738311	-0.2500059197135107	0.0719905839505737	1.218702357840837	0.9774064506124385	0.2091376806998918	-0.2304372443960258	0.09675713436264449	0.2950070092442507	-2.227556522642636	0.06598253204555649	0.3117287917130814	-0.1810296957186396	0.1572287663109134	0.2010084715726697	2.752036589063602	-0.1359920731306684	0.08085140302301551	-0.009585666408971618	-0.3671357474595457	-0.1490938037301537	-0.3526680773240667	0.07761034687337501	-0.2917481563596425	-0.1432830163576345	1.136833824560929	0.3811207434521311	-0.5931895217758175	0.3811207434521311	-0.5931895217758175	1.20732432235679	2.822172131941161	1.20732432235679	2.822172131941161	-0.01731189512026013	0.4047768502192164	-0.06188562349089321	-0.1273815551308372	-0.4153998937461991	0.9698188372463589	0.09943836931033627	-0.4499058113334749	-0.1393537282612237	0.0143503392688128	-0.03309526232627543	-0.6624868177630995	0.1073725278502837	1.166046350738856	-0.2488234727724157	2.993829446926981	0.5612351321169363	0.3632494176335691	0.8054066649304088	-1.411201017763574	0.9457307658957373	-0.03549381255449148	0.8861035535256993	-0.03679292621686406	0.354257605511339	-0.2004593599652379	0.03462130845956646	0.009200841530335268	-0.001538370627130167	0.001855539460472967	0.03222929958838926	0.0002853543951731645	-0.03249993794181644	-0.06738383396846061	-0.01372865507319073	0.02659789927536219	-0.0004035197003998217	-0.009856787471307997	0.01224162471877253	0.02148101698337308	-0.051852381458921	-0.04327052504429739	-0.0530814025130853	0.01121653639499407	0.01071429749439533	0.01350248488753811	0.0185718525387288	0.01194568864190283	0.01186543825921585	0.014494658038725	0.02759162617110973	0.02959758002798601	0.03093219778739699	0.03274961829712577	0.03342879594039704	0.02472488973658123	0.02325436184199761	0.1595318110111607	0.1690222088716167	0.01453943726937208	0.4777195549439953	0.2716703114448363	0.2285596359254974	0.1788561623539778	0.1736569250229296	0.1448051184954607	0.01391249167407257	0.02319346045883263	0.03288469868942648	0.03347315660403129	0.154292141172583	0.01318456415040607	0.15505296734237	0.03082821159125352	0.01469017773125444	0.01776450886471508	0.04120074826812753	0.2220510288907664	0.02559118723466871	0.03355576343610137	0.06656989981966813	0.1640141380909765	0.08597434746373833	0.06704590449509235	0.11218479513365	0.01807781979188747	0.01433291337816791	0.03300717340860904	0.06058331561861222	0.0124925563678873	0.02748103706952866	0.1234993822120678	0.06911469126544136	0.0193362190090127	0.0134913907216715	0.01074803476089319	0.01037628672437615	0.01451661072907736	0.01269965699931464	0.01317295887607578	0.01398659970532695	0.01611001770002812	0.0168406557043984	0.02323403711980322	0.02764278549510243	0.02892120432896643	0.03775727940882209	0.08904282578549995	0.0192053616614771	0.01449990376133246	0.04100007378360269	0.1169055986186805	0.1783206759690521	0.05375611348729918	0.01178281564812952	0.01414199805709576	0.01018744023719042	0.05326209108705878	0.2742187784362431	0.01257888839583747	0.02571377151365298	0.01778877609447667	0.02405354959085822	-0.03862495387225884	0.0214383899395658	-0.03350283012380407	0.01336841734092598	0.008503206460549726	-0.004096936282690745	-0.008000458167283215	-0.01298447919609608	0.02830776926174058	-0.04496076810780975	-0.03003897484817728	-0.011724658375438
0.5097368421052632	0.01423566487248688	0.01359856796262254	0.01628949603485231	0.01820254497456622	0.01519807594985053	0.01612295688630896	0.01690226899799533	0.02658164885903377	0.02924763139118008	0.02973248425073882	0.03044151000287111	0.03088434023192144	0.02315306811111565	0.02169188174951082	0.1417278976437494	0.1579318501765248	0.01962823583467922	0.5861335504928091	0.276269080976623	0.2484001906288829	0.1753163118541364	0.1606165537130671	0.1307616628791938	0.01608265690558022	0.02712828026741769	0.03050040615325133	0.03083927403742824	0.1570999016281504	0.0169248358793823	0.1971263071252957	0.03116916675423231	0.01819976695075892	0.01833662639118911	0.05464493542538675	0.2064806578654633	0.02801791827599602	0.03102220582500562	0.06160966829782508	0.1548068575992536	0.07925638546452779	0.05953981030438504	0.1095586509975402	0.01696031061420434	0.01416376206201896	0.02796273455399665	0.05305941876851115	0.01280485039430596	0.03074092569449588	0.1536386760985697	0.0811483276144538	0.01636429027914808	0.01235304289827558	0.01057778851812725	0.01030306831054106	0.0145315648262901	0.01281814827843177	0.01305926482255926	0.0150161559723718	0.01675604347632773	0.01697261366481566	0.02429133824935785	0.02833895520055305	0.02946521568724541	0.03614482481060447	0.08975270760055053	0.016512276344963	0.01314736070648104	0.04037049526687229	0.1266651871873467	0.1884323897566347	0.05418358054354414	0.01224653698505488	0.01469961660731668	0.01013146632046697	0.05282270799914873	0.3165668627328334	0.01169680078734972	0.02795741886189779	0.0275136604267018	0.02749382122790612	0.03047265232425453	0.2646332402711802	-0.04261562902624872	0.2989769297168742	0.1323408890727049	-0.2586823435521955	0.08403554050921445	1.211753391661782	0.9795029074578187	0.2134189495623256	-0.2295130004907323	0.08959337367553268	0.2727551239728707	-2.259328400000159	0.06854647597435341	0.2054157428081441	-0.1796133670759142	0.1296548660998195	0.2278997612126334	2.673888593297974	-0.1343444916386883	0.2500330698654634	-0.01331922688503798	-0.3867730049712548	-0.1521501602505889	-0.2639214427447163	0.07422133170633595	-0.3904956166390719	-0.1321654793368607	1.104077308784229	0.3740482736933765	-0.8297230676283803	0.3740482736933765	-0.8297230676283803	1.231856137042673	2.12728093518519	1.231856137042673	2.12728093518519	-0.01320640551974089	0.4234911976391272	-0.06314103868473492	-0.1254777101863186	-0.4056059899250843	1.002180736920844	0.09444925592152391	-0.5578922576237091	-0.1394964679187432	-0.04234680112126302	-0.03989855520217137	-0.7123359511490344	0.1176025290183606	0.9015768800269448	-0.2163038155138287	3.525817100175997	0.5648140030843477	0.3586871294452547	0.7918283703146396	-1.327828636486746	0.9453658376899634	-0.03785794007678044	0.8857591362966983	-0.03249838483289024	0.309478660392386	-0.1748662060166518	0.01108671583974818	0.005048277182316785	-0.003594794290618835	0.0004200151250792896	0.03022962632528428	0.0001310314813210847	-0.03348834142643851	-0.06271844582634173	-0.01251790256288916	0.02480822426299761	-0.000368722377637167	0.004794465186509115	0.01034567284479385	0.02491642360136393	-0.00901835471287697	-0.0585329410458244	-0.07049809145519519	0.01068997903485506	0.01039825122756086	0.01183017417522908	0.01461453312970804	0.01105888758345119	0.01098950312835902	0.01280499903443772	0.0240921062311768	0.026242830136921	0.02653330856492019	0.02718152491504071	0.02805505464601378	0.02311198179094651	0.02303037356339682	0.1331422538170771	0.1300998254856215	0.01187401709259811	0.5361602768586015	0.2866766354932714	0.2196990291337061	0.2142513799125008	0.1910998486546506	0.1457411432696284	0.01220034128168431	0.03488157685486202	0.02723075907673876	0.02782394893111404	0.1193618530110521	0.01199725971960946	0.2406728132370178	0.02974247515004354	0.01710724229443049	0.01605156590289113	0.07239679307458276	0.2661784369660298	0.02586353357739225	0.02842491310176022	0.0540307702181374	0.132040488116368	0.06876976263519285	0.05216826001868551	0.09491304597202783	0.014168611669531	0.01258189308223552	0.02134658315362272	0.04444641656135808	0.01183479651622559	0.03070249947016508	0.1808223213543085	0.0941741532280079	0.0131262679642949	0.01104510709143184	0.01031332732630106	0.01016682253974706	0.01275769505790789	0.01154103052388906	0.01156203209451343	0.01466142945243677	0.01551177979513795	0.01497597958083929	0.02363276186328095	0.02718634343345766	0.02777134172268327	0.03152490605185524	0.0884387703001004	0.01327666170645777	0.01142115971977158	0.0346474737928727	0.1114356181077882	0.1983789840637941	0.05470187144873244	0.01169400800834269	0.01335288466919248	0.0100628916474115	0.05458168361020442	0.3777984499182602	0.01072569175125923	0.02985464445856807	0.03430276530264884	0.0303426087903889	0.01429277147628195	-0.02165963923646987	0.0106099530022692	-0.009471528377255078	-0.003278610203650732	0.006904552804401708	0.01020178220061957	0.009245519894993824	-0.0198325517981776	0.04769945407689431	-0.03040330416929925	-0.01060679149757212
0.5196491228070175	0.01227952396697168	0.01176412210199626	0.01401990191109383	0.01658051441790635	0.01296133377367225	0.01329660002613	0.01458597725711743	0.02625355247107324	0.02821576651084901	0.02883947103831406	0.02982915584622831	0.03056451689798968	0.02468602496167737	0.02479130521348132	0.135827130313692	0.1404232559622263	0.01527114775186791	0.56307578633946	0.2811020363688231	0.2354058960197485	0.1951298607226685	0.1762824692856242	0.1382683346518004	0.01428789519197364	0.03385125409606084	0.02990144157897666	0.03044168495629719	0.1390920732671597	0.01466051420030971	0.2163985976059698	0.03182158774674177	0.01680753630729312	0.0170914389303562	0.06364128275316094	0.23496847728421	0.02670594419820182	0.0308340990847352	0.05669773132327869	0.1383074179135798	0.07202805513106388	0.05635307502969667	0.1024956170722302	0.01587176564185581	0.01360380062202228	0.02481120738092584	0.04944230024936536	0.01232815881850194	0.03033560392125993	0.1586845582488864	0.08450005163023395	0.01650156160941649	0.01247073698753675	0.01058372305586647	0.01030024582863003	0.01390331838221784	0.01236885251714538	0.01250006479046641	0.01495863725860761	0.01639443196566403	0.01628048051994224	0.02436270462184598	0.02815962432266079	0.02883847974577854	0.03380570841500103	0.09139152591077108	0.0164496968075083	0.01317736512972185	0.03730749137648699	0.1217700911769501	0.1903378725141878	0.05620733833450474	0.01188194439545871	0.01403097201241474	0.01013290222556461	0.05569567818049271	0.3296620077534994	0.01183780982821144	0.02793401426986413	0.02823149675960258	0.0276014171505379	0.03268354580354456	0.1824999614570787	-0.0392885630109605	0.3712443362746359	0.1297523000037599	-0.263169258700548	0.09601467686027718	1.205301643911529	0.981627675586291	0.2147670070717514	-0.2286635410276527	0.08168660006767633	0.2502682905598255	-2.275553396716302	0.07005923196116949	0.1004259986601372	-0.1784283798307318	0.1114007250132694	0.2540175034493031	2.595792052984458	-0.1310725446550667	0.4079652438384768	-0.01726492237645659	-0.4099056827011907	-0.1543388332901114	-0.1790547720888391	0.06990472613459739	-0.4784355134340626	-0.1214316684017052	1.06027724483122	0.3647672906005267	-1.037453189725784	0.3647672906005267	-1.037453189725784	1.249520506103515	1.439505398287538	1.249520506103515	1.439505398287538	-0.008915413873232855	0.4424902336661005	-0.06436632386462518	-0.1215112591658247	-0.3956113725909149	1.010610852872489	0.08836584433759166	-0.6696900500935793	-0.1401761501122258	-0.09388470800272271	-0.04725296065140105	-0.7730277135078589	0.1253449518779755	0.6669100375763559	-0.1797645778667722	3.804663029463526	0.5683515105191447	0.3558183942469945	0.779098755469521	-1.239692238109786	0.9449860287503824	-0.03847700883113598	0.8854631044557153	-0.02705068237641177	0.2731486551853601	-0.157135855583973	-0.01195075278238303	0.001139554361112928	-0.004724573059984047	-0.0007890618403913925	0.02833055279577163	6.697391051577178e-07	-0.0329121498203058	-0.05887652525138349	-0.01149004743903179	0.02361928821743837	-0.0003289012819732154	0.004877979479747978	0.01597592366886261	0.01242556700571924	0.04171108333153811	-0.08160970891502538	-0.09404227822775919	0.01152484675523522	0.01087370737706283	0.01382769208443216	0.0177235004104954	0.01227628066750579	0.0122653745806141	0.01391886662937424	0.02914406725678846	0.02990540500005234	0.03139434595943313	0.03349451630056217	0.03442964601334773	0.02887845546810476	0.03082744547614191	0.1354870182328566	0.129487625223297	0.01393337741365472	0.5080952812010651	0.2821386988383658	0.2266352281708212	0.2037329132415277	0.185845798847045	0.1437626805189385	0.01461520705024396	0.03818265530857576	0.03363648725331475	0.0343990311475375	0.1368516446695426	0.01480190122448017	0.2043450605364666	0.03520123159942457	0.01388778466553945	0.01706173823353516	0.05776229367819065	0.249175641176122	0.0256990341665934	0.03470050612245289	0.05600284195033103	0.123066254573479	0.06930808273204751	0.06059834039661904	0.1037741053617171	0.0174395273779972	0.01447487282738315	0.02781734519309434	0.05438481184686158	0.01241937882448664	0.02835500858460336	0.1262719737662286	0.0716148465821036	0.02211586733819856	0.01485610746790213	0.01100457050862175	0.01049875219568954	0.01481066963227382	0.01299461744980967	0.01324353268596227	0.01495355340728021	0.0170004014080258	0.01729425844572367	0.02506776116888229	0.02905529969512732	0.02944241384387918	0.03488096970502867	0.09751498883540378	0.02150480582892041	0.01598921918235591	0.0377538819437523	0.1262381020756551	0.1793032050825979	0.06050355546251127	0.0116256032581194	0.01409786795329481	0.01024577947766012	0.06072299756675842	0.2765986831140408	0.01374311116617859	0.02459224366061961	0.01758385751383418	0.02289692575273878	-0.0380882832535694	0.01976399894901344	-0.0234571324693003	0.0145413742713607	0.008839832469506254	-0.004879531766316352	-0.009762820058478856	-0.007802867657078005	0.02995784255560268	-0.02476422671625512	-0.03061221861299512	-0.009950565818240409
0.5295614035087719	0.01148026819886745	0.01101414842521064	0.01303311916339749	0.01561925392065138	0.01202935968947187	0.01214240649118688	0.01343563031080438	0.02633810483671151	0.02738486429848132	0.02825390334591384	0.02960532714224369	0.03055148896928873	0.02718420424982255	0.02954427892722731	0.1279852313495389	0.1231920041362015	0.01347397612765782	0.5487515249651967	0.2830002389376193	0.2274226674432544	0.2068977357419249	0.1854443646952542	0.1417842250934734	0.01348707891431766	0.04494620614726599	0.02970353284249175	0.03040684898413201	0.1290383020350498	0.01385697819896663	0.2346243303956057	0.03390409593420154	0.01481262508059683	0.01596081633969367	0.07037312294573184	0.2530552460804177	0.02518069621551745	0.03088811024840911	0.05122477219056498	0.1194490188162289	0.06382292569312636	0.05532037016619927	0.1001706215998925	0.015343802130884	0.01324150099094338	0.02360396780850537	0.04966721748808671	0.01202879552820073	0.03002989254934166	0.1527315295055552	0.08251790972034366	0.01645544701828561	0.01236257437007238	0.01053055376721446	0.01026956133071953	0.01361365822980394	0.01217749343191164	0.01227811625419388	0.01417679464305589	0.01573385057633468	0.01585631445815713	0.02271146436552019	0.026911207280718	0.0281628158871138	0.03305736301566364	0.09251453737134302	0.01630958965058598	0.01302812164651327	0.04151449628604145	0.1238944009930804	0.1895925010886592	0.06015350687023296	0.01157648801091082	0.01347803974796238	0.01012317745040328	0.05695705535578071	0.3195145623653249	0.01175985494289849	0.02746535827452348	0.02550469773054918	0.0267813869104227	0.0341210734437079	0.109550537079535	-0.03527973083786438	0.4362906017389495	0.1271275759304875	-0.2664647781672431	0.1079295866647393	1.198706661216729	0.9837496840481317	0.2128202626869714	-0.2278956916482711	0.07316002690409007	0.2276813288238455	-2.280283142172429	0.07055687329866761	0.001316472517258728	-0.1773600349621622	0.1066585862355789	0.2793544206757204	2.515903265458846	-0.1263052520331233	0.5512514516529139	-0.02145446823166653	-0.4357282811965633	-0.1557401234495454	-0.1063267027838139	0.06478078847398204	-0.5530117835944404	-0.1111651530221351	1.010654147306062	0.3535986996121406	-1.209737019284719	0.3535986996121406	-1.209737019284719	1.260471972904348	0.7753048125684693	1.260471972904348	0.7753048125684693	-0.004427888774089607	0.4633897143575706	-0.06554761634319982	-0.1168477504552458	-0.3856417051753634	0.9977103137159812	0.08117986096513562	-0.7794114492494815	-0.1413389772734453	-0.1397609884764313	-0.05524477431394384	-0.8401419798372269	0.1309687752077706	0.4759198778994387	-0.1416843187957815	3.840161127330663	0.5718917184013439	0.3601308956311933	0.7672732907711355	-1.145122479725185	0.9446090112621591	-0.03729555644520611	0.8852261776958914	-0.02060338316376619	0.2366040010498139	-0.132653248894403	-0.03310605963990134	-0.0003630756656121775	-0.006644777997651807	-0.001893296301538147	0.02722317982621579	-0.0001101950048007308	-0.02897859581253942	-0.0543463923500081	-0.01035657844298839	0.0236238835600238	-0.0002698998711341354	0.01033960546695744	0.02481615404515492	0.009780743449560191	0.09472932738717091	-0.1097199536273611	-0.1133461073541441	0.01084021060867925	0.01050258281634149	0.01183979754100168	0.01372956821302428	0.011173025574353	0.01118165823863586	0.01224992702696761	0.02512624859223279	0.02546262524929332	0.02621164188069803	0.02747744353781335	0.0286165124194209	0.02880638083042052	0.03376775504950114	0.1128153883902312	0.09639607856591612	0.01176976693844154	0.5374916418246671	0.2855642484588533	0.2147797732744124	0.2253112117728658	0.1974834385323424	0.1445667863448569	0.01229344076669452	0.06023638781149555	0.02757493276943763	0.02839089603932366	0.1116539407597677	0.0128347327598446	0.2794437987870764	0.03539951982321981	0.01367002121474405	0.01448281153686981	0.08444177684385654	0.2830126153326295	0.02373061808942013	0.02904871474333381	0.04281243327278202	0.09157020834554756	0.0515503323078337	0.05178842567813366	0.0959829033019013	0.01383561216329333	0.01230188212510129	0.02045749189642616	0.04793606871924773	0.01162428206228179	0.0312060186045905	0.1562001534396689	0.08507410200487014	0.01386614759339442	0.0112283464595606	0.01030645194819852	0.01015836625264313	0.0127696188042871	0.01162073210668088	0.01162704930595899	0.01304361939763617	0.01446317737187578	0.01475244635599067	0.01981980361227069	0.02446952122711029	0.02677659394004298	0.03210429077360465	0.09104274964336821	0.0138540427161187	0.0116387706879658	0.04822387214287195	0.1262767683579162	0.1925559431018317	0.0650782147903514	0.01131098632660359	0.0127693440048263	0.01006580708978252	0.0558741561003867	0.3184253915640485	0.01087778332549582	0.0279517390939427	0.0267356051219369	0.02746193929763471	0.0135742679588074	-0.02004055133606282	0.009159528949887356	-0.01211185606368959	-0.004369262394181758	0.006089537627364761	0.008834299045177832	0.006749827250529315	-0.02179998590415342	0.04696147939881075	-0.03069002799305619	-0.009666598867096633
0.5394736842105263	0.01131964107085914	0.0108507077732902	0.01271612331556713	0.01508351967450253	0.01179728727466731	0.01189301683537712	0.0130081672958292	0.02683987667822523	0.02729758158598465	0.02817582966789302	0.02956984102488097	0.03061113776355846	0.02937939536905232	0.03425623078021436	0.1180433177615446	0.105698126281698	0.0128180342318259	0.5373894534513649	0.2815224564829757	0.2202613368493491	0.213024895579604	0.1891949000694792	0.1415810283561176	0.01329913080334651	0.05563996380464835	0.02967265366569717	0.03043915404558999	0.1201953689338921	0.01400666453379446	0.250160119996408	0.03586002266540644	0.01425722550880599	0.01557367934077865	0.07640482654698526	0.2628442504345845	0.02509292234754927	0.03098899001064169	0.04601785024277159	0.09918335302418943	0.05558671080597166	0.05527539395691249	0.0998290088707673	0.01504544123985212	0.01299863601602088	0.02310388935932879	0.05131940492196506	0.01205935324303417	0.03229491307101452	0.1437987196283345	0.07894200403699057	0.01757331355105393	0.01314213411633767	0.01074026473621779	0.01037397832961178	0.01347277266010004	0.01213822656596164	0.01224716380330856	0.01347035325443227	0.01511726781293985	0.01555942640053132	0.02086119820931251	0.02529754212003053	0.02728189400421974	0.03519026376329821	0.09231328678751878	0.01730454788641727	0.01384180967431354	0.04686624861747907	0.128178861472164	0.1859051539899675	0.06630424565562675	0.01149412699911608	0.01349347524382263	0.01016797585114726	0.05592695990637332	0.3017836965524048	0.01243829212330365	0.02515699357843621	0.02312892052610337	0.02431714333992193	0.03490283658586676	0.05091563729484366	-0.03066785383375583	0.4927014207993961	0.1244645959733375	-0.2713058450842448	0.1197766988325293	1.191558608528218	0.9858356581429405	0.207500074623423	-0.2272143987476898	0.06426401551038403	0.2050854851670049	-2.278087379247986	0.070117851573105	-0.08798385847423283	-0.1762613640180943	0.1177726614897182	0.303878270366603	2.431198690231474	-0.1202008993497915	0.6774208252183948	-0.02590518202659744	-0.4621680899133425	-0.1565090939473518	-0.05238962533623812	0.05899175762741315	-0.6124198046063921	-0.101398929620562	0.9600820853728486	0.3409136964175158	-1.343114001535175	0.3409136964175158	-1.343114001535175	1.265012173027612	0.1477694843772464	1.265012173027612	0.1477694843772464	0.0002810056483147179	0.487263287489959	-0.06668569177260608	-0.1130677290487369	-0.3758896940363355	0.9674325698071921	0.07293885931458899	-0.8817563261344451	-0.1429268190504054	-0.1795803269655841	-0.06391298126773726	-0.9086294910199403	0.1349490380955619	0.3358902482723932	-0.1043423170148493	3.662130671203389	0.5755317025040295	0.376748668785226	0.7564235208599444	-1.042602468142812	0.9442524149304647	-0.03437583709379968	0.8850572702186321	-0.01336525686765768	0.2079002862894783	-0.1130931243641267	-0.05229896829986459	-0.0005156462928267911	-0.008629923212618925	-0.002813752063810748	0.02668181059521452	-0.0001937465328956262	-0.02277976957407465	-0.04985687560218633	-0.009201059529929468	0.02455560076830529	-0.0001967568592257929	0.006814215815355084	0.03097042276121738	0.005723642828485225	0.144464938235333	-0.1386126808842733	-0.1311770803378238	0.01181570573996555	0.0111080474340378	0.01383912011159464	0.01706226386800987	0.01248467478050292	0.01263747381878681	0.01376339457500034	0.03058176666133973	0.03049559937796162	0.03176069531407896	0.03361801334542629	0.03462574610451056	0.03300076544303231	0.04034562929204509	0.1125611340917646	0.09477048056478549	0.01372938217750861	0.4940036488746914	0.2721886632383488	0.2140044055777064	0.2058644914756886	0.1841029567699182	0.1376137212345152	0.01482991370283492	0.05931186761076999	0.03374726264001329	0.03453412690551471	0.1210076049791861	0.01602351938315358	0.2296069432762507	0.03900935543134013	0.01419056105045349	0.01701271307568425	0.06878095264489203	0.2525508283317784	0.02699841057917477	0.03495308890154681	0.04590381050511947	0.08161318717911255	0.05289104814466666	0.06165162761620618	0.1058031125732575	0.01706313958817689	0.01410301137200537	0.02752102865152934	0.05934819770863818	0.01279660093714383	0.03559468997388086	0.1044493219467498	0.06253989230802319	0.02551111956591403	0.01727338051403693	0.01167441853921397	0.01083603945403889	0.01467162249575077	0.01306161744444246	0.01336446783724397	0.01361419502177456	0.01580861830897077	0.01682279176075818	0.0211637151935278	0.0254479412447062	0.02746503163922986	0.04223705225447515	0.09533442609719606	0.02462023965863102	0.01855089567990596	0.04975171657149992	0.138066348353594	0.166889879598317	0.07557398906318859	0.01167435194502613	0.01467705018754533	0.01038716616787739	0.05597831347561264	0.2261581090770117	0.01582826944305786	0.01810953064363337	0.01331938546901913	0.01632384016097639	-0.03733728162928285	0.01803719594220202	-0.01633509912245124	0.01565112940580196	0.009050468238421644	-0.00488658327459736	-0.01080899532389903	-0.007664029157889755	0.03053398175319433	-0.009532319897913678	-0.03058852625562076	-0.009491420911192136
0.5493859649122806	0.01124385236754415	0.01077931552813149	0.01254372237670072	0.01472268271290907	0.0116764014653055	0.01177700503130721	0.01267167198392543	0.02721127161499934	0.02685063571763598	0.02791474410303159	0.02958087543487608	0.03074105163351391	0.03246645249921229	0.04043422181051935	0.1071493147632228	0.08848496606705242	0.01250661843836053	0.5203608831509849	0.2752117258195901	0.2124020924205087	0.212239926506348	0.1875597640986741	0.1384567580494419	0.01318682066451798	0.06613788516762048	0.02970093402860158	0.03056525243659826	0.1142660939227816	0.01424155819179846	0.2582949623473353	0.03817086053904773	0.01342901680315875	0.01505306277261044	0.07949493898388842	0.2640514372814498	0.02415061677496176	0.03115735938979755	0.04138975825914981	0.08036537894030532	0.04824887313695505	0.0561376034884352	0.1006042803118455	0.01500020482895423	0.01287759005904764	0.02349125480566583	0.05464602223896873	0.01196874609882271	0.03296673175646371	0.1268426634855054	0.070558999106731	0.01867547035244832	0.01346754323363939	0.01074217898945731	0.01037358018992638	0.01340323810427974	0.01214921691350326	0.01230558957399004	0.01279829779053638	0.01443260242695904	0.0151772694630649	0.01883249954703278	0.02291276904712836	0.02549749226751849	0.03706162170937615	0.08983713276272794	0.01824828917452154	0.01424782863408401	0.05367575637577133	0.1326000344844405	0.180152873002928	0.07096957418813646	0.01133307098629583	0.01322331545943093	0.01017847698545185	0.05261248014543197	0.27109119135285	0.01268057529868392	0.02237480573843777	0.01808814159755261	0.02084426500406035	0.03518926974507207	0.01002250748052547	-0.02554471889740093	0.539253328882745	0.1217364221381539	-0.2799453422602498	0.1315493396710031	1.183675302341207	0.9878520087749491	0.1988024876930476	-0.2266218455792442	0.05531021218256846	0.1825285362299052	-2.273067504541039	0.06885503746200709	-0.1644798196537215	-0.1749702127704882	0.1454762856967954	0.3275253448442719	2.338458225024685	-0.1129371840999075	0.7849991279316684	-0.03060886040536484	-0.486184343290441	-0.1568547021693883	-0.02135370615338957	0.05269253094858008	-0.655900622370582	-0.09212167805333948	0.9125821959045076	0.3271015819360957	-1.43739759878813	0.3271015819360957	-1.43739759878813	1.263552923803052	-0.4340945206042496	1.263552923803052	-0.4340945206042496	0.005242759178749213	0.5144062128690587	-0.06779746735050309	-0.1118068130608252	-0.3665045329304879	0.9245506870252649	0.06373778654279656	-0.9725259886598419	-0.144878158458477	-0.2130644961256283	-0.0732450397212374	-0.9732422982964682	0.1377976026933868	0.2471269028297562	-0.06964080370122973	3.315964596330097	0.5794154334459747	0.4099170330233134	0.7466335677170811	-0.9312553523742798	0.943932732348291	-0.02988517407888088	0.884962979573206	-0.005596025208431865	0.1812931577427008	-0.1009342983262127	-0.06930292483387457	0.001496815172728229	-0.01078057433486733	-0.003535187292547786	0.02695330326049857	-0.000248451586145671	-0.01397772252736053	-0.04537306088966579	-0.008001697329670085	0.02641101535120581	-0.0001117573626928062	0.004619727740525377	0.0302961947607721	0.0001117589704629154	0.185108360449977	-0.1631808906319645	-0.1471524255600775	0.01091599397736807	0.01057062660595537	0.01176956194724349	0.01325620375793157	0.01119086285558233	0.01127799505834749	0.01187790596571983	0.0259729505011479	0.02470912297592111	0.02580226612833546	0.02756919751729013	0.0289031441391653	0.03525579400313404	0.04683097639448747	0.09010292254183172	0.0642879110012215	0.01164148947157533	0.4924167298077138	0.2637744078433406	0.1981505151730273	0.2124084259932936	0.185435686506894	0.1338888828796556	0.01231154552017442	0.08105537285706836	0.02769818933394691	0.02867981005685089	0.1029359699362503	0.01367075833386161	0.2853949456865604	0.04006427404170845	0.01244822108731477	0.01369437688526427	0.08856583131793919	0.2696012680561474	0.02207495239020507	0.02939550586855603	0.03422740198523432	0.05663922186225993	0.03792123421653228	0.05441375128525622	0.09921860425151989	0.01387241450877286	0.01212493507838317	0.02173718870059909	0.05592645872538261	0.0115785976282983	0.03411829701422613	0.1153762605300723	0.06526854756573582	0.01636238528680909	0.01208208162257347	0.01044724121382099	0.01022735932803294	0.01267478450464035	0.01168475753200474	0.01180810751571808	0.01178327176869527	0.01310885650686871	0.01398479465083823	0.01578612220177058	0.01939385174437469	0.02280094862402157	0.03765443595689383	0.08448329554948754	0.01604178245512771	0.01267463774130474	0.06297396234056886	0.1362956767750217	0.17567681003757	0.07538184033907071	0.0110767874707672	0.01245557118079509	0.01010375783469625	0.04717181838217115	0.2385814218384614	0.0115376811295808	0.02178055486019875	0.01607752193314702	0.01986595237370529	0.01373256224023323	-0.01996113705038668	0.008427646667585588	-0.01191614856074184	-0.004806262990156273	0.007617502985268135	0.008036999686390097	0.003095931454321721	-0.01884216056247885	0.03237837620678118	-0.03030728654869853	-0.009302402263855501
0.5592982456140351	0.01129608420863437	0.01080843009983181	0.01253759650268129	0.01458782798169316	0.01170076140329116	0.01183877341598335	0.01265569983844609	0.02785410280035899	0.02694549096422912	0.02796236794423052	0.02957855013377745	0.03075858891210462	0.03496050358070869	0.04573507877194165	0.09602591050016526	0.07309943389473361	0.01239218932502637	0.4976901516608961	0.2646142854058551	0.2026911353850375	0.2065312179576546	0.1820973889306218	0.1334645790515121	0.01330064263697607	0.07425783790182973	0.02969934501310385	0.03057357377186612	0.1080399658021264	0.01484961505280772	0.2625145831049762	0.03994670391074755	0.01344103652301304	0.01506068234806676	0.08244220263545766	0.2590762254654418	0.02440372035476989	0.03118046424401461	0.03707631275982522	0.06189636777153732	0.04130620183407262	0.057242343368227	0.1021376612189416	0.0147441478277432	0.01266510070060121	0.02336854748743313	0.05769044124386376	0.01233367950319781	0.04049541647895771	0.1135088187327937	0.06482605777068388	0.01987812111562552	0.01461975032635191	0.01143814422870605	0.01072342612495394	0.01322554225460862	0.01208326602080428	0.01226380757133065	0.01231269531222191	0.01388158729688053	0.0148129521258151	0.01734427256755905	0.02114614896450473	0.02413007476077536	0.0435935691056046	0.08899780112593791	0.01941609946870691	0.01540697755861976	0.05951216919550334	0.1381303383208816	0.1678564833999157	0.08013413797842964	0.01145823961902932	0.01385611974983751	0.01026908736200508	0.04910522481661767	0.2429774338970829	0.0137274695261157	0.01999791797967981	0.015740051132154	0.01847992992528397	0.03516575541628766	-0.01149377345389805	-0.0200138030726365	0.5747890949151475	0.1188972125569439	-0.2938766536711085	0.1432402928300307	1.175117258316977	0.9897662829549834	0.1869385704756549	-0.2261167206268175	0.04668065296826149	0.1600200966014383	-2.268876050961713	0.06690637953143073	-0.2260941373415085	-0.173326129377117	0.1886268850269943	0.3501993363043335	2.234265830098653	-0.1047025793380638	0.8732443905795506	-0.03552224941105174	-0.5037186070107078	-0.1570127705547484	-0.01454582140876885	0.04604169977109859	-0.6833913498011752	-0.08328725764108025	0.8711440347249909	0.3125375152976893	-1.4955664842403	0.3125375152976893	-1.4955664842403	1.256570591028709	-0.9664681737353532	1.256570591028709	-0.9664681737353532	0.01048851332740704	0.5444271369583451	-0.06891569520141064	-0.1146202582550274	-0.3575840815625446	0.8746374729339482	0.05370763811655273	-1.048602929946693	-0.1471286126785645	-0.2398477815066118	-0.08317961438143845	-1.029569633940477	0.1400020020723029	0.2048012389784838	-0.03897859143579848	2.856755808023387	0.5837226499080665	0.4625692870805691	0.7379878739931177	-0.8120369299312958	0.9436641864044918	-0.02411502898125357	0.8849470579180932	0.002393070579771154	0.1584994362133597	-0.09541674303027367	-0.08337334041198551	0.005684270330579349	-0.01352484989762242	-0.004117314210246016	0.02822608878122344	-0.000276531685301525	-0.002865993124319654	-0.04076883284146472	-0.006744415410108578	0.02924697328393093	-1.944236080784537e-05	0.004771914649467203	0.04353017482830069	-0.002754646764937959	0.2035242819792258	-0.1805108732421969	-0.1595088649513574	0.01204237578444411	0.0112620024581799	0.01398613316446003	0.0170094657588551	0.01267220101983883	0.01293110295229597	0.014038868524866	0.03215743861850975	0.03124118843001107	0.03217393762678654	0.03359952671089485	0.03454429009886719	0.03740178908331808	0.05012509919693808	0.09021884351654429	0.06695960163241793	0.0136888452747303	0.4346055105709444	0.2425048654479685	0.1913981321147418	0.185579618178922	0.1666521256475197	0.1248432724607617	0.01527545284422601	0.07270582137289258	0.03371317239179372	0.03442858210408525	0.1081190716895613	0.0176055781409542	0.2298574482429879	0.04200471939643691	0.01502521200838538	0.01753962306933447	0.07439719981239525	0.2302615939566442	0.02871867568264588	0.03484833672730588	0.03761989673037124	0.04635524276962182	0.03952640895055729	0.06417262447619597	0.1099427114910497	0.01634447732748262	0.0135891671725908	0.02675958024280821	0.06521670159058991	0.01396411919822287	0.05823126111898919	0.08499007808653927	0.05476982935997082	0.0280626096871135	0.0203940147793027	0.01373083364914972	0.01186958002922875	0.0142111970711231	0.01285579325494621	0.01318472475992252	0.01282180973793839	0.01483408414776514	0.01610929244159575	0.01871799333848412	0.02253514806830621	0.02515472502734146	0.06061362143480112	0.09580447358390903	0.02721726537107889	0.02162007914006078	0.06035045121862037	0.1509946785358445	0.1318640191913123	0.09992852820370651	0.01219822017657444	0.01681666076390267	0.01064455402013778	0.04874488208228576	0.179678333443395	0.01870914323411782	0.01384934933863665	0.01143914854726651	0.01280991854207143	-0.03630815043412849	0.0170274839809125	-0.01179002660689022	0.01644098210045473	0.009007503212707151	-0.004938950083028661	-0.01125140326482538	-0.009617478735731981	0.02860869926254181	-0.003388312229130675	-0.03009300161820254	-0.009039049010098993
0.5692105263157895	0.01133639341226975	0.01083194020865606	0.01254717995788679	0.01450573513077354	0.01172352580084695	0.01189176662720211	0.01257444697731427	0.02831952202271844	0.02672236674983642	0.02783623898291047	0.02959651228972028	0.0308327907673472	0.03830736435691407	0.05184903934607601	0.08570210466825194	0.06013427610988878	0.01235704232525648	0.4686100459578487	0.2506114132307144	0.1922567087952912	0.1957826631159206	0.1730893144480493	0.126943893618987	0.01337474467952172	0.07895447320613888	0.02972526249045458	0.03064676148991272	0.1039704935882702	0.01542835638523251	0.2579843193821807	0.04147392679774098	0.01315047313255277	0.01491143831060509	0.08351674725707002	0.247967686180094	0.02393596792493595	0.03127475155148822	0.03356818202186006	0.04640494583278916	0.03585024896709593	0.05669099136228076	0.1001528976910006	0.01479286207597477	0.01263454396454927	0.02366838279422205	0.05879592309769117	0.01250522456049486	0.04504956065693273	0.09689918872833611	0.05729626645392384	0.02160435149892979	0.01550863080650704	0.01155166772707882	0.0107766503354954	0.01322013234377407	0.01212982451849601	0.01235855171956614	0.01205709634228678	0.01357633634752288	0.01461845293850104	0.01647959039200118	0.01985480839610821	0.02278044217439634	0.04775764322997314	0.08632071246097144	0.02099845085682955	0.01642726410315922	0.06136594448302669	0.1394157561177761	0.1505172028918586	0.08572129831608344	0.01148431876254742	0.01402548991746995	0.01030917435617011	0.04500334468494412	0.2118849320065109	0.01443547076652004	0.01684590777590362	0.01328386108504931	0.01543616355889305	0.03502478511127325	-0.01390602678653738	-0.01418968111472342	0.5982505050242389	0.1158909719679417	-0.3136727266967165	0.1548443662540291	1.166202984093472	0.991548624753357	0.1722274833396261	-0.22569423775408	0.03869192673422479	0.1375369246944574	-2.268296267411875	0.06442596630078166	-0.2716481390958516	-0.1711889068044843	0.2444093212538458	0.371769948672435	2.115363387651993	-0.09568999907398605	0.9419763534647183	-0.0405574582529053	-0.5099221922614824	-0.1572187487828454	-0.03054850440661888	0.03919608366140689	-0.6953071644838634	-0.07482472977791113	0.8378140173598939	0.2975542882647957	-1.523022421767163	0.2975542882647957	-1.523022421767163	1.244551057776988	-1.451212990898285	1.244551057776988	-1.451212990898285	0.01604079480789581	0.5759347416867309	-0.07008772130167652	-0.1228511388332156	-0.3491708032354786	0.822996930771256	0.04300457956437755	-1.108120658556629	-0.1496091972134818	-0.2594211632484996	-0.09361653474519645	-1.074034274795953	0.141984580098837	0.2008023244104171	-0.01318826465209769	2.342528730965256	0.5886554536519095	0.5362872187991743	0.7305555659707034	-0.6866901648015261	0.943457818530605	-0.01738938768803799	0.8850101229669571	0.01029184225714983	0.1464814028950947	-0.09789292260663457	-0.09412046231595322	0.01015919527222918	-0.01650061932266854	-0.004601499266692571	0.02976684565530496	-0.0002829864805397505	0.00851739486785013	-0.03574162340884249	-0.005318914293014763	0.0323547835154741	8.226558524837962e-05	-0.007559906062867696	0.04212332552655835	-0.004142444690154033	0.2051714179977185	-0.1884173256650532	-0.1691933822509418	0.01104217488777066	0.0106522093946616	0.01186169401888748	0.013198543731494	0.01129291339016824	0.01145171242228	0.01182345854371674	0.02695853565321	0.02431296700093387	0.02558063910223622	0.02760645351760763	0.02903123655792438	0.04236787429408177	0.0595914229443667	0.07093231703177783	0.04245452389819642	0.01167444421695117	0.4204772615979578	0.2298456633741174	0.1762586232638794	0.1832429186619209	0.1623691879869106	0.1191624452674192	0.01254820886374997	0.08746013256941344	0.0277491094216242	0.02880924346021928	0.09696524992056756	0.01502528079500559	0.263282672132215	0.04282833111495663	0.01205674850737061	0.01353870691522961	0.08929048370887631	0.2368671011704073	0.02124796690131312	0.02955612316636509	0.02780990736424371	0.02977288393812714	0.0282087056700425	0.05209147403378221	0.0921735436514672	0.01408928989199677	0.01216313677692083	0.02234361796810697	0.05614697595958452	0.01200729666254735	0.04330024558693789	0.08329820490111373	0.05089864657742711	0.01988245115892696	0.01395756232433928	0.01084579906930946	0.01042648017530059	0.01273446672351861	0.0118192565260898	0.01204300250632649	0.01149938957752505	0.01273870369281808	0.01374410191896486	0.01471667327945379	0.01746857141374139	0.02042402299626319	0.04524827198672353	0.07852736660004478	0.01928615955631727	0.01481394782205483	0.06252743441794932	0.1340725666864024	0.1344567653238511	0.08436997378852401	0.01120783957148141	0.01297360785661504	0.01019901934114502	0.03914370195901419	0.1794708828885276	0.0130446841323451	0.01572902947909099	0.01220711673450121	0.01424071752057834	0.01362729947429184	-0.01891590532432318	0.007301083651609789	-0.01086263299198334	-0.004700419028254087	0.009034519592077354	0.008271186535274944	0.0005152334815635108	-0.01445249860719638	0.02236925951594813	-0.02973098442524252	-0.008369795210102922
0.5791228070175438	0.01145811399998015	0.01090727757123202	0.01265808110853085	0.0145251531015474	0.01183534713928988	0.01206104005660408	0.01273826111779606	0.02911094532153405	0.02680825659819495	0.02788057558640109	0.0295909487752055	0.0308225340597049	0.04186061644275745	0.05835748720084639	0.07633827933023789	0.04959716939762213	0.01239306260195997	0.4367756180695497	0.2353855484157168	0.1818447143249634	0.1834986014253367	0.1634079138294053	0.1208654884278173	0.01366109856916017	0.08261864449660335	0.02972040731127494	0.03063676267971396	0.1010129014581102	0.01649671293484426	0.2514545809197795	0.0429232225065677	0.01337269326708125	0.0151167061473059	0.08423002864608822	0.2350846650850786	0.0241659061001586	0.03125727406539567	0.02984665141011282	0.03313805663146147	0.03030560025463045	0.05527297880851152	0.09630772841382995	0.01494229740113927	0.01274917205154511	0.02364676470673858	0.05739344473382696	0.01294424892341154	0.04954110719606245	0.08708579179674422	0.05330706333416357	0.02251490559966788	0.01650916298215077	0.01278771985049096	0.0114243612739528	0.01327662804315626	0.01220654576444787	0.01247702632551961	0.01209620913502355	0.01363057694399377	0.0146720043248997	0.01644923228679909	0.01952515355099965	0.02218854426102877	0.04978859725725993	0.08446452854832101	0.02190545011683585	0.01740117574858523	0.05785923522897599	0.1364806267637508	0.133628822821839	0.08782137903753208	0.01173662399165652	0.01492477972068185	0.01042704395106414	0.04273523325675131	0.1900819130764398	0.01538603143223692	0.01579916089878776	0.01248523891206368	0.01442859115714422	0.03494530461377374	0.000338803822686392	-0.008196868110107312	0.6086629904670035	0.1126603624663318	-0.3390183868321932	0.1663601419188721	1.157389264060062	0.993172326799205	0.1549829899612297	-0.2253467270447662	0.03157724658364196	0.1150363372875888	-2.272446847222969	0.06157560311527029	-0.3007175701515642	-0.1684521914287712	0.3088222054558257	0.3920793092836212	1.979481067078692	-0.08609257597976985	0.9912547137553188	-0.04557674574653467	-0.4996458783695654	-0.1576802137703397	-0.06519471924628802	0.03230688663948252	-0.6922832821026403	-0.06664761626124159	0.8136307513388298	0.2824227130413802	-1.526764864566713	0.2824227130413802	-1.526764864566713	1.227934987743024	-1.895561031098256	1.227934987743024	-1.895561031098256	0.02190385274256261	0.6067313394561694	-0.07137203560444683	-0.1373846865406383	-0.3412597071873784	0.7740343735242717	0.03179596891275753	-1.150609574377817	-0.152246180091916	-0.271311985251919	-0.1044239293804022	-1.104088247751816	0.1440755118337028	0.2248326354763791	0.007460502704296468	1.827842458223595	0.5944238718977273	0.6309877092148791	0.724386941189088	-0.5577113210758781	0.9433215596636209	-0.01002933059039506	0.8851498100003733	0.01780231404822264	0.1327274288180147	-0.1027354932902555	-0.1014759774396491	0.01575824263512502	-0.01973378780829656	-0.004968224611616944	0.03172176087877046	-0.0002700860945265842	0.02072597344685908	-0.03018950573517594	-0.003769273102323562	0.03572241199339291	0.0001846824912775421	-0.01195786527595754	0.03324445378492032	5.604750070116182e-05	0.1873209863047374	-0.1876532277806189	-0.1744756875695307	0.01236385457714203	0.01146215973856098	0.01430572084441039	0.01714653251315725	0.01298137473624222	0.01338158659558841	0.01460233612182619	0.0340923565435402	0.03172976436082583	0.0324382564512882	0.03356396622156556	0.03443568932883516	0.04477471637754334	0.06373141780597877	0.07292711401273218	0.04895934263844503	0.0138292639379315	0.3662021840278309	0.2104417423197784	0.1709355600581806	0.1590109111896365	0.1466011607717446	0.1135183607831312	0.01605461998189621	0.07866705694987657	0.03367152875026264	0.0343219117114677	0.1037329198047014	0.02023133385199139	0.2132416166278903	0.04483038370516178	0.01596371330417486	0.01829514168296037	0.07532411595454742	0.2018811129675969	0.02988498539935509	0.03469647376325523	0.02994447027724999	0.02316035145965756	0.02838886401955176	0.06029542745394032	0.09964787414131007	0.01674181759273495	0.01395816188663359	0.02639102072501782	0.05945485375116707	0.01510210321755942	0.06751152329884159	0.07572741914761832	0.05115156998669177	0.02911574414808793	0.02253119948043278	0.01728963478850798	0.01373486506583261	0.01438395530000982	0.01303836011822684	0.0134448707930736	0.01318228595830672	0.01528916657282683	0.01645671114519392	0.01947147105562798	0.02282723070667005	0.02473058023358668	0.06248773100174829	0.09309950372616471	0.0284013534230774	0.02355312902644856	0.04699386627120962	0.1386417039284767	0.1006730743238091	0.09984900639348712	0.01291983949174313	0.01933254999072033	0.01095439050524894	0.04624847915614629	0.1566323343617071	0.02086641132960262	0.0138804760091449	0.01147181894567454	0.01283100404699563	-0.03541423258767829	0.01715954841893809	-0.009479893823491146	0.01681658470188096	0.008753363840235924	-0.006245945909570168	-0.01145051999913599	-0.01076945241044558	0.02456897352937191	-0.002502102955194054	-0.02937961830776517	-0.007353085974007802
0.5890350877192982	0.01155356708729929	0.01096857268713955	0.01274119745431432	0.01453918579173335	0.0119189072027972	0.01219460947008573	0.01277787535282042	0.03005412677324567	0.02679398945269023	0.02787333984713481	0.02958795074964882	0.03080959869911128	0.0472064818628215	0.06632356142631585	0.06734806393560454	0.04084417880911938	0.01243490673017425	0.4029061373115376	0.2192885750687144	0.1717231932403346	0.1692712536124765	0.1526764257269516	0.11468813235451	0.01386257623830452	0.08538379363353424	0.02971682033073152	0.03062687871339387	0.1000651862368602	0.01779825799464221	0.2399274028572748	0.04466450382289345	0.01332148266348358	0.01515779529322363	0.08344143319705007	0.2200411425745767	0.02412014535395439	0.03124038667674306	0.02635187718429961	0.02382461812276601	0.02554679049250692	0.05028430283075013	0.08598735071535414	0.0150303690122855	0.01292684863650258	0.02254939410937864	0.05111503761068788	0.01316747417407714	0.05164353472898876	0.0775295708738389	0.04928927278679051	0.02377268029257917	0.01762123421444597	0.01321680158196735	0.01163933288124219	0.01347198849953713	0.01231232911168454	0.01251508139317488	0.01248758432411088	0.01418387424892044	0.01512228318168185	0.01763899249783066	0.02093088123827391	0.02309151516844713	0.04783901671963513	0.08322612208283538	0.02313225376493227	0.01855955824345761	0.0481680031129496	0.1276986485037925	0.1153914356696285	0.08587129338209105	0.01194379355358388	0.0154875417111115	0.01049622532873764	0.04408380933227768	0.1701661940998158	0.01635053621375874	0.01513298179256272	0.0120788426109045	0.01384240967409119	0.03507277661051348	0.02703299501619399	-0.002169298629169604	0.6051378542500109	0.1091552463739955	-0.368842712905433	0.1777910725092733	1.149178001300727	0.99461398764081	0.1355581544267803	-0.2250647355085133	0.02548323990209746	0.09247195448975618	-2.280997056854984	0.05851839623209595	-0.3134501360173352	-0.1650543311958773	0.3769646689982188	0.4109511398329094	1.825120700516558	-0.07610296265405085	1.021114053584391	-0.05039248995195724	-0.4681658621215382	-0.1585523159814766	-0.1122472311404358	0.02551933723990417	-0.6748996167522108	-0.05866460521178399	0.7985842280997534	0.2673394439535634	-1.5145699526513	0.2673394439535634	-1.5145699526513	1.207065470544317	-2.311869363346934	1.207065470544317	-2.311869363346934	0.02805805635308547	0.6342134485517921	-0.07283367724977134	-0.1586669521327197	-0.3338030246172394	0.7319403469329674	0.02024953471165198	-1.176404148018512	-0.1549600521555582	-0.2747981753821964	-0.1154565285889521	-1.119628203926416	0.1464979291202379	0.2658912801774658	0.02319853627111878	1.358302543676261	0.6012272157976649	0.7446168902309583	0.7194940479807093	-0.4302804923639133	0.9432597629861875	-0.002432557386404476	0.8853607666300961	0.02462499809153935	0.1227462166908426	-0.1172087554523535	-0.1064483889860337	0.02054089082282887	-0.02183037396842505	-0.005066583383845713	0.03352306888673168	-0.000232133086537134	0.03205924981166013	-0.02530919187484273	-0.002358477143278187	0.03878233327195843	0.0002687961583275598	-0.02114471518872352	0.02704628171076274	-0.004637139610423304	0.148916448323715	-0.1805794824162955	-0.1794933554776705	0.01125802537371402	0.01079345968420974	0.01203695388200151	0.01320524884977322	0.01147937934022024	0.01175672685030614	0.01191412381507133	0.02915443397269854	0.02433870229753164	0.02559747950773231	0.02759166603781745	0.02896829606451588	0.05479885960927004	0.07755041602890297	0.05411824757821208	0.02740102959628319	0.01175681526258626	0.3517862291459638	0.1977822451994359	0.1574656825512916	0.1535834453483384	0.140833037516433	0.1077690393043845	0.01301666473604633	0.09292941504784374	0.02773005595041098	0.02875616232700676	0.09771405096501133	0.01824898380119779	0.2336277308155144	0.04669371653569937	0.01194795080865965	0.01363096491773541	0.08609534475679347	0.2051352769417115	0.02125739736402053	0.02947507272939247	0.02088590918473048	0.01543366010860448	0.01929256075769219	0.03999669226814995	0.06683145457151084	0.01433373105570727	0.01266811384712461	0.01962861504196897	0.03983079141725433	0.01232533282112316	0.04465588526142016	0.06789024096491676	0.04436475949831483	0.022200552076188	0.01617870989934933	0.01153969786756572	0.01077683596854946	0.0132296349086857	0.01206613007589287	0.01210931826769343	0.01274806117509515	0.01435893289845638	0.01497229694744521	0.01836621061957031	0.02169615067554604	0.0233190391876834	0.03735441030600324	0.07702710601425433	0.02157634497121918	0.01710635358077786	0.03779411740135869	0.1092552904972183	0.09973188664089995	0.07498811857188624	0.01164970846804168	0.01405736772171168	0.01034832570004931	0.04493528846600521	0.148707218022457	0.01498723102664429	0.01535224662682251	0.0121090070614075	0.01397364242108637	0.01316181941727971	-0.01755236444282676	0.006261324285279923	-0.009954819716374094	-0.004232610234837838	0.00912354060059979	0.008992959294855288	0.001697756477185011	-0.01121512001548766	0.02024370578595466	-0.02912997375182997	-0.005974074512505644
0.5989473684210527	0.01172039287764045	0.01108142820740352	0.01281459514802337	0.01437638994028347	0.01204736270422648	0.01243625210920883	0.0128594568813784	0.03158407604997004	0.02689276718008661	0.02792636251679956	0.02956860228359127	0.03074188177734168	0.05455513509284796	0.07685174831178161	0.05875373425300065	0.03225964713330846	0.01238971856388663	0.3723572592044861	0.2053983037533241	0.1636444495419801	0.1574022114418775	0.1444539793294106	0.1109502334295027	0.01428618076802173	0.09086299752836105	0.02969478513730184	0.03056970647493337	0.1014554307136661	0.02066391440507553	0.2290067429973711	0.04724215499008276	0.0132608164152062	0.01520847796691624	0.08116275381326037	0.2080609755593871	0.02434356857162564	0.03114940077911212	0.02247721479804422	0.01780639775770403	0.02090915589101797	0.04616448546448288	0.07703688259534244	0.015415869591257	0.01344937574455972	0.02186487785243325	0.04433096017900917	0.0130194888079227	0.04877176458962199	0.07180080145229463	0.04698922370073001	0.0243915094753491	0.01842279932925281	0.01342288575611208	0.01176509476032385	0.01376396032162344	0.01247690093561237	0.01264431812875871	0.0138113223941425	0.01550342506486741	0.01588523631237395	0.02072568652547207	0.0235783654413311	0.02454051335595672	0.04203620460601055	0.08285448027162877	0.02377107764059953	0.01933551000629152	0.03788533548913618	0.1159222958731388	0.1030934329441682	0.0787210300418226	0.01212499505912363	0.01582436182042296	0.01062521072755493	0.04722308982571501	0.15687598871386	0.01712679419498788	0.01547340125787547	0.01216749127042584	0.01406545542159038	0.0355043009647613	0.060681623462715	0.003751713303893767	0.5870920108025827	0.1053382811144973	-0.401658825991238	0.1891455735248282	1.142039741576387	0.9958532728386214	0.1141938689726883	-0.2248381532076247	0.02040278440472031	0.06980795844761768	-2.292102094423424	0.05541372735606404	-0.310414407756201	-0.1609829802955731	0.4439163356139255	0.4281983756949064	1.651690801721054	-0.06591357487250533	1.031555511161591	-0.05477683537146152	-0.4122038550747147	-0.1599221048989665	-0.1643146998745162	0.01897257294609314	-0.6438120485433674	-0.05078807160887625	0.7919787109013813	0.2524254408395602	-1.493728266109444	0.2524254408395602	-1.493728266109444	1.18214255991489	-2.716323803910438	1.18214255991489	-2.716323803910438	0.03445641742497271	0.6555139094403085	-0.07453937520416939	-0.1865306748335553	-0.3267178725168056	0.6992840498258907	0.008524958744866792	-1.186897026315324	-0.1576641823543304	-0.2692996629886999	-0.1265755087333625	-1.121690823937714	0.1493697641202504	0.3140092200762236	0.03464701463560007	0.9665690563458993	0.6092363702973943	0.8735737480846635	0.7158340333889365	-0.3097083455624485	0.9432730098348322	0.005070280585397386	0.8856349173576913	0.03051981660048073	0.104155072952397	-0.1258296059375595	-0.1092465791716319	0.02512290390215625	-0.02411913812723739	-0.005146645261854799	0.0352707039426905	-0.0001910887627976382	0.04319947944082809	-0.01988852637088209	-0.000848528435167439	0.04183196013508497	0.0003482216280204409	-0.01392719210771088	0.03614877158160789	0.0005889679989610386	0.09191597679829755	-0.1686103487474405	-0.1776574142357402	0.01276629975365899	0.01173725158909989	0.0144438039043631	0.01664872460456519	0.01328185777252947	0.01396972518008265	0.01480643305357353	0.03780029461423705	0.03204491162552921	0.03260726830710723	0.03350796790797328	0.03424197962618834	0.06188680352702416	0.08824289294174818	0.05633014641588206	0.03199269396472026	0.0136554052382705	0.316125072020533	0.187594943265921	0.1584270212557149	0.1400357298054004	0.1345831555660116	0.109640005405297	0.01712037555884505	0.09317510444495553	0.03360792116884171	0.03415731252272704	0.1097348547193935	0.02756203407843714	0.1935699235779194	0.0509501017362928	0.01583256213986706	0.01840655283364367	0.06889769774327253	0.1846296935436017	0.03060839592528039	0.03443558538849863	0.02180874566423862	0.014748128667263	0.0192776766204219	0.05293353377708894	0.08336469964809559	0.01780486152579114	0.01533814813413303	0.02542635917824664	0.04526275263884526	0.01444903560018938	0.0560923457011352	0.06939607410715511	0.04852290915018608	0.02973389359432848	0.02385624765793559	0.01749348412046398	0.01390285903750424	0.01506252180094144	0.01342446034269843	0.01379133347053024	0.01673605252696842	0.01868302917237131	0.01829303537669431	0.02757620077941242	0.02941615725161041	0.02819948730723755	0.04641018204205838	0.09345080545709358	0.02911252292994609	0.02475519809443808	0.02625423853456894	0.1106871077074534	0.08608835278443848	0.07869761356348748	0.01325851763245298	0.01979572722247653	0.01126952084776908	0.05458534366465145	0.1424105249540485	0.02225769175504848	0.01554496369986128	0.01212496147629305	0.01406249987130081	-0.0343815082306012	0.0182263927449081	-0.00884045810754633	0.01716543794548055	0.008443312062102757	-0.008706179530327294	-0.01268435095903921	-0.006393630189197056	0.0201933493247619	-0.002969976971918096	-0.02916336775575062	-0.004458439719556821
0.608859649122807	0.01182481608515165	0.01115449883656632	0.01285750109012137	0.01430346561241761	0.01211968790117036	0.01258438920184871	0.01291277226717328	0.03358033613561127	0.027048740129437	0.02801404116413187	0.02954165054280591	0.03063897304788473	0.06433657681897935	0.08917656650644962	0.05118156893557416	0.02700201594306929	0.01237668996251179	0.3455788649539839	0.1936041127068172	0.1572388775711638	0.1469991502606934	0.1376728082965471	0.1084346278246375	0.01454302860208453	0.09762564893195351	0.0296600036942939	0.03047747710182766	0.1043600493391273	0.02468302590243714	0.2153940119457225	0.05019248915685907	0.01328792927012363	0.01528365662372835	0.07779374808451753	0.1976393852148447	0.02464107534762286	0.03101750935601384	0.01958147161104825	0.01478414083918866	0.01785826664215599	0.04101425991887678	0.06500013608897709	0.0158956986062514	0.01410201237528528	0.02133984332613487	0.03756727277250799	0.01301872810114039	0.04418257663520991	0.06836139010420043	0.04565369648445272	0.02494714770913846	0.01911775929874397	0.01363376640636789	0.01188126429755973	0.014296049528337	0.01275060847689238	0.01282350785262926	0.01850159951969515	0.01817288800717742	0.0171234177525678	0.02630555445316308	0.02789670009001334	0.02689654228437799	0.036191689920021	0.08107855679105207	0.02432973702094141	0.02000148592468436	0.02926243272366365	0.1008272174136681	0.09486731781790077	0.06860181552827437	0.01230055862793717	0.01616257089698671	0.01069342240602749	0.05110559741197224	0.1486888830610532	0.01777645956803865	0.01764793937129161	0.01355701072369053	0.01607407813548025	0.03627773626266232	0.09491939162317405	0.00942062986144057	0.5542556473620478	0.1011889005639054	-0.4355689141127581	0.2004363538445879	1.136370210766196	0.9968720907321338	0.09107978254363609	-0.2246571282173211	0.01625950491132763	0.04703444431185789	-2.302440596945559	0.05241366147102289	-0.2925324341553417	-0.15627366831679	0.5048867033852055	0.4436341747481599	1.459839865653944	-0.05571744774686012	1.022436153258909	-0.05847848549549666	-0.3303658398745484	-0.1617999755860948	-0.2134201510765741	0.01279924255052004	-0.5996509786938661	-0.0429404334025639	0.7924795237220943	0.2377357280236735	-1.470161089933031	0.2377357280236735	-1.470161089933031	1.153195219453864	-3.126909222016161	1.153195219453864	-3.126909222016161	0.0410237508473977	0.6678800600649444	-0.07655033487534391	-0.2200599533832524	-0.3199069536100876	0.6766135397899624	-0.00323749419919275	-1.184472066034276	-0.1602686605111897	-0.2546785340208322	-0.137654216235694	-1.11191256156132	0.1527202130752328	0.3613569517996001	0.0426774898036355	0.6703166715671395	0.6185797560515919	1.012871986564733	0.7133163195313467	-0.200647627712863	0.9433592275140407	0.0122544363920653	0.8859621710882069	0.03531567052558918	0.09317744110316771	-0.1392870323884705	-0.1109203125826304	0.02605418403429443	-0.02446289904660643	-0.004976721094186939	0.03564592955356594	-0.000138924073273447	0.05080661155539504	-0.01505276876494094	0.0005196989179346525	0.04351471483653505	0.0004067143413035052	-0.02423259801979873	0.01808291680273169	-0.002446494510564434	0.035549853822329	-0.1547847207641625	-0.1752589894579163	0.01147338590314763	0.0109485946033794	0.01209836756591925	0.01302284589963515	0.01161670175891702	0.01206122102792048	0.01199323258508731	0.03359859697012837	0.02468806662638351	0.02579440038621666	0.02753111477655851	0.02873619065546248	0.07713292721753899	0.1050849775676184	0.04029374768803971	0.01920815732545959	0.01169903923161463	0.3100062031818822	0.1790210634823222	0.1478913651012125	0.1366316766326094	0.1306147218622759	0.1052346283136193	0.01356116580460987	0.1092011460348252	0.02765164738435397	0.02854792016532568	0.1057826460424597	0.02802921707477792	0.2041637413085512	0.05312993303810518	0.01198099472223704	0.01376150741460937	0.07812374008394567	0.1888739075185947	0.02191753992601343	0.02917801443909314	0.015735400560815	0.01217951418351974	0.01434724280559296	0.02985643530239494	0.04276396838488374	0.01543923024635905	0.01417512323572692	0.01881163799120311	0.02702046420837382	0.01221626760402548	0.0326310937520416	0.06410903744593301	0.04286429090881251	0.02304053893864756	0.01735958960668152	0.01163840602670449	0.0108353336925696	0.01447049328794303	0.012713803825422	0.01254893538895687	0.02462451986100567	0.02073857892260167	0.01786925920814564	0.03132819246171752	0.03148406271557463	0.02868994454348602	0.02471201471138552	0.07258237677986604	0.0224298943690124	0.01821255032219986	0.02303709192340705	0.07724240941209085	0.09098046251794935	0.05175823502163063	0.011896967459508	0.01441086447504803	0.01047096132260495	0.0535674373826954	0.1408406968610844	0.01610980145007255	0.0210155565522406	0.01567112945490096	0.01917576948161452	0.01278806236915837	-0.01701042333878383	0.005567998895029487	-0.009573980509420935	-0.003731857133893982	0.008453181428895553	0.009986720750035627	0.003021333547832425	-0.009133800626150768	0.01745777289552029	-0.02899132168461472	-0.002514595096413899
0.6187719298245614	0.01200457408319244	0.01128895015572544	0.01287017615144032	0.01408186977114529	0.01222557092961358	0.01283913417036627	0.01286758879858605	0.03577574452691035	0.02712648543815892	0.02805710866993106	0.02952011070988682	0.03055939688883833	0.07533392187901447	0.1024809464736984	0.0441138799466587	0.02212122766733926	0.01225929715902797	0.3252549236386033	0.1849601659252733	0.1527966100472112	0.1402962342185779	0.1339217081572206	0.1082249767393981	0.01503179808077195	0.1070141905578513	0.02963472838246708	0.03041079809474811	0.108522880119506	0.03164918270193911	0.2029243804377386	0.05336329777560578	0.01306864311343503	0.01522329548598025	0.07437205232914681	0.1912268204781691	0.02479024228106116	0.03091255319632269	0.01731973149405477	0.01318137392605006	0.01572630587035107	0.03705671605251006	0.05614362901645931	0.01648916270656433	0.01498080544493382	0.02097185493260978	0.0326950856404081	0.01266565798096597	0.03720615329154831	0.06602201366823604	0.04470201393735046	0.02521536468645768	0.01951717038310912	0.01275070944546425	0.01139669686905405	0.01498600252371232	0.01316551941389016	0.01314755121964635	0.02561029756406063	0.02158741009950808	0.01881494712430932	0.03191154963985531	0.03198784465535136	0.02942465943798225	0.02956147253042618	0.07874643665340303	0.02461255456755332	0.0203856233133034	0.02574555792542562	0.08850224644150785	0.09429529192236802	0.05886068189203886	0.01209014533334501	0.01542852651409722	0.01076121296720636	0.05469160182384323	0.1432028969123617	0.01817152578515495	0.02048707290297879	0.01512565577472216	0.01856932457886723	0.03736612998740931	0.1231497339461872	0.01469112841080962	0.5067713438505725	0.09670654600490089	-0.4685115418598383	0.2116792037875493	1.13238917163338	0.9976534017055253	0.06627728131691615	-0.2245131347775393	0.01290306544227752	0.02418026792519037	-2.307554894001403	0.04965930721884451	-0.261062011552726	-0.1510084512461757	0.5554167816249318	0.4570846138147227	1.251556302471516	-0.04570958503272633	0.9935409897921944	-0.06124377440539115	-0.2236782096849512	-0.1641174632881722	-0.2517902171701723	0.007125798989324406	-0.5430763270534766	-0.03506007425827325	0.7982583918060914	0.2232757246946377	-1.44784548885493	0.2232757246946377	-1.44784548885493	1.120075086101749	-3.560947483702947	1.120075086101749	-3.560947483702947	0.04765999065098914	0.6691207220000082	-0.07891606550388947	-0.2578410187366336	-0.3132726689786333	0.6634774155504024	-0.01492234583656005	-1.171648154551589	-0.1626827592039681	-0.2308896371939586	-0.1485900803031905	-1.09350232170221	0.1565128741498528	0.4025580159069272	0.04826193070514883	0.4723566951489274	0.6293295862558375	1.156226204297906	0.7118004814758619	-0.1084664071484464	0.9435141977629585	0.01891039703612347	0.8863310277251036	0.03890028272337273	0.07645390073167416	-0.1488887978569665	-0.1122490283184156	0.02490896953566081	-0.02383451526850041	-0.004686247599093339	0.03519899990225535	-8.814263981404635e-05	0.05656294945353411	-0.01055519495564352	0.001729811646295126	0.04444840888763413	0.0004430508458116	-0.02702448761990081	0.008969723531889713	-0.004156853844340674	-0.02428232802578719	-0.1406195522623314	-0.1691551213227603	0.01319863865705688	0.01206504760962623	0.01444029864681051	0.01606007772144827	0.01352631063019714	0.01458316953394362	0.01462138757505328	0.04246732949427791	0.03212267141042147	0.03264867267401984	0.03347006928664995	0.03410573966282245	0.08573775667441108	0.1167787608099971	0.04283445616719724	0.0226172990962898	0.01332014500493548	0.2920371417476187	0.1762537806090908	0.152767145734947	0.1328339416057629	0.1318601739360526	0.1124741753804046	0.01832835955998439	0.1157023247641689	0.03356672369675194	0.03404934322525756	0.1199362656378005	0.04478452648073653	0.1718712926095721	0.05759772361598733	0.01515564299198384	0.01815412209010359	0.06215346720535032	0.1793772150013184	0.03076263564122211	0.03425206733014551	0.01791863325661676	0.01294832273913457	0.01593319334552809	0.04616679109163073	0.06910384417045348	0.01911004460563808	0.01732315856626993	0.02484103035023017	0.03749997032891259	0.01340302995599162	0.03936422085114286	0.06608940621336806	0.04704097860741358	0.02998749121982529	0.02437612357752139	0.01466878660930205	0.01235789517673125	0.01659977207214108	0.01439195842271627	0.01458054733021166	0.03351696334812077	0.026308143389176	0.02214169537750758	0.03900355169031983	0.03747711937245732	0.03347681982022571	0.03220277547910462	0.08798905915255933	0.02940819627680226	0.02525630770454071	0.02480527292857378	0.08995899827507335	0.0955608418810385	0.05966531546711364	0.01246750992973876	0.01727864636031096	0.01140489605375156	0.06153146925808178	0.1359795619253767	0.02280969593622338	0.02188938914515407	0.0154366027498836	0.01953552766384049	-0.03368061722728011	0.01917722015203053	-0.008065241832901433	0.01767833983204311	0.008168298800327886	-0.01175619773456453	-0.01407266868429387	-0.001250433576452482	0.0155899072450485	-0.00285752871468638	-0.02897112187605343	-0.0006462267613654967
0.6286842105263157	0.01208568538503409	0.01135526557010453	0.0128454414601059	0.01394468833145319	0.01225258107854002	0.01294614984131663	0.01286684188013738	0.03863140368436679	0.02731132745196554	0.02815994204133199	0.02948892091357958	0.03044168867806995	0.088158011645567	0.1166412656556271	0.03802344630356363	0.01949571811609717	0.01217955763745673	0.310782860441168	0.1789553111549471	0.1497945843972446	0.136213162618795	0.1322406813799765	0.1094104002413389	0.01526385731544864	0.1194899614042658	0.0295948901611802	0.03030565360338754	0.1132008622147979	0.04200258709758251	0.1921615308448408	0.05717165847105854	0.01308030542429654	0.01522977750139818	0.07065246529141077	0.1876423177791997	0.02515839022173098	0.03076125346020752	0.01591707678168617	0.01235675867191549	0.0145037445211894	0.03301006160127418	0.04672502187250788	0.01641856909142943	0.01512858902444323	0.02014343186820184	0.02943949592941431	0.01250936585640823	0.03380457086933215	0.0663474518664221	0.04491609864203422	0.02531910739673177	0.01967019835452318	0.01267093774375523	0.01135505171123808	0.01552055882249736	0.01342733797444372	0.01321124356250441	0.03302862071078357	0.0247870750530988	0.02069846036796139	0.03490293508825712	0.03493544123944731	0.03195190192346816	0.02619345787307614	0.07692597925686885	0.02470588993854945	0.0205086915143832	0.02759994812047631	0.08185669799477686	0.1001365260631695	0.05541123072972183	0.01192927039469336	0.01510369175987521	0.01079156807030987	0.0583645378195697	0.1436542821229284	0.01832826529373048	0.02364796575086295	0.01989946665759651	0.02234659150487502	0.03867905132937336	0.1392892228980242	0.01942095426704487	0.445328668350114	0.09191028776528233	-0.4986066088445175	0.2228914896959928	1.130201935583046	0.9981802993569793	0.03973740425988782	-0.2243993775930464	0.01013191422653069	0.00132233634643064	-2.302334384561574	0.04727853840861638	-0.2174054303867186	-0.1453087462896457	0.5920632087953355	0.4684022458203825	1.03015155626788	-0.03608650222661105	0.9448148761048463	-0.06284290272853219	-0.09591790294870008	-0.1667340012008256	-0.2727839243763464	0.002071194504584288	-0.4749504570867008	-0.02710425569803971	0.807372037679736	0.2090233471621777	-1.428317686996116	0.2090233471621777	-1.428317686996116	1.082476834934359	-4.032364932837081	1.082476834934359	-4.032364932837081	0.05424754750411134	0.6579219322338755	-0.08166981444362464	-0.2979938285426757	-0.3067274285650526	0.6582793060216737	-0.02643832149713322	-1.150787621348582	-0.1648161699653546	-0.1981137500542499	-0.1593171807190592	-1.070464173264849	0.1606716918517279	0.4350529202981995	0.0523347817281989	0.3627647565439928	0.6414917435720658	1.296638037466835	0.7110931760628108	-0.0382653515160563	0.9437318050531831	0.02486975868511369	0.8867291642053848	0.04121938239143347	0.05352462331513916	-0.1524866037530995	-0.1135830360852564	0.02149423502834577	-0.02218984479673636	-0.00428948744521938	0.03370214478275407	-4.462036836620117e-05	0.06022375273852687	-0.006225634187964026	0.002793504382590988	0.04443450623578894	0.000458615637582681	-0.02315489909801627	-0.005659305037892181	-0.001775254264450837	-0.07620239642516978	-0.1284940023128988	-0.1584497660791861	0.01163434730929851	0.01108815420447609	0.01202040967200722	0.01272962804958708	0.01165416821321512	0.01226506137044626	0.01194721140333571	0.03966601393920213	0.02505529254059139	0.02599881499412873	0.02746961424018993	0.02850400506895594	0.1050985521213972	0.1351120959417338	0.02918819471605598	0.01535289858693342	0.01151087481831457	0.2947647694415085	0.1716963481772211	0.144168720418635	0.1329958480986	0.1306606661015633	0.1097655599485814	0.01402824610498305	0.1386038291568078	0.02757301080987668	0.02834029960187301	0.1159396471346874	0.05230741310460067	0.1856925640402731	0.06113671265797125	0.0119761227044302	0.0137259506382341	0.07078794897847214	0.1870669333887731	0.02264857389388764	0.02887956700311909	0.01362365944085521	0.01134021146299205	0.01268143000587796	0.02220548166957037	0.02581472350964505	0.01488111927866236	0.01405949355899385	0.01680797927526243	0.02226547645765319	0.01185750795757014	0.02753212056838406	0.06702046325757195	0.04413481613815365	0.02304991867344118	0.01739494840663535	0.01150255444460147	0.01076399877427663	0.01551719820099023	0.01320306627205433	0.01254967468543883	0.03975193944311905	0.02723663200893718	0.02205645212662989	0.03552532636604652	0.03662364911464879	0.0339899441662447	0.01975129439129146	0.0697138950906513	0.0224070538109674	0.01819203068759171	0.03208839049461714	0.07121117149432686	0.1113699414256061	0.05024978536211355	0.01145494654581019	0.01354320099715245	0.01049710217617112	0.0611422054969982	0.1487933721468006	0.01616601002031647	0.02779718786163598	0.02684024660206332	0.02762895259498701	0.01280283510569282	-0.01741525407840996	0.004914225982154893	-0.00939974319120348	-0.003301932376737059	0.007842527760016062	0.01082082876679269	0.00394474738922268	-0.00766959329973767	0.01279608148953545	-0.02893610896186838	0.001022479113849589
0.6385964912280702	0.01227608471563204	0.01151893750361179	0.01280658997942256	0.01371145880700182	0.01233027226466523	0.01319103752804063	0.01269713938743812	0.04121735610562685	0.02734915158658785	0.02818143975779089	0.02947492305224506	0.03038977352386807	0.1009534254971078	0.1303760928020694	0.03220604111561545	0.01700800755354697	0.01201354489773724	0.3012671680572425	0.1747296433088324	0.1473562351188872	0.134734960417547	0.1323409546109432	0.1117179455097058	0.01578285772833424	0.1338851336864156	0.02957882886599052	0.03026295135830647	0.1177888599139694	0.05501994540562299	0.1828315867522724	0.06054367212260915	0.0127759296214917	0.01504393252490272	0.06809534797546771	0.1866591446575827	0.02521989934301438	0.0306922062262252	0.01485980064881462	0.01185688281393876	0.01363734833280904	0.0288749689120814	0.03922226029831968	0.01585524581984879	0.01480703198449383	0.0186648517970017	0.02698722789834671	0.01213479376344964	0.03068218205693567	0.06725988754202226	0.0453119071508239	0.02527094238455125	0.01953342374888565	0.01221614922326956	0.01111139579764618	0.01610739590683398	0.01370371152295259	0.01311748243258612	0.03765853682161525	0.02790183004691957	0.02339421604225019	0.03615720533170524	0.03740101428940749	0.03517521779347352	0.02279974106299013	0.0768742258869233	0.02463951662549311	0.02037757141239675	0.03411589868539623	0.08045437943661957	0.1109763807155301	0.0550962530819573	0.01156628263955424	0.01414929441084592	0.01075214909606822	0.06282682546284728	0.1461736591283295	0.01818478689109973	0.02711908642300484	0.02446830150668585	0.02643806190330489	0.04007092915170994	0.1383628152242986	0.02347792059784871	0.3713073274582846	0.08683704186995626	-0.5241233353764689	0.2340906343915835	1.129722748302561	0.9984352536420743	0.01139348589302132	-0.2243110984182931	0.007726280900864097	-0.02141137379424705	-2.281647514334295	0.04538388294938523	-0.1633108366466147	-0.1393253679721623	0.6123079788988287	0.4774785973967858	0.8002320450339512	-0.0270433604297014	0.8766498120683205	-0.06309636526978882	0.04657568249138831	-0.1694513345898127	-0.2714643179551887	-0.002255639943819807	-0.3964785045299105	-0.01905072890136594	0.8175400882979529	0.1949534166312311	-1.410692871884316	0.1949534166312311	-1.410692871884316	1.039984681534571	-4.549049577768502	1.039984681534571	-4.549049577768502	0.06066131817125545	0.634161552381531	-0.08482366475353779	-0.3381361119004934	-0.3002058802126391	0.6580932535048458	-0.03771814753869032	-1.124472025734031	-0.1665833878890837	-0.1572293415092501	-0.1698081942115754	-1.046363171747706	0.1651084566458436	0.4587601833119243	0.05568229468278171	0.3222300699423949	0.6550011165892455	1.426843154918277	0.7109585750253691	0.006806852861927413	0.9440046849997422	0.03006258112213304	0.8871440939560353	0.04230314521063068	0.0289024081511063	-0.1580981716444124	-0.1161188622576424	0.0158141151059651	-0.01888336056943035	-0.00371742305915599	0.03124450740319294	-9.352718788062146e-06	0.06147554732453709	-0.003371389245807839	0.003486941317911928	0.04351931553054916	0.0004496815850096414	-0.01981930768915815	-0.01626118155093582	-0.007458224979796114	-0.1173511482625431	-0.1196524751508888	-0.1482184998899411	0.01368497059085562	0.01248581525549225	0.01434879708205357	0.01549914325454169	0.01373062468957298	0.01520716819737418	0.01411893122124281	0.04742696841872361	0.03204913011461506	0.03260866663937653	0.03345959681161558	0.0340694791013122	0.1118182151295206	0.1443328312192781	0.03152270628021199	0.0177714535264689	0.01290486631794228	0.2843727184298117	0.1709333264396027	0.148778284548809	0.1339159444269633	0.134760012730147	0.1187114827639377	0.01965220425546704	0.1478198919719463	0.03355891499131616	0.03402810441111188	0.1291718932644682	0.07462828802830722	0.1565428191126838	0.06388629450411511	0.01424172916737113	0.0175943075971062	0.05862691838164374	0.1820011769185396	0.03057872933640612	0.0341986110033078	0.01613626984907839	0.01226047519630421	0.01454356750549546	0.03762797425402083	0.05569749365555233	0.01749786430143587	0.01622285216816535	0.02121724191822964	0.03335709826264814	0.01244371087854523	0.0333817358626323	0.06863299345929233	0.04803988439529937	0.02973645144876036	0.02381448144117222	0.01339739554200024	0.01167729780409968	0.01782883363884959	0.01496028853547386	0.01424115375364721	0.03998627315361542	0.03252289501106827	0.02839332961965077	0.03971585004927292	0.04195801107010275	0.04072510249451007	0.02534721834833089	0.09009292395516404	0.02911290046928732	0.02474001760494432	0.04277861129320328	0.09385468743863119	0.1243703399214897	0.06268334205304574	0.01154783036824901	0.01475472557682381	0.01125958727427905	0.07152657454566198	0.1442427506512069	0.02222621350304331	0.02917521888233369	0.02437280737927572	0.02806134423186183	-0.03303320911459761	0.01926385341962319	-0.006684703143594517	0.01854869724084128	0.007976660678974845	-0.01321014876265023	-0.01600833681201982	-0.0009268345935960934	0.013766118386188	-0.001815597345413398	-0.02890115300365319	0.002181761983892246
0.6485087719298246	0.01234848278467499	0.0115853506555512	0.01276983564376019	0.01359790953583937	0.01234211668624762	0.01327031962232626	0.01266522019812891	0.04452597828606455	0.02745555515569193	0.02824006187227935	0.0294564733826173	0.03032216874771064	0.1152163077121475	0.1448527668581805	0.02791355570017479	0.0158146650663455	0.01192891894257251	0.2954777715312117	0.1721871414682724	0.1459039162408977	0.1349309845386582	0.1338347451477822	0.1150075099256377	0.01599998926874594	0.1508913797764909	0.02955616645909053	0.03020359082155701	0.1226820354972873	0.07165379723838139	0.1749287941655315	0.0642700890671481	0.01276678913076238	0.01501887744338973	0.06582047546065126	0.1874349264081916	0.02543579973516972	0.03060380098309792	0.01424016132409898	0.0115851755767858	0.01314945314833824	0.02589753683809793	0.03353923050208636	0.01526063558261503	0.01435462375311209	0.01755872401039446	0.02512275473422859	0.01187818115781942	0.02943671451795691	0.0693804299025088	0.04625788060795043	0.02515914769659427	0.01936911280439695	0.01208994917828183	0.01104213300012951	0.01637558824079052	0.01376025184268111	0.01293507931420801	0.03678386386215282	0.02974153549590295	0.02632717272694063	0.03563286978392849	0.03891218815370227	0.03804210307396443	0.02093321577139896	0.07905404115369494	0.02450180182332235	0.02019749257032821	0.04748676914967887	0.08499351844611887	0.1250297162452265	0.05976832913864721	0.0112994283887796	0.0135847477890404	0.01073995924318067	0.06762775133247588	0.1512294960688951	0.01804030488522254	0.02902329726240233	0.02959689416513797	0.0290575222448043	0.04135397685324473	0.1169092485190818	0.02674752724026804	0.2868897889558343	0.08153985221816827	-0.5435783735499647	0.2452927935348935	1.130767009079018	0.9983998622044454	-0.01885517228965332	-0.2242458837615566	0.005438020338875063	-0.04384315329598459	-2.240666036641042	0.04406836185068044	-0.1009368425308797	-0.1332291086994014	0.6147135395166181	0.4842586111818905	0.5679637212225607	-0.0187677693615017	0.790222387180217	-0.06189902484555967	0.1952483072199661	-0.1720321759533805	-0.2449600873288295	-0.005760259130375922	-0.309384524939618	-0.01090231646260786	0.8260784308187425	0.181060810731711	-1.391847378206951	0.181060810731711	-1.391847378206951	0.9921457380374468	-5.110243289381517	0.9921457380374468	-5.110243289381517	0.06678253977679138	0.5992484322299687	-0.08836421417029006	-0.3755544540649419	-0.2936774408596313	0.6590018592267226	-0.04872136779962077	-1.09535155422741	-0.1679118094593613	-0.1098840313445041	-0.18006575450287	-1.023737835198756	0.1697414174095237	0.4749507069284212	0.05887109273079544	0.326556435685896	0.6697212835077764	1.539821941942922	0.7111419045592778	0.02580077855977072	0.9443253441668769	0.03451603084268566	0.88756405065663	0.04225101429796394	0.005901426447298337	-0.1578478675789171	-0.1195231017208787	0.008666817718176366	-0.01518596184202372	-0.003180577769909299	0.02813844139029665	4.553119852976315e-06	0.06052259873302134	-0.001231437105201107	0.00395456667420165	0.04189715008260005	0.0004276444333802827	-0.01920751188798443	-0.01804351871486301	-0.006695758147918639	-0.1455223778904248	-0.1146626851185683	-0.1354049905505919	0.01179147446143826	0.01124368689364012	0.01193493347345055	0.01249988833175999	0.01167343699290741	0.01243390112571732	0.01186449642721087	0.04668041322016713	0.02524701019171905	0.02610407706057366	0.02743710927436589	0.02838607403865407	0.1361120125471386	0.1658070229407623	0.02174244943388185	0.01363312525394075	0.01133510835051378	0.2909112835775203	0.1691747003838611	0.1425888406958238	0.1359975407050439	0.1357474428508717	0.1177914271365536	0.0145133175587806	0.1776366707086228	0.02753341790339498	0.02823689590182625	0.126520635824021	0.09053444774661036	0.1727511066087445	0.06883485192432054	0.01195122569469717	0.01365157076158687	0.06690120220084056	0.1918773350524864	0.02304197935186142	0.02872469442955596	0.01267492957458868	0.01098550776609841	0.01197115141049688	0.0170847741017567	0.01711344764965018	0.0135027901447944	0.01290754568704776	0.01459448677449816	0.01937516582987959	0.0113359976306669	0.02631660231795854	0.0722463114639334	0.046387630915044	0.02274849102059067	0.01695519941611682	0.01129376320636769	0.01064804749168052	0.01584506299441207	0.01317282907486673	0.01206644726972654	0.03304627211636587	0.02967468808025719	0.02809161738195295	0.03247509057057393	0.03857927184668809	0.03959535489304659	0.01692387383436524	0.07653166612826592	0.02204728077115006	0.01772332568841659	0.06547420792986863	0.08771172184284212	0.1444291239167637	0.06453689581635555	0.01091765330766683	0.01242441719897192	0.01045897944139387	0.07099486207893822	0.1621776159644216	0.01577245720242031	0.030754447840469	0.03704375803836158	0.03205300355065532	0.01362977573214743	-0.01811266766544735	0.004076209257474079	-0.009123282610321335	-0.00299699528987347	0.007786551896999215	0.01136788069297108	0.003200010627962122	-0.007742379038742196	0.008626958733270247	-0.02889071280337957	0.002776833604356297
0.6584210526315789	0.0125893419059824	0.01183362810591728	0.01269373774604705	0.01333441015180267	0.01241203195333992	0.0135748499508464	0.01245867619641638	0.0479472646242743	0.02748728003970591	0.02825756027913115	0.02944668679897432	0.03028689091731112	0.1308500246002323	0.160256627839935	0.02382811415109762	0.01449394529625773	0.0117465135351086	0.2911398597794109	0.1702405152269235	0.1450541869791516	0.1360348763643093	0.1362936680701484	0.1192426415967856	0.01673497999004582	0.1708022502466581	0.02954518400209266	0.03017458322298741	0.1292471132276216	0.09212338880971653	0.1693337935130007	0.0682608593760186	0.01247580837704076	0.01477176718383581	0.06410693671886192	0.1897367009396307	0.02549725994965902	0.03055651243307802	0.01356819379270353	0.01131622342921453	0.01263249898126725	0.0231840841938913	0.02992289330892803	0.0144342785914157	0.01361213474376843	0.01627511232239618	0.02427049905180761	0.0115763659418374	0.02872270561645344	0.07150626961402161	0.04716040561563941	0.02501775476485958	0.01909539961115488	0.01188089879456599	0.01093326797747906	0.01637245334334548	0.01364472766134296	0.01259602212139261	0.03125514557451229	0.02935693610547056	0.02854709332242604	0.03293306757982412	0.03883259856767599	0.04037950170742251	0.01931200561534958	0.08261139624121273	0.02433021199303213	0.01992642922904051	0.0650033055436203	0.09519549803057757	0.1395602414056313	0.06784402472314296	0.01103367408663567	0.01291536359152817	0.01068924355145004	0.07152787075138561	0.1567712211851311	0.01776943388879433	0.03033156202565592	0.03290923073618977	0.03089523950436855	0.0423158981625129	0.07352869119761811	0.02914074657946434	0.1950451142948491	0.07608448171915703	-0.5558822769501623	0.2565118691374315	1.133099467978484	0.9980551007862295	-0.05102621996570742	-0.2242037012986529	0.003030902635300791	-0.06575181151121483	-2.175595789841724	0.04340187283023089	-0.03282968994039513	-0.127198334601644	0.5991763941523118	0.4887544982469187	0.3406462276622705	-0.01143043452096171	0.6878380254138975	-0.0592371251992686	0.3404493210767042	-0.1742226098177769	-0.1928251182693411	-0.008368303319816363	-0.2160401600315252	-0.002687455989244181	0.8305667056532355	0.1673807829452436	-1.366877645673612	0.1673807829452436	-1.366877645673612	0.9385639805313173	-5.705084850275561	0.9385639805313173	-5.705084850275561	0.07251290006154694	0.5558175484607472	-0.09225078530177028	-0.4075035145056304	-0.2871503143871508	0.6572350399037387	-0.05942909632150347	-1.065023865966902	-0.1687468025294045	-0.05801969279305996	-0.1901156437003375	-1.004795871270107	0.1745076831030721	0.4861717158231384	0.06222317280798472	0.3512992605712044	0.6854494571814358	1.629240176471825	0.7113836862758824	0.01872399303294063	0.9446865820117996	0.03825336688274077	0.8879783590643554	0.0411890621970459	-0.01962981556556199	-0.1612112654198193	-0.12335741528683	0.001625929690753393	-0.01020579173067926	-0.002465696392898525	0.02470089610902695	8.904940259516912e-06	0.0588088923602155	-0.0007367586153318889	0.00400021141206237	0.03984428343989681	0.0003843106481130967	-0.01452510181106663	-0.02836874823333119	-0.01299050618500212	-0.1546757924126011	-0.1140290454423824	-0.1253347451057223	0.01432947792247409	0.01315708097391575	0.0141583940069983	0.01482603111199139	0.01392644711837834	0.01603538564454202	0.01353743052177065	0.05449152513400609	0.03203696785340202	0.0326018086996796	0.03344879211434609	0.03403188703957587	0.1457344577106658	0.1773325886477293	0.02357601990575689	0.01500172397819558	0.01244594744586052	0.2789241149705221	0.1680595184713017	0.1480165111804333	0.137509225401188	0.1411681912439369	0.1286499516860286	0.02163863129859933	0.1933116147717248	0.03354882304294703	0.0340010789141259	0.1450272167420347	0.1221976439819974	0.1497284560731633	0.07224654357243444	0.01338823972795982	0.01688294500037373	0.05595905214438066	0.1892476154849991	0.03054741722061014	0.03414602852842347	0.01473776529194543	0.01172467647381236	0.01347950879951091	0.03234572586851647	0.05025500507029093	0.01561464794461741	0.01445352311691908	0.01846108707542188	0.03263729265511048	0.01179647106784619	0.03249396512568047	0.07290218555813154	0.04980733038688735	0.02942066760642131	0.02315381720646308	0.01289912385260667	0.0114216065363605	0.01755778085184932	0.01456273181915113	0.01341102964832774	0.02398761708932022	0.02944982294877129	0.03215558978056619	0.03198089749858218	0.04008271043875189	0.04488877797255711	0.02232647940749864	0.09912957504525872	0.02873183285229876	0.02410231337654851	0.08342038225819853	0.122255948108693	0.1548450523726007	0.08320388989259336	0.01101741522923638	0.01331340571831629	0.01112140370331553	0.07836807389493516	0.1560778672875517	0.02155571400238427	0.03118268405621301	0.02906612491548104	0.03093225485788841	-0.03281751221318286	0.01873556514028416	-0.00443562479535358	0.01960499476712853	0.007827778526999915	-0.0138967469644679	-0.01842163818691634	-0.001681107495050075	0.01341051270491609	-0.0003634484375638438	-0.02876125585690005	0.002799868788674928
0.6683333333333333	0.01273775978205035	0.01199544477499547	0.01264500691960189	0.01317417436433123	0.01244391005763291	0.01375982083437111	0.01236191555248863	0.05275213673746033	0.02757489403125933	0.02830563383274166	0.02942906766234719	0.03022152169622503	0.1494231672608741	0.1779878703912069	0.02084918485811298	0.01372344157750611	0.01164387214178111	0.286630646301867	0.168368417526912	0.1449263905355118	0.1374754745243203	0.1396929545737395	0.1247447407611468	0.01724425491957227	0.1953473994868415	0.02952355412775792	0.03011788370357101	0.1382226091019471	0.119632740141024	0.166222250561434	0.0735910030313377	0.01233466560818392	0.01461105036890435	0.06169669006481236	0.1933419514622137	0.0256726220320656	0.03047150645384975	0.01315805644151707	0.01115807724995129	0.0123250104901853	0.02186353602911626	0.02798898000590627	0.01391481234868299	0.01312640161677224	0.01558198131458709	0.02416721107622049	0.01135780104706264	0.02863835925174276	0.07362867712631488	0.04810241275510355	0.02488838735023391	0.01890674229463512	0.01177525415104949	0.01087280430954598	0.01604110897704696	0.0134475871056892	0.0123768244419373	0.02277173318138033	0.02565022236838345	0.0288816836476002	0.0277966693083407	0.03553907144407368	0.04007601304475904	0.01838252343419671	0.08580617745730537	0.02417310361176783	0.01972608193347355	0.0872492119464595	0.1100199053607393	0.1529528675398073	0.0800553562049602	0.01083007185661627	0.01245162672806759	0.01066990458481495	0.07322664664520828	0.1620472393843857	0.01760262362732059	0.03045684976926251	0.03267734006075116	0.03099381530147418	0.04274185436610727	0.009098158741266363	0.03060215304806125	0.09956702905632808	0.07054638034961543	-0.5601253521539803	0.2677594920264981	1.136500138954132	0.9973823409912917	-0.0850038753000975	-0.2241868459179251	0.0002906602141070104	-0.08688658138819433	-2.084323765954245	0.04342607451500354	0.03784975892866737	-0.1214070766293251	0.5665976155963056	0.4910549171279311	0.1264066186710471	-0.005172338625278671	0.5731870065653314	-0.05519347156896324	0.4724400635343404	-0.1757762906313329	-0.1169845730681758	-0.0100330297865068	-0.1196493403662217	0.005541663547792789	0.8284938130868131	0.1540026774902246	-1.329917610238645	0.1540026774902246	-1.329917610238645	0.8790039712607323	-6.311978288826161	0.8790039712607323	-6.311978288826161	0.07778529196314973	0.5075476505559181	-0.09641601868164112	-0.4313620317682041	-0.2806687931691368	0.6492004772608976	-0.06983404964177622	-1.034393416372233	-0.1690549244771035	-0.004015055811100089	-0.2000012953694046	-0.9906048541370027	0.1793724495824436	0.4951982959166342	0.06583361931618058	0.3757191044333777	0.7019247468663355	1.689808475670203	0.7114329082503507	-0.01258016116279994	0.9450814874707075	0.04132046817819994	0.8883778172836436	0.03928103651458547	-0.05020226368918129	-0.164008114329309	-0.1276238749110302	-0.003342006454126306	-0.005339340179710587	-0.00181784695228399	0.0216215783199434	-8.512053409009468e-06	0.0577465741172766	-0.00112696996222926	0.003850943126715746	0.0379607116273968	0.0003383175413367865	0.003042264011982184	-0.03997299867485753	-0.01632364047005666	-0.1483919960576999	-0.1181692448906232	-0.116309672832614	0.01214549728142257	0.01165963741073874	0.01182992100448051	0.01216401425004228	0.01174805725163519	0.01288163408066166	0.01165780352894337	0.05729116476249038	0.02542665399584098	0.02620252713295097	0.02740098569438745	0.02825159255150114	0.1783198453631202	0.2055210222504073	0.01660811325719842	0.0123301617598487	0.01112592809640854	0.282535568132154	0.165879907679277	0.1433982849188393	0.139652525859283	0.1439510799115125	0.130409061851073	0.01576276553190162	0.2355347496738665	0.02748885886421731	0.02812007307821398	0.1477217957675445	0.155313358577879	0.1702970368147633	0.08062701781619964	0.01164725391594247	0.01329614406489286	0.06186538452667537	0.2014312740600036	0.0234031591352416	0.02855031580315249	0.01194297866324781	0.0107133055862323	0.01143045274782944	0.01558566442477334	0.01582211861323546	0.01258358603141036	0.01198672843979694	0.01354467232399266	0.02077233041484622	0.01096013986585785	0.02705027385364795	0.07638744987779615	0.04822614595696346	0.02249870216379276	0.01659945469881493	0.01113686411345352	0.0105572873328356	0.01499233490808509	0.01273322113746977	0.01167323766306727	0.01404245251592452	0.01966515491507268	0.02718852559248721	0.02018879669070911	0.02914856311913668	0.03671144441359087	0.01578294681681264	0.08139947961773512	0.02174331488361065	0.01734331594032333	0.1171099440970544	0.1234530377561831	0.1681655991223601	0.09359877507587219	0.01055955845590495	0.01161962213830681	0.0104240524650654	0.07072036440379793	0.1725251378224798	0.01546167056023594	0.02977596937323837	0.03340632696108164	0.03052673314074523	0.01565258552441254	-0.01869316531805704	0.00222456757614053	-0.008495854451226501	-0.0029160535659743	0.009249945848273555	0.01167455542624472	-0.0007631626686253473	-0.008413205630600603	0.005857267482542954	-0.02865581716214681	0.002152283661996591
0.6782456140350877	0.01313068590859037	0.01251941235647795	0.0125512389317177	0.01289767699963876	0.01253571642719998	0.01427109093162369	0.01217303833647745	0.0578437758815744	0.02764130992632247	0.02834165597920443	0.0294151551777657	0.03017044855784467	0.1700197719211333	0.1971585543218775	0.01830191696748668	0.01293875345399357	0.01146897896993061	0.2828113471797305	0.1669769999325905	0.1454196944774838	0.139480309048377	0.1438083711163047	0.1308430764937264	0.01863033033201468	0.2229962633980088	0.02950678804034206	0.03007389320902298	0.1486087103128522	0.1501177339509903	0.1646836744262992	0.07908493979103171	0.01209608441966313	0.01436114383787602	0.05962060294713317	0.1980831067409255	0.02581569644616832	0.03040514410402232	0.01263875300108937	0.01096384488525979	0.01193835291654773	0.02166524287028021	0.02972874204838558	0.01349593580416312	0.01262396611177024	0.01521676188264256	0.0278296779810109	0.01127359415588188	0.03023133457363805	0.07529733456862182	0.04882694816697607	0.02479297976621457	0.01873373688185969	0.01177478014000193	0.0108827790934172	0.01585218224190275	0.01339340159413799	0.01226366549418212	0.01635945696837406	0.02074440995023741	0.02765689638671707	0.02176196865248402	0.02976226001454066	0.03735784639647721	0.0186253370995847	0.08338491495397886	0.0240529837899292	0.01954666042775636	0.1127668282617346	0.1265663866199981	0.1569615550437529	0.09412988435642274	0.01070656290219907	0.01218608988507292	0.01064459400039671	0.06801319358153105	0.1664369564569688	0.01743872330040265	0.02883363264557543	0.02921277498938617	0.02875131282890422	0.04243682263879574	-0.0732465711276548	0.03111678413506163	0.004752807098625244	0.06500924175132741	-0.5556065922837874	0.2790456890777898	1.140866613155435	0.9963650215767931	-0.1204648570032594	-0.2241998634426423	-0.003031364233967394	-0.1069857707688256	-1.966853571169777	0.04414888390130668	0.1075068319192213	-0.1160169960718155	0.5185431690932002	0.4913321031533817	-0.06616790011953472	-9.184987449490196e-05	0.451128293709726	-0.04994505627606879	0.5821577178464848	-0.1764767594015051	-0.02153689183294627	-0.01074262106001387	-0.02397097498503161	0.01370663879805341	0.8172364672852231	0.1410750049731068	-1.27504975052682	0.1410750049731068	-1.27504975052682	0.8134958603095227	-6.899215214632158	0.8134958603095227	-6.899215214632158	0.08257350036829746	0.4588791727287704	-0.10076822346259	-0.4449197529570639	-0.2743109874898947	0.6319177834908559	-0.07993542269723526	-1.003685161020117	-0.168827756615492	0.04959292581532713	-0.2097687164941691	-0.9809167614757796	0.1843235804189556	0.5038476755949606	0.06962328748244982	0.3857855343730119	0.7188414290681887	1.717822772154702	0.7110643210412131	-0.06504968218313348	0.9455036555726712	0.04375317541369361	0.8887547552218128	0.03666852482682261	-0.06627940314216785	-0.1726880481604319	-0.1319010169143846	-0.007117422696566402	-0.0002913059169194671	-0.00118001426900659	0.01898690212963378	-3.813763094486861e-05	0.05628670022430783	-0.003146457375926724	0.003356332849368895	0.03620985319038579	0.0002836133245337742	0.004928644954641413	-0.04102020978186875	-0.02429119056972468	-0.1352084251104333	-0.1243739609568632	-0.1112130520382168	0.01535296144648739	0.01455478123106864	0.0139271311142858	0.01415968302764365	0.01416804906877434	0.0173779663721353	0.01307065247176085	0.06515465759148496	0.03214955288122745	0.03266221426093496	0.03342453243363297	0.03394367600020527	0.1912403223516148	0.2191530972292775	0.01891242124290751	0.01341677132154196	0.01202667242009772	0.272822704797703	0.1660825854825228	0.1499773235111924	0.1423967032882096	0.1505752078066095	0.1419318400575859	0.02530122902846448	0.2560490735650705	0.03352000262336076	0.03392548795836093	0.1685289829262452	0.1910443476101568	0.1493873086532908	0.08353207124535636	0.01281691679464816	0.01629467073024496	0.05228211645765533	0.2007410116307405	0.03080449274335687	0.03403155677730005	0.01359163397339358	0.0113014655660169	0.01262895925314189	0.03304024078843149	0.05753634257717399	0.01487124523407345	0.01343052374404792	0.01804396592085962	0.04392435545844326	0.01175615952755319	0.03744613615993182	0.07567635435360789	0.05101840224236748	0.02926218239348468	0.02281981663068514	0.01299850830451717	0.01150860231366559	0.01731755289699001	0.0145916925038514	0.01328577139688233	0.01345500841933909	0.01843394904434093	0.02808444665446396	0.01902994331025709	0.02590109526833702	0.03680642512663025	0.02396530263770597	0.08703876855711287	0.02852631322154772	0.0237604882789496	0.140886224568799	0.1594651735357865	0.148159816412414	0.1146684686662965	0.01084667147551905	0.0129716471231877	0.01106505822663916	0.05939912920540937	0.1633773130574591	0.0212278406950445	0.02611161526276864	0.01878862889287022	0.02400736815772016	-0.03186787788123836	0.0181315442070878	-0.003320736225575387	0.02120678328073644	0.007723803734479331	-0.01354777929103664	-0.02077312673766757	-0.004914861742684319	0.01325969280582984	0.00117460038257916	-0.0286216317844855	0.0002533133859276287
0.6881578947368421	0.01334493053080209	0.01281587187767949	0.01248611598041369	0.01272840926887681	0.01256693065072353	0.01453543518181357	0.0120418490234661	0.06467311909862648	0.02773438316228538	0.02839287878841865	0.0293957295678891	0.03009659615507174	0.193804370191259	0.2192570443694858	0.01663779170942912	0.01246254003687979	0.01136022920778434	0.2797657215546943	0.1660997770758233	0.1465382151821785	0.1432563833175953	0.1499339382551091	0.1388598303776237	0.01969671420201535	0.2568426766186782	0.02948227760261006	0.03000935066732624	0.1612370330742749	0.188214721233104	0.1652662475557924	0.08619145570132403	0.01192322523343412	0.01414807271777578	0.05676696912318151	0.205622142793688	0.02599973740956047	0.03031047345349133	0.01235420122563049	0.01085909015665158	0.01172950314318406	0.0229049984481953	0.03301271026540886	0.01352168590992206	0.01241761547273376	0.01571206429142401	0.03844852244314174	0.01128234615501271	0.03365193897336934	0.07580390231568176	0.04897035127522583	0.02482546386960498	0.0187806570697802	0.01166969525919491	0.01081209408410426	0.01599683138792321	0.01389779526001849	0.01258249833048387	0.01346138090565887	0.01686136058474133	0.02408308145982135	0.01741726147761996	0.02286622560026822	0.03072035636848785	0.02000934010293982	0.07023537071046637	0.02407666714326089	0.01958353085162583	0.1370266457028143	0.1429965530429179	0.1488255485225827	0.1084932606473741	0.01061296267685586	0.01196535316004657	0.01065059091215857	0.05264462360845582	0.168533531386714	0.01749268533120798	0.02515182871978097	0.02091941743189711	0.02362901600463223	0.04124803669134092	-0.1681700139093415	0.03071375910122592	-0.08478997166454844	0.05956179920159795	-0.5419887590418654	0.2903797362510303	1.146164581243781	0.994991134621605	-0.1568224076075415	-0.2242494580227664	-0.007116402481259995	-0.1257999221902897	-1.825641542406717	0.04554088776329621	0.1721650393641169	-0.1111709783201628	0.4572542325123456	0.4898416800869908	-0.228955795452945	0.003766368677360327	0.327682296240161	-0.04374926564077982	0.6626802047020356	-0.1761585114957433	0.08740896790058218	-0.01052454417505676	0.06674842405418037	0.02170557266882276	0.7946413972341986	0.1288019257511094	-1.197050024997593	0.1288019257511094	-1.197050024997593	0.7424250441942047	-7.42727592140703	0.7424250441942047	-7.42727592140703	0.08689599651455335	0.4143350334064244	-0.1051973516069897	-0.4466863730548183	-0.2681764939345111	0.6039753252376321	-0.08972796742181205	-0.9718629249641552	-0.168080687575517	0.1004798866896016	-0.2194625115126364	-0.9756678202100476	0.1893636286694778	0.5132548778141834	0.07341407384772017	0.3756736731173237	0.7358653135567691	1.71123491128422	0.710086009478281	-0.1347667867151492	0.9459467382562139	0.04554228090176995	0.8891030592680864	0.03354461602349294	-0.07623689958572774	-0.1762874315329566	-0.1359428936465752	-0.007879095063468813	0.002955899874205714	-0.0009084791484986187	0.01728974263278799	-9.293390624556287e-05	0.05681321315777867	-0.005187720061073018	0.002873079205209637	0.0353765506818398	0.0002410635015732175	0.009664634646501042	-0.04182122572546405	-0.0173426793084887	-0.1160504639298189	-0.1325414542773644	-0.1038788368027663	0.01269193029101	0.01261152124488064	0.01168036497511103	0.0118096621805227	0.01181239565720942	0.0135632057478997	0.01137908203160275	0.07264255367414613	0.02563748054016536	0.0263183281129578	0.02735784508083661	0.02808649618472783	0.2333566446242104	0.2563179302049031	0.01386286389443759	0.01150479074141879	0.01090255291936966	0.2773196992078069	0.164715113494221	0.1466077503986215	0.1490493508984997	0.1586574898569378	0.1488088462574439	0.01850757894329255	0.3174298971498258	0.027433747684885	0.02797497995591009	0.1768848904896171	0.2466388965632557	0.1755473477488322	0.09663818789009669	0.01129029326578343	0.01283342337092712	0.0555275367802732	0.2206912190390236	0.02382462963327309	0.02834008944494484	0.01141889740650041	0.01052247866979682	0.01104818733322244	0.01901790125273823	0.0239188237876377	0.01287990954978005	0.01172335833947077	0.01504312733295746	0.04652415152088758	0.01122272674970847	0.03878004784711869	0.07668066889896524	0.04820283997973806	0.02261893327106141	0.01676930087704667	0.01118225728120243	0.01056035390331483	0.01554431571660111	0.01405992568347762	0.01254350333067825	0.01101021354310479	0.01264434057994139	0.01881344982595602	0.01275748765679287	0.01502593543005016	0.02131926846495718	0.02117785856761702	0.04659523823269706	0.02185208678800313	0.01749397094035979	0.1668715599224432	0.1553299432601693	0.1294652640250661	0.1245893488386943	0.01048262598450096	0.0115348485095192	0.01044424100373208	0.03221291307320939	0.174770989153816	0.01563958468306881	0.02055323849920011	0.01430905052549024	0.01815253767443796	0.01827783051261481	-0.01949235434430367	-2.069147943262314e-05	-0.007280437297794885	-0.003076352148270151	0.01184097373167687	0.01174465216169313	-0.006523816707839036	-0.007487503449040279	0.004526292803709614	-0.02873707803041667	-0.003463679294113616
0.6980701754385965	0.01414300261975699	0.01465402002096445	0.01233100309649945	0.01240047744355044	0.01266320948199148	0.01558019574698111	0.01182335415217515	0.07277944117337314	0.02789367618950998	0.02847869408392434	0.029366681322809	0.02998590664296484	0.2217566528954683	0.2446865608752703	0.01497948068042383	0.01190939809628924	0.01117204231739703	0.2756162995426643	0.1649606619851782	0.1482662921336013	0.14708943829703	0.1568919029303944	0.1478539327512815	0.0230147903517402	0.2967334735882317	0.0294444607035272	0.02991054757997152	0.1766506720768975	0.2326567117675338	0.170338554709325	0.09466374454426807	0.01167341247252482	0.01379820921342044	0.05307331316322485	0.2147934471814187	0.02635000729660436	0.03017205191387304	0.01190270426176497	0.01069532484675494	0.01139948954260845	0.02395716358244323	0.03582812370329475	0.01357986622524705	0.01226110086512093	0.01625761716483976	0.04795582473673392	0.01198213339474874	0.05052709765274366	0.07704039520006239	0.04948383415580707	0.02477983493177654	0.01867852614915124	0.01270355104332475	0.01141599355731013	0.01641023228771698	0.01447572170784752	0.01291587221679354	0.01211500874273221	0.01465004199474763	0.02192060163724379	0.01492558278445348	0.01865160615541566	0.02621446423101852	0.02850732457185348	0.05802796861061835	0.02401169922990434	0.01947402268493811	0.1566602563965368	0.1524816927150035	0.1161274715360033	0.1252451228267567	0.0108338173099312	0.01291417823388751	0.01063657013165665	0.03836521942557754	0.17220021456622	0.01739461008150572	0.02005349844592287	0.01561452340690399	0.01822661185785189	0.03908417611457039	-0.2687353478812483	0.02946917422673098	-0.1642652159986016	0.05429510949608284	-0.5191338019404323	0.3017712540933158	1.152482609625478	0.9932562254566707	-0.1931387803038429	-0.2243437451141044	-0.01206142212674347	-0.1431147953933651	-1.665276895453979	0.04753109138011489	0.2274859389505138	-0.1069867152062572	0.3855062681578442	0.4869155560501898	-0.3547547056218617	0.006423046035874335	0.2099092353465822	-0.03691734701221594	0.7101307014438095	-0.1747236474429505	0.202471414735888	-0.009451846469942659	0.1476510606517781	0.02941571734837795	0.7586539007431834	0.1174341589314708	-1.091833438291975	0.1174341589314708	-1.091833438291975	0.6665949063089643	-7.851955199828231	0.6665949063089643	-7.851955199828231	0.09081584214327762	0.3783385206148679	-0.109581342124018	-0.4356892458053837	-0.2623771787886959	0.5640077079482634	-0.09919495854767633	-0.9378573798187342	-0.1668537734094747	0.1459262478108494	-0.2291177689813635	-0.9724029196990343	0.1945019667628619	0.5236529822207266	0.07701075661805173	0.34759287162181	0.7526504323827852	1.669763386487692	0.7083560999025447	-0.2155335642775683	0.9464045533309601	0.04673835501677193	0.8894187622827519	0.03011173273847749	-0.08293501590960052	-0.1919077571535311	-0.1407358638023596	-0.0044929939982527	0.005731361292784971	-0.0008041384348921479	0.01700850220966043	-0.0001606566478794484	0.06027489803697568	-0.008939000905178934	0.002249338510054398	0.03584536644637518	0.0002125017344505763	0.02477745244512533	-0.04188112697403426	-0.02369942560564135	-0.09638629626410307	-0.1393019484135292	-0.1028338249492201	0.01751942317864147	0.01973664877492397	0.0135298900689651	0.0133501131619763	0.01442363834928844	0.02023797474120464	0.01254938126563822	0.08319070179057701	0.03253939046742504	0.03287115717319274	0.03335594197097896	0.03368213238719629	0.2564312631910055	0.2778270002054191	0.01559663722173155	0.01223565534133906	0.01157411994368997	0.2623288164412916	0.1633749240218307	0.1544153788375271	0.1501875772335016	0.1659737422772706	0.1617709367350562	0.03428545602816655	0.3514040464697057	0.03342990004696343	0.03369058626039868	0.2049155480966914	0.2968717117973363	0.1669074999961321	0.1024534345733457	0.01224300458908654	0.01546023533193958	0.0440228466787338	0.2221403467962986	0.03168226335157503	0.0337069229008651	0.01252714636205902	0.01091754062870604	0.01185232345742089	0.03501923916736632	0.0630707243728445	0.01501906935562567	0.01316452032966287	0.0191912876979931	0.06245391345962183	0.01381850020350436	0.08686773983626668	0.07907428357811856	0.05246925651487948	0.02909148467342406	0.02246821296388046	0.01616377144729407	0.01336168586382569	0.01840942813644776	0.01582195487964708	0.0139680731224931	0.01228282219722708	0.01567149760292473	0.02517554614115633	0.01589658046464217	0.02023456450113779	0.03000080800504061	0.04846626643886753	0.06355296989706767	0.02830627756261666	0.02339598422470476	0.1748833003721393	0.1688455455517948	0.04750945284402274	0.1528842941563793	0.01158802149476252	0.01599598450801656	0.01101797066698303	0.03256659202208131	0.1733095261377184	0.02088248562188346	0.01455583432774734	0.01144642669081082	0.01304525432491942	-0.02997468173927087	0.01686899791161621	-0.002515944141647534	0.0232771433912012	0.007639369220451351	-0.01396184235608531	-0.01998595440949233	-0.01847964561662112	0.01147824340227263	0.001885236917984888	-0.02910096405719293	-0.008259238360538088
0.7079824561403509	0.01488612337510894	0.01862543585759151	0.01225759810870776	0.01221825048572695	0.01275106458526998	0.0165353884605534	0.01167705479677443	0.08228637059068114	0.0280272356581109	0.02855146146855532	0.02934121989181359	0.02988802080233456	0.2515926685163405	0.2727223631456075	0.01402345163161556	0.01159161078675735	0.0110648475460815	0.2725464340197272	0.1641518933984179	0.1504546137711665	0.1526494817061762	0.165630123395853	0.1584786502199313	0.02754232858974532	0.3408708708689145	0.0294112301587039	0.02982347782960326	0.193920821455362	0.2820885016601974	0.1759807023812061	0.1043891646805687	0.01149051327172881	0.013535893973143	0.04971087044991432	0.2264251697856461	0.0266274646534084	0.03004901690177976	0.01167884928631328	0.01061386914464544	0.01123607816806847	0.02397499747829073	0.03621816403118451	0.01360519506984634	0.01224265006619676	0.01630849245345615	0.05029659860900491	0.0206116988546273	0.08153347198587307	0.07800037853376242	0.04983056220216272	0.02481859026378423	0.01876506244096663	0.0150421052461392	0.01207424240277223	0.01746522702142269	0.01539904470007478	0.01313615476276608	0.01171652656748262	0.01416978469796494	0.02282709076759948	0.01424246547207346	0.01759675709400262	0.02567020016253718	0.04392742443035139	0.05216009872196311	0.02404637065876875	0.01954606601780094	0.1666169153819364	0.154952357282841	0.06659707343186566	0.141799611728236	0.01153777634294722	0.01609232382075172	0.01065190080564462	0.0301682332223979	0.1759313047583364	0.01749050640813278	0.01541612436230428	0.01255532248902078	0.0141329399293075	0.03592805938889598	-0.3669860855364367	0.02750514883948421	-0.2292766613139487	0.0493001216353102	-0.4872400828360691	0.3132310497582976	1.159974959863986	0.9911665433625468	-0.2281712341496753	-0.2244917249666147	-0.01795082222328636	-0.1587720104074226	-1.492482613966946	0.05000628818142915	0.2693788023044097	-0.1035529920200213	0.3063465887295129	0.4829494087490842	-0.4381018114866158	0.007970348386983359	0.1050239931085278	-0.02978276975284994	0.7239407156446496	-0.1721507099193134	0.3156790672416004	-0.00764518707248946	0.2141031715183404	0.03669677051633449	0.707934277706207	0.1072540873124811	-0.9572568508079236	0.1072540873124811	-0.9572568508079236	0.5872528309641371	-8.128683891357012	0.5872528309641371	-8.128683891357012	0.0944366459120391	0.3544689756422031	-0.1137915196593019	-0.4116662016067174	-0.2570384348418434	0.5110676790477159	-0.1083095811185146	-0.9004873340071591	-0.1652142581004733	0.1833964419979568	-0.2387317719322096	-0.96674766555864	0.1997470601055075	0.534720685338009	0.08027376391730205	0.3101968620185597	0.7688576065459176	1.595048583920088	0.7057981859959791	-0.3008805476488666	0.9468714977593418	0.04738374788189754	0.8896992622871588	0.02645498663010217	-0.07632614130652715	-0.2086686635146194	-0.1458020189727881	0.001877207408492241	0.006565994934872627	-0.001152534820156509	0.01811839183075983	-0.0002465219515402886	0.06597552419844656	-0.01322567055632837	0.001696466251020802	0.03766908413545551	0.0002056346733946556	0.04027858186568142	-0.02904932845898565	-0.02657216575288703	-0.08582649243781021	-0.1426491031200673	-0.1024489383279846	0.01432478269863991	0.02303531869468809	0.01151805429183241	0.01145202822435378	0.01196492485532878	0.01564053835412737	0.01109048892923081	0.09356983170804649	0.02590400701646847	0.02646341765417302	0.02730738366805933	0.02789215655740399	0.3007873943383842	0.3202928312128974	0.01232802222171066	0.01096341492142431	0.01069453146977665	0.2745331604149006	0.1644402733460804	0.1522917673763305	0.1628497563650158	0.1790953373099533	0.1726023144535773	0.02895523415825967	0.4206367406146728	0.02736761645616423	0.02780180534037004	0.2149241471080553	0.3615533921300749	0.189511870592524	0.1180132524795411	0.01094239250176321	0.01231038948050388	0.04897436093880943	0.248836503992107	0.0243797296555515	0.02809635991372748	0.01101681696457626	0.0103762960362964	0.01075508937187822	0.01804162044936201	0.02200727162739675	0.01290831001247303	0.01177620743385146	0.01482994797086147	0.04520181183891692	0.03395726738285557	0.1140146262307188	0.0794582611936335	0.04926938315974864	0.02265044763478048	0.01687148742610155	0.01767074025336722	0.01234573540443878	0.01783732578663096	0.01588450839460303	0.01286171930975778	0.01118815988024864	0.01315893618432588	0.02255479692882675	0.01302640259948103	0.01569460594161135	0.0233745683464499	0.05707785060937457	0.04194020150831557	0.02187001688871617	0.01756763456691112	0.1741045455525718	0.1503801655862379	0.02025243265566898	0.1573651096832535	0.01429574704945173	0.02117155450447466	0.01046586738832692	0.02178067745506929	0.1850446736575441	0.01576152677897175	0.01191601596540523	0.01059139335771583	0.01124946304960089	0.02200226894494814	-0.0203231761457263	-0.003425401405373073	-0.005322280816465523	-0.003582503191280118	0.01462036226638392	0.01181891777353575	-0.009577742498931016	-0.002756502708681865	0.006054163843892589	-0.02986079579912777	-0.01199896861432597
0.7178947368421053	0.01575688233660334	0.02680885325278429	0.01205248006814032	0.01193878492403982	0.01269687890010063	0.01757984542525535	0.01149412571233752	0.09267615989441441	0.02815139207194772	0.02861809342956637	0.02931866345026806	0.0298018893904656	0.283953337627473	0.3032167268063472	0.01316254055568777	0.01127818082298436	0.01090753697983214	0.2757168813354168	0.1666734442406489	0.1547357622630418	0.1611149113859202	0.1765481220603375	0.1701441038310133	0.03287744291891099	0.3878408567164589	0.02938166953834271	0.0297463943780092	0.2106168728201522	0.33188565874526	0.1829037586240496	0.1146525889271879	0.0113274407265985	0.01324011329264158	0.04700926993217257	0.2409648275200819	0.02690257153226986	0.02994187423366816	0.01136726630015551	0.01050271108244853	0.01101088212916252	0.02232523755824689	0.03223649477101489	0.01357191953809689	0.01227492756939731	0.01601053550269538	0.04681731797544791	0.0346199521902235	0.1082043395327408	0.08192447199815944	0.05158312379074478	0.02458119780846473	0.01834220946973678	0.02106077801082567	0.01387146985393858	0.01773443585289257	0.01548637895688818	0.01306193681550732	0.01189220890982074	0.01453761070399722	0.02370322630307013	0.01468788102182128	0.01839091488682903	0.02679718589800623	0.0558260512234313	0.05369840129899513	0.02376272064821628	0.01912059740805617	0.1673469761679008	0.1538044204674276	0.03627445478959278	0.1524978721045476	0.02084163478324839	0.02702444969109546	0.01059443350528891	0.02731274548034828	0.1860690903210015	0.01707560925888915	0.01342782692214961	0.0114098245414587	0.01247207658554046	0.03184441472717107	-0.4544905899939149	0.02498384525001775	-0.2761671958280099	0.04466345958021696	-0.4469880353270074	0.3247717101158953	1.168827663387307	0.9887421172744161	-0.2603986859104424	-0.224702670130058	-0.02475543542765294	-0.1726898036900782	-1.315833633847519	0.05281490357380442	0.2941949146019242	-0.1009276571760879	0.2229007075727781	0.4783799793307681	-0.4762669591484007	0.008570293554818073	0.01983223062005991	-0.02266763635205249	0.7069531410574827	-0.1684984907607365	0.4189102800922431	-0.005269091842439825	0.2619013917267498	0.04340042356553759	0.6421863680878112	0.09855357486250318	-0.7935010407154434	0.09855357486250318	-0.7935010407154434	0.5060692944691604	-8.217471722682022	0.5060692944691604	-8.217471722682022	0.09789008646065321	0.3447909501553961	-0.1177020050141051	-0.375424466164997	-0.2522850653386844	0.4461665437152008	-0.1170297654874649	-0.858018653799873	-0.1632497144892876	0.2112839429853919	-0.2482658358553278	-0.9558468146551549	0.2051027381643927	0.5458416385223062	0.08317001752517841	0.2757571408871394	0.7841728406772918	1.490506136210121	0.7023942761779349	-0.3853002188459982	0.947342030622314	0.0474599881112619	0.8899428392587498	0.02268316288360335	-0.04953059133963515	-0.218143673026351	-0.1510302982527259	0.009259270001386242	0.004805922862463399	-0.002090386692978568	0.02003216107679428	-0.0003496671596062066	0.072810401322222	-0.01693310658389723	0.001388088709983552	0.04043603825379128	0.0002251354503388844	0.04534099958858934	-0.02810941692033748	-0.0144408066712769	-0.08077362593559868	-0.1427172849778215	-0.09900286680443127	0.0193987427632027	0.04058939492603914	0.01299269742413191	0.01269706831850759	0.0141789201978961	0.0224378656554827	0.01214797096274356	0.1055667742472981	0.03278077494020675	0.03299948040072889	0.03331340729860015	0.03352056766262158	0.3289395448088867	0.3462032410591831	0.01396385415283025	0.01161248446184742	0.01121149477789092	0.2814721110770211	0.1739166450658908	0.166392724106547	0.1719190018834713	0.1917620024926935	0.1873179128561585	0.04608008456453635	0.4565799819776861	0.03337402216379385	0.03354540916416571	0.2386305235626659	0.4043880125662787	0.1828909228609533	0.1240436613531828	0.01193534573924743	0.01483426201116667	0.03948839291060645	0.2570687659475791	0.03223712534901712	0.03350735728383653	0.01181942889032073	0.01066687344314927	0.01134261925378296	0.02999774234830563	0.05028903669614744	0.0148958375837266	0.01327770370665822	0.01825288583050724	0.04891017161907545	0.04767772361873971	0.1385890297769676	0.09076471250259775	0.05760423148966838	0.0283331675718002	0.02111607291795831	0.0319576670247419	0.01806935712843703	0.01818003189101525	0.01518556745201469	0.01353642549454302	0.01318396267474414	0.01722926839107869	0.02691096459376488	0.01788207002907894	0.02364946460331197	0.03398140023136931	0.06943708778063348	0.07514147561419648	0.02741322961618836	0.02204813592177559	0.1613945478840504	0.1608139719602102	0.01814211980788333	0.1662521387014596	0.03880867459708322	0.04594721716939566	0.01083372330164295	0.0325319095422832	0.2046628157630218	0.0195484838838298	0.01322988236533382	0.01102977660390638	0.01213730504323483	-0.02626712420793733	0.01557775454248451	-0.003155640086858552	0.02577750084558881	0.007546275388731355	-0.01608348719995809	-0.02010342397591868	-0.02147463809751492	0.01733278162375896	0.002043734860466106	-0.03077789344013968	-0.01509591927735111
0.7278070175438597	0.01649260730946244	0.04578676333923125	0.0119491629035011	0.011791528080938	0.01267967051052974	0.01846918813393108	0.01137894260448319	0.1028596290076867	0.02816185807164832	0.02862290903834245	0.02931559037459707	0.02979394887881217	0.3148675477710718	0.3340258125603375	0.01271583499696937	0.0111106977687667	0.01082125960552294	0.2839855077796202	0.1717271267972849	0.1606875134242647	0.1721167363435595	0.189100771259352	0.1826573912044625	0.03955175432632325	0.4338857365549348	0.02937928854820223	0.02974104512789241	0.2266415851977505	0.3796411662226215	0.1874299359913944	0.1246122046752164	0.01121500349715772	0.0130408718491751	0.04711821888284141	0.2572595375018263	0.02693208789174645	0.02992941155642879	0.01122052762280543	0.01044953691166246	0.01090406183034362	0.02095268324249436	0.02958180104994022	0.01330066090952685	0.01219946164423735	0.01529718026107571	0.03916849171830186	0.04445999612937764	0.1267331258993256	0.08737363924019396	0.05390751038529132	0.02432035737396904	0.01800118081644411	0.03372505054437665	0.01422681267192294	0.01862789208291084	0.01535022869368965	0.01269463517804758	0.01213174159554117	0.01563248853061078	0.03044988015915267	0.01523884179718843	0.02046590670354719	0.03202458838457063	0.05772408951403123	0.06184126465514665	0.02346104604647406	0.01876140597217636	0.172600344627503	0.1525310645011146	0.02306043764145983	0.1598519788585957	0.04406364090619637	0.03472661083497976	0.01056306699944516	0.02920014826687245	0.1998101739824172	0.01676703255267795	0.01257664872387287	0.01093547266402821	0.01177720429138818	0.02697957744588389	-0.523402653584901	0.02209897679077907	-0.302312418501439	0.04046258622843978	-0.3995518205399219	0.3364074971049616	1.179184200462713	0.9860188820729088	-0.2881887875416898	-0.2249854343437014	-0.03244039983812858	-0.1848758282366596	-1.144638440623658	0.05577263439727996	0.2991018464752903	-0.09913849937682639	0.1381293665542536	0.4736567251200358	-0.4694116259895242	0.008447413999493641	-0.0400327601264957	-0.01585033225082093	0.6650405628079564	-0.1639037120164781	0.5047256966796788	-0.002525220307838424	0.2879190722855898	0.04938118944722384	0.5623703879989974	0.09161236333554981	-0.6028648205859996	0.09161236333554981	-0.6028648205859996	0.4250693792079163	-8.087485160006525	0.4250693792079163	-8.087485160006525	0.1013206494191038	0.349773237323894	-0.1211986564422655	-0.3284687874683901	-0.2482267509790844	0.3711920972301526	-0.1252988513271285	-0.8093248200644251	-0.1610609486165931	0.2285273381340854	-0.2576548021722708	-0.937047694352406	0.2105667860730951	0.55659499043953	0.08579215751892875	0.2568510647250651	0.7983238722442587	1.361068782029356	0.6981808058363087	-0.4634335027882736	0.9478104813018694	0.0469635851927621	0.8901489039376315	0.01889618039386957	-0.01728347833924829	-0.2314507457112891	-0.1561736032078123	0.01865399496503328	0.00226585565936511	-0.003162644732769277	0.0232094725632728	-0.0004453463502416863	0.08142621420832137	-0.0222002523430278	0.0009135223115321129	0.04444349743686503	0.0002485449901772615	0.06327274094713146	-0.01297399104258125	-0.01267654937766721	-0.0919303209241577	-0.1374108810430987	-0.1007229757633438	0.01571255560400008	0.06842563035946633	0.01131217874191452	0.011187812474758	0.01188593951849695	0.017296337424748	0.01088592182904635	0.1143994571687784	0.02582700451546716	0.02641977078751329	0.02731822217453832	0.0279440988649517	0.3647478604534445	0.386562725277147	0.01167055504464084	0.0107009709928506	0.01053978254500211	0.3011883123956833	0.1786801575914661	0.1668038555017953	0.1887147562352919	0.207016804486905	0.198951083147494	0.04313196292814447	0.5173639301551205	0.02738644019320639	0.02785311842620104	0.2460345836428263	0.4601674084888774	0.1962151324848729	0.1381519231609156	0.01075654912475795	0.0119596566358819	0.05167988847693319	0.2854057894158563	0.02423014764592797	0.02815404386788592	0.0107701187767012	0.01028660863969592	0.01057540376737757	0.01471848201036114	0.01535582836921421	0.01223044006750889	0.0115794739551409	0.01309217145871231	0.02616070570608027	0.0521389395788228	0.1437300753998288	0.09209494171873406	0.05452998136224225	0.02206334019072692	0.01611691244818057	0.04826806772063648	0.01242333758263559	0.01954636089078592	0.01525836152979983	0.01192341982989998	0.01189006340291018	0.01589584832758176	0.03857811307363319	0.01457947011579187	0.02107415226974623	0.03625079500975516	0.05268443668152165	0.06442853657572062	0.02119523165199881	0.01677436464575501	0.1855189156407016	0.1465438947451711	0.01412280608216241	0.1661821328983857	0.07449513112962822	0.03628521112229076	0.01039666553745275	0.02992095133601043	0.2185146614955015	0.01508045259247033	0.01154031809194621	0.01050514446038436	0.01102588541952162	0.02530839530375795	-0.02179658473662578	-0.006437581237631331	-0.002982407845765594	-0.004608583041074667	0.01736277843778681	0.01089558279267468	-0.006290284122038412	3.720075982728034e-05	0.009543619665443278	-0.03214431849787125	-0.01961322185543941
0.737719298245614	0.01703707505485465	0.0635177140884771	0.01178362590760222	0.0116094125290193	0.01255116028766993	0.01910088521720196	0.01127499547187688	0.1127423245869432	0.02803601232427104	0.02855496971247959	0.02933493372982642	0.029874100715836	0.3450740667997611	0.3654433134763512	0.01231854822434831	0.01095472550820592	0.01072200237878791	0.2949585630096507	0.178197660902757	0.1674605601661283	0.1832391341071038	0.2013126852586132	0.1939204245448236	0.04551284585755475	0.4775981471635946	0.02940818534047807	0.02981661129888561	0.2402102246390929	0.4240161259736253	0.1904937071925397	0.1339728396396277	0.01114454005002889	0.01287807646272488	0.04959526097654102	0.2732620947594435	0.02665598620613946	0.0300235558317554	0.01103574374272397	0.01038386423913074	0.01077120980189782	0.01820430597805635	0.02241332364906854	0.01299304880991435	0.01209245797261976	0.01446530067487163	0.0316477789054023	0.04957600506287124	0.1393978778714732	0.09186441269485411	0.05578734722198242	0.02411418685582981	0.01770182578856481	0.0485839280124674	0.01366276606207997	0.01874921578833667	0.01504775564006617	0.01235230051317565	0.0125869170200025	0.01669215509850547	0.03483639244902861	0.01629704952181431	0.02310652520954405	0.03648459247063904	0.05486955783307122	0.07031164852548759	0.02321866718683216	0.01845223553414699	0.1760040714703286	0.1512458537794745	0.01873268689681193	0.1635922506503951	0.07931289393805042	0.03955314306107394	0.01052821524373539	0.03285308208445176	0.2121998056714569	0.01649022438153553	0.01220181242932981	0.01076763300776243	0.01149776344988022	0.02155115985120837	-0.5672627673401553	0.01906317437296644	-0.3065488461666904	0.03676057822719735	-0.3466711027492094	0.3481537229022241	1.191105438476632	0.9830490231950956	-0.3099095852684075	-0.2253483499539929	-0.04091382953565676	-0.1954311043717352	-0.9883569249508739	0.05867360033072183	0.2826032725166344	-0.09818325819442904	0.05518354541637925	0.4692120771711517	-0.4209241147453566	0.007872671080028719	-0.07091673940558235	-0.009539171414532121	0.6063219565875291	-0.1585703238615895	0.5670414875740925	0.0003613597369100221	0.2905612788069951	0.05451073302737866	0.4709702606780385	0.08667549965617496	-0.390055932550993	0.08667549965617496	-0.390055932550993	0.3465208361839558	-7.721276098506242	0.3465208361839558	-7.721276098506242	0.1048677780320008	0.3678904517354576	-0.124185551994763	-0.2729959035791867	-0.2449507017312886	0.2888708669460499	-0.1330507907058171	-0.753555282534948	-0.1587546887501071	0.2350738492096758	-0.2668105805561928	-0.9086673426792575	0.2161369913543044	0.5673496397951299	0.08834621383030057	0.2632327526460607	0.8110926465865235	1.212649734599739	0.6932394512938809	-0.5317483574981379	0.9482711248808388	0.04588173380775463	0.8903175180585764	0.01513180000521393	0.03427882426564066	-0.2380748616615669	-0.1605302225819329	0.02615863095087344	-0.001450621916205958	-0.004429351587076592	0.02648013647694641	-0.0005321089034915003	0.08871977879298912	-0.0275100452229953	0.0004489282853484335	0.04860062220050033	0.0002761474625461291	0.06580119961148222	-0.003452495241367842	-0.00538390155134239	-0.1116864382266079	-0.130289845635977	-0.1030550522631324	0.02031139713465914	0.07574186295178952	0.01260150408951504	0.01229893658358418	0.01381450484499615	0.02346405811648554	0.01195047044832004	0.1253921169856826	0.0323867382717162	0.03278745035877854	0.03337559553653445	0.0337735117888247	0.3904741353970536	0.4129151414405636	0.013215096172647	0.01131126218687366	0.01100049160585271	0.3092389880733622	0.1893847713757887	0.1815252185545512	0.1947307436469727	0.21611780492013	0.2082483882456111	0.05759363704845614	0.5422535879460194	0.03346465936502911	0.03378166118517266	0.2621140163578519	0.4903545744117175	0.1864625425388051	0.1421757779161888	0.01183420600661911	0.01454236465912309	0.04710625081603827	0.2890827188724175	0.03136773490210166	0.03380775532558672	0.01141323865879634	0.01052360128697517	0.01105194049797687	0.02306569094384574	0.03099068832320628	0.01424386431838994	0.01303307157974002	0.01646601286831095	0.03392960409460303	0.05298113306053759	0.1566170644135325	0.09863242094703792	0.06089764980339792	0.02797221488842032	0.02055404521485507	0.06488422823942153	0.01605060622643694	0.01765817810725204	0.01441892319754471	0.01287493067242394	0.01430359202552312	0.01932814186398501	0.03324419404988364	0.02050728420477744	0.02956525373696534	0.04224318921602339	0.05817383861141642	0.09325477444392111	0.02698371636154193	0.02147443927416117	0.1649978499330199	0.1581983953565637	0.01906318885310543	0.1680555567573755	0.1270235642964921	0.05303912498981136	0.0107606673086017	0.04177858666514933	0.2276371090201728	0.01902242492419606	0.01293781986543161	0.01098673091204042	0.01197643314150491	-0.02174168201133175	0.01352516421615811	-0.004149011154120627	0.02815719102570142	0.007381342816141068	-0.01700367708094736	-0.02286861720080717	-0.0230947615178272	0.01968098773232795	0.002334964191228198	-0.03356601293722733	-0.02406367392187265
0.7476315789473684	0.01759502554298135	0.08096780105842834	0.01170061139280826	0.01151240151487852	0.01249940354322011	0.0197578681710014	0.01120667483522142	0.121504581357946	0.02782350274688675	0.02843602959894922	0.02937022691732518	0.03002401638111745	0.3718391653259549	0.3956801101733557	0.01209753387223717	0.010866843486774	0.01066635973761252	0.3069253236211667	0.1850344536579776	0.1742821833989185	0.1944287836121247	0.2129041267631366	0.2039531103155331	0.05236245352204279	0.5174382855661886	0.02946052552838639	0.02995687081166462	0.2515093466761778	0.464810966721989	0.1907685064801177	0.1423334594142364	0.01108660011846248	0.01276541683350398	0.05560552243398761	0.2884365676711345	0.02623626515983195	0.03020221269752555	0.01094470562036684	0.01035055757168849	0.01070471783651208	0.01727264675389162	0.02064827553637778	0.01277699055211584	0.01201019772653941	0.01400461412902065	0.02634627601144528	0.05566616017909656	0.1529925469774981	0.09884920565213805	0.05904329545315851	0.02374350561826077	0.01728112770880215	0.06687570017788265	0.01332848731545906	0.02003463186946222	0.01490346813363738	0.0121014384219886	0.01329546655600126	0.02088079470592224	0.04730065072730728	0.01762088755701408	0.02876586914820617	0.04537115295963424	0.05119271040285866	0.08127563554489975	0.02279945028655418	0.01800647848141895	0.1827268560410648	0.1498477397816979	0.01608036705990325	0.166583241991313	0.1170539823645975	0.04615748149944549	0.01049148474032322	0.0384296140237041	0.2281045528512236	0.01611902291603575	0.01191251421753596	0.01065298199208332	0.01129471263125355	0.01583205174742094	-0.5814890104035929	0.01609353314669348	-0.2891199409571061	0.03360029182945671	-0.2906946808965475	0.3600257663755525	1.20455937994919	0.9798995261592158	-0.3242405771161941	-0.22579881880047	-0.05009533062075052	-0.2045477602109343	-0.8556571743986462	0.06130366283626461	0.244523348627858	-0.09802867341956088	-0.02300483884621437	0.465426816294749	-0.3378032289552408	0.007141837535101696	-0.07152761963670241	-0.003854834934871737	0.5401506879833388	-0.152755342284	0.6012919605188565	0.003158106174407986	0.2699760305938754	0.05869280863065262	0.3719976067886528	0.08393184638416601	-0.1614695146552931	0.08393184638416601	-0.1614695146552931	0.2727829739548414	-7.118236745830751	0.2727829739548414	-7.118236745830751	0.1086467024769157	0.3958817884348267	-0.1265913344815616	-0.2116706804900499	-0.2425133812436789	0.2024888005944298	-0.1402148680359024	-0.6909180095291368	-0.1564339487557035	0.231573299976276	-0.2756349826033643	-0.8700714360366801	0.2218161940942284	0.5787207893403902	0.09110742214932671	0.298646946267358	0.8223230112976113	1.05180284797221	0.6876807380833568	-0.5874431422414447	0.9487181795200493	0.04423142740006558	0.8904491084699865	0.01143640260437172	0.08225768105387683	-0.2383341004241903	-0.1623219588614439	0.03308115439737396	-0.005299441208707359	-0.005547728700028866	0.03007829134472662	-0.0005951698207382472	0.09493526558588808	-0.03386064827760521	-0.0002437569597299569	0.05297095076295058	0.0002942335420780645	0.08100093473571485	0.01597715058969084	-0.001105173220685998	-0.1423572198765093	-0.1190622488467342	-0.1088409915650449	0.01666068902884067	0.1027558326759222	0.0111639220364938	0.01102392288182705	0.01177262573178047	0.01842604727105071	0.01077612771637043	0.1307552475035388	0.02528256122839117	0.02611531109064397	0.0274096262165218	0.02833089343037143	0.4137516328074652	0.4473695753385497	0.01133829369806009	0.01056411006564919	0.01044612846729838	0.3279450524164434	0.1935072539221735	0.1810712579431227	0.2111229046241319	0.2292899390624485	0.216817071353308	0.05672548189990276	0.5907214449951927	0.02752125083941534	0.02821419679522041	0.2643418003570073	0.5362828503363672	0.1925897120643	0.1536828294701067	0.01066991117731857	0.01178235269140438	0.0676358394287204	0.3146378770455257	0.02315290292543335	0.02861601507877139	0.01061963990882284	0.01023100932572763	0.01046508840380688	0.01332830025395547	0.01330116635726853	0.01182444008972504	0.01141463265275976	0.01230150989209504	0.01733463520177585	0.06432216829360735	0.1699026562336901	0.107642434902965	0.06169721621280912	0.02126483377022049	0.01522389127038069	0.08931713832836748	0.01151101262239805	0.0222216895279895	0.01496206765729394	0.01146880445218083	0.01363469654113553	0.02563729791764072	0.06674342663264184	0.01775848786699444	0.03422623762458819	0.05604894049691645	0.04350058282510021	0.08830520828679311	0.02029452098291061	0.01582847483802531	0.2007726335847961	0.1439582188175617	0.0123060962649157	0.1697418674681621	0.1614576289114383	0.04962861147552344	0.01031844201439266	0.04301315296466823	0.2544781590765259	0.01429429605662183	0.01111008729584678	0.01037632747541903	0.01075444928870229	0.02761401840862046	-0.02293722698917863	-0.009236487502788786	-0.0006034246974608125	-0.00591915829232632	0.01900161038485972	0.01048342407734236	-0.004157508844639421	0.001138518201326481	0.01152652958837557	-0.03520328498801052	-0.02680046020018541
0.7575438596491229	0.01764957896338634	0.09225100708542941	0.0115932114147633	0.01140939485592891	0.01237017211078421	0.01989767325856218	0.01116827884153392	0.1285793378868456	0.02745020463006625	0.02823076437787722	0.02943231022884718	0.0302835981522565	0.3945957579079662	0.4239357427087119	0.01193165092574641	0.01079626697953665	0.01061260479752591	0.3189256518104436	0.1923259213821151	0.1816219439991318	0.2038143452228611	0.2225642195257475	0.2113923573857123	0.05711107333848788	0.5513150816106347	0.02955205621089936	0.03019949424336191	0.2595733207171482	0.4989555095037244	0.1888287968725202	0.1491411080158306	0.01108201738741268	0.01271298200998145	0.06530808660153581	0.3013055204663267	0.02546147826492891	0.03051050881626587	0.01084143962008177	0.01031331874872204	0.01063032080356416	0.01581228671118152	0.01719917283050828	0.01252230281701244	0.01190960520893614	0.01344743881357682	0.02179357300704787	0.06351610699981954	0.1642844440971544	0.1052458717379302	0.06189279982916913	0.02341365611783081	0.01683581288496269	0.08691472855786506	0.0124595305000478	0.02017182392890339	0.01458628330862576	0.01183845820943006	0.01463579635710404	0.02426880147075145	0.05500542161899384	0.02006842121921116	0.03471327978928584	0.05231274420760621	0.04707714026094397	0.0921085498214675	0.02241686309994762	0.01754667172030101	0.1859699466748312	0.1493634551136445	0.01474214077570803	0.1679186184368444	0.1580819792776989	0.05200279925236756	0.01044216796779551	0.04544079271747611	0.2436560457473335	0.01571282745039833	0.01158288578850101	0.01054126849878995	0.01107807204241246	0.01012808863552586	-0.5641308219415918	0.01339744061348032	-0.2517874635317849	0.03099807082345918	-0.2346122439602935	0.3720381214216766	1.219398447172684	0.9766485612111488	-0.3303007955395361	-0.2263434440977665	-0.05987367153331127	-0.2124934284547014	-0.7529062925853212	0.06345378059755308	0.1861006161220671	-0.09861656352394758	-0.09431693338544322	0.4625978233876692	-0.229751090330941	0.006550413473920757	-0.04325834743874175	0.001174270956646929	0.4754950644506737	-0.1467507664593084	0.6051310243368102	0.005642901708590753	0.2280829861869135	0.06187787292772008	0.2707694056884141	0.0835036519753439	0.07595569299996216	0.0835036519753439	0.07595569299996216	0.2061321958892836	-6.295655499485717	0.2061321958892836	-6.295655499485717	0.1127330046180942	0.4289831581665132	-0.128371822555026	-0.1473226866796469	-0.2409391871241407	0.1153015253809491	-0.146730465429248	-0.6229869943272524	-0.1541931156891745	0.2192595203064472	-0.284025601578314	-0.8213450108545166	0.2276161497030305	0.5920148913968895	0.09435086740647317	0.3592706898108858	0.831925853486845	0.8853891178404663	0.6816443219572262	-0.6279142106614515	0.9491463228602226	0.04207454456305712	0.8905446743008186	0.007871767799320689	0.1404224473555404	-0.2335882107757089	-0.1615161982479047	0.0355990202435782	-0.008532484270848819	-0.006347983753263247	0.03281230557593591	-0.0006263206583483705	0.0968767934995983	-0.0405659584414049	-0.001155583309547526	0.05634164447628777	0.0002945190531770147	0.0732880628024616	0.03213801441114401	0.002462865025124245	-0.1753789734675432	-0.1110576922151134	-0.1183457738798259	0.01992988026287422	0.09079906407215177	0.01236303302383989	0.01208687912550817	0.01348117884776348	0.02323733384546023	0.01190205955469921	0.1373784020453299	0.03146805462667643	0.03228418888926585	0.03352861968469782	0.03441124023951606	0.4282977694292189	0.4666916091823729	0.01293530083581044	0.01118646140827373	0.01089470801036743	0.3336535103966156	0.2049903985600515	0.1973848742692258	0.2105989181245095	0.2322604775620293	0.2187449789059815	0.06493660131327765	0.5963535417768087	0.03368998245359334	0.03437760518456374	0.2723054866941826	0.5443786327273318	0.1787319827979156	0.1535435483410715	0.01187582253567608	0.01449471028946567	0.07091002425478901	0.3103844598943648	0.02944164681392285	0.0345645389362205	0.01119488901229605	0.01044536407719397	0.01089553203032446	0.01960031968097635	0.0223286757168737	0.01369597440928801	0.01281392426138753	0.01525363435950304	0.02552316416801476	0.07090221941052166	0.1761182816485322	0.1107775263318196	0.0661761003634467	0.0273472925734409	0.01963310083594915	0.1085979268219793	0.01379229141851855	0.01678087670792172	0.01361730149491987	0.01233672486825349	0.01760640498433088	0.02533828271726433	0.04301089115946532	0.02656278620343461	0.04195137415777652	0.05409140981864485	0.04939312283043246	0.1157564500346349	0.02624806489832217	0.02053414781558828	0.1652870704835615	0.1586532462235709	0.01765996255030541	0.1680128766690238	0.2214141970015732	0.06423915738905901	0.01065001754279745	0.057668523180744	0.2586762515295583	0.01817101152896835	0.01223896401632074	0.01076598936168565	0.01152973530766073	-0.01656201030096932	0.01114657702238501	-0.005295745770372133	0.03038471690220048	0.007169461307066606	-0.0180232586885795	-0.02701600214431277	-0.02455873987945566	0.02370678651673833	0.003929329241345032	-0.03661143547891453	-0.02940949633115972
0.7674561403508773	0.0175205513029458	0.09723618523236295	0.01154558839923932	0.01136274330080997	0.0123107946248595	0.01985737065589869	0.01114786154620053	0.1338562364401819	0.0270080666221549	0.02797793323896398	0.02950961214314602	0.03061731281824129	0.4126750652985644	0.4498574671106796	0.01185232661035223	0.01076171614146587	0.01058570995660235	0.3305363776274786	0.1994255711181039	0.1886413598613233	0.2123053304404372	0.2306086376764974	0.2166736788765445	0.06122605232085097	0.579792212611532	0.02966701693619104	0.03051139382737694	0.2647264121369228	0.527829284279043	0.1853821061380827	0.1544336176239227	0.01107283742129896	0.01269340715357378	0.07838217215923655	0.3123752127042668	0.02464449465754852	0.03090962242381515	0.01079367580948071	0.01029535370039915	0.01059517600259659	0.01551092436742961	0.0166696508071382	0.01239472969194744	0.0118415588834733	0.01324506868516655	0.02013606416910335	0.07611092288025244	0.1756523814486996	0.1125442088278045	0.06544028724933959	0.02302041109369523	0.01644554126624879	0.1076275467292174	0.01219627607998564	0.01950750835223791	0.01400786537114779	0.01168391187977097	0.01616241438848709	0.03042402887316074	0.06174154096015239	0.02221700558429986	0.04137058670159309	0.05929155505863202	0.04584879372809828	0.1035825911406325	0.02197527125417625	0.01712700841066266	0.1893653448566716	0.1517690267377287	0.01391608457540731	0.1693930330716559	0.1959539004301022	0.06109323616626501	0.01041017536027371	0.05192651120107905	0.259662577848308	0.01537779393868161	0.01137507775940116	0.0104730089858805	0.01094333902753047	0.004749739361367798	-0.5161942029195687	0.01115696777392306	-0.1978401399421642	0.02893842347572834	-0.1818024093068069	0.3842038082998417	1.235478522903155	0.9733796560320407	-0.3278720276569019	-0.226987325226068	-0.07009160093409283	-0.2195840250873495	-0.6834017378175021	0.06493456267899859	0.1100179212483331	-0.09987026737547609	-0.1571095488027007	0.4609169424215163	-0.1081703718134504	0.006366219251060427	0.009744183684326562	0.005601429991720018	0.4197828716472792	-0.1408583898587883	0.5789429566528257	0.007621123140574163	0.168482313460008	0.06407314045701983	0.1733067194215783	0.08544387035527898	0.3152948408482052	0.08544387035527898	0.3152948408482052	0.1485875879760159	-5.288005131109676	0.1485875879760159	-5.288005131109676	0.1171479750518185	0.461123558196003	-0.1295117794631876	-0.08291836158253968	-0.2402186781383575	0.03077626642557404	-0.1525539145866558	-0.5516454875249125	-0.1521090912671375	0.2003267006009155	-0.2918903035579484	-0.7642884108155604	0.2335650259318672	0.6090125043498078	0.09827655409184516	0.4338087905356872	0.8398780519555868	0.7197261774380961	0.6752842307210206	-0.6527599863885655	0.949550795647224	0.03946704609916363	0.890605736820077	0.004481819357359655	0.1875658402766187	-0.2229245225403029	-0.1579750619187555	0.0348198925459726	-0.01115175405199451	-0.006787989959123231	0.03463995495924814	-0.0006270912399093055	0.09581141985267513	-0.04704080572197049	-0.002186558251182863	0.05880748882214198	0.0002774591158794942	0.06572382316085518	0.04931545965936357	0.007855212096687126	-0.2077055417201821	-0.1072458898805817	-0.1299878231955602	0.01613136305432374	0.1058570216890603	0.01108302373412544	0.01095058160599688	0.01165147163472201	0.01806768364046547	0.01075173445328752	0.1389614573025337	0.02431275086180862	0.02555782413756879	0.02758082841695325	0.02907482162520322	0.4405833434066294	0.495624240196888	0.01123555625952606	0.01051594508574819	0.01040395515803035	0.350736954631357	0.20771495415104	0.1949959422720646	0.2263882055089135	0.2427011708759688	0.2235608549773906	0.06368380510732623	0.6357531691334327	0.02777678412565432	0.02890994648235167	0.2690738658859113	0.5825915032932136	0.1841417571758234	0.1623487033050208	0.01066755575503978	0.01176942096628399	0.09848197406299473	0.3336436085163461	0.0213885234796462	0.02950558886059968	0.01054375402436408	0.01020179659381732	0.01040877778353902	0.01325116525140723	0.01351529100872898	0.01161948569610464	0.01128858151684267	0.01205269511512231	0.01597761912657375	0.09423764167165437	0.1916445245316439	0.1226108269828054	0.0689702135968218	0.02048493966101381	0.01447629993865173	0.1336073923407312	0.01111840140445053	0.02018162711321973	0.01366830647649471	0.01120677224127101	0.01711247085374811	0.03863557877462209	0.077501004208526	0.02240047458345957	0.04781343790687454	0.0690707481656416	0.04288517520947565	0.1120631246482844	0.01941938653790235	0.0150200092642042	0.204786006330431	0.1524038296407751	0.01120161618166675	0.1719437082627976	0.2393693339448188	0.06949621807136221	0.01025870065741368	0.05635917758957027	0.2869009334866542	0.01365806660783225	0.01072326198938074	0.01025554652025162	0.01050892591812677	0.02841042540846079	-0.02385348109587166	-0.0118419106448186	0.001580320262241198	-0.006493240334308844	0.01885078785367097	0.01180000482752981	-0.001972464550184691	0.003379596356691118	0.01084629904887796	-0.03786056682508827	-0.03198690646596952
0.7773684210526316	0.01716187640201662	0.09906639016370461	0.01146606531814973	0.01129554279848597	0.01218380721964255	0.01958091460295938	0.01113031835976817	0.137801344249427	0.02651276735023345	0.02769670101764081	0.02959577734057018	0.03099339179341718	0.427079946982714	0.4738125125437124	0.01177902721237387	0.01072680900596532	0.01055331959235097	0.3412376085396982	0.2062008650212453	0.1953806232057403	0.2194181898043618	0.2373629322432369	0.2200558468530051	0.06399242621714105	0.6051703641929396	0.02979765282100507	0.03086521778276461	0.2675153922007096	0.5530495171118326	0.1842505238944251	0.1591234222193793	0.01108454563941777	0.0126567789974306	0.0939236129884676	0.3224399166360233	0.02370541925603911	0.03135457346167106	0.01073254272666525	0.01027222877444266	0.01055037369467769	0.01553434342417921	0.01693083045111602	0.01226316023802959	0.01176964115529443	0.01307755205181501	0.01921309451589312	0.0906526401276684	0.184364183309507	0.1184910085972204	0.06824118989019594	0.02272311639672531	0.01608747115220909	0.128174559116596	0.01183128254795832	0.01874702110322369	0.01355219220334666	0.01152406989819223	0.01839759801573712	0.03383682430181735	0.06336141786246194	0.02521117182746871	0.04660107167414437	0.06349542010368496	0.04518483771407661	0.1151834723791163	0.02162727799087134	0.01674718566897109	0.1871587816863004	0.1560938359611177	0.01293150359823446	0.1698216373547832	0.229678744479363	0.06903590011503022	0.01037512835091069	0.05904742511550634	0.2729163775380079	0.0150623074685093	0.0110888240572077	0.01038331137073031	0.01076248227176782	-1.631114815967305e-05	-0.4414280663532396	0.009515904100506836	-0.13164344720401	0.02737100289296868	-0.1359362543569606	0.396534741838946	1.252730566852846	0.9701750376638029	-0.3174510949290549	-0.2277335064513118	-0.08047104383677915	-0.2261513356093961	-0.6469960404008515	0.06558888028110653	0.0200540771820564	-0.1016988837089446	-0.2101336491882319	0.4604567473592452	0.01443245958058564	0.006804450239959153	0.08111261240546207	0.009543187416835007	0.3781460106242767	-0.135362865572757	0.5257870160620188	0.008940146338599747	0.09593561608309639	0.06534622719303067	0.08570981573178675	0.08973994041084818	0.5503520054257948	0.08973994041084818	0.5503520054257948	0.1017478153854	-4.14514071388775	0.1017478153854	-4.14514071388775	0.1218496619665152	0.4857237432889066	-0.1300247675680054	-0.02126701621064413	-0.2403107267740424	-0.04821033877521533	-0.1576642086092928	-0.4795841086124094	-0.1502355789164198	0.177218563893764	-0.2991569084590879	-0.7011174496807803	0.2397034914096148	0.6301394845598803	0.1029379802602708	0.5042935876460873	0.8462145136646301	0.5602061716840617	0.6687546672522371	-0.6622073582617037	0.9499275319661244	0.03649361091571452	0.8906342918085057	0.001324501819620631	0.210984611081319	-0.2133032104917011	-0.1524402842643038	0.0314022504561547	-0.01257342510126853	-0.006759121519867996	0.0354371181488177	-0.0005965412458164829	0.0926958069783267	-0.05331097286527182	-0.003326699756466128	0.06037100809516349	0.0002407373871984436	0.06804382371410969	0.06445703772175716	0.007531803123252757	-0.233375184994683	-0.1067597256219727	-0.1439787456186303	0.01898427000937368	0.09011673525632979	0.01217328712152985	0.01193268643582147	0.01316191806850055	0.02244702225570519	0.01186965013709135	0.1433650498014766	0.03041371160272003	0.03168715509327184	0.03371179799787184	0.03521488135259815	0.4488401213361445	0.5109215944154173	0.01279410931856593	0.01111624584688227	0.01082466073752964	0.3533166800209404	0.2181984143235868	0.210678687959783	0.222411503775768	0.2434761541805576	0.222068201728724	0.0689574008118298	0.6394547970030111	0.0339700575893661	0.0351359004637377	0.2732227877242798	0.5861272723438649	0.1805286278676082	0.1620154677025381	0.01191916166924292	0.01440484425978768	0.1056338609697432	0.3284966573067584	0.02742261991083471	0.0355108124597955	0.01105980530822026	0.01039419911590888	0.01079669121319309	0.01996080646413629	0.02362334474455718	0.01342826779758638	0.01266607409016382	0.01495052417142247	0.02438179713090385	0.1029860618725269	0.1893293842527445	0.1208434918671985	0.07091915247687067	0.02684279058938293	0.01894312029409179	0.1511381150818571	0.01296293312342515	0.01517746501571063	0.01282705798333138	0.01201161438559544	0.02280608479486886	0.02926289118203328	0.0398315054467763	0.03349821041237139	0.05100518061484707	0.05919266237471827	0.04868886451008535	0.1401670003973166	0.02563846744514342	0.01980748690030532	0.1510608595715708	0.1704868229380348	0.01552591193240299	0.1671284248070452	0.2877307864638742	0.07916583410450985	0.0105769866768408	0.07303004641353163	0.2800859567065933	0.01755502230890289	0.01159089375231383	0.01056613247850292	0.01112377016690184	-0.01242361511526354	0.009029959872995237	-0.005899209337793539	0.03177076710219116	0.006898469446565129	-0.01858888335188998	-0.03083975484551759	-0.02785951207547371	0.02997882339947363	0.006502167382573448	-0.03891297708136131	-0.03409151040978743
0.7872807017543859	0.01672716466148596	0.09621000817992856	0.01142993124118271	0.01126679430135025	0.01211694252357841	0.01911906265136673	0.01112654476830797	0.1404596614850254	0.0260112355705083	0.02739731171438401	0.02969131591734047	0.03142715552341659	0.4376779390528917	0.495670400164361	0.01174483361013366	0.01071083204031116	0.0105374908968974	0.3513658986981197	0.2116529266448787	0.1998090994432469	0.2261405835785829	0.2427403069275386	0.2212574819669145	0.06564913919354749	0.6280782269108065	0.02994436080509247	0.03127331059988969	0.2666666192007808	0.5746115880068439	0.185827912557364	0.1629647069053045	0.01109343339419443	0.01265965313080803	0.1112196011487034	0.3315261008946244	0.02289173442896174	0.03187034958340062	0.01070461829524413	0.01026101631910131	0.0105292827211611	0.01563310416992932	0.01721452403338421	0.01221596853746434	0.01173704467065434	0.01303924038058998	0.01901346659265341	0.1050914690827941	0.189749471893245	0.1226110624460705	0.07036841952842006	0.0225069189131775	0.01586634410718262	0.1476477520905154	0.01173808938480429	0.01726644202903658	0.01305670218520057	0.01144583094695318	0.02021414546007465	0.03579098456260816	0.0614836873128068	0.02733996562533288	0.05009237288437968	0.06575798775516807	0.04697262359590103	0.1238679951072462	0.02137049395366192	0.01650427872829773	0.1837390244627834	0.1593589026794539	0.01253999951540245	0.1690930819062034	0.2583279374359918	0.07921303238136092	0.01035712046606657	0.06317062999028661	0.281949671235604	0.01487525838255743	0.01094331554148786	0.01033773125297718	0.01066982305259426	-0.003933043430362934	-0.3460454625634672	0.008570844645288922	-0.05829817411848359	0.02620802411424093	-0.1008014330878314	0.4090425023754453	1.271165531900555	0.9671090618254382	-0.3001314482660313	-0.2285820210136746	-0.0906688764190524	-0.2325074451758889	-0.6398187740459129	0.06530119021700105	-0.07927437723944625	-0.1040008950810053	-0.2525385482543047	0.4611656904395942	0.1257827426611107	0.008008682361180392	0.1628809101010221	0.01315071680686931	0.3523572615235443	-0.1305058380990888	0.4512345079990978	0.009497926309001797	0.01579844319452517	0.06582383568155915	0.01365598376210134	0.09632415786776331	0.7763549866961121	0.09632415786776331	0.7763549866961121	0.06665788188293495	-2.928042014445411	0.06665788188293495	-2.928042014445411	0.126730657961568	0.4962492865190626	-0.1299508804701733	0.03510454062531244	-0.2411480947269709	-0.1192527451912897	-0.1620685024042539	-0.4096399236123976	-0.1486003220033408	0.1527492443903429	-0.3057803295645753	-0.635141055054784	0.2460641618699602	0.6532587247455944	0.108188135564968	0.5487863894402447	0.8510186720750412	0.4111616836366425	0.6622030410099196	-0.6575306377094059	0.9502733378156536	0.03323954044632883	0.8906330124443849	-0.001524147365766357	0.2130771447933226	-0.2025577690670669	-0.1460863136345813	0.02445843589743425	-0.0135290658864006	-0.006508013973826471	0.03474045139475482	-0.0005483808392809062	0.08743763891587866	-0.05789312091648656	-0.004306998474524271	0.0607483738151424	0.0001949728115979332	0.0673585293178515	0.06825668552487923	0.01155736018492865	-0.2457204722881949	-0.108326129958299	-0.1530189098714281	0.01510059415096448	0.09450514043267477	0.0110126593050158	0.01089937636634863	0.01150819297468364	0.01687542471719253	0.0107445029933367	0.1424419048821125	0.02328472570703091	0.02493768450780767	0.02777914656489857	0.0299862425115913	0.4531629566159273	0.5352866321503945	0.01117648303550827	0.01048952692735561	0.01037547684842532	0.3701580142708131	0.2167718046126666	0.2005440808297947	0.2391186225803409	0.2512575605566903	0.2222834480096467	0.06545996785829977	0.6760722774259584	0.02808365924233808	0.02976901201067625	0.2607007706332407	0.6177662745825957	0.1922328687032702	0.1690588670357993	0.01068757150359846	0.01177164974496736	0.1369843631273289	0.3505418611564407	0.019771285628324	0.03058846723450948	0.01049733474567626	0.01018243651559641	0.01037312560973008	0.01382354731656001	0.01493284949105203	0.01159472781408833	0.01126542460815068	0.01210442518258466	0.01633577390858216	0.1248401706877699	0.1963486451623362	0.1278702650107505	0.07203255041453167	0.02019435769689019	0.01419230532384799	0.1723230946180175	0.01108954523168806	0.01702456361542302	0.01275073815395159	0.0111035468239338	0.02085190625163479	0.04076954828918106	0.06964999252501011	0.02646390656607496	0.05299468110060283	0.0710151069526164	0.04789841331510362	0.1262621395951922	0.01905975573370994	0.01469728531490656	0.192934740395904	0.1578421202443249	0.01063744773956476	0.1680069947228884	0.2899450718441923	0.09065035635824663	0.01023710960695828	0.06264810654378464	0.2960828077772844	0.01342648731875241	0.01047717743932962	0.01018016372697967	0.01035397876482392	0.0288976590564493	-0.02463100347141969	-0.0146148798005947	0.003485769530723372	-0.005853855876885153	0.0179464314443375	0.01366404496720287	0.0004207405804164191	0.004277876374579313	0.007126572379202431	-0.03961267393045966	-0.03538698559440815
0.7971929824561403	0.01600850269689254	0.08959680430149801	0.01135015362368301	0.01121063373977837	0.01196228695251486	0.01817028281127327	0.01109486398476105	0.1421779136084388	0.02545161451839787	0.02706667161631974	0.02978994305612622	0.0318793610231053	0.445223253951165	0.5156945209485759	0.0116672909519567	0.01068177296780578	0.01050863418514885	0.3614858605477954	0.216000848583285	0.2019316173328905	0.2328101813799429	0.2474335672513244	0.2209347908044426	0.06567603138954826	0.6501124296649278	0.03009919411894217	0.0317034348184334	0.2626690133923472	0.594496408211994	0.1912605394668163	0.1666545446754199	0.01109606012508345	0.01258905304274293	0.1300178926459324	0.340930214936385	0.0219308108173101	0.03240270807467095	0.01066533461418207	0.01024489881549756	0.01049944480284815	0.01678134942795849	0.0201131555387481	0.01229400583779532	0.01180440549678253	0.01323809841795609	0.01963820386348289	0.1201614342934715	0.1893687958764605	0.1228832713449652	0.07048698056090291	0.02258222777415348	0.01597440829857038	0.163937300166818	0.01186575347573949	0.01652599594586023	0.01281139247772717	0.01143388194689414	0.02254472456949311	0.03636602449773385	0.05804543242001541	0.02964069183758235	0.05175183998707877	0.0656249690901107	0.0481207450058886	0.1292344737565842	0.0214356501360104	0.01659881232213099	0.1752210744214914	0.1604862499679187	0.0120246084633113	0.165432661868977	0.2804038364828586	0.08667589025070269	0.01036889380937062	0.06627327959347756	0.2830719607798134	0.01498852911672733	0.01078958065464719	0.01029426098798455	0.01057890280860441	-0.006835160215036663	-0.2381858988454867	0.00836605898354888	0.01684376802483113	0.0253261503251144	-0.07971914288205879	0.4217391679898647	1.290875132212951	0.9642428645230418	-0.2774297359886612	-0.2295288868016852	-0.1002365987416142	-0.2389069333739327	-0.6541606244984914	0.06400140257307545	-0.1834320460683302	-0.1066698099732297	-0.28420669962269	0.4628777946626702	0.2152678576823737	0.01003932253397194	0.246430818235539	0.01657692458114227	0.3411358446545793	-0.1264620389405099	0.3632084168942641	0.009245826180096801	-0.06664224683716338	0.06568217828660886	-0.03871615883655484	0.105092959798992	0.9909938795490725	0.105092959798992	0.9909938795490725	0.0437259905792066	-1.70327287734839	0.0437259905792066	-1.70327287734839	0.1316216509329662	0.4868723469902247	-0.1293533219230169	0.08408727492048947	-0.2426429837767043	-0.1806753582983367	-0.1658003760210265	-0.3443046772361984	-0.1472022465210494	0.1298234135416706	-0.311751724191636	-0.5701948119521146	0.252644656397768	0.6734157355551983	0.1136571884230394	0.5448892255531753	0.8544101366256203	0.2755495613244475	0.6557588559781824	-0.6409169463239274	0.9505858057696803	0.02977852110052864	0.8906053759618403	-0.003978212494856142	0.1989602681201408	-0.1919128291939743	-0.1416541197672944	0.01439913825720305	-0.01506817129028448	-0.006407682650010971	0.03277540614447254	-0.0005023821847831073	0.08098972975221985	-0.06015739991449249	-0.004946122086154678	0.06024396015793079	0.0001525471762385	0.0583342897417134	0.07227012398319289	0.02460718844112302	-0.2432300122734461	-0.1098344795461333	-0.1535845270260333	0.01726452049073722	0.07204929171907697	0.01197187289904087	0.0117940850221089	0.01276804438247018	0.02005876214040762	0.01177961447708137	0.1453831122208882	0.02922494421237409	0.03098755790953828	0.03391419334806851	0.03614766658857304	0.4565314479591172	0.546964105288217	0.01259731182788988	0.01104563440513188	0.01075452769477317	0.3737481551032942	0.2250198192319885	0.2109439047320066	0.2357009848054339	0.2516007741368959	0.2185887530368432	0.06704763401436438	0.6815510124528772	0.03429124097111536	0.03602791793861068	0.2588787551430361	0.6218044675456587	0.1981002509741248	0.1691786073529731	0.01191846496278671	0.01419282335236319	0.1462631668068105	0.348121773251945	0.02533636809815951	0.03660343390930838	0.01097037516037665	0.01035729646716862	0.01072866709238768	0.02329897218425922	0.03207749842846661	0.01370449566483279	0.01289649923678153	0.01557732878117281	0.02645588154052895	0.1347346023256307	0.1785497337089628	0.115738542551851	0.06867989515049706	0.02728601705911453	0.01947968632531571	0.179873435113438	0.0134296929767725	0.01444297238200628	0.01257842619968606	0.01205093025690218	0.02803144214740473	0.02889565281634841	0.0313608232840614	0.0383678574726718	0.0522663554036639	0.05598648492288578	0.05028226983509515	0.1465692484369155	0.02608975468152298	0.020325736035654	0.1259490881975217	0.1693692830784457	0.01437108017315331	0.1549842927601876	0.3219204385439572	0.09090036266497617	0.01062883926250784	0.0782106537873101	0.2659836386484831	0.01807276362091166	0.01127524514054191	0.01048115965898788	0.01094343252036795	-0.009064523520053427	0.006923853467561238	-0.005294569090779329	0.03256892505797485	0.006609774199273235	-0.01935785269240958	-0.03391321866195048	-0.03195724671449125	0.03761353370052557	0.009169863440859178	-0.04007116085761024	-0.0359968416861226
0.8071052631578948	0.01564505733429649	0.0836919144337501	0.01133212545453475	0.01120085166627152	0.01191609805752371	0.01770311573145801	0.01110702266528624	0.1426191525661906	0.02491532325006568	0.02672801083636944	0.02990354909514158	0.03242716310053561	0.4487019198210909	0.5327660188010382	0.01166300400870841	0.01067945330002194	0.01050248569023592	0.3678763210982407	0.2175057695880007	0.2010477703182102	0.2377215186398619	0.2497743507938927	0.2183435719113805	0.06566003124696211	0.6695004874487721	0.0302809082342597	0.03222374989592364	0.2561617371584637	0.6110558326485162	0.1988069296961732	0.1692635311386314	0.01112401854255532	0.01261857090484735	0.1509501903442395	0.3481572200839782	0.02118801353469883	0.03304888432971859	0.01065336559423316	0.01023918909982123	0.01048980339863874	0.01735556323695185	0.02121969319993145	0.01239426231248575	0.01188698729916014	0.01341908561686351	0.01998462591495578	0.1309902178370593	0.186701544523071	0.1206905945224215	0.06934628327619251	0.02282376420744233	0.01618112767145562	0.1807848434639517	0.01206912721057585	0.01617276411948531	0.01266160272358624	0.01145220633439579	0.02457286417528693	0.03742771416776924	0.05721081835924383	0.03124996807523244	0.05274606493030833	0.0656812782266696	0.04997811986645385	0.1289860554114099	0.02167231569549046	0.01680519414763101	0.1719225861614543	0.1573676850011066	0.01192293387693343	0.1624277157536555	0.2944509122321936	0.09471348423468336	0.01038609344746503	0.06620378815461027	0.2794603380949859	0.01517452114708705	0.01072984170825652	0.01027627582651712	0.01054240463908853	-0.008644396715184285	-0.1271288751067475	0.00889413587196906	0.08879492446040836	0.0245727355020606	-0.07521519908728533	0.434638078829258	1.311959686975939	0.9616208635752745	-0.2511883186666911	-0.2305653247921875	-0.1086708683389968	-0.2455109804300443	-0.679051561744824	0.06166230162723564	-0.2883481684293833	-0.1096011324908155	-0.3055798985671819	0.465334232603671	0.27488708791531	0.012872682238784	0.3235493961464717	0.0199483069316845	0.3403084970574116	-0.1233198543287579	0.27080921591945	0.008184484937900223	-0.1467824493943102	0.06513015307980931	-0.06879701249789086	0.1159341837649948	1.194826178767329	0.1159341837649948	1.194826178767329	0.03269702929680525	-0.5370594275906483	0.03269702929680525	-0.5370594275906483	0.1363027447340456	0.4533679764578996	-0.1283130321561602	0.1242731880442512	-0.2446948685521103	-0.2315190170732365	-0.1689175581434545	-0.2860198273927129	-0.1460130181039994	0.1109996654042777	-0.3171000634838088	-0.5100361203433005	0.259376523069555	0.681974028870874	0.118765489823076	0.4731542109246515	0.8565310063992241	0.1549211733789218	0.6495282969753046	-0.6148801618542156	0.9508632469385658	0.02618494589948522	0.8905557542474124	-0.005945572073751561	0.1549295174114061	-0.2001172801632517	-0.1386413772138471	0.003161374166651243	-0.0148568624237296	-0.005937270532634956	0.02979599275175066	-0.0004396825712430754	0.07422448737081555	-0.06195201747867956	-0.005553270503054022	0.0588370006234648	9.669073515707897e-05	0.05151818673205048	0.0636650746427424	0.01531467976564812	-0.2351672737741816	-0.1045278219251728	-0.1506791398833289	0.01445076267743165	0.08230620884216382	0.01097962538143836	0.01088221298810774	0.01142353689177869	0.01598368620972086	0.01076552303247443	0.1420635445251631	0.02218999228414103	0.02423720143800771	0.02801317567335352	0.03112864512643274	0.4518605167760843	0.5639951837297638	0.01116214243249974	0.01048467384640067	0.01036405807238399	0.3779828241034496	0.2156764693181701	0.1934996775023613	0.2475793377403901	0.2531619319181553	0.2139612847291287	0.06480604647450548	0.7115848697582451	0.02846065171321289	0.0308563378764978	0.2427117131321416	0.6457445440306229	0.2130063547593004	0.1737007819795731	0.01073968548547542	0.01182325713044299	0.1830119870314974	0.3631536200574608	0.01830829435023331	0.03193602499847164	0.01047787396205211	0.01017239724230919	0.01035685179000721	0.01423273814274632	0.01535536640866304	0.01173932186954888	0.01138395088490942	0.01232633004364444	0.01652599818881757	0.1471860636376124	0.1879965337718773	0.1205087646084283	0.06856355028651051	0.02079378506994833	0.01469428911141989	0.2098004613824628	0.01178373510837255	0.01737450080776876	0.0127764638761603	0.01115869206864704	0.02375885820811553	0.04376961781957637	0.07395385400506704	0.02814689320976355	0.0542573951038058	0.07261822904539321	0.05115564974353812	0.1175947724718554	0.01965596354041968	0.0152038096811619	0.1997045579852652	0.1463380523880618	0.01041552502912691	0.1641537334658867	0.3070830691795782	0.1064870881862628	0.01027934602357181	0.06045690826053687	0.279748549888805	0.01387119678589641	0.01037057984664624	0.01014579976270712	0.01028577944999187	0.02976959129416915	-0.02575149691612972	-0.0162166364832741	0.005376270465729933	-0.004355766339015266	0.01618142434695916	0.01591696988956501	0.004086502120202295	0.001469963547515637	0.001938872123305701	-0.04023533972197696	-0.03585745705024377
0.8170175438596492	0.01516699051530041	0.07826285430745882	0.01125190748395819	0.01113965091062319	0.01178052684086653	0.01691236090376797	0.01104996462095542	0.143695736393699	0.02427279830632309	0.02633018722331265	0.03001313422128014	0.03294924610381342	0.4513617404073116	0.5495083016837643	0.01153803300017018	0.01063842156633445	0.0104697648056951	0.3750948266346158	0.2175424365584337	0.1967398975041854	0.2441643952446505	0.2528618219153294	0.2157277817307268	0.06513270507392473	0.692146989840278	0.03045692807831548	0.03272597696700202	0.2476411505317002	0.6301367603427958	0.2119549794043827	0.1733549255397692	0.01109449945272518	0.01249863155971244	0.1715729150201994	0.3575885635668374	0.02019176128415559	0.03366492322466717	0.01061906704171288	0.01022428061253362	0.01046281551852094	0.01506184226754201	0.01625820712716492	0.01209945174261712	0.01165055282080961	0.01283044990641388	0.01807557227555443	0.1523198340354127	0.188060846777977	0.1195098119876396	0.06901989710165264	0.02290735568451661	0.01622917808584677	0.2065613019922437	0.01308277054555545	0.01859227554195179	0.01340417100942566	0.01142212833045898	0.0221276878202889	0.04211405729559042	0.0741600987845481	0.02819441440001627	0.0543384080828416	0.0730670979635331	0.04913413423432051	0.1215660961521556	0.02173906023429033	0.01683887016891436	0.1986253000292324	0.152785048088699	0.01106621182852812	0.1669224924579955	0.3110487145735741	0.1019695980611286	0.01039537904282513	0.06737931395562952	0.2760611955919779	0.0152179069891295	0.01055136340371539	0.01021430940543501	0.01042002535984188	-0.009375558921137499	-0.02211376977046639	0.01010178026714107	0.1533423029753219	0.02377448939148209	-0.0890065761047462	0.4477536962263195	1.334745883832546	0.9592691752099133	-0.2231144255908032	-0.2316774741147954	-0.1153797707748891	-0.2523601717339268	-0.7012819654318007	0.05829332911775409	-0.3908019136048476	-0.1126963567674129	-0.3174621540572056	0.4682129759777759	0.3000335522363582	0.01640964931824592	0.3874742201513712	0.02333625909774982	0.3434073058728551	-0.1210721939923717	0.1849679074049198	0.006354428297462883	-0.2214018515327326	0.0643917525308446	-0.07682392166059024	0.1287543360535922	1.391017580191748	0.1287543360535922	1.391017580191748	0.03268635867864794	0.5106862131199157	0.03268635867864794	0.5106862131199157	0.1405215920057434	0.3933258156212161	-0.126922092792512	0.1546358882005737	-0.24719831459304	-0.2719992940162069	-0.1714980421282148	-0.2359432422538769	-0.1449815451302576	0.09825863199244278	-0.3218890491659048	-0.4577310642987932	0.2660840806289244	0.6661055041978051	0.1227706289201156	0.3210792394592727	0.8575315550782288	0.04945700498181082	0.6435923742642687	-0.5817847616619787	0.9511046270304669	0.0225028476292914	0.8904894537557515	-0.007323951770707048	0.1242419896924995	-0.2105111351581981	-0.1506149733204425	-0.008198216761957922	-0.0197845801210179	-0.007118810092765401	0.02713251681523434	-0.0004524724241991089	0.07381902524071887	-0.06008723804987703	-0.005140491853645127	0.05919416900704014	9.909487928449256e-05	0.04176504360117957	0.06070320392784333	0.02266368490981392	-0.2529825551385628	-0.08069279844760149	-0.1076693434759017	0.01619432915373459	0.06218849672317967	0.0117519436569813	0.0116225410811526	0.01241104689436329	0.01815392106142424	0.01159943215993418	0.1485345666996288	0.02782083675856529	0.03012404682984855	0.03413136656186404	0.03717542758182336	0.4598273838437264	0.5800610150584915	0.01223176707646099	0.01092669167259484	0.01066379353696447	0.3902577066081177	0.2224015171854757	0.196207673299292	0.2516006431958986	0.2592743705632333	0.2133275975039368	0.06537101013733788	0.7366386245282113	0.03464090687780311	0.03702374619752215	0.2379595899372384	0.6674304287003803	0.2347949651894344	0.179874787517534	0.01180461146279174	0.01380916508647438	0.1880986361230529	0.3721421240581951	0.02307633587597693	0.03781603935131132	0.01088049571833285	0.01031873574584754	0.01065817593508457	0.01589777439273896	0.01611193049217738	0.01273571515497178	0.01211820022121582	0.01365797670100263	0.02038645812708032	0.1948290999221861	0.1882928853638477	0.1148956601842603	0.06903671325339665	0.02729730953485961	0.01942292030416331	0.248457965929396	0.01624092801441258	0.02201513126950352	0.01492357271278603	0.01194452503953713	0.01862341510658936	0.04218436422902782	0.08673479247936554	0.02738717675176419	0.05615111018609057	0.07978461522614508	0.04551641372348121	0.1210086288628619	0.02605597646459169	0.02022600794148943	0.2311508996993641	0.157761498191377	0.01193256629344601	0.1763606077015352	0.3618923784895627	0.10445934074969	0.01063990189541841	0.08210927955278464	0.2597480425912631	0.01802258989613889	0.01080506120213686	0.0103154145007124	0.01061688709576407	-0.007897516878690775	0.006885043699106853	-0.004249153323218532	0.03187252793267892	0.006266109232133526	-0.02107840359085162	-0.03678140054657598	-0.03508003418349226	0.04550573560465429	0.01064381259878618	-0.04064001102006845	-0.03553557829771543
0.8269298245614034	0.01490097093711197	0.0767325595770063	0.01121404157442385	0.01111198948912008	0.01171343419515774	0.01640500098257083	0.01103642435713674	0.1444379782782534	0.0237825401496121	0.02599439408653699	0.03012673221124298	0.03354337358682325	0.4504302638867868	0.5629624740031801	0.01147873496252294	0.01061947290047227	0.01045410002107509	0.3788135911298519	0.2145328556837671	0.1886801909260037	0.2491342088724996	0.2540782976825078	0.2116231009963379	0.06507504099908498	0.7127960253566898	0.03064834359631041	0.03329905387008212	0.2370183124867138	0.6473935505820394	0.225816124551419	0.1771285856156382	0.01110243548373805	0.01247397732042027	0.1944056759992519	0.3652147501288718	0.01962066938161501	0.03436362369598409	0.01060108299179761	0.0102162889023861	0.01044843506419261	0.01515228545003031	0.01605659217931116	0.01219729935248185	0.01173120183735746	0.01296530438275747	0.01816999987649091	0.1600574857693982	0.1820949470956262	0.1120216063030363	0.06520146519806794	0.02352879316410868	0.01690547894435006	0.2181512973219587	0.01819299079155916	0.01829647705619093	0.01330054632279336	0.01146588743617317	0.02354874219410663	0.04287028227972166	0.07544700330080432	0.02863451800239361	0.05409751129808266	0.07269529243511812	0.05027857851778824	0.1156052145789296	0.0224209707876711	0.01752801228160766	0.1991557423531538	0.1452144718372221	0.01098705721673935	0.1643307381647065	0.3183271736958957	0.10728040076145	0.01046426379267204	0.06452838815182832	0.2621771879184588	0.01582067874099387	0.01052715398709894	0.01020456309730483	0.01040312242491122	-0.009129824368534378	0.06870293492166568	0.01189967791562382	0.2075375790856903	0.02274708848084882	-0.1211684580832266	0.4611061071853981	1.359684007814164	0.9571996042260346	-0.1945311975438753	-0.2328451467346222	-0.1198762349876007	-0.2593578574343552	-0.7066730090586243	0.05392948052283658	-0.4888519801451458	-0.1158678161131037	-0.3212202380064847	0.4711650480853287	0.2898093794256447	0.02049527605900503	0.4336120871119529	0.02674596477278331	0.343336039283328	-0.119592054488405	0.1171981909097951	0.003819962633408747	-0.2884948115690583	0.06367065367717882	-0.06546623953399916	0.1435041620788018	1.585379208276226	0.1435041620788018	1.585379208276226	0.04226853227229403	1.391759894213475	0.04226853227229403	1.391759894213475	0.144011907356039	0.3066832866621225	-0.1252814796761331	0.1747993738273499	-0.2500555816987451	-0.3028332291171186	-0.1736218907782308	-0.1941260871904673	-0.1440405582714615	0.09291953312545667	-0.326208352470909	-0.4157283418617929	0.2724489833784393	0.6099499611947077	0.1248556019576022	0.08608656306510919	0.8575592872582107	-0.04158393096737983	0.638009861095438	-0.5441527429005009	0.9513091002043573	0.01874755773612115	0.8904127437428714	-0.008047120806880765	0.0697876849138339	-0.221194673188024	-0.1584663145256855	-0.01651235891557626	-0.02317223186975275	-0.007824090493240876	0.02478389658123673	-0.0004469869512786851	0.07313710155985462	-0.05745473620296768	-0.004714347829676316	0.05886957840843553	9.055336170854803e-05	0.05408375819798743	0.06123436040284719	0.02994863668390565	-0.2270903911391511	-0.07666197420803585	-0.09064885096359117	0.01403852442365292	0.0829345067879516	0.01090795887893662	0.01082823265934518	0.01130280773775342	0.01507448226823786	0.01073714466253294	0.1431940446949347	0.02115815808307671	0.02351742709882494	0.02825239684901782	0.03239203622095602	0.4420804717283477	0.583482305698073	0.01103593311630289	0.01044489867644256	0.01033276186747529	0.378802746666445	0.2046672011480859	0.171379964386631	0.2555757471371423	0.2528602159905058	0.2037011504522678	0.06490684334204085	0.7491253337630726	0.02886465535160777	0.03207734556796434	0.2182232358421547	0.676956614444335	0.2435841424061158	0.1813104903256863	0.01075590594079993	0.01177618795369892	0.2341106622685215	0.3758068549849458	0.01715784795934476	0.03342725383001227	0.01044384837537374	0.01015704421379309	0.01032939467666236	0.01483368590828578	0.01583215636332295	0.01202589235263928	0.01162230143900698	0.01273628725313753	0.01706775182484932	0.1533599644061158	0.169629148827653	0.1012071873519777	0.05915112453475812	0.02223273191989585	0.01630000770479622	0.2177996591628447	0.02627243669692586	0.01714461981585357	0.01269408588904099	0.01128884794078336	0.02753198738301206	0.04511223018706368	0.0729534576384035	0.02976126779087645	0.05305741767713434	0.0691680658395451	0.05411442266954407	0.1041349253677304	0.02125032616861326	0.01684055771932556	0.1843713277037392	0.1268902962769712	0.01039033174263482	0.1540412576569349	0.3098821055337668	0.1162319239413786	0.01044841950269582	0.05200430219845737	0.2396948182200103	0.0153035515542955	0.01035965134955442	0.01013734065402418	0.01027573475251235	0.03190640030611979	-0.02783849322229423	-0.01640557041364758	0.00708588096508176	-0.002883470240943549	0.01628134796698295	0.01410650696437378	-0.001200808811869598	0.002223158376242465	0.001668608874161413	-0.04097493747660996	-0.03487471408888939
0.8368421052631578	0.01481488012364447	0.07804628213720116	0.01117385525398416	0.01107705524974593	0.01165888702692868	0.0160704316857034	0.0110036493887276	0.14440811187956	0.02285460808409643	0.02538229906439253	0.03028687868279243	0.03431449172532956	0.4457526097552688	0.5725906613380525	0.01138270700334107	0.01058944508541328	0.0104326813969666	0.3783444627271617	0.208608587844658	0.177759684973355	0.2518069204128864	0.2533535638532065	0.2063591748547155	0.06518567990411876	0.729447484242412	0.03090198021669962	0.0340434758439397	0.2255828314871133	0.6615376792010985	0.2383164010292815	0.1804141922630031	0.01109781053820082	0.01242395629894571	0.2203478461476863	0.3703108173334006	0.01837738178192776	0.03529236459364486	0.01058229014204714	0.01020694412365686	0.0104327467052998	0.0151031210994259	0.01585878823799096	0.0123076709290203	0.01183891031384064	0.01304486955372539	0.01791314674054148	0.1667156077011353	0.1755575331266009	0.1063177651756483	0.06248518897109273	0.02400777061893546	0.01753940254611828	0.2190793259688679	0.03158724793431228	0.02202590592235732	0.0144428244861549	0.01159156148687359	0.0252800352047579	0.04772688975656793	0.08251503215261025	0.02926723439772428	0.05480704326305761	0.07395779428524855	0.05210236571301856	0.1069411792459286	0.02296249011139483	0.01815194930199757	0.200941079145302	0.1336878926796124	0.01071294319910462	0.1604125190934455	0.3252509659207839	0.1147125618223209	0.01055626879565058	0.06004307906857943	0.2504822456981906	0.01640032281935902	0.01048152014017409	0.01018490032645766	0.01036888308625481	-0.008082871265525874	0.1386411536097066	0.01417742036263421	0.2500672238154358	0.02132072866439027	-0.1689492507802773	0.4747136118992644	1.386138670612896	0.9554089388744809	-0.1670266307887023	-0.2340478000766562	-0.1224716213103134	-0.2662690305329167	-0.6816584759338904	0.04861921841300766	-0.5817609481877037	-0.119043188206926	-0.3185669540718609	0.4738492527043878	0.2466929307390604	0.02493825556485357	0.4594295001994783	0.03010638398596492	0.3323582024183657	-0.1186701791944496	0.07335117525817392	0.0006675453761756411	-0.3458835762601738	0.06315394666462784	-0.03615719099553561	0.1602044412649399	1.78600856893941	0.1602044412649399	1.78600856893941	0.05961960209589416	2.074334111599404	0.05961960209589416	2.074334111599404	0.1465242400944018	0.1967237714040582	-0.123485565035639	0.1862213480676405	-0.2531686682191902	-0.3237355259633366	-0.1753789732601642	-0.1620058062300831	-0.1431132087442468	0.09547090932819112	-0.3301716649829334	-0.3860080229660292	0.2779824620088037	0.4951890316750379	0.1242290958144428	-0.2236175160038608	0.8567483978092826	-0.1201753280556351	0.6328094183490571	-0.5049964701616891	0.9514762969712544	0.01499294608056415	0.8903320111152173	-0.008135314427752571	0.02166261903986143	-0.2252589676346646	-0.1629474721671833	-0.02293250387981879	-0.02550564805035648	-0.008238726606876945	0.02273531905507515	-0.0004339859859575163	0.07116155055459193	-0.05428684651566372	-0.004307153103626186	0.05786042367623694	7.81162592344331e-05	0.05033134518356205	0.04545709455269366	0.03514938435666543	-0.2286949185782041	-0.06005124507562913	-0.06394464998256789	0.01619593704291665	0.06845979939035944	0.01166926755914625	0.01154566793815554	0.01231376965955269	0.01765108392721048	0.01151548816743725	0.1472750430732216	0.02551013834926097	0.02860826387600586	0.03450313204376972	0.03892023940231905	0.441021031842218	0.5891167895962455	0.01200439160341375	0.01085606211014284	0.01061546893538531	0.3795181142913908	0.2052066430199159	0.1695197933522556	0.252491331275931	0.2539971041438508	0.200732585719254	0.0657969753289432	0.7586287967163846	0.0352180105024166	0.03870866903967747	0.2138144841929431	0.6871755055177516	0.2579596557730943	0.1856812809253668	0.01178338701089427	0.01368455463099228	0.2468815490282478	0.3765983580522393	0.0199125525854247	0.03993610640808659	0.01084211846497729	0.01029875720333727	0.01062554219331171	0.01566366673116593	0.01571974917748114	0.01296876422259691	0.01235970878455968	0.01376428773426071	0.0195256047746472	0.2073342401772822	0.1742489651447685	0.1060961443515478	0.06492936680181366	0.02812227215719997	0.02065924841251061	0.2313530774426399	0.05187807330433751	0.03355039724852202	0.0184188595593936	0.01227437314790818	0.02237696913877436	0.05653593759014956	0.108522831623342	0.02885103084444738	0.05867925481044479	0.08436809010992243	0.04992412424082386	0.09989581985353771	0.02700999967204508	0.02142039594377074	0.2370501398652027	0.1285493086973525	0.01119803580245805	0.166274906657223	0.3756527315754262	0.1224266239381206	0.01084599509259355	0.07097439572847578	0.2411298001789703	0.01916723425543532	0.01069337610567229	0.01026666351854657	0.01053190535312029	-0.007132889354185893	0.007450406673433082	-0.00234350546286764	0.03100504569162986	0.00600907971723508	-0.02497631439465918	-0.03306186078745209	-0.02323318045836185	0.04384732140674225	0.007935093423841173	-0.04108188673463139	-0.03400389687634153
0.8467543859649123	0.01484703590299863	0.08648641155816554	0.011150289037532	0.01105658602966174	0.01162847607332891	0.01589564368376256	0.01099427867134868	0.1444550007504924	0.02214018922894364	0.02484999161715545	0.03046472184590674	0.03528278561591462	0.4374979403970095	0.5781214664141215	0.01132542292155956	0.01057131322678188	0.01041984372926995	0.3729459346223952	0.1995078618308146	0.1638682425647253	0.2525743732489658	0.2507029576081026	0.200047492403236	0.06685167553035046	0.7409467312796202	0.03119884636032615	0.03498065933960032	0.2134636214760467	0.6734599479219305	0.2478492198820957	0.1836293685737355	0.01111138640576488	0.0124188768402212	0.2511904195505209	0.3726077350296038	0.01762910567241501	0.03646805048060581	0.01056757457672249	0.01020022363242393	0.01042079744774397	0.01448613753963516	0.01465315100993409	0.0123151744315115	0.01185391155756327	0.01296583876665547	0.01727672497686735	0.1802529710144366	0.1693645328608732	0.1026383124661484	0.06082587119336595	0.02432868434188332	0.01797228072870102	0.2111032646321044	0.05123463416313045	0.02737459060202784	0.01496109689309636	0.01164763472402986	0.02700590659977909	0.0538603015120642	0.09275743714681545	0.02881691286100397	0.05542047124515505	0.07594405258612695	0.05197403313587792	0.09392902155447087	0.02333992055468765	0.01857998359069589	0.2040669106221272	0.1185877936922164	0.01069138052520844	0.1561245930977455	0.3398026436715674	0.1222028239283858	0.01062950247728899	0.05564990977434131	0.2429155446005855	0.01678154297515154	0.01047487754898021	0.01017983001813746	0.01036228823285034	-0.006463716847289113	0.1837426128372245	0.01681908645951603	0.2811297350280669	0.01935905060428856	-0.228370807556542	0.4885901225678074	1.413929833772987	0.9538821141739179	-0.1413565275601739	-0.2352678627065629	-0.1234700730849919	-0.2727314607222848	-0.614392424231943	0.04241120577619814	-0.6702000491999615	-0.1221684297321348	-0.311415515166712	0.4759656673995344	0.1764238668681168	0.02953819422978021	0.4656346354911017	0.03328014427050831	0.3049025963662854	-0.1180376784976533	0.05970525041177376	-0.00300367463068051	-0.3931774386164311	0.06299616954625588	0.005964442910003248	0.178960748136968	2.001684198809242	0.178960748136968	2.001684198809242	0.08268657680376354	2.544256880106432	0.08268657680376354	2.544256880106432	0.1478521736837146	0.06876888791864989	-0.1216137207443087	0.190408876734311	-0.2564453920879456	-0.3360996256598479	-0.1768632718768612	-0.1388515644783385	-0.1421244147785426	0.1051100133589828	-0.3338998060998792	-0.3680891795131784	0.2820109220065479	0.3033502258827044	0.120240332039162	-0.5881171127800686	0.8552089846907592	-0.1890361208507049	0.6280006078922543	-0.4652369412190234	0.9516065241506146	0.01129682763322582	0.8902535677870771	-0.007591043108527478	-0.0005054620207136678	-0.2222474344856068	-0.168258663733833	-0.02458981490734293	-0.02824679514197782	-0.008765265251229448	0.02246924013642504	-0.0004325526467723424	0.07186815748415593	-0.05137279970489445	-0.003843754596485352	0.05791408520920109	7.78147231393633e-05	0.04782633472705226	0.03284752588572928	0.04208068478835901	-0.2535085034058429	-0.05028982243723695	-0.04088547403369062	0.01433689109116459	0.1089796764216991	0.01086689714834299	0.01078718629164646	0.01126577692028475	0.01497119192950559	0.01071818788799692	0.1431481039273784	0.01956639292586378	0.0223013865877429	0.02865983055964929	0.03461088960179277	0.4171429613123361	0.583853890378527	0.01091719194399664	0.01040626257020772	0.01030724073198881	0.3564492255990843	0.1813265913738544	0.1399372089212221	0.2527488400799555	0.24382444041653	0.1896000478718787	0.06997373166470051	0.7575276654495873	0.02953738633986866	0.03422283896031535	0.1941773546254823	0.6933636003637483	0.2578366589886955	0.1876350492264302	0.01078224431048223	0.01177383106604808	0.308186398870985	0.3738638643611951	0.01558174809732526	0.03614762291868263	0.01041331990978912	0.01014324721564622	0.01030466098139421	0.01338336213021306	0.01308905097240359	0.0120498508107845	0.01166758008599671	0.01254124811239562	0.01557518677061817	0.1890131469233313	0.1582285830529822	0.09693234819672195	0.0572490738365137	0.02271112189080191	0.01701277784478924	0.1866184418371651	0.07259891690169873	0.03153242648270858	0.0150427710551502	0.01145049290340356	0.03173919896724898	0.05982045056517058	0.09706831272357316	0.02862836084807819	0.05442659031878217	0.07365895357891204	0.05402848629226336	0.07366837302829779	0.02183823152635583	0.01753657484698302	0.1897789823721577	0.09163700397073252	0.01038097424751387	0.1437491802361301	0.3531726484521441	0.1349350549056135	0.0105963964648362	0.04131009746055289	0.2322906051719842	0.01592145143792194	0.01035275465612925	0.01012860107771271	0.01026582955749817	0.03401439331181379	-0.03002623023841337	-0.01567899254929407	0.008382896819182844	-0.001820633884811547	0.01831758292480206	0.01209826602451537	-0.006069408572688726	0.00322827256489965	0.002463958794482583	-0.04140225764412201	-0.03340605883897224
0.8566666666666667	0.01541906295274518	0.1054080226671476	0.0111220329998315	0.01101524084942276	0.01163636498248026	0.0162262498216629	0.01095856425750255	0.1446174929679612	0.0207401327257587	0.02380361848392792	0.03076685469138928	0.03675951335181456	0.4268720442393069	0.5802969917776309	0.01121324001107627	0.01053184637383542	0.01039705596595827	0.3618433712898969	0.1879502032622426	0.1487865584772849	0.250126511725858	0.2462774738180164	0.1935839641154717	0.0708681927475107	0.7467961923945358	0.03165951106660353	0.03640012377154702	0.2033323232666287	0.681426131844353	0.2541482374274536	0.1871207623940102	0.01109953083295672	0.01238442790488292	0.2884074496541699	0.3716851889627162	0.01620703565547718	0.03832047648627502	0.0105413705309932	0.01018840782540039	0.01039959884551088	0.01422827681260063	0.01404758448279421	0.01254412481035476	0.01208176406650132	0.01309639984869857	0.01684146408453585	0.1998763924941671	0.164970716287323	0.1015214823444842	0.0605215883620882	0.02447736090414341	0.01823529196727417	0.1989734716787366	0.07223544560194335	0.03996527775727911	0.02077859506723533	0.01195749472939922	0.03127684005051656	0.06179976695214796	0.1017317269849459	0.02951759568586625	0.05584163742227234	0.07642039302288035	0.05620756518510672	0.07828465139883237	0.02353855915140489	0.01882539958006166	0.199601525166772	0.09824976192336433	0.0105211039821506	0.1486078564197988	0.3631128961903043	0.1387146624103459	0.01072151910870325	0.04479723997573452	0.2392273639433125	0.01699676974383489	0.01044169202893329	0.01016272628857251	0.01033395996891913	-0.004525772350053908	0.2030646968005971	0.01971835111392278	0.3024437436243924	0.01677357625959323	-0.2937489264819066	0.5027475848937627	1.442762087097045	0.9526004305129677	-0.1175121589246142	-0.2364924674693446	-0.1235463932013687	-0.2782807249899987	-0.4963064781069088	0.03534200205636046	-0.7558789299285839	-0.1252080080211531	-0.3015856926063878	0.4772834332836616	0.08702130605749729	0.03411532760145675	0.4555928460521885	0.03608534487976214	0.2577034042694442	-0.1173743183877821	0.07991183827075413	-0.007093972372636115	-0.4304802274246642	0.06329428956770337	0.05474031954308324	0.1999648308872762	2.240894278991261	0.1999648308872762	2.240894278991261	0.1093684268314372	2.805925396862177	0.1093684268314372	2.805925396862177	0.1478520254404511	-0.06989658364004973	-0.1197281398765979	0.189349754741959	-0.2598076863380167	-0.3412099305762992	-0.1781550724875847	-0.122747110863867	-0.1410109993032596	0.1203063316701069	-0.3375035374771091	-0.3606229804362655	0.2836883690328897	0.0184884270739844	0.112486252240503	-0.9777045179425566	0.8530242252775966	-0.2508181295292025	0.6235853065431688	-0.4257551341877127	0.9517005972822292	0.007705673558248382	0.8901833303437591	-0.0065002695402465	0.009641375305360793	-0.2109773529078159	-0.1707822921452471	-0.01999387514751607	-0.02981295044842919	-0.008863405971318461	0.02461846382987147	-0.0004183095676174179	0.07462869794099201	-0.05056183571290143	-0.003722175018483786	0.05910280404097672	6.801022777330415e-05	0.04811569362747804	0.02452827637233349	0.04108952685286239	-0.3180975988141237	-0.05349706159087961	-0.02849201133506494	0.0178674507585659	0.1204106773968482	0.01160822219595558	0.01144300954484356	0.01236612386993688	0.01880684730659545	0.01141889863540131	0.147781591993798	0.02201038330401155	0.02598089744527338	0.03524275419561796	0.04244878269807272	0.4139562912324423	0.5842568459174776	0.01172740230302447	0.01075679850335827	0.01056041908655819	0.3441109629843494	0.1779116217089391	0.1378261639187414	0.2412758369369016	0.2416770637440567	0.1876349953931109	0.07675140066006333	0.7537954190584101	0.03631985034795535	0.0420930263286307	0.1974632884311706	0.6918341136244422	0.2645507232262799	0.1931929159892276	0.01173542546735807	0.01358736362182391	0.336710401135525	0.3672444386387522	0.01640181604893049	0.04440912093065053	0.01077875724376606	0.01027028219979794	0.01057433716420203	0.01549441327606156	0.01508953585392002	0.01363962806468487	0.01301962752597919	0.01422724105376402	0.01884823910100387	0.2592741664693118	0.1684425161716272	0.1073952400813095	0.06592428849893643	0.02824895417304046	0.02102287671944316	0.1993908312181972	0.09745504211151354	0.06711989020180753	0.0354076902554438	0.01313763935785736	0.0335588662364597	0.07484681153646192	0.1257081725265942	0.03145443613559629	0.05930518383407625	0.08346482024167029	0.06348483448517392	0.06561780280094703	0.02723175735325869	0.02173580215363142	0.2146083795165014	0.08101732396792849	0.01071581491795427	0.1460333987093013	0.4439976608336504	0.1695904633775583	0.01104801341449637	0.04169042130501905	0.2413538412329727	0.01943881048458181	0.01060174552387287	0.01022102373741407	0.01045457932051763	-0.006091416878113632	0.008149030376985264	9.875062753580618e-05	0.03062357511540305	0.005948778567562416	-0.02777894379819394	-0.03133969458681217	-0.01643109053958116	0.04091899675373067	0.006172343975024355	-0.04206802607625972	-0.03334953809167578
0.866578947368421	0.01651949974945928	0.1280342182416384	0.01111386766594339	0.01099500670256165	0.01166986813209731	0.01698533474899815	0.01095102890092737	0.1440645211662507	0.01945774406984043	0.02270717853232617	0.03119256585747402	0.03910196561963836	0.4131812983830579	0.5780218423071295	0.0111539810446406	0.01051037424850165	0.01038562379792263	0.3446004897954386	0.1732978039764647	0.1318518856065919	0.2439797228426077	0.2388769416391006	0.1855411425617225	0.07647999847477917	0.7418931548954085	0.03233294147069055	0.03865115306924866	0.1931702031121173	0.6821436445709953	0.2546881765947957	0.1894767839797079	0.01110791557042983	0.01239637222300394	0.3355818064989447	0.3651195953529756	0.01512014540055577	0.04132077260468326	0.01052332161815421	0.01018078593549105	0.01038534320134585	0.01399858519140119	0.01354462834845695	0.01286101760401381	0.01238209587513563	0.01330497284535174	0.016620373050271	0.2215168747559657	0.1559764337940024	0.09767239385850152	0.05890623381666595	0.02467316810269432	0.01851935577469648	0.1807106014832115	0.08083926010494445	0.05481004246214512	0.03216861325808333	0.01227161966483547	0.03639348474003774	0.06601491089469114	0.1046486085574264	0.02963938746353563	0.05339509853485819	0.07280327792949956	0.05922705715614064	0.05852427193098268	0.02379027963770946	0.01910929176431916	0.1848895127302287	0.0722987936668871	0.01047740766701464	0.1340206084931868	0.3850652485090529	0.1533297606870701	0.0107851280513858	0.03456654195979442	0.2284600733921461	0.01722322988940213	0.01043604943733319	0.01015830400891478	0.01032783447397876	-0.002516809262558555	0.1986282500466581	0.02279217496550474	0.3168996326360353	0.01353858424485974	-0.3582041830145817	0.5171937038999476	1.471971889345396	0.9515485734485702	-0.0948638646780387	-0.237717339279727	-0.123700871595856	-0.2823877256616481	-0.3230673666308541	0.02742741553049606	-0.8412109526788371	-0.1281443715915133	-0.2908790888130945	0.4776574385854242	-0.01251472771737562	0.03853473528301495	0.4348905471877165	0.03832323712660161	0.1907203466543465	-0.1163434934243922	0.1331097463490795	-0.01150623011510596	-0.4582643396468123	0.06408064967274901	0.1032915346276733	0.2234879461295015	2.511038685643809	0.2234879461295015	2.511038685643809	0.1376932029656298	2.8805089486853	0.1376932029656298	2.8805089486853	0.1464589563052529	-0.2108554638162578	-0.1178698821380788	0.1852926964140555	-0.2631903460404174	-0.3404557763849298	-0.1793106306336762	-0.1108650969704617	-0.1397284984354415	0.138777890610561	-0.341075539783649	-0.36113456511961	0.2820332703393267	-0.3702498232298038	0.1008954262250665	-1.355805583247589	0.8502513301017884	-0.3081554052686902	0.6195579640318173	-0.3869103687051044	0.9517597951393705	0.004269058425008564	0.8901260371571428	-0.005006261165541342	0.04116754860038208	-0.186585856188781	-0.1688836900562199	-0.0121552910694874	-0.02970321854676265	-0.008409952069329148	0.02799198742713226	-0.0003872209724987662	0.07680600857952621	-0.05201185150938786	-0.004053559369571321	0.06052663843088802	4.381015189246076e-05	0.04405339408808868	0.01170343026625096	0.03725586026243129	-0.3955266059320827	-0.0746807151154911	-0.02898854494109236	0.01695788626058828	0.160906726755924	0.01086237836788436	0.0107530608475968	0.0113627070527638	0.01681064597792963	0.01071197596574316	0.140642239897004	0.01673703974307456	0.01978012394690158	0.02969489864603211	0.04031693763916037	0.3827842294259889	0.5673752427678913	0.01081153383496514	0.01036723407905578	0.01028785268796106	0.3093991750539337	0.1484036894717102	0.1052069212142468	0.2331701507253344	0.2235418668720102	0.1712511422731937	0.08235973553259675	0.7160630125605847	0.0311561422625047	0.03969786334500607	0.1745585620514986	0.6718540383396857	0.2484382263886783	0.1903044462025463	0.01081194315046053	0.01182968865048599	0.4286211453336618	0.348536749765927	0.01334142114109899	0.04353288131691409	0.01037992122664127	0.01012908235070973	0.01027822863529801	0.01330919174358155	0.01254210600250891	0.01308914358666544	0.01264115054281388	0.01332847673992498	0.01562734987311139	0.2269295570878141	0.1319103953010195	0.0860934358280868	0.05274280309667104	0.02317871863007387	0.0177453730436006	0.1363931333594916	0.07725875056560307	0.06349933216633798	0.04441949185080545	0.01261461694747664	0.04244619072501664	0.06432282352845756	0.09393027444836904	0.02878478098447284	0.04667153370403805	0.06126525033708068	0.05950940460768771	0.03246066630398	0.02243883776367014	0.01827004140233822	0.1410281414400858	0.03675616039722266	0.01032646831116629	0.1037768234932528	0.3802222433050556	0.1599056282017827	0.01076645582992399	0.02037372425026275	0.1990885485554462	0.01653564893827477	0.01036733785681716	0.01012963781615965	0.01027317986417006	0.03577244406092231	-0.03080998488355744	-0.01631193908671719	0.008260625252046731	-0.002086708220534817	0.0188308182997325	0.009728862346657357	-0.009215933211650637	0.005160882080248085	0.00280788670895213	-0.04283506019302638	-0.03379508982841244
0.8764912280701754	0.01775074062311092	0.145691878922714	0.0111203629470844	0.01098125952027477	0.01173860099973381	0.01770384737963818	0.01095234626663452	0.1410801982857878	0.01749569326805459	0.02086524650447318	0.03196178124219348	0.04298330908457827	0.3961953483902916	0.5709629502510091	0.01110072678418371	0.01049200552847378	0.01037679829117313	0.3232088562591186	0.1577219118550515	0.1148134563632392	0.2334111925769226	0.2277464619100283	0.175267102422958	0.07968911568218962	0.7211358682553776	0.03346663150164234	0.04236618778333515	0.1816560688023754	0.6681096676943201	0.2491983791142094	0.1889981862414335	0.01115608307590572	0.01247905427228733	0.3937794730522481	0.3526710839457815	0.01373465864621609	0.04641158881663629	0.01051226682548342	0.01017471983539535	0.01037564015322415	0.01491701568962643	0.01409627846343713	0.01444271613639459	0.0138540185661353	0.01466300609918732	0.01776649046623948	0.2141965907800677	0.1325698850079636	0.08762089869417429	0.05429195493336175	0.02525077523091811	0.0195976628239861	0.1421774617075405	0.0702810694962122	0.06465409401616866	0.05217078814113447	0.01451351044769978	0.03856853688135388	0.0625995625732656	0.09463506834929629	0.02948004056679424	0.0471202346420973	0.0623416995795483	0.0585589268545576	0.03980228197150812	0.02450448955772433	0.02016958742866262	0.1517122405888373	0.04682515205371743	0.01047615479622133	0.1071541490395058	0.361947388771803	0.1492573606172767	0.01105957220587648	0.02505581532016984	0.2040092022982696	0.0182475575004691	0.01051066517735617	0.01018239516003612	0.0103816578799653	-0.0006523150928805667	0.1747937261096498	0.02598959857514306	0.3279816783742419	0.0096999331794166	-0.4143266773238362	0.5319236034133423	1.499558255654406	0.9507176470802677	-0.07289900297895502	-0.2389483689916206	-0.124937873706496	-0.2845048471384825	-0.09535565476264879	0.0186575893966787	-0.9288912795105692	-0.1309765390335705	-0.280743722645143	0.4770294926027832	-0.1138729276079475	0.04272507335908301	0.4106541562189441	0.03981182344513091	0.1073462133977965	-0.1146560083644555	0.2100371071901516	-0.01615143225286566	-0.4777942519400183	0.06531771104302855	0.1445016301471562	0.2498650836749753	2.817400395759894	0.2498650836749753	2.817400395759894	0.1659682229148073	2.802555338567392	0.1659682229148073	2.802555338567392	0.1436914889659918	-0.3459338315260351	-0.1160565001991209	0.1807193414191668	-0.2665426903243787	-0.3353503480517566	-0.1803569269959035	-0.1001844440765643	-0.1382583007129535	0.157709524844091	-0.3446765762756681	-0.3657828437982549	0.2759957120147216	-0.8653744906830455	0.08577538441560741	-1.683334643558235	0.8469204953472949	-0.3638917134498408	0.6159140013821466	-0.3483977144808093	0.9517859312193332	0.001044765413667635	0.8900848200517929	-0.003290590714952274	0.05552192823733198	-0.151644576131937	-0.1615537139063396	-0.00770944550386551	-0.02718269834890534	-0.007348370254641456	0.02986843931967116	-0.0003386890082635931	0.07293042324572936	-0.0548124157836299	-0.004855620363790556	0.05991763199278528	-1.421898155245788e-06	0.02790923968188963	0.004648742846130744	0.0335167381963296	-0.4207219931784229	-0.1071155018219993	-0.04132605052687552	0.02047257977557394	0.1490298773474925	0.01163519403648558	0.01142166526206078	0.01253745799242321	0.02021330055018776	0.01142996377802356	0.1380285804651492	0.01740777104194318	0.02153527482473768	0.0371566055205135	0.05199846357229969	0.3723345987211648	0.5569660034890197	0.01162648962896178	0.01072299244668349	0.01054523852439839	0.2927551978108797	0.1457008847540534	0.1042091446792314	0.2118630485461071	0.2124712157449982	0.1634672481997754	0.08020038891141253	0.6657726675111694	0.03909649879811525	0.05121965323908674	0.1722896785970794	0.6212530721568884	0.2416913088625255	0.1873193919615917	0.0118697877089737	0.01382086669221427	0.48390799067388	0.3289515034298241	0.0133416346425769	0.05705333151702534	0.01076328461420886	0.01025962505466354	0.01055924924273598	0.0184479672798829	0.01721269205338648	0.01803286869093132	0.01709903090057439	0.01806187023726945	0.02249099213420877	0.1928291566698231	0.0995577237108424	0.07896509584346408	0.05313495389404342	0.02980186878198269	0.023978579966692	0.09059283185900228	0.05253828608038186	0.08229534965669555	0.08638216913363335	0.01949556261983863	0.03474566847555378	0.05887497805598853	0.087965759692715	0.03084260541831111	0.04236228229249826	0.05411250901391888	0.0578234790524679	0.03031674925516208	0.02914027418569049	0.02464027184630976	0.117742514311352	0.03233722498172654	0.01075364877918443	0.07514874086672595	0.2937312505211771	0.1324521849603443	0.01179819873479656	0.02354334192755056	0.1676544298232296	0.02228288489947488	0.01082733687054841	0.01029628946366743	0.01061922552978338	-0.004038975266436037	0.009673987026341188	0.00116638972913811	0.03114123672745583	0.005973203311838902	-0.03194263535317061	-0.02869640658297971	-0.008944290448401473	0.03773323251944348	0.004541635106047812	-0.04323620087649385	-0.03458135554791815
0.8864035087719299	0.01920187386498973	0.1530479506898987	0.0111675513614822	0.01101138817870203	0.01184866964289818	0.01852175163287261	0.01099504109040142	0.1341359813324257	0.01584526557343295	0.01901160166604165	0.03318252182177604	0.04953522649762775	0.3761955349547309	0.5588508151224	0.01111094652005658	0.01049952771958922	0.01038586511318362	0.2969482267200825	0.1402690433401708	0.09753871062874971	0.2171119661228411	0.2116185898244122	0.1616298451113185	0.07924616619295377	0.6843030859616396	0.03529885544171873	0.04865093994687917	0.1677316094747121	0.6361657731549498	0.2399537947751628	0.1835669933592283	0.01122795931743349	0.01263126943713784	0.4597573359258288	0.3321458888326858	0.01273347125284666	0.05505760955808917	0.01052206629208309	0.01017682840550516	0.01038199214685701	0.01653216032579526	0.01500110611018689	0.01895086460151287	0.0185339955258468	0.01796386189491392	0.02002732999411747	0.1676252280194458	0.09121498921240545	0.0728955267379825	0.04759690634548164	0.02611147568222665	0.02129742076614743	0.08674459522786966	0.04455195547117848	0.06769559986281647	0.06951147581857067	0.02340022413112104	0.03555595005497678	0.05365391877356173	0.07789138177127924	0.02813876511209208	0.0391280254823684	0.04956376436183651	0.04656006663245071	0.02862678654466291	0.02554200764155443	0.02183414423055952	0.1112370889061314	0.03186873534137898	0.0110186675389421	0.07182899603385844	0.2807218551728972	0.1126132354610016	0.01155439666015119	0.02325965685103124	0.1698679446475087	0.01995820063958691	0.01130528270734295	0.01044567585341652	0.01095447312800312	0.0009040401433670681	0.1375794540324869	0.02929470306101359	0.3391758612716221	0.005375072483248097	-0.4552638368623707	0.5469056644208761	1.522278851367943	0.9501003720415871	-0.05186986812964593	-0.2402003428089688	-0.1280192667405228	-0.284116402689325	0.1811599353744838	0.008996432864295899	-1.021422552685375	-0.1337143366886971	-0.2719074009685628	0.4754163510033082	-0.2103421478014469	0.04669017644181414	0.3907643049392914	0.04041755446226994	0.01381631852495678	-0.1121587396127927	0.2932376806869544	-0.02095928879188183	-0.491605542436249	0.066898269546198	0.1714847540609327	0.2794688360391556	3.162111205611461	0.2794688360391556	3.162111205611461	0.1928921463831573	2.61560350592953	0.1928921463831573	2.61560350592953	0.1396436283403503	-0.4681438804090513	-0.1142808149687517	0.1780580550979741	-0.2698294714110334	-0.3275140991411128	-0.1812896187161659	-0.08732315359730117	-0.1366093577084623	0.1744082860832251	-0.3483258962813049	-0.3700494693490792	0.2645499648329353	-1.459273390826795	0.06781384157024148	-1.923365791089198	0.8430329854187794	-0.4209136067873269	0.6126499279598446	-0.3101889811779523	0.9517813810807325	-0.001915947252259352	0.8900608444749185	-0.001560785169262168	0.01786781591375913	-0.117270886439848	-0.1514167150205288	-0.009269570653849327	-0.0222414881132577	-0.005831316809554242	0.02880839160919636	-0.0002802971408056547	0.06344890337123703	-0.05799198242463552	-0.005884918015342729	0.05683169726099476	-5.591242026971336e-05	0.01911103604251832	0.01053277645161279	0.02418989790010122	-0.349712164680747	-0.1378716929710837	-0.0616773514767478	0.02001259170030287	0.1640666835372273	0.01098043017965865	0.01083454344798565	0.01161533507359658	0.01845740139940356	0.01082004965665661	0.1219714597695677	0.01346401441397363	0.01588520954600163	0.0325619565125526	0.05582812798806935	0.3371710024419918	0.5299503538440667	0.01086665123331894	0.01039658262803827	0.01031567429070849	0.2491762876938362	0.1129146800755893	0.07244884264070446	0.1919013873207658	0.1840430216751535	0.1399963607021288	0.07766283446388438	0.5976801583300148	0.03542084501303046	0.05456748909847642	0.1442832318834545	0.5620859480452206	0.223713442610585	0.1726704967159116	0.01098939645149103	0.01219825177603905	0.5860150340177571	0.2924800464942629	0.01149761250377867	0.06425306893539393	0.010413684496851	0.01013823055375655	0.01030140683373896	0.01729708818660473	0.01486906071149381	0.02459002963684655	0.02501699079066899	0.02150113551040758	0.0209985358949144	0.07930448850881704	0.03486914228485966	0.05359936921044889	0.03806860854668379	0.0250550234746064	0.02151568621189746	0.01592035925382264	0.01290902736387842	0.06288416311051753	0.07884109480796209	0.03623850666462396	0.0339313548197866	0.04172935830905964	0.05307530654035787	0.02581385602689761	0.02969341530179446	0.03391474049122958	0.0275264420981058	0.01739324106840202	0.02469828334074105	0.0219627471750699	0.05496035786913105	0.01735299644261035	0.01198513757471693	0.02896478822515312	0.1144341470474326	0.0513872739322256	0.01189319170648932	0.02208215821470358	0.1222030658137379	0.02035944736142774	0.01306200475846209	0.01110012412182221	0.0122973950769829	0.03538142722033381	-0.03020015443745628	-0.01669882663931603	0.007450289870954885	-0.006325858318618221	0.01776724418844003	0.01181737232180236	-0.00858399831320834	0.003096599299263927	0.003813367980283286	-0.04308177457496547	-0.03538204317217247
0.8963157894736842	0.02068369263931568	0.1554353673246085	0.01121955077969335	0.01103841415914836	0.01197775339054861	0.01922920621721137	0.01104306777957048	0.1254876262386512	0.01428056605253077	0.01706440952197685	0.03477934306217836	0.05739850556779528	0.3550766670457069	0.5425741952837664	0.0111360310781316	0.0105133852334883	0.01039807952267025	0.2680488494882485	0.1233944774093051	0.08170105825291207	0.1982622299560871	0.1932098860063815	0.1466518086990431	0.07679974809301722	0.6345126383731061	0.03752328680327421	0.05620274102723467	0.1530961892778476	0.5935567258512624	0.2317286067607326	0.1762510081791573	0.01135311386034269	0.01284213417199468	0.5232165821752657	0.3077507430127192	0.0118988917822248	0.06582693200976562	0.01054331302400561	0.01018210425345122	0.01039625687531129	0.01871457733216712	0.0162795765678162	0.02635188840782176	0.02779625343747729	0.02260489837269739	0.02213858036245397	0.1062587344337036	0.0533156406477481	0.06313236381579981	0.04321999245216021	0.02663929370176694	0.02245571567944075	0.0399181087431027	0.0223001899128427	0.06714921717478783	0.07994742228590228	0.04011148667091505	0.03703466797298606	0.04751245764145465	0.0631043679109818	0.02838644620005339	0.03410486987780875	0.04013592989041369	0.03374709046443081	0.02240380873379238	0.02620456253058592	0.02297683059112167	0.07632882531063942	0.02303727347786981	0.01283304783054679	0.0431927030887645	0.1755812842691663	0.06908417615083021	0.01197810435824061	0.02458024190933649	0.1462538028705997	0.02113253471932554	0.01517036405487958	0.01204644997400978	0.01407763308372989	0.002055388485538777	0.09442649099415945	0.03272388045247093	0.3534497576881943	0.0007429925248290394	-0.4755379720550585	0.5620762005740015	1.537237493108848	0.9496840317793923	-0.03243947919928851	-0.2414935288408812	-0.1332899372162244	-0.2807840494801076	0.4967373847678425	-0.001613383038850011	-1.120477860123443	-0.1363720587979563	-0.2645908757845411	0.4728910463426227	-0.2973643393760924	0.05051121575232326	0.3827523625011183	0.04007946542211655	-0.08156155050873698	-0.1088830369825092	0.3644897727480724	-0.02588959544023948	-0.5030755372022404	0.06864917687329714	0.1778769625101398	0.3126732632704353	3.543193980209044	0.3126732632704353	3.543193980209044	0.2176154835482099	2.366219850891015	0.2176154835482099	2.366219850891015	0.1344726328090786	-0.5716468054499202	-0.1125142248760847	0.1790951130102509	-0.2730325328382989	-0.3187876617882372	-0.1820674226445757	-0.06818543991701009	-0.1348167346721006	0.1862731128848931	-0.351993417780781	-0.3684973263547477	0.2468020711372295	-2.132699475729889	0.04803715070659061	-2.045205806356408	0.8385652276644234	-0.4811587951462028	0.6097679718092115	-0.2709445518741093	0.951748900824308	-0.004589378428090582	0.8900533161228449	2.800013037825187e-07	-0.03651499536216127	-0.08198507580161893	-0.142660498146755	-0.01496967877636316	-0.01724969073427451	-0.004505090068804803	0.02580582165132556	-0.0002361720724101016	0.05305751015719027	-0.060165063482447	-0.006648358127318402	0.05292127900653778	-8.457836968578214e-05	0.01115772690227561	0.005913509423045525	0.01773826003366546	-0.218540674255768	-0.1590011181273605	-0.07923606268801128	0.02348665226790611	0.1458684234294467	0.01174390199215727	0.01147281635346793	0.01281428413451545	0.02152835139666904	0.01153120002949519	0.1182792237038773	0.0143625515250986	0.01754336490457745	0.04078714140488966	0.0695564072595309	0.3282858314679123	0.5132973192939622	0.01169088273100847	0.01075674493213011	0.01057266811022384	0.2312317258407572	0.1134637645509191	0.07503292000772023	0.1705615760908173	0.1723080063052708	0.1319036017662903	0.07276295591257673	0.5304337512293489	0.04402367610357066	0.06807968745485679	0.1422734306373064	0.5072806379344296	0.2273352939176614	0.169526415836674	0.01217127696644171	0.01430009293078097	0.6116313237531784	0.2727375881310497	0.01183379482152295	0.08162270566991611	0.01081668562151405	0.01027318636646446	0.01059530977678417	0.02340793281790729	0.02015144477095499	0.03591590708686705	0.04047673567973363	0.0287651921778105	0.02661588409643487	0.05245810604003358	0.0324509385289551	0.06585204148009592	0.04698639969205078	0.03053019047882434	0.02578025877621941	0.01574460103132007	0.01337403616857837	0.07692254191869059	0.1005130857212145	0.06178119929322418	0.04257218194066865	0.04988358543661338	0.061158281500774	0.03298413113052868	0.03562532826793954	0.03932728707276811	0.03136826986833498	0.02326246370248111	0.03009942746644684	0.02642912810260372	0.05931422134112599	0.0216796219179222	0.01560672798371571	0.0292654515934306	0.05497684286400387	0.03912592399814094	0.01257906978370166	0.0293646521094336	0.1400044530485278	0.02412323420720607	0.02154966313949731	0.01478054115791029	0.01933692314700866	-0.007494852909097664	0.01436062178717742	0.00383899870347449	0.02813337407735472	0.004464294287959357	-0.03561449757646067	-0.02386585756319974	-0.001787582196591372	0.01077136899571663	0.0004752948961261954	-0.04255549879663879	-0.03590410028567168
0.9062280701754386	0.02294302792085074	0.1542048669154791	0.01132205188903329	0.011112714202287	0.01218608493491006	0.02047634392642576	0.01113205200019165	0.1147837639644221	0.01333986730860826	0.01572196348540427	0.03683469947992689	0.06677042431980199	0.333480064061014	0.5208869301658652	0.01119721618707058	0.01054401907811988	0.01042560818602828	0.2347972182851926	0.1053501512607396	0.06697853127864964	0.1756708307277598	0.1723995451094156	0.1304832811037917	0.07307390754298079	0.5753462977048729	0.04031543011771033	0.06527247429936139	0.1391294968169516	0.5433912046898256	0.2239380876647626	0.1657214441139064	0.01148290081590462	0.01311824727085278	0.5713909140494924	0.2786181234135849	0.01143308487826862	0.078534883953919	0.01058019283897763	0.01019355861210966	0.01042263435571255	0.01931242927049209	0.01675542599190124	0.02762517201473461	0.03011184981919237	0.02332505921516066	0.02240721876032745	0.07046407532498791	0.03760118654678786	0.06489132095838439	0.04408304068283223	0.02635931084124048	0.02187752972969842	0.02346379521712286	0.01583714633676735	0.06807987029855743	0.08361252738919471	0.04236409961086353	0.05086365420003422	0.05114320407730395	0.061289703255004	0.03059728634325964	0.03452879720362372	0.03872610403733352	0.02872849869696375	0.02128655450267009	0.02592139918835102	0.02245650422517577	0.06260958283128505	0.02080963868717655	0.01662397936454659	0.03258398186609878	0.1115906246885487	0.04744202282988606	0.01176513012300233	0.02747718329476017	0.1481168670198091	0.02046606041677161	0.02301389075287614	0.02246090056516978	0.02244198724295959	0.002784225278509135	0.05375171360809049	0.03631888204868952	0.3728808900041793	-0.003971499684735423	-0.4714433533543318	0.5773510645608148	1.543290638961756	0.9494515948512365	-0.01468821061687079	-0.2428502232665296	-0.140815573197194	-0.2741813348020108	0.838726289415781	-0.01323899841408821	-1.22625591400586	-0.1389637666759645	-0.2584623655404567	0.4695596079545985	-0.372852929280273	0.05433747781459144	0.3926273449771742	0.03882598691342141	-0.1692875521343511	-0.1050120207940296	0.4120411777158001	-0.03093525728185771	-0.5153271145137013	0.07033890824361802	0.158406478817224	0.3498094089368063	3.953860103105454	0.3498094089368063	3.953860103105454	0.2397403414215584	2.09810428212477	0.2397403414215584	2.09810428212477	0.1283893464674485	-0.6514757547171395	-0.1107157638872057	0.1845043014601219	-0.2761535818189486	-0.3113602940912879	-0.1826045396724739	-0.03788339696549043	-0.1329400077266901	0.1910843619415751	-0.3555943352904203	-0.3558598664216582	0.2221110271957585	-2.853919941561221	0.02772832573858841	-2.028307486513373	0.8334820360311819	-0.5450466041843084	0.6072884638484897	-0.2287558546472051	0.9516913622649824	-0.006971593850010467	0.890059798622128	0.001244399951305513	-0.05202218405815111	-0.04523437962138485	-0.1386839608328333	-0.01970653948707845	-0.01469291975384973	-0.003924099539278058	0.02372318382547272	-0.0002252643154758788	0.04662618862576728	-0.06159166033768993	-0.006969233300884558	0.05059918676986158	-7.176135831013785e-05	-0.001862419704672931	0.01431231946851108	0.01362467903271565	-0.1035622132306979	-0.1657253584167194	-0.08835450081035226	0.02533969814990364	0.1579045348887411	0.01121333672577659	0.01100155684597987	0.01209459398808063	0.02147868459302391	0.01102277417532436	0.09888351591103446	0.01197357312497773	0.01357016462736347	0.03698895408580271	0.07574913841754223	0.2930355153259886	0.4715577417728312	0.01101937264015692	0.01047083764738547	0.01038131417340374	0.1782806821296599	0.07803178753277323	0.04674243595932327	0.1430024104001718	0.1405918009141533	0.1075294567682176	0.06922810616779225	0.4575139457049305	0.04132118694382826	0.07387351266169914	0.1190358335922933	0.4450611892389063	0.2092971805087323	0.1482305273445035	0.01128275815840391	0.01281771782726752	0.6505234050687497	0.2279895780954258	0.01081647299388825	0.09171190666300703	0.01050058161004517	0.01016569457784492	0.01036391022381701	0.01725193461307027	0.01499782673820267	0.02431941635111034	0.02747750409043885	0.02069039842255314	0.01996155522978592	0.04134160535266564	0.02563252238685371	0.066910141817281	0.04371295920318365	0.02396358150052959	0.0193004520188516	0.01276520417047479	0.01164505559511847	0.06704432301596842	0.08160798946250676	0.03437119948114338	0.07585192504195144	0.05912854608775848	0.06247164682743399	0.03294483558711078	0.03582044073492536	0.03842263182138404	0.02266869985975922	0.01922161369627766	0.02351820775223249	0.01991066591639498	0.05118355124041823	0.0181828076617649	0.02021183527012588	0.02456566492551194	0.06093960806207589	0.03095243782584765	0.01112405846549476	0.02984593048997404	0.1569577485500728	0.01792569109514657	0.03146018667166214	0.03747392588594129	0.03245524091680301	0.035168819575161	-0.02969552877440365	-0.01732619783535957	0.008222796516254429	-0.01114704138296719	0.02064905426641619	0.01319458197265935	-0.007082198978268069	-0.001432743996968981	0.004342654545799022	-0.04246466960937392	-0.03653570823314441
0.916140350877193	0.02678139010280538	0.157063433807842	0.01143786860975505	0.01117558484342437	0.01247998352094136	0.02286421807920014	0.01123921726202034	0.1045745002440615	0.0126451269537469	0.01468749358410195	0.03876276620720024	0.07460486959623108	0.3089745115648244	0.4903153669435927	0.01129914334949468	0.0105897200634057	0.0104643245604824	0.197748212141864	0.08851840111660197	0.0562427040614327	0.1518555926622709	0.1513191573658344	0.1152264902226831	0.07092351958257309	0.5131211273188606	0.04267499998341874	0.07289260499939215	0.1291570187358559	0.4917688011334115	0.2160858517415336	0.155640056127499	0.01168933986138569	0.01348611861256285	0.5965504048906221	0.2480050182265224	0.01110640779515134	0.08988595207011084	0.01062982392788863	0.01020882007111182	0.01045810002038615	0.01749144879147339	0.01510868901994046	0.02714706807414851	0.03318861354356677	0.02152936647118926	0.02024835223907613	0.05636065833253751	0.03168659862668426	0.06831275134066453	0.04550104511428087	0.02598406063605083	0.02111762271585018	0.01724056920879347	0.01344751867606935	0.07730454656940558	0.09442176399566511	0.04221053820272305	0.08565932516927117	0.06719384254934721	0.07113431420060774	0.03773498873410209	0.04035226006404161	0.04307368800014039	0.0254695943073154	0.02034046066244045	0.02553865483102297	0.02179203735336751	0.05972155776432322	0.01873968737836245	0.01783093984840274	0.02813580203175074	0.08720466166736399	0.04031103548672984	0.01143745414950553	0.03178822683357566	0.156524632108289	0.01961261048099165	0.03032208227679041	0.03579504554478679	0.03119260164143059	0.003156223576812743	0.02368328895632812	0.0401356483169422	0.3981805645263162	-0.00851739661244694	-0.4414766550662399	0.5926430634799439	1.540833852121946	0.9493897863892958	0.002159465018951455	-0.2442916371482953	-0.1503184846088308	-0.2641170735726456	1.192684859749203	-0.02593951380183645	-1.336840178363601	-0.1414960911807144	-0.2523572504980733	0.4655365411316689	-0.4371847004265959	0.05836528384314664	0.423695586257709	0.03677841753841794	-0.2404321545262237	-0.1008095660780702	0.4309300379668626	-0.03611494322123711	-0.5303078584230683	0.07169360934791831	0.1100178307415567	0.391116281355392	4.38239219498698	0.391116281355392	4.38239219498698	0.2592692163537184	1.847711138085697	0.2592692163537184	1.847711138085697	0.1216476870062714	-0.7040585852975523	-0.1088432799670361	0.1938923890050564	-0.2792161717397343	-0.3072323032743159	-0.1827643506623731	0.008739277035611431	-0.1310562145961765	0.1875459664982875	-0.3589994866804703	-0.3285208783539134	0.1902055871827594	-3.580577916633829	0.008313379998011532	-1.864616033920113	0.8277513064189764	-0.6114910908107545	0.6052464637595806	-0.1824537600327333	0.951611610066342	-0.009078057107751787	0.8900765626177348	0.002059713471677689	-0.008398224559539346	-0.01324307153976522	-0.1401087231774596	-0.0209633092848962	-0.01433285050295003	-0.003930562629273984	0.02378200066577356	-0.0002358483765860633	0.04660229271688465	-0.06326317594161106	-0.006931451729797736	0.05096298781217413	-2.291758148818684e-05	-0.01825424671145309	0.02620581166663578	-0.001933951944086729	-0.04425584028071142	-0.1585218582161527	-0.09095701474129154	0.03283195623218451	0.1581669179331108	0.01198851769961459	0.01158778795560567	0.01348520364122743	0.02747868973746898	0.01176309954050847	0.09881323524773962	0.01320917216655421	0.01577071048802336	0.04456099793623191	0.08374145110319797	0.2740630571095979	0.4295987389134718	0.01193384019996329	0.01086252596070646	0.01066076679931345	0.1533798862150032	0.08202074111978247	0.05858173215393082	0.1227908338710173	0.1309735326126844	0.1034692204112881	0.07046725340044925	0.4026898195625333	0.0483415230798462	0.08193608952139621	0.1287393272654124	0.4040405929601596	0.2116027548211608	0.1502913648777941	0.01265806157953239	0.01512647028630027	0.6009577616129935	0.2107577618655611	0.01131328943514989	0.1033128168204556	0.01092813624480872	0.01030733107008604	0.01067491120704709	0.01737250103080517	0.01478441888134365	0.03317217689222104	0.0475989081255836	0.02263129310878954	0.0198560461056474	0.0549987735623805	0.03200410306521169	0.07476058986110026	0.0504628389389716	0.02967603889870126	0.02406807949987012	0.01469351076857965	0.01273077285351705	0.1060552837087077	0.1322694915400094	0.05893463715552348	0.1399582097218105	0.09721283179600979	0.09524865952835598	0.05268910305805751	0.05320691044444755	0.05440115260123282	0.02670214880148999	0.02153852958382852	0.02922601492525867	0.02494584288118293	0.067015500058867	0.01771393339386827	0.01550670704926143	0.02726528977345379	0.07597455298863728	0.04267526818294498	0.01181343816378947	0.03956036912400866	0.1672686334853496	0.02221982227216359	0.03584396541619188	0.04474551026904655	0.03746721932540741	-0.01457433079673246	0.02127010928740969	0.00710420323038599	0.02233842890815707	0.001195444550370876	-0.03426724364021454	-0.02361487480263893	-0.002147442612928064	0.008459929067622898	0.001084798684389679	-0.04289779568518647	-0.03725377143990023
0.9260526315789475	0.03222863126213039	0.160111538680195	0.01157504110631394	0.01126356958978048	0.01281583353214486	0.02626034012684658	0.01136248627915534	0.09601672817952601	0.01229752326765736	0.01414134824590266	0.04033615681248334	0.0794915276716066	0.2829777349127062	0.4518108346327033	0.01137254990439557	0.01062695467716422	0.01050089301232555	0.1601011087644416	0.07257876823416574	0.04726324074565071	0.1294608853857966	0.1322347590210186	0.1017612772555514	0.07021468034018549	0.4545073543369493	0.04435022722240086	0.07770405171878149	0.1228808194121334	0.4461138139537031	0.2081148101102789	0.1467255409510717	0.01187228914785448	0.01389411167617963	0.5900907728478617	0.2193657658129016	0.01094639187367075	0.09741200614657516	0.01067261984162573	0.01022287841150981	0.01048936179925375	0.01614097721009349	0.01404221000298243	0.02710989415903163	0.03834694334701369	0.02000390998329546	0.01828072194253068	0.0534680963484285	0.02925443349503751	0.07262085302097986	0.04728873177122149	0.02554189592353085	0.0203923071107368	0.01463087100263488	0.01239527385648642	0.09346026278686642	0.1133918423516961	0.04438692041725627	0.1372856613234322	0.09308126511705397	0.0889882107125365	0.05050755592332268	0.05067239012622534	0.05138961386958756	0.02345082440330045	0.01930471197422854	0.02509235709205854	0.02113793030040904	0.06277926909874404	0.01676827731544196	0.01558322955310203	0.02520269299817606	0.08851392539238791	0.04023948587362543	0.01124171250792774	0.03694245008731801	0.1674573950682036	0.01887052232142557	0.03488110495415457	0.05315138149566066	0.03780463741384656	0.003310319929450235	0.01064005256563203	0.04422944968637722	0.4285274138452491	-0.01264110940303196	-0.3866285750631321	0.6078720957285597	1.530709126280173	0.9494946514704249	0.01906650933494414	-0.2458350774977602	-0.1612916397467881	-0.2505465677675956	1.543743783210491	-0.03974354930355883	-1.448061039614541	-0.1439611070189836	-0.244564630972273	0.4609203718753067	-0.493187089029879	0.0628074327408359	0.4759588931462256	0.03413816085881089	-0.2878498270725655	-0.09656981736245056	0.4192876029717751	-0.04145844516483614	-0.5482825358514845	0.07242431272719171	0.03279105765493963	0.4366959409583586	4.813121778172859	0.4366959409583586	4.813121778172859	0.2765162497513392	1.641049703584249	0.2765162497513392	1.641049703584249	0.114526694661632	-0.7279652717278313	-0.1068622908098451	0.2061944547095232	-0.2822587321807806	-0.3074626302249745	-0.182364925249323	0.0753486983631307	-0.1292518453474505	0.1749984704646673	-0.3620508098125311	-0.2841967077620378	0.151273770126159	-4.262876537551232	-0.00876910050958778	-1.559838182828521	0.8213579312072241	-0.6784534007256956	0.6036899219192511	-0.1305919440299557	0.9515121476073346	-0.01095502610063769	0.8900990039036821	0.002384748516917878	0.06855417461344138	0.03690292256296208	-0.1431349525074482	-0.02003548868871322	-0.01757540082735172	-0.004750513808600573	0.02501839684791242	-0.0002791682231246696	0.05101020084671658	-0.06292543236363005	-0.006321709854123806	0.05313955535076899	6.802421266138416e-05	-0.02556643092867046	0.03057076562950237	0.002985259289194545	-0.02153379989354192	-0.1374072938245111	-0.07502365701268326	0.03830339161186594	0.1679365698019152	0.01150034279890247	0.01117771119091174	0.01283485359728174	0.02996678538154637	0.01128737695306255	0.08439745697814952	0.01157130652917813	0.01290387091349709	0.03964602219661262	0.08196454559533961	0.2379707387619631	0.3744519083760793	0.01117908772389865	0.01055058272527477	0.0104606673694999	0.1057502883266803	0.04952244805930997	0.03326307217406969	0.1015791741131456	0.1068333824302276	0.08449342111858238	0.07011468564414552	0.3545169299568955	0.04380564620180889	0.08010959132421884	0.1144123263925644	0.3713684975065329	0.1931039396068033	0.1331492978391525	0.0116719524195938	0.01369188960038567	0.5545494772931947	0.1764767848938809	0.01063776797113781	0.1022103929352409	0.01058661803920305	0.01019441551898896	0.0104271640721083	0.01419697438891233	0.01265390911218345	0.02367193854205745	0.03882531670863779	0.01706914422421426	0.01558657862713591	0.05104129361573603	0.02574907076192305	0.0767713125958409	0.04769815130153012	0.02299633890930411	0.01776332584058087	0.01235590982536973	0.01130080334477742	0.1076348152437666	0.1287013731735711	0.03875611450237543	0.2077535645592364	0.1240317397477321	0.1087444393546822	0.06418469382982027	0.06149569601279691	0.05975957637709503	0.0197875174552551	0.0171736017409796	0.02254139465070855	0.01852360643385754	0.06511045058518021	0.01448957539188913	0.0137431707346526	0.02150333029773098	0.1009113468536502	0.03962374684768875	0.01073718388176111	0.04178001843234321	0.1842823527896202	0.01638928703579841	0.03921216721433651	0.0772883202507606	0.04507591001438812	0.03529395968195864	-0.02924880141271618	-0.01648581013282199	0.009711108383429973	-0.01192142316881176	0.01908308297936714	0.01184165930398551	-0.002722927516180554	-0.002915467658273447	0.006802111541871776	-0.04385361490333757	-0.03777469959119274
0.9359649122807018	0.04053533329889961	0.170392854268427	0.01171015277477334	0.0113159991932489	0.01326569093292602	0.03307596535654152	0.01151099331023018	0.08974324981035085	0.01222105544717395	0.01404074329800594	0.04093971696562612	0.07993060022065231	0.252007883095329	0.4024983944015973	0.01151272276749461	0.01068689801823246	0.01055587224665311	0.1197772119185206	0.05922556812510851	0.04395830009495627	0.1076815120583601	0.1155606793309997	0.09187188677909298	0.07258974874671544	0.4019770250570781	0.0446691084587681	0.07820339109009131	0.1262168585031265	0.4081713178587774	0.1990273946983384	0.1409228323047944	0.01211942134260544	0.01437162829053004	0.5518717468326664	0.192481970073134	0.01090594066060858	0.09914687374695881	0.01071755167909028	0.01023789892310246	0.01052255232772777	0.01478873387906875	0.01307079151379727	0.02563228565207959	0.04236640502649248	0.01807602663226847	0.01649189091892922	0.056430883230697	0.02831047151981199	0.07742382947872056	0.04924481652370229	0.02498525932655618	0.01939384697320923	0.01331618925677324	0.01173227317165014	0.111899120752542	0.1336615229831081	0.04403600728095325	0.1974380758500888	0.1237781700817863	0.110963163192429	0.06641751265052691	0.06398313651953066	0.0624627272093846	0.02143348185279197	0.01832865897289839	0.02452270317619917	0.02025753846161005	0.06929246127036116	0.01535535611824009	0.01468822589496325	0.0235303724569668	0.1053561736592644	0.04275508034577615	0.01092460092512304	0.04491241878793203	0.1799864765415523	0.01784252629749941	0.03961638756759403	0.07329350445939271	0.04489704833305985	0.003435570465475215	0.01819416660038884	0.0486408688758321	0.4618148421664547	-0.01611092715644124	-0.3103068687922089	0.6229646814237639	1.513347894788614	0.9497698068035904	0.03654517381263092	-0.2474921045913178	-0.1731289762480325	-0.2335689560198693	1.877945365956963	-0.05462944425745161	-1.554007790451657	-0.1463318112212998	-0.2329231745717052	0.455770785713721	-0.545757042554501	0.06786079302825536	0.5462233931158926	0.0311662885571496	-0.3068398404653626	-0.09260416784092662	0.3753553660321202	-0.04698989142563453	-0.5678602667397616	0.07225941756951902	-0.06981873214608922	0.4864814909780232	5.227810588082462	0.4864814909780232	5.227810588082462	0.2919939629047149	1.491978143379425	0.2919939629047149	1.491978143379425	0.1073080602721962	-0.7241236603382184	-0.1047501597601025	0.2201263045401576	-0.2853276705450143	-0.3125254586344896	-0.1812008888135749	0.1629816749885063	-0.1276162734870764	0.1536221673695985	-0.3645757043501257	-0.2224690385090831	0.1060197679959834	-4.847223298979965	-0.02220748450193934	-1.133718779052187	0.8143042420181226	-0.7444956914548828	0.6026770859284335	-0.07289004503920631	0.9513950951222395	-0.01263285395349107	0.8901221905880304	0.002211445716830739	0.1562819861527907	0.07903537382237102	-0.1444729212545758	-0.02037739538029611	-0.0196874724964492	-0.005284600008945074	0.0259118108049875	-0.0003056813880828272	0.05428500017735895	-0.06364974693402677	-0.005973329228695681	0.05506566938197686	0.0001398856340310997	-0.03829863966225423	0.03425710947783318	-0.01484589274396691	-0.003924465020141099	-0.1085206033238067	-0.06160884292039268	0.05277547138594754	0.1907832400696289	0.01225710203855902	0.01165882942744077	0.0144965574710802	0.04484935846189678	0.01208454537346015	0.08945776878526072	0.01331560276818768	0.01599862216132588	0.04473164745707681	0.07902112917226023	0.2042857543867342	0.3078293143723869	0.01227829123315256	0.01100408926994995	0.0107882809640377	0.07383620552670467	0.05876488677191423	0.05821879871873414	0.082201492008593	0.1022960448445004	0.08897546256146703	0.07906391295913537	0.3196566419779004	0.0474901383737561	0.07754314062414648	0.1496584120550429	0.3514898397293902	0.1915388448046438	0.1436294222174096	0.01321474197413683	0.01615214330025798	0.4375797981197619	0.1626427839364777	0.01134622474726664	0.09910933591786289	0.01102009114222569	0.01033829242740498	0.01074315764729972	0.01466714565853476	0.01293455603421481	0.028718206960577	0.05468894173162241	0.01836890961777138	0.0164572544819569	0.0677849782546862	0.03165861543510883	0.08511503977303582	0.05460931109589903	0.0284368393376227	0.02178716457099719	0.01334029118250995	0.01178085052904486	0.1481082897887395	0.1774992905568148	0.05549373600454183	0.2860432640170388	0.1690321661846397	0.1469247051209224	0.08928399096575812	0.084108234642635	0.08033733619626454	0.02265674506384542	0.01964001947920421	0.02795183389566357	0.02294724823183338	0.08444341333089295	0.01544024745245513	0.01504869213885859	0.02521034469625562	0.1309113534656312	0.05058316218405241	0.01106308667794227	0.05888230341859858	0.1954298152458912	0.01987051474129643	0.04562859755361656	0.08926493629371968	0.05238985108176106	-0.021606723086203	0.0272129641302349	0.01164061670134655	0.01680292535904425	-0.001478322706373782	-0.03391108693772611	-0.02378348263677278	-0.001126362553980804	0.008086681727596474	0.001694888334248127	-0.0448841754431226	-0.03791791749164588
0.9458771929824561	0.05279859978034709	0.1892087667007838	0.01178623948643438	0.01131996435251658	0.01372176399381153	0.04545007167724755	0.011623826300094	0.08869133877017228	0.01225547834927435	0.01415994930491466	0.04002440182903609	0.07423895542057772	0.2188572462511768	0.3475175942099102	0.01154526083134377	0.01069956561618887	0.01057688334298687	0.08105865688260624	0.04944226561090062	0.04385503485799351	0.08849929889730428	0.1043269774132999	0.08755692673478394	0.08053451322884499	0.3619969971916844	0.04299599077404266	0.07272322422527067	0.1402096221864887	0.3848008435944104	0.1920260350032766	0.1412766881338289	0.01229976401657137	0.01487924361430978	0.4809993095328767	0.17193028654746	0.01090757987300867	0.09277947389909685	0.01071418144389096	0.01023749941064531	0.01052074525614606	0.01402011734855044	0.01252531455263226	0.0256214375479126	0.05083580995353593	0.01704092515319717	0.01538190338336543	0.05966615229406246	0.0276201619701712	0.08387103777642216	0.05192676757168734	0.02429785354008022	0.01846729431449071	0.0125616294593535	0.01134416829541862	0.128225638440787	0.151811725338646	0.04581595822304493	0.2585683237053237	0.1539173021901537	0.1306132199095101	0.08596731887988013	0.07871060622664137	0.07332907661114361	0.02019283444214561	0.01761330713126187	0.02382058480907099	0.01938291342936008	0.07214253902290133	0.01439618466528982	0.0136524523539821	0.02186211776414504	0.1237527538374997	0.04729411122402021	0.01074617320148633	0.05308717159080818	0.1940984299088483	0.01698134614433862	0.04500084426642793	0.09400624330940199	0.05320411888605706	0.003740623636767582	0.04671307698701936	0.05338356328137907	0.4947147744415353	-0.0187404521262604	-0.2181982693959607	0.6378504947912362	1.489052129544387	0.9502208212845131	0.05451851396319082	-0.2492676034461536	-0.1850692094497646	-0.2134121772394196	2.183496923562473	-0.07050902248193631	-1.647189596626567	-0.1485578293844297	-0.2149767388366988	0.4500927575864806	-0.6008020905751282	0.07367488738264456	0.6281441362541283	0.02815288007156399	-0.2963894657393397	-0.08923722727257205	0.298671038466263	-0.05271129322741656	-0.5859553715829211	0.07097861514973214	-0.1909795311756285	0.5402166985278642	5.606690637454179	0.5402166985278642	5.606690637454179	0.3062906449727035	1.402029113539679	0.3062906449727035	1.402029113539679	0.1002523375149779	-0.6957867186900631	-0.1024978168069864	0.2342240589453403	-0.2884668772665679	-0.3213278290130531	-0.1790683625932693	0.2703722723690737	-0.126231069677936	0.1247849604381429	-0.3664112676513068	-0.1456964407287797	0.05567608347021507	-5.281564577055568	-0.03094710498559241	-0.6178412550619754	0.8066071300078722	-0.8079611170551197	0.6022590082813987	-0.01091727675601143	0.9512621830092244	-0.0141672791422677	0.8901412809970206	0.001566193939293277	0.2241528552320633	0.1326574616142573	-0.1396321830287202	-0.02084595181745129	-0.02211449551191455	-0.005691363732224797	0.02632776633004065	-0.0003197445552245248	0.05561181759244897	-0.06271403147003264	-0.005582643296631523	0.0561460109656475	0.000199842348168908	-0.03602366946273827	0.03364415245266014	-0.0199055536862973	0.02360610722946547	-0.07639217083778264	-0.04245894363792806	0.06704584086701962	0.2196853229991104	0.01159648504319237	0.01113148535296315	0.01372501500156491	0.06051966656748855	0.01148829990466884	0.08813645336216198	0.01198725219313322	0.01368892567234081	0.0363619613238721	0.06375678278055896	0.1700293200236887	0.2562375124190396	0.01120098747674594	0.01055433224208315	0.01048752030254265	0.0374289456248748	0.03441179538711686	0.03803688359075409	0.06817042588098383	0.09197795916388052	0.08297801331654368	0.09212581741926827	0.3070693235062287	0.03857752777014315	0.06252829612679942	0.1593232694345478	0.3596419951677707	0.1820220582471577	0.142666054151157	0.01198613513124022	0.01467726311279524	0.3329590641101479	0.1469793500820295	0.01080003835466273	0.07951071321897785	0.01054571130611483	0.01018286671223377	0.01039900346283618	0.01303876936512138	0.01185574452244261	0.02422270849347675	0.05845314173150899	0.01548219866658118	0.01386826333311994	0.0601578956186612	0.02495645594051316	0.091108683503869	0.05357878684069704	0.02150744966400298	0.01583422509547413	0.01146329921847348	0.01075614569423242	0.1385125149678935	0.1625381228956009	0.042880386031769	0.3463614697067323	0.1877279387684713	0.1474301641773453	0.1078562847450409	0.09316435610190976	0.08205591098987285	0.01783213784029601	0.01597545441587924	0.02101574115649841	0.0166792306514206	0.06811881835014238	0.01302102907785936	0.01201127686742	0.0185702843848404	0.1467457000180607	0.05103166780935586	0.01040810727211569	0.05905924586465212	0.2153588780395716	0.0146354799869634	0.05051458100207046	0.1224528476316183	0.06284668022677925	0.0355445797445428	-0.03043046796129223	-0.01249128122407249	0.01146729424890633	-0.00949915493750033	0.01672455561667842	0.009152450431653155	0.0004100550104112052	-0.002305738414905759	0.009434316115684179	-0.04598862988709112	-0.03750316124170058
0.9557894736842105	0.06776943276865491	0.2148604142036653	0.01174836679828827	0.01123035142903623	0.01396278337071939	0.0633385591726541	0.01167858084437183	0.09154596876316393	0.01322333172180439	0.01563083090175222	0.03785014918011961	0.06397260110916501	0.1841195709214804	0.2898735464655621	0.0115403422031918	0.01069103023050091	0.01058189527447623	0.04812690621541913	0.04141433501540707	0.04937179781439098	0.07219184858674975	0.09750975227881373	0.08836667945689027	0.09295327395244042	0.333478462330122	0.03994613598308193	0.06273731847170007	0.1681773254350848	0.376063521195254	0.1872083827684132	0.1481150766143052	0.01235480902943047	0.01513948369450074	0.385321963905034	0.1569561554867836	0.01136066730684819	0.07924512428385702	0.01066056402078941	0.01022130105042838	0.01048289288569039	0.01362563369896722	0.01224241152572639	0.02624818201532594	0.06029766091353014	0.01651533112749662	0.01472668214841953	0.06619813765491361	0.0271743635505139	0.09036789068076247	0.05469029975355897	0.02350841859740962	0.01731438433593369	0.01190264533207932	0.01097797329811333	0.139510814701965	0.1640574301541897	0.04754776813208805	0.317578791947653	0.1808176481387275	0.1457348909058533	0.1054395483356479	0.09241783124272662	0.08253221609540096	0.01938603001160826	0.01722659289103944	0.0229976086109706	0.0182948121374137	0.07072891904227493	0.01377596169031392	0.01288220345066222	0.02041341122493151	0.1489513675564639	0.05349095706193205	0.01053667971466333	0.06075937271686521	0.2081017058707011	0.01590371458271744	0.05038899323543557	0.1160847108158745	0.06158721609443751	0.004422357803715329	0.09352864394917253	0.05843294057214748	0.5229400874666675	-0.0204088607139159	-0.1177262802702539	0.6524639111024408	1.458549456107528	0.9508514274747263	0.07273212020500322	-0.2511587085425818	-0.1963070026068064	-0.1904052329124226	2.451893350188411	-0.08721389252663049	-1.719079928692544	-0.1505653099283067	-0.1884551683057528	0.4438330526212207	-0.664020906415249	0.08032269688671385	0.7128204706799053	0.02537926356715734	-0.2591773036543326	-0.08678129198297296	0.1924232953209294	-0.05858672616904586	-0.598148039100256	0.06844252501986436	-0.3214360465873304	0.5974470021082267	5.929708212504688	0.5974470021082267	5.929708212504688	0.3199532694910686	1.361629435875835	0.3199532694910686	1.361629435875835	0.09358003269868018	-0.6476127634269266	-0.1001115403407912	0.2468768175586114	-0.2917035364996098	-0.3318559100120846	-0.1757866103545918	0.3941356497127367	-0.1251603637927842	0.09054887597136961	-0.3674280122230938	-0.05805390016941019	0.00196113823874669	-5.520753180205028	-0.03429008984167221	-0.0519012060119772	0.7983009905288572	-0.8671466841930481	0.6024687579367674	0.05349367292875052	0.9511144566461236	-0.01563452108348314	0.8901519571091504	0.0005343504485362325	0.2895748321032104	0.1918413480775067	-0.128138975963926	-0.02262869834972192	-0.02475508536483741	-0.006002656441822178	0.02620941425500128	-0.0003207827357168376	0.05222524757530763	-0.06029476110581775	-0.005295538938589936	0.05568428924065998	0.0002368378720417133	-0.0571296961153115	0.03411442760822251	-0.01276908868604791	0.05520325512054853	-0.04550941952061011	-0.02222668691655261	0.08677450246746775	0.2558657591064229	0.01207235741228549	0.01139022303121272	0.01477243242054979	0.08806197887398613	0.0121386945838553	0.1003746331660585	0.01615265246651165	0.02026447468647891	0.03899034286730011	0.05297587553296051	0.1360373899923441	0.1956469573411408	0.01223267047099756	0.01096683109184885	0.01078309001893035	0.02068063145686488	0.04465767926490126	0.07579080264958495	0.05488482774284759	0.09511722349609264	0.09737442557427892	0.1101476061620672	0.2928592560737039	0.03985218306380942	0.05216018314215422	0.2301708904827373	0.3698649143411472	0.1858156904414802	0.1675438623080381	0.01320520231330667	0.01643515914136497	0.1966194026272501	0.1432657393341014	0.01268387761450294	0.06285004972584603	0.01086498689109167	0.0102908834246453	0.01063314962687587	0.01423964877056926	0.01262077070416315	0.03063093708011729	0.07528371003180689	0.01781555659339078	0.01558826574979572	0.08508762499837003	0.03101033226243553	0.09837197492530501	0.06029696635802403	0.02674187203401238	0.01924633160121892	0.01211394322905282	0.0110692925997922	0.1647215137317617	0.1945543116238422	0.05899203762364285	0.4125863118764127	0.2216170970446912	0.172316126138046	0.1299344048823987	0.1113453708267734	0.097349250018995	0.0214680072220191	0.01918596897651394	0.02617066285448708	0.02054688888089177	0.07638821448454167	0.01452677228134075	0.01376188429504947	0.02251941519388348	0.1939462683032749	0.06508231098335666	0.01061441251778384	0.07412086588329296	0.2238566130723798	0.01749415664643028	0.05655569778614344	0.1367343879912427	0.06952437960923184	-0.02450469151895662	0.03018526434584057	0.01494627341298649	0.01510640945687512	0.0001771329028170246	-0.0341340112634143	-0.02308103538888731	0.002160101549640068	0.007655386237135221	0.002952555663828498	-0.046658871680748	-0.03661131790051958
0.9657017543859649	0.0900249540437347	0.2458800919658428	0.01174694800321413	0.0111440943716749	0.01509617749540102	0.09224079280746426	0.01181258375250867	0.09658699498115844	0.01424805704036278	0.01748927924587106	0.03487184545074214	0.05096492623608111	0.1518451839886153	0.2364027173375879	0.01150576688014035	0.01066944357795367	0.01058293178375304	0.02772496709976469	0.0338699608910273	0.05828268046228805	0.05366944303793746	0.09030841267515716	0.09090097204125336	0.1112004138475766	0.3098501438469637	0.03606935008689766	0.05017598141190262	0.2056665797590756	0.3737990900129041	0.1855019024534051	0.1567752560158831	0.012476637243811	0.01591534441701638	0.2742856335540257	0.141803627244834	0.01162506860578662	0.0612240833178541	0.01061123969838447	0.01020591619906197	0.01044750704550641	0.01328047392115942	0.01200197021915555	0.0269221546488554	0.07012745807499848	0.01607632489872428	0.01422409423842638	0.06968650148779916	0.02676701775173356	0.09710477479832375	0.05791571884749565	0.02265962924181164	0.01643661424548776	0.0115201880168043	0.01077258223925568	0.1480523595412124	0.1727653164616403	0.04842712014568192	0.3749246814579443	0.2060735219148261	0.1585025519532115	0.1259120286831814	0.1065123142454374	0.09112826043942686	0.0187373084521915	0.01687438904400038	0.02211855570276642	0.01739971051117632	0.06636629618595934	0.01334510484662532	0.01244291200356513	0.01933131295643714	0.1680687091110945	0.05929809362780104	0.01042943342505805	0.07034422723930198	0.2201483745485376	0.01515202818843038	0.05593941076239003	0.1364974055205745	0.07002797283213988	0.005638424537499055	0.1534819157700728	0.06372019905149161	0.5419629429725463	-0.02107469783775673	-0.01738121693369383	0.6667494910450277	1.423175145751017	0.9516621991092037	0.09080198687543797	-0.2531537623546014	-0.2058723804388222	-0.1649438571028575	2.678245589249039	-0.1044906073535078	-1.761211406524775	-0.1522583469017619	-0.1512078663889322	0.4368859391560892	-0.7401480271397415	0.08778219575146484	0.7902208283492309	0.02308404593397316	-0.2011092988349324	-0.08549647519489827	0.06391482057755631	-0.06453433060818146	-0.5997776597537868	0.06460948828441006	-0.4509208817357347	0.6575228695007161	6.177858408327714	0.6575228695007161	6.177858408327714	0.3333884498350987	1.352574769634125	0.3333884498350987	1.352574769634125	0.08746082506260985	-0.5852092029576157	-0.09761397371744243	0.2563819946787262	-0.2950439303747683	-0.3417756991856872	-0.1712164613197964	0.5295022971838541	-0.1244449714191529	0.05362506584422013	-0.3675448439624435	0.03476135490987108	-0.05301278476756563	-5.531147464934544	-0.03195504204560089	0.5203660117427621	0.7894348004421232	-0.9207192373643717	0.603318985717389	0.1176463289474716	0.9509521673375713	-0.01712439256836916	0.8901510480950471	-0.0007486740632318931	0.3235462464437664	0.2312857141027712	-0.1131541665677612	-0.02152560826304166	-0.02638437251370979	-0.005913015261836054	0.02663318129760186	-0.0002949709518137663	0.04847570539494052	-0.05766163484413785	-0.005141621203472391	0.05467414849053672	0.0002439193752878693	-0.05720767644910222	0.03576270027862324	-0.021146079843977	0.08308609563073788	-0.01303480730176949	-0.01347698229098327	0.1180659635403742	0.290847841169476	0.01158758010585511	0.01094240300177735	0.01628511035680135	0.1299672764482985	0.01179044932201215	0.1007361620879143	0.01527724837964971	0.01860578888320479	0.02975613007491526	0.03596490605981994	0.1138250010695778	0.1672972857474163	0.0111327848884997	0.01051089422569448	0.01049396488098499	0.01226428378257916	0.02043815952862632	0.05966567225002765	0.03253967632859598	0.07882780681062435	0.09116170405834713	0.1350655990503787	0.272587569809202	0.03022589360615692	0.03570070804403631	0.253071259759096	0.3710897144945423	0.182963029291252	0.1636538020018355	0.01221022565811486	0.01633271231541827	0.1057793614743829	0.1191868200632859	0.01226663835842559	0.04007280795453036	0.0104421142508096	0.01015078346786407	0.01032462357557191	0.01249690818091354	0.01148284956855608	0.02555845910257494	0.07818054770828198	0.01478601876607396	0.01308031576177317	0.06510755137098118	0.02424417737021088	0.1042164452445977	0.06004644112677079	0.01980805814694148	0.01419395753868787	0.0108742756957561	0.01043763705255409	0.1505931210517117	0.1729925650221373	0.04319443864362926	0.4671296552675024	0.2372922007741691	0.1693550800553731	0.151288334817423	0.1221069230482003	0.09853977295237457	0.01673853675419971	0.0154826987744281	0.01924762922657486	0.01496738100470052	0.05642736661217188	0.01236861325065498	0.01138384593245167	0.01672719141112793	0.1809884135140024	0.06239954639737452	0.01023823287494918	0.08009036548000384	0.2355836354566456	0.01326755757477746	0.06174619447575876	0.1641880268531827	0.08000128129910242	0.03736728604043155	-0.03099613421485547	-0.02194855071685093	0.01191875823271331	-0.005883735997112339	0.01484321537743095	0.008493410651642597	0.002470303897623656	-0.0005125287338046567	0.007732273206323068	-0.04628420911242773	-0.03525669191809688
0.9756140350877194	0.1095113660559836	0.2710811608646267	0.01176473863228255	0.01107682956935434	0.01589782161625357	0.1221325030201018	0.01199276916727139	0.1006040232487733	0.01927843302544358	0.02209067009120887	0.03219798641192861	0.04032156607552934	0.1258751784445525	0.1940810323809399	0.01156894723227008	0.01069273837013985	0.01062543069177303	0.01773596909614445	0.02582350014207396	0.06828199319157434	0.03745587423467978	0.08287104715345207	0.09466348518128408	0.1283725072205814	0.2836130096954104	0.03277619226686962	0.0398647802938992	0.247584984273395	0.3712295010210686	0.1845518276154264	0.1647296953890127	0.01251616218138027	0.01635287200612947	0.170122775810518	0.1258713201985789	0.01563474803831142	0.04569433217130035	0.01058354308431407	0.01019937999936319	0.01042859573431328	0.01306400353185153	0.01185565599627805	0.02682921691996861	0.07717418984507197	0.01567901809277121	0.01383715493939837	0.06996250621387612	0.02641801219705306	0.1013046018684511	0.05996622849313692	0.02198018435672934	0.01565785944364752	0.01122232789220374	0.01061415418719203	0.1529720056285694	0.1761666801029973	0.0459343664171742	0.430079442103369	0.2294209047609368	0.1693052489416804	0.1463705877647859	0.1204827599113103	0.09944174723794243	0.01812622987170112	0.01696926370353799	0.02138589740417657	0.01659945235098951	0.06250433829201157	0.01304947977374373	0.01210998287525843	0.0185062311861733	0.1813475797405076	0.06309385177439117	0.01034096693319605	0.08166079698329419	0.2255924099212732	0.01448859578897876	0.06109550381441836	0.1560551696547133	0.07797695341251186	0.007484964414895984	0.2194185020831187	0.06913225750328615	0.5474280859854542	-0.02078305151217779	0.07402991272735369	0.6806675794352774	1.384724407957955	0.9526496136770639	0.1082987705279935	-0.2552310433957942	-0.2127114640206098	-0.1374522397639161	2.861721525587149	-0.1220056154711611	-1.76601536388316	-0.153522522764945	-0.1017633228879053	0.4291082838419458	-0.831823400122548	0.09593125477481759	0.8503365223392376	0.02143267161603117	-0.1308848584479072	-0.0855521217240717	-0.07599044097505998	-0.07042880379070091	-0.5868424157488031	0.05954047709940886	-0.5691674612229698	0.7196187993973951	6.334862651335332	0.7196187993973951	6.334862651335332	0.3467949367996154	1.351800584583856	0.3467949367996154	1.351800584583856	0.08200445540333645	-0.514942586563977	-0.09504512514541588	0.2609837383377786	-0.2984667264436042	-0.3479988713940252	-0.1652679538704477	0.6713455240094557	-0.1240947703098135	0.01744521772972531	-0.3667456396122356	0.1255590437235482	-0.1068736604788049	-5.294687763397566	-0.02409909612009192	1.054960049587113	0.7800717992571737	-0.9671567406914616	0.6047847491421525	0.1769229631365213	0.9507744940376764	-0.01875701073646078	0.8901367445279759	-0.002142467566588617	0.347601548660386	0.2584940786741245	-0.09677026225103073	-0.01939147927927074	-0.02934590791162713	-0.006058590894292455	0.02747282034013817	-0.0002705309881733323	0.04279990170991239	-0.05268145785477152	-0.004775062870816802	0.05270064603584002	0.0002406740309590472	-0.06997282615289589	0.04109933930119791	-0.02124305955578682	0.09639796435459913	0.02496849731039564	-0.006968287623793453	0.123447336658065	0.2973488645939945	0.01212628865742191	0.01127374353543669	0.01605431096379082	0.1522280474536275	0.01254355769007359	0.1071565419274612	0.03022867171123356	0.03230131424008229	0.03394905682988256	0.03484620215531686	0.09774270761871307	0.1411446646550594	0.01245249063485578	0.01105614432161789	0.01090756141714487	0.01293550905159006	0.02793258371845481	0.09820610452963524	0.02623731853418634	0.08000257511100482	0.106660295879217	0.1440252670328034	0.2368381874082962	0.03388585747620946	0.03452701102539295	0.329430724643241	0.364037412641847	0.185224412177605	0.1828057045896268	0.01320553150952622	0.01698258059901597	0.0394064588750426	0.1109173971820589	0.02436379729476288	0.03572364595403738	0.01083013505357956	0.01028621225675738	0.0106109721700045	0.0139297720969854	0.01241789081467972	0.02966103034385417	0.08638958833419895	0.01705900296076975	0.01492428457957746	0.08183328472865126	0.03036527119205653	0.1034507890220625	0.06306561168441045	0.02554095251869364	0.01777736663617294	0.01159863647283101	0.01079705493251049	0.1693542549339183	0.1929889713263524	0.05018346416652394	0.5265078460062074	0.2674740988113383	0.1916612301556702	0.172613103223352	0.1401024127473315	0.1140802554783137	0.02027657357409705	0.01981288033698239	0.02483935438846351	0.0190296884562171	0.06916969832612349	0.01406436215352759	0.01319627280235521	0.02111320430164587	0.2128642708624776	0.07049827609904231	0.01045529301106156	0.09956212997817775	0.2227236654601867	0.01624729852348397	0.06654186220191467	0.1758974164752785	0.08507101851539184	-0.02407130660973173	0.03427972037769175	0.0115147986107207	0.01608992252240444	0.005014022994679844	-0.0346485642071066	-0.02220318382054176	0.006308033012101226	0.007234309728643485	0.0056369079740618	-0.04410835355234951	-0.03359609740839421
0.9855263157894737	0.1253336685609628	0.2870781204618064	0.0118757550228936	0.01104951004225434	0.02087638546065945	0.1485255793262417	0.01260582291153355	0.1021560403672346	0.02566710992270572	0.02672408170583202	0.03005124764346293	0.03262002705342995	0.1047718339372362	0.15949908844263	0.01159844428906819	0.01070450788938288	0.01066882134477612	0.01387855352978059	0.02170847408825153	0.07437336016470908	0.02623461739812937	0.07125154495377232	0.09451729025347999	0.1423097847748972	0.2517267496716712	0.03025540221841378	0.03257266693795198	0.2827684943808839	0.3620099225902482	0.1866403338304689	0.1676768218778372	0.01284456829507841	0.01833351055603029	0.0886675305237019	0.1061308979240833	0.02448592331210181	0.03443500375364979	0.01056635614790624	0.01019513629477482	0.01041658498340044	0.01276437101619242	0.01167285242726498	0.02506132487689485	0.07953624530302873	0.01509813838729701	0.01346705162291691	0.06503459298698115	0.02612474479852123	0.1004339169078484	0.05970439100074477	0.02163526366156823	0.01528321138304594	0.01107841452638791	0.01053875640503457	0.1556164896390315	0.1753771924466462	0.03949079803945565	0.4834674810508711	0.2520204492195955	0.1797519989392662	0.1673863972218978	0.1355597917547805	0.1085143565005184	0.01742197321234829	0.01707042131154215	0.02099075496363121	0.01620285451743897	0.05957443072143008	0.01285134412252835	0.01202942560910564	0.01811125292306369	0.1868067157984196	0.06377665087611049	0.01030161330849313	0.09845330420331018	0.2193361808734526	0.01418215189354187	0.06630471624444731	0.1743826290665339	0.08574845895936246	0.009980879997010887	0.2831181505935605	0.07451548925667542	0.5356161228587319	-0.01966323660454298	0.1485022970006619	0.6941973909441346	1.345165250584517	0.9538061539959429	0.1248823876195674	-0.2573581456484392	-0.2157823354686687	-0.1083449932884943	3.004851613557338	-0.139358052845425	-1.727604035521037	-0.1542337124945773	-0.03962565071547144	0.4203432016018307	-0.9392311354460187	0.1045527179768611	0.8841836952893952	0.02049608579326671	-0.05860905975675718	-0.08699757876798268	-0.2142668556248006	-0.07611023243201787	-0.5563772644190685	0.05339382096672822	-0.6669438459023371	0.7827647873664726	6.387900814363705	0.7827647873664726	6.387900814363705	0.3601347814367874	1.335221072581962	0.3601347814367874	1.335221072581962	0.07725771277079981	-0.4430333808517431	-0.09246105956853472	0.2592532643422038	-0.3019225563093887	-0.3480776029702509	-0.1579052616912723	0.8138015708699331	-0.1240858784538235	-0.01474266593756809	-0.3650851902772622	0.2074445499078791	-0.157163140084206	-4.812386285368983	-0.01129563803298951	1.512787588797872	0.7702883960626372	-1.005420380226215	0.6067973661980993	0.2274139509183923	0.9505795447065244	-0.02062309078834886	0.8901087708758042	-0.003478828348087008	0.3483722480176423	0.2677432035753608	-0.08083433357975638	-0.01437108885823917	-0.03307207408986913	-0.006318967354672558	0.02915271424153965	-0.0002468393657144534	0.03747718604056915	-0.04663369877340734	-0.00430277644817846	0.05045001886710177	0.0002247626577135531	-0.06739081918935085	0.0414554755196857	-0.02233024791415596	0.09377931137767519	0.06584742306760141	-0.00750135685186775	0.1456298597808463	0.3053016699341053	0.01189642476301041	0.01092915797078671	0.02813201495768481	0.1819436001038693	0.01321327442013408	0.09999801143321507	0.03039332029234201	0.02853425884734725	0.02607323814223076	0.02424693254314447	0.08217545884637405	0.1196934189909894	0.01126128017072623	0.01057220118122814	0.01062969454493979	0.0111080348273449	0.01434263732627178	0.06776355875942985	0.01569407728777656	0.05265173445760201	0.08778571164025857	0.1586448197091976	0.2002275516299898	0.02606983708085433	0.0247259036060362	0.3179974406391212	0.3384700900108213	0.1915419971230647	0.162128892642508	0.01290427870572943	0.02062149888788976	0.01303703211935735	0.07732512938959223	0.03728379152908536	0.02305295235980532	0.01044325529316484	0.01015488266890134	0.01032662340827111	0.01190747026492444	0.01113355798458715	0.02094797562991859	0.07834854086770272	0.01356215245511739	0.01238566274546007	0.0498617731724215	0.02369175403496809	0.09583905755874179	0.05692830037655381	0.01950837866444966	0.01384747382258774	0.01072711443232902	0.01036190113560634	0.151425225362256	0.1637193750095507	0.02691934299783786	0.5752847695694544	0.2817579979595466	0.188797197191445	0.1954437365295599	0.1538001485889615	0.1171767789589158	0.01530343707280289	0.01594288210280683	0.01884619988495924	0.01458336490301707	0.05148381917369754	0.01206366693941459	0.01136481755746969	0.0162291291659176	0.1792167562262875	0.06054793338338815	0.01020192078065274	0.1192337495245153	0.2020317137435343	0.01301150828690008	0.07213021071447132	0.2006963566784771	0.09549286842113762	0.03919107715738636	-0.0301276342016813	-0.03287229336146721	0.01100276553342674	-0.003278635982400203	0.01365581567603112	0.007531028698547067	0.004243047188597158	-4.983461880696781e-05	0.005967169963507762	-0.04070844821269079	-0.03172663365024869
0.9954385964912281	0.1348392769684695	0.289054441526541	0.0121441488497201	0.0110964225456421	0.0253099566836738	0.1693276013621913	0.01314413953578445	0.09818984443600047	0.03438971872933271	0.03105031006554933	0.0286519346518028	0.0281997633596221	0.08972526590975713	0.13504169665539	0.01187905838897067	0.01084813664370708	0.01086972020637908	0.01224296691798535	0.01709018813429146	0.07433787018953462	0.01927024901251339	0.05811602795926706	0.09277728631170837	0.1489715972500483	0.2122657641869093	0.02867421511899691	0.02839444191454313	0.3101602897529283	0.3426494129348958	0.1915472158881363	0.1636143180921664	0.01285269169620656	0.01890808078858064	0.04285725514366417	0.08497329127764441	0.04866708328694046	0.0279948274622232	0.01065308414311765	0.0102293299699409	0.01048166590739714	0.01253210154225814	0.01153078339993836	0.02321574734353111	0.07981230727962005	0.01456815723849336	0.01312599778215673	0.05616728119448076	0.02577751799497989	0.09292105117559037	0.05653318350933318	0.02197483436948212	0.01562953427159264	0.01112976621926289	0.01056556499786897	0.1547994194090612	0.1696947517092676	0.0317223384299771	0.5330732915398242	0.2720511909531427	0.1879098311375803	0.1878987470033612	0.1499548248423253	0.1166611052903183	0.01672985788187535	0.01775678792013149	0.02129329561904859	0.01654708202211407	0.05678078791492066	0.01269852222301872	0.0119358302523691	0.017753179693487	0.1839074929187462	0.06210824295657717	0.01032391523194086	0.1161905985525612	0.1982031362164775	0.0145285143602181	0.07119025809858018	0.1917765645179999	0.09317250250075387	0.01306342704342687	0.3364856529653159	0.07968509513918955	0.5040231908505318	-0.01791617730438057	0.1997122215339292	0.707337520206352	1.306398305776622	0.9551219674846284	0.1404253855213176	-0.2594943055108236	-0.214482943758824	-0.07800053105958091	3.112277833635379	-0.1560995374136235	-1.642349028674121	-0.1542677151378656	0.03468713339767398	0.4104429199694379	-1.060327427577705	0.1133496785804756	0.884789206320697	0.02024414905036764	0.005654982426665001	-0.08975057413085304	-0.3376615545443157	-0.08139367190450476	-0.5062462675656342	0.04641135410568521	-0.73672578735799	0.8458832711277474	6.328265891943159	0.8458832711277474	6.328265891943159	0.3731414858619321	1.281434349822343	0.3731414858619321	1.281434349822343	0.07320765268313681	-0.3752892703509299	-0.08992950542034044	0.2502984627342233	-0.3053397868714381	-0.3398858070065671	-0.1491533271795199	0.9506357088344967	-0.1243647989010354	-0.04022600202576743	-0.3626832983045757	0.2741948881359597	-0.2015319935046272	-4.105216687790861	0.005538145621759068	1.864137588422046	0.7601687713121731	-1.034918681482992	0.6092524069171685	0.2655939045154402	0.9503646626323891	-0.0227854940239327	0.8900684293583914	-0.004620259541846898	0.3442301204608723	0.2704346162513601	-0.06540030964474124	-0.008835627325916667	-0.03701167505188838	-0.006591314767668621	0.03115206967863616	-0.0002214433707442556	0.03045958930979251	-0.04038777717296056	-0.003981194832759784	0.04754127931837886	0.0001845373052477129	-0.07316722992962696	0.03827227373180699	-0.01793646316668375	0.07352439377678592	0.1014086043252635	-0.01562393242394074	0.1334819983974755	0.2724858058296473	0.01281420588993791	0.01143837670661012	0.02436311652908934	0.1869594782251674	0.01354950728926511	0.0916639239422108	0.05056584869566707	0.04085555396889213	0.03191393337484695	0.02957183262400583	0.0775269449736745	0.1123483021743352	0.01325469827312608	0.01146914296202645	0.01145957914140392	0.01186435227822008	0.01815704525996564	0.09086310792100286	0.01702821489274888	0.05207889675797929	0.1010059683724768	0.1464012731141084	0.1476458123587579	0.03169108324261682	0.0295537031362566	0.3732767417894405	0.3025256067769058	0.1999748665910878	0.1631702069159193	0.0129142704924903	0.01674070723722721	0.0156234582198395	0.06782084360719363	0.09072541181671935	0.02825604093218155	0.01110253420343556	0.01039111994236512	0.01081447393936249	0.01352883677263198	0.01217226004043327	0.02586701541168418	0.08432262880793891	0.01604473658552697	0.01426832038696742	0.05914993796066467	0.02960925155364627	0.07946672196713253	0.05328290892446803	0.02690845438557953	0.01917237977558522	0.0118875233192599	0.01094789569251795	0.1622261023711396	0.173334647986531	0.03311171926254013	0.6214799946780811	0.304269825992399	0.204631594322022	0.2144619627107101	0.1688035684620101	0.1295060175789043	0.01889686930214704	0.02176686297989739	0.02614294194797998	0.02044297182862284	0.06366101218405165	0.01380140318670858	0.01299611866893855	0.02042835847946535	0.1928624177774137	0.06432828897518947	0.01055848962126398	0.1375883279617434	0.1539882310682223	0.01757287937399319	0.07602757903112134	0.2101298287347653	0.09966818995105506	-0.02514655834950925	0.03927000792361449	0.008119243042682963	0.0165906437197133	0.007215718633067338	-0.03481797489231358	-0.02272726862064637	0.009738892426114984	0.006883086290924685	0.007737543859036762	-0.0370437360888048	-0.02987966868858839
1.005350877192982	0.1352372380977694	0.2772475278593789	0.01256524165313414	0.01118223578061527	0.03640050761464619	0.1776400409340115	0.0156526948261495	0.09075344231294553	0.04407488188410804	0.0353698462726157	0.02721567872405387	0.02467468893612875	0.07128255136958202	0.1034624430125992	0.01203207687726315	0.01092811749374183	0.01102613935674979	0.01159859523574671	0.01556792579930753	0.0665144767416232	0.01635325341037848	0.04476841399593109	0.08467476400198509	0.1475898462813338	0.1721077473384064	0.02718398904999773	0.02521820293190321	0.31928216897815	0.3143934746983928	0.200879622328707	0.153212352532137	0.01326151781653056	0.02042476216035919	0.02382507340416992	0.06384818629284446	0.07868864302490655	0.02352311624938334	0.01070287282698206	0.01024900329341384	0.01051852033537024	0.01233427505751715	0.01141796828853196	0.02122192490574549	0.07560023117228734	0.01413471056849622	0.01289230612957479	0.04624617138681209	0.02550635978514496	0.0774075574791714	0.0496453053843354	0.02308179738256848	0.01647387046435684	0.01123272662659373	0.01061702553773998	0.1502634485726054	0.1586044283395064	0.02590104194754628	0.576961307615471	0.2887292773318541	0.1937178912752472	0.2066158228662538	0.1632080105091426	0.123659711598568	0.01617959060828062	0.01865701180130177	0.02237897489466005	0.01747947092430337	0.05394574103567304	0.01264850643966729	0.01210917879845519	0.01775656406876837	0.1763253574619689	0.05787237597883756	0.01035717326503353	0.1365745173514123	0.1618239345854215	0.01523794019174844	0.07608775794240027	0.2079866664714259	0.1003320578062295	0.01659346725195805	0.3723334534376276	0.08443867323175321	0.4516543525175071	-0.01579454245893346	0.2236154570820962	0.7201043327232899	1.270098019431483	0.9565861947923352	0.1548151000239552	-0.2615956018685187	-0.2087736354995617	-0.0467431780361167	3.190135613552327	-0.1717588116670942	-1.509362683372222	-0.153511206371441	0.1195189807289426	0.3992918586943815	-1.190698491156122	0.1219692002014984	0.8479700948129452	0.02055261851404875	0.0531818489361273	-0.09360225441376294	-0.4341152855945207	-0.08607750102772184	-0.4353555094855609	0.03889850379761918	-0.7733372363682096	0.9078348110867891	6.152255063164104	0.9078348110867891	6.152255063164104	0.3853637502868176	1.174966146942237	0.3853637502868176	1.174966146942237	0.0697875539534487	-0.3166426620686976	-0.08752326016592069	0.2340304927462549	-0.308629330811465	-0.3222917750681224	-0.1390973568363319	1.07598014914583	-0.1248549248990473	-0.05715497672816227	-0.3597152288467346	0.3211283644404632	-0.2379344261573006	-3.213102053607255	0.02524691803706137	2.090848033433119	0.7498015844292916	-1.055349150075807	0.6120132907633653	0.2889578628920151	0.9501268796977357	-0.0252328647076812	0.8900181255040838	-0.005474236961951846	0.3306658323422414	0.2710009456354043	-0.05163902297068676	-0.002295826288229917	-0.04052113125092779	-0.006758644643824443	0.03354010904373737	-0.0001949940000444097	0.02359121669211512	-0.03530186524543076	-0.003942030322342487	0.04473676339213106	0.0001219823040728773	-0.07318490816784526	0.03903380423630824	-0.008969208257213155	0.03311177167119154	0.1225247520418443	-0.0310211796433657	0.1349511601247895	0.2543016115900943	0.01289729837846944	0.01115325010875049	0.05411913136640724	0.1826361227831221	0.01878879462845214	0.07983370367551455	0.05081002704892103	0.03686779213442675	0.02346632476384211	0.01887679827449467	0.04591662463498118	0.05643843299127349	0.01163942038575634	0.01078946865304938	0.01106168708689715	0.01092266224774419	0.0127873981853659	0.04363073637935021	0.01346276644654444	0.02704251529654224	0.0667163102380989	0.1436769067228699	0.1220396682792415	0.02348939141520549	0.02005298317459609	0.3041573451680821	0.2641422984345244	0.2155937014167367	0.1315673388372225	0.01369707245356767	0.02337943094350471	0.01079717380565631	0.03840846260371826	0.1060836067589315	0.01693944711125892	0.0106160472235988	0.01022137848132149	0.01045458314388846	0.01153705946028761	0.01092526065777565	0.0169352714479498	0.06612876353593874	0.01274734728418531	0.01196522066220639	0.02859527620892723	0.02315811096188106	0.0569901639434939	0.04005302451475204	0.0224325009152972	0.01638484592247485	0.01116852010784013	0.01059086040741808	0.1373130335088226	0.1344330304007629	0.01646485251905859	0.6531362285305219	0.3099977953166411	0.1967557925550746	0.2319802431531955	0.1794371949523799	0.1297879848115817	0.01426162716907177	0.01810709319506025	0.02176985875804503	0.01731131738020817	0.04609078234010705	0.01201598571731585	0.01179364830307216	0.01639530315269441	0.154533177481683	0.04958477343403311	0.01035364758430352	0.1639508101555458	0.1082276131328485	0.01522185409694583	0.08176952437087881	0.2320657253201446	0.109546057497125	0.03607289429254085	-0.02875513293453989	-0.03342886670148746	0.008959982145483261	-0.007080705318695889	0.01294982561673692	0.006426115895793991	0.006572213377442504	-0.001143464573821385	0.004211303410294015	-0.03347120556516731	-0.02825795504220727
1.015263157894737	0.1301899428178422	0.2548876631280656	0.01318330028251147	0.01133459783914275	0.0473787066332475	0.1774119083629036	0.01663492751594029	0.07946160979664622	0.05248697160962187	0.03868289155665039	0.02604610653762826	0.02204791366270508	0.0522647661579197	0.06851711313254101	0.01247423195625623	0.01123242408501434	0.01159783596830795	0.01128388258645944	0.01407166530183942	0.05268117294406096	0.01475572264199257	0.03361231531437766	0.0769920579343189	0.1383686460351681	0.1327716708183386	0.02601728223308635	0.022959004659408	0.3159674825805091	0.2801497786185121	0.2087786605427525	0.1380354759406316	0.01311694965236635	0.02031148121731513	0.01584179840565685	0.04781231833655609	0.104093337710525	0.02026559991620901	0.01101920858301644	0.01036919037056832	0.01075442823393633	0.01210263245947978	0.01127821883350429	0.01934774620323757	0.07110857691732042	0.01366090607088857	0.01260859747630936	0.03501675247824128	0.02515262235470907	0.06022047928277572	0.04231494957784696	0.02480199469847704	0.01906835377530829	0.01200627539063118	0.01103612937180196	0.1443425926369246	0.1458766510705936	0.02050092574610016	0.6163622126313251	0.3029455237581782	0.1979567345658125	0.224326960720226	0.1753902271017971	0.129512700783228	0.01555104132108296	0.02003031143906396	0.02421010812186924	0.02001298851864242	0.05173267101442401	0.01256781316595527	0.0121203447001733	0.01764589073573899	0.162744890057618	0.05270627641821314	0.01065748996124215	0.1564872336976759	0.1181259990067392	0.01780827141313015	0.08031145791414276	0.2222478031919027	0.1067080820175106	0.0203688742782903	0.3852984717963254	0.08857278364007522	0.3793167326449369	-0.01357827324167014	0.2188144827776753	0.7325294008358251	1.23764301208823	0.9581868444975055	0.167913194376394	-0.2636199010618958	-0.199047901729553	-0.01483358169443424	3.244944062926072	-0.1858719347476877	-1.331073199528265	-0.1518724263195012	0.2121313065569349	0.3868271161609433	-1.324291025732969	0.1300344248446374	0.773172435556726	0.02122232215269105	0.07779102853322481	-0.09823623885004455	-0.4942350636475437	-0.08995838411235751	-0.3445472961321036	0.03119704788847934	-0.774728230406909	0.96746883977082	5.861362813488063	0.96746883977082	5.861362813488063	0.3962337629540367	1.007980719620229	0.3962337629540367	1.007980719620229	0.06688786341042836	-0.2708261109142038	-0.08531190055945817	0.2111308262340061	-0.3116997304963902	-0.2958163499516517	-0.1278769295283955	1.184931685113188	-0.1254672722148659	-0.06484271791460072	-0.356389274079285	0.346272009811954	-0.2648015657239845	-2.191563438442442	0.04655533751374224	2.186949018256874	0.7392769666292325	-1.066690769347173	0.6149311889009169	0.2972347387996253	0.9498638108308124	-0.02786884984659925	0.8899610575736902	-0.005984565343756744	0.3191659710642599	0.2606905818385137	-0.04154032042638171	0.003422466186252672	-0.04200393735113764	-0.006588025995551468	0.03573055783117948	-0.0001587525172974331	0.01708258283134668	-0.0327970468929228	-0.004345185616162892	0.0421086354951713	3.494496813633259e-05	-0.07898236755250158	0.03859001881948507	-0.01391995292168332	-0.02404698857747746	0.1297853706975181	-0.05762571073657214	0.1151944722092429	0.2073348637074541	0.0142415175199726	0.0118068103017095	0.04614451256712353	0.172251347726671	0.01401932091514657	0.0643602543621484	0.06660666282474209	0.04656535870778217	0.029829006196452	0.02520398016193804	0.03973485277700693	0.04094042237876201	0.01441841526684823	0.01229237543283146	0.01300094804100364	0.01155075714890761	0.01518262465797272	0.05553111072832639	0.01514045527633441	0.03242428771100959	0.08591994343500772	0.1159096353236106	0.07742470493175178	0.02967128008700127	0.02594913837750235	0.3401379691922933	0.2239083069075014	0.2133755734032749	0.1254861777679935	0.0120920562029843	0.01487670200460016	0.01221508068455706	0.04281786751572918	0.1401636151824682	0.02294950943074999	0.01198967470414948	0.0107270880043817	0.01147602765692744	0.0130321707029436	0.01186668532734421	0.02221263252773148	0.07491427916781998	0.01505500747460459	0.01365149115128424	0.03515055589350189	0.02881140740258291	0.04394454943499311	0.0382302476113749	0.0310093126838333	0.02612734123683748	0.01407865631709902	0.01213713579480913	0.1481010677599648	0.1451790093169761	0.02269527398572477	0.6908319257102664	0.3285198073608638	0.2105677467277045	0.2493325426689483	0.1921142524203777	0.1397875276578188	0.01755729833933661	0.02500603710622636	0.03059896800292293	0.02713920572409549	0.05987374119278545	0.0136102046167916	0.01286344313551566	0.020093829087784	0.1556052972122696	0.0528772513437654	0.01141353626652125	0.1781384606132876	0.06098660112987361	0.02457211425164802	0.08370080453569145	0.235787858465282	0.1114897852985973	-0.02912275854594451	0.04354049568531385	0.01250080441568804	0.01485806836229854	0.009284374933510101	-0.03406031326850023	-0.02375666970960764	0.01097653706584684	0.006610995528219939	0.005276633993992676	-0.02927214885760241	-0.02692661509151968
1.025175438596491	0.1174269146847992	0.2228286734895383	0.01433787351867651	0.01164248157751588	0.05182576742582806	0.1632406385109471	0.01894539903459876	0.06599238255646458	0.05970343166938302	0.04137277978109101	0.02479589514745423	0.02012587770267836	0.0345562112404366	0.04064507831820023	0.012755182194348	0.01141054801411867	0.01203079489228517	0.01124995948297881	0.01370107709631909	0.03981735030379584	0.01438671414559477	0.02731364535208025	0.06311971809840411	0.1215819346740501	0.1006121743663758	0.02482749911976089	0.02120668200078979	0.2862438179291138	0.2398247762216469	0.2146104868745541	0.1172899994443891	0.01343834784392921	0.0196316115686054	0.01272635712326215	0.03736832474949696	0.1280319791492843	0.01834961118109226	0.01125140516665865	0.01045632618500477	0.01092413122369464	0.01196455230201457	0.01120333284585744	0.01799601685547101	0.06232720263486791	0.01334256412041829	0.01244735283274585	0.02787312338037069	0.02488741658636096	0.04433154364487171	0.03562069217023821	0.02685152327258043	0.02307678545350663	0.01342269120156031	0.01187379040824286	0.1359477369062269	0.1292199663244744	0.01811826588197747	0.6502337765653814	0.3144077231710303	0.2008271967964916	0.2402267328070908	0.1863545508995498	0.1343022523161577	0.01512721070448248	0.02290528584433426	0.02648805068477959	0.02376445964285128	0.05026340910911069	0.01260306505651286	0.01291350549169341	0.01794984986393243	0.145627474320739	0.04548420068694512	0.01157407240722425	0.177847072173112	0.07512106787603774	0.02206008472286151	0.08415843729962305	0.2343419948609243	0.1123212564023957	0.02414688012272834	0.3726537491709175	0.09190044900828152	0.2894661852873536	-0.01154664131828475	0.1868712297860015	0.7446562015346457	1.210069785768007	0.9599099912804111	0.1794809397711987	-0.2655305588175048	-0.1859705759408175	0.01752961192527844	3.282489808037581	-0.1980157115310911	-1.113221709690534	-0.149293270847256	0.3085119435991863	0.3730501150661847	-1.454341474363851	0.1371813822654973	0.6634875197791751	0.02200995891850076	0.07684625174658107	-0.1032610049347706	-0.5123493829253977	-0.09285148938327857	-0.2367001620977546	0.02365180210566173	-0.742352212999178	1.023675974549338	5.462320906862916	1.023675974549338	5.462320906862916	0.4051477836350506	0.78111626089862	0.4051477836350506	0.78111626089862	0.06436728642826257	-0.2404663452565336	-0.08335588264947726	0.1827443088042454	-0.3144682704381677	-0.2617018859034512	-0.1156706308950864	1.274541294337921	-0.1261102109435985	-0.0634373269433023	-0.3529214793885304	0.3500689145105286	-0.2811703895863362	-1.106366728597888	0.06819129709382982	2.159062388264749	0.7286849387433841	-1.068940983787355	0.6178555347903034	0.2904319247871017	0.949574173010835	-0.0305682292372536	0.8899004836730545	-0.006192287742892442	0.3017204559472959	0.2572620461857207	-0.03474760781495469	0.009712805196681018	-0.04378274546401199	-0.006537797321129558	0.03790653240928313	-0.0001369881028946493	0.01371489837640524	-0.03007875612510727	-0.004537553189202931	0.04031403983700221	-3.323217935585653e-05	-0.06458836006772041	0.02857103511184619	-0.002104416448931374	-0.08886445213973133	0.1250759563095051	-0.07870616627222801	0.1000452389362858	0.17458870437024	0.01544132423311704	0.01185150319686768	0.0583767077702757	0.1350731700197549	0.02324995001559293	0.05125612893684867	0.06419003891170327	0.04157039129196159	0.02099995220306648	0.0156133384513386	0.01395729157398347	0.01181532396930192	0.01224889308521543	0.01121220699688632	0.01208398611641557	0.01107982492778158	0.01261903808893747	0.0183861056354292	0.01370408703067726	0.01890897247208969	0.03678956780003493	0.09991058923602031	0.07223463073950528	0.02120029215743449	0.01707897201725511	0.2022864251475032	0.1783368822419111	0.2218611505265412	0.08583986823496123	0.01432130341398523	0.02132215029309476	0.01034198717217705	0.02508379441858301	0.1527927208856388	0.0140820612529475	0.01127908222995551	0.01047431216445322	0.01094436077263976	0.01126934806079062	0.01078165342279551	0.01447086775781358	0.04605354642459261	0.01213649922850402	0.01166055126195226	0.01687078209908419	0.02263885449576979	0.02869740433155241	0.02793272551449775	0.02667985730127878	0.02541227731828455	0.01470671991127707	0.0127631884203179	0.1182716642812338	0.09843785962607249	0.01340228968754589	0.7091746522935556	0.3284208262705103	0.200502980662494	0.2623391098023879	0.2002529575907447	0.1380786306208074	0.01344694388420422	0.02491586836635432	0.02656076964701888	0.02566242827703866	0.04419603377230542	0.01211721674862396	0.01359860035126165	0.01714772121151185	0.1148090021381844	0.03389228598637738	0.01302874128705892	0.2098303804713832	0.03283421790508483	0.02496043725639951	0.08882555089621257	0.2527917787111849	0.1197703870067171	0.03023151868153354	-0.02616514109971645	-0.03196362678612871	0.004008626197990075	-0.006031337329874905	0.01212621012208626	0.00522714412473972	0.009690006552576503	-0.002634531076140261	0.00335863929898969	-0.02472489111084717	-0.02589614549969618
1.035087719298246	0.1006015745677006	0.1853889773801058	0.01520381672248964	0.01192400260282105	0.05163461266110864	0.1412595883770715	0.01939702517289952	0.05381776217378958	0.06624374908965074	0.04378794925199846	0.02349170812173875	0.01795969232422316	0.02034415742733639	0.0209980449989608	0.01325344534250195	0.01187781389257773	0.01295235505799354	0.01126938809502604	0.01340976511018507	0.02773438381521478	0.01423949761928037	0.02347079078189366	0.05292242966770819	0.1000106227877244	0.07839324675415769	0.02363579099770276	0.01943298812666186	0.2487554942029053	0.2010532958622469	0.2124345358535865	0.09873700452848792	0.013338132242045	0.01893758951768396	0.01125285876150563	0.03310099783242192	0.1484445059756617	0.01614013790524767	0.01219099142357159	0.01082833112984177	0.01163700113784115	0.01171296916021546	0.01105595597587933	0.01631462931542817	0.05397548376041088	0.01285955771105785	0.01216998246614963	0.02067630969666671	0.02455356133849855	0.0351033907110716	0.03171195240216118	0.0282162741284664	0.02649161026819232	0.01579983003368798	0.01357334388111352	0.1279201659071934	0.1131173246400905	0.01545175493770323	0.6816825329681533	0.3251286599050999	0.2037366404765652	0.2560760058473353	0.1972065221166563	0.1387933323394194	0.01449722560458719	0.02650183580416162	0.02805097687505849	0.02681371970547378	0.05013020048963893	0.01257142297005309	0.01325969681424057	0.01813363011282793	0.1246052141274741	0.0382601838587536	0.0144880763266235	0.1993231221195404	0.04823801812298732	0.02598165112607342	0.08708892585495588	0.243594832551502	0.1167948330331489	0.02767238618037452	0.3346110004400996	0.09426603722413347	0.1859504401428755	-0.009949281324589746	0.1320994153143761	0.7565365517657471	1.187927887365993	0.9617391718950811	0.189302496627525	-0.2672986699504425	-0.1704714088611834	0.05019636996761496	3.306657817792349	-0.2078384418522347	-0.8643662548635183	-0.1457595054821222	0.4039277920999271	0.3580285837815826	-1.574392477364263	0.1430928221746872	0.5251431810420445	0.02266444133401774	0.05141662964111892	-0.10825086344063	-0.4875898924910297	-0.09460904214640252	-0.1161880541502372	0.01657665112457721	-0.6808670703589769	1.075435660586569	4.966171550575119	1.075435660586569	4.966171550575119	0.4115491794391528	0.5030647443493543	0.4115491794391528	0.5030647443493543	0.06206553269589652	-0.2267804401610424	-0.08170154266568022	0.1506035350800838	-0.3168726513984009	-0.2230512489822014	-0.1026792014400801	1.343156662647346	-0.1266992216311434	-0.05430532109986281	-0.3495076347173968	0.3363208363859732	-0.2867574562760764	-0.02802367969551992	0.08900485693258134	2.024554168828867	0.7181156391158856	-1.062138707519167	0.6206489379386015	0.2716150367212808	0.9492582840672011	-0.03312034068869092	0.8898390812435154	-0.006166275486682939	0.2839027422679705	0.2455916563736482	-0.03050666485060655	0.01438530333377778	-0.04322855069694573	-0.006187085728688046	0.03947049984011895	-0.0001123110502753345	0.01165772288730032	-0.03014366844121294	-0.005026946917135853	0.03917558504795905	-0.000100477740101102	-0.04970862684143111	0.03174118249402522	-0.008587730850299182	-0.1691815781045517	0.1187161750859025	-0.1039932119811716	0.07669399375143707	0.1270911987328721	0.01569767848733376	0.01234523790248786	0.04040226359813451	0.1164207766395709	0.01305174089852683	0.04230487921673892	0.07927609385235461	0.05118458133044821	0.02714306848776095	0.02059858718509083	0.01570863057818922	0.01274181278724186	0.01562801162575481	0.01350536170658057	0.01531917149317937	0.01164051254131699	0.01467458459664723	0.03201183512500297	0.01506013613739422	0.02725683790053351	0.06932015944542448	0.06761223737258074	0.05107154239706506	0.0272653997479931	0.02235477668436612	0.2483266758542333	0.1542688135156939	0.1943748198589103	0.09222198650843796	0.01148419411130088	0.01349354784618567	0.01087917725186531	0.04100295020626341	0.1783010054140414	0.01821549541093567	0.01454969705923342	0.01174285810783688	0.01342265210574719	0.0124196296703173	0.01150251616690874	0.01850594341960614	0.05857612986490525	0.0139280394745874	0.01298439675966266	0.02069896550769403	0.02806829469712116	0.03354266358528899	0.03345416059714498	0.03307999045928999	0.03247557903820267	0.01979006528711217	0.01637556133725028	0.1324928637627664	0.1138040029875488	0.01705859286258036	0.7482794528566294	0.3488835013158735	0.2165557165420174	0.281902786232046	0.2141454305924261	0.1484723558620723	0.01609246761228093	0.03301925735936567	0.03304342842642251	0.03263358158753263	0.06110164226929507	0.01348268101689006	0.01312695485313324	0.02034551168412641	0.1081930301413813	0.03842219400015336	0.01918709394680165	0.2226904367643131	0.03312437865835945	0.03221281708509597	0.08840300205278227	0.2491475039467223	0.118878111559153	-0.03582964340795707	0.04633174516260716	0.03175522516426588	0.01183988034656465	0.01073666443216382	-0.0319659400273118	-0.02520550222522869	0.008965191786910869	0.00644184488071628	0.001498564085977364	-0.02017003656259685	-0.02544689997505659
1.045	0.08046795968754512	0.1469464964874253	0.01559555448015713	0.01229133058615349	0.04122403703329591	0.1111235628320647	0.01568351336609703	0.04193719389060929	0.08336195539829805	0.05041731142767689	0.02172782281937414	0.0164808465769973	0.01538324571508054	0.014727005470584	0.01378268831346565	0.01220571304241961	0.0132485603585656	0.01147797149395068	0.01405670117030431	0.02414593150344071	0.01528441521888883	0.02356596860401678	0.04598805529467713	0.07383376491877158	0.06858972449559105	0.02189618547335553	0.01779596084860446	0.1883941933166807	0.163385853650425	0.2160347626740299	0.07830369497708241	0.01306454322545389	0.01659144189742019	0.01071601773138782	0.03503196691715347	0.1826839045727235	0.01493833984765394	0.01473674769617359	0.01184713897763956	0.0135979588874488	0.01161533472401434	0.0110014176979603	0.015614062877468	0.04645596610351883	0.01264299750120511	0.01205093272607305	0.01804970511206	0.02432103452440962	0.03131740056469876	0.03009851166099719	0.02879203033602802	0.0280649711450067	0.01691786550415277	0.01444981124578984	0.1190814291258759	0.09686920373349066	0.01461240915022264	0.7071150404215973	0.3327899032740375	0.2048675767951751	0.2693794843926492	0.2056751762182767	0.1410341736469007	0.01419148456737356	0.03261465609936588	0.02872397927814471	0.02820410571933394	0.04851847893200255	0.01261453937789928	0.01666118176627308	0.01847054493300493	0.1061254710310713	0.03273531968542891	0.02081063244788306	0.2181289520821846	0.03610764639263785	0.02783661590753737	0.08889145879112453	0.2489234775513494	0.1195278424027307	0.03070580127617113	0.2740953579943431	0.09555790035600302	0.07368717702057011	-0.0089818076370453	0.06105834885325348	0.768223929982998	1.171110981264757	0.9636564298731918	0.1971867599521308	-0.2689052899756216	-0.153466082914821	0.08304427760918316	3.319123945483601	-0.2150842214595896	-0.5953032122295483	-0.1413055530017278	0.4932252625386322	0.3418898872615877	-1.678933031997627	0.1475264267953529	0.3670190402416114	0.02296397450165221	0.00633801653896798	-0.1128005007185619	-0.4244838268074194	-0.09513126717056436	0.01127399743381094	0.01022543711108147	-0.5979448644196893	1.121855766310328	4.3876573393385	1.121855766310328	4.3876573393385	0.4150017441946057	0.1891161881271461	0.4150017441946057	0.1891161881271461	0.05981582883198888	-0.2299152608727309	-0.08037569589233945	0.1167772033946203	-0.3188919139421383	-0.1849811438879602	-0.08911293841196499	1.390785126204837	-0.1271690522729644	-0.03979148529452189	-0.3462888385272886	0.3121452933824037	-0.2819759162526881	0.975034694305446	0.1080544472924187	1.807703077274255	0.7076578991438914	-1.04641652553596	0.623218337788728	0.246215244109102	0.9489190344213203	-0.0352350004174569	0.8897786509996232	-0.006013539234859621	0.2827351794996198	0.224557981891138	-0.03363065238767553	0.01564497872076757	-0.04488964433581663	-0.00671744774369437	0.03998799956002157	-0.0001439680610684853	0.0124200617112116	-0.02754737810382196	-0.004552498928271292	0.03876849563082485	-8.970954998298308e-05	-0.03862606035236973	0.01353075776723335	0.007755399402740523	-0.1915690295434824	0.06770187282507811	-0.1106566965593454	0.05931551831451489	0.1030652352660501	0.01639518342766328	0.01302736306961071	0.03165127429651982	0.06632241419916682	0.01386617113392188	0.02984544293254293	0.1069467959307047	0.05783762831750056	0.01704180660813126	0.01272584917663698	0.01077484151160663	0.01036237720195884	0.01319635546938518	0.01177193443895372	0.01231751966780718	0.01229228663895449	0.01445497194394292	0.01568358264599199	0.01780995083460924	0.02209834693257919	0.02444229254001345	0.04566389181064082	0.07060624953036049	0.01726722059786601	0.01365969976553939	0.05199286528819627	0.1112915418383818	0.22052312807599	0.04648652264008758	0.01366394806297724	0.01628277338349428	0.01015641935434568	0.03494388329975857	0.2394908472881711	0.01192181526232704	0.01823399344045869	0.01383420448296971	0.0166167790158017	0.01109744904560524	0.01068521878627994	0.01340339729104332	0.03203473143183967	0.0117581348184182	0.01144890170906425	0.01416649012409689	0.02221127948029041	0.02682370689503377	0.02698375482242844	0.02715975150933796	0.02728115882902914	0.01653887103726558	0.01437610601075725	0.1006482628460828	0.06795012044177842	0.01251093607152791	0.7467046221222315	0.3389671386264488	0.200782392815948	0.2861477853226373	0.2146931222596994	0.1402724892549874	0.01290382667383946	0.03900360230073803	0.02716435945261814	0.02724333429748763	0.04069849103842568	0.0122182228776586	0.02134564829725036	0.01788945576619097	0.07978083538919453	0.02413777093534985	0.02823000687146213	0.2460177404945982	0.02642725355173622	0.02733171709770493	0.09103564253990455	0.2564779430167569	0.1230240789062747	0.02600878284142546	-0.02583718408036416	-0.03176953330317513	-0.001586430853591734	0.005292107975741494	0.01096460593715087	0.00339076314597523	0.01394734642022497	-0.00399065116300189	0.004661678986555789	-0.01633269074478265	-0.02533008146892683
1.054912280701755	0.06702454578034563	0.1180618810102436	0.01787427337308373	0.01432013585919344	0.03600689702289478	0.07542007876220508	0.01418349807380347	0.03416130828910451	0.1035480886080104	0.05895548490357234	0.01911420477219448	0.01401620766567575	0.01225679616433136	0.01190882027659266	0.01358795916700864	0.01212083507996938	0.01279976746614703	0.01452626295260754	0.01501713860052218	0.0169798268457367	0.02197090214515213	0.02478694541520286	0.03012381187159244	0.05053795965568994	0.07695484712981208	0.0193508176043723	0.01518491625263164	0.09516848070028108	0.1276015508081562	0.1851659249184005	0.05790682411567565	0.01310115761879672	0.01615154095364053	0.01034293576347172	0.04037163165337464	0.2258688170549334	0.01290967409754685	0.02101379649437701	0.01674588675286227	0.01972662541012441	0.01143035811814935	0.01089351398987195	0.01459512410941981	0.03839241194629985	0.01229459082562065	0.01184995239168362	0.0156044689717046	0.02408662362074324	0.02971240517385201	0.0293809582572576	0.02906889526672169	0.02892837915726266	0.01787885478102827	0.01547212513073921	0.1106525697905804	0.08137971863548354	0.01353438757915323	0.7295464917741579	0.3395010386051514	0.2058985707502486	0.2818679222788073	0.2135425050872624	0.1426961219532777	0.01372663315946082	0.03973013481726888	0.02905566070248692	0.02895538953612178	0.04779704354992626	0.01264127447675841	0.01831274728424768	0.01890094565402688	0.08443228332979366	0.02732021177446825	0.02840018827678301	0.2361976519277838	0.03116305383075518	0.02888978631232266	0.08953519975264883	0.2502616779428007	0.1206538934150322	0.03305011242525569	0.1966372164977467	0.09571584370906726	-0.04188919528130997	-0.008765634574033308	-0.01807218511917355	0.7797698997278296	1.159199457725659	0.9656403916431154	0.2027674471676444	-0.2703374949180455	-0.1354557172984359	0.1159556350719174	3.319128102339	-0.2196163829140037	-0.3189653535027673	-0.1360220067560713	0.5703897741115399	0.3248087040903729	-1.764128547993715	0.1503395014042639	0.1999438850441634	0.02275159443429325	-0.05033306070620166	-0.1165667254344884	-0.3316781187265184	-0.09438864624852049	0.1381046390441834	0.00475548312767873	-0.5048580545754123	1.162204065561538	3.744164471188945	1.162204065561538	3.744164471188945	0.4152445194396607	-0.1410434966931123	0.4152445194396607	-0.1410434966931123	0.05745381519954337	-0.2492157182339208	-0.07938617832015836	0.08311581061348847	-0.3205621002662549	-0.1535901817345123	-0.07516876419267948	1.419713185088337	-0.1274790527581016	-0.022630971861505	-0.3433228195635701	0.2869432223105085	-0.2678803954170301	1.841695247690409	0.124667536058152	1.538162247837533	0.6974005883742549	-1.021734838052994	0.6255304952274282	0.2210348551397217	0.9485620663671915	-0.03664561537420816	0.889719989054398	-0.005828862513189436	0.2649004955822128	0.1934956792673386	-0.03917750448623671	0.01347288757084524	-0.04502860486178618	-0.007235058231518865	0.03907140690361186	-0.0001895535989272264	0.01402101947576566	-0.02628967767154613	-0.003999394672325711	0.03871455479069501	-4.842697136132613e-05	-0.03359524430659656	0.0217710820534362	-0.009059728735643148	-0.2486150650880988	0.09083544937024181	-0.09609173982288116	0.05955487378725597	0.08923974034516247	0.0221171761944145	0.01801401235101664	0.03595380914739276	0.04072915773414382	0.01228282174302437	0.03164702583367836	0.1248847398246076	0.07076926260616426	0.0210317175388923	0.01468814488623008	0.01131001487643193	0.01060470987237469	0.01454144083609942	0.01294079583936205	0.01370371302700337	0.02048954124563528	0.01690440110650508	0.01405631193256051	0.03411602489160513	0.03086052154908877	0.02742184600634992	0.02744596373674611	0.09100064105337388	0.02133450627252451	0.01615250809591532	0.01706957316482838	0.0904901393875384	0.07288034532483063	0.05198692221418996	0.01185745585198985	0.01451841350109706	0.01028956030442704	0.05554801593489628	0.284791892251852	0.01334469381800565	0.03089173056576766	0.02535956282669866	0.02986328992863263	0.01196579732616383	0.01123569722682228	0.01615013095348968	0.04170035829963412	0.01310337819057951	0.01250342769565672	0.01598623958562947	0.02759348174212375	0.03262901125946418	0.0329426467472197	0.03333298450967939	0.03349999051094966	0.02157683487002058	0.01857489871760197	0.1160797612132803	0.08376311100336235	0.01466483407306646	0.7851431420655305	0.360490661134499	0.2184750049894728	0.3059427298632907	0.2291553403043604	0.1509599968003894	0.01500622799714037	0.04855053603800232	0.03336406380207282	0.03350218322763028	0.06060678842117195	0.01352054060293158	0.01469553039758634	0.02130287929836864	0.06176462972254091	0.02770191477107498	0.03584326835192631	0.2585584239659584	0.03139597897978833	0.0335299644043283	0.08816040514513225	0.2440272556296222	0.1187941816643728	-0.04278803650795884	0.04678844203204564	0.05776204263798364	0.007063415349347667	0.01782493237774931	-0.02947126373437942	-0.02547367300834383	0.004820515504492779	0.00641633641369351	0.001054876402367982	-0.01346915504123516	-0.0257750354820415
1.064824561403509	0.0522951980037999	0.09269722376164138	0.01642073619080694	0.01392522324903625	0.02697604626777973	0.04995765916932592	0.01254106787361481	0.03103067815947384	0.1206518769518287	0.06706813389681771	0.01788289273037498	0.01325509969428529	0.01128979995343966	0.01089884942035496	0.01336206767532323	0.01193355416774269	0.01222002400766902	0.01850120144667276	0.01772503988950532	0.01655632064349286	0.03019597919164103	0.03214116839074758	0.03163127531409677	0.03513014217225306	0.09192992556394068	0.01808143629306665	0.01426046605224622	0.05270768515689241	0.1157990046184468	0.1920611549933293	0.05534653930485926	0.01217718608457924	0.01429344251245778	0.01022997896399705	0.05804870269246534	0.2596301144103682	0.01233665884639945	0.02547641227265742	0.02211663508862768	0.02461142497481889	0.01134653093514734	0.01084256424166422	0.01418505641100623	0.03377570962600025	0.01212567082696131	0.01174078104219728	0.01467160841916546	0.02400622884097639	0.02890689530232861	0.02900371497785242	0.02920671026047278	0.02938518116809978	0.01845963202503547	0.01600370163169357	0.1033001299911504	0.0687630916641158	0.01316914377936137	0.7494644945242742	0.3458354525662063	0.207275845958399	0.2938392163506358	0.2207197237523582	0.1437145250336098	0.01348046201483855	0.04908877998770335	0.02922761418663979	0.02935966464274556	0.04658257108353615	0.01262190302350961	0.02751484464794923	0.01911482375372237	0.07027079217125159	0.0245245893272177	0.03698445330307731	0.2521350227492052	0.02881186018420053	0.02944375256352564	0.0878601594995832	0.2454137464598771	0.1185556276773377	0.03457118660436571	0.1092809355917991	0.09473563715344926	-0.1550107522718115	-0.009336792707790562	-0.09620435309223871	0.7912150672096349	1.150514296869166	0.9676700392368507	0.2064396042441722	-0.2715928580948608	-0.1180362904996525	0.1487935451884245	3.303670754755399	-0.2214233444687062	-0.0474970270652604	-0.1300537298881046	0.6305315168200889	0.3069855270599773	-1.828580611958791	0.1514938907522024	0.03402469727126037	0.02196067793914255	-0.1086285391279209	-0.1193276585373054	-0.2241343077321158	-0.092407071261082	0.2606064409759475	0.000222237855750573	-0.4102988237700554	1.19593144795594	3.055045772389638	1.19593144795594	3.055045772389638	0.4122234492100938	-0.465858753315255	0.4122234492100938	-0.465858753315255	0.05483079360826533	-0.2819907459922089	-0.07871789053555074	0.05245244466839563	-0.321977223161011	-0.1345240298864518	-0.0610276165651553	1.430686149121118	-0.1276224727082641	-0.006867297311293633	-0.3405705021516718	0.2708542867805002	-0.2460677747221877	2.526244712529896	0.1384763293961647	1.246848655131557	0.687430908818462	-0.9884336360142019	0.6276292555801207	0.2045937585572059	0.9481961234594586	-0.03697923187355993	0.889662631084339	-0.005782359367443744	0.2345601262898394	0.1825386524967739	-0.03247855337114029	0.01026131078035372	-0.04380305037098995	-0.007447525826823883	0.03716370559240798	-0.0002285205700028137	0.01152128953678957	-0.0250434399292737	-0.003474813342957053	0.03760296566410753	1.231190652923499e-05	-0.0249455515105443	0.01963059924547224	0.002646537064340123	-0.234780591545956	0.07431266684027905	-0.0718466444445731	0.0340739431524329	0.06552463897646627	0.01225427415153119	0.01159010960844984	0.0142500317273116	0.0289434569848829	0.0113335797627352	0.02794630311956821	0.1393941739652045	0.07378418750900248	0.01516065110640202	0.01184051015815167	0.01047573727423246	0.01022521410291118	0.01258999884071452	0.01126437668079763	0.01096817790831378	0.02405070092779386	0.02059769972314617	0.01748359067039557	0.03685157619889005	0.03973191169419121	0.0349499691552869	0.02457576961669256	0.1102200196155196	0.01526428052364668	0.01245747253528046	0.02590260872256915	0.1147488811249856	0.2640241788736779	0.0546864862285134	0.01158395430231313	0.01268029995074446	0.01010414394234001	0.07755578469346296	0.3000973290324807	0.01131356923564168	0.02672279816520139	0.02558280198196868	0.02637939797233634	0.01094541749813606	0.01059102077664794	0.01274372961002272	0.02459129815300214	0.01145345808715531	0.0112455892730343	0.01309101685314303	0.02215311173291001	0.02629513222918769	0.02667754047020486	0.02727215568426451	0.02776310722114121	0.01751623936617079	0.0153567594416169	0.08719981881254574	0.04618832454243498	0.01201886952214382	0.7780548357910486	0.3500054317134523	0.2035767833903274	0.3086792489452794	0.2277415630711649	0.1412685921506758	0.01245850925066459	0.0600140030500548	0.02732067980198242	0.02767325811338909	0.0382140743349159	0.0121773451328758	0.04287248963281196	0.01836518698943963	0.05674142405493204	0.02002611024432309	0.04651950502042974	0.2757404714658278	0.02537825531999773	0.02793108601911151	0.08532302169124888	0.2361599337043074	0.1150813706625818	0.0248904872399661	-0.02594315691609861	-0.01837861156091984	0.00210965241886063	0.004344497261712921	0.01016730192873086	0.0009439991943612678	0.0180582873378983	-0.004974787261107241	0.006014984324386863	-0.01139492495936049	-0.02655702866238126
1.074736842105263	0.04496640577077821	0.07992455675817856	0.01540389131553338	0.01391189348069612	0.02199225416920002	0.03781226797881034	0.01196676266101259	0.02979386660430164	0.131902308766142	0.07231954164915549	0.01692685274684947	0.01266470408416851	0.01086158455627688	0.01052658672272714	0.01328840862291158	0.01181051022721722	0.01185130976172053	0.03304469117673447	0.01958213400550625	0.01652129956654842	0.03930167498476934	0.03691069131150008	0.03172851045077941	0.02849683326148978	0.1045203002749799	0.01706983492592935	0.01351809253890291	0.03374804230889342	0.1119602569826922	0.2044340867563506	0.05483915883909159	0.01184080008447714	0.01372793104805761	0.01016908973671903	0.07027469186137475	0.2813580148037162	0.01191201611498568	0.02783065121896272	0.02646415756213574	0.0275094348370928	0.01121967306152543	0.01076766687188369	0.01353467782391733	0.0276555224559768	0.01187583491588264	0.01159771019987494	0.01369289740526478	0.02401465017743709	0.0284013719076211	0.02874857263713218	0.02929915996925892	0.0297166724045481	0.01921347622937672	0.01701637004836715	0.09514935069096546	0.05521942212167855	0.01261001100385454	0.7644206005735361	0.3502822035844187	0.2078116931896841	0.3036241925281565	0.2265490660191551	0.1439215644009068	0.01315418854829294	0.06004493187703516	0.02934520517969565	0.02965198417389805	0.04525172282957761	0.01269880093872871	0.03470126976070385	0.01986203311878798	0.05347717126450501	0.0214426327823374	0.04535841991305736	0.2668358732616168	0.02755235776952992	0.02985428860206876	0.08511805053049505	0.2361473460787211	0.1147016323885187	0.03521096398465021	0.02024011032350686	0.09266862174117817	-0.2603554324756707	-0.01063877075092414	-0.1640469459192249	0.8025848503444959	1.143802899880592	0.9697258184189488	0.2079765777014198	-0.2726822087196702	-0.1020455189647354	0.1813846026587234	3.268545381410153	-0.2206163760884112	0.2063933055127547	-0.1235967022827861	0.6681503457255721	0.2886248336498989	-1.872852878165219	0.1510515019211323	-0.120628878943861	0.02062818285749041	-0.1578403906160419	-0.1210073678407353	-0.1157863209539316	-0.08925465676342408	0.373362487154376	-0.003405956678810573	-0.3239660540998471	1.222683448412074	2.340016243890664	1.222683448412074	2.340016243890664	0.4060943245855122	-0.7649843592131904	0.4060943245855122	-0.7649843592131904	0.0518293951007265	-0.3250416951565699	-0.07832874770534885	0.02710434241651432	-0.3232903048257811	-0.1338814892273528	-0.04685616201334009	1.426463091633462	-0.1276314842358047	0.003975231226277997	-0.3378865045050446	0.274815365052915	-0.2184996168283055	2.999571206614415	0.1494066771657072	0.9617583963912292	0.6778334762246019	-0.9465755006762803	0.6296416766120233	0.2048263931037924	0.9478336284532358	-0.03590597254181891	0.8896044322976822	-0.006012581603833946	0.2069393170846152	0.1547038123538738	-0.02559616818002939	0.005416996973106237	-0.04261966887994165	-0.007902315564889293	0.03452765226545452	-0.0002869135264374043	0.009316253519990794	-0.02270779296656161	-0.002392552197976599	0.03650007146125332	0.0001264466179425727	-0.02169343772528527	0.01542266380628166	0.006397008527249852	-0.1894620238649928	0.05659582489400049	-0.04473246047632772	0.05353445600319792	0.08189647905306226	0.02048376877730182	0.0183528111875497	0.03006271380433209	0.03368937163502218	0.01216850179820445	0.03117978510292885	0.1396702964202792	0.07804537768188163	0.01937844759158709	0.0136689771336872	0.01097041589977739	0.01047168408907027	0.01454024119101426	0.01275562061333797	0.01316642483977115	0.06101640987239887	0.01979115369793439	0.01437008704371916	0.05380119012703062	0.03778406379696519	0.02611211553330121	0.02448716429645005	0.1136299021615801	0.01955236094702662	0.01483918605367004	0.0140784344300754	0.09523518139161147	0.104695757760043	0.0533987797954385	0.01175119922431645	0.01464662457621318	0.01021725920550716	0.07428467538730217	0.3074612703207784	0.01263631291078883	0.03358415086379413	0.0332104227932336	0.03380125538187579	0.01167076224357606	0.01106300072308954	0.01461345579887009	0.02781812553797423	0.01252546225365245	0.01218450610873454	0.01398269181464828	0.02769986036413216	0.03191895104901905	0.03255335491205007	0.03347317397249613	0.03404137630160284	0.02326837522394171	0.0210842855355616	0.09854755343451585	0.0554678412784356	0.0133577543457324	0.800784128337469	0.3652974821869573	0.2180582343360979	0.3213945056954314	0.2385477492528243	0.1501269033343703	0.01427482273976849	0.0727600513692172	0.03354582393429526	0.0339780918281234	0.05774403023281573	0.0137669880801339	0.02675814127508947	0.02333449107802031	0.02650595533248189	0.02124414603432275	0.05265447116970882	0.2862808722702608	0.0300019070441973	0.03421261856610148	0.08129360169026853	0.2171129790286357	0.10858016198204	-0.03841206215197022	0.04065107661226081	0.04750308537027269	0.007358890492466879	0.02455330574444571	-0.02793629179342259	-0.02527124928439229	0.002525330568131208	0.006680348817093427	0.0009730071035352994	-0.009986037642073987	-0.02744391714211514
1.084649122807018	0.0416789779151294	0.07437301584391968	0.01497634561783472	0.01376777340714917	0.02014550655685704	0.03127698563221207	0.01154509862048001	0.0292354897222997	0.1367736036108908	0.07484602719113445	0.01672651531047489	0.01251980341041445	0.01070534142622964	0.01038182545659731	0.0129760343794844	0.01164113998514301	0.01165026914603572	0.04741427455269923	0.02088643652549379	0.01574974053197522	0.04722295861914543	0.04255936946729803	0.03393615746893078	0.02429414922078316	0.1163137026833485	0.01679846228790467	0.01331414804829231	0.02497387399091603	0.1149779428334845	0.2072731563427147	0.05908375706085185	0.01145377906834445	0.0130847652241961	0.01014913437698275	0.08290548939437761	0.291043001522436	0.01181629767757697	0.0294167761127685	0.02978297117796834	0.02951881430929031	0.01116500192829925	0.01073368110491282	0.01324973064648254	0.02450639620523168	0.01175725865428561	0.0115222289869777	0.01317873473553182	0.02415347638697035	0.02797410931823321	0.02852382215542139	0.02936730876408208	0.02997479442963076	0.02014016720963135	0.01805581815013961	0.08668953376162132	0.04425800978704724	0.01237110321724341	0.7756585458711241	0.3534433859943982	0.2074434054605709	0.3123025466118696	0.2310126960653119	0.1435157818000783	0.01298399360299036	0.07315521136199857	0.02943675779723521	0.02988676069527792	0.0440440851128921	0.01271956710991387	0.04762413172156988	0.02031741163645328	0.04046047607389568	0.01973304024155962	0.05349373798980559	0.2784939155774686	0.02653760828885612	0.03017033763256665	0.08008073715390029	0.220807482540257	0.1077170706695534	0.03499492372968222	-0.06202940467010546	0.0896145711443905	-0.3535230604603184	-0.01252688046664163	-0.2131594507103441	0.8138933876668997	1.137973134551078	0.971785310418014	0.2071735902435467	-0.2736222819285171	-0.08800130219677724	0.2135094875509724	3.208762328374161	-0.2174268191961923	0.431553119236302	-0.1168967406728145	0.6789045466691225	0.2699150604140034	-1.899609914887073	0.1491679805698476	-0.2555364243001869	0.01889481977602748	-0.1879720381995211	-0.1216644583333776	-0.0198758442779065	-0.08505436812540905	0.4713017283524317	-0.006257714539936863	-0.254979912965653	1.2422990240932	1.618197822515273	1.2422990240932	1.618197822515273	0.3971995081230345	-1.02145110118184	0.3971995081230345	-1.02145110118184	0.04836505811483138	-0.3747177194845487	-0.07815717864743148	0.008815687059789653	-0.3247049074299962	-0.1554891345046212	-0.03278781446525578	1.410367182259881	-0.1275698218113968	0.006908561153244951	-0.3350286244670764	0.3071445880382426	-0.1873313353758208	3.252889854411441	0.1576431023493905	0.7067809512636858	0.6686953910967369	-0.8956986099121883	0.6317684568142654	0.22886224466871	0.9474896688780592	-0.03321157467780783	0.8895423873499065	-0.006557098483183947	0.1794928443003906	0.1202670516130474	-0.01463337129509044	0.001399752709179801	-0.04171110653499211	-0.008422346749863698	0.03210282320695472	-0.0003503479056727189	0.00658931857952151	-0.0199611661597669	-0.001045963611784984	0.03545516110823437	0.0002727425207322952	-0.02032138917673041	0.03062326265965476	0.006967643967600111	-0.1310102056594492	0.05218249981717024	-0.01405438833080063	0.03221047184689475	0.06406049332524737	0.01177981209127738	0.0112870160900857	0.01338380932227783	0.02431035582569496	0.01090989870613208	0.02784360462306908	0.1399194285511941	0.07531312489577945	0.01532694706081002	0.0118701072133202	0.01045508874278721	0.01022655339530487	0.01199621144831241	0.01097629870617686	0.01074540896127278	0.05367143988281586	0.02274448169255511	0.01592564292565724	0.05111357080437842	0.05032387817146163	0.04001712759902271	0.02063844719179653	0.131253096029605	0.01527268727445017	0.01243069063020741	0.02279219240607566	0.1288646983655364	0.2650675058144859	0.06647251589593302	0.01099508568630723	0.01180909974914082	0.01010072887042919	0.1008561675782581	0.2948193327123685	0.01136476759893904	0.02848874335250306	0.03049150150609903	0.02883504140204174	0.01085500138798059	0.01053344849619425	0.01227193237272554	0.01968920981327704	0.0112503189037182	0.01111462012730022	0.01230139924691076	0.02257488651543882	0.02559311335109421	0.02629211239720918	0.02737975928909153	0.02819360513787196	0.01959345198507289	0.01780370910821014	0.0699810146629893	0.02672082358685566	0.0116311345830455	0.7880513826940273	0.3527667302907182	0.2009775590006029	0.3228953904866895	0.2341050969207764	0.1393968391742258	0.01216742029644477	0.08880146920853885	0.0274702665507217	0.02806964099042505	0.03539042939117979	0.01223668793848776	0.07327342272196455	0.01937921997256341	0.03457983803065384	0.01737982816267578	0.06267027879085149	0.2945742238601257	0.02385766824278941	0.02845925560465303	0.07310187704501134	0.1957649480329824	0.09761560927724874	0.02328084684175283	-0.02518994630901619	-0.008296520199026288	-0.0002804239684169015	0.006980778108210665	0.01044397029849395	-0.001805348420889802	0.02050801027505859	-0.005377466111847832	0.005091999152956363	-0.009142727213020245	-0.02849652949302042
1.094561403508772	0.03832518710004781	0.06906781560424856	0.01444784091444682	0.01343164819549072	0.01841764350087395	0.02892688399172515	0.01146777569614055	0.02928697121115555	0.1347414608451948	0.07405959970198767	0.01702516767364982	0.01264168255496322	0.01068398338398159	0.01035636285537268	0.0130941559415015	0.01170128034945605	0.0116435704463725	0.05345462924338151	0.02220967214145591	0.0159760966572326	0.04998671786606679	0.04547711288714231	0.03552530945153477	0.02296250005829886	0.1215544878770563	0.01700437138037298	0.01342504357529282	0.02219380194436028	0.1179400570491219	0.2168034994063196	0.06224431133786172	0.01132933974018533	0.01297148986798688	0.01014911371702447	0.08956232877837303	0.2864522135040884	0.01192932958781719	0.02916260509272268	0.02926002117266206	0.02917157981255925	0.01109255094257442	0.01068818167345187	0.01288720648882848	0.02149785056017602	0.01160531564283281	0.01143234557505027	0.01276448017893359	0.02451187552044687	0.02766242113691936	0.0283554510000366	0.0294217283121404	0.0301842995287453	0.02145877218419693	0.02005498105978098	0.07705889089339717	0.03332131570858839	0.01207041297619789	0.7812142043814689	0.3543357817246018	0.2054771696166341	0.3183642382062691	0.2339084959415788	0.1423697128056096	0.01278974136833369	0.0865094392709251	0.02950909819095414	0.03007502287931957	0.04095896500816204	0.01282512553385891	0.06413170369610055	0.02124672169480906	0.03328947364776043	0.01845158001076472	0.06060561657049693	0.2880788325031149	0.0258648967061106	0.03043046659414456	0.07419573886657588	0.2015048494154543	0.09904266501502114	0.03402876291175902	-0.1299763858737734	0.08571122607092571	-0.4312824434201732	-0.01477975905034271	-0.2366856812125726	0.8251447604449229	1.132148630683564	0.9738251050926628	0.204003759934289	-0.2744342921917644	-0.0762422993479598	0.2448999651068442	3.119678199965851	-0.2121859772617543	0.6189908811645719	-0.1102383652956551	0.6592431144204006	0.2510103096328014	-1.912953580729098	0.1460711489350491	-0.3646506945863578	0.01699167240564555	-0.190983924171986	-0.1214791114088339	0.05262831695251946	-0.07997330975293652	0.5505217346848591	-0.008542069644527016	-0.2104934686720571	1.254798843078371	0.9069862946358803	1.254798843078371	0.9069862946358803	0.3860252668277332	-1.223408131130266	0.3860252668277332	-1.223408131130266	0.0443927742018231	-0.4268104569782211	-0.07812612917085075	-0.001056534601868442	-0.3264549576395486	-0.2018812078069704	-0.01892621490569192	1.385192426249827	-0.1275296940561373	-0.0007773330195553117	-0.3316816480469917	0.3744131037258032	-0.1547076726903183	3.296428056039231	0.1635749856711412	0.4989801462697938	0.6601060902457777	-0.8359098703019102	0.6342799935662529	0.2834297486503759	0.9471810123053955	-0.02876856187387783	0.8894735198792737	-0.007379158664962268	0.1513677991785389	0.08343133270514645	-0.001259532663913593	-0.001068925447423888	-0.04146974048732641	-0.009049799392065187	0.03002559296987754	-0.0004216490789125875	0.004167064996336618	-0.01658546739341268	0.0005884433606720996	0.03458880342370271	0.0004492189896540388	-0.01755413736557517	0.03871097446758313	0.007419006309643862	-0.06146250304463976	0.06235791912309535	0.01606480713770786	0.04662756926915418	0.07154830471816598	0.01931747169262132	0.01749052773386467	0.02665455836065581	0.03343766744456908	0.01234269512936386	0.03191573731835698	0.125128167333658	0.07233494222062729	0.02046542184016734	0.01416879003808808	0.01105606406356864	0.0105341952991554	0.01519058579129733	0.0130952347468629	0.0133382590069632	0.06482228797334241	0.02245867983783612	0.0158017683112041	0.05380364365087531	0.04057182700896057	0.02857441432387813	0.02478521234567498	0.114788074208391	0.02043154313997935	0.01536401545146888	0.01513072232133729	0.100893945378655	0.134722521120027	0.05838843182496081	0.01175321427696075	0.01492838763965923	0.01023614627576967	0.07982986079340458	0.2686785152347892	0.01306217168517565	0.0311771104993127	0.02820427946108169	0.03067653449363568	0.01150877278779654	0.01096098823273205	0.01381214869680932	0.02194047649826701	0.01218927547156025	0.01199076181930099	0.01324961935037483	0.02864493983266925	0.03140867988063784	0.03227142794923545	0.03356897611355052	0.03441453180072149	0.02632162587423416	0.02607026143309849	0.07768316735355903	0.03360806391775868	0.01269623125286637	0.7951349749135533	0.3619533129306585	0.2112176432745125	0.3280717635956074	0.2414649141971315	0.1466703010452835	0.01386225026518564	0.1004881504978667	0.03367217519672699	0.03431049788143866	0.04939421512259634	0.01405991751290395	0.06358559862863504	0.0256804048145732	0.01962983363854597	0.01910664121369477	0.06590789077567717	0.3015778754355902	0.02899739439485059	0.03468052808743134	0.06853944777985219	0.1722078832635452	0.08908603028159046	-0.03197802109730308	0.0345398451249075	0.03635726126305568	0.007881384017033732	0.02703311424522236	-0.02719036192004559	-0.02431362388124114	0.002801897176163882	0.007189210741316523	0.0009367356995911056	-0.008533570993040925	-0.02939084779577218
1.104473684210526	0.03725502561551678	0.06663459279610133	0.01431349506721421	0.01336954869076424	0.01803973391636127	0.02802767344045612	0.01132073970290756	0.02946370543780618	0.1269118491930946	0.07039374033860636	0.0177496900253091	0.01293198815369685	0.01071387552772754	0.01036367360380041	0.01296255559063663	0.01163228907831102	0.01157874578263899	0.05176563261071837	0.02201834650779129	0.01580427992796286	0.0497704608167405	0.04676883384273652	0.03732037998882302	0.02169110884317259	0.1240286617325707	0.01762025773266773	0.01374598771791084	0.02588436276537717	0.1217797561971457	0.2132853685173062	0.06805205338235701	0.0111474087883878	0.01270432568035423	0.01016095364953518	0.09412690186340006	0.2721495483087851	0.01216569505420454	0.0285622264498757	0.02709286097464388	0.02826237192919626	0.01106179604108021	0.01066861092624574	0.01269048251940156	0.01967642870044503	0.01152708425773068	0.0113848869546009	0.01243963129926523	0.02482985729581546	0.0273280321534753	0.0281710139703162	0.02947126490191209	0.03037944704528298	0.02297111018097702	0.02234115937459213	0.0662382129086225	0.02679991314059111	0.01189799115121145	0.7802719183200041	0.3524606214678673	0.2016545168403054	0.3214521818972639	0.2346314080034231	0.140838074785904	0.01267903021341925	0.1008807754196554	0.02957737227358832	0.03025528365877456	0.03868732295590432	0.0129101136401629	0.07588816916659055	0.02204956411855696	0.02449832139156573	0.01736909374803516	0.06706273968981179	0.2941866082028063	0.02515114529855621	0.03067101068071598	0.06766474075183578	0.1803513890567131	0.08955675085433458	0.03248521159550982	-0.1777165954075133	0.08112232859440829	-0.4916029126878554	-0.01711950764348538	-0.2301768884826119	0.8363358261823793	1.125748214921626	0.9758222693739543	0.1986074171988173	-0.2751420173504298	-0.06698039283364059	0.2752473542708194	2.997846639443162	-0.2053012614460281	0.7624454323957792	-0.1039358912587904	0.6068429845360811	0.2320197866195327	-1.917773630504966	0.1420355118391523	-0.444625805504452	0.01521506811555579	-0.1619148821995641	-0.1207237950512631	0.09419851421018065	-0.07421120501584813	0.6083949630019825	-0.0105273614455614	-0.1951824906132942	1.260363946752732	0.2211722616180846	1.260363946752732	0.2211722616180846	0.3731462414755345	-1.364968168990547	0.3731462414755345	-1.364968168990547	0.03990994150362552	-0.4770398242673575	-0.07814727806956735	-0.001617076354885114	-0.328790890284567	-0.2735283903953025	-0.005348761940458343	1.353403009793363	-0.1276270040681512	-0.02106980032979456	-0.3274791147552491	0.4799466399951985	-0.1225848881236543	3.157654234902373	0.1677229111970736	0.3477178501589114	0.6521519352743106	-0.7676419713748946	0.6375024616727946	0.3727548366110259	0.9469251945649966	-0.02256105570430886	0.889395466901054	-0.008389038655137005	0.1279598464210817	0.04657114331018485	0.0137485573596307	-0.001479216565929676	-0.04131193277479341	-0.009566445470598896	0.02864654441950417	-0.0004851927852282153	0.001738005256696024	-0.01353880177709062	0.002203411667275421	0.03388872591449896	0.0006301880439028703	-0.01849993921668406	0.04285393191200296	0.003082687082302527	0.006600804253676174	0.08649996318355008	0.04002597215598947	0.03086933938684848	0.06040171661882351	0.01163626687449726	0.01117705655591073	0.01319511096948835	0.02457468619103797	0.01074365259011983	0.02878197311064551	0.1161282808907243	0.0647732817860134	0.01720620106274701	0.01268050458554296	0.01060209063532428	0.01030215690779802	0.01184445247224396	0.01091573442859256	0.01069798239897553	0.04058120428771318	0.02166048447684384	0.01589478504560353	0.04623053920410611	0.05076637151962891	0.04362015626877951	0.01925493115419708	0.1300215019666126	0.01692029503003358	0.01334428123978295	0.03507164918077784	0.1369898503361553	0.2471053345970431	0.07961818760128174	0.01071855091096938	0.01144332430620688	0.01014007331207498	0.1055229554829554	0.2453025001276551	0.01201632488396073	0.02610362114197239	0.02372796406203269	0.02549991768535802	0.01081519082627769	0.01050712185971297	0.01195557518213165	0.01689395599558546	0.01112928754520349	0.0110449132193419	0.01176708261961664	0.02329883324723979	0.02497915163352847	0.02594934493949171	0.02746871414800107	0.02854857725611824	0.02289842350520796	0.023031237026802	0.04776869460408676	0.01693959014634096	0.01134307746304987	0.7653048914678473	0.3419215421008688	0.1894761506444443	0.3218569757467238	0.2310230492828487	0.1350948506010874	0.01199760005782694	0.1184744996150625	0.02759406871066562	0.02839930268307792	0.03033241757781479	0.01244881516440215	0.09653957605271431	0.0210898167859254	0.01937188909863	0.01559867922018602	0.0748439662796529	0.2995854398132263	0.02258326488624025	0.02889708017642251	0.05961168872993224	0.1511519198788744	0.07782441966754008	0.0205209284758888	-0.02273205401762472	-0.004334684903204013	-0.003911991534447544	0.004735892420888938	0.01083579794544311	-0.004634127119300021	0.02245650065855824	-0.005078673056781481	0.002854464261677922	-0.007973719274950183	-0.03008853496528197
1.114385964912281	0.0340060166859345	0.06081901482364872	0.01400345736032152	0.01301919973969561	0.01701045272600826	0.02781365193886971	0.01148415386540217	0.03106524993923896	0.1161990097853866	0.06559416070633269	0.01888246557526758	0.01357057019932663	0.01086879187810079	0.01043950730041035	0.01333546934341026	0.01189720821440915	0.01176638593386413	0.03973918592989083	0.0220450713952566	0.01667790748272418	0.04475681099945885	0.04609678184058089	0.0391573369510009	0.02195871003926906	0.1200520616492787	0.01863885451471252	0.01445517111548183	0.02967049136032439	0.1241737945540923	0.2119117014770736	0.07357709882122408	0.01116873286536331	0.01288618334714346	0.01019463873383644	0.09346949503233398	0.2500889974594211	0.01268863617774353	0.02586854064203283	0.02262545520158846	0.0249171681637939	0.01105793015383489	0.01066364644185387	0.01256210453753642	0.01851281369092999	0.01148528283680665	0.01137349809521847	0.01230822977487996	0.02536998897235131	0.02712678342222107	0.0280589680606625	0.0295069389146564	0.03052167584680143	0.02482775642747996	0.02570665314278325	0.0549683288714573	0.02116882022026562	0.01177068062137677	0.7688617229516017	0.3454397863382462	0.194063959613155	0.3192280858218576	0.2315003726108638	0.137208201420959	0.0126400762589174	0.1125486617108978	0.0296259122556332	0.0303841484906661	0.03415103837121433	0.01312260124764317	0.08921657687267748	0.02306800289144926	0.02171482512805985	0.01695985907763806	0.07247409528911554	0.2950298674882429	0.02475145670316482	0.030847235800117	0.06137703684439345	0.1580953066591826	0.07986782099349762	0.03058460339531771	-0.2016461305930702	0.07602603783200734	-0.5336182045189815	-0.01923808825462459	-0.1920369458435356	0.8474595597567306	1.118558319853995	0.9777558579837411	0.191226057133171	-0.2757703359268546	-0.06022142223099695	0.3042169779745815	2.84160920139801	-0.1972269355914836	0.8587653806731511	-0.09831888702474105	0.5209081001327853	0.2130027132019777	-1.919100826867171	0.1373552651740368	-0.494845078028813	0.01389224575353596	-0.0995401291127047	-0.119725674456387	0.1014084675537379	-0.06798662260346523	0.6437893745907192	-0.01251435975876914	-0.2109166496430394	1.25930514097508	-0.427952267631118	1.25930514097508	-0.427952267631118	0.3591644277337607	-1.446466944938795	0.3591644277337607	-1.446466944938795	0.03495468914290187	-0.521531809653658	-0.07812651913428752	0.007386445485718277	-0.3319537684824531	-0.3681926019384404	0.007888522593956202	1.316772247967545	-0.1279924019984958	-0.05495293907768223	-0.3220433843526879	0.6227460711678726	-0.09257828567188489	2.876959682909729	0.1706600772145951	0.2542596292573606	0.6449125933186143	-0.6919398799246949	0.6417900779592461	0.4984488744765707	0.9467391245025411	-0.01473011161594166	0.8893071681631939	-0.009407891210635077	0.1076573264279804	0.02242920739849736	0.02906822807453506	0.0006579602915466404	-0.04210817579813157	-0.01005626128876256	0.02819940324675459	-0.0005439085923736574	1.0337725817428e-05	-0.01034058451884916	0.003801775823991761	0.03362917461292168	0.0008087832214534307	-0.0185530035099894	0.0477634986639348	0.007862760963520231	0.06075388246172451	0.1206912439720124	0.06002782402127831	0.03772329633131134	0.05583299095344588	0.01852241045512005	0.01650860246941369	0.02392856140914385	0.03370455356269614	0.01296615339886275	0.03662652597790872	0.09982657411373577	0.0613859195771819	0.02315079685271645	0.01578505322426974	0.01148513663974541	0.0107510463644592	0.01642422868794999	0.01394546587481013	0.01395557331606419	0.02911403775082804	0.02273515786632412	0.0185750149211517	0.03836406399331231	0.03701069438233803	0.03223911237370431	0.02686197218128282	0.09739243786215883	0.02288064420263142	0.01716300910028457	0.02266630652469589	0.1033464388108796	0.1364816991390049	0.06899248489177705	0.01198963058126223	0.01572340068754053	0.01032427387683454	0.07139553591354666	0.2099250702008564	0.01438521596032218	0.02362363784656236	0.01695661742617611	0.02147897567165062	0.01152664607244172	0.01096494597471783	0.0136203297197538	0.02026144253372425	0.01214031793749051	0.01200235105670633	0.01317189590133779	0.02996128394578145	0.03113890586298643	0.0321196704101229	0.03362669638331361	0.03464688593666512	0.03042654359608006	0.03399115381904133	0.0545908071161539	0.02323034442532805	0.01248434412178176	0.7412551107893338	0.3362078329917945	0.1893156270816969	0.3120180065111252	0.2278659045564991	0.1361596073773813	0.01385289358047569	0.1206735971260372	0.03374980106527375	0.03451746824235419	0.03777579210664439	0.01460839629455353	0.0922962608398787	0.0279553441934789	0.02050202162109962	0.01894693220748409	0.07556129619361159	0.292251883952437	0.0285105679937107	0.034969635249889	0.05640462701933251	0.1276824987816544	0.06980900671682437	-0.02478218130807917	0.02873275058710929	0.02710200248782038	0.007946702720743383	0.02429152436897578	-0.02665601154715352	-0.0229826144398268	0.00491911547259615	0.007608733702041882	0.0008779215136042494	-0.007390916683637859	-0.03059595899891473
1.124298245614035	0.03448652174692139	0.06049821792055722	0.01400986925246372	0.01307840462155418	0.01693339455550735	0.03081413982718522	0.01136385087382709	0.03335951914970266	0.1035604277580355	0.06000974987937249	0.02019314880076845	0.01432780207627894	0.01101525437558306	0.0105115390657225	0.01345773587450232	0.01195139993228193	0.01173560734279208	0.02701199342184233	0.01990680494083307	0.0166881886830218	0.035291583675924	0.03910259954031459	0.03640170689615673	0.02282213150392192	0.1111204826460463	0.01984370726348799	0.01528608131812613	0.04278325608878915	0.1259668326401943	0.1973607616406018	0.07868932081070973	0.01111760182519232	0.01281413850216549	0.01023820144574429	0.0845142984293107	0.2262459422999045	0.01331089458624494	0.02258577570033566	0.01781350524462843	0.0209972762918881	0.01106943732819978	0.01066942088576874	0.01249571850555637	0.01773278068189824	0.01147242686408749	0.01137844709397073	0.0121667809008662	0.02576500698218157	0.02690628558515058	0.0279341619770427	0.02954133571494201	0.03066035723969245	0.02675899373174135	0.02950855789994013	0.04483783883183155	0.01881793382072643	0.01169608254507523	0.7482622458665499	0.3344063419150368	0.1846042569351221	0.3119357706893022	0.2250241554547604	0.1326769533048275	0.01262861414556913	0.1215235869613961	0.02967369485181584	0.03051224323474979	0.03110086547229684	0.01332700502522519	0.09536071733336167	0.02409305307797168	0.01852037327273193	0.01645956184877519	0.07742349296659225	0.2907386082739171	0.0243167649362547	0.03101875427755273	0.05549424889024988	0.137328476117266	0.07088684793224165	0.02856938168786514	-0.2009280139215528	0.07060305189274853	-0.5576640756922989	-0.02082604045877437	-0.1235735065868132	0.8585083660042798	1.11065971319594	0.9796076917546317	0.1821576510782096	-0.2763438405276831	-0.05588004212181197	0.3314697853725666	2.651779293378905	-0.1884322951849557	0.9080727308816638	-0.09371847839387232	0.4019392308065453	0.1939719204755801	-1.921164989694622	0.1323170514100678	-0.5174036756629554	0.01334354852851648	-0.006475703720377204	-0.1188247711095354	0.07503693959676129	-0.06152083094556669	0.6572999943467598	-0.01480863445958736	-0.2568151213456453	1.25202586915222	-1.033079419963599	1.25202586915222	-1.033079419963599	0.3446503472318263	-1.473724716210954	0.3446503472318263	-1.473724716210954	0.02960032650565358	-0.5571310161567758	-0.07797051621075671	0.02554443434678701	-0.3361519633485305	-0.4814510621987786	0.02074290069891546	1.276276348873244	-0.1287612808803102	-0.1023656361141174	-0.3150264548277923	0.7977612231384692	-0.06586200169252758	2.502019763526321	0.1729370839376714	0.2132045301362211	0.638453141415478	-0.6106056666720441	0.6475014705247604	0.6595243524284741	0.9466376644537289	-0.005547300596030001	0.8892097942159082	-0.01017443011975284	0.09880754579057251	0.002452643983846442	0.04273893183202599	0.0041772195293579	-0.04219075448210442	-0.01019841262746028	0.02845639351455087	-0.0005766604734371615	-0.001921750936990874	-0.008465057469698207	0.005002822778059678	0.03351633994834429	0.0009541319396230252	-0.03003059543403927	0.05452755045977255	0.003881180933102396	0.09444302190525548	0.1583108096632717	0.06867247909203315	0.03390593315129838	0.06368440771948213	0.0118598530101142	0.0113050163105237	0.01384825164441656	0.03428037018822028	0.01080963711992145	0.03524749883057805	0.08945168288937087	0.05318294585967883	0.0200240237361163	0.01440698579375439	0.01099951739874115	0.01050095993160315	0.01204165106666351	0.01106519610926518	0.01082007049778113	0.01338825653373726	0.01598805532671514	0.01555191414029101	0.02334236249685117	0.03218483800736826	0.0351744780669524	0.02355502742622943	0.1042394411353886	0.01953246064528338	0.01522566835848763	0.06989838196703818	0.1417951183165057	0.2042072180378458	0.09118240234019802	0.01070126595790311	0.01154720093374396	0.01024278320656214	0.0779079856025576	0.1943952890243874	0.01344474323648274	0.01864847966042485	0.01383946203249886	0.01686282539180475	0.01086283918427233	0.01053320001651038	0.01189800010077972	0.01583342266143912	0.01114181297319491	0.01108558590787522	0.01158173422058073	0.02409727316951875	0.0245855704693938	0.0257247427711187	0.02753089561663538	0.0288015983961366	0.02693766018299358	0.03131552494701539	0.02939328278130347	0.01443482990939126	0.01125007466066222	0.6960683655237503	0.3102810589366898	0.1666364694520663	0.2961418728123833	0.2115468366279281	0.1240948205659437	0.01203256841315331	0.132642709939412	0.02768091036312789	0.0286333038035025	0.02444250739034541	0.01291459260893624	0.1042207190888605	0.02316454244100084	0.0151951931012122	0.01488338662074601	0.08418900720427133	0.280083224448297	0.02182627708114673	0.02920991577232397	0.04862795147689009	0.1128962705686557	0.06101599067008504	0.01775075489738528	-0.01917685938271888	-0.005275752958374473	-0.004483066861054985	0.002198945522212054	0.01086771873100081	-0.006396945676406254	0.02241603823861492	-0.004277515387256028	0.0007281175345207423	-0.006652201169787215	-0.03090567405551666
1.13421052631579	0.03703561788175191	0.06466036434157872	0.01442794773650884	0.01266962450981714	0.01883725927516191	0.04091356759368366	0.01272913884219776	0.04006092304863393	0.09278958150556878	0.05543076745329996	0.02153947116698004	0.01537110218211453	0.01148099351206676	0.01074676323242641	0.01337295200458878	0.01224552725080367	0.01262218237415599	0.01681996142740647	0.01628070026195829	0.01588012011016662	0.02448389243245909	0.03054307165807373	0.03224156717127671	0.0312079658320792	0.09625888514028112	0.02110088830285661	0.01638717668271019	0.06664772212776693	0.1344618637867451	0.18374398163998	0.08896770664961924	0.01134910842059695	0.01379361694427183	0.0103051208601051	0.06874748107730141	0.2031318041299608	0.01420535595208435	0.01891333546076799	0.01461678301267575	0.01729502387248533	0.01112564923897663	0.01069971483123061	0.0125476174170238	0.0174978776851516	0.01152410694608341	0.01144205100138925	0.01224792450721944	0.02628327925669592	0.02676996569011707	0.02785685594694481	0.02956766967746574	0.03076908302372443	0.028890449346576	0.03393641161193522	0.03655880799658876	0.01709327186879646	0.01170434409136431	0.7177803248124227	0.318622657402811	0.1723313386747855	0.2994659474402976	0.2149313275238271	0.1263825419214351	0.0127285008720686	0.126148150588448	0.02971041295693565	0.03061106072246372	0.02742952230261298	0.01365323826747184	0.1000904700737072	0.02500451634639736	0.01871471893823215	0.01660290177808883	0.0820200081728986	0.2811352500867978	0.02406504730728755	0.03115231744082551	0.05055439160130356	0.1178101324888539	0.06296708592377899	0.02667714385248145	-0.1773376065318143	0.06502587890584825	-0.5649997138271455	-0.02160109530878147	-0.0289220456191614	0.86947661638165	1.102369525101865	0.9813624157909292	0.1716706999252498	-0.2768854842339372	-0.05373016072809456	0.3566862506156586	2.431432582192924	-0.1793696852856697	0.913618455925238	-0.09045255544489746	0.2521734659275231	0.1749034162254399	-1.927117785541024	0.1271755758468794	-0.5165179117040568	0.01384481979710555	0.1109933836440795	-0.1183347726408006	0.01950938612795559	-0.05502149528220467	0.6510055130424738	-0.01769441444156493	-0.3295276827900631	1.238979866962021	-1.591418585021563	1.238979866962021	-1.591418585021563	0.3300951509803268	-1.456671340188427	0.3300951509803268	-1.456671340188427	0.0239462123108547	-0.5817341940306791	-0.07759331782364906	0.05180009681767678	-0.3415364087338813	-0.6062177133467184	0.03317972573385862	1.232602764006413	-0.1300622263061486	-0.1619972097978021	-0.3061521128604315	0.9957180265311959	-0.04312486732801687	2.082145608424895	0.1750282544318524	0.2148730893465198	0.6328187170542285	-0.5259690695583289	0.654964532188724	0.8506843996863331	0.9466322033233745	0.004555613192793474	0.8891071442072892	-0.0104329215208354	0.09333655772118896	-0.00611721635850253	0.05333039579035589	0.009409075458425139	-0.04194355341450053	-0.010005570171608	0.02938772972913996	-0.0005826292915716045	-0.003297243472237974	-0.006794108591187837	0.005960260118054645	0.03348376578123059	0.00106434656776359	-0.04017179016682303	0.05666613919451515	0.002554669123346471	0.1064168255541091	0.194222092966487	0.0711586297860289	0.04508515817511766	0.06956129273304761	0.01976225647582713	0.01523850949802906	0.02972862472338633	0.06186842628742983	0.01712924812352503	0.0549720219116534	0.08148950161861071	0.05349603291134678	0.02590762540325424	0.01815946010170607	0.01272249511816013	0.01137710139324963	0.01605525281002148	0.01476549741316937	0.01661445128766024	0.01179493975353269	0.01401545235435108	0.01615564910441424	0.01567255336944518	0.01856552177867671	0.02254158251345977	0.05164251673735395	0.06051887292274397	0.02547356118590837	0.01964206469976799	0.08291252495350485	0.1302021224576702	0.1137271705144022	0.09625238911527692	0.01272294671356352	0.01870452252731413	0.01048034050606035	0.03245783762594724	0.1672998242335356	0.01644348377065784	0.01592901478648654	0.01224634481309446	0.01435292085869724	0.01168177880758711	0.01104889902593432	0.0138376725854677	0.02032398672489873	0.01230540396560438	0.01218568144439689	0.0135475337932078	0.03113477977835288	0.03094971487227139	0.03201238067983357	0.03367152730024662	0.03483525646411348	0.03495279006584961	0.04367718777534416	0.04004524579118168	0.02037586490750837	0.01258002169851351	0.6515826116874718	0.2944523304019571	0.160192688883015	0.2761744650298507	0.2010928350463496	0.1209654486028451	0.01415990338468644	0.1236587826667417	0.03381248723975847	0.03468656214230673	0.02973267540686923	0.01538009852496385	0.09987654768664118	0.02968522347474802	0.02425833022416946	0.01986254067764147	0.08435966420320047	0.2620767281907926	0.02818737000301792	0.03519975476953693	0.04772294179664691	0.09242917198461185	0.05559417489541689	-0.01926112821202731	0.02487433180261433	0.02219354988286723	0.0077778676408572	0.0199654507169136	-0.02609013794439271	-0.02085570451202593	0.006857890613125742	0.007777842185074585	0.0007926487094240917	-0.005786481243094367	-0.0309697481530307
1.144122807017544	0.04630435442690879	0.07899475085323857	0.01471837315706412	0.01267980011621421	0.02133797376763988	0.06466511942540984	0.01235549078342892	0.04769231685191313	0.08337566541806811	0.0515151288006591	0.02263674699791672	0.0163226622895558	0.01190547921228926	0.01095809897261163	0.01337116031934927	0.01238410610311903	0.01261285177294904	0.01308308373380135	0.01378266655994538	0.0146317653560553	0.01734616938980309	0.020920693417832	0.02400345049911722	0.04785520424392819	0.07218136026044475	0.02216325601390966	0.01737211411548028	0.1037255818110586	0.1480856208520672	0.1675742750608724	0.1019648382992956	0.01140630106076511	0.01407926867626246	0.0103786417306915	0.04325225524243551	0.1837773925711187	0.01503182956697858	0.01612992686248657	0.01274168146518724	0.01474726959095439	0.01119419958253657	0.01074020244560443	0.01260926232677659	0.01725952349083407	0.01158730703168691	0.01151776181105997	0.0122466649213788	0.02670020771305521	0.02663305986554149	0.02777750237543996	0.02959346066311669	0.03087760283338048	0.03112368125379693	0.03888396678450719	0.03116567380702191	0.01637946239475067	0.01171912217299662	0.6798916982946811	0.2993733536104754	0.1586371881548206	0.2829098403356304	0.2019562027212256	0.119009990101428	0.01284090552996144	0.1275144692168992	0.0297468635734397	0.03071044048677391	0.02528791484329508	0.01408485545315344	0.101295062296415	0.02615283988532492	0.0176924753744154	0.01648392631484794	0.08653155813069455	0.2672734649998086	0.02381874163300943	0.03128569926792443	0.04603848255574916	0.1003312830508148	0.05576716780935467	0.02511554755779753	-0.1351111292497926	0.05945112340301712	-0.5575337567100214	-0.02133403823150969	0.08545640302154361	0.8803626348468828	1.094145883375238	0.9830070028106621	0.1599547215055565	-0.2774149607481151	-0.0533444052369365	0.3795884240955886	2.185898920792709	-0.1704453943849836	0.8813406011557818	-0.08880810437210182	0.07557182618563482	0.1557497021821091	-1.938436739542261	0.1221364985070525	-0.4977349951305278	0.01559451599831684	0.2437055164685165	-0.1185100820866509	-0.05776477409024394	-0.04867005846530649	0.6280441422310288	-0.02141261884831154	-0.4237521713928879	1.220626514014117	-2.104544931563678	1.220626514014117	-2.104544931563678	0.3158783310502789	-1.407600180527865	0.3158783310502789	-1.407600180527865	0.01810805810711289	-0.5941815822599605	-0.07692181323571953	0.08462858293171897	-0.3481806466274084	-0.734165079916442	0.04516852886181853	1.185826372268282	-0.1320054922807107	-0.231481054470394	-0.2952501064302173	1.204659197271877	-0.02458191231894934	1.662716871763179	0.1772973314813366	0.2469508870852809	0.6280259205254916	-0.4413178455809245	0.6644389992330508	1.06393045781994	0.9467292551658236	0.01504465330405127	0.8890054834212707	-0.009924808164589405	0.07720257232470845	-0.005483745714858598	0.05971792010541107	0.01722290954454494	-0.0411279619100631	-0.009402359263235042	0.03103839604838877	-0.0005572376491653471	-0.002964808318472313	-0.004891820228813056	0.006744870228312938	0.03356431740291914	0.00113535832484416	-0.02727490608472357	0.04162043951090209	0.004129461751658283	0.1025933911355844	0.2235048238995828	0.07009158611104407	0.05706932628244937	0.1010765760477484	0.01256433901457021	0.01129035238501903	0.02070239777823938	0.09420848584982364	0.01158905991886384	0.05205284989340427	0.07361239825505124	0.04654620375908865	0.02206185975531452	0.01635670068570109	0.01201707939399061	0.01101251042991665	0.01191510599465186	0.0113254572211094	0.01138452610951634	0.01060304076343261	0.01147247860674844	0.01266643655312066	0.0119571594017213	0.01350363690081821	0.01714750001518069	0.06461780208233045	0.04956811776450257	0.02153165560219714	0.01721171703010926	0.1627703634530785	0.1781398223600135	0.1729370314990732	0.1219085953300458	0.01077200053004306	0.01203849434555556	0.01040223163334654	0.02273935346852981	0.1634536002427222	0.01516308774476673	0.01387194731669659	0.01144494034874041	0.01280833890837633	0.0110241196340335	0.01062841331819638	0.01207785747743609	0.01557593112674332	0.01130137468844959	0.01126741062961245	0.01164479562938411	0.02490568434759062	0.02433688646054766	0.02557960399327824	0.02757986415814414	0.02901017130761383	0.03152820357065799	0.04172910487943398	0.02152176732561369	0.01373792222931063	0.01131992110574556	0.6013497801206544	0.2659561620194967	0.1378704621230562	0.2557406118201919	0.1814520269908415	0.1081649126324699	0.01230951848949455	0.1303721747142505	0.02775060443720541	0.02882421141967227	0.02094225557921821	0.01386268864885658	0.1025311769387696	0.02546085261992567	0.01386374812308354	0.01479374330141795	0.09328044558023788	0.2446099509361056	0.02139062589179154	0.02946563943303867	0.04051900010542596	0.08220636200972851	0.04808924224589248	0.01601303322711338	-0.01494082439315273	-0.01166053919305795	-0.003191184502974935	0.002468938206754108	0.01050198696829505	-0.00683958203527971	0.02067970907882656	-0.0033227950915721	-0.0006731907150838807	-0.004874642045512505	-0.03075184427611403
1.154035087719298	0.05597454237449553	0.09382182751063835	0.01536298925374956	0.01220253964621581	0.0281926717335482	0.09297598239943428	0.02006884066703717	0.05437919907343328	0.07720860104086287	0.04905490568852616	0.02358167102023922	0.01735371548248394	0.01277837436739479	0.01141569878997839	0.01291433146319818	0.01251630297764597	0.01579415162161014	0.01153391311229858	0.01230116321810343	0.01345465839665413	0.01388592894199984	0.01606533486631354	0.01919075725365104	0.06743633577733253	0.05174431625504971	0.02307261136508949	0.01838120932287585	0.1463254392826389	0.166666919962931	0.1621780583920929	0.1166190173251237	0.01133642008357549	0.01434906238662402	0.010467136379798	0.02828385896816591	0.1697386231099634	0.01598053549077181	0.01493378449273315	0.01202431714193864	0.01369582781487202	0.01129374287343981	0.01079521262051332	0.0127654156852911	0.01735900749601381	0.01169995444602536	0.01163644491818314	0.01244911508278411	0.02711773707974927	0.02650640196343699	0.02770507352071325	0.02961917033834707	0.03098711169912763	0.03341828417827056	0.04390879721249279	0.02729564789844861	0.01589917038345157	0.01180344117952596	0.6406865969328356	0.2799667098328054	0.1457008264230296	0.2653407285113425	0.1886541015328178	0.1118604500744245	0.01303175446110381	0.1258549888816249	0.02978371418192418	0.03081062614973414	0.02335468328519397	0.01453873262885493	0.09906320819043883	0.0269433160947782	0.01852747940827471	0.01683605349001975	0.09142092014966671	0.2518633547360691	0.02359325285614187	0.03141871070042675	0.04257009677097533	0.08538443852688905	0.05011816477448684	0.02403951749232803	-0.0805564640641068	0.05401453839106611	-0.5374992796334416	-0.01986854686539798	0.2114317752443019	0.8911695325976217	1.086481249009865	0.9845294395790603	0.1470251580849365	-0.2779471310044372	-0.05418120294888459	0.399961648312687	1.922525808632215	-0.1619965875927471	0.8191103353512758	-0.0890245656264958	-0.122215049626669	0.13645852554042	-1.954605842754508	0.117347465895941	-0.4670497046567463	0.01869019591056166	0.3806374281046082	-0.1195206270980931	-0.1473186161836311	-0.04261383155081547	0.5920508435999219	-0.02614396551657438	-0.53273512979056	1.197389874656767	-2.577924822652155	1.197389874656767	-2.577924822652155	0.3022530942595896	-1.339433153577165	0.3022530942595896	-1.339433153577165	0.01220622981545195	-0.594728812635076	-0.07590068747678619	0.1219588710356606	-0.3560702647070989	-0.8558730226681283	0.05667631165318664	1.135447896598691	-0.134672409018761	-0.3073501726512097	-0.2822821420283737	1.410011379276907	-0.01003840897040275	1.280366728538494	0.1799824263770854	0.2967625846825256	0.624060622031276	-0.3594849361486483	0.6760984946032829	1.289798967601585	0.9469298507883743	0.02534836539014399	0.8889139805926588	-0.008334506680426616	0.07478809452851509	-0.003630004331475613	0.06144368220065594	0.02403202782610181	-0.03947755174216547	-0.00845084480946659	0.03278942470753153	-0.0004988992298763095	-0.004005508686983306	-0.00333315382461748	0.007136610491428409	0.03317267641732635	0.00114981046420787	-0.03116693500826455	0.04765405032065064	0.0003494794429501837	0.07379571230205897	0.2411447986360823	0.06192054060210851	0.06524455852894201	0.1001630284276315	0.02140854989517292	0.01381382153010433	0.04819140893526827	0.1269604108161919	0.04068002849096083	0.06773578828892927	0.073632575869467	0.05026087903272202	0.02766554456789384	0.02031343446354999	0.01490325097910104	0.01252855429253526	0.0147008028940497	0.01502529603108553	0.02611959910272592	0.01085760440016319	0.01205135245280996	0.01386889545512857	0.01254671442681453	0.01394955708496945	0.016634607897419	0.09607954807400731	0.02698398518315702	0.02715931188527543	0.0217004253417511	0.1792888347291231	0.1753383481742643	0.1229816698289345	0.1283290334737443	0.01246180997668959	0.01923548571518174	0.01067163603844338	0.01668222389530188	0.1497844864789109	0.01846994271652044	0.01511272992544674	0.01193802764640433	0.01372498719154976	0.01191065846145382	0.011172824387974	0.0142414791336487	0.02085426286408516	0.01257830136826292	0.01246445920193605	0.01414858001287234	0.03198027647523437	0.03070437027435748	0.03187322648129626	0.03372335319797237	0.03505737474595336	0.03967240866417985	0.05403824275377968	0.03380265609761814	0.01963356590831317	0.0128154193693165	0.5707215514811094	0.2562289143262628	0.1360032512315847	0.2398055654709713	0.1744002844780303	0.1071203563016625	0.01461808984080454	0.1158388920627572	0.03388730834627297	0.03488967287687186	0.02605454779024258	0.01631280732006076	0.09070392541111545	0.03091911640112674	0.02776103029091986	0.02103064031259737	0.09468516935718854	0.2287998957213777	0.02775303184730887	0.03546788445263101	0.04199860587082938	0.06735051813088383	0.04627627644791878	-0.01407610641453203	0.02416622962272444	0.008253953940354778	0.007727451896535347	0.01678112392840836	-0.02491658266553293	-0.01718349182389763	0.006053072968771517	0.007809893569581014	0.0006950010719599786	-0.004015966587313561	-0.03057606994574328
1.163947368421053	0.06452184126087258	0.1021704454159436	0.01609012695551409	0.01217629266735825	0.03852819633879899	0.1205164935914959	0.02502679417988708	0.05740395216778579	0.0725764981538936	0.04718965244701012	0.0241393552893518	0.01798922392574016	0.01321290507484401	0.01163522774194441	0.01295176678224441	0.012889289890877	0.01740851079769455	0.01088846581908388	0.01165685608908197	0.01293034458992369	0.01239830535864132	0.0137902276438167	0.0162689003743315	0.08505713981048156	0.03230091960936771	0.02363111866625195	0.01901100596701372	0.1852088261870211	0.1785467945381033	0.1570038299746682	0.1269348978629907	0.01136448541999957	0.01466617752956348	0.01053314145032205	0.0193962903280497	0.1592321155188361	0.01655988213696499	0.01448958995727843	0.01175898121213254	0.01330664210993644	0.01137726689924873	0.01084193761591673	0.0128962796792373	0.01750859414268479	0.01179265677357152	0.01173392694570301	0.01256767203552544	0.02745129552477005	0.02637913125907607	0.02762996480427521	0.02964688518652345	0.03110835029126786	0.03572587566781277	0.04923810557032862	0.02561128021357061	0.01585131067375256	0.01187679603932346	0.6033194683100191	0.2617586589194548	0.1338494948634248	0.2482474224446494	0.1757370208844942	0.1049278063983954	0.01318181609883229	0.1220800028403964	0.02982387710511889	0.03092160598020392	0.02201856590723893	0.01492005480086048	0.0935471927276537	0.02757310479966114	0.01874828956547532	0.01709136084710633	0.09667991746513306	0.2360329568461848	0.02338151641398401	0.03156615896652735	0.03975416461877672	0.07311179817963394	0.04552695520043377	0.02353396242084584	-0.02135015329917964	0.04882949848516063	-0.5071573673490339	-0.01713379290859029	0.3400469665373227	0.9019050384262245	1.079815788208866	0.9859173239179615	0.1327747022446472	-0.278490756341808	-0.0555453967028755	0.4176712308155253	1.649957319619783	-0.1542759689014934	0.7359946592133775	-0.09127689986373502	-0.333858023224272	0.1169920967280225	-1.973268311816654	0.1128981959516576	-0.4300609850540909	0.0231156452432505	0.5100734605047322	-0.1214365488998706	-0.2386808693240099	-0.03696428773846489	0.5465485724390841	-0.0319977559349383	-0.6489498587968601	1.16962317198778	-3.020234643026022	1.16962317198778	-3.020234643026022	0.2893477464313087	-1.264196375616783	0.2893477464313087	-1.264196375616783	0.006353287203936736	-0.584560946429686	-0.07449693594489526	0.1614415114930904	-0.3650966135720059	-0.9621045649263886	0.06766434272086694	1.080842913217762	-0.1381059433291777	-0.3854461937679213	-0.2673582561445841	1.596959500011273	0.001006850660829111	0.9599298651533772	0.1832008764913411	0.3528269561866971	0.620878580682971	-0.2839125666336526	0.6900124984614054	1.516822862864723	0.9472291659214035	0.03486587857635274	0.8888445625278514	-0.005442825588892961	0.07490373470323555	0.005492352264056834	0.05908628047849158	0.02985442313000621	-0.03772910742007317	-0.007318425568661211	0.03414214469701173	-0.0004206415347109862	-0.006421883034701504	-0.000348812953128202	0.007489053786363057	0.03177231408689811	0.001122375126480362	-0.03852793989503482	0.03071577994112681	0.005459359688007424	0.04232604433979646	0.2485258057802275	0.05429813970355399	0.07249049340019605	0.1118775145217333	0.01391543733777242	0.01127861634896093	0.04292042651478969	0.1508091360244435	0.02290861852334796	0.05492408401924806	0.06715563215450449	0.04386191335791843	0.0229169329342963	0.0174608775461374	0.01280634969288166	0.01141700601783065	0.01207754324062664	0.0121374552593266	0.01529261327761284	0.01038155649574765	0.01092480248936251	0.01202386034721297	0.01109376655912103	0.01182094983613947	0.01363162883622178	0.09781702860467219	0.01671754848430608	0.0224049948622053	0.01828433903575902	0.2435858045178304	0.1981682315333884	0.1695946465953978	0.1400051025376658	0.01077897863373817	0.01241284048296703	0.01053166748858386	0.0131438932284593	0.1499795274739849	0.01619073965563153	0.01387365841702668	0.01147926025193881	0.01282476596225892	0.01119592743374243	0.01072360552285525	0.01235516780945903	0.01596459170681719	0.0114943233508915	0.01146869949421585	0.01190444484731064	0.0255199604311446	0.02407951295341556	0.02542717907611082	0.0276367592642442	0.02926095382860653	0.03620729720907747	0.05267675709421753	0.01975240927923034	0.01384847994877509	0.01147803372037085	0.5343143098797601	0.2335358006492782	0.1169107875590702	0.2239239210803265	0.1574556352437123	0.09527341986265826	0.01261674549053323	0.1204054813900688	0.02783353547221547	0.02905405532894837	0.01873750895681413	0.01462408808628636	0.08792932609439763	0.02653266588306948	0.01439710881290124	0.01536466020268331	0.1044745435776947	0.2136620486227273	0.02096750577822263	0.02977004754292134	0.03573761376570321	0.061637535422622	0.04033937437396139	0.0153937094490844	-0.01235151737028842	-0.02098457779287669	-3.639353071573423e-05	0.002196175083495512	0.009681880948368781	-0.006928176348376266	0.01933056414904309	-0.002544889385623437	-0.001376519538303084	-0.003122147400079996	-0.03009537602066144
1.173859649122807	0.06770089414377788	0.103876804278859	0.01591389799231747	0.01193210732564326	0.04297553677309072	0.1396947509184986	0.03318387711538615	0.05789947292371691	0.07016936223419135	0.04627867411654885	0.02461505891129891	0.01865402665844849	0.01371733249568113	0.01192185794859459	0.01284313278906904	0.01307937148520174	0.02171808265954456	0.01065693963670188	0.01137544637733782	0.01269987907753598	0.01179075496169454	0.01287909071981694	0.01508717939916037	0.09286986571287102	0.0230695098702897	0.0240977165921917	0.01962154060528003	0.2142287721319279	0.1904428693592111	0.1621310371248665	0.1365746602662082	0.0111312736309695	0.01386468156456509	0.01061632079194156	0.01601708820423346	0.153681932080115	0.01720942470835227	0.01457260987702465	0.01176622862771323	0.01334973956421568	0.01148012929429957	0.01089714928261258	0.01304630177334167	0.0175871971989208	0.01190544673556867	0.01185533034359732	0.01273751682835638	0.02776310092400767	0.02622625729823251	0.02754180762752324	0.02967719745514816	0.03124016952597639	0.0381734045061403	0.05463087622522343	0.02371207258699919	0.01554461381415296	0.01194882596270541	0.5724347261535371	0.2468340334853735	0.1242863495009151	0.2342192895532263	0.1652276345503491	0.099538851564014	0.01336265598128625	0.1194170683670528	0.02986829548918824	0.03104342785108122	0.02099177337918035	0.01541645022188164	0.08784942115659565	0.02816421284295533	0.01874391577785789	0.01732028466226375	0.1024440357874804	0.2228703177647603	0.02311261924124575	0.03172513969338065	0.03741247716550434	0.06251430682611879	0.04176940171294684	0.02360481193405093	0.03440368405856137	0.0439869850179725	-0.4687492594352317	-0.01314786999031417	0.4624515754899409	0.912580761830713	1.074469214574729	0.9871563734579354	0.1169431483798699	-0.2790477038687602	-0.05675212630900148	0.432671058775566	1.377305056589965	-0.1474430119519392	0.6416078856945376	-0.09566016726026264	-0.5506133571062413	0.0973436994197697	-1.990576640081512	0.1088264871927497	-0.3915722440265481	0.02874054587590947	0.6209148764283779	-0.1242243838096893	-0.3216085297742917	-0.03179979219994995	0.494649598797435	-0.03900782364390161	-0.7647858962829289	1.137582441722477	-3.44215797702406	1.137582441722477	-3.44215797702406	0.2771820093666019	-1.191554236421811	0.2771820093666019	-1.191554236421811	0.0006470046465882372	-0.5655115622177264	-0.07270063080163665	0.2007881000573622	-0.3750666893484774	-1.045102822897853	0.078087285543656	1.021330575996261	-0.1423066730544618	-0.4614046027947696	-0.2507280051315856	1.752213112883585	0.009236205661500472	0.7130439942070134	0.1869678872379694	0.406225171857127	0.6184001550310397	-0.2180000026194244	0.7061335943901648	1.733183327376333	0.9476166832700725	0.04306327444599494	0.8888107896185186	-0.001128730704547661	0.07291593564180253	0.01420366268530125	0.05350010909242441	0.03491792572968248	-0.03540254990226671	-0.005947806305012744	0.03530522525278657	-0.0003195109801445747	-0.009565328421498072	0.002733258258832273	0.007576537649664129	0.0297162103572147	0.001042747700619447	-0.0415846913263735	0.02203010176888756	0.009750934807791338	0.004805765859024973	0.2455359868247564	0.0450620157380108	0.06525445164683334	0.09446478260450733	0.02018247537471166	0.01311573966230085	0.05127725838094377	0.1554235343617407	0.0610250845389092	0.06585420882422158	0.07162648382800187	0.04950539893070184	0.02854413316617511	0.02168184261639112	0.0159845091768402	0.01316743837296339	0.01434269601899134	0.01523261070779883	0.03759291534564538	0.01079021427194925	0.01183582045682723	0.0136896445256812	0.01218151162613066	0.01345754438673205	0.01599103135680353	0.1001051760784128	0.02050982752874611	0.02800972466700017	0.02291288006261755	0.2227046757082868	0.1994652671827233	0.1501968288920325	0.146983147628377	0.01174557470362894	0.01654564894900874	0.01085441274212452	0.0156653454962351	0.1471301621108745	0.01984572702104346	0.01579031207105147	0.0122135493456251	0.01422822298952491	0.01213511860651111	0.01129142057932524	0.01456094874737822	0.02094372336925372	0.01282352702677001	0.01273057477240075	0.01453872457504102	0.03258885620602738	0.03036945690646248	0.03168177827554527	0.03378725539441939	0.03533457815178623	0.04478854760360252	0.06513994105562879	0.02972977608587965	0.01876452297256905	0.01295856763475009	0.528551985131163	0.23367764963482	0.1206078206436788	0.2185319891613567	0.1578377053548624	0.09856497007775725	0.01501066144848456	0.1122462084454491	0.03398141922562863	0.03514696230839557	0.02429515171786254	0.01742107787382693	0.07924530255528633	0.03207288553963494	0.02753445372167524	0.02146763285084318	0.1069791601596799	0.2082720672933967	0.02715257448431757	0.03580092687394492	0.0378360225016725	0.04900011313864561	0.03975432714436053	-0.01170939699218375	0.02408152828659538	-0.008200557910761767	0.006033498865089927	0.01495773986433785	-0.02407656948187495	-0.0131952052158491	0.00443961636103452	0.007700054965930151	0.0005856509342979628	-0.00249132428817912	-0.02962940856917554
1.183771929824561	0.06710058556688897	0.09961255888158348	0.01596895582638151	0.01184217862278345	0.04512632801555753	0.1507356724425885	0.03731771353080154	0.0563854184246257	0.06878924463338336	0.04575092379855697	0.02479719844547438	0.0188751525661906	0.01367273755049726	0.01189658572956205	0.0127769159119017	0.01321771571646927	0.02484642608290296	0.01053915258598152	0.01121345380746782	0.01252909665323798	0.01147775993281409	0.01238795167888245	0.0143616150086983	0.09357825524157401	0.01872701057767679	0.02427769737966869	0.01983411454601743	0.2307994264668621	0.1985643504525081	0.1701195944210435	0.1439358700684761	0.01102701827099151	0.01358768279204572	0.01064156141802101	0.01441476375617772	0.1503644082367205	0.0174153751062798	0.01489040926286451	0.01189389479636677	0.01358936611162488	0.01151003737951391	0.01091138390715837	0.01307064809622992	0.01749245153883204	0.01193034747899176	0.01189086005486911	0.01280028876770612	0.02810217161767037	0.02608721398442591	0.02745851465805675	0.02970730485484921	0.03137610362003769	0.04098837246702466	0.0607307632698699	0.02284149140103439	0.01542958607015443	0.01195453715723271	0.5514609183409012	0.2372440243146607	0.1178856412330744	0.2251857421715472	0.1583845568434952	0.09617832990738351	0.01340649338586494	0.1189464534272297	0.0299133570007569	0.03116947974773311	0.02008061569855752	0.01570691887899812	0.08499758371979248	0.02884869003541534	0.01901423665397908	0.01740182117919406	0.1082445241618898	0.2139853166737335	0.02289296450221379	0.03188867328745838	0.03514425831516782	0.05249418337716132	0.03814820931976547	0.02417889774148212	0.07896494551730879	0.03955674384624877	-0.4242785319503959	-0.008013062323613915	0.5706370285386004	0.923210999643144	1.070670531361373	0.9882294311177355	0.09921545294537754	-0.2796129734122442	-0.05711854514948788	0.4450052762292004	1.113577839830302	-0.1415628615446832	0.5452241271894174	-0.1021773300966312	-0.7627474620261627	0.07755045715866092	-2.00161291339187	0.1051289680473001	-0.354988325936494	0.03533244062404556	0.7038320882188303	-0.1277539013530422	-0.3869164113833768	-0.02717132342471225	0.4387103033596873	-0.04713413407436099	-0.8730422611085762	1.101414658417795	-3.854730583292507	1.101414658417795	-3.854730583292507	0.2656956528901226	-1.127891138721954	0.2656956528901226	-1.127891138721954	-0.004836530858156148	-0.5400310612136227	-0.07052411396487873	0.2378161461941036	-0.3857177061353392	-1.098680093339016	0.08789434602378851	0.9565577807114765	-0.1472313146876744	-0.5307952945892981	-0.2327637324930888	1.864554401409025	0.0153835189401019	0.5387042236053624	0.1912264945035274	0.4513888706313565	0.6165155222638458	-0.1646272598886186	0.7242988454087622	1.927415766199723	0.9480769991552644	0.0494858899263179	0.8888269349123465	0.004615828180441982	0.06125084665478406	0.01452844984831084	0.04586220102282706	0.03964163048506528	-0.03150830499485997	-0.004209287109157299	0.03616235981823264	-0.0001916730453794903	-0.012606294239848	0.004698624276192626	0.00718936550482435	0.0270880644782785	0.0009044050510159536	-0.02852535698880897	0.01277930645820538	-2.899237493124929e-05	-0.02931064874735739	0.2350490136212218	0.03178581877103902	0.06572116883679298	0.0939197761742865	0.01383838748894428	0.01114960108966616	0.04282456112069521	0.1595766899133724	0.02736363092105033	0.04978052856851669	0.06603515110441814	0.04340899138861838	0.0231039181693795	0.01770210312574718	0.01245220697504237	0.01122628946539025	0.01200979519602685	0.01241051910286646	0.02054390380434536	0.01033112592804526	0.01080403490883168	0.01190654620307281	0.0108977072791652	0.01150269595720037	0.01306039808336665	0.08878681286049454	0.01420032348826756	0.0225881374445269	0.01850992718562215	0.2564888438901141	0.2076611454648015	0.1895900655236779	0.1508455428777919	0.01058447641171665	0.01186603266282843	0.01056491560106856	0.01254823413968732	0.1480634859499647	0.01641993032770743	0.01477750457167858	0.01186730267719747	0.01352225396139123	0.01123367489740393	0.01073879053526775	0.01235199627000118	0.01564926612423696	0.01151357797381593	0.01151308982005734	0.01197971869960945	0.02619662817396932	0.02379431560826879	0.0252557188735315	0.027698147880342	0.02954015548884424	0.04212967890951804	0.0654638974175252	0.01839712722249422	0.01357583259667824	0.01145304147932041	0.5180151261019564	0.2237590396234355	0.1082974905830796	0.2144996619429017	0.1492036591807871	0.09094219334238988	0.01265542264442933	0.1220686294316248	0.02792607993712696	0.02931376064857462	0.01712029928500178	0.01518134907390352	0.08384568412809154	0.02792392869157157	0.01473977313084901	0.01540890721999267	0.1165703746626012	0.2031720633308343	0.02052077398840215	0.03010525683912112	0.03147715475723735	0.04335708467234487	0.03362383429006507	0.01424090309638966	-0.01251016264835608	-0.02566736655451817	0.002414049093028982	0.0002200220411055489	0.009304087637962755	-0.008006521929717143	0.01893741360935026	-0.002083839309050106	-0.001625856275968187	-0.00220141151809892	-0.02916377091133598
1.193684210526316	0.06074136633296449	0.08598635253932395	0.01571426197913478	0.01187985586075149	0.0414368325038408	0.1476385757838794	0.03256303357227796	0.05426603118007541	0.06842191707250288	0.04564021464631469	0.02496797000119183	0.01914504763451354	0.01354327083468086	0.01182920227553038	0.01303734416668032	0.01362587543614763	0.0238729091268436	0.01054841122059208	0.01128949783609326	0.01286147044894938	0.01146873425082185	0.01240960855881108	0.01453596260055543	0.08605945693053201	0.01716217421493286	0.02444149450528244	0.02006638029746924	0.2309913011024688	0.1973207988890421	0.1705535905525777	0.1451982024724529	0.01099369913058918	0.01341985822063162	0.01068918191565258	0.01413459074799355	0.1497685331404727	0.01769168021195171	0.01531503556910086	0.01206104990695235	0.01390652782639353	0.01156985033135119	0.01094080300902312	0.0131072419035694	0.01730229156558902	0.01197888938170074	0.01195814715059561	0.01281413009678065	0.02841254798416898	0.02591086870781318	0.02735547249442847	0.02974094894409023	0.03152584798784839	0.04394958910154363	0.06692968094177627	0.02147430095384425	0.01501813816408402	0.01194003728268707	0.5377514996359375	0.2304666412168972	0.1126780043502029	0.2190996285348014	0.1534287946353907	0.0935610149217818	0.01348531932716987	0.1198085206246232	0.02996392040753639	0.03130963165275636	0.0193868629848476	0.01618989519397834	0.08041982843329923	0.02947731875188712	0.01817984043194775	0.01732586720227887	0.1145261410243125	0.2075829291186782	0.02258989484965498	0.03206797285075648	0.03314379735319042	0.04418013390543776	0.03508391966650222	0.0251112416733914	0.1057336754874223	0.03559033946267119	-0.3754109405404843	-0.00190364235358899	0.6581801663724381	0.9338118308829622	1.068548049993466	0.9891159552726705	0.07926342686309257	-0.2801756119153432	-0.05613728080052335	0.4548038998462235	0.8669379958387977	-0.1366132896168217	0.455114297286533	-0.1107321376462472	-0.959964799865181	0.05770103044823669	-2.001034259556399	0.1017766701830246	-0.322090251520658	0.04257907908576573	0.7521546786020555	-0.1318116347677573	-0.4271319063966874	-0.02311098890708792	0.3801947017725911	-0.05626980108929188	-0.9675041497889495	1.061162278874825	-4.267764250940636	1.061162278874825	-4.267764250940636	0.2547824764481093	-1.076092623084932	0.2547824764481093	-1.076092623084932	-0.01004541049789331	-0.5104886475789633	-0.06799960828001278	0.2707518417334321	-0.3967401169818505	-1.119851850085505	0.09703340656435074	0.8865869541652114	-0.1527948314626316	-0.5897340011460875	-0.2139290500677337	1.927093441270203	0.02011820169311455	0.4253952277371431	0.1958821998090741	0.4862754837737952	0.6150848889427138	-0.1267570082859002	0.7442370249907293	2.089451510731347	0.948590810772782	0.05382776355801153	0.8889065249267356	0.01163812697160412	0.0546684050629708	0.02982339624742173	0.03873391645988559	0.04255819840882718	-0.02888867996856747	-0.002704980477580754	0.03636058104825871	-7.50696577721191e-05	-0.01671619698358302	0.007763403620407578	0.006787092048892755	0.0237976868845555	0.0007412383289707481	-0.02320758413616908	-0.004085344576082207	0.01158824379061446	-0.05420173610994255	0.2200061272119637	0.02608564137707625	0.04567712722128459	0.05519107841888257	0.01936940591351432	0.01331312876544229	0.03743532034515539	0.1271374232637685	0.04211409617894259	0.06085151907112164	0.07213123959148134	0.04974709753735002	0.02887772308798622	0.022273983847212	0.01564278334410463	0.01299209970927987	0.01517860465367631	0.01631228541854421	0.03157296120309618	0.01092957155677264	0.01221502443660534	0.01483849361768097	0.01245359322895798	0.01399227426566177	0.0172105931771328	0.07418772377802717	0.02014683095880744	0.02832439206623079	0.02340095554552397	0.1920967885555876	0.1804435281240051	0.1382328789562774	0.1401072209458811	0.01174638106558509	0.01631258854628234	0.01097100471528983	0.01638645984406761	0.1502984761734181	0.02047099992942064	0.01674554299222477	0.01258598223129212	0.01493856228487399	0.01228346068102914	0.0113647692573473	0.01464615177387517	0.0204672671201732	0.01294340659580085	0.01289576342533955	0.01451966939409464	0.03318716704175775	0.02997527315477265	0.0314534014392556	0.03385886708906815	0.03565140410450524	0.05096071990629752	0.07793622570193523	0.02646349851487574	0.0176490675466946	0.01291019642739496	0.5214284406360327	0.2257204159827707	0.1119733026871238	0.2121309491068068	0.151082612952627	0.09433975843048784	0.0152025214912108	0.115912163343406	0.03408924486758024	0.03544471594518248	0.02311029017246948	0.01857863839612204	0.06799037994274761	0.03328411274585876	0.02476321468218921	0.02116085476740537	0.1203321009479758	0.2002620887019999	0.02645702092198781	0.0361794980215796	0.03411557466997528	0.03481289227548329	0.03425409553216516	-0.00944041061249812	0.02383209223699155	-0.02668258508931988	0.003590675647488838	0.01406567846653989	-0.02349706350191546	-0.0112141267360313	0.004253573009189926	0.00761816396625511	0.0004833466584392254	-0.002205960207200268	-0.02860681931909782
1.20359649122807	0.04951239107980713	0.0691993444626688	0.0153793688934748	0.01190067481585768	0.03205048276674655	0.130263998019556	0.0267477116871476	0.05171412355757544	0.06888804715554471	0.0458776482008724	0.02496675453272241	0.01912178517173329	0.01333040017464792	0.01171812246248926	0.01305085098919426	0.01348399766915247	0.02124607213701629	0.01057095478474001	0.01136783599219808	0.01307878584005558	0.01152544136672735	0.0125387597728169	0.0149571661994124	0.0686204637958006	0.01940855933172592	0.02442916987665995	0.02003603398729664	0.2113020374439724	0.1922056467392507	0.1710630332297709	0.1436907579933977	0.01094755226054877	0.01326878956683473	0.010685911783465	0.01472936027814191	0.1508454236790177	0.01767019410799547	0.0158378346983729	0.01229722814222368	0.0143213992443955	0.01155062149908788	0.01092450539495532	0.01306172314692784	0.01715505192505174	0.01194931342236414	0.0119353048037301	0.01283882092264201	0.02875269392729831	0.02574237221442393	0.02725352444028209	0.02977510295479336	0.03168282112802404	0.04752400868388043	0.0739436876683735	0.02083933938188633	0.01487023125294542	0.01190422001705511	0.5341761925993247	0.2289074006467755	0.1103170320073318	0.2183264051404228	0.1520086185010922	0.09279879515354393	0.01343122883824713	0.1232716898994142	0.03001632451632576	0.03145735981820688	0.01853809251195619	0.01622760261476234	0.0772333597397106	0.03003167781390187	0.01865975577026929	0.01735969800768198	0.1206792956049551	0.2056714268279361	0.02232938707816766	0.03225523697087793	0.03126942842008797	0.03638463249917027	0.03222595346050036	0.02620054721371028	0.1100326236651079	0.03212434811245127	-0.3235245162939601	0.004951586658099686	0.7205306885790547	0.9444003506296313	1.068189261640664	0.9897924988209303	0.05681870441145667	-0.2807201985968233	-0.05343739148887719	0.4622704409932685	0.644012408752073	-0.1324970164911979	0.3780794577084043	-0.1211227551914559	-1.13135817700523	0.03793580879174962	-1.983834602718113	0.09872998348589694	-0.2932984795065821	0.05011686462691158	0.7622427482454164	-0.1361219310303191	-0.4372674869964104	-0.01963999854035819	0.3198907782698232	-0.06625215348046062	-1.043152433127819	1.016782959043607	-4.688245366520849	1.016782959043607	-4.688245366520849	0.2443249866056836	-1.035571568041684	0.2443249866056836	-1.035571568041684	-0.0149517082577684	-0.4794164821419903	-0.06517450415091823	0.2982654574770109	-0.4078108330101727	-1.108521302551631	0.1054551491017146	0.8119963084170422	-0.158877557650378	-0.6350721127136242	-0.1947340298528427	1.93702027478483	0.02395759821438045	0.3545976332353504	0.2008354454730817	0.5117787434067714	0.6139490448832927	-0.105076552711345	0.7655903539916907	2.211903930765884	0.9491370058184831	0.05601916735301998	0.8890610820957908	0.01969276361886793	0.05230975254070481	0.04324714839361359	0.03317728386892321	0.0441697110281723	-0.02549381186858708	-0.001102875389568469	0.03616074031805529	4.948117345782918e-05	-0.02069644477711643	0.008946571453566789	0.005780108449655787	0.02037076978002655	0.0005339493868360503	-0.02181938418701293	-0.01314878815130669	0.01354975604833731	-0.07289423867652217	0.2025593206811026	0.01804206420326045	0.03894655820274674	0.05600598561446706	0.01287878147328486	0.01123965440066461	0.01962784731025719	0.1043302270730238	0.01183972329979209	0.04456289500604294	0.06783844022417357	0.04420605587760006	0.02301437292347942	0.0175348035852957	0.01196829928536573	0.01097166527200583	0.01208125706395298	0.01187681182830268	0.01256868774097866	0.01047264372979429	0.01115811720981508	0.01267165664694015	0.01125774998799742	0.01218062953995357	0.01465346676419782	0.04479964632044965	0.0224425792016357	0.02247342431471242	0.01833284642367032	0.1858144583847311	0.1881143562787452	0.1869607726843546	0.1425073127597297	0.01051369157371759	0.01159022844274675	0.01054341730173954	0.01503884338622452	0.152845442259791	0.01626252954061901	0.01584154579900276	0.01234956835677563	0.01436770264923548	0.01116562800965252	0.01068909202235834	0.01219856618327676	0.0152432774956912	0.01141530551879415	0.01143105898370762	0.01196750170644931	0.02693260010994942	0.0234532677948503	0.02504853017777791	0.02776664366981714	0.02985723618375985	0.04997294610135725	0.08056822739212884	0.01721836462532287	0.01322201481818751	0.01133981825223114	0.5351828457260608	0.2288249071976266	0.1067514481415942	0.2210756798626029	0.1510891682026942	0.09139137986522501	0.01248729830778119	0.1327241286050496	0.02803198725180006	0.02961326416975274	0.01548858805745471	0.01520900060404249	0.07832737230707613	0.02909216385275299	0.01562604312779231	0.01537100400832575	0.128975378554694	0.2063450529995512	0.01999845004282861	0.0304826544598979	0.0277465751746758	0.02900676627275852	0.0280792522619565	0.01213064240767125	-0.0139940679089876	-0.01822063902230162	0.004409054514531596	-0.001652766812740237	0.009464479789481702	-0.009686736734590022	0.01861924424676682	-0.001656749798182491	-0.001591040388384007	-0.002588740427369627	-0.02815692090516232
1.213508771929825	0.03878415314244616	0.05271778616855966	0.01432543060824607	0.01202446536859575	0.02312305297514303	0.1026518382967815	0.01575611182229171	0.05008930709714037	0.06944694982908213	0.04613463661984894	0.02498717575624552	0.01915059689712642	0.01312197308651558	0.01159874965740951	0.01339643607507183	0.01311921120200703	0.01505329076829705	0.01083654626913329	0.01201208489320347	0.01436489905169176	0.01216161190773278	0.01366235519089344	0.0170532224786088	0.05002116464303337	0.02638313156699634	0.02443840917267061	0.02004707926222073	0.1841562452948936	0.181584726027132	0.1678762100575617	0.1396004359818553	0.01094268524723449	0.01307847541389712	0.01069579822211203	0.01759264503035074	0.1524541014077579	0.01770737726095816	0.01613780165014432	0.01240210919243005	0.01453369960784355	0.01153152560577986	0.01091003236765662	0.01290763765784949	0.01656224985879153	0.01188581286927453	0.01190481373268882	0.01264064003534394	0.02928976774374645	0.02557147800442356	0.02715183810356164	0.02980664250029235	0.03182806635289663	0.05211817903001716	0.08221763212786701	0.01950638582167358	0.01426004082832629	0.01175921613400855	0.5365790301252166	0.229918931781735	0.1091680463732121	0.2201449043292513	0.1526660900271753	0.09312827308946831	0.01335450230385442	0.1302128290768417	0.0300655546544527	0.03159566577229741	0.01799822336299091	0.01675284583429058	0.07527777096072821	0.03104099746659253	0.01732361013272156	0.01690754908441547	0.126419538372887	0.2067417423611964	0.02204807855014421	0.03242697481843116	0.02880178687942216	0.02928175868929821	0.02879783231184543	0.02720978686023926	0.08935353180106913	0.02918249535361883	-0.2698507576469829	0.0122892957700436	0.7553404704048966	0.9549940332497747	1.069581871525521	0.9902338316041932	0.03179836900310351	-0.2812288375646569	-0.04887758415443672	0.4676666466088329	0.4499177210389386	-0.12905816469677	0.3190945365985454	-0.133042092093124	-1.266864846904508	0.01844168154463329	-1.94570860617307	0.09595068047641819	-0.2679533471954311	0.05756261297618739	0.7338238922989901	-0.1403728685344698	-0.4149914977095644	-0.01677373207236928	0.2582427991006864	-0.07687565603235272	-1.096397689545961	0.9681870933739851	-5.118454688487081	0.9681870933739851	-5.118454688487081	0.2342272403871374	-1.002696468271054	0.2342272403871374	-1.002696468271054	-0.01955244261400091	-0.4491607945353733	-0.06210809477279525	0.3193078531515671	-0.4186127012880567	-1.066037012571315	0.1131207345118597	0.7343565425191012	-0.1653313178195696	-0.6642525585739193	-0.1757020010842439	1.894620621838277	0.02721710251680929	0.3047762184227749	0.2060065689517318	0.5308120060965098	0.6129495626262326	-0.09921644063165423	0.7879382520018208	2.289428229534517	0.9496942830787146	0.05607342234969356	0.8892991172582914	0.02840636113549778	0.0431926353275873	0.06221289550675292	0.03097763274715453	0.04618918372367695	-0.02194221452374694	0.000529614428938957	0.03588045065475786	0.0001745081492081513	-0.02247852287067927	0.008624377033377588	0.004249939573833928	0.01737468769603765	0.0002977862019018139	-0.005685789651234956	-0.02130473195986633	0.01500199273945651	-0.08181408699164372	0.1842435587046065	0.01195551232125775	0.02548200038035972	0.02463239907897992	0.0165523948227014	0.01365987772830727	0.0202148136782425	0.05914461059261878	0.01469619231548136	0.05860376003654331	0.07337046461974139	0.05028741124771878	0.02894094728159145	0.02238338825268581	0.01522818992438117	0.01274482428315939	0.0161917295611261	0.01536457900606293	0.01555330393938046	0.0116925626527082	0.01404718509486729	0.01845303026808909	0.01428302415156319	0.01720416475275904	0.02306268399154604	0.03651122697607687	0.03902569240387506	0.02836490386908671	0.02346421761357588	0.1271496396742906	0.1500820335385229	0.1258021304470348	0.1279733668444001	0.01177592899870596	0.01589205685574573	0.01100330790698468	0.02436485267920661	0.1543680466513565	0.02060330788582258	0.01712961729238256	0.01266993754188215	0.01516766663502671	0.01224533452198754	0.01133753257412117	0.01423284429560254	0.01883957232770148	0.01278372799786122	0.01282734178445209	0.01390847194978845	0.03447623377932479	0.02962760521230754	0.03124824461459156	0.03391986798231838	0.03593251217702113	0.06145016738548985	0.09645410077725082	0.02307878748798238	0.01597574678251691	0.01251530497391194	0.5423546204281089	0.2326141721833667	0.111393620923597	0.2205772655719832	0.1557181417811465	0.09646214722160658	0.01502669999716312	0.1349555548433196	0.03418539757784703	0.03571424018484897	0.02232201686672477	0.02010963502866063	0.06576456091055839	0.03579505570390955	0.02029196688912834	0.019775760378638	0.1313211776646148	0.2078077787394432	0.02586820309806115	0.03651007878084458	0.02855256429721531	0.02164941776548117	0.02681584462241912	-0.007122409768183072	0.02243754983182386	-0.02682222135933209	0.0008142862315435491	0.0138355923176248	-0.02383538885463121	-0.01140454146332031	0.006627832890101886	0.007453109134298568	0.0003761184644089431	-0.003249397923914849	-0.02783566633458781
1.223421052631579	0.02730131805699692	0.03345392124371636	0.01381099058512827	0.01204984403911094	0.01827434993879536	0.066696038355301	0.01341185602499206	0.04762248050733262	0.07009085002670452	0.04643025909998496	0.02498269060940023	0.01913574608274455	0.01292512627163579	0.0114989623170007	0.01342989073855523	0.01287984529439126	0.01354871584990027	0.01107776953099082	0.01259630343154299	0.0154258791473323	0.01294190384677815	0.01572068457883869	0.02232949992378199	0.03349530161193348	0.05524676415671673	0.02442579393292837	0.02002354914276675	0.1531343245942374	0.1716933624223179	0.1712325546550186	0.1369766450265467	0.01088823377546835	0.01289818767138598	0.01069713153950168	0.03802287924991293	0.1541888306866332	0.01769415660848499	0.01708949890000258	0.01292840708840191	0.01536158402099888	0.01150321595751737	0.01089137166318164	0.01281389664549253	0.01620950948845059	0.0118367248764886	0.01186955935219362	0.0125808856832353	0.03001717727041795	0.02541804647753707	0.02705839283232843	0.02983507473546984	0.03196312820086308	0.05856103406821479	0.09253121728783738	0.01884059368215071	0.01401220633406452	0.01168583435687567	0.5418794126929807	0.2325379695053648	0.1093763064356547	0.2238815514786247	0.1547035543919627	0.09430384800601531	0.01327988901960175	0.1400884921592449	0.03011153462098485	0.03172614343562741	0.01748918902641531	0.01699337242930227	0.07602389330087157	0.03243963961150846	0.01714905608578738	0.0167057716436522	0.1312197163843372	0.2099168207319025	0.02181445628149821	0.03258441063704948	0.02610596535824385	0.02251521463028534	0.02514561880696625	0.02788891308772624	0.04363177740944965	0.02677689392569936	-0.2155056753503277	0.01983460550704071	0.7625846205377041	0.9656101374377972	1.072697049318212	0.9904145533327665	0.004271082661078087	-0.2816833391235596	-0.04254714349728919	0.4712960180902883	0.2878872333135573	-0.1261014744597942	0.281118158537647	-0.146090378170773	-1.357794767736429	-0.0005579801050066947	-1.883726222933333	0.09341118944276687	-0.2446423299906064	0.06454677752172033	0.6698274184632464	-0.144243166218323	-0.3608004404218693	-0.01452354159896255	0.1956690569131971	-0.0879066088579097	-1.125129415767537	0.9152906080660439	-5.554868793946191	0.9152906080660439	-5.554868793946191	0.2244404799093801	-0.9717432579195351	0.2244404799093801	-0.9717432579195351	-0.02386387390888964	-0.4212332426765045	-0.05886716561130973	0.3334662709113894	-0.4288559848685967	-0.9968227143352668	0.1200108482418591	0.6559439804808909	-0.1719880144949516	-0.6758973741554958	-0.1573303839625882	1.805000326780984	0.03000131995852104	0.2556223670812513	0.2113488281136318	0.5469017614870044	0.6119313448575738	-0.1086412882135258	0.8108205225093297	2.319633634535395	0.9502421305694473	0.0541663742031292	0.8896247748310461	0.0372867807418877	0.04050548846201006	0.08935956932482031	0.03359766569733456	0.04769986058445257	-0.01874342691257306	0.001992770999097599	0.03538849325957868	0.0002850275931068325	-0.02296121058828187	0.007082399165704217	0.002326581584862424	0.014896045505549	5.512583327285675e-05	0.00416744966620388	-0.02667480031030709	0.01890813167125577	-0.08245346444507405	0.1665599497849606	0.007972064174456993	0.01743732820294297	0.01937174996307642	0.01185245324039285	0.01125311429909335	0.01287357667361862	0.02947241761509053	0.01068514119570173	0.03997708411356934	0.06906704369844639	0.04476286290769895	0.02300825498325942	0.01751408119809238	0.01162480797445714	0.01079608262740142	0.01221007096531876	0.01140964518276799	0.01112536134114833	0.01132074192011	0.01312985006748957	0.01590702371289847	0.01361871821653515	0.01819793957399609	0.02844783198088556	0.01584748113623134	0.09504173816259222	0.02245334342010447	0.0182956026856149	0.1233631100584385	0.1669554997233808	0.1980831307960315	0.1384025044493382	0.0103895741185884	0.01118374668763428	0.01054769878651883	0.0676095231295416	0.1562576120560938	0.01624447397252095	0.01785756279300535	0.01348008311053694	0.01613271939997091	0.0111062826692179	0.0106532369663846	0.01197951938210444	0.0144234540657277	0.01130583059586898	0.01135692541727776	0.01180825112805045	0.02875806526779289	0.02317470954987973	0.02487804593698473	0.0278168651572418	0.03010020720116143	0.06536649955041297	0.1044999409364241	0.01591868773531931	0.01269500772622341	0.01117123063111278	0.5540854221077477	0.2372957837841259	0.1091651573722831	0.2319849347202772	0.1576793967592182	0.09517570206444288	0.01234123199465415	0.1582529426566214	0.0281152917471005	0.02985061079535924	0.01476784032388584	0.0160371349612062	0.08259157079766039	0.03254962589120379	0.01511814612526808	0.01486473236200925	0.1370697190226992	0.2169047936772315	0.01958068413905295	0.03076280265408907	0.02187005885036226	0.01652825181750027	0.02043626588666007	0.009739849044036082	-0.01545190131899702	-0.006182763514198064	0.005646019646098712	-0.002174986949940629	0.01051338329922327	-0.01153117374773609	0.01779692487817151	-0.001097334741338966	-0.001451683358060726	-0.004117374904689578	-0.02764299497170938
1.233333333333333	0.02052531537888364	0.02328725617204164	0.01294247940229128	0.01200947975106518	0.01503469018119952	0.04013958438910942	0.01189490614355859	0.04718723317687674	0.07023350351247068	0.04649824522449662	0.02501901557830241	0.01919166234474622	0.01290095241707932	0.01146665475729711	0.01398880798139562	0.01265873234763239	0.01222687333710395	0.01261987702448662	0.01600941145559109	0.02037879898573103	0.01613132327419487	0.02266646651638093	0.03245293282440066	0.02265108686620704	0.08318051275350354	0.02445643865549154	0.0200665748803482	0.1334272319202625	0.1606325775176656	0.1718916013872844	0.1363281956900206	0.01082442376385043	0.01254522878018106	0.01070820581988731	0.06328480221965972	0.1548179749950095	0.01775561074616019	0.01743345882051211	0.01309141507197842	0.0156321991846546	0.01148104572495475	0.01088479309767626	0.01258192927709591	0.01535181904661339	0.01174724058853671	0.01183593129103874	0.01231372244688385	0.03161799548067297	0.02533584211645798	0.02700807619607165	0.02984780535322664	0.03203067842840968	0.0686436642706198	0.1068060111843818	0.01760199382317057	0.01338302290770357	0.0114942892701829	0.5480205320035554	0.2362870466875296	0.111325089201941	0.2283916771422149	0.158359603069037	0.09709363148933595	0.01323527994812171	0.1554754995997763	0.03013548655531876	0.03179539310316724	0.01777500386350209	0.01871544261592485	0.07868967962179903	0.03514458046998267	0.01581492714233114	0.01606989136971784	0.1337776895507591	0.2153928652914774	0.02169105164861166	0.03265834291967942	0.02239281809905502	0.01761560125993419	0.02091230216295443	0.02799991880413956	-0.02467116978678933	0.02490875312966934	-0.1615987353856092	0.02732208764177301	0.744126721598103	0.9762651455328345	1.077407724512133	0.9903112845890759	-0.02543215945675638	-0.2820672176365214	-0.03468199918553726	0.4734843605338643	0.1592358570195663	-0.1234122746805976	0.2651257995505119	-0.1597883544165338	-1.396938360601736	-0.01881977811324447	-1.796818531925015	0.09109933085406974	-0.2217698388849057	0.07074194656953131	0.5757262471653601	-0.1474311969772173	-0.2781243550093739	-0.01289550357512529	0.1328567881572044	-0.09909735608982222	-1.128638602291181	0.8580761382794552	-5.987469570203786	0.8580761382794552	-5.987469570203786	0.2149793326810945	-0.9358025162440833	0.2149793326810945	-0.9358025162440833	-0.02791376343558264	-0.3964716071544442	-0.05551970777126811	0.3408408002492271	-0.438308442286295	-0.9077193287623854	0.1261309053008308	0.5794746628285196	-0.1786717974031196	-0.669747049286707	-0.1400461980172558	1.676859067838435	0.03223477026321396	0.1916020632790541	0.2168505967591011	0.5635573834549514	0.6107523941286312	-0.131216144221067	0.8337704540529391	2.303438210645447	0.9507628671321124	0.05067432491440788	0.890037156198227	0.04581636237230838	0.03899231675568677	0.1172103181507877	0.04078947382533902	0.0495338100046919	-0.01548753974359996	0.003331698953495679	0.0348897886807674	0.000381733661319429	-0.02154786527967419	0.004135342604291809	4.645925547996102e-05	0.01308786942340092	-0.0001824616790237468	0.01449621717351636	-0.0387771766557346	0.01519155025105516	-0.07291361394239389	0.1510305299411368	0.002638635545377408	0.01722222915858448	0.01543134385209775	0.01446722767252104	0.01351609403729944	0.01536250911183172	0.02169172694158577	0.0124665495596832	0.05996791011723746	0.07304094791879578	0.05017008566136645	0.02905563588110618	0.0225657996827191	0.01534482789398372	0.0127443279711023	0.0178220907278429	0.01493765458953632	0.01308256343049922	0.01603097613689469	0.02365781742970521	0.03230492630983903	0.02303835499744612	0.03610738699134138	0.04866104604105543	0.02141609782784374	0.09535518990908599	0.02847047579591423	0.02361680283857814	0.1093779482658341	0.1270030577653437	0.1223036451718684	0.1297672555974064	0.01163916672529837	0.01501671120982299	0.01103473907739335	0.08145518371124766	0.1538567233778963	0.02080014977131159	0.0172217436431259	0.01264613400573478	0.01516635934345049	0.01220678525936274	0.01133586672562654	0.01363513229500776	0.01662561664800704	0.01256583272347948	0.01276150298098537	0.01317418517244112	0.03862773638805052	0.02953386270193761	0.03119074212319424	0.03392929404322879	0.03599818429243469	0.08641240037556096	0.1312118057688626	0.02001992783002244	0.01434566974282636	0.01201881221455551	0.5569462260752919	0.2422958693146277	0.1177735075201805	0.231062536483755	0.1656766719747676	0.104258402890428	0.01496594170041479	0.1747734303404028	0.03421089582359126	0.0357900088224164	0.02367428915149941	0.02503574041043029	0.07348673659026761	0.04265096485475421	0.01648088522785362	0.01807388796524992	0.1330969066127959	0.2230037849876089	0.02572899788494894	0.03657160863983346	0.02010103496361524	0.01390957913250016	0.01780282287749369	-0.003379475184934999	0.01912176031412209	-0.0161041125371994	-0.003226528504965801	0.01372370508219087	-0.02470529714852138	-0.01228401649830686	0.009756079119160439	0.007162556985346173	0.0002626272507670293	-0.0051504442680198	-0.02754427666568016
1.243245614035088	0.01675011473462525	0.01716306638574637	0.01262837580578044	0.01195981543491129	0.013757608071651	0.02581573663383788	0.01141335047548135	0.04931550808620591	0.06980294280371771	0.04628283035483235	0.02512790391485468	0.01937156265157023	0.01284514324424673	0.0114530469182357	0.01415488640900267	0.01259850249727788	0.01184383037564289	0.01484175880034058	0.02076625019755327	0.02602584196798226	0.02087311953010026	0.03560405283946427	0.04649410140368877	0.01834864447873137	0.1054577983347303	0.02457413770243962	0.02023498460156581	0.1253280055372524	0.1532133183051848	0.1664409840406012	0.140419900716835	0.01075217052719512	0.01236791927150988	0.01074099120161924	0.09022975437476964	0.1545127456494306	0.01792765812752595	0.01707404309857641	0.01283824245138234	0.0152740528364533	0.01149492192362673	0.01090228512455023	0.01245819380940246	0.01471641105574597	0.01171655038399501	0.0118508730636399	0.0121739117406851	0.03449596586434593	0.02537215229908672	0.02702822871678607	0.02983563183430921	0.0319932221794075	0.08500960828720093	0.1272817252491462	0.01697707154438814	0.01304860288658293	0.0113912295002121	0.5483962328789388	0.2382590071606433	0.1154247224576614	0.2308605713987662	0.1620692698247712	0.1014089541712478	0.01327747931625208	0.176487687242332	0.03012477652172041	0.03176955270758947	0.01848737606521625	0.0237870844492247	0.0858069580778433	0.0401963817040223	0.014805837283229	0.01561362074797645	0.132297691661104	0.2211683895034693	0.02175461000288563	0.0326021247902005	0.01864783687372603	0.01427280893372095	0.01709478897933338	0.02734048611530513	-0.1108643323925356	0.02356794976328616	-0.1093007684981718	0.03451320518049952	0.7034990985251151	0.9869741708610678	1.083573577177259	0.9899050308929973	-0.05674001395308615	-0.2823669723589711	-0.02562611632596078	0.4745616643806996	0.06346471966314525	-0.1207756358930277	0.270215445735773	-0.1735971932072468	-1.379605744018021	-0.03610004140177508	-1.686059974612838	0.08901786442415985	-0.1979547147085294	0.07588542034619042	0.4589981623408005	-0.1496820738588567	-0.1728845196232079	-0.0118872451008166	0.07080710588807354	-0.11020029692074	-1.107653117558609	0.7966577671935381	-6.399883975117605	0.7966577671935381	-6.399883975117605	0.2059281527801503	-0.8879310010307842	0.2059281527801503	-0.8879310010307842	-0.03173440004749882	-0.3749058207647586	-0.05213140385135762	0.3417965527699438	-0.4468116540165964	-0.8066900650021966	0.1315151883803178	0.5079914691300481	-0.1852087181733433	-0.6464637936239624	-0.124178111089536	1.521330266917669	0.03372238250618756	0.1044638268965751	0.2225321152028566	0.5834569407842591	0.6092943447509761	-0.1645796979482918	0.8563422796095085	2.244097421312995	0.9512429262073079	0.04603405939510963	0.8905301196987448	0.0534563980449926	0.03854553185673618	0.1522057397275936	0.05222626622996225	0.05217920974733618	-0.01393108608373458	0.004233149380195804	0.03475950742634431	0.0004451778493621631	-0.01784083999578909	0.001446653895881971	-0.002084191938644242	0.01241294737246526	-0.0003829711027265242	0.02665273880663551	-0.03962288328892805	0.02015201548808835	-0.06090749805317514	0.1366036843451388	0.0009990895586228796	0.01332590680902392	0.01287781847546414	0.01139870511734401	0.01110884356501236	0.01185922241385326	0.01510375594014854	0.01053124529768404	0.04787060370197527	0.06780478249746018	0.04415924255089536	0.02326079457850987	0.01793039262876079	0.01183732105984619	0.01091293070657299	0.01244631662526049	0.01134021011739451	0.0108770216531936	0.01686934872078022	0.02436874580302032	0.02858241492210188	0.02443824147157046	0.04800310518769119	0.05947372779054361	0.01331858200413529	0.1367911862611567	0.02272924775676246	0.01868862897675889	0.1245505521602134	0.1564465865731702	0.1768083708346602	0.1524581099289981	0.01031650960188355	0.01099965103219397	0.01062265211448982	0.1240553583224174	0.1546982029738394	0.01664037331409344	0.01651361856942279	0.01265083696890278	0.01488749601020385	0.01117689051845912	0.01072419491998497	0.01173589759388582	0.01308801162213302	0.0112703043029102	0.01143837103601104	0.01151554872582771	0.03583865472996795	0.02335008973233772	0.02497989495335459	0.02777075414887837	0.02993147659896608	0.1055351581057848	0.1542825506922684	0.01475083251724505	0.01202904623402503	0.01096335817950944	0.5424365562486443	0.2389618792661647	0.1199273326863086	0.2342576272841067	0.1657367759066571	0.1057964462145256	0.01254752938394815	0.2106549596851109	0.02806316970858486	0.02971357512589234	0.01742976556942714	0.03072924028176982	0.10152250334082	0.04486363877000281	0.01294055490450214	0.01388878896487452	0.1290802801956887	0.2298187996186336	0.01987201430673131	0.03053434615366526	0.01436342531761298	0.0115348987759078	0.01322493770864111	0.007650006125498507	-0.01493940300113883	-0.0006185110405455209	0.007491432650899305	-0.001230462970742987	0.01209236962116559	-0.01283582584546146	0.01649112682930729	-0.0005223764117064135	-0.001389998771930662	-0.007033822183607428	-0.02772113652404671
1.253157894736842	0.01520248812144851	0.01492054736236958	0.0122911626579226	0.01180937171868575	0.01308715002648278	0.02002860250749305	0.01138092457601019	0.05730017753961011	0.06982852991637688	0.0462782949027769	0.02518743935827079	0.01946436326834039	0.01399767545726189	0.01192516889794389	0.01417653649055535	0.01241547678798012	0.01155526929457035	0.01891162033329556	0.02685357156625266	0.03175689779568619	0.0253775430987814	0.04553502080908637	0.05668469844430946	0.01718459990892114	0.1201524612706635	0.02463381892291112	0.02031470928127725	0.1251433214767206	0.1492433675613646	0.1510912647139772	0.1474445423388338	0.01099737385421537	0.01271289313013008	0.01076123151665922	0.1050008734935399	0.1551341908938175	0.01801845988499465	0.01618475756235692	0.01243354175602964	0.01455630647243697	0.01160909767740745	0.01100924442056208	0.01227785806848521	0.01386561740019732	0.01171895942905765	0.01198190785203356	0.01194094297419354	0.0389474683910119	0.02549891971820889	0.02710098847880558	0.02980628416897054	0.0318810502009399	0.1064178512871349	0.1525091823780161	0.01599247316753692	0.01252651521826121	0.01122878931839483	0.543303202171418	0.2385690524080046	0.1203568502007352	0.2316010447392101	0.1658352095691252	0.1067456829133948	0.01361883288832605	0.2028262988956896	0.03008914597777737	0.03167452690901383	0.02255524327536834	0.0387024322565627	0.09560572348832197	0.04724719864274653	0.01362964187392994	0.01496384332138533	0.1283630510214962	0.2272119007993567	0.02198448192404776	0.032455152633744	0.01560596905534994	0.01241090351871359	0.01437124910916161	0.02576446300265133	-0.2084158002474455	0.02273255546955553	-0.05984898292503324	0.04121096848264609	0.645427506040558	0.9977507960853206	1.091017278054428	0.989183659803609	-0.08886245535518267	-0.2825725170235718	-0.01573365774764469	0.4748438884716836	-0.001634431441590368	-0.1179938968778874	0.2938723147203402	-0.1869452389919486	-1.303940776940797	-0.05217721429281669	-1.554778249521926	0.08718102153574059	-0.1723455648953691	0.07979494864062141	0.3282211198102937	-0.1508099682511001	-0.05296647098855074	-0.01148466893268181	0.01093305976522366	-0.1209815956244328	-1.064140319089451	0.7313395188035557	-6.770283366907385	0.7313395188035557	-6.770283366907385	0.1974355795036047	-0.8222266042683599	0.1974355795036047	-0.8222266042683599	-0.03535437960852411	-0.3558408229627963	-0.04876267395391847	0.3370220260286853	-0.4542893134314859	-0.7021877432812861	0.1362279168752329	0.4444849821560437	-0.1914363294492528	-0.6076496307864574	-0.1099347390121627	1.351146455371281	0.03422952240992861	-0.005471853041711658	0.2284296192451186	0.6069881293674749	0.6074630512620774	-0.2059565169120616	0.8781350819340196	2.147366706544192	0.951673262368979	0.04072690914632629	0.8910923349606318	0.05971797389362297	0.03985091132892881	0.184102250901718	0.06663997385904648	0.05564593092461765	-0.01345094365178514	0.004778570941000516	0.03507826093910925	0.0004804415528080252	-0.01215495539527301	-0.001147642451030789	-0.003990065971413045	0.01286338006052478	-0.0005397956658188742	0.03812418407996358	-0.03432520592056108	0.02177404728166187	-0.04724117930560894	0.1264673519721477	0.0002425173002893874	0.01634238848180801	0.01489031536704729	0.01376831260759608	0.01311798820693151	0.01460506851615259	0.01953172873193204	0.01283011833318019	0.08309073236855057	0.0736541370044332	0.05039643022208273	0.02912592132324125	0.02266712966456839	0.01882587672613835	0.01415537507640613	0.01772705199449032	0.01445234329054428	0.01259450710225952	0.02605691065636692	0.0374080495528628	0.04418912437812661	0.03196295972255791	0.05334439395544341	0.06544290136944973	0.02219245632674424	0.1145465967989158	0.02853242766716023	0.02368993191543012	0.1211208492038564	0.1251617852469235	0.07717305039878913	0.1483317084146057	0.01243266052255839	0.01620972617674382	0.01106331057321647	0.09558668622480868	0.1565896622093494	0.02090359108124988	0.01492601086166649	0.01169213657085464	0.0133836292459361	0.01253122790043435	0.01163520526770053	0.01321942144831192	0.01471137952226056	0.01260224773958028	0.01313504706053879	0.01261829495968871	0.04936532923257534	0.02988172341911621	0.03139151709134379	0.03385222465126921	0.03569348024308567	0.1375983843425639	0.1911555311058666	0.01768935072965387	0.01311921874536839	0.01163692826014264	0.5319481315285601	0.2397373025993356	0.1289606989848454	0.2292728683170246	0.1733856557587628	0.116491097115064	0.01593888320189171	0.2383229864462212	0.03411307569331765	0.03552577684711704	0.03526081905789721	0.06585022229806654	0.09654075735743513	0.05921696116404029	0.01396407339401091	0.01658106527227115	0.1215566729983243	0.2357107605116337	0.02635912441445237	0.03617961938511058	0.01474394538528136	0.01165834355745651	0.01346945797121823	0.001723943449323171	0.01470482079020135	-0.01415900422842185	-0.007424944254526963	0.01313186439355764	-0.02439742162413271	-0.01239605614638398	0.009766196118572731	0.007472993484740333	0.0002278732072979015	-0.009938006481982897	-0.02813366542465737
1.263070175438596	0.01461999126416988	0.0140090898371512	0.0122334178006738	0.01180165312449188	0.01289472574660327	0.01789804319905145	0.01121818592306594	0.07138465622063628	0.06944619564572103	0.04607537005026084	0.02530440681847242	0.01969301054800303	0.01510750644529382	0.0126817566057108	0.01421382732553957	0.01239859885662365	0.01149419862915887	0.02167397384283899	0.02977690114160665	0.0336679966929705	0.02810296484530598	0.04943977068805035	0.05975468600963711	0.01694673181879258	0.1235922940001063	0.02476867260913695	0.02053046958426052	0.1214079644271569	0.1445455372882858	0.1135972907326849	0.1518674521505151	0.01063856013084101	0.01243263198345319	0.01081103101910165	0.1031504682200848	0.1554862416320962	0.0182404653023247	0.01454453828976533	0.01167018055606046	0.01323284152158305	0.01169484087517438	0.01109543764934449	0.01216690845651928	0.01335294260861724	0.01172209019482719	0.01207718305166264	0.01178845041594783	0.04510269946839129	0.02565622141376833	0.02719428509360369	0.02976865931787307	0.03173108747786883	0.1312689779816227	0.180705255682968	0.01540707309730325	0.01221994556960092	0.01113021916799792	0.5337280244451504	0.2372617469327852	0.1259967044370823	0.2307152847136422	0.1697819011289649	0.1131674306952357	0.01387570387923702	0.2322304862334067	0.03004170287880801	0.03154527683895908	0.02997366593730693	0.07010980579413459	0.1072447667868133	0.05691651770702597	0.01291212639597281	0.01451015690813921	0.1237404373856921	0.2331511807860174	0.02224097999510433	0.03226099267442498	0.01398316796656772	0.01154882033635176	0.0130063072871348	0.02319600005539812	-0.3097965111739575	0.02236709298943852	-0.01474542518734253	0.04726803013653912	0.5751027019112995	1.008606921820137	1.099586800006519	0.9881438891880396	-0.120819663956857	-0.2826771956834478	-0.005315696221762674	0.4746210917671058	-0.03898986269034447	-0.11490055409857	0.3323851900600084	-0.1992601875178784	-1.171757708745648	-0.06687137263743549	-1.407989569447959	0.08560675270622133	-0.1450760177382859	0.08237476631974681	0.1921268302596672	-0.1507128700634519	0.07275570177545228	-0.01165698400927536	-0.04486272601746904	-0.1312309406894492	-1.000853136928681	0.6626654210962794	-7.072376758967589	0.6626654210962794	-7.072376758967589	0.1897011515398495	-0.7344273708018006	0.1897011515398495	-0.7344273708018006	-0.03879375951570266	-0.3382556225465004	-0.04546645396111513	0.3272984947062783	-0.4607473473567809	-0.6022469120413704	0.1403637612219686	0.3921077273989451	-0.1972102874305418	-0.5552944864789909	-0.0974011018828454	1.178273636331836	0.033564949974806	-0.1300154191386255	0.2345717122933628	0.6323991545144216	0.6051969137529659	-0.2517469259281245	0.8988118087782401	2.020054164189693	0.9520498191378227	0.03526576677717636	0.8917082189663128	0.06423230475138191	0.03814543671667842	0.2032531143024331	0.08178269993525784	0.06026670150359373	-0.01378957696529399	0.004997420008245767	0.0358949780710933	0.0004889707119651704	-0.004585713695755448	-0.00339723542878862	-0.005526080176618749	0.01421284454212296	-0.0006494302808086977	0.05435710191976682	-0.04036652679641293	0.01254687392792624	-0.03018761099619581	0.1226082077707174	-0.0001543322859333863	0.01341868606956672	0.01296973812723868	0.0114802635524891	0.01118918778032423	0.01196637503633891	0.015492011975494	0.01071051739839118	0.08216430055021026	0.06759736142315351	0.04398644439901246	0.02346268429262088	0.0183459717378052	0.01543002323575172	0.01280146879423851	0.01254255415519829	0.01140328652437147	0.01093320508666209	0.02182904092219263	0.02830126679979627	0.02972716395140878	0.02848330054730272	0.05057291478386743	0.05907513649109244	0.01500763419736263	0.1305281611376876	0.02296744446608872	0.01907922311324298	0.1155107184085419	0.1467468400717609	0.08031981255306558	0.1585300175914837	0.01047182941644234	0.01152837746903026	0.01072114224158482	0.1016055171419671	0.157360497912672	0.01704140321934743	0.0129017825347815	0.01100444851654342	0.01200321425668469	0.01139475421891208	0.01094269918209941	0.01153696154989586	0.0121859000384371	0.01130104350718137	0.01168127797347844	0.01123007721794856	0.04967080577445856	0.02368386278082466	0.02517882139383198	0.02769082651743338	0.0296095737429522	0.1619902799842984	0.2180900813139443	0.01367724292607186	0.01147198971253269	0.01078096576950799	0.5096920127432567	0.2327207456639871	0.1317909100626752	0.2291186439622857	0.1733871976772169	0.1196830918806579	0.01320978019873508	0.2778693998278209	0.02796139901336924	0.02943489224377419	0.03594601041694712	0.1095681172236021	0.1278124282380068	0.06647802864108553	0.01173585225710326	0.01305103206706459	0.1188663352728096	0.2412031862206631	0.02041070237697981	0.03011897287216983	0.0121531203159911	0.01075664394030909	0.01157490785337449	0.00512681267457795	-0.01364200524113894	0.001227328828924203	0.01120660831844863	0.0009989041224195924	0.01493919022724067	-0.01316799125118945	0.01273306812277827	0.0008844359526722853	-0.001504792231277299	-0.0130308305746447	-0.02864147089847605
1.272982456140351	0.01496735571257274	0.01428112035951433	0.012462795557449	0.01201167343394325	0.01316566075190783	0.01787140633687391	0.01291895911507454	0.08689095569854867	0.07159245761866873	0.0469797222434361	0.02522926502956752	0.01957474526844748	0.02067951013990637	0.01394294729804933	0.01445374185622162	0.01257822366090528	0.01163030756011182	0.02282901272045972	0.03018755914836769	0.03306797518751946	0.0289858484415491	0.04888205727813116	0.05804087616489643	0.02041679844276843	0.1197137984073797	0.02468629841218441	0.02040280348518245	0.1144635901798429	0.1376618916759002	0.07844039980201904	0.1516823635569571	0.01468786903134468	0.0172753726124358	0.01081263643499958	0.0915107207618882	0.1617170726283544	0.0181146754891116	0.01353348173679132	0.0112529633357236	0.01246289560710237	0.0119248810033581	0.01132089744444678	0.01207132170510886	0.01288346294852196	0.01179084451393355	0.01233964475645732	0.0116524860071786	0.05151172225022334	0.02574220456016713	0.02724454585723812	0.02974588008775227	0.03164492162708657	0.1573299797162476	0.2101563832422513	0.01476018088958504	0.01190814973865226	0.01102855258004915	0.5172678184344907	0.2329559639684869	0.130435830538375	0.2275248107756693	0.1722732055062063	0.1187590213849257	0.01460522868505163	0.2623988563305037	0.03001534713669906	0.03147439608781863	0.04152703905179047	0.1066906995960522	0.1191861623612422	0.0662351662060993	0.01238413374250628	0.01413347049518655	0.1202045758975986	0.2374422954019812	0.02239023797208648	0.03214559535263657	0.01291097217382064	0.01108433727062641	0.01216617838334167	0.01963713633350203	-0.4068671228631667	0.02242089719696802	0.02450843440567829	0.05258899835469542	0.4977687461884485	1.019552960811105	1.109148979067022	0.9867928577509213	-0.1514682028545561	-0.2826767558781644	0.005455646594863035	0.4741492445248023	-0.05267144651931336	-0.1113705432999741	0.3811663202180369	-0.2100041847385752	-0.9880334150726475	-0.08006125072400921	-1.25254555693645	0.08430740997343494	-0.1170899262328029	0.08361304415251331	0.05879530176819123	-0.149379246969302	0.1949718774363066	-0.01235463663886158	-0.09477955104546508	-0.1407701025365873	-0.9215619524574349	0.5914504202170539	-7.278364739458189	0.5914504202170539	-7.278364739458189	0.1829554208270359	-0.6226413401810647	0.1829554208270359	-0.6226413401810647	-0.04205988118237967	-0.3205901982562157	-0.04228763508402715	0.3134891851013298	-0.4662675747316463	-0.5140219881994532	0.1440465725223092	0.3533909314393889	-0.2024083736103305	-0.4919257470426612	-0.08654767031232649	1.01388160220978	0.0316506809898584	-0.2548410650248949	0.2409632629702838	0.6567498660090421	0.6024675507924564	-0.2989421219023816	0.9181046912701379	1.86946639020617	0.9523733896215899	0.03010331032857928	0.8923590613007685	0.06674130831055106	0.05491856926194721	0.216832695640307	0.09564035922867262	0.06369885836412245	-0.01689979238031574	0.004468151338761874	0.03696572379249435	0.0004483237683203675	0.00267147272280306	-0.003419957083911498	-0.006076471228862642	0.01639383697266255	-0.0006856997221526193	0.0443372879074633	-0.04011866515685984	0.01265299452236093	-0.01919940934933052	0.1263675003294557	0.005835217194718576	0.01793971986645853	0.01658068319009921	0.01450321695811349	0.01374720154445857	0.01559337142816602	0.02155623807836005	0.0180296376262968	0.1175575018404689	0.08110614532993637	0.05346158221950337	0.02877936318197498	0.02208606155569408	0.0345076580803458	0.01717732094659071	0.01840578057261851	0.01500114163713488	0.01305542575538945	0.02681179832522228	0.03568638395737579	0.04036797990994506	0.03186828804819657	0.0472142790688312	0.05639541990731027	0.03286961415492472	0.0960767465559812	0.02814635933551386	0.02309196976198459	0.1026833668519868	0.108460428004749	0.01891346538840207	0.1406166928721656	0.02482181829848447	0.03096617443077463	0.01102063419147404	0.05939844901890378	0.1786594904714929	0.02030895528672761	0.01352121113446608	0.01119062706432277	0.01238233176620607	0.01313008488371702	0.01221950367629082	0.01304251526471138	0.01381204144844244	0.01280267287850019	0.01382123540132763	0.01236172351865412	0.0627707563661596	0.02998306326216927	0.03144901123962587	0.03382162319457886	0.03558640515466826	0.1944497925041268	0.255667760238932	0.01633071738016584	0.01248977892389185	0.01143045508963719	0.480804719623012	0.2254047418236199	0.1361811572363578	0.2185551231110125	0.1760057801523973	0.1266819455603097	0.01786143241018205	0.3028818974742998	0.03408176077070462	0.03544379771671652	0.06348172364765051	0.1502395019572857	0.1209039241645654	0.0779252531230171	0.01308898488799497	0.01589901098297332	0.1161690396627186	0.2412409623685857	0.02655382203407088	0.03602948862338269	0.01313546267489005	0.01111128800560363	0.01229758716903835	0.005128134172145923	0.01301311756457053	-0.01429770508778713	-0.009205288040199074	0.01199033170618579	-0.02259480843875312	-0.0125594842377772	0.007714777587653068	0.008503119444579939	0.0002619802679179226	-0.0151997673616657	-0.02926842460074804
1.282894736842105	0.01593993225858458	0.01524515757350869	0.0127970718024005	0.01227724385785618	0.01363671879050764	0.01941598750799547	0.01386838542036285	0.1029615899136149	0.07573530852243419	0.04888009873980232	0.02491430193118864	0.01907223284016873	0.02774553393737388	0.01616880101518603	0.01476434848673681	0.0128053329200908	0.01182439183947291	0.02085545113273805	0.02707479805087294	0.02971333807524341	0.02691652311926617	0.04172928971141716	0.04958145261445387	0.02810151041289615	0.1088289521344382	0.02434593229467537	0.01990678675426601	0.09958307082171207	0.1293045197438065	0.04095941355630042	0.1461869697264782	0.02209203429561631	0.02437488878948332	0.01074445012294385	0.06891935159558793	0.1713662854734225	0.01761729530116719	0.01279114003878679	0.01096218921796531	0.01191339826870065	0.01227218477142198	0.0117456628366932	0.01203602094933258	0.01259949978210757	0.01189745079771705	0.0126969047965537	0.0115499974699479	0.0595577465734696	0.02583302854410173	0.02729686678006338	0.02972249634682008	0.03155754950577598	0.1847780570493285	0.2413547009362669	0.01423401462180258	0.01168747924342401	0.01096612539491168	0.4938263089045969	0.2242341228225615	0.1313125206636102	0.2224276297578177	0.173511938512342	0.1236371187623645	0.01566382018111944	0.2952929472138774	0.02998823639793306	0.0314025235583549	0.06099317917734353	0.1520930732937592	0.1336235564202211	0.07727745551678505	0.01202564975321606	0.01384102291670339	0.1174684566511639	0.240996424347111	0.02254969285194732	0.03202908669880724	0.01232134078316479	0.01084043694193333	0.011712424187869	0.01517087387834507	-0.491620399181113	0.02282898800952531	0.05651042022140266	0.05712928578228559	0.4183508805160447	1.030598475030207	1.119653239721064	0.9851493340738439	-0.1796388520085763	-0.2825681824444793	0.01649431229692209	0.4736389674849876	-0.04756014858482747	-0.1073266348502035	0.4352316008190544	-0.218703415008021	-0.7608118341826995	-0.09170076463347797	-1.096573465400818	0.08328235814053346	-0.09007483456236501	0.08357231196024248	-0.06491595795646145	-0.1468888128889077	0.3047788844185587	-0.01351096260266089	-0.1371442149858339	-0.1494626805136882	-0.8308255549304437	0.5187809095760754	-7.36162983425543	0.5187809095760754	-7.36162983425543	0.1774347534165531	-0.4875806835045073	0.1774347534165531	-0.4875806835045073	-0.04514372063966016	-0.3012432929161459	-0.03926213442533553	0.2965057352228749	-0.4709932706392865	-0.4425691882690244	0.1474189256431069	0.3295715823147085	-0.2069355589602221	-0.4203987570782611	-0.07724346728547955	0.8669005369609204	0.02857103702921242	-0.3620523035543	0.2475754573541867	0.6762493120069313	0.5992766878460875	-0.3442783070210707	0.9358239804118668	1.703968574054151	0.9526487733696896	0.02559376620013659	0.8930244576261936	0.06717413045142416	0.06019249075829325	0.2258915139413848	0.1064004479821476	0.06944885286715385	-0.02246623364224309	0.003480306196719993	0.03917588160669801	0.000375974439044757	0.01257933207619001	-0.001399883896053161	-0.005749214421009799	0.01989378439218521	-0.0006601521960775025	0.05780728253247025	-0.03844582175322239	0.02298515274345915	-0.01602582313869959	0.1424949635636477	0.02315761711444791	0.01638950536080236	0.01638714169435629	0.01232473010948626	0.01180412732819634	0.01327906070790777	0.02058833996299086	0.01370682164068078	0.1127771115238046	0.07710713114548889	0.04827639195477593	0.02274079428893067	0.0172062661470179	0.03155078855107987	0.01730793990954577	0.01300078137552069	0.01181876909425868	0.01141179284753002	0.01521329248701697	0.01871958240278883	0.02001004249356283	0.02174926612525842	0.0307038894981565	0.03623406829419493	0.03342657089142959	0.1014949097443785	0.02218863730489414	0.01795569588040263	0.07915806122069945	0.1311399281234292	0.01501592463307807	0.1406864843197669	0.03141408702679105	0.02801023365700567	0.01056583906538707	0.04783289638421998	0.180094148761967	0.01591894673010388	0.01184370595245357	0.01062220354797377	0.01124967306807954	0.01221722825863684	0.0119681216677258	0.01149193537396281	0.01171154400293829	0.0115549503252923	0.01252403378366827	0.01104444593479021	0.06698696254511355	0.02382580090300601	0.02525939845523543	0.02765192088740845	0.02946951326084506	0.2213252692342456	0.2861508284850046	0.01266031911570025	0.01106867553480229	0.01066948179387272	0.448233456028329	0.2093546369944389	0.1303214414506239	0.2160477944568338	0.1742499932536314	0.1287542794075921	0.01577887462984819	0.3508816568852158	0.02791854454480868	0.02932320852746766	0.08145149091458148	0.2165316370553584	0.159817858250209	0.08994130899030126	0.01115946727508368	0.01252933186233215	0.1151119479563155	0.2470022198226788	0.02066651889504622	0.02992874720394245	0.01136623290565538	0.01048402925331124	0.01100203177865101	0.003702302308872092	-0.01161691547089576	0.002145738785277248	0.01435325287706004	0.003143073013982603	0.01753223774832482	-0.01253045754714242	0.007914483479233507	0.002672911548134283	-0.001909942086877976	-0.01676672221751365	-0.03012409248895474
1.29280701754386	0.0189293870056732	0.01972976255051308	0.01336413902026717	0.01256352682525911	0.01477328620541937	0.02383053487800185	0.01888618905185562	0.1087073752996371	0.07683765265643749	0.04930296197973887	0.02491136031732332	0.01913093556568153	0.03503503349104788	0.01621878647506787	0.01408345973093453	0.01259092338978979	0.01208181902771605	0.01611617265892588	0.02053222618417517	0.0227451299023632	0.02258143305970578	0.03249652440333085	0.03906116781991551	0.03553600773559567	0.100544445666692	0.02435325995805063	0.01995333747040286	0.08584520731023447	0.1309774873685137	0.02558925864959118	0.1394949451362033	0.04280914246174283	0.03091263015002887	0.0107796204533183	0.0515492254276534	0.1750480965135768	0.01767830072141127	0.0126138255732931	0.01089601602075211	0.01178398243970433	0.01277415349067239	0.01237016883220509	0.01197363083787722	0.01228959705444435	0.01203299821200024	0.0132302492553754	0.01144491034376427	0.06745847633412012	0.02583198079745941	0.02729537843526993	0.02971532473232313	0.03154032020089995	0.2120539220456021	0.2726375118694866	0.01365847865977576	0.01144937942803287	0.01088627446095901	0.470560536817741	0.2160536543259709	0.1329283397533235	0.217678479537422	0.175103630121614	0.1287120834202409	0.01745003043161756	0.3281893662385837	0.0299849302716077	0.03139624642630343	0.08021473938244671	0.1975337805882003	0.1476362159156467	0.08782341285825795	0.0117179259565788	0.01355661635837876	0.1168935563376425	0.2448191872956174	0.0225504351065335	0.03199770397106127	0.01182770573780556	0.01065502329326458	0.01134511677816976	0.00995463256800584	-0.5571548926932901	0.02351304806080507	0.08001109375658884	0.06088946877998383	0.3409765109161824	1.041752792801637	1.131107528745432	0.9832437782829461	-0.204144899903078	-0.2823487812098621	0.02782333397250422	0.4732524234255145	-0.02852728918154631	-0.1027414967015977	0.4895445559872476	-0.2249800372466322	-0.5012946546273288	-0.101826753034626	-0.9486017141957724	0.08251100861450204	-0.06630723155500365	0.08237567927922644	-0.1736869882907611	-0.1434031504914845	0.3946677611469405	-0.0150440517537548	-0.170621205979353	-0.1572188217797354	-0.7334223911044613	0.4459913423363308	-7.299248651929215	0.4459913423363308	-7.299248651929215	0.1733554983490592	-0.3325848928685398	0.1733554983490592	-0.3325848928685398	-0.0480222018347365	-0.2789592946138795	-0.03641747747689798	0.2771211096153597	-0.4751061280730359	-0.3906655537615189	0.1506296721423017	0.3206783908869798	-0.2107249172955368	-0.3435306484280664	-0.06928444638352499	0.7432350830750982	0.02459097704852284	-0.4337251441537085	0.2543409291473481	0.6871037022867744	0.5956588251636645	-0.3846896874125929	0.9518621990192215	1.531493685092042	0.9528837412340369	0.02197748160518825	0.8936842222773022	0.06563160242233815	0.07711905662303176	0.2140371090310823	0.1127017380011264	0.07406130553085249	-0.0287783025907418	0.002179083473033448	0.04168473544823245	0.0002835328764109113	0.02203511152095861	0.0008487407209712787	-0.004942809761941094	0.02402620958387769	-0.0005946174712863769	0.05781592934546785	-0.02404083393238579	0.02090515607873982	-0.02752063120182996	0.1677714058221021	0.04334777506716912	0.02594450599696262	0.02907943662794141	0.01586610501201803	0.01434195850868733	0.01852148164185116	0.03335111901049159	0.03216051294379151	0.1158399717658286	0.07955898477636135	0.05265739838587417	0.02908965853300543	0.02275808022505505	0.04980678416325263	0.01516434764513103	0.01608114238535387	0.01414832669817447	0.01363246638344965	0.01455993095690834	0.01904206557663822	0.02259800143655684	0.02086277150955476	0.02660166847679933	0.03316947838585158	0.04793152193263339	0.08390833918267915	0.02851261697428377	0.02372316384739966	0.07731452812894379	0.1273088926274001	0.01764134460056392	0.1255945676297496	0.08160119851302577	0.04391350627178185	0.01118941809254	0.03324350088123548	0.1763177128457676	0.02097910341206885	0.01370966059411298	0.01127240168925761	0.01252573493605512	0.01428498433372577	0.01366216826911488	0.01289157537166259	0.01316606989072434	0.01310204051462787	0.01506052785956567	0.01214872969452339	0.07878437793173826	0.02988771881146847	0.03139099502689471	0.03382391139662715	0.03562484921531813	0.2517011421841025	0.3219385007284017	0.01512789734058635	0.01199632008184396	0.0112540203699278	0.4356264972714224	0.2102014058820261	0.1405439460246313	0.2098119972734605	0.1797997512259491	0.137262937755896	0.02217144276562571	0.3714770904261124	0.03409974349123408	0.03549955350509803	0.1035121016520871	0.2479229002176566	0.1483437518666805	0.09888512505754314	0.01252099539542442	0.01533554404295583	0.1181692637723677	0.2494409170241325	0.02639691705040235	0.03605521825904751	0.01223950210297685	0.0107961149488582	0.0116452797117504	0.005601923135542617	0.015226444406942	-0.01340641728634864	-0.007869932499250739	0.01228870525194186	-0.01800455212606496	-0.01057622952817531	0.002414211551210857	0.01021775867806248	0.0003259778191727233	-0.01946357546038912	-0.03112856594973573
1.302719298245614	0.02583185171747292	0.03299020522601814	0.01386915629366821	0.0126946721138704	0.01641696959734695	0.0358666824814327	0.02998360646983975	0.1129512804036804	0.07748325518589945	0.04942443104227919	0.02488433267624124	0.01911192731581546	0.04311849466982252	0.01559030152742192	0.01372905518694575	0.01250957231432825	0.01233296467928944	0.01373319612917271	0.01688880894624347	0.01902771205457474	0.01845436298434729	0.02421128212074273	0.02940321589672525	0.04570690571842934	0.0884548964459129	0.02433755223174534	0.0199443340067536	0.07534138171062625	0.1384003735836817	0.01929638228692194	0.1338400759209514	0.06813729573206923	0.03767354444934853	0.01077546145853095	0.03480431854889129	0.1781399995623239	0.01765586177706642	0.01253707284018744	0.0108666587801517	0.01172576330608394	0.01349398898486412	0.0148657410719466	0.01193657171857382	0.01211484773040114	0.01214890856001612	0.01387022771733506	0.0113705818166434	0.0755276038483715	0.02576343023394545	0.02725115792608522	0.02972238306415421	0.03158948720655282	0.237717720676416	0.3031669233807291	0.01331197894816397	0.01130997846453128	0.01083582580039008	0.4491397455626889	0.2084654378430259	0.1343511848452476	0.2139493468625383	0.1775845612890831	0.1341316305241267	0.02045004492893724	0.360080585626945	0.03000334301900298	0.03145278573351289	0.09924830144287958	0.2398533201410169	0.1603150043135806	0.09809625231682648	0.01155032190661523	0.01336725895903847	0.119331351913654	0.2494932443531761	0.0224579103689019	0.03204630070628034	0.01157271785173501	0.01056024988521524	0.01115616304424365	0.004207022872498234	-0.5981009444841876	0.0243842695000464	0.09417123875513264	0.06390653675440915	0.2688843014061864	1.053025458571051	1.143556266129178	0.9811176182937899	-0.2239758436339402	-0.282015543156595	0.03946020265440968	0.4731028825118999	-0.0005588333303824891	-0.09763627665963838	0.539451882632881	-0.2285782288955623	-0.2227264587191104	-0.1105609215792425	-0.8170870214004801	0.08194882936777846	-0.0482956552309067	0.08019026277768053	-0.2639930053000257	-0.1391493204825512	0.4590366800061255	-0.016860952270737	-0.1942653065753007	-0.1639962578561333	-0.6341312956983938	0.374611957483418	-7.075109493315964	0.374611957483418	-7.075109493315964	0.1708884947665196	-0.1633769858981989	0.1708884947665196	-0.1633769858981989	-0.05066016198662086	-0.2524983569238571	-0.03377366723746029	0.2561276389533937	-0.4788059831188946	-0.3592952406321647	0.1538210586378572	0.3253029315804239	-0.2137380578811959	-0.2642849164087038	-0.06242056679076471	0.6462932816025247	0.02013842642867981	-0.4554248806646964	0.2611588421553516	0.6864629203469534	0.5916722576016045	-0.4185291503592224	0.9661842689963973	1.358691112734702	0.9530878136761293	0.01937158701391964	0.8943197136681875	0.06231792544715058	0.09539158168497174	0.1963454458573227	0.1153805332814835	0.07891222960800577	-0.03588150711350763	0.0007163829144679868	0.04457049406066546	0.0001781187705548698	0.0311760347115145	0.003689990961996676	-0.003681723037512049	0.02847372585657883	-0.0004964161285327909	0.06212740974059977	-0.01679841399006136	0.02250122827454256	-0.0497247703759723	0.2033068373708235	0.07149297409218926	0.03284729496177038	0.04924184591540133	0.01338426355783313	0.01201332658266657	0.01702531200274234	0.04906212419858993	0.04247094760843428	0.1168328484597861	0.07740027528153662	0.04803978978069443	0.02273531472420378	0.01723624486154631	0.04856102246702538	0.01518991917021132	0.01219339181421375	0.01158682755140822	0.01191816264944611	0.0113068989083316	0.01262139895979323	0.01385442711712654	0.01367643270558426	0.01556253804017892	0.01847488497239815	0.05504440194486092	0.07739323956615089	0.02221318187777392	0.0180127389075522	0.06196519202080458	0.1544102006901057	0.01468738136921593	0.1303750359339538	0.09059160954750342	0.04179469332375632	0.01056039228804497	0.01980669744950064	0.1842007742901632	0.01593675430910829	0.01183731918433911	0.01062302019625793	0.01124533698651534	0.01383615794123626	0.01795493785458097	0.01142161512340857	0.01141935751714663	0.01179111850496542	0.01394185079296012	0.01091375900576835	0.08313624595938053	0.02359016593022634	0.02511149484216982	0.02768448852718524	0.02965127700616551	0.2722616783356078	0.3485010157960707	0.01206715829026889	0.01083260631838438	0.0105774457201521	0.4118970838813858	0.196035966313006	0.1333060571790933	0.2104632573855591	0.1802850892476279	0.1398575695626737	0.02273613082621968	0.415371795711212	0.02798320860522774	0.02951508869847643	0.1200829115661358	0.3038311880469588	0.1839147267656867	0.1102131055931693	0.010910819786844	0.01220782168583577	0.1244267975286699	0.2576440455840846	0.02032165454011114	0.03012649513936281	0.01099758597985515	0.01035328765566981	0.01073317591051551	0.00551054845898537	-0.01174857605218591	0.0008386237603936904	0.01343679855292927	0.003367920210033156	0.01915843760238864	-0.01197145196332407	0.004011377830184248	0.004542290195797642	-0.002578597297655732	-0.02227820608498659	-0.03213363255368833
1.312631578947368	0.0331184657993692	0.0485721456214994	0.01446733834091785	0.01288867616801235	0.0182652916782396	0.04548714211402323	0.05002621148372097	0.1163364254068942	0.07875900457076415	0.04991514788811502	0.02478628807938198	0.01896043909992786	0.05189695608442192	0.01498313229993422	0.01331509893889299	0.01232862963036187	0.01255133006433383	0.01263978576391426	0.01491518562362863	0.01656237401504003	0.01647934564945944	0.01995396415659357	0.02370870810907855	0.05398742243204361	0.08285452724889072	0.02424288082066879	0.01980555700974716	0.06584425141277031	0.1459645148419141	0.01658704754097937	0.1292724423282831	0.09608726227945917	0.04507364546140078	0.01075461976647606	0.02667955946677527	0.1825198302612151	0.01749346624901531	0.01230102200437593	0.01078627903777887	0.01156884916049151	0.01436879009479197	0.01755784955937298	0.01189312151399683	0.01193723752710774	0.01229198348453706	0.01469007892164508	0.01131282756320293	0.08247995436743971	0.02553468617030042	0.02711416390494249	0.0297556349435566	0.03175394121112259	0.2604717382790569	0.3315115633352413	0.01296525318747642	0.01117230796017416	0.01078277639556233	0.4327448561322296	0.2028817043727372	0.1360401981678867	0.2117203958754954	0.1801857793257075	0.1389273476823342	0.0241156865015629	0.388962081941888	0.03006157660333026	0.03161922884322182	0.1154391416453262	0.276738558333369	0.1699923057265881	0.106878859817226	0.01141456794496943	0.01321371161099561	0.125826915121783	0.2544273349017288	0.02207391871819748	0.03223217219951549	0.01133708663076316	0.01047483428646494	0.01098346700909261	-0.001810390194942921	-0.6112592790996534	0.02534768248056957	0.09858378448257364	0.06624551253727012	0.2044910981473831	1.064426808735477	1.157083826542987	0.9788218601701082	-0.2382433979048417	-0.2815658771147101	0.0512881092179771	0.4732555830587618	0.03172357302036293	-0.09207448393897003	0.5811023704064683	-0.2293811892796291	0.06015600162992383	-0.1181034272683271	-0.7092081996135192	0.08152626752241393	-0.03853328618713651	0.07720875069280939	-0.3341990025975444	-0.1343975405023141	0.4948592850474436	-0.01886018588312972	-0.2073080660741591	-0.1697987363327444	-0.537415988012379	0.3062894799198745	-6.682131074134722	0.3062894799198745	-6.682131074134722	0.1701403739829535	0.0130021576230004	0.1701403739829535	0.0130021576230004	-0.0530104676898219	-0.220814991151162	-0.03134218390329528	0.2344203079531696	-0.482295436033955	-0.3479039357356217	0.1571137595819432	0.3404900864034423	-0.2159660498690156	-0.1855709291441482	-0.05638133471991306	0.5766557724463947	0.01575566065964563	-0.4189082710137232	0.2679073298463968	0.6730710124437702	0.587385219970693	-0.4452011372429988	0.9788139817742368	1.190809827905008	0.9532712109500484	0.0178005041054526	0.8949147687065715	0.05753244224772185	0.1242409869302155	0.1763349930455811	0.1155896214564958	0.0827709566727251	-0.04290245100735307	-0.0007238853825937042	0.04754429141342025	7.431410746408351e-05	0.03868855642427939	0.005903718087021248	-0.002409412778003617	0.03299513234536688	-0.000388918608706777	0.05745366202869235	-0.0002205648825026856	0.02706949183532696	-0.08853767663398948	0.2403034760764071	0.1027077309946581	0.04117076804262992	0.06352751434794651	0.01715932610889559	0.01479177776043595	0.02245199548578896	0.0503830702247248	0.08339944462510832	0.121458915269932	0.08292322676537565	0.05406533439224007	0.02881976442265501	0.02232215781282115	0.06873377322233976	0.01397439812689422	0.01519213525376811	0.0136899448559578	0.01403942261902765	0.01362761937482624	0.01674086132765422	0.01889770232975761	0.01904953318507392	0.02228594671976314	0.02602246890785411	0.06282833937772546	0.08170000044627962	0.02824171553378825	0.02331493081550197	0.05989636832248873	0.1425706015255241	0.01591775744219383	0.1183327927624503	0.1455254489723901	0.05985999650434122	0.01113182376521776	0.02692816219787884	0.1872952893585715	0.02051500131938869	0.01308396630858475	0.01106295072809358	0.01211719330339151	0.01619047930642654	0.01925548576012088	0.01279839191188412	0.01280739090736115	0.01341490163616729	0.0168811654403287	0.0120488284990516	0.09159870121081658	0.02926328906985714	0.03101949871461631	0.03391817311342576	0.03607738997413599	0.2938377102638117	0.3767837223450792	0.01443181131581605	0.01172228050594354	0.01114535753018731	0.416184437361256	0.2027324017793465	0.1443673268385416	0.2081581230162238	0.1852416487566931	0.1460429493047802	0.03025793060925058	0.4243760110455381	0.03425862079460656	0.03595042654327107	0.1334191738634078	0.3157219750177776	0.16271691948366	0.1147700257908239	0.01227933732270903	0.01506148375310952	0.1371943120880059	0.2598748563772922	0.0253310719309044	0.03657428532834037	0.01178624953489691	0.01063412506217404	0.01131513339509419	0.007008326078797113	0.01814405168255101	-0.02150166350332142	-0.007652191437448993	0.01240390744244515	-0.01233650645845125	-0.008580252412338498	-0.003040284664593254	0.01208685249241863	0.0003581860790896264	-0.02441828641151272	-0.03319054139418606
1.322543859649123	0.0399570116799581	0.06160811988243778	0.01480510760715323	0.01296789944765604	0.01991283939316324	0.0525667896800063	0.07196360050788259	0.1210711845698665	0.08122593022202965	0.05084413823040423	0.0245981151509221	0.01872317405388142	0.06212327827460762	0.01390734440730185	0.01315555535506699	0.01226240809705691	0.0126660918606374	0.01218748743406088	0.01412147835020103	0.01558890204149019	0.01564985130227152	0.01817665286717561	0.02119595942572229	0.05874471570344041	0.08163842349030562	0.02405049213461685	0.0195779575135095	0.05919485483926219	0.1511231644736674	0.01527189890762438	0.12664796258044	0.1271995355156581	0.0524547740950344	0.01072013013280763	0.02263882693915863	0.1887832913479565	0.01727806632200801	0.01217268704573113	0.01074406627248193	0.01148455855683087	0.0148131436253826	0.02361909999409642	0.01184626612382181	0.01184490103280919	0.01230848301977845	0.0150423752592875	0.01127478673495162	0.08814633904489486	0.02519783577189965	0.02690351577550412	0.02981392927720178	0.03204088239180786	0.2792838561073362	0.3569395810409744	0.01279606251198022	0.01110359894871989	0.01074853598673728	0.4266433210919897	0.2016743751013166	0.1384332079278875	0.2137055733503169	0.1845540939825029	0.1438096304483763	0.02705528671279126	0.4141746464253584	0.0301594829887133	0.03190329263499288	0.1263814156309709	0.3052113867916071	0.1763120440320789	0.1138653442647517	0.01135791165819035	0.01313005672576286	0.136843428936901	0.2614855129522904	0.02158081652146678	0.03256422934733671	0.01122558572506917	0.0104345105719755	0.01090182588325509	-0.007816082090782973	-0.5958005817742921	0.0263068282571709	0.09338426309398738	0.06799144550618452	0.149452102288016	1.075968291123027	1.171848367056729	0.9764148878487234	-0.2463415198244281	-0.2809986699272045	0.06311571913323381	0.4737319400442104	0.0640824836312613	-0.08615300354151093	0.6116466806057982	-0.2274220106237197	0.3320511861000898	-0.1247166613784278	-0.6302989075924936	0.08115050541456925	-0.03916819154759809	0.07363099269999993	-0.3844507660198888	-0.129434772535286	0.5017793944827245	-0.02093406783460686	-0.2092499965386407	-0.1746718830853043	-0.4471981938492859	0.2426886607705465	-6.123962187145485	0.2426886607705465	-6.123962187145485	0.1711449167583666	0.1889761539755828	0.1711449167583666	0.1889761539755828	-0.05502010707849957	-0.1838132305176159	-0.02912637563725643	0.2127145171095793	-0.4857574019025517	-0.3529320394257058	0.1605908068177175	0.3615923934114292	-0.217427312419006	-0.1099927781540538	-0.05090751654223791	0.5315006933059119	0.01202709223127199	-0.3241827887901299	0.2744635449582549	0.6480466808887905	0.5828736363671631	-0.4636435040594341	0.9898223291759479	1.032197296307114	0.9534437820311952	0.01716007327106889	0.8954567633917696	0.05168628517338728	0.154343347341263	0.1552247964250542	0.1155104939311999	0.08661739659987203	-0.0478576208604266	-0.001644191120981455	0.0505737462285931	6.31706731472836e-06	0.04435590268474687	0.005649560525883475	-0.001812294748880084	0.03713827943680126	-0.0003057709400142228	0.05587072384392913	0.01461665248307008	0.02439924562847862	-0.1393462353254529	0.2733450691121072	0.1294935933802081	0.04504464902521726	0.072510794789011	0.01383627200833537	0.01210460227850631	0.01982093060369171	0.05963403014610109	0.09034998293447452	0.1279743434891341	0.0837695027564376	0.05044198031373451	0.02226209967881539	0.01662120594444557	0.07074912620288459	0.01293688952507664	0.01201536518847289	0.01148313165133319	0.01202670926300303	0.01122545834168114	0.01231742219681405	0.01323919084649551	0.01350795947115432	0.0149505512906103	0.01693892147425372	0.06122914209230478	0.08134651181536762	0.02172277982702114	0.01742011620035359	0.0522505237002077	0.1618089634884386	0.01369468574525684	0.127872070634843	0.1599159075317687	0.0571085298034144	0.01046759315371535	0.01751450611897329	0.2006568175300359	0.015376742720402	0.01153743967915075	0.01052592375512852	0.01105086839417356	0.01452673479637835	0.03135015107413268	0.01131892966056104	0.01127267816802718	0.01176059680696954	0.01443606252948726	0.010851358575862	0.09297787128544716	0.02278427736633219	0.0246068312370009	0.0278269462615696	0.03034808109391202	0.3039771992986889	0.3953112371948651	0.0118060473610543	0.01072643277228393	0.01051545874571781	0.4220806298415757	0.2000111078268614	0.1386544479853171	0.2204029350129381	0.1910294203925067	0.1493048726303328	0.0282253930355603	0.4599132630675382	0.02821961621060579	0.03020126767331996	0.1361258212937643	0.3496759024950823	0.1920051454706504	0.1221419291898235	0.0108477896139846	0.0120828966725166	0.1532258299462784	0.2748576273679979	0.01914476215827567	0.03093722712458426	0.01083839163092228	0.0102960955413657	0.01061702710803838	0.005345740220609151	-0.01191812383471786	0.002593887553808925	0.01396142384341556	0.003343063442534644	0.01935997485686001	-0.01174085177194824	0.001258468794823064	0.006309259698539029	-0.003035222141856696	-0.0259722863146565	-0.03422925275586935
1.332456140350877	0.04082759741478213	0.06418488447888365	0.01465283820722742	0.01293312865770853	0.01973087825785714	0.05264764809568114	0.09032228586601768	0.1282060702663927	0.08509299682636577	0.0524465890180759	0.02427573703228396	0.01821664043028169	0.0737152966686966	0.01329764963671452	0.01313107680118764	0.01219087895225021	0.01252051649268922	0.01253618761756773	0.01446281825386402	0.01566009484242639	0.01632156246028366	0.01876088779587274	0.02135953537654619	0.06043308937712477	0.08467945460561067	0.02371160777969279	0.01909902630931719	0.05633906912261314	0.1530756714392287	0.01410280091340558	0.1262098716285404	0.1612999952137003	0.06076545026163294	0.01063057201858727	0.02295682168706224	0.199192053144387	0.01677935312918123	0.01181842770864713	0.01062807406924784	0.01125333333741924	0.01513009960435113	0.02742717355277949	0.01177522083209516	0.01174582349358184	0.01228179977670477	0.01526999116769143	0.01123814528373806	0.09239588966779477	0.02470813089182555	0.0266024423673069	0.02989647591675545	0.03243963304347569	0.2944411305680146	0.379504642778389	0.01259444519505671	0.01102869411252365	0.01070751018958677	0.4276571634522078	0.2027276609579692	0.1403488134900485	0.2176522019574254	0.1892131330648735	0.1477876033733385	0.02914270066035935	0.436640505287025	0.03029589209242822	0.03229619351005759	0.1325539462044794	0.3274981886907088	0.1805026955171374	0.1193070145765034	0.01132304783746788	0.01304608703461442	0.1519194378610977	0.2691681512224309	0.02081919382161512	0.03302781308355785	0.01111729493555732	0.0103951137528294	0.01082261879251702	-0.0135326327966221	-0.5534111533378507	0.02716953095858028	0.07928896325201903	0.0692429882022384	0.104885932718261	1.087662908572431	1.188022403005127	0.9739595750238839	-0.2479888560753679	-0.2803161763311673	0.07447060479026509	0.4745146548467042	0.09303659427960165	-0.07999134551587164	0.6293661565377466	-0.2228838320704801	0.5781581004155654	-0.1307044536591377	-0.583262990006105	0.08071024643443818	-0.05173776883224423	0.06964828308927563	-0.4162394378902856	-0.1245377097106048	0.4822286166240629	-0.02297046706592718	-0.1997005899469812	-0.1786956142177563	-0.3664480185106336	0.1853829459689407	-5.415334512139506	0.1853829459689407	-5.415334512139506	0.1738604655484958	0.3570289139818686	0.1738604655484958	0.3570289139818686	-0.05663823228659617	-0.1418978301182791	-0.02712310431881897	0.1916512230606159	-0.4893298366553051	-0.3693680118837619	0.1642822314109682	0.3826914717581734	-0.218164612000844	-0.03985218519565527	-0.04577991143575367	0.5058762682101065	0.009492448714967176	-0.1802227995868948	0.280725726372726	0.6143124924930592	0.5782224585335139	-0.4734240648629713	0.9993174712865395	0.8858015882589844	0.9536138686996631	0.01726565369495688	0.895937355663981	0.04521155662254752	0.186120934014628	0.1458174537370329	0.117821722868071	0.09042333833174375	-0.05074458204971001	-0.001997985689333811	0.0534595635484149	-2.326378162240516e-05	0.04720081056147023	0.002911649790759471	-0.002015370979100869	0.0404958817867747	-0.0002562956888710574	0.05306689040061292	0.02938297335697007	0.02571200357359535	-0.1990018777900324	0.2960041772197524	0.1490078335563128	0.03649871772957171	0.05655613306535422	0.01638057068833626	0.01461276204629241	0.02028224273185974	0.04252652914317111	0.118293477733012	0.1394158350777013	0.09253316897053875	0.05806979074155912	0.02803342866567881	0.02103700970804086	0.09441538635736112	0.01320944680522056	0.0152723748810705	0.0135413407852712	0.01349817830690354	0.01509425489701826	0.01852199216237441	0.02005336255707309	0.02186091450729567	0.02578667918892511	0.02902083911113813	0.06267701543471468	0.093319446883718	0.02741010882231283	0.02210164899453177	0.05876329628092534	0.1412994929003755	0.01372560840271834	0.1207704517551964	0.224333175208056	0.07810080683321341	0.01090018485068252	0.03197023470359887	0.2155933702731529	0.01923448606791466	0.01215835232524042	0.0107606452081046	0.01151409090504062	0.01670399381808931	0.02458071510875683	0.01263291680850318	0.01260240375787652	0.01332011223874173	0.01721826415254235	0.01197675412472923	0.09838304963524874	0.02812049883869707	0.03031945359481689	0.03411002324199632	0.0370002089276161	0.3177163876314612	0.4170835927680105	0.01399616589495507	0.0115663830275108	0.01105678383426436	0.4358865995796913	0.2088904235811503	0.1475208468297323	0.2196512521528393	0.1951310043335271	0.1526783590613488	0.03362120463166098	0.4636934986559281	0.03457411507694713	0.03685825045086102	0.1391097988133295	0.348707482454638	0.1673396721063583	0.1235842425637523	0.01223022888401114	0.01489250831990243	0.1742874796037482	0.2765958232987076	0.0235291290205924	0.03764915751608996	0.01157250258224558	0.01055618365168908	0.01115891549447232	0.008588384686911118	0.02024733450276851	-0.02866868914017807	-0.007288669044573423	0.0127783723094766	-0.008162071866546531	-0.008686240958306557	-0.005183085826224055	0.01326148473089693	0.0002971952748455746	-0.02752922412238223	-0.03520440297043829
1.342368421052631	0.0355274089857569	0.0552039132365665	0.01438415647316085	0.01291269795308862	0.0182757628373361	0.04535389768268331	0.1043807871848527	0.1371943506703353	0.09084992572488508	0.0549042569443916	0.023868744109865	0.01774571823297931	0.08642736574068605	0.01261677895135402	0.01317962369693279	0.01219433389872797	0.01238492015646203	0.01257457077638873	0.01454068486795145	0.01571722756040478	0.01689306364852716	0.019702223515131	0.02277343380983067	0.05833091778921949	0.09066164067570252	0.0232796257415564	0.01861831685563463	0.06193609117775579	0.1528042937158301	0.01332906689914229	0.1279245268248726	0.1968582520749214	0.06908546219333088	0.0105776310123382	0.0242021445205825	0.2125088889291444	0.01636573570392117	0.01160350671097178	0.01055937375212634	0.01111524719226037	0.01497367524467147	0.02588975973307717	0.01173136714225215	0.01169937908315381	0.01222823920412964	0.01513759843768809	0.01122380371944986	0.09546489442895964	0.02417087940180905	0.02625178059609628	0.02999947863709464	0.03295307703079989	0.3063647148778114	0.3995409156851246	0.012503214926442	0.01099435165184184	0.01068578711149373	0.4357067865600197	0.2056281476420365	0.1411298063188122	0.224235109700441	0.1942193511619184	0.1507738537204957	0.02943714301300596	0.4560410741364217	0.03046702958292286	0.03280156207356778	0.1334889787153701	0.3436346777049227	0.1835340028270761	0.1232564151312638	0.01131795167245056	0.01302290897909933	0.1702132850718824	0.2779387170572401	0.02011214340702546	0.03362817949630954	0.01106469640871889	0.01037586214377527	0.01078401502532981	-0.01871138707601751	-0.4881342661205583	0.02785338529423935	0.05754548904592577	0.07010770701298021	0.07149301284372166	1.09952537573469	1.205746122387838	0.9715196125283984	-0.2432952150260788	-0.2795256689317883	0.08481452921087276	0.4755562011543649	0.1159157318473076	-0.07372080060613095	0.6335903902984454	-0.2160889231445011	0.7854218715914421	-0.1363854441534249	-0.5681548010515894	0.08008305304165764	-0.07692100187603194	0.06543241650587434	-0.4319525033539868	-0.1199465599944105	0.4410125225003292	-0.02485482555280102	-0.1785973855128999	-0.1819750208089318	-0.2973169768468228	0.1357460466119954	-4.581714232372914	0.1357460466119954	-4.581714232372914	0.1781749498453152	0.5106551060153699	0.1781749498453152	0.5106551060153699	-0.05781911964267025	-0.0957638661192574	-0.0253224863562455	0.1719395632604267	-0.4931009793371843	-0.3921419200134637	0.1681557894694266	0.3972127395475379	-0.2182417746527879	0.02292063179020989	-0.04083416190387514	0.4937232017842791	0.008561249719632178	-0.004101597869585416	0.2866251159342867	0.5754561867884982	0.5735144724337746	-0.4752514677772144	1.007426448194966	0.7525365930795173	0.9537878197061826	0.01790066876213005	0.8963522633028903	0.03849361082298446	0.2183196621355876	0.1427676237720115	0.1234177292654967	0.09331938127230459	-0.05006592370259465	-0.001594050262853924	0.05567547488858286	-1.772298507418675e-06	0.04588703662974638	-0.003328466387902167	-0.003315524342337175	0.0423438897418054	-0.0002567910995530834	0.04081368009739475	0.0358958019470208	0.01750728140348744	-0.259984568201975	0.3024244845266197	0.1515704012533022	0.02887345285150578	0.04266027666838507	0.01299738429919407	0.01196025004802838	0.01568500873047874	0.03831050174935796	0.114638011254137	0.1495729816824559	0.09764102015018343	0.05628515249131286	0.02133462604373349	0.01555955017481012	0.09854503822093613	0.01171626300430097	0.012232543001092	0.0115259435686755	0.01164234836422914	0.01181868510069178	0.01326636798784791	0.01430078541930583	0.01546159495949536	0.01845552195260814	0.02212555214688205	0.05313067048366385	0.09699543322034558	0.02073473451319488	0.0163292695927496	0.07313572734330398	0.1576529450948316	0.01237072840999054	0.135312699525742	0.2357967520942533	0.07396040496985551	0.01035234522034703	0.02277898054223407	0.233987149700145	0.01444986617163287	0.01108442122766906	0.01038151524313848	0.01075988111628909	0.013880937772931	0.02472287829115944	0.01122754237217066	0.01119966309473129	0.01160666580197114	0.01388513344176035	0.01082846029995218	0.09748135078811852	0.02162898128277106	0.02384576718689014	0.02805288905975517	0.03148130104399866	0.3214137767090757	0.4303674546705084	0.01165219989793781	0.01067161977379772	0.01047610717901983	0.4552520310553682	0.2091564543939977	0.1385899685581285	0.2380538347604231	0.2017136930803744	0.1538010271865589	0.02726316389813618	0.4932385108662619	0.02859521954445616	0.03131639226245308	0.1303879859011663	0.3704381464666509	0.1966515663163351	0.1280696853101762	0.01085858670505773	0.01205283616926259	0.196116985024153	0.2945864128907922	0.01765977620709907	0.03226438290765637	0.01076143432518877	0.01026750986639958	0.0105602970496954	0.002835716036888741	-0.01354648294492143	0.007494328051483897	0.01748243421929832	0.003536790594336661	0.01853232097226498	-0.01209247359506192	-0.0004844721000969389	0.007867508134112468	-0.002759170810762089	-0.02900855261883599	-0.03597436076252931
1.352280701754386	0.02814064647865722	0.04009424513294675	0.01360217184388634	0.0125562410796974	0.01623725021621442	0.03653197388519099	0.1165660097968357	0.1493783024848461	0.09828695630430889	0.05815626570762265	0.02330123522090817	0.01697012284229179	0.1016438020873609	0.01216881676915297	0.0134418895125468	0.0122054612846003	0.01202685326171411	0.0145183761822841	0.01722262884765039	0.01859594482043627	0.01945907092298372	0.02412134756169266	0.0284272049707783	0.05388048876491614	0.09750191532938289	0.02267241691376484	0.01785104933062044	0.07921228271033227	0.1509741859486249	0.01252749395460029	0.1343218539762362	0.2280540429199732	0.07660668746974923	0.01047140552086357	0.03026328336260918	0.2303716670409601	0.01564822113277096	0.01125006831524332	0.0104454584375143	0.01088440522527745	0.01451489401876059	0.02337987337010057	0.01164410502670149	0.01163954982242082	0.01207782009791295	0.01467076983330366	0.01118901110421706	0.09722339203041556	0.02353891964253895	0.02584366630511816	0.03011674723584755	0.03353820247949865	0.3150075468097517	0.4167534254888329	0.01234648942264734	0.01094536296954478	0.01065078223098321	0.4497429287701541	0.2100239733501781	0.1405286964835671	0.2326476103038804	0.1995516032370772	0.1527932801747896	0.02823128102498134	0.474299506898187	0.03066243760876669	0.0333789310144333	0.1293975055327581	0.3553272563298256	0.1875736249524876	0.1260473163955244	0.01131997535551966	0.0129484076152392	0.191135030129495	0.2875068753064241	0.01924477071164073	0.03431165878989854	0.01101782734350434	0.0103580286625325	0.0107493124051409	-0.02315360875628146	-0.4059392192698189	0.02829040504035123	0.02977040377911364	0.07069866895742849	0.049702732127677	1.11157173800039	1.225136539024403	0.9691555616798143	-0.2327948389465165	-0.2786401628240445	0.09354286166352317	0.4767861914828677	0.1308351915209201	-0.06747428230169251	0.6246504456780115	-0.2074762543110257	0.9434384043356621	-0.1420633472779292	-0.5818274855195755	0.07914429600293088	-0.1144933002550296	0.061128244385295	-0.4345897114618707	-0.1158451328568347	0.3846154963003543	-0.02647403758861503	-0.1462939353197693	-0.1846331385616926	-0.2412817945255513	0.09485151064899616	-3.657796495608963	0.09485151064899616	-3.657796495608963	0.1839216393577356	0.6455169258390363	0.1839216393577356	0.6455169258390363	-0.05852768942155	-0.04691577184664705	-0.02370815932951754	0.1541302231990528	-0.497106737127361	-0.415804546861046	0.1721128068400375	0.3984421605254433	-0.2177390804771038	0.07698655835678428	-0.03596942293149559	0.4884392934456157	0.009440358045552938	0.1807699980290545	0.2921283994352846	0.5348973773200177	0.568824290426432	-0.4699873986509405	1.014278682464349	0.6320825141234744	0.9539696617823111	0.01881457534020542	0.8967008016261998	0.03187116145615279	0.2387723034108487	0.1517130068734712	0.132242627165392	0.09578173065071785	-0.04644918812708605	-0.0005377557076688219	0.0572927233102859	6.546721080399775e-05	0.04134147594087117	-0.01235263794055875	-0.005558121576191287	0.04276790011877316	-0.0003044644434976876	0.03224908150304105	0.04474709816895234	0.006475833907959042	-0.3155355481242931	0.2892143134250287	0.1369222314678276	0.01968369470112636	0.01998382323205526	0.01431682313545251	0.01357560794172668	0.01563111134042531	0.02359200133255675	0.1413679618217931	0.1692234908099446	0.1098859957718496	0.06558188288594742	0.02672671428197562	0.01917798983141638	0.1294342962890001	0.01253722965195079	0.01600458123494327	0.01357097298280439	0.01256780078185121	0.02084274944282278	0.02647235583065037	0.02863274759284557	0.0290183371689634	0.03825105588662338	0.04485457832004765	0.05101412680586667	0.1083783215833458	0.02600918223422391	0.02027521932279144	0.1083105237288728	0.1351961793119355	0.01209717444890881	0.140613237825505	0.2846997524128396	0.09271280367364881	0.01063695369254314	0.04928228629682058	0.2605748962098169	0.01749625284438472	0.01131880276118669	0.01048976026251708	0.01096379469859233	0.01549087116104952	0.01860097448524488	0.01241663230680474	0.01246974158560387	0.01292598195720047	0.01595726237797669	0.01188757519676696	0.1001748376042229	0.02675078413065788	0.0294374667098575	0.03436171762318404	0.03825857332095653	0.3283694050196566	0.4456738595887576	0.01361911091230305	0.01145434751222598	0.01097408799638549	0.4791511657313422	0.2204603961937776	0.1441857733534758	0.2399926508100318	0.2064609418605551	0.1552134736245911	0.02964238940955255	0.497909045817109	0.0349941510738269	0.03810122032035148	0.1233542954062976	0.362463095151997	0.1770403117694163	0.1274966255356828	0.01224106741687998	0.01469372718727632	0.2220401234190434	0.2975413432876043	0.02162469050897727	0.03911885628313222	0.01148412407644084	0.01052185123314173	0.01109316933283493	0.009942037344100374	0.02095831690367472	-0.03280160405466759	-0.006952912295420471	0.0136279054182918	-0.005239190377416389	-0.009740282427763879	-0.005206237185200984	0.01392639082617057	0.0001622538362052537	-0.03026858521676342	-0.03666160632651549
1.36219298245614	0.02078176805530564	0.02519204165160262	0.01308516811831352	0.01236738920635463	0.0146404067647581	0.0262303272644311	0.1240891434150619	0.161622501308132	0.107220313398797	0.06228473632504079	0.0227486044144785	0.01642872763837339	0.1181570958107853	0.01182432446408477	0.01374458561037423	0.0122910503546626	0.01181035802763906	0.0154100783651562	0.01966981480614293	0.02327731713121632	0.02198194890105548	0.03111740259293207	0.0395157550012611	0.04656274703663913	0.1039661782649804	0.02208338829659668	0.01727288117068375	0.1128202101837037	0.1454550024429851	0.01199516265001711	0.1431672984660959	0.2541887152205373	0.08216104423739232	0.01042276884744561	0.04014043613150806	0.2504417002864636	0.01518801716251477	0.01104155842967576	0.01037891102861719	0.01074921878849201	0.01406644471385005	0.01905539597139682	0.01159990311719264	0.01161546781864663	0.01198342087721666	0.01427228882412405	0.01118094074120528	0.09797968222814345	0.02292615583865175	0.02541622878960653	0.0302487966357496	0.03422174861179345	0.3209719498781243	0.4314658283679889	0.01228381212120968	0.01092622297328901	0.01063486714073259	0.4659964733761961	0.2139738464140227	0.1379608654585066	0.2420502027594292	0.2042351801067006	0.1533210840914585	0.02617546730675442	0.49069133802877	0.03088505708885715	0.03405486743406518	0.1211824546826283	0.3631541409873449	0.1935603376424126	0.1277514752416322	0.01133541999888969	0.01293530472284227	0.2135618410544614	0.297598740571904	0.01855041517263522	0.03511295028765676	0.01099831200379646	0.01035033882174836	0.01073469044544192	-0.02672754050719391	-0.3142524970796475	0.02842937738181818	-0.002301835170270238	0.0711320161540495	0.03969969177202449	1.123818622877292	1.246195788555973	0.9669208881711324	-0.2173706512597267	-0.2776782109066869	0.1001604598697367	0.4781209629945544	0.1369991924057122	-0.06137706900319377	0.6037216154955726	-0.1975726858386389	1.044978272046212	-0.1479938154727704	-0.6177779608820761	0.0777756432542616	-0.1634324829806097	0.0568493771696997	-0.4273803017573673	-0.1123466931191917	0.3206570462480122	-0.02772045496593048	-0.1035387955777715	-0.1868045325474449	-0.1992251992762545	0.06339483517066914	-2.684663394315554	0.06339483517066914	-2.684663394315554	0.1909053685627072	0.7603193457430246	0.1909053685627072	0.7603193457430246	-0.05874704764600373	0.002572045167821687	-0.02225959382528731	0.1385411039328925	-0.5013307342137427	-0.4354528656616577	0.1759906658270893	0.380327008226704	-0.2167462613371483	0.1217796616641792	-0.03114889101648665	0.4838490246548924	0.01208670470050389	0.3480114199474857	0.2972311062840935	0.4948149962328133	0.5642166738821319	-0.4588283261930548	1.019994129458915	0.5227678051352833	0.9541609013949003	0.01975721317969508	0.8969852533377783	0.02559575200809175	0.2437804790719307	0.1727441888202725	0.1429896419787432	0.0971194147257093	-0.04054998895837503	0.0009499003372342508	0.05796150886657395	0.0001635085804901004	0.03324099155372182	-0.02281250596541584	-0.008291804854651691	0.04137704216413265	-0.0003852757899607686	0.02354237061496451	0.04257562492796069	-0.003658135152376218	-0.3549684121617014	0.2565982608659734	0.1067319535866654	0.0146952421254087	0.01416640853144452	0.01194352887207903	0.01152825561482151	0.01267822884239822	0.01804997225739802	0.1253884149280766	0.1758623051594627	0.1174321984302808	0.06536377900190636	0.02019429087952136	0.01449263172546418	0.1346511307507078	0.01116627506461109	0.01295213249659846	0.01172807998229144	0.01120800605933227	0.01447453896134271	0.02010326736592801	0.02752855351342394	0.02103353730931383	0.03512656576383461	0.04919631798895861	0.03657417055300608	0.1094426518842364	0.01951758874206263	0.01517433678861841	0.1613247675270759	0.143719820574279	0.01144061853557527	0.158248983936824	0.2787151391481801	0.08293067706811297	0.01026419131901869	0.04638121172856133	0.2794429365843141	0.01355509687697138	0.01069497916323224	0.0102566447054504	0.01050620946736869	0.01291075509475609	0.01541357013262943	0.01114138518302946	0.01116140989670799	0.01140862917596314	0.01301995279126858	0.01081307899378213	0.09758682819635604	0.02039056333997343	0.0229680661371709	0.02832734828741996	0.03291789361929638	0.3275704337067136	0.4541941319362212	0.01153577982216389	0.01063878062025898	0.01044684324572765	0.4950167037487756	0.2168580664447513	0.1305255066376551	0.2590330939851201	0.2103790986027745	0.1527437926023865	0.02232265913494625	0.5229589469682372	0.0290598574930749	0.03273867761548673	0.1079525498245739	0.3781902398836011	0.2122348472607637	0.1300087111840235	0.01089370347712163	0.01202591795400347	0.2453799078075545	0.3159308964987007	0.01630960586583452	0.03394996658612753	0.01073777975054395	0.01025743062817608	0.01054212953537572	0.0007348169622012465	-0.01562790921322614	0.008372671047780264	0.02216940754378669	0.003153248921841679	0.01756060486000236	-0.01263557976847508	-0.001326291861949744	0.009110300679396444	-0.001864482394806916	-0.03115061455356647	-0.03710700731317486
1.372105263157895	0.01666762956507289	0.01782622605898085	0.01247259236636706	0.01196624574702626	0.01343379397411228	0.02062053911938619	0.1313330127825122	0.1744841666729388	0.1161926181693274	0.06645522215169865	0.02215840508973041	0.01576769943039419	0.1362970828194836	0.0116096999712782	0.01422511547317138	0.01235308559492236	0.0115358552854409	0.02000396407060408	0.02783020913295526	0.03694407424147291	0.02476614631953376	0.03979489463769968	0.05335079287240898	0.04032644769906556	0.1084202762248652	0.02144650387479163	0.0165830899443714	0.1563118337012005	0.1433304312673258	0.01151292610298386	0.1561493510415306	0.2683228573356383	0.08552780138848996	0.01035508048418287	0.05176555031885999	0.270295017920352	0.01461172265930653	0.01080558520108906	0.01030105267485657	0.01059200247179693	0.01359259306875861	0.01658625033241396	0.01152540527228906	0.01157661152037062	0.01183943808479955	0.01378788881187452	0.01114532454340606	0.09787142497567741	0.02228681594296482	0.02497626920563334	0.03038058861420465	0.03490967300582468	0.3245476705501677	0.4437550835444528	0.01214105008430336	0.01088697661034053	0.01060635658584514	0.483469042845408	0.2171768616061343	0.1331028758201515	0.2514900326313185	0.208327208464536	0.1526332787689659	0.02403417331585574	0.5067903147155876	0.0311091241961958	0.03473829055380471	0.1096913257903861	0.3690457147114936	0.2024676006850298	0.1288079946713666	0.01133551476696355	0.01285170693095129	0.2365260508664119	0.3071970170471836	0.01779014194742988	0.03591781736647746	0.01098375084430854	0.01034368575454079	0.01072325675810788	-0.02937857466297408	-0.2210667091771369	0.0282361312290398	-0.0369993108116571	0.07152444892814971	0.04141748682758292	1.136282269709188	1.268846484030029	0.9648585718807131	-0.1982332389183522	-0.2766626800877728	0.1043245484332903	0.4794729731452101	0.1343732207193779	-0.05553930503361134	0.5726592768979598	-0.1869587392248737	1.086509508710925	-0.1543537440862915	-0.6667178620228491	0.07587220903791574	-0.2220767351677144	0.0526779961373368	-0.413384977458668	-0.109487563549097	0.2569209462970617	-0.02849605360104399	-0.05154068044298291	-0.188630802777884	-0.171708691952319	0.04164500340682321	-1.706741525481701	0.04164500340682321	-1.706741525481701	0.1989352306301948	0.8572649066697544	0.1989352306301948	0.8572649066697544	-0.0584826500392652	0.05024537032401699	-0.02095341227712306	0.1254308564232682	-0.5057134609287145	-0.4472902818679925	0.1795729997617945	0.3381826114027325	-0.2153550909495612	0.1574491208678538	-0.0263922389285359	0.4747864561644161	0.01619420825389449	0.4714826050398973	0.3019381335706219	0.4546775528058302	0.5597431043216353	-0.4431616716411681	1.024669853551686	0.4217550263541612	0.9543607005918534	0.0205077782640011	0.8972098868990748	0.01981866314152405	0.2252088622205914	0.2060365634017938	0.1535485519134516	0.0976409457679383	-0.0336116009530905	0.002605977166024082	0.0579276323152134	0.0002750664233608196	0.02357046789498205	-0.0334333259577867	-0.01114761093575166	0.0387548721092321	-0.0004857848158901551	0.02744371579334563	0.04992998057230193	-0.007432089491055479	-0.37528503177289	0.2091168982406409	0.06653185948261153	0.01488332229759293	0.01377076900949948	0.01299817684789721	0.01256859272274708	0.01359931991572646	0.01757241234852641	0.1560791611679303	0.1967600902452219	0.1282728209432773	0.07410632185661614	0.02549858335776541	0.01773256297646534	0.1699231050275686	0.01223165942762288	0.01714230569605689	0.01367282768181498	0.01196278011078259	0.03380183219275551	0.04893100391031218	0.06607273457912285	0.03497742189974023	0.05796869003531108	0.07664997073703801	0.03981588952039433	0.1146802879566734	0.02467703499419383	0.01877854599987584	0.2152877663503197	0.1364522260429007	0.01118160487977151	0.173449904163646	0.2915934439993071	0.09688441754789186	0.0104834214070324	0.0754851888488785	0.3012758818477981	0.01622631138774494	0.01082062467339166	0.01032327978515275	0.01062834471328574	0.01451649809698651	0.01556618260363695	0.01223847615205689	0.01237778935593424	0.01259009384909409	0.01490275915970311	0.01178999939900786	0.09878413581679113	0.02543543505795035	0.02853717827852645	0.03462771825503251	0.03965442403582328	0.3303888975842419	0.4647123127375085	0.01325627241750019	0.0113566331941934	0.01090504900665873	0.5178392730716718	0.2255882978392499	0.1309558990512723	0.2591128827746363	0.2136552761913634	0.1518969183019468	0.02525873408843249	0.5297578367963962	0.03544843664242774	0.03949126451414153	0.09592798311050357	0.3698247595446561	0.1998786832287131	0.128647086602541	0.01222663849720463	0.01445837444652416	0.2708726441378152	0.3158797212451884	0.02003063135069837	0.04075064224774801	0.01145968776703722	0.01050952520463466	0.01107331710685622	0.01111549352955489	0.01999875058621569	-0.03615883540368041	-0.00685128499177017	0.01508712574331413	-0.003096446578078321	-0.01094416647131221	-0.004243870738349038	0.01413626161159383	-2.530788402624394e-05	-0.03192171615833026	-0.03753429304501982
1.382017543859649	0.01455245271441198	0.01447126780422391	0.01216013024093537	0.01177324194729085	0.0127896824206579	0.01740272961277461	0.1359334713615958	0.1830830299479478	0.1232140327392717	0.06999214550104076	0.02177551478859542	0.01542515116598352	0.1544321688806091	0.01149201249482871	0.01479924527645308	0.01250428981274251	0.01140525978760586	0.02152648118876279	0.03757705353543427	0.05822628415794318	0.02577894557482278	0.04825738159548834	0.06817680058478277	0.03460429503207434	0.1088953458941073	0.02103084275629168	0.0162040853195211	0.1988786105578017	0.1413518702783772	0.01122712650377489	0.1674201507668404	0.27176932956778	0.08509309262179039	0.0103285859246553	0.06359263692937354	0.286271102632084	0.01432652160208686	0.01067859438911306	0.01025996047196518	0.01050850848343407	0.01322085618947093	0.01471014295813018	0.01149433204921171	0.01157427223169046	0.01175511834519389	0.01343584664056644	0.01114441004098787	0.09672358188390714	0.02168954435414747	0.02452474366450742	0.03052721235002873	0.03569918607503492	0.3254619268704364	0.4531597313424408	0.01210445657164988	0.01088102084374925	0.01059753163426987	0.5007777072052189	0.2194298095257917	0.1259112552323794	0.2610110596003366	0.2114878867955065	0.1502905866005879	0.02174234179868022	0.5216738030533824	0.03136062467784547	0.03552435021998208	0.09434978602730124	0.3728281412005907	0.2130848587750446	0.1288016754340967	0.01136371691569076	0.01284801504634632	0.2598364192345348	0.3167678314860765	0.01721097710075276	0.03684546394220388	0.01099252767026388	0.01034583057829499	0.0107292531315997	-0.0311313300740936	-0.1342756913534345	0.02769187106931397	-0.07292536124530373	0.07199071182859167	0.05449550063235575	1.148977531383866	1.292874524002043	0.9629988992178623	-0.1767401562615493	-0.2756186518099941	0.1059197964403164	0.4807585825415248	0.1238016091442951	-0.05005004447376264	0.5338289788825332	-0.1762305250039648	1.068400476912281	-0.1612156773448544	-0.7169794380445156	0.07334781866691237	-0.2883625016373523	0.04866760267980001	-0.3953250987285872	-0.1072275464470088	0.2008577783256608	-0.02871718320013879	0.008028018829352732	-0.1902569013067438	-0.1588048449871664	0.02942935752688812	-0.7680575780813158	0.02942935752688812	-0.7680575780813158	0.2078599974043909	0.9421341900659517	0.2078599974043909	0.9421341900659517	-0.05776631986869918	0.09326578663733302	-0.01976487031136797	0.1147656168875046	-0.5101634073124728	-0.4486827810580566	0.1826065477848658	0.2693509504439849	-0.2136519642113429	0.1849594358672972	-0.02176433267070198	0.4573451432358713	0.02121863783262442	0.5298728275866111	0.3062310173334229	0.410204882841481	0.5554419113543799	-0.4242420558213788	1.028370440445036	0.3253126105489157	0.9545662248404249	0.02088599036497705	0.8973799684610961	0.01459067621826722	0.1884636949683279	0.2446752071859932	0.1617526298323479	0.09507111362891682	-0.02685748707627714	0.004006468043458698	0.05650637092147821	0.0003730833547157436	0.01105181024756188	-0.04241691868652048	-0.01345132111370203	0.03439593720061385	-0.0005829479779166951	0.02379778482569393	0.04426866943953883	-0.004529264964612821	-0.370479296040831	0.153942519620166	0.02037017664772442	0.01263670871430855	0.01206455551885209	0.01147353884257638	0.01120174916075051	0.01184816395868754	0.01465802306651094	0.129688479618342	0.1875194777336624	0.1285895405852537	0.07135355425422488	0.01961841460460186	0.01401634716498358	0.1711063972503595	0.01105544923869503	0.0141355341763784	0.0120517957009116	0.01101655671034995	0.01657349092843327	0.04116775979281079	0.07613876558691116	0.02192496785585501	0.05161720481653753	0.07944154691998145	0.02668510653519041	0.1065430032510633	0.01888371096692677	0.0146305833902581	0.2519098320374582	0.1415009351491297	0.01100408545646266	0.1802633429866623	0.2636215955534851	0.07798957435578301	0.01023161687769357	0.06989491538685035	0.3033879411356001	0.0131680524692048	0.01049594044078151	0.01019166471280884	0.0103747791038537	0.01217530406496739	0.01255796780982535	0.01107510205294877	0.01115786138548642	0.01123188666178685	0.01231143187731093	0.01080579539560256	0.09437286661605816	0.01922146810794145	0.0220664904750099	0.02862303136160126	0.03452819320946805	0.3246644364415807	0.4672538456870156	0.01145632801093789	0.01062575139150575	0.01042771841717742	0.5314822867196003	0.2200192410316689	0.1126879824427898	0.2793168620175044	0.2158088654944469	0.1460246570150271	0.0176293889332301	0.5525815506390572	0.02956915032535453	0.03434456255835902	0.07301029564437442	0.3825817641382825	0.2379913686724507	0.1291379738424852	0.01094926597315887	0.01200833239565992	0.2937655555801578	0.3358211457790747	0.0152222961009859	0.03584459630244549	0.0107639917228009	0.01026466130862379	0.01056035704118471	-0.0001651696162710704	-0.01820364361712477	0.006557403757515657	0.02687591191854995	0.002776766430369204	0.01695072473785629	-0.01283805445675753	-0.002328739273909231	0.0100899685397862	-0.0009611388488401023	-0.03240571015691572	-0.03763614307499123
1.391929824561404	0.01374533687337019	0.01330966387986219	0.01199084766902528	0.01163281987550279	0.01250740167532482	0.01632358049828456	0.1327111532288957	0.1863911781965531	0.1252957220631812	0.07096467590985933	0.02174483908615205	0.01540793868432573	0.1683735313410648	0.01156654654951875	0.01516418895830412	0.01259586015784929	0.01134103485903963	0.02181932092066034	0.04414049444741782	0.07370675325713466	0.02572861363506197	0.05329081608056472	0.07776842575058991	0.03165344992231318	0.1091203551804927	0.02098060821831045	0.01617216850305585	0.2300370755337586	0.1409600231627958	0.01106552716455575	0.1763212199604018	0.2638945952762881	0.08233851633420201	0.01032652214018751	0.07149358095754187	0.2917732259618648	0.01432416919700063	0.01059578736383821	0.01023084308735039	0.01045218848883558	0.01270087372343903	0.01330011208402489	0.0113932588476849	0.01152139895407589	0.01157193027928355	0.01288613053019108	0.01108243898900305	0.09603482748646133	0.02110453058122103	0.02409400632400143	0.03065745018257976	0.03640433556265504	0.3261989969254008	0.4619826219830923	0.01191776910892348	0.0108271009204212	0.01055776949655328	0.5203137511718162	0.2216395849510899	0.1159288651171494	0.2725352421212708	0.2154951425134437	0.1476824271008234	0.01923522223923218	0.5400285381611145	0.03158543318491523	0.03623059595842426	0.07567708067771925	0.3782405852083002	0.2267750157678847	0.1296535235490275	0.01135030783617036	0.01271883293762274	0.2812652492846436	0.3279439300893133	0.01659796804041998	0.0376742001875372	0.01098734366776062	0.01034229366111904	0.01072444511010816	-0.03208460267957012	-0.06074607425121801	0.02678971848360009	-0.1090669064939954	0.07263954073081384	0.078090777695487	1.161915923492707	1.317843115657945	0.9613575100749541	-0.154408388176768	-0.2745705401842062	0.1051745431044942	0.4819051406194098	0.1065507358643906	-0.04497331833740055	0.4898821571397522	-0.1659619599129615	0.9948339628801022	-0.1685295161186888	-0.7557074300653102	0.07013748699882823	-0.3601154741099364	0.04484636690270648	-0.3755699016591232	-0.1054627088727905	0.1579622711639679	-0.02831851932834024	0.07316584538312594	-0.1918257916079427	-0.1600159840642833	0.02615572955580703	0.09131785656201188	0.02615572955580703	0.09131785656201188	0.2176024247171511	1.024002916047048	0.2176024247171511	1.024002916047048	-0.05665824547231237	0.1288927329210589	-0.01867103926891494	0.1062945106499848	-0.514569870577275	-0.4384938517043144	0.1848232965984123	0.1735436630021811	-0.2117097930290652	0.2059666728979968	-0.01736079506111721	0.4293083761460934	0.02642560748914757	0.5065738603765663	0.310029139392884	0.3531736760974828	0.5513396090417524	-0.4032490465721137	1.031119606453965	0.229089953754307	0.9547731038242759	0.02076837541022642	0.8975008859790832	0.009883593446351797	0.1386198827586181	0.2653392996515105	0.1663220549985636	0.09040399248379941	-0.01850479933708256	0.005408378409069912	0.05412433429314954	0.000471340588016903	-0.001629323798553782	-0.05164023915746772	-0.01574758760043458	0.02928447848775944	-0.0006922602459232075	0.02624156266771837	0.05201760514473835	-0.02903546053422576	-0.3220107805960868	0.1032140720727446	-0.03384442120886934	0.01454609125507575	0.0136092377862463	0.01279618359697905	0.01233757702411055	0.01338185454197704	0.01753899555279089	0.1378953132262692	0.1946346276921985	0.1253178415613236	0.07294288663899506	0.02578767111844541	0.01801304349001083	0.1926375349340069	0.01256434590954944	0.01767514718661326	0.01379938566085846	0.01189751938184939	0.0332152227186045	0.05934053048444364	0.09222688033548733	0.0338117583615656	0.06463504761974594	0.09042885504897658	0.03684833531427976	0.1147875694841467	0.02493855809598397	0.01905157903972756	0.2625888035055378	0.1381534831292268	0.01097720558543976	0.1877925111300598	0.2529905392045509	0.08831135624081261	0.01050250396065346	0.08744668229593017	0.2910355915866994	0.01649432477459111	0.01069705063204184	0.01027641788527874	0.01054153583554574	0.01333215919066116	0.01320501463113538	0.01196926555116183	0.01222365634669485	0.01212875686529319	0.01361088179179605	0.01160774327140176	0.09802558361093609	0.02426846593762999	0.02768916231203149	0.03487381454892996	0.0409905079487248	0.331481553943952	0.4811152365102394	0.01273868091781986	0.01120304644880814	0.01079605951731265	0.5634913449667326	0.2299751289490545	0.1070223622822889	0.2864210130143052	0.2232761506586053	0.1462679340568184	0.02001739080076686	0.5761818035343388	0.03587485506327813	0.0408345207795967	0.05522133407813357	0.3844882610249493	0.2329563550282878	0.1316386605621453	0.01216012669149583	0.01407895565308158	0.3116507572423046	0.3419501452508226	0.01876487861932303	0.04232081729513045	0.01143601580810815	0.01049705060091495	0.01105341521615508	0.0117087692255799	0.01898375652190936	-0.04213820381134521	-0.0101384674110661	0.0163179066894053	-0.002824645663101946	-0.01179704075880052	-0.002056495657605567	0.01314785656905068	-0.0002997922270752394	-0.03287521248137319	-0.03773266393903801
1.401842105263158	0.01308807659455226	0.01256263483127102	0.01181231994372952	0.01152707175000813	0.01220171822698103	0.01507154554363178	0.1380093192768164	0.1911626782843718	0.1240529486944375	0.0702876856642541	0.02195771425459257	0.01555235502994746	0.2040646085331585	0.01256046825776102	0.01608783487364283	0.01268663142961287	0.01123403578550887	0.03537166081060015	0.06216845628182291	0.09410021724430163	0.03060363608157241	0.06429951963816931	0.09051179768426262	0.02992510130479952	0.1117035600399001	0.02118105790965209	0.01631809041738462	0.2547903992954731	0.1383101009833601	0.0108412515562607	0.1847621040964472	0.2720468376402645	0.08777103707200597	0.01033960375843443	0.0834035267837883	0.2901292244154143	0.01444293256789313	0.01050999974599653	0.01019994543343342	0.01039149525681523	0.01242965003567778	0.01263253034506338	0.01133340188723263	0.01148519171351133	0.01147111399977139	0.0125938384896257	0.01104925732957183	0.09597557087867183	0.02063021183287629	0.02369965674201027	0.03078659523739827	0.03712855874823479	0.3266592249318955	0.4700382763576083	0.0118112266705122	0.01079458886808061	0.01053385402943144	0.533342919185804	0.2209413053707587	0.1042217611655926	0.281636933502412	0.2181883703859078	0.1446068883677547	0.01778002174614667	0.5605510383074713	0.03180930045953883	0.03695809415954686	0.0566475221159457	0.388128135062666	0.2429101873242689	0.1314682754572223	0.01134496892292265	0.01264548441673584	0.3011909575082787	0.3368689051152679	0.01619830771859057	0.0385365436048982	0.01097874750864731	0.01033824558146033	0.01071753138085681	-0.03239561301001189	-0.0053205114871849	0.02553130018628797	-0.1447441175075391	0.07356979177858627	0.1110238518774978	1.175105685856039	1.343562589218366	0.9599383701128319	-0.1319728606094839	-0.2735408211387005	0.1022565018142025	0.4828542150272832	0.08423662882758107	-0.04034541119810928	0.4437881217121541	-0.156666944930266	0.873322219655709	-0.1761152646616865	-0.7696639519131214	0.06619726162457173	-0.435336500423865	0.04122183378585782	-0.355881404481414	-0.1040296735457326	0.1348514372367235	-0.02725419541304141	0.1420492598598101	-0.1934721262985172	-0.1742256343687509	0.03086775448144629	0.8384383448918751	0.03086775448144629	0.8384383448918751	0.2281889381887441	1.114559947555308	0.2281889381887441	1.114559947555308	-0.05524257414760636	0.1549860806358661	-0.01765067415854106	0.09989012738611398	-0.5188206264828675	-0.4174918027906003	0.1859665749763652	0.05348986937153754	-0.2095844569095689	0.2222668060220377	-0.01328984386430177	0.3902909023635709	0.03098669774549544	0.3997554191908412	0.3131524144392384	0.271753099812896	0.5474497762759629	-0.3815593926818721	1.03290061395134	0.1293681064526083	0.9549762142787442	0.02012586831312878	0.8975771434333225	0.005555202388674383	0.1028308278500982	0.2902665341377756	0.1658350113323653	0.08364941703395465	-0.01226777846836889	0.006258780864611004	0.05125310188109398	0.000533778957570572	-0.01156153226434323	-0.05781417830303062	-0.01730097031312954	0.02503970150191017	-0.0007766572432390983	0.02818469809664086	0.03827304439662635	-0.03174208842779597	-0.3036908441655977	0.04691074688895482	-0.07377454900792027	0.01185294588195511	0.01145898732784306	0.01119318540745421	0.01103941593180061	0.01139177889253478	0.01295516453455928	0.1437610852131537	0.1943797521622652	0.1206734908421718	0.06769294252943277	0.020321740504387	0.01456047177838952	0.2590077215724408	0.01347239366139871	0.01612401801406312	0.01225913618382937	0.01083833335258842	0.0469260167483353	0.07974056124450261	0.1169572001099523	0.0323997400714988	0.07386751447041594	0.1035242775782454	0.02501763235381736	0.1114835825909339	0.0195750161936852	0.0151922689907701	0.2889344753984521	0.1348674036973043	0.01060082096397107	0.1944153743361735	0.2926964223056789	0.09259972996887825	0.01028068897560217	0.09224931867487594	0.2839482676025938	0.0136238213456311	0.01035046253353494	0.01013712176728941	0.01026932567124276	0.01176854130972002	0.01182438779343226	0.01096212800817953	0.01107965521320188	0.01105837898498797	0.01184697398201074	0.01073613828517258	0.09501984641167305	0.01830394580630856	0.02128563963236545	0.02887771269403805	0.03596755439414227	0.325084829270533	0.4817534582046509	0.01123278410500418	0.01055465766049205	0.01037894544198311	0.5416629490007775	0.2130142230805674	0.08678876344931898	0.2934106118603107	0.2188787407263727	0.1389322625595113	0.01545537259293242	0.5994111743381272	0.03001015493601798	0.03579257015987502	0.03692552090892336	0.4119350823587928	0.2755645486997909	0.1341068148811286	0.01092637415373887	0.01185541526589456	0.3320508272049267	0.349877108472453	0.0144775485639397	0.03756794417609607	0.01074001482382834	0.01025413838464764	0.01054150646138294	-0.0002506895643473034	-0.01878627513425149	0.007441235190323808	0.02843859415408966	0.002090273987443829	0.01713872271449081	-0.01389941837615378	-0.001885747792257976	0.01079300794045877	-0.0003346906361372235	-0.03347975453246526	-0.03791353534014148
1.411754385964912	0.01297002778487394	0.01240487936801592	0.0118196268145002	0.01150229221682223	0.01220690734561841	0.01520379143864561	0.1379205047716175	0.1887519228081089	0.1193868597279688	0.06793225039440941	0.02243781056610413	0.01609218778928937	0.2198550955745908	0.01335195129367259	0.01670768373835362	0.01294450265474529	0.01128805636632858	0.03496953024946225	0.06478904948823654	0.1031372748975541	0.02920646139482544	0.0649548942826613	0.09382904009160667	0.02950729936159605	0.1074623578155564	0.02167588507299531	0.0168616083549841	0.2679807980415052	0.136285855836284	0.01079680730038865	0.1879748654644752	0.2712593233779327	0.0877033675832484	0.01039346715093338	0.08315452295457487	0.2814469955148665	0.01493177775201896	0.01049240251688125	0.01019016756608248	0.0103771294295972	0.01237505820358845	0.01248055595903449	0.01129185173412279	0.01144365972332429	0.01142552837066371	0.01248576273759853	0.0110084969298393	0.09640749184879582	0.02002015194001492	0.02322171030636184	0.03092496991725298	0.03787617357846337	0.3270234589923383	0.4776167695145437	0.01165703109310724	0.01074424047083517	0.01050679986880352	0.5334596065810751	0.213927844542051	0.08994250537446126	0.2851261016707049	0.2176213213681357	0.1400878740130387	0.01726385197432716	0.5804880796730071	0.03204313021634147	0.03770797561549413	0.04324330768260946	0.4026007653134619	0.2598994845221915	0.1339861979066627	0.01131579708794284	0.01256339898963813	0.3202406958743294	0.3418579517948205	0.01561570506695509	0.0394348804876221	0.01096279707311609	0.01033089087703823	0.01070482547004761	-0.03225921221911342	0.0292806444003976	0.02392205352767704	-0.1798730380377282	0.07486564651051782	0.1515494857511044	1.188552528204931	1.369638182371633	0.9587384703920966	-0.110352452353034	-0.2725478636654969	0.09794916152513623	0.483563499613766	0.05840038872417565	-0.03617321836013253	0.3983634573003746	-0.1487733148688587	0.7141415711368385	-0.1836652948873826	-0.7466330219601931	0.06150175838177938	-0.5122006041495833	0.03778667673407319	-0.3375426267572134	-0.1027165445371686	0.1337800334311252	-0.02549929942560598	0.2119003329788358	-0.1953165069335086	-0.1995174693717456	0.04232811973023058	1.449955234170865	0.04232811973023058	1.449955234170865	0.2397702049925858	1.226937053429614	0.2397702049925858	1.226937053429614	-0.05362286136591946	0.1698776691234374	-0.01668655617519236	0.09476285665561707	-0.5228145248433136	-0.3868379069642438	0.1858208271672099	-0.08551332316328689	-0.2073110653719991	0.2362476666220654	-0.009658703985699601	0.3406100373121352	0.03408199901673827	0.2124291541221608	0.3152844679785023	0.1502950882763362	0.5437775932172165	-0.3591691795197315	1.033659191152016	0.02208945246575821	0.9551703923157077	0.01897281814213412	0.8976118517833974	0.001478092261547842	0.0619537588981818	0.2979611796669376	0.1619332843755409	0.07557844265277931	-0.009779307850202536	0.006260403879972835	0.0482693858759164	0.0005456570055035886	-0.02080952080669847	-0.0605105656246461	-0.01786152796542597	0.02060464001793896	-0.00083706207509599	0.01940931514164873	0.02721875253580015	-0.03233321667290892	-0.2565693269877599	0.01899078018601285	-0.1060284361213318	0.01482721005016489	0.01385860291713683	0.012988289475146	0.0123651844050589	0.01368956769016212	0.0191449757139889	0.1294865559981755	0.1773389182967084	0.1109878437471935	0.06615855824641731	0.02702429310945166	0.01948322840032586	0.1890409600029098	0.01395588696521126	0.01862658361730895	0.01447681544356739	0.01215917581536249	0.01781187352343442	0.04659036904162625	0.09567332871347002	0.02454488901867381	0.05367075600710006	0.08479754041953323	0.03735233563191863	0.0966906574544469	0.026230778841034	0.02053330437615577	0.2671073584626274	0.135080010049249	0.01105965861713082	0.1853363906449287	0.2330413051371062	0.08099180788870544	0.01064902714299165	0.07157048340085631	0.2590852392464221	0.017834549713836	0.01072669077435952	0.01027691808477654	0.01055682946966345	0.01343037140417411	0.0133965179488532	0.01190350928674478	0.0121353807422907	0.01209015928194719	0.01357094200871789	0.01151891228969553	0.09955720873296188	0.02290457383986595	0.02664092793673702	0.03516294939811159	0.04252679816618735	0.3320023680172553	0.4952179115900878	0.0123842633454374	0.01108529896268323	0.01073893918714848	0.5293630475244279	0.2042756395095055	0.07546212872175879	0.2819190746521428	0.21614070052093	0.1350160682762472	0.01990497661371721	0.6150752938408333	0.03635769346245113	0.04237436089702502	0.03605137910002159	0.4245957747720989	0.2688866353751369	0.1377569953844906	0.01207896759003551	0.01390591143719343	0.3490463839410729	0.3432480998696824	0.01741622559643513	0.04417570807605094	0.01139707858234769	0.01047919433017313	0.01102247353820164	0.01251834614830258	0.01431734328918586	-0.04127146843155662	-0.006094904700951951	0.0159025611344861	-0.002319060670260894	-0.01306041888450526	0.0008467359058710686	0.01230234044105244	-0.0005178570304964923	-0.03399047649156913	-0.03796702814558507
1.421666666666667	0.01288216230248216	0.01230982654520254	0.01180182337341635	0.01148966211319171	0.01217077169634291	0.01508065141750758	0.1466851481067798	0.185342251146826	0.1161891367695358	0.06654850185615022	0.02274007796878769	0.0163502800050358	0.2240938915810861	0.02197334009717703	0.01721425550774352	0.01302259400798777	0.01127767614276299	0.02906244066999021	0.06395931229310223	0.1060958764086858	0.02731823257089796	0.06317938158398469	0.09294171281211712	0.03164456395206085	0.1014351692678842	0.02198706150241806	0.01712366303923078	0.2691422992984325	0.1313945187988182	0.0107144094413618	0.1867840775912961	0.2785418735378312	0.09387082245592582	0.01042539852971171	0.07823296267732503	0.2756100253706603	0.01513914581866311	0.01046436244934475	0.01017826559215151	0.01035586476409319	0.01257118190726516	0.0132897207103271	0.01126311440097134	0.01139198945506424	0.01142790822921094	0.01257734292521217	0.01097397115470263	0.09937872194902714	0.0195556062406378	0.02279546584286321	0.03106919813129939	0.03868743322143723	0.3291741810842157	0.4864399780976815	0.01154092572169524	0.01070004734821962	0.01048476352380874	0.5203234156492782	0.2002917279514348	0.07419828915710963	0.2840751931623261	0.2149454051257979	0.1360394641571818	0.01827758763299434	0.6025345191085867	0.03228089979069348	0.03851681583881177	0.03695616034913521	0.4264296541852934	0.2786795613204913	0.1395266702979955	0.01127344469043907	0.01248384572562489	0.3386872304106058	0.3440693265221694	0.01526311942198951	0.04044950194653218	0.01091911097048576	0.01031473608710799	0.01067222685412206	-0.03188430618294319	0.04303149423003562	0.02196664153376341	-0.2146351289906241	0.07659230618645999	0.1975363399972349	1.20225817167375	1.395727890431885	0.9577460285858863	-0.09008610190674048	-0.2716004394461591	0.09319812735204382	0.4840041670809562	0.0301882021162041	-0.03243669093963732	0.3563673831042452	-0.1425935634613976	0.529565882052119	-0.1907617232525739	-0.6767240878659421	0.05604239623931331	-0.5893042730854081	0.03452253241150553	-0.3215161974018592	-0.1013038890324644	0.1549632804869626	-0.02305967309740497	0.2798594471437859	-0.1974539708474539	-0.2327977762356799	0.05912263224326422	1.913596174831744	0.05912263224326422	1.913596174831744	0.2526278568718048	1.37421322427833	0.2526278568718048	1.37421322427833	-0.05191393869273345	0.1729804540956309	-0.01577082988261284	0.09000694710839673	-0.5264628831028427	-0.348175080737871	0.1842335812745177	-0.2358712282704535	-0.2049011104868161	0.2501657420047444	-0.006570128233170532	0.2810759518512267	0.03498681632194361	-0.03863271445081681	0.3159414634039615	-0.02874162020151548	0.5403344525708474	-0.3352679620247417	1.033302192575442	-0.09611956822180985	0.9553509109379583	0.01738952708953384	0.897606792131656	-0.002494088725739679	0.03408549171576278	0.2902766857261566	0.1550088859798119	0.06873778488149875	-0.009252811706402724	0.005917253824509403	0.04609433655907684	0.000535731082274602	-0.02373989810617453	-0.06187470618691348	-0.01840232230530383	0.01835739213763811	-0.0008942813464452199	0.02539229921076205	0.02356663146924666	-0.03769347935337453	-0.2228292313004108	0.01684231547323263	-0.1257644757218376	0.01188427926300805	0.01148661782444176	0.01124258596856101	0.0110683383007577	0.0114439441371515	0.01313059847898641	0.1722294779566019	0.1838289777288927	0.1142969160132175	0.06502618713948918	0.02092413727402606	0.01510426434908343	0.2473719369154435	0.03412889685381503	0.0171627005856267	0.01250927581366125	0.01088686573378602	0.02916685556243199	0.07077780449581957	0.1141544048616214	0.02670953115193785	0.06502586249622011	0.09483434486660851	0.03151845649314778	0.09416446040509406	0.02020405646542799	0.01573948984734426	0.2691525797493076	0.1214208974180892	0.01046306031930946	0.1841796709433396	0.3217628380872322	0.1103213823080283	0.01035516853099886	0.07330797049346202	0.272410429175477	0.01406365805254349	0.01031020592766414	0.01011831305537561	0.0102372167570606	0.01252944149857816	0.01522388392996753	0.01092160834276657	0.0109619496421854	0.01113188134144584	0.01230311017410133	0.01066492236933416	0.1034384034440064	0.01734113552200355	0.02038401915838819	0.02918556171853734	0.03769597991309961	0.3320169561754177	0.5013606295255111	0.01099096415795521	0.01045690818513422	0.01033450619260699	0.4804227108553635	0.1748417822883974	0.05484354939307211	0.280873954909477	0.2090955700114831	0.1309059594085341	0.0191583419612374	0.6464774094047538	0.03050940111402255	0.03751006289217949	0.03214594594136849	0.4786569160200485	0.3164280092262711	0.1486212965550348	0.01081651476398437	0.01169279024223581	0.3698455479077337	0.346948003284763	0.01376709913168314	0.03975874152010776	0.01062612577320797	0.01021269200105241	0.0104568975939261	-0.0006514548181971161	-0.01694515606072108	0.005160897418568862	0.0259050163586488	0.001225324338884618	0.01843793934505281	-0.01374947307316424	-0.003358168425069721	0.01119814633936608	0.0002067482461301931	-0.03476124766266248	-0.03842636903589828
1.431578947368421	0.01303905217374281	0.01239161833012044	0.01199365075067366	0.0115943461133544	0.01241096935845524	0.01578131299730044	0.1691703321964548	0.1813022850352439	0.1123185670661822	0.06479925817652077	0.0231396622443107	0.01688434497137625	0.2247942680013606	0.0285737691734167	0.0183497834390034	0.01366384389504019	0.01151286269096325	0.02591954672440375	0.05996896946138826	0.1056871520716254	0.02524263364750185	0.05838119953018128	0.08845253510531023	0.03582514347880796	0.08923429406468349	0.02241416229333271	0.0176441480698533	0.2622076047395564	0.1221757034271938	0.01063487637899389	0.1812665212835818	0.3052298278653453	0.1076475845629205	0.01050178586869911	0.06536634759972132	0.267292166705958	0.0156316095141809	0.01045278457917499	0.01016975618020757	0.01034406889913346	0.01357419099077306	0.01898865735360047	0.01126078328436524	0.0113058649857106	0.01156455829435886	0.0132148928550762	0.01092607355116421	0.1035783233071313	0.01877641165092136	0.02213091257235545	0.03127253851231399	0.03975880323295269	0.3316986233288919	0.4951586826336952	0.01135903257353708	0.01062341230685953	0.0104547610290871	0.4946136270334061	0.1818701563854413	0.05954322063723695	0.2768451836542876	0.2097681966280478	0.1320729544739487	0.02207590311159	0.6218759908229422	0.03260040289819031	0.0395739233331452	0.03628625801053181	0.4537525491243051	0.2957145597161299	0.1464486676969342	0.01117683791884417	0.01239261765720237	0.3596278420559206	0.341788679128513	0.0146083031852315	0.04180636505850646	0.01082684028143758	0.01028109805700607	0.01060361920478289	-0.03146667277114755	0.0385397117159172	0.01966685818345397	-0.249443385079328	0.07879086849271429	0.2462790476950943	1.216221759415743	1.421654974812322	0.9569492658036014	-0.07076748135739958	-0.2706993198436855	0.08874723707739678	0.4841564276667614	0.0002662869788318931	-0.02908781574669205	0.3205895039613675	-0.1383149427280936	0.3328591571608975	-0.1969030703126393	-0.5530940029153251	0.04982053769165158	-0.6659726228329086	0.03140272526719525	-0.3085173356646772	-0.09957273099262476	0.1977608992776116	-0.01996446177617202	0.343810716587918	-0.1999448789643105	-0.2700592305300561	0.0797709815509153	2.22828155155399	0.0797709815509153	2.22828155155399	0.2671681364048724	1.568232890783832	0.2671681364048724	1.568232890783832	-0.050230295350003	0.1650082890323999	-0.01490347480640086	0.08486036512951717	-0.529699809027115	-0.3043095744958572	0.1811389974290556	-0.3879488051448768	-0.2023457826749737	0.2658377864488513	-0.004112477847460703	0.2136714411010485	0.03318642921998594	-0.3287205786145332	0.3144721304082554	-0.2810464385974105	0.5371378965379853	-0.3092599228779302	1.0317124249405	-0.2267640600229344	0.9555142099931327	0.01552751227909007	0.897562286102119	-0.0065010609616508	0.04367700189132662	0.2685761493572411	0.1478979230823932	0.06329766446797946	-0.01177422378102535	0.00513396657614593	0.04507871183786086	0.0004997445268234862	-0.02085925889879911	-0.06166760168958692	-0.01892241488309622	0.01874855988251245	-0.0009422154862868587	0.02350288311178639	0.01489199770103141	-0.03774708517972806	-0.2176573497449746	0.04186055448246944	-0.1280079290017041	0.01537665166624877	0.0141917078198937	0.01357309613124883	0.01268686034782246	0.01443565775585666	0.02135386625239975	0.1968045769061464	0.168295497199481	0.1023862756346254	0.06222606892493621	0.02793025057968228	0.02082889129960687	0.1835646717894566	0.02507435431375689	0.0215265135412024	0.01630531982866254	0.01286457536657217	0.0147421668453909	0.03500859508081728	0.09010029709250894	0.0202463893053346	0.04063887615983762	0.07113567776609984	0.04802181424372665	0.06443223905820326	0.027210564593866	0.02183611275315403	0.2369669640675691	0.1103042635374947	0.01090322947946451	0.1669098748119126	0.326728246091271	0.1189830916853091	0.01084415094779135	0.03653125310189241	0.237739045191492	0.01910248555886895	0.01071916951171014	0.0102631174460683	0.01054222476790486	0.01621820016785427	0.02965747347139454	0.01192401082775755	0.01193002523198233	0.01249202163175886	0.01537399156594639	0.01141028043277339	0.1097026446435739	0.02102576892259589	0.02506267174738069	0.03563533768679671	0.04497409147288028	0.3379021435117016	0.5125532677197657	0.01195716770146744	0.01090106204955299	0.01067133205393372	0.4450072229542398	0.1596173267154403	0.04832100108470926	0.2547660633223489	0.2012454147623016	0.1272738971979414	0.0303367348339044	0.6466792750844516	0.03708892262239057	0.04477985874972373	0.04088264384035821	0.4888235539666845	0.2996223406157253	0.1538467765121509	0.0118337515236548	0.01371172912818125	0.3976577461591734	0.3285565817164156	0.01580921139158174	0.04729265846509027	0.01116612452134499	0.01039528899555272	0.01085091991227829	0.01334614304600264	0.0104150611629252	-0.03775401150263247	0.0004312174850125793	0.01664384112007321	0.003315205873210959	-0.01274701970574828	-0.001553543545702007	0.01398691211540786	-0.000500140641771	-0.03576442123601593	-0.03923483120010561
1.441491228070175	0.01292461780053392	0.01226185882743494	0.01201838579727135	0.01167655518879339	0.01235305326703008	0.01548445136718883	0.1964276317457649	0.1730787783549518	0.1101492718684978	0.0640505879524272	0.02327409327634936	0.0169932189889979	0.2063417450282369	0.03794962171986388	0.02274936902200976	0.01475650883555421	0.01147201080980997	0.02075244139672179	0.05350166138291493	0.1022720270113084	0.02273635669114416	0.05025087280697485	0.08021213271905803	0.0436581350517527	0.06936532083318067	0.02256815145245659	0.0177535243384557	0.2421352362040932	0.1036171258836597	0.01053992538028073	0.1673898426040409	0.3313405942222113	0.1255055682417359	0.0105280533568025	0.04462459656702699	0.260767545979198	0.01569690222149169	0.01041687712677474	0.01015421225448865	0.01031535941331664	0.01441012347576393	0.04222660008031038	0.01124992817691132	0.01125922283176679	0.01162258515159684	0.01361252559369876	0.01090199695963335	0.1064022819485501	0.0179636553523103	0.02129767817252318	0.03164471617312947	0.04179335421336161	0.3307740361252613	0.4999415591016194	0.01127893972834393	0.01058860729139816	0.01043779747696861	0.4682607403462409	0.1641682329850998	0.04667756198918616	0.26916040755383	0.2031573260375929	0.1270415049235799	0.0264739239705359	0.6296743836262372	0.03317833715178328	0.04156081782462418	0.03574158921356237	0.4745917968379061	0.3063362277358456	0.1516170559844267	0.01114149280852647	0.01234778346652543	0.3882688509156607	0.3367072572639486	0.01406866587092898	0.04444495861935847	0.01078055256810924	0.01026432285612066	0.01056933347504548	-0.03116447391744796	0.02071509900994052	0.01701988292170071	-0.284738763460192	0.08147348750108319	0.2946463596318882	1.230440051332629	1.446989000933257	0.9563428920875923	-0.05150637933568851	-0.2698372689254168	0.08543892643766966	0.4840031619032885	-0.03159839912775533	-0.02605233624362113	0.293514372241668	-0.1359903187802281	0.137467800744468	-0.2015396828463597	-0.3730587932355336	0.04284226372865294	-0.741900488345872	0.02839466847513165	-0.2990432751709921	-0.09732344253932648	0.2584657148440883	-0.01626373639434261	0.4017531696575659	-0.2028045697621742	-0.3063352842193075	0.10283547490924	2.403491358289775	0.10283547490924	2.403491358289775	0.2839022951181593	1.818087934963843	0.2839022951181593	1.818087934963843	-0.04867357675495445	0.1477161129769781	-0.01409278979152254	0.07842422858544468	-0.5324872952443132	-0.25790733425333	0.1765715724846699	-0.5313071751810411	-0.1996209717093214	0.2845235396379481	-0.002353285386258382	0.1405073218854294	0.02844252748096734	-0.6270629365559596	0.3100891125177941	-0.6181116075819435	0.5342148643104039	-0.2798256200322269	1.02876524084472	-0.3699180868865253	0.9556584150112991	0.01356817164130231	0.8974775059292444	-0.01062787062622106	0.073719952052907	0.2400457876546639	0.1418227225137985	0.05908051007549897	-0.01764614562007246	0.003869799694649628	0.04507210490287494	0.0004354078509939447	-0.01288911068550591	-0.05982390287628647	-0.01935718710035125	0.02145258692435646	-0.0009785776127983453	0.02586153621003211	0.003083857104263416	-0.0260516185480727	-0.2255580614973347	0.09370775066017113	-0.1087055601086222	0.01208251811916849	0.01154444392515113	0.01164932685615755	0.01143025187283481	0.01180927364632029	0.01372110197819063	0.232775712864719	0.1580690472365391	0.1096855691249686	0.06347445061710322	0.02115969856832368	0.01532351234905198	0.1800182022497391	0.0522072128685178	0.02768597554731519	0.01597001079328653	0.01128837842478701	0.01914251065472321	0.05480696333264277	0.1004116383927225	0.02144994935573556	0.04541525186441676	0.07253372103026257	0.04923235600365233	0.04755445373114014	0.02048657139798703	0.01595631398151259	0.2044940641759674	0.07517372473861005	0.01032242131301198	0.1423506603841896	0.370773011129672	0.148376364569596	0.01041713746398597	0.02704826920220723	0.256348464044543	0.01420080025728656	0.01028771345359712	0.0101057756057433	0.01021716372274731	0.01439738087737307	0.07344446420817578	0.010903786573245	0.01087926812873143	0.01125013929085644	0.01313644269107199	0.01062607931370453	0.1078448636362458	0.01549492753002789	0.01845355167421014	0.03008783964533662	0.04264637278827339	0.3240175091837828	0.5022124803608332	0.01085829414171128	0.01039743146483934	0.01030395070163622	0.4214219407344622	0.1397539305895265	0.03214015307019903	0.261620920109359	0.1927041544172896	0.1194049777136491	0.02876617383158185	0.6340267863632741	0.0319013515795359	0.04233120398511631	0.03183464364563639	0.5067886069713653	0.3260787236234143	0.1571243824737941	0.01077099393271259	0.01163821224487836	0.4444909332999666	0.329377592122359	0.01258149464662213	0.04622139988977746	0.01054283954960283	0.01018245249285428	0.01039523365607686	-0.00162921485926367	-0.01409092159573657	0.00206445979964644	0.0234384478253935	-8.089908541752738e-05	0.01989536102853697	-0.0121806435707159	-0.003934680605179149	0.01054367082998435	0.0001977051617535154	-0.03694292405175561	-0.04038384593478296
1.45140350877193	0.01482884007268335	0.01365615226864539	0.01361410943684131	0.01249264993949228	0.01455586619110199	0.0211123435102871	0.207000228305612	0.1502474100992486	0.1030943227589544	0.06105133650559632	0.02372743078606805	0.01767659035343973	0.1665162134507247	0.03896355619645563	0.02677840908882331	0.01959435996169987	0.01368992084120566	0.01812583451121388	0.04518571726431032	0.08712742746191929	0.02028085120191439	0.04040560462961	0.06472322864042247	0.0491311890349623	0.04815785179756479	0.02306838327977277	0.01841752163005066	0.2066956612498234	0.08215720807723217	0.01067296954654104	0.1403439008507453	0.3262965670933592	0.1288871216971544	0.01064386095311368	0.03010342279216425	0.2425687904449883	0.01634400154767589	0.01061290344000306	0.01022472123025037	0.01046250576953828	0.01556150372204984	0.06635476635519531	0.01124482030180538	0.01121459004327231	0.01170622648491121	0.01408568786786784	0.01088387217016954	0.1073537460710168	0.01660755476941783	0.0199515028265395	0.03222630664522069	0.04482706866202198	0.326323017038833	0.5002819434885429	0.01118169998410482	0.01054801223533951	0.01041779424119984	0.4403690496404676	0.1461760663512424	0.03589518906474743	0.2588117078320065	0.1942302537069054	0.1200361124104357	0.0299855053600512	0.6257747526781186	0.03405583358625294	0.04450654366043166	0.03225999237962952	0.4822953112296227	0.3084886162922504	0.1542929288518902	0.01114608892625754	0.01236790021003402	0.4247683303431108	0.327752102499008	0.01315880647071421	0.04839793114559267	0.01073303114822637	0.01024656120201159	0.01053392598613896	-0.03107922492688444	-0.004120804533633151	0.01401998869298274	-0.320646738771293	0.08461926298342579	0.3391278407955724	1.244901250789342	1.470319330763404	0.9559304711837825	-0.03154906140293084	-0.2689997574126374	0.08388370853501846	0.483518904932399	-0.0668637376433321	-0.02323322293555114	0.2772698976991501	-0.1355443825242673	-0.04425753696692278	-0.204118606731164	-0.1386389183742182	0.03511517815299211	-0.8170883235552667	0.02546112792604232	-0.2935570131095073	-0.09442126159869908	0.3272986291583684	-0.01202344616241493	0.4526173051400487	-0.2059966993204567	-0.3362029220218741	0.1270186496682989	2.457692638939782	0.1270186496682989	2.457692638939782	0.303413185302554	2.128992686318584	0.303413185302554	2.128992686318584	-0.04732513434121444	0.1233958798397159	-0.01335569272867906	0.06988856235333465	-0.5348128896528758	-0.2115475847034507	0.1706672664207391	-0.6562043682192071	-0.196692912190707	0.3069203415639041	-0.001337608231378637	0.06414531020799458	0.02083814487479453	-0.9003575899727299	0.3019200392879467	-1.045157236863357	0.531605804755944	-0.245758872525294	1.024341142488138	-0.5244706778976195	0.9557834691734977	0.01169256641589162	0.8973511446800156	-0.01488746304821883	0.09237728407258286	0.1978247525510719	0.1372375336987429	0.05157940146795636	-0.02468139818055173	0.002105162438419671	0.04420538998464262	0.0003399918782117772	-0.005394593963154997	-0.05749414914462126	-0.01952379141904028	0.02437178981961807	-0.001001480140468051	0.02578104032876388	0.005174310935891299	-0.02497799547740902	-0.2014952005257095	0.159209766808841	-0.07461829963877337	0.02115316044942576	0.0184555873591256	0.01828637010973318	0.01502584225567606	0.02104213302144728	0.03860477756760003	0.1893160096495343	0.09985967029154237	0.08163874837623554	0.05355079249158488	0.02916767580018723	0.02276905985540104	0.0711961302345719	0.01786016286939739	0.02926997626484026	0.02974413552154712	0.01948761109345313	0.01222044094043728	0.01708669037838449	0.04479538349130521	0.01544629909156357	0.01974487976370753	0.03210876293811977	0.05666391746485296	0.02250897643455286	0.02856917451509796	0.02372032428880774	0.1396705031032761	0.06446035800833293	0.0113863726896532	0.09316860308892383	0.2479524363826974	0.104460354001936	0.01116109945841911	0.01623489023409773	0.17932246433028	0.02097182459652146	0.01133205569089743	0.01048589751903385	0.01100382010541464	0.01884077090300147	0.08020817099832597	0.01191925050744277	0.0118425468006829	0.012684081557241	0.01639780007785356	0.01137965624922615	0.1090207352135143	0.01776946374307888	0.02184362522907797	0.03702976032268773	0.05221786258307778	0.3211857096117554	0.5016205924059324	0.0117460987438526	0.01081431825360689	0.01062841767808704	0.3868877859231134	0.124350415677207	0.02957095739181085	0.2291856016956084	0.1794782374482519	0.1104743086194604	0.03659389680233197	0.6058748912671185	0.0391786469566339	0.05179949169738239	0.03077034319449901	0.4708291712877196	0.2857010735991553	0.1552989210171248	0.01188099821105996	0.01381418827729941	0.4918111367841376	0.3022149171764198	0.01362890575365061	0.05677032646517319	0.01106983675144682	0.01035881982482384	0.01077899983773519	0.01167661603369419	0.007515031774041359	-0.03089053973968225	0.01115305716030297	0.01957901455054277	0.00842746720999484	-0.01341828907861144	-0.003487872205983629	0.01565544556336603	-0.0008593217799063745	-0.03812757041086009	-0.04156115531644144
1.461315789473684	0.01667647230984119	0.014816828751066	0.01559576159719013	0.01390533342748508	0.01669237420254165	0.02557199555615863	0.182844293125798	0.1116541136978487	0.08453762477111959	0.05214859129223414	0.02498871394075611	0.01954278000640474	0.1019655509443847	0.02537915961238549	0.03109638138301061	0.02972977382802714	0.01637367524619866	0.01528784938535582	0.03036795123240547	0.06227889765792827	0.01829146506127673	0.02872780445040951	0.04447650621337254	0.04837750653504341	0.03121314600811412	0.02447831526646274	0.02030086065307691	0.1548206193612872	0.05903076349651877	0.01058883226429504	0.1005276929221376	0.2779926034664575	0.1103106443894084	0.01097892277778932	0.02119657240348568	0.204079963078255	0.01807887791490818	0.0105476340955313	0.0101901779413783	0.01040310999070653	0.01644818659283875	0.08294267853855215	0.01125689303223776	0.01121195219765173	0.01176095089262801	0.014312026076213	0.01088633796063559	0.1046497588813805	0.01553839425681507	0.01863808514360512	0.03319065077091338	0.04990528696043298	0.3175189602280742	0.494607836759991	0.01114173029965938	0.01053375804839215	0.01041218263682856	0.409208326556723	0.126107116469247	0.02677814963431073	0.2432915246646419	0.1805880354012925	0.1089824649718721	0.03136385415068177	0.6068509850816114	0.03549258714831077	0.04942041013377612	0.02598289378642842	0.4724551533539354	0.3016374674423047	0.152219002260513	0.01116962682836996	0.01241415287773522	0.4661506887070445	0.3105752642063318	0.01256704746723808	0.05509536495563521	0.01072290754067511	0.01024227005803788	0.01052619916067719	-0.03124669123433715	-0.02910895540628602	0.01066174159274658	-0.3569766335526595	0.08817203756314733	0.3762076943600619	1.259573636424806	1.489177814934381	0.955719798612753	-0.01088123531079843	-0.2681672796511368	0.08445158339293714	0.4826578293429739	-0.10813218791693	-0.02051343042769231	0.2737594944701224	-0.1367868849122308	-0.2016096487404269	-0.2041296081029519	0.1436350483797076	0.02664537810147225	-0.891799796794299	0.02256078208748962	-0.2923739481322152	-0.09085825438451008	0.389092537097206	-0.007313146716263475	0.4967377575055305	-0.2094297443803895	-0.3539944069302743	0.1512395493045018	2.415568449907154	0.1512395493045018	2.415568449907154	0.3263121802259753	2.501304666177934	0.3263121802259753	2.501304666177934	-0.04624194771994059	0.09467729865015688	-0.0127165325964762	0.05856501625334878	-0.5366887714614501	-0.1674652302367769	0.1636501334412288	-0.754676988208227	-0.1935235704495253	0.3331706856033046	-0.001082135050849601	-0.01238393015878837	0.01078069289719247	-1.117084252128854	0.2890827939769386	-1.558580436588709	0.5293610626178773	-0.2061661867929641	1.018338121251808	-0.6879641396226722	0.9558910460201975	0.01006789191773664	0.8971821250093477	-0.01921933027000185	0.08300859317361763	0.1555624595749396	0.1361094467005613	0.03964453378045797	-0.03248197317378091	-0.0001408740742750162	0.04157113459404965	0.0002139658888265872	-0.002269035953559847	-0.05395437899681547	-0.0189796294253499	0.02580061280818832	-0.0009975758201308305	0.01828701903157656	0.006506109052268357	-0.02414340829393177	-0.1129849791870198	0.2244559817604351	-0.02599752275152011	0.01707982189161886	0.01501654285444638	0.01769235796228305	0.01587767437771471	0.01794927203885577	0.02312388358404522	0.1343199632683458	0.06508833198801638	0.06623438643177484	0.04305944937793974	0.02393876143430767	0.01943576777200788	0.0337735389044998	0.01664473710283722	0.03665240541777574	0.04047628087980353	0.02052582446330529	0.01470585915730711	0.0239239420333918	0.0442061609916037	0.01847440461279699	0.02309036085829981	0.03077352130764201	0.04176277521870387	0.02012479718008235	0.02359620429786924	0.02011255275770207	0.08408446554215628	0.0303708925611891	0.01070291986240262	0.05241038864005248	0.1935803748864888	0.085479607642046	0.01116483911896711	0.01646724694775247	0.1611129080076149	0.01801739007034182	0.01082654550663417	0.01029914873245549	0.01062031546969435	0.01629336583889445	0.1028164505728649	0.01095830994013798	0.01091215606453808	0.01138847752527297	0.0135568823308874	0.01065628689541559	0.0979403181616656	0.01332814508648383	0.01567342728399537	0.03232900486314841	0.05452626880840918	0.2969085746521797	0.4747572920088769	0.0108088203178112	0.0103849163069768	0.01030400723407134	0.3523351056388191	0.09806192105963871	0.01658847065322563	0.2221112256519207	0.1584606104486886	0.09253209960161557	0.0298789783679249	0.5548009278735242	0.0352157242255331	0.05380479047680756	0.01729014010585308	0.4454202218595066	0.2942240052080887	0.1461615598179071	0.01086741741723577	0.01180960149887943	0.5406644788690237	0.279986132826802	0.01144090452337297	0.06205213758548948	0.0105504674803192	0.01018338943082389	0.0104001987570178	-0.003447435381416271	-0.00847902677843141	0.0001182004849986369	0.01586891862791774	-0.0008972586297734926	0.01987347333516468	-0.00935276817066673	-0.004238249693280481	0.009284329227199239	-0.002234309703093668	-0.03879680178674306	-0.04229069594452527
1.471228070175439	0.0219089220041778	0.01959528807740556	0.0236888671977202	0.02003096433525516	0.02426380122477258	0.02861090197510138	0.1361319954117007	0.07389110441262921	0.07799010198406484	0.04928653402826959	0.02532699592609326	0.02004533916651843	0.05419196955957229	0.01851749665186176	0.0360770389296001	0.04146755709021379	0.03153590113290602	0.01525296091927034	0.02643228062806887	0.04804419332551672	0.01930703895893278	0.02571066125642981	0.03519885691545682	0.0414772048140771	0.02481298980054179	0.0248709463317612	0.02079718566758117	0.1031811285315644	0.03921233803982919	0.0129391089380075	0.06433297986520467	0.2026528882496179	0.0821504809473553	0.01112494257694924	0.01980532049176297	0.1883770359258651	0.01851413674674031	0.01349118854190249	0.01134572357961662	0.0127005628619357	0.01803290658997333	0.09437018494546937	0.01135479136565918	0.01128328590398	0.01196387035207358	0.0148127437775182	0.01094715063242663	0.09852307484699396	0.0142778009023719	0.01707980930124833	0.03436692157258328	0.05572891005789127	0.3033763002347949	0.4805874363695735	0.01113393126877254	0.01054070724557764	0.01042850138266197	0.371886548465124	0.102494814009765	0.02009567012135041	0.223820955488621	0.1621987576249244	0.09422513649045225	0.03160658776268045	0.5713114028790012	0.03715831708886522	0.05502459452448507	0.02020452599525525	0.4484209287357281	0.2881145312616591	0.1454675572969998	0.01131923766053761	0.0126677612311058	0.5048906122895082	0.28742640218261	0.01188855876132922	0.0629858051839728	0.01075699513732067	0.01025243982228656	0.01055064083330749	-0.0316335836773451	-0.04723300972728576	0.006944078071366845	-0.3929872788206678	0.09204274429859864	0.4028135497991027	1.274401855403839	1.501504090233582	0.9557148671100573	0.009826600751487296	-0.2673183658338245	0.08718438821353558	0.4813451500851635	-0.1585021038694449	-0.01775975058625831	0.2842291089169108	-0.1394333733028036	-0.3264205388534215	-0.2011467289793309	0.4634612635815379	0.01743732496396293	-0.9659750978132703	0.01965039044772183	-0.2955990283686467	-0.08678007741657809	0.4291815764057145	-0.002194829977542198	0.5350951816112063	-0.2129559579848707	-0.3540861520276354	0.1746796807601693	2.304862803946763	0.1746796807601693	2.304862803946763	0.3531862500823147	2.929650874220064	0.3531862500823147	2.929650874220064	-0.04545142899303831	0.06501453108545169	-0.01220513355352383	0.04408300115493587	-0.5381446443975855	-0.1269261529472382	0.1558134442427825	-0.8207377432169807	-0.1900775960200312	0.3625190472214306	-0.00157476393504881	-0.08641379317159714	-0.001030717715377288	-1.25029028291589	0.2707812847780868	-2.144418072862442	0.5275396568198314	-0.1602195758638006	1.01068619363202	-0.85634336257845	0.9559843760387637	0.008840110930982881	0.8969702467720394	-0.02351483026902046	0.06241388234420287	0.1246739398764014	0.1414527945284378	0.02800736266094647	-0.04064021769801261	-0.002377094947869132	0.03854614285632217	8.951382811128894e-05	-0.001410523448408613	-0.04967848536546349	-0.01811591205927672	0.0264749056667049	-0.0009755902305334285	0.0124210072175912	0.002853024593272721	-0.009313254732904569	0.01027352057852354	0.2796262321213618	0.03295202201768627	0.03512962423996816	0.03167544644337247	0.04078186755278713	0.03202077240338885	0.04186118001356356	0.04353876600076524	0.06278206642775822	0.03186152705108951	0.08490248711096297	0.05491269724811037	0.02892093404974457	0.02244467569986547	0.01317775922129235	0.01184013434779338	0.04000141110913192	0.0555239346094919	0.06315434621592805	0.01492880815461691	0.02167921770909955	0.0317775233452177	0.02048028008441112	0.02333682491690085	0.02745824499637956	0.03595480129174308	0.02189202474358114	0.02833997308337229	0.02335634038299337	0.04678173891049915	0.03000373348437206	0.01843270409323828	0.03143237433017574	0.05774132062457051	0.03764001197215382	0.0112733327101331	0.02130480852031888	0.1920953366943658	0.0205814228400017	0.0201277186071112	0.01393444554807976	0.01786751463395811	0.02271905919749929	0.09692678827448711	0.01219715846918475	0.01205590353084857	0.01323240396710335	0.01766999367548015	0.01155696382631734	0.0920615116968236	0.01505648433625026	0.01847338692649848	0.03963285997372903	0.06491465965233102	0.2815674245958436	0.4519175381448512	0.01176114626156575	0.01084838629922777	0.01068191312888002	0.3002640374246378	0.07377973257736892	0.01887518032780986	0.1839941840866525	0.1355680322510789	0.07639326269075147	0.03590986022552588	0.489254022566844	0.04279490066226782	0.06398250114605876	0.01975428230215214	0.3870090128635978	0.2450824773369968	0.1344419750055257	0.01230084844133767	0.0145215863479489	0.5656684327802163	0.2443491733326768	0.01218753829721226	0.07425153202720286	0.01118012257358509	0.01039289902388679	0.01085849218831341	0.008004539514432703	0.01013731713968507	-0.01568216521325158	0.002895244599090468	0.01596398397303885	0.009316538693164419	-0.01316769813412724	-0.0004308469030160703	0.01504895446906481	-0.002686856753007357	-0.03881648727033821	-0.04272898818426955
1.481140350877193	0.02524415884583577	0.02220857376135068	0.0330414890490199	0.03244256042057551	0.03043974366508513	0.03024363404478531	0.09416105704271872	0.04591697077803725	0.07816607258754146	0.04925570845147953	0.02518051368505747	0.01976035315315855	0.0281580131574637	0.01389755279979015	0.04352074600728856	0.05686574962444863	0.04989658530019368	0.02561034586170851	0.02988876829090246	0.04114543064980537	0.02332870209725042	0.02620935006955089	0.03088208747842671	0.03468648112638401	0.02161669070470042	0.02473647079216396	0.02055969430097095	0.06448143254455629	0.02828671144069519	0.0144275876956225	0.04006069435418163	0.1350835413549154	0.05659195482364524	0.01102062864092564	0.0208957130475229	0.1882049334817071	0.0182054043456425	0.01925466895589161	0.01477600820953742	0.01795150071525901	0.02000789607754005	0.1023214735068583	0.01144639896967321	0.01136557819925678	0.01212673952137829	0.01512966502569278	0.01099634947784409	0.08973463048068604	0.01358080283048085	0.01607396130328177	0.03578054397868279	0.06207828115388422	0.2848640387039882	0.4576896491610892	0.01113509907066684	0.01055113336023638	0.0104455893793884	0.3294332466776224	0.07658123224147913	0.01684871568555042	0.1980909555443803	0.1402367459527825	0.07670634191332196	0.03082526392278431	0.5262925804666814	0.0390513476971011	0.06112338322154411	0.017129398225332	0.4116931897382032	0.2697772955620599	0.1350049444589343	0.01142570473786689	0.01285721542454977	0.5303021145813125	0.2585331947519519	0.0115485642941839	0.0716688704284851	0.01080957450713102	0.01026941043946457	0.01058881933858093	-0.03213820145418678	-0.05182155555341147	0.002876239393824095	-0.4273802544700367	0.09611489698539269	0.4165159872764315	1.289315801293537	1.506456849291095	0.9559128525682532	0.03001210818693066	-0.2664324723875693	0.09186315722934808	0.479475450109159	-0.2210099670295561	-0.01483174419901814	0.3088771581127259	-0.1431326859771313	-0.4133982922195067	-0.1948604658190352	0.8078153631762591	0.007499780442165309	-1.038772847753182	0.0166858388073601	-0.303289625977476	-0.08245208033725547	0.4385585761891443	0.003277961004356779	0.5683044007402102	-0.2163737525884915	-0.3313460630101416	0.196796797096478	2.152993923481551	0.196796797096478	2.152993923481551	0.3845397096829974	3.402750803665709	0.3845397096829974	3.402750803665709	-0.04494171148523662	0.03879749560980781	-0.01185326463584628	0.02638264772106457	-0.539217423516427	-0.09010550708732984	0.147499636152668	-0.8504814934783264	-0.1863323887859049	0.3931699773289967	-0.002780669399540019	-0.156052243727152	-0.01366502278134156	-1.280703132633799	0.2464141948133132	-2.777267367432376	0.5262081373861918	-0.1072075578245996	1.001364745369254	-1.023689734111474	0.9560679814641582	0.008120286553495075	0.8967165235675788	-0.02763767279743233	0.0722924116099305	0.09202910677426271	0.1546322475178917	0.02045066555008861	-0.04735057660769361	-0.003974846333904851	0.03670905485389694	1.098340743338145e-05	0.0001927285940893372	-0.04733164683878825	-0.01793958453861627	0.02805100879626255	-0.000963914275454763	6.353286298987371e-05	0.009449960983931759	0.003728317247925134	0.1116741906250273	0.3213065400329344	0.08782154718135127	0.02242585064358472	0.01890780770515351	0.03726653789286772	0.04478371353859184	0.02933149414898441	0.02377800174028359	0.06057099784128112	0.02556606408259007	0.07642480645988317	0.04699674334844033	0.02309035852162486	0.01804393598781201	0.01171449297836888	0.01113168887148988	0.05368231523646673	0.07407777430784461	0.05957653247183336	0.04321038221077643	0.03916423535671574	0.04076789440551119	0.02952471177185269	0.02919842785560909	0.02959809174648699	0.02773578212943962	0.01901960223158215	0.02272501263496143	0.01883138463548712	0.03167919935069225	0.01725452820484803	0.01360147289804329	0.02106342781404887	0.08472819657511035	0.04072946000060973	0.01079355770317045	0.02229979736701409	0.1903973477508089	0.0166222495174705	0.02495345239377197	0.02048911818067322	0.02399079821642694	0.0210194352655412	0.1159700026014925	0.01118730831356907	0.01111718252832308	0.01179459849844383	0.01435231324106359	0.01078545663040726	0.07768186580915515	0.01219607506132234	0.01393437414393297	0.03527575709056024	0.06740916692736133	0.2510526666430093	0.4065843288533141	0.01084091723096665	0.01042113885096354	0.01035196222190319	0.2593722581391824	0.04776914765731053	0.0130402383640735	0.1633888404367685	0.1115113925114018	0.05664754901473937	0.02783301657597835	0.4383454450781032	0.03905752167915095	0.06614894915031964	0.01319762936617504	0.3457398639519114	0.2481732046123986	0.120569431182096	0.01113565855895056	0.01228411515411863	0.5594472434012053	0.2138302965362249	0.01091591435753387	0.08000945275125627	0.01068258133013857	0.01022653751474704	0.0104963617877655	-0.002080402162548247	-0.006902852057466519	-0.001217322730981856	0.005999017435365806	0.0004862380628078882	0.01806945343610316	-0.006509342588843468	-0.003998130174302955	0.008317406441933833	-0.005392167337927567	-0.03850147388789089	-0.043286010783297
1.491052631578947	0.0238093889757363	0.02024134581171726	0.03663575009838554	0.04240205727487247	0.03015253143252269	0.02613889489938713	0.07442091171122055	0.03497595548943931	0.08330979577735412	0.05147994423455554	0.02475608916983164	0.01911487321672616	0.01828151310404683	0.01234572396832042	0.05237929337037522	0.07002323549433404	0.0559775877245283	0.04277160969803674	0.03953635259445269	0.04377307895249045	0.0301951130600256	0.03082974589566152	0.03253981072180714	0.03129247204878262	0.02146644147458081	0.02431524715368814	0.019953562041639	0.04555147792217264	0.02203236784251266	0.01483350505780896	0.02964823319139639	0.108574192432658	0.04873339098215016	0.01091622264519273	0.02406795988871981	0.200874086059927	0.01753821535681882	0.02681416477060485	0.02610145224322021	0.02654553131022938	0.02362149663275723	0.1128065976096439	0.01165202986931298	0.01151890683355813	0.01254778545197226	0.01619139911482417	0.01113558202244248	0.08135772158791019	0.01301150682783336	0.01525948328994377	0.03695378645033236	0.06666050911516964	0.2620353485304831	0.4251128091571039	0.01120885007067393	0.01059678534202681	0.01049582064153961	0.282664552143887	0.05665871476890508	0.01528045075260499	0.1717079890271708	0.119631372362213	0.06330207844116212	0.03144157613265133	0.4733780872213854	0.04044297267296137	0.06548924349380061	0.01575805234232129	0.3728047756508482	0.2489711837132154	0.1244421293069219	0.01171544442635067	0.01335507121596351	0.5336612708485384	0.2282235117183301	0.01127190285898919	0.07845799656078775	0.01089333290570153	0.01029679604569318	0.01064998009865251	-0.03259805284530554	-0.03746151938093274	-0.001517493716340264	-0.45840952047202	0.100252245469292	0.4157979970173032	1.304243458225565	1.504371980741531	0.9563073816224389	0.04948268555627456	-0.2654921282951281	0.09809055381031434	0.4769147126846646	-0.2983291826624124	-0.01159249267842957	0.3467673146135782	-0.1474960138545227	-0.4602874483188459	-0.1850995700797611	1.162009174736623	-0.003145234518477505	-1.108304216166274	0.01362437746438021	-0.3150287599339486	-0.07819745846419426	0.4142576941677136	0.00905404474369406	0.5961867449735617	-0.2194365482468928	-0.2819763722733591	0.2173063875108175	1.984170450527571	0.2173063875108175	1.984170450527571	0.4207371822790443	3.903815375099156	0.4207371822790443	3.903815375099156	-0.04465539803291347	0.02069567598286793	-0.01169219734885035	0.005637904663748743	-0.5399405806655496	-0.05617723422283646	0.1390780102216436	-0.8425079885840435	-0.1822875369951861	0.4224855715561178	-0.004649819335139038	-0.2200683810028481	-0.02604819010865374	-1.198915832778857	0.2156842182485953	-3.421654191672931	0.5254394309241073	-0.04662171468669615	0.9904194348037803	-1.182729560720592	0.9561472213891993	0.007961603614216307	0.8964234144036693	-0.03143630774193505	0.1243939522206909	0.04725144590341786	0.1746359170664848	0.01910609994076164	-0.05113905437498376	-0.004548462598675351	0.03676649849746199	4.003563546479677e-06	0.003686801999739254	-0.04838612873560412	-0.01887570742175774	0.03089419625601842	-0.0009768593613915162	-0.01385543587148405	0.01509120439785647	0.003070682998422882	0.1662111851587594	0.3471488714205214	0.1271878049006964	0.02748545866002312	0.02319670565637418	0.04230890531652045	0.04988242959356261	0.03478755418871491	0.02935991153787943	0.05947426407248023	0.03178898551396771	0.1016793048907541	0.0619745785358359	0.02778404332334929	0.02079157621567118	0.01282642736753713	0.0117883449271569	0.05949516470270128	0.07997112213483389	0.06280987072018948	0.05675765172284612	0.04759205232896586	0.04782262123851774	0.0372209278034115	0.03687877580082012	0.03715741385302899	0.03287913166168331	0.02467739491029401	0.02720148400731905	0.0217724460280327	0.03759868038487464	0.02258823094950748	0.01821700390047683	0.0276484666246507	0.08374296935330808	0.04521564408726561	0.01106440696554738	0.02978111928047408	0.240319501398793	0.01889020912118401	0.03731296356683811	0.04476965445339864	0.03866829270325173	0.03167252656688925	0.1215966799306278	0.0127179904251995	0.01243081003986165	0.01432408567455986	0.02053178779770111	0.011921583133331	0.07604976286716776	0.01403846954664534	0.0170244479637751	0.04175186575142544	0.07214029185379266	0.2281380958153217	0.3636779084247078	0.01197805761623113	0.01097325601372381	0.01081393966380613	0.2032810936923718	0.04354429781392182	0.01739055886295589	0.1328797346974552	0.09814074942985386	0.05563768401119463	0.03861265685556607	0.3666397488330594	0.04507136117298177	0.07081258488711527	0.01868190510010077	0.3073288530204002	0.2003974975653377	0.1135476900187101	0.01305646070167424	0.01581750764195119	0.5141141586462068	0.1838358042744261	0.01169424719791214	0.08578399719037987	0.01137745874966307	0.01045757910503863	0.01100274640237296	0.005961997329539344	0.01034058253481438	-0.0058341850323085	-0.0007801466701732818	0.01435739305940244	0.006091863399684472	-0.01081283796671253	0.007484595883991071	0.01147013444795644	-0.005580355397925554	-0.0378516945683216	-0.04415276216296319
1.500964912280702	0.02145389564862571	0.01825040082182188	0.03637139430031705	0.04720601875121558	0.02760386941796801	0.02341502614547976	0.06759586247636726	0.03048138457773597	0.09091987645753495	0.05471063986808375	0.02415710843396463	0.01829656744915398	0.01416996694004539	0.01158779703965252	0.06838248626287426	0.09123100329228501	0.06092994535484132	0.07634456008258729	0.05717528733667716	0.05680492299518775	0.03793467072070923	0.03741174623464918	0.03784703205938926	0.02849059123575334	0.02033584341651116	0.02370177474529795	0.01916530523255306	0.04427123512638494	0.01916398983594336	0.01485925775265405	0.02538828075492133	0.1023058593706618	0.04658949472983549	0.01076891393270504	0.02734639176294074	0.2188111073315822	0.01677228699354465	0.03193544745195523	0.04204502106647535	0.03345943695764105	0.03213502500105311	0.1286857934174187	0.01184012116279359	0.01164208550215191	0.01298098636723516	0.01844338338431918	0.01126312864051158	0.07458592131292691	0.0127808841762599	0.01491981269685006	0.03759467354917229	0.06801930924403772	0.2358100467186403	0.3838616003407114	0.01133093243987937	0.01065440299024635	0.01054812599338207	0.230184984101909	0.04592241011334522	0.01542851193873089	0.1452929787632641	0.1027354451386644	0.05717264722785011	0.03693457740942696	0.4161824229413146	0.04093899918257596	0.06673084064312187	0.01684549636950361	0.3398310415556472	0.2272353227935177	0.1156747290821558	0.01190981132683109	0.01375927172904686	0.509335304689514	0.1975398347598474	0.01116091886108636	0.08119112224702507	0.01096005218021976	0.01031922164300836	0.01069905861269715	-0.03280763217349661	-0.00103993346624626	-0.006193150688341078	-0.4838769311914635	0.104308272309667	0.4000941335625495	1.319118313089315	1.495897365172992	0.9568913952536915	0.06821654292537695	-0.2644844271499437	0.1053553631137247	0.4735055375192649	-0.3924669113904608	-0.007920608320702615	0.3957135744999718	-0.1521275724058677	-0.4678870213265718	-0.1718419651766901	1.510837725758073	-0.01445115458259844	-1.171544332350732	0.0104301079268403	-0.3299066676310158	-0.074349850118655	0.3566207287435438	0.01507648693465984	0.6178211640325956	-0.2218694308463945	-0.2041288543623539	0.236139922360121	1.817496708347286	0.236139922360121	1.817496708347286	0.4619539151060015	4.411693183522122	0.4619539151060015	4.411693183522122	-0.04449107750147128	0.01475969788573802	-0.01175016414747104	-0.0177272952747577	-0.5403357286829166	-0.02364309943227056	0.1309162794540462	-0.7986294085946035	-0.1779713050469146	0.4474164392208715	-0.007121844652157624	-0.2775484052184682	-0.03706567013612547	-1.006336350114418	0.1786847246936788	-4.034590144909782	0.525307984269509	0.02120601881414443	0.9779695804698083	-1.326082045857459	0.9562275635712115	0.00832787245456214	0.8960948615065805	-0.03476716547143273	0.2021790931757468	0.00556582413697296	0.199000648296157	0.02303413446369263	-0.05338623056301186	-0.00439086688256305	0.03831564868125448	4.644013435881168e-05	0.007642527446532427	-0.05086020261490577	-0.02017631887194314	0.03421712403588925	-0.000991368892941684	-0.02107021177180906	0.009890355010596522	0.01196771446732188	0.1870906355045551	0.3564947409236083	0.154815024612737	0.01575407029325921	0.01351022487035844	0.03258770750380791	0.0505453439435322	0.02099627699088954	0.01747553623079535	0.06510717649981648	0.02589231841659137	0.09516066900105723	0.05479374986109273	0.02170862996484583	0.01620919289534101	0.01143244728218061	0.0108382072302606	0.09248666765225048	0.1244665369408509	0.06495726953975133	0.1285747573492188	0.08312291448279607	0.0774252546959638	0.04697107130730235	0.04519770618595113	0.04446627537530039	0.02345371484860894	0.01698626747417806	0.02130691063373659	0.01705396048695212	0.04841525111678235	0.01471109823377812	0.01309094083604238	0.02053004184416747	0.1064069805857791	0.04557871491778625	0.01047444803055123	0.02995744843841346	0.2380982309203458	0.01493074972368188	0.03441692286534309	0.05818493665778997	0.03800134741199337	0.04197947078041604	0.1565442837789902	0.01159737967714939	0.01135610033171999	0.01283198024207374	0.02044485464692539	0.01108747015891236	0.06673963949679303	0.01201534802664642	0.01366983122576708	0.03598437881620101	0.06649772048685035	0.1935696930043941	0.3058567396928836	0.01115822098167985	0.01056127081649914	0.01047371245307394	0.1532361241892354	0.03702166640144691	0.01518353771556342	0.1136095972955843	0.08452480277654829	0.05253788331374926	0.04273355597645397	0.3220805769524543	0.039111704947557	0.06512915252739458	0.0190410869800605	0.2944674193345914	0.20390156819063	0.1064831595088919	0.01157080884790446	0.01323001528797237	0.4394373274769088	0.1566111107382722	0.01082580745404061	0.08075895570954468	0.01080217604778053	0.01026730594325024	0.01058481175789279	-0.002615675242318676	-0.005611111604684593	0.0001555968777166876	0.002347831282761355	0.003569958256352514	0.01679049918891929	-0.004615045542373268	-0.003358532626388701	0.008637358636546088	-0.005078203875262519	-0.0367831052703979	-0.04516769975726039
1.510877192982456	0.01778814431315803	0.01505596036830767	0.0340566866546629	0.04994432107651536	0.02345189882177993	0.0198041530766534	0.06631845369198475	0.02888751443168175	0.09943498817373785	0.05839839886954259	0.02344201544670168	0.01735745396400365	0.01264892668911202	0.01117516419067242	0.08825315337580651	0.1172540285406667	0.06344737687066293	0.1202425258788974	0.07993170211940695	0.07526170959918645	0.04765581141483075	0.04622578781613457	0.04569103621328017	0.02584125805693078	0.01899450704959765	0.02298645131486959	0.01827603236170112	0.0513535824782983	0.01673090393462113	0.01442434991348467	0.02357170274587014	0.106292122763854	0.0469237280692966	0.01060242118922226	0.03256439574543217	0.2400679973652361	0.01589038646096816	0.03668464549916114	0.06062522324716693	0.04041602654999642	0.04386112716371124	0.1532252895252561	0.01208719899235789	0.01172198533999362	0.01383243692306836	0.02400747939224717	0.01151550635753298	0.07139751901844212	0.01290517384235903	0.01512498348217419	0.03743561728844149	0.06563121484846912	0.2062902329832798	0.3349528275024584	0.01158808735125461	0.01075621465897604	0.01063370201707798	0.1782950152842248	0.04197539719440625	0.01797014973072162	0.1208616840235261	0.0912970961276706	0.0568995032581826	0.04574107872692135	0.3660118977977672	0.04032748249483598	0.06436739473554473	0.02618202057175439	0.3150397418149252	0.2058627569631059	0.1118472005573853	0.01229437298749701	0.01460053586927135	0.4568276890640923	0.1719547965431348	0.01120828666530172	0.07889686156153061	0.01097147415912372	0.01032391651259735	0.01070842399039547	-0.03254488237416251	0.05761396739754581	-0.01108421696528362	-0.501497148779683	0.1081359473569379	0.3699002664038803	1.333879349690673	1.481457953784416	0.9576565075999206	0.08598178704577798	-0.263401797440822	0.1131162565983328	0.4690749126273654	-0.5045116080751961	-0.003721419832644481	0.4525591569951452	-0.1566531205429919	-0.4396841602384999	-0.1552133648454866	1.839911446507951	-0.02633732695405223	-1.22469263293645	0.007078200871975675	-0.3465585317446241	-0.07123285873552236	0.2671792647191578	0.02127727351353997	0.6319269576944083	-0.2233911423952036	-0.09848360739582281	0.2533874737741615	1.665732563454684	0.2533874737741615	1.665732563454684	0.5081414877243029	4.902715700420471	0.5081414877243029	4.902715700420471	-0.04431349589779049	0.02368751937528789	-0.01205053380171468	-0.04317953822362551	-0.5404083922391917	0.009163680529321767	0.1233477680421346	-0.7238925867866015	-0.173441842846515	0.465056142785263	-0.01012732398489542	-0.327530300530244	-0.04567273003500223	-0.7155007375464246	0.1359616010861865	-4.568455405896937	0.5258780944799899	0.09452364487042465	0.9642039539154251	-1.447233606280418	0.9563135913599108	0.009076769384841246	0.8957360939630079	-0.03751731495809423	0.2876452441815248	-0.03934103963588378	0.2226522581608467	0.02824275104479641	-0.0537477857425647	-0.003809987351618704	0.04019385711086802	0.0001152487301103159	0.009814835022250066	-0.05465319671222905	-0.02146881079535951	0.03721523498805154	-0.0009979408858497225	-0.02938878213017642	0.02239489868904388	0.01924619917406852	0.1883256345591755	0.348106334503377	0.1663861333228222	0.01880928128624692	0.01560126003935623	0.0354597174090778	0.05312843214453478	0.02478431941008569	0.02120521031922807	0.06395154413459211	0.03166741263625868	0.1205135825459632	0.07004695967623356	0.02622650566121741	0.01878745147021748	0.01235544853138595	0.01129441742540774	0.1048707644421977	0.1398967676693783	0.06502076827099286	0.1618528901181757	0.1003652545900321	0.09183731507565784	0.05918761297228485	0.0572307144306172	0.05582976995868475	0.02771607982605229	0.02176609581122575	0.02565853055819324	0.01988673359093636	0.06127823624330912	0.01814131513252708	0.0168982184868946	0.02652325551448382	0.1062254278372461	0.04869513024313583	0.01071306058336133	0.04238615503609969	0.2912001240316235	0.01700787529906844	0.04666026316778395	0.08657222584443763	0.05302962885647827	0.05908090201379524	0.1850775748774285	0.01326968464016361	0.0125496614713403	0.01643612740586343	0.03510559822475628	0.01254627715924952	0.07423617066371382	0.01462806797270436	0.01796370531750374	0.04057340064936782	0.0627951492203539	0.1653307401140577	0.252708280031718	0.01262212557420498	0.01121909258884716	0.011016850752265	0.1101878979342845	0.04357479556568429	0.02484948010982943	0.08998128250007589	0.08366089880601967	0.06208186759339295	0.06017129047594282	0.2903646097685202	0.0426328692141948	0.06170968048099972	0.04588212435516816	0.2788885863020769	0.160858876822318	0.113176938366046	0.01400972024621831	0.0179309185610168	0.3376449793079223	0.1445434660549098	0.01194001179569629	0.07478135621758936	0.01134769812206002	0.01045012955438895	0.01098372465188402	0.004562977615997494	0.008657316324836755	-0.003790843822371212	-0.0009399989261673282	0.01332643906251586	0.003089142054054778	-0.006655706030800484	0.003426045086212825	0.008082328135276774	-0.0068702629847877	-0.03557603895096341	-0.04624646932465443
1.520789473684211	0.01607420266406401	0.01385198908113333	0.03119473595971228	0.05237793661677061	0.02066350540124822	0.01783135997991165	0.06751039533392922	0.02800495288602522	0.1103142597181895	0.0630831618415276	0.02266134669741713	0.0165428108417911	0.01190677395557068	0.01093658878513404	0.1102023058248287	0.1442985964795146	0.06553455034817636	0.1685752143069786	0.1069582414444867	0.09753511926388997	0.06196346741411035	0.05933472685043533	0.05731790287342009	0.02356676697468615	0.01799018675068797	0.022191697128942	0.01744647314677412	0.06316101010541482	0.01551200498127176	0.01415843582363152	0.02238510625121425	0.1151054099904329	0.04863479170430439	0.01049941594819983	0.04147856499079913	0.263472346292026	0.01518515651519432	0.04156794943656755	0.08051523682883302	0.0478511061295545	0.06119638757027104	0.1834843524635137	0.01219124522530623	0.01171274373731952	0.01448756609617935	0.03598973742720735	0.01163684578133281	0.07259501545737422	0.01320434035809337	0.0156954745002391	0.03618726572646604	0.05864128331773347	0.1756527321055719	0.2829799859450451	0.01170152774965946	0.01079537316793214	0.01066974326987462	0.1320388366506028	0.03874971206061494	0.02063404829556018	0.09729093954837406	0.08417582928324237	0.05942297030872253	0.0590929452958333	0.3275933571257081	0.03831798182116249	0.05755841788999674	0.05081075729869383	0.302052015557205	0.1870215357968014	0.1141667956463644	0.01246726536853742	0.0150898874291461	0.3801975659803735	0.153144597439913	0.01131684559801706	0.07036241472613455	0.01093257576522998	0.01031178013028027	0.0106807442196213	-0.03160089401480595	0.1357267241702161	-0.01610164995929505	-0.5089967780022374	0.1115984311368108	0.3267370768103099	1.348468846186398	1.461359101494662	0.9585917089401405	0.1024849508619757	-0.2622419711343157	0.1208613620576651	0.4634451763767515	-0.6342560321476278	0.001063462455437549	0.5130924371891448	-0.1607447712521889	-0.3814734405678609	-0.1354731607146033	2.136809135805714	-0.03868196399372514	-1.263243762943552	0.003560036253897194	-0.3631101161058043	-0.06914856437198359	0.1489540774654041	0.02757330772708828	0.6366793003499138	-0.2237414687993006	0.03138679558525828	0.2692322562912418	1.534910481663675	0.2692322562912418	1.534910481663675	0.5590109353489267	5.35224392939313	0.5590109353489267	5.35224392939313	-0.04396871178101024	0.048535189165458	-0.01261117054526778	-0.07013933285039933	-0.5401477291774873	0.04388426966371325	0.1166426199111079	-0.6258379177649125	-0.1687840174866553	0.4729619533001174	-0.01358694221318458	-0.3690359833680424	-0.05099608011342609	-0.3479870201933445	0.08853382552135784	-4.976359087600961	0.5271904794712401	0.1704181532121704	0.9493690404675632	-1.54114007408479	0.9564080034986469	0.009973763384008107	0.8953532482417647	-0.03961861007398782	0.3648829816609904	-0.08475169312375774	0.240254963271317	0.03260101179347791	-0.0524844383613856	-0.003057086653778435	0.04155481433493059	0.0001893634929165669	0.009388419834562782	-0.05850890197924736	-0.02226008056157574	0.03910450613352077	-0.0009814995555894159	-0.04083301445388986	0.02465961897244256	0.02606975108703603	0.1943570356409086	0.327533783718059	0.1662026285419861	0.01308778964225759	0.01185429611362705	0.02623396261895648	0.05469172805931329	0.01594802913507693	0.01425106937239169	0.07048987584630062	0.02535684060338509	0.1192941646310505	0.06500913604279515	0.02005350123799777	0.01457754130444143	0.01101791329452279	0.01052437187051245	0.1405127622347923	0.183163435940965	0.06770249643969538	0.2429101202738229	0.1446982132988151	0.1277103563681734	0.07985759750153476	0.07516512610742815	0.07087725106482584	0.01931221668969149	0.01517162913172916	0.01962178172404612	0.01536951871932315	0.07687537289726576	0.01303648710846594	0.01248549097791541	0.01917578887384716	0.1313094065465909	0.0504907940596837	0.01028657570703265	0.05086461618167976	0.2900807963442091	0.0135482801821848	0.04423886496225762	0.1012439653497026	0.05339284115530475	0.08209798367564902	0.2290433008894029	0.01173055188774448	0.01125563447831622	0.01420851202595588	0.05000737036100773	0.01132042104158392	0.07401632692750576	0.01306403718487754	0.01545522714673572	0.03253927963188422	0.04814946529978548	0.1337346369125255	0.202326850620069	0.01135662053672229	0.01062015665265306	0.01052932670317346	0.0773361133277739	0.03302212752677095	0.02192961385964534	0.07204862227178221	0.07655559006013453	0.06148175956682281	0.07410582641235711	0.2759211310574399	0.03388871529912142	0.04732640905011059	0.08296282494408963	0.2936700715717828	0.1709543357595301	0.1192236052322548	0.01189338427700492	0.01426450232224551	0.2360728266408696	0.1316193414377681	0.01125785463697625	0.05723297435478405	0.01067111495224135	0.0102257610691058	0.01049078015584324	-0.005204333132959756	-0.004329455514185274	0.002664682526249844	-0.000301751147296364	0.006286624426184306	0.01575706484182918	-0.004740143843547606	-0.007239150953386382	0.01075482816044515	-0.002253279360054836	-0.03406545707293027	-0.04722258670984535
1.530701754385965	0.01462084698581242	0.01285229400703266	0.02890222376888047	0.05474837215237619	0.01840242783555889	0.01608306320868265	0.06799807961206636	0.02746749325473769	0.1212737969783697	0.0680102397556384	0.02171986508226275	0.01555847438324428	0.011387645311519	0.01068523659753821	0.1297007109721652	0.1678469978600418	0.0657776255249384	0.2194975598956186	0.1337163897226912	0.1180004401432333	0.07725417553289969	0.07248834112209013	0.06815885797761646	0.02175507437589879	0.01723113328637884	0.02124212835134167	0.01646146473629844	0.07239224738777884	0.01442460570945827	0.01371370695748934	0.02139825462400794	0.1241531654327246	0.05035638963579445	0.01036856802477473	0.05173466564132091	0.2873803148089654	0.01433633264101268	0.04651904704645375	0.1011890438483175	0.05554901201457116	0.07962056921603229	0.2157754977176851	0.01220512133075596	0.01158211326701137	0.01537670290527362	0.05217404019107844	0.011844617882911	0.07672830936868238	0.01465013856723592	0.01762894471717426	0.03441090427156587	0.05008432951480837	0.1463208611323746	0.2327776485972051	0.01183891336636017	0.01083008588903124	0.01069930725981378	0.08928314734436185	0.03601037794025193	0.02634692872465377	0.07974978303898332	0.08024371657480804	0.06388150091199132	0.07456780031497258	0.3006536222166877	0.0357969554230154	0.04926853676444427	0.08672266889643895	0.300152324307532	0.1702914150867068	0.1213883977772921	0.01276316340898658	0.01606004419036825	0.2887786521090545	0.1401397426029783	0.01203040673909647	0.05894332232521186	0.01082657214849357	0.01027847381628079	0.01060471282604735	-0.02980703310933628	0.2280348743146583	-0.02113458418362612	-0.504330027361968	0.114578550852398	0.2730723439737064	1.362833810463683	1.436306293463525	0.9596836092408064	0.1175750001449783	-0.261007311034663	0.1281489102992695	0.4564479432856727	-0.7800221380492085	0.006445838748781685	0.5722373270140398	-0.1641414169280215	-0.3008260329588795	-0.1129901719793419	2.392035317571572	-0.05131610461446118	-1.282287075059294	-0.000112641981734763	-0.3773309286364637	-0.06835622362347535	0.007732836690349199	0.03386061454909598	0.6297673041702581	-0.2227095627308633	0.1791519171150977	0.2838847796391535	1.424602338513544	0.2838847796391535	1.424602338513544	0.6140308230701816	5.736320573099735	0.6140308230701816	5.736320573099735	-0.04330008450745755	0.08884430178636482	-0.01344386447743504	-0.09796100009576597	-0.539526936501778	0.08207052648546349	0.110988292360291	-0.5134330599163223	-0.164103492301853	0.4694216314561038	-0.01741313235050647	-0.4014312116060114	-0.05241082771145446	0.067977146873269	0.03786360379976608	-5.216242848889014	0.5292528402311111	0.2451710534699098	0.9337521706402853	-1.604658940915269	0.9565108130673068	0.01071746023063075	0.8949528537222012	-0.04106171332440155	0.426352574267295	-0.1291661981378788	0.2482596142642255	0.03566962590913943	-0.04959473240218705	-0.002199525361513099	0.04233230971179127	0.0002611878846434512	0.007785559896633077	-0.06220518036866388	-0.02254530487685717	0.04024809120348822	-0.000942419444419966	-0.0547070495301042	0.02730170496754886	0.03007493700541244	0.2020401494109143	0.2987362581050836	0.1592561915704186	0.01614782630729918	0.01379566958946925	0.03145099091961057	0.05782922755971152	0.02076779502354529	0.01791516237950056	0.06405323683207548	0.03093957734064029	0.143393524384359	0.08043619553398927	0.02416997363357201	0.01664707416539153	0.01153142486166944	0.01077942083143951	0.1415002059115298	0.1831674573578702	0.06326896772952859	0.2751166683399393	0.1555875910225694	0.1315488037741607	0.09175776604245763	0.08422798614611392	0.07705076792205429	0.02453961773768757	0.02047659891363339	0.02359255829874838	0.01775731285750417	0.07698012656894336	0.01608592206985814	0.01583201454608526	0.02473354447706483	0.1246643863207124	0.05216388350889431	0.0104248350758859	0.06487515475607053	0.3428365544354863	0.01516690337289736	0.05686461127895483	0.1311705357240703	0.06916324323232048	0.09851876039794567	0.2563350798301677	0.01321127341885853	0.01217211821565733	0.01845102335172967	0.0730449953958244	0.01304524956315241	0.08624883345263833	0.0186383701555403	0.02318894143034901	0.03643440549844655	0.04397949298587066	0.1121804429330529	0.1640955585736186	0.01292033872277979	0.01128434836013938	0.01106986066903525	0.03883571619910792	0.03859483992545193	0.03954617261586399	0.06496089838035085	0.08006046054453024	0.07341181767106737	0.09469463356768149	0.2655091174670898	0.03701657246325681	0.04352467326864132	0.1351283034964327	0.2992895350978003	0.1331549180698571	0.1348139404744092	0.01472154810637109	0.02035230156404864	0.138058689122501	0.1288778383622615	0.01394792295209363	0.04868158105405401	0.01107165089817889	0.01036338893872074	0.01078558861272506	0.002672665962546858	0.006153164822040418	-0.001782819407522577	-0.0009886119406837389	0.01293233582729388	0.003705796827902229	-0.004608661236107917	-0.001155746220798686	0.007773266352517105	-0.00417219602292612	-0.03247122984520692	-0.04755077913830737
1.540614035087719	0.0139774201640906	0.01244007013618777	0.02643775317825267	0.0555284481737315	0.01718379135130175	0.0152323824512203	0.06520879954765216	0.02701788022337814	0.133085542773529	0.07373163837869719	0.02086476888050243	0.01488092426524066	0.01112479871152486	0.01056263198471702	0.1445781756652392	0.1845043978084059	0.06210713884860903	0.2681744982250439	0.1585524750406847	0.135516059496711	0.09488687313125589	0.08729312017297181	0.0797224819086314	0.02041282889078296	0.01686692893805266	0.02037103445488311	0.01572735881575086	0.08000289493443145	0.01393278211431811	0.01353064968161986	0.02076265287719557	0.1287929394747936	0.05087578139992745	0.01030564400833103	0.06757145016459064	0.3106441459796797	0.01378484079352725	0.05207363104469834	0.1215531612380634	0.06409693988562742	0.09564286084418556	0.2433287021237928	0.01215040447266187	0.01146600742355878	0.01602206437284566	0.07152950928841069	0.01192438242058911	0.0832773743115956	0.01685623511116059	0.02039546531122377	0.03239311069202819	0.04131537279892152	0.1221344932107848	0.1911108344920072	0.01186685342515371	0.01082662523864263	0.01069690880179789	0.05106339128835159	0.03256095063393791	0.03332092386427966	0.0644620140824352	0.07827404690192184	0.06984997317241795	0.09096132817429284	0.2826070069165521	0.03314166071083079	0.04082663786768647	0.1253597224899638	0.3017150069019875	0.1563336461041323	0.1317088293105488	0.01288774998301637	0.01672345033729278	0.1930070855526604	0.1316863360819563	0.01296947994370984	0.04661842708108957	0.01074242835043548	0.01025141612628898	0.01054388164466145	-0.02705707217883662	0.3273046058318784	-0.0260547244596148	-0.4860493955827349	0.1169885920595924	0.2123478153005063	1.376930408154942	1.407436788460624	0.960917437344788	0.1311182297551163	-0.2597042803893619	0.1345889770300668	0.4479393703090144	-0.9385128993305393	0.01238574744799677	0.6247060156938321	-0.1666627267945846	-0.2063187882736027	-0.08820915057532849	2.599866977300972	-0.06402254158339017	-1.277078486905227	-0.003904194859564406	-0.3866580244806666	-0.06904263252809445	-0.1477512748912512	0.04001204663258068	0.6089129256995204	-0.2201581445676709	0.336493993705088	0.2975233561622603	1.328996354378005	0.2975233561622603	1.328996354378005	0.6724437427991491	6.033602245978246	0.6724437427991491	6.033602245978246	-0.04216178373234739	0.1429314609910441	-0.01455387672483055	-0.1259875808240705	-0.5385047510422393	0.1250739050808463	0.1064797401077557	-0.3962697042298091	-0.1595187292271809	0.4535658138843242	-0.02151487958367656	-0.4246988221965581	-0.04959603951357473	0.4997814888117234	-0.01420953099984284	-5.254926749700325	0.5320331299814421	0.3145346679488866	0.9176612079953819	-1.636836139122308	0.9566188691383058	0.01097675400120835	0.8945412232963914	-0.04189992945629448	0.4589262469352607	-0.1624019975902634	0.2465079360820176	0.03872397709529675	-0.04557953310213714	-0.001240841204945817	0.0428050096368246	0.0003278280688875046	0.006616213779652579	-0.06531636408601606	-0.02238557339502627	0.04088886638200183	-0.0008862411234465444	-0.05563332368466581	0.02676830674759412	0.03964403732300255	0.2109166613439379	0.2635594180381344	0.1518549729451021	0.0122633464753383	0.01136403071202939	0.02137131390586814	0.05474561961602851	0.01417624786738826	0.01305431811799245	0.06157740017348221	0.02461148269016078	0.1435454999959813	0.07689099441015806	0.01835350877343448	0.01332739072115247	0.01067121908939496	0.01033509028745914	0.1653594199819423	0.2080123564211608	0.05632354510744329	0.3478744351275069	0.1949786834831878	0.1604540747745445	0.1184577534139391	0.1067613120754906	0.09452976072494625	0.01701875253734932	0.0148467367631097	0.01788456922666026	0.01398444376330161	0.08966621024091888	0.01239926213459294	0.01233767952783501	0.01821320095971399	0.1352980543074147	0.05032846853179765	0.01018458426644658	0.08771714637257656	0.3352250318048894	0.01255180091367831	0.05571548494798206	0.1434681336355458	0.07119386653652417	0.1131731717314894	0.2797777996391573	0.01158337950414552	0.0110069692674444	0.01553115701482642	0.09268275940874968	0.01151325798537205	0.0892605222477172	0.01885245520321166	0.02207351516998489	0.0283486935189524	0.03103730064337538	0.0954283655527756	0.1408228350814484	0.01139713363693213	0.01060830232150486	0.01052009030750282	0.01676978772207486	0.02563314807607157	0.03712745235311801	0.04661767366658646	0.07441650953772465	0.07429369965281893	0.108359309513876	0.2576670302570757	0.02856267278794763	0.03088793606096645	0.1697358379507996	0.3048937031317526	0.1480443606244801	0.1435598491965998	0.01217080485995023	0.01578851387174648	0.06523083021294025	0.1208636279383901	0.01442871058023059	0.03267737080742866	0.01050398922447841	0.01017228851368102	0.01036992010138039	-0.00702944036005577	-0.002801210119222373	0.004104833952460129	-0.0008205651980367237	0.007219025772741338	0.01309099170965062	-0.005605710730818413	-0.0114816320858858	0.01068373998742833	-0.001020607584275807	-0.03086893158161879	-0.04677453870380395
1.550526315789474	0.01332506061050862	0.01203297624839344	0.02379481356710126	0.05443424029158528	0.0159037569982546	0.01436267020944222	0.0589588569202469	0.02662311929520874	0.1432776413275555	0.07867266033093451	0.01999069398360712	0.01417014678569068	0.01087625310030474	0.01043587524610053	0.1540347922880685	0.193465332788597	0.05491554296750857	0.3148765372242199	0.1806739360912304	0.1492129353250136	0.1127128203785569	0.1015365947532952	0.08985984285354817	0.0190985610744694	0.01708016154791183	0.01947032145242598	0.01495968811125067	0.08400013952491797	0.01352971987708207	0.01390040387820354	0.02040643698788196	0.1272691109979412	0.04961067905374844	0.01023908465193759	0.08536666461833894	0.3287217889007594	0.01321318377306542	0.05730786674145381	0.1414966392231126	0.07219715315260372	0.1084359864594979	0.2622265886302793	0.01216278067643769	0.01137522443883434	0.01704196926379076	0.08914426780165526	0.0122994850682471	0.088174515237748	0.02199139777319114	0.02449215502904508	0.03068635164873983	0.03469796168127371	0.1037296402740551	0.159473436489608	0.01201775501795967	0.01088006219190071	0.01074359460245706	0.02839579304807488	0.02790438610980929	0.03925615417335027	0.05058381004871217	0.07422863776805853	0.07317637894555828	0.1044746996635077	0.2631643104186933	0.03101613453170413	0.03447429853641497	0.1596962635405582	0.3009119077995727	0.1452226012035238	0.1397185997489618	0.01333614105836892	0.018317655252804	0.1114217444200375	0.121788459122591	0.01814295400356068	0.03712252291767097	0.01068813422193211	0.01023626266098828	0.01050557872896361	-0.02332304548231559	0.4251551507011267	-0.0307225240749637	-0.4533349183665401	0.1187780591288894	0.1485473370736753	1.390727803509516	1.376207209008426	0.9622777775631932	0.1431018172506128	-0.2583433532399964	0.1397610099137776	0.4378158320533736	-1.104999867641988	0.01879115708078522	0.6653285855524433	-0.1682144502585662	-0.1066128796396884	-0.06161177327724979	2.758533456726973	-0.0765398440266514	-1.243527089644704	-0.007753593236237268	-0.3886148022930382	-0.07129655972446976	-0.3065970758516118	0.04587998672953356	0.5723332656691545	-0.2160371596212732	0.494295126032272	0.3102490418075374	1.238634320704424	0.3102490418075374	1.238634320704424	0.733299843954707	6.226781737678066	0.733299843954707	6.226781737678066	-0.040429623737779	0.2081635663284734	-0.01594015069208787	-0.153601073598653	-0.5370282508795746	0.1738618727853665	0.1031168671259191	-0.2837762678661643	-0.155152503777897	0.4254071894375789	-0.02580518973665606	-0.4396969797380654	-0.04256118468474653	0.9140462711984949	-0.06558251132125423	-5.073089376938587	0.5354555069330569	0.3739768819135147	0.9014016439054158	-1.639112500501155	0.956725759475505	0.01043228473605645	0.8941238339311718	-0.04224651087964396	0.4763263950614422	-0.1885382044054766	0.236043269052531	0.04032024107945377	-0.03978123423336453	-0.0001561175960088795	0.04264513443427833	0.0003915394232434369	0.005042623181501511	-0.06869952614665872	-0.02209546892852651	0.04099939038198547	-0.0008279429232787299	-0.06390011065992075	0.03159765497194917	0.04363750951104208	0.213289449439938	0.2233645865780141	0.1409181342538464	0.01482987309149095	0.0129846276214748	0.02595306717442026	0.05345717625766667	0.01813352213605876	0.016149752319547	0.04751507592893883	0.03019940130478337	0.1621051656428819	0.08959895546568977	0.02239223670729353	0.01518969938883157	0.01104780499381809	0.01052190421418064	0.1522158218578141	0.1881502433282924	0.04482691523568327	0.3704764561038347	0.196868846979287	0.1536401463104243	0.1286955645862881	0.1126278927936615	0.09583154281776479	0.02192060601187323	0.02146811481931514	0.0217512194225429	0.01618460488928813	0.08038133486982951	0.01536184671825741	0.01710613363620315	0.02429139887671263	0.1124136722132241	0.04759357289575586	0.01028824543484917	0.103960029599226	0.3698850390619678	0.01400193585245294	0.06720390215098518	0.1725887051161681	0.08529288356533117	0.1206495490218215	0.2792117583010126	0.01330021072140083	0.01201446200232937	0.02086992228932377	0.1076375365604872	0.01407988111613803	0.09408397860637423	0.03192584876040686	0.03283227850429395	0.0333296112386996	0.03325996934384799	0.0858719839617047	0.1239099612448423	0.01334034604025044	0.01144548244826681	0.01121000286237842	0.01602942485740036	0.02798130219077405	0.05069331023243213	0.03971545024479012	0.06935813801992498	0.07694616747576354	0.1189284708125579	0.2251452788434725	0.03330892976063394	0.03324686803272817	0.2034191839266261	0.2926346387804873	0.1168426643536463	0.1476989348519304	0.01593297878601002	0.02448392149864872	0.02830099728577311	0.1072943380588824	0.02849759278638355	0.03324457803806884	0.01099140343882594	0.01034438327766719	0.01073037153497131	0.0009175258364186499	0.003337604720317907	0.0007707661802362861	-0.001031438160781023	0.01348423183341201	0.007080343521822318	-0.003552980663583868	-0.007140971150168381	0.01026166139361124	-0.0003620647393657769	-0.02945695276275631	-0.04421103610788112
1.560438596491228	0.01303758967057925	0.01185980102274923	0.02172458554374167	0.05151994743814888	0.01528201110976316	0.01395053058506861	0.04903769427035231	0.02624680611473376	0.1494080342901524	0.08224260759762168	0.01942109460303357	0.01379010596090392	0.01076284139592792	0.01037945466211035	0.158097210694579	0.1952974543688103	0.04432429669259079	0.3566580113532133	0.1988926674679755	0.158604445317937	0.1304171776163737	0.1151865700556689	0.09878663385279023	0.0182349309652961	0.01730759823786102	0.01887370019108837	0.01452615320813468	0.0848571421467918	0.0133448129276218	0.01395383532476378	0.0202240071744325	0.1207727693431014	0.04657873923540568	0.01020941299764421	0.105920920450338	0.3396195803720691	0.01291794005257176	0.06273889414614583	0.1604333082125839	0.08039419107155944	0.1177051891659946	0.2704850366805003	0.01220169338227173	0.01133898998129366	0.01865079551590957	0.104240000808885	0.01253446897685448	0.08972053248216243	0.02896147909482045	0.02856415231481832	0.02934657286536965	0.03015083762009159	0.08908016874357955	0.1346803281168711	0.0121089367010095	0.01091408444798558	0.0107772900772558	0.01889066371946731	0.02351856485383938	0.04151047472152454	0.0378701971637552	0.06627790638753157	0.07280045779996377	0.1135270864452209	0.2394406415492939	0.02943682595611181	0.03017121119807492	0.184369594102703	0.293176562782317	0.1386632664745882	0.1422872145047372	0.01360060308335835	0.01970932501779856	0.05743070101210102	0.108631866294593	0.03245100405842875	0.03067291337781416	0.01066894752522871	0.01023160616668885	0.01049228401215869	-0.01866137724550826	0.5130953536633273	-0.03499395665239955	-0.4061452191418115	0.1199374089516441	0.08593633306096063	1.404210645057317	1.344256958443632	0.9637496134209974	0.1536506806684789	-0.2569391429720685	0.1432573196245068	0.4260251424029748	-1.273918305182684	0.0255210730574052	0.689482856396135	-0.1687867148142597	-0.01003568551772757	-0.03367967158203138	2.869708151185532	-0.08857141912540716	-1.178699329582289	-0.01157649687421643	-0.380954794303288	-0.07509201381008047	-0.4567286324527429	0.05130287360296847	0.5189941577685928	-0.2103884138562293	0.6432014203076651	0.3220596317703749	1.142506581618849	0.3220596317703749	1.142506581618849	0.7955011818843069	6.303385089270616	0.7955011818843069	6.303385089270616	-0.03800924919011013	0.2811809537359793	-0.0175956242969206	-0.1802136141225074	-0.5350369545490183	0.2290010882837351	0.1008106185638219	-0.1843637256178887	-0.1511228471895733	0.3858899515611548	-0.03020986703938945	-0.4481203283442535	-0.03163421107484991	1.280478788393024	-0.1140422197135815	-4.668164367556426	0.5394008751893357	0.4194735663786617	0.8852535792549143	-1.615102026913458	0.9568221410687631	0.008818446163120087	0.8937048399373879	-0.04224960906687979	0.4781534846757646	-0.2101162504673961	0.2179442250281173	0.04130143000987976	-0.03239457950844694	0.001074628275224435	0.04210708270593935	0.0004538392870565738	0.003763261472495818	-0.0722646000969716	-0.02177589929843212	0.04066406016908558	-0.0007756361132114343	-0.07007442746964944	0.02627119337322961	0.03885506128844838	0.208255171502546	0.1836248017156885	0.128300579389094	0.01184353835598145	0.011119490371429	0.01751583957034321	0.04701380082427419	0.01320710727528823	0.01242770804696197	0.03878604473973157	0.02389592543588572	0.1501352011889527	0.0821196665817666	0.01743980747476623	0.01275929004325727	0.01051947128601994	0.01025803395284028	0.1654014558039375	0.1993977274274071	0.03262907196793777	0.4287421909916916	0.227388820346538	0.1736312501697024	0.1552189386101696	0.1341579599675392	0.1111442890116289	0.01551295779978759	0.01571458931047412	0.01690664933362422	0.01331598408835061	0.08732450270424269	0.012174197627036	0.0129354716784272	0.01807905217965395	0.1145931093287724	0.04249597860656688	0.01014380632073834	0.1335430162848383	0.3401092339590004	0.01212254913035106	0.06655240478279402	0.1810874766355427	0.08755511829286174	0.1269158794514423	0.2763745743641367	0.01177279059081018	0.011000430235363	0.01958904876536072	0.1202835619135615	0.01217919062203176	0.08825618553337149	0.03486411136792519	0.03050924907472032	0.02603797656178108	0.02422189259225582	0.07298130673123525	0.1061864609115181	0.0116466288982917	0.01071868862363124	0.01063430222762157	0.01204683839849436	0.01685707591655275	0.03794816194226497	0.02399315114573865	0.05485320548233268	0.06927453957765001	0.1209027166444825	0.2037536300782659	0.02596637421332576	0.02451142449096761	0.2076179124124582	0.2756324381780896	0.1420087544276942	0.141160033936633	0.01277003768073031	0.01880858416345945	0.01335796265003688	0.09105023289741221	0.05158384430837008	0.0231812747499173	0.01051296879334312	0.01017965660863276	0.01037806751742893	-0.006573103010292595	-0.002947125688487983	0.005010906278945327	-0.0002025432186821971	0.007044160827072026	0.01167595577379131	-0.004504852006568133	-0.01822106601137873	0.006613965855514624	-0.001545518333004315	-0.02821584900535249	-0.04067982429893122
1.570350877192983	0.01267345319701748	0.01164416710009531	0.01957917803003697	0.0475327842372678	0.01449409477261989	0.01344926029215926	0.0394141114724345	0.02590609956493706	0.1505187715643581	0.08318071486703014	0.01913247989818468	0.01356879818071315	0.01068407592788158	0.01033998445457898	0.1573138563263701	0.1902979453039695	0.03451316445846401	0.3938468855565783	0.2139498592721777	0.1644247095443695	0.1476452638685291	0.1279224558089981	0.1062280335739388	0.01726841106734189	0.01860537070451453	0.01853055870105728	0.01426409411875916	0.08284453491805517	0.01323174269107147	0.01606798150207221	0.02032570586482508	0.1093652483577956	0.04262494439467821	0.01018944642774597	0.1277700339587336	0.3376735063008432	0.01275824413158362	0.06762506326361617	0.1775887193297741	0.087838714870453	0.1217350146469543	0.2673694417249226	0.01257858801389031	0.01144263067883849	0.02210642415698785	0.1143723800048624	0.01354495488558108	0.08715302771470834	0.03705682651291923	0.03236106079487109	0.02825691826152651	0.02696015510560063	0.07712555778777835	0.114414874373924	0.01246679284228647	0.01110177635642086	0.01097857929533798	0.01471517367279662	0.01917082411268116	0.03858568804359064	0.02801298550044953	0.05627809547414467	0.06885097662846743	0.1167382716698835	0.2103322521931493	0.0282273080739306	0.02721746300013119	0.1962568104327826	0.2761542236395699	0.1378661040992638	0.1384744722870777	0.01418745513172514	0.0215513705297612	0.02979144974734434	0.09267755605699511	0.05623202116015296	0.02626365635540804	0.01074706983377252	0.01026354820061933	0.01055129214996308	-0.01320985286842204	0.5833200267305013	-0.03872917314090263	-0.3453638984159958	0.1204995954302498	0.02871760530148411	1.417380058438076	1.31322837755114	0.9653201755663995	0.1630824410682381	-0.2555094590167866	0.1448799633976621	0.4125729441119257	-1.439207304696659	0.03239326500858707	0.6935282927939223	-0.1684484546262408	0.07599114656693942	-0.004863263921334852	2.937915870872355	-0.09979873448028256	-1.081154625905521	-0.01526792282489412	-0.3618494499795458	-0.08028178176979001	-0.5859619990691413	0.05611191153688463	0.4484588094696577	-0.2033445922957349	0.7744183040215165	0.3328446146426838	1.030074606539578	0.3328446146426838	1.030074606539578	0.8578525546042735	6.256361194543765	0.8578525546042735	6.256361194543765	-0.03484245547196736	0.3580939595658151	-0.01950803940059902	-0.2053891104355672	-0.5324676371332975	0.2903966578785348	0.0993956892532933	-0.1049368481305561	-0.1475339473536141	0.3368495643092529	-0.03467537715427201	-0.4524477919139212	-0.01741505116829083	1.574896647898615	-0.1574381895247927	-4.055399511836521	0.5437149842916074	0.4479367150829771	0.8694520062762133	-1.57023450483728	0.9568964443932655	0.005956341873427586	0.8932868844668214	-0.04206158891908742	0.4684016864888447	-0.2200013154383414	0.1941916979107783	0.04237869848275226	-0.02595369772703296	0.002104964688310862	0.04178769793835331	0.0004938309129881577	0.00364325372695962	-0.07435541694123592	-0.02114622790577726	0.04044462486213717	-0.0007207718526666862	-0.06548506278841068	0.0270878987105998	0.04377864750105261	0.1852630447513255	0.1520366330674643	0.1233749981356763	0.01402566689202641	0.01251192003878543	0.02156535259797126	0.0442820580054455	0.01638905283283247	0.01505741542417041	0.0290788810714627	0.02954823010101265	0.1566138645614958	0.08816883584600772	0.02208843882420391	0.01489875913961349	0.01092318129259036	0.01045905572894426	0.1427944029376273	0.1662057241152078	0.02649376658919691	0.4378018999587537	0.2219527256701772	0.1595141250763656	0.1633781506332244	0.1372723234923412	0.1088251903752411	0.01987363430130988	0.02513799523725957	0.02131014186500758	0.01582441794035597	0.07263901351971794	0.01520361895421627	0.02336168793702579	0.02477750354685333	0.08307902250782584	0.03869422921033483	0.0102575247644039	0.1510810068102316	0.3376437682571964	0.01381196958658582	0.0765286432763343	0.2056767725138715	0.0996087538196043	0.1213187801144573	0.2500744109234556	0.01437966465716354	0.01235545669662439	0.02968897991258144	0.1216857641169207	0.01685445225842186	0.08352921741744584	0.0496960799853246	0.04029483325762945	0.03139487643258811	0.02830632904023731	0.06629310851802248	0.09248993625815755	0.0143135363245695	0.01196773966320749	0.01177259619909922	0.01327839040061726	0.01932219703517503	0.03919936297860323	0.02351491029756825	0.04713037704665753	0.06461345245717637	0.1172463184078152	0.1593785762497939	0.03125876618830171	0.02875610369850725	0.2071088733475907	0.2396622828786954	0.124481272990738	0.1302414124059453	0.01742412345449809	0.02867143311609034	0.01395664180448106	0.07236464676522175	0.08805490288842194	0.02662680553788728	0.01124034414632594	0.01044304689817164	0.01091719587857424	-0.0004854565335461653	0.0003736614410557177	0.003662144349479304	-0.001049858056183369	0.01382421562297586	0.008643256725754488	-0.001814133979147819	-0.01272639883268773	0.01108802632738194	0.001383166222718566	-0.02742232643192819	-0.03712330465677571
1.580263157894737	0.01249140535087716	0.0115385864498958	0.01816346122512855	0.04273435833745722	0.01408351029529521	0.01318647940197159	0.0297574890980958	0.02546942157364577	0.1446980981171024	0.0803142957068208	0.01922126638485397	0.01357583325060908	0.01066759653631557	0.01033220501985377	0.1520585611456824	0.1797204940322962	0.02607907238383045	0.4236432410380724	0.2246200500565897	0.1659195099259344	0.163571959605786	0.1388909126865051	0.1114921761512909	0.01662058619508025	0.01989928393457154	0.0185628999257799	0.01426196063376547	0.07725109058269923	0.01317092887385838	0.01734165766855672	0.02041728517218777	0.09510915533619695	0.03766718759386639	0.01018666308831657	0.1488706837278209	0.3213583703599768	0.01277478270447047	0.07262556371695419	0.1932068600993749	0.0951617983425045	0.1190589271904702	0.2522143314064663	0.01287349177734271	0.01153000312349488	0.02673985144691227	0.1157271855564357	0.01407670493181131	0.0798155620442092	0.04505377695546356	0.03585415993967606	0.02714472884313621	0.02438682795785406	0.06184752874489037	0.08855448314735331	0.01266014727563729	0.01121008762874247	0.01110639167001162	0.01305282871795176	0.01701482113894519	0.03178485559671812	0.02248780686094453	0.04534742889452446	0.06072244178117269	0.1119765292963381	0.178859789291531	0.02707338088743585	0.02489507020633701	0.1903147695259199	0.2506723514620072	0.1410948026472362	0.1278466295600638	0.0144130560997316	0.02214929501846191	0.01856287821889135	0.07597944218440937	0.08097262403162932	0.02304612903120982	0.010823455357705	0.01029290434484108	0.01060807741340037	-0.007177003398960041	0.6295012758412911	-0.04180138552762769	-0.2727251122109703	0.1205365198759501	-0.01951205487855682	1.430252787873201	1.284600963664601	0.9669804278425519	0.1718247060633135	-0.2540731804581569	0.1446089892154618	0.397525711006406	-1.5947669704461	0.03919569367024965	0.6751508607880393	-0.1673343695532549	0.1456897779738694	0.0244428522608763	2.969726021571227	-0.1098979126906195	-0.9513218652783926	-0.01870925133114686	-0.3304491630885524	-0.08660384408116399	-0.6836400105838514	0.0601377580930026	0.3611400676855213	-0.1951186781952133	0.8806567100292533	0.342398592154292	0.8930009651888882	0.342398592154292	0.8930009651888882	0.9191177858592336	6.084529152363726	0.9191177858592336	6.084529152363726	-0.03091063915124388	0.4348735168990571	-0.02166177327921762	-0.228877312953419	-0.5292620510546588	0.3572151343146075	0.09864750993897349	-0.05049364337833729	-0.144468101685253	0.2808163935221465	-0.03917587076524916	-0.4556838724108544	-0.0007058629688763863	1.780836399110418	-0.1938573495661175	-3.267158525761675	0.5482184880751202	0.4575625870082886	0.8541715666250658	-1.511071639743607	0.9569358711771759	0.001781345172883713	0.8928711745330447	-0.04181526804505035	0.4567032231092584	-0.2313615765405235	0.1663035017427357	0.04241434667667722	-0.02031651265813612	0.002861162495656272	0.04143885336207825	0.0005106571544188438	0.003096110270204093	-0.07524537067159041	-0.02025043640749474	0.03989890471086599	-0.0006673743324490815	-0.06296479346254853	0.02385240528212307	0.04307976766919859	0.1497048784686638	0.1352678857450482	0.1190423914089112	0.01154398739027588	0.01094750217484061	0.01514151591504505	0.03719396091679792	0.01252643009853339	0.01198724902482972	0.02097285031888032	0.02301199151792156	0.1281458734134793	0.07200457690028987	0.0180239520091115	0.01303010790414084	0.01054537515109721	0.01027229048895863	0.1482367385307354	0.1691543345961936	0.0180572068640282	0.4755858361146514	0.2423196545047804	0.1702675763791294	0.1866048652017693	0.1544667808189199	0.1191295820424802	0.01436417261937304	0.01894081601914757	0.01736511661724698	0.01359555226912362	0.07195037719727407	0.01210598250759915	0.01668489542771856	0.01832448995913298	0.08349201062599403	0.03223756321236049	0.01015523646506652	0.1769183274531727	0.2760905863665825	0.01236565971892118	0.07632249714145534	0.2100444970093507	0.1017654167058023	0.112753625328372	0.2232205592921243	0.01256720471640266	0.01128259781557862	0.02990927934043801	0.1121782319643241	0.01326231879676777	0.06826001046846809	0.05120077602189749	0.03712311296327293	0.02391381778708552	0.01992518708866569	0.04163800910792603	0.05287176589892206	0.01206600187973626	0.0109842654635703	0.0109680406002901	0.01162526926496826	0.01393150568602265	0.02071418968739146	0.01716705179293136	0.03300833967911191	0.04899591853070236	0.1010665102183769	0.1399727963564146	0.0238482210378542	0.02073250695296905	0.1665373105734873	0.209303599252142	0.1550612663158538	0.1104185857195531	0.01308389091334219	0.01914502071397435	0.01113286765906026	0.05830107167717538	0.1051063671676795	0.01816423589611356	0.01075848847618012	0.01027315668961624	0.01056067565711904	-0.003163073399714421	-0.006480468046250332	0.005468613407121342	0.002506398677271618	0.003590680852623486	0.01375571119960119	-0.002014947356804383	-0.01617174258010096	0.001607169435145613	-0.001744304092110357	-0.02702683865703953	-0.03357772242391911
1.590175438596491	0.01229372593075029	0.0114232492920157	0.01706733596335665	0.03963040102368881	0.01365546454584841	0.01288903241619472	0.02398893358926506	0.0251344774037883	0.1316232191789731	0.07425078001372319	0.01990723563040449	0.01402651118970274	0.01073904838645972	0.01036954638874251	0.1443747494185695	0.1663517630431581	0.02113938307385212	0.4468482865100467	0.2318947408246023	0.1641491692359273	0.1782873353551933	0.1481783784025046	0.1147344033345657	0.01599988013774948	0.0227322264261189	0.01917541673597672	0.01473541010026907	0.06877304088984394	0.01315338103447324	0.02309519226595321	0.02049793470579457	0.0834148504100712	0.03418031619130225	0.01021129876813565	0.1679530067171598	0.2898007892434158	0.01317258480959154	0.07678895191329221	0.2057804743986102	0.1013586624194323	0.1112332204960578	0.2272196258618979	0.01382527638966038	0.01194861588969437	0.03117317348950449	0.109345805599767	0.0148450879209019	0.06977000148390226	0.05263333125447957	0.03870630592025033	0.02615313728146516	0.02223098435889731	0.04577030606420233	0.0592980510281642	0.01303886625833739	0.01151707991816838	0.0115269346858228	0.0126342794475532	0.0156579243183037	0.02393432923645863	0.0201080614377407	0.03669831859290074	0.05105865537970729	0.1006552534990762	0.1494437011438917	0.02610223591563837	0.02306692685352761	0.1665648262751289	0.2190957523824472	0.1477429761400602	0.1121763557997283	0.01446564899765212	0.02140597238086139	0.01395636670922281	0.06244720360544199	0.1006007594948631	0.02044810784902889	0.01118606194838485	0.01043329841221957	0.01087989918988627	-0.0008235949446140152	0.6475245117746007	-0.04410473577679572	-0.1906927414492695	0.120151605001748	-0.05603050502001941	1.442858347069389	1.259483201818606	0.9687251564445052	0.1801733361486885	-0.2526485441895719	0.1425646662146487	0.3810076297220611	-1.73516075726619	0.04570130986216125	0.6336766449022622	-0.1656273674639236	0.1951408887309943	0.05391500329425652	2.972711881311138	-0.118559696239691	-0.79172285369499	-0.02177940438254058	-0.28713219398125	-0.09370478701787312	-0.7421358076108644	0.06322134349966363	0.2587372720782984	-0.1859855689840455	0.956842209173472	0.350450146818976	0.7264629615409205	0.350450146818976	0.7264629615409205	0.9780777415193569	5.792435390899193	0.9780777415193569	5.792435390899193	-0.02623455983073585	0.5076610391397367	-0.02403967488114642	-0.2506238714023197	-0.5253715029042892	0.4283914881107357	0.09830223401744417	-0.02394616814804535	-0.1419803360261203	0.2207198867758297	-0.04371517214524116	-0.4607717306590807	0.01756971726757765	1.890372170847792	-0.221781878554934	-2.35025377301993	0.5527252733374052	0.4488624847179294	0.8395214148967669	-1.444113272346331	0.9569276316131753	-0.00363786837876494	0.8924578303339527	-0.0415926208103593	0.4468123047979058	-0.2422128852369731	0.1367892500040168	0.04155861512499885	-0.01637096627149321	0.003224070545221574	0.0411541128336487	0.0005006890663728264	0.001556501522178034	-0.07422372620250627	-0.01896376265137991	0.03888525356595795	-0.0006107174530116641	-0.06451330488701734	0.01162508705205983	0.04182115767659343	0.1064860777827133	0.1331730146268923	0.1150812159171049	0.01361411735817186	0.01227148550203992	0.01967468736808113	0.03998694931214299	0.01551229438047931	0.01442706588763603	0.02187952291093686	0.02897563260644867	0.1193037438560638	0.07193690903046142	0.02406069717948051	0.01623049810871079	0.01114984132711285	0.01057663774412882	0.123909783755128	0.1356504495188454	0.02038223192408115	0.4693239259298986	0.2302382041900409	0.1505980492577089	0.1915096423961723	0.1535166307746204	0.1124447645426135	0.01865053087496363	0.0324239131679404	0.02311518376205995	0.01723449068729742	0.05240313168579051	0.0152098220162596	0.03952095685407938	0.02492993893960384	0.06429075707454743	0.03336847722445281	0.01033284501961145	0.1874632877619875	0.2424427932204738	0.01497572059205049	0.08396483757796618	0.2264858638783424	0.1107609721634852	0.09833832027970435	0.1822256661412238	0.01692308265044782	0.01351085302991572	0.03851691041597929	0.0979156673005733	0.01863206420195231	0.06020855222204971	0.06484428799696758	0.04542422054436888	0.02951992476446096	0.02440076479673332	0.03393599846630511	0.03215387720164734	0.01525206810367914	0.01277247764168978	0.01289449350162271	0.01364465684661574	0.01738656379689951	0.02240806440637626	0.02198084076701685	0.03269289993063755	0.04367745466373492	0.08554860755343865	0.1081365736033	0.02948891854292998	0.0255852133282976	0.1296217769348391	0.1674642254158814	0.1429659449416091	0.09204691749978867	0.01736407049869083	0.02583750669789363	0.01177889615658412	0.05032220374739704	0.1232833960147046	0.02204577032652613	0.0122391161714183	0.0108294827640812	0.01166598460563975	-0.001424985651028267	-0.002472671702084473	0.006214462997708795	-0.00109898467624421	0.01116377722177266	0.00690920564718975	-0.000235906388334879	-0.01157025381604613	0.008032278000627441	0.002577374207342423	-0.02694998401818505	-0.02940785797212444
1.600087719298246	0.01202467372693162	0.01126214332740236	0.01587854735362754	0.03623817662270317	0.01315945450843915	0.01251804097087103	0.01933675918972647	0.0237751051596737	0.111332291806107	0.06382439860929215	0.02019027534227962	0.01427384775447604	0.01076582296491495	0.01038513207702217	0.1351307674099338	0.1503967815050099	0.01759855240138889	0.4588829721109744	0.2365616653696988	0.1606060527954075	0.1938524669748144	0.1583753901549449	0.1183369763770776	0.01515048682874136	0.02710020077857684	0.01943877185605829	0.0149910454555501	0.0556968753025848	0.01289521666403417	0.03100379447489323	0.01966072541657097	0.07266258854583807	0.02986210922540633	0.01022451148649778	0.1875978715186936	0.2437129929888898	0.01338973695016682	0.08130122857902934	0.2142021825362605	0.1074608292881833	0.09990688136138494	0.1963378550267167	0.01411036284045497	0.01202374059966019	0.03326344019086565	0.09648468095547413	0.01453556023559795	0.05583510404864949	0.05430395935214672	0.03941746267173425	0.02421685107038224	0.01985462990923086	0.03058942148742975	0.03490230643947063	0.01294751646872583	0.01152699135301187	0.01160367518670757	0.01229528217087501	0.01472211525525609	0.01925362981593978	0.0187887065720178	0.02991865025479943	0.04020704733869675	0.08265535103103729	0.1241732987698191	0.02421136152829768	0.02081199461923321	0.1284455068771479	0.1844798339065922	0.1569658334393238	0.09178581205686635	0.01398992986371504	0.01937970993657118	0.01199006488499133	0.05201947506099509	0.1196258075064368	0.01813535139684232	0.01138561026603241	0.01050382503829843	0.01102265857221521	0.005561658725602496	0.6359102369504888	-0.04556054744009966	-0.1022406772661018	0.1194696540845919	-0.07930209384180582	1.455235709913035	1.238640091763889	0.9705513402578259	0.1882525521899783	-0.2512521911207333	0.1389341508084851	0.3631912056557863	-1.856149445948072	0.05168538869163709	0.5702634128538193	-0.1635386327649112	0.2226148468681578	0.08330558681128172	2.954480659077535	-0.1255099398020929	-0.6068989305900154	-0.02436788758243324	-0.2336823635380656	-0.1011733543362425	-0.7575222887384312	0.06522756217778049	0.1443937757680356	-0.1762568879008026	1.0006850382877	0.3567004460784716	0.5298231301176552	0.3567004460784716	0.5298231301176552	1.033584505488048	5.389778096094946	1.033584505488048	5.389778096094946	-0.02087007197245134	0.5733392824240566	-0.02662447564264779	-0.2706118753279919	-0.5207609404855403	0.5020952297550036	0.09807849091689319	-0.0258695674258172	-0.1400955579077474	0.1596689265837301	-0.04832736889908466	-0.4709681830028095	0.03645392312781476	1.904538584221322	-0.240213702926159	-1.361997314644384	0.5570629788966991	0.4238672147573267	0.8255478148650521	-1.375552905119153	0.9568603483984252	-0.01008298521060816	0.8920464714161448	-0.04141235579871882	0.4240594905692021	-0.2543734077055646	0.107215815291934	0.04167953037756005	-0.01350410634664456	0.003371561344892584	0.04132194891503198	0.000474911114764266	0.000919671034219081	-0.07219448771315616	-0.01762131913498868	0.03781905980755144	-0.0005656815899410216	-0.04477336899297739	0.00562815317555237	0.03274539377096312	0.05505918210522395	0.1402903851963759	0.1077975668133166	0.01100541552056543	0.01062425893696432	0.01296348517087666	0.03190974313333695	0.01155102343049541	0.01123740817546073	0.01399628012344056	0.02042342069984088	0.08018781385222128	0.04821037762446762	0.0192566719844693	0.01411246537499146	0.01071864401258972	0.01036663177412707	0.1282419597461737	0.13463888747928	0.01307719700863988	0.4755478854301912	0.2473394808813266	0.1604737638651255	0.219895764188913	0.1763975641197687	0.1269005532964868	0.01270316246340437	0.03098857988012928	0.01858074880682521	0.01473500419842806	0.04311819065017237	0.01155627824193472	0.03633118884818918	0.01656598904732967	0.06590157729744944	0.02461268801590084	0.01022363328441216	0.2179535658484487	0.1616634506733479	0.01331296575840918	0.08579690459497653	0.2197222910658266	0.113761572602998	0.08625127588740533	0.1531019812180681	0.01345632774001061	0.01167151872852323	0.03292033794747953	0.07886304499885208	0.01212338461813605	0.03886721289413357	0.05283794190518903	0.03838642278108039	0.02010438644194739	0.01548104059779578	0.01404900868638795	0.01223636261389149	0.01186367925824749	0.01101538030225443	0.01116606455020088	0.01176101633823016	0.01295949932461796	0.01365232528682885	0.01709492670189827	0.02301280346716284	0.02805670872293397	0.05929274444967368	0.09987696287007421	0.02016417067593833	0.01649944654206533	0.07256688466327135	0.138750642569523	0.1773323292930014	0.06651794985670074	0.01188829649310263	0.01425504160822504	0.01045327460335842	0.04328555791864475	0.1438909956626618	0.01409018197168149	0.01171786298960033	0.01064764089730832	0.0112822357891027	0.003422691909425247	-0.0166531445835974	0.006997033711753337	0.009972168762056919	0.003783122821550625	0.02240709894280259	0.001513061820972358	-0.006971277621012848	0.002836266808568408	0.01165199840310685	-0.0272510151470379	-0.0249966577985293
1.61	0.01190180402987977	0.01119233927500429	0.01528829854133208	0.03722047447430722	0.01286543785605269	0.01228318092435169	0.01700011177622612	0.02487268274228356	0.09054611157355379	0.05537183857637408	0.02336078151991655	0.01686299510598705	0.01128031807836241	0.01065600008991398	0.127635695855742	0.1353150529496125	0.01557972909635191	0.4619453673538868	0.2405245696162013	0.1574315747532369	0.2112806221106622	0.1707773861962035	0.1245123025986522	0.01483898794992822	0.0398639489663412	0.02259006563603268	0.01774728291707392	0.04546005780721687	0.01291769617740123	0.04493014303029035	0.02030919054245858	0.06915638437613493	0.02937278865083919	0.01040417967169449	0.2077369019781476	0.1912981026114951	0.01566526894583791	0.08712098427728046	0.2172424917708593	0.113742126733224	0.0892559588779725	0.164016919738314	0.01632875681862124	0.01340140599287397	0.03579465239857924	0.08213788906529763	0.01397545863457225	0.04599721491450103	0.06327660651331188	0.04483343362663755	0.02424266412269877	0.01853547675682791	0.01975627798676056	0.01996051420231357	0.0134972209735276	0.01195263208018983	0.01222749688383636	0.01387067044973884	0.0157481141079646	0.01716889646966401	0.0223313619859476	0.02914051899848868	0.03442679910003104	0.06596916615928798	0.1084766471307825	0.02430856722161867	0.01985563382487782	0.08516273863842902	0.1515957137131383	0.165854975472178	0.07426024605698474	0.01371143346466997	0.01780588063772163	0.01112125269123971	0.04974038658851996	0.1418914956997833	0.01661820460309376	0.01390287385073335	0.01155315424884371	0.01298201764674258	0.01168888975927908	0.5958830851949725	-0.04612101558631387	-0.01057979479071399	0.1186241310887122	-0.08911284288270283	1.467428880019806	1.222300484136943	0.9724561299577209	0.196001044007595	-0.2498986599923957	0.1339550248941206	0.3442834323884309	-1.955049175444431	0.05694308071626931	0.4877050667288879	-0.1612857209815826	0.2284763906870363	0.1124382305347664	2.921662872789758	-0.1305282820861662	-0.4030884726729413	-0.02638874298416145	-0.173206616378533	-0.1085824525428795	-0.7306749464889398	0.06605807202337566	0.02231491833141314	-0.1662526742745405	1.012754868513299	0.3608661292023985	0.3068181830768579	0.3608661292023985	0.3068181830768579	1.08460813519275	4.890508839915738	1.08460813519275	4.890508839915738	-0.01489940230713747	0.6296330275870284	-0.02939849295279738	-0.2887992837466352	-0.5154175866078662	0.5758454634000599	0.09769997122850416	-0.05479313590037714	-0.1388083786883232	0.1005955287276477	-0.05307895688394897	-0.4893112303011022	0.05504056767579157	1.832406087528626	-0.2487558008363174	-0.3655244233908739	0.5610861927065226	0.3862170767680255	0.8122403129572108	-1.310338700296439	0.9567255186444633	-0.01719757936695842	0.8916368880139306	-0.04121719810642093	0.4052948592978021	-0.2587750850341037	0.07893422763323048	0.03975515082234559	-0.01267020056818311	0.003004491004859909	0.04106103269373886	0.0004188617578403772	-0.001659003890618449	-0.06797309186956692	-0.01588044134161012	0.03605422659987972	-0.0005132852824369768	-0.03685716616571127	-0.006823217747189346	0.02980726453414354	0.01340242877400044	0.1532235685248377	0.09855198805735078	0.0135070149142153	0.01221850320227167	0.0190645616273031	0.04667285009057835	0.01511486320195999	0.0140856235351262	0.01951850966031109	0.03367078867714646	0.07794086365141793	0.05742170082103547	0.03335788949792375	0.02371932289016963	0.01264492555231648	0.01136150634654326	0.112103380682619	0.1083033865553313	0.01784041662395139	0.4527956573436501	0.2367869293373495	0.1449856615451238	0.2303757262682236	0.1821877532477342	0.128560636163074	0.01854154438676004	0.06748606570983827	0.03236151404166954	0.0252269195739113	0.03593198094089714	0.01552326641267012	0.07492220676608874	0.02770355342528918	0.06678133304992881	0.03639031956558343	0.01085049713114568	0.2297639345503706	0.1316894257181426	0.02154348777944592	0.09746692061995804	0.2229683329751556	0.1237948856473041	0.07844564375538868	0.1189439171305812	0.02326930041454455	0.01752698494809611	0.04413021008569919	0.06786603181037039	0.01726129567283672	0.04561787875883076	0.09183355529302396	0.06160303454614215	0.03154852204993119	0.0227870262859907	0.01731624582024088	0.01410501114558202	0.01697263888042868	0.01402334694658618	0.01466926807161901	0.01864406369201024	0.02135047742986413	0.02081664116058416	0.03396237713231953	0.0374576945518094	0.03781197254554072	0.05477854188309723	0.0931140611058897	0.03168818426652713	0.02494355568168226	0.04108100512017392	0.109213141568923	0.1600612731340223	0.06201475250198649	0.01699138418183056	0.02309255566976173	0.01110474949834916	0.05540633629565263	0.1745042800408168	0.01977520917908334	0.01952101755917917	0.01386494359725386	0.01733710817574924	-0.0114751563773279	-0.02887111218630515	0.0536774227603786	-0.00543687939385728	0.01799565203395034	0.01862168651752527	0.001488579344773935	-0.01391772328194384	0.008012652987601142	0.01536612667198097	-0.0277263475943842	-0.02044632675704552
