PathFileType  4	(X/Y/Z) C:\Inversekin\DARPA\DARPA11\Files_W_HJCs\
CameraRate=100.0
DataRate=100.0
NumFrames=238
NumMarkers=41
OrigDataRate=100.0
OrigDataStartFrame=1
OrigNumFrames=238
Units=mm
DataType=double
version=3
OpenSimVersion=4.5.2-2025-05-03-6a4c6ec41
endheader
time	R.Shoulder_1	R.Shoulder_2	R.Shoulder_3	L.Shoulder_1	L.Shoulder_2	L.Shoulder_3	R.Clavicle_1	R.Clavicle_2	R.Clavicle_3	L.Clavicle_1	L.Clavicle_2	L.Clavicle_3	R.Biceps_1	R.Biceps_2	R.Biceps_3	R.Elbow_1	R.Elbow_2	R.Elbow_3	R.Forearm_1	R.Forearm_2	R.Forearm_3	R.Wrist_1	R.Wrist_2	R.Wrist_3	L.Biceps_1	L.Biceps_2	L.Biceps_3	L.Elbow_1	L.Elbow_2	L.Elbow_3	L.Forearm_1	L.Forearm_2	L.Forearm_3	L.Wrist_1	L.Wrist_2	L.Wrist_3	R.ASIS_1	R.ASIS_2	R.ASIS_3	L.ASIS_1	L.ASIS_2	L.ASIS_3	R.PSIS_1	R.PSIS_2	R.PSIS_3	S2_1	S2_2	S2_3	L.PSIS_1	L.PSIS_2	L.PSIS_3	R.TH1_1	R.TH1_2	R.TH1_3	R.TH2_1	R.TH2_2	R.TH2_3	R.TH3_1	R.TH3_2	R.TH3_3	R.Knee_1	R.Knee_2	R.Knee_3	R.SH1_1	R.SH1_2	R.SH1_3	R.SH2_1	R.SH2_2	R.SH2_3	R.SH3_1	R.SH3_2	R.SH3_3	R.SH4_1	R.SH4_2	R.SH4_3	R.Ankle_1	R.Ankle_2	R.Ankle_3	R.Heel_1	R.Heel_2	R.Heel_3	R.MT5_1	R.MT5_2	R.MT5_3	R.Toe_1	R.Toe_2	R.Toe_3	L.TH1_1	L.TH1_2	L.TH1_3	L.TH2_1	L.TH2_2	L.TH2_3	L.TH3_1	L.TH3_2	L.TH3_3	L.TH4_1	L.TH4_2	L.TH4_3	L.Knee_1	L.Knee_2	L.Knee_3	L.SH1_1	L.SH1_2	L.SH1_3	L.SH2_1	L.SH2_2	L.SH2_3	L.SH3_1	L.SH3_2	L.SH3_3	L.Ankle_1	L.Ankle_2	L.Ankle_3	L.Heel_1	L.Heel_2	L.Heel_3	L.MT5_1	L.MT5_2	L.MT5_3	L.Toe_1	L.Toe_2	L.Toe_3
0	-652.6299999986287	1529.54200000031	-94.52000000002758	-629.1589999984624	1534.957000000551	-437.3359999999709	-583.281999998663	1487.408000000268	-236.9250000001932	-577.3449999985855	1487.629000000395	-286.4810000000627	-627.6739999990457	1267.574000000285	-13.97200000011349	-679.998999999443	1181.338000000652	19.63799999976089	-592.0689999987926	1060.299000000403	34.50399999967715	-544.2659999992908	947.5700000000853	41.38800000001402	-617.137999997984	1310.397000000569	-525.8100000000823	-643.0759999976336	1190.903000000311	-558.9210000001765	-567.5689999973457	1069.970000000792	-563.515000000055	-522.1239999968093	963.9620000008478	-552.7860000000927	-567.0489999987356	1021.099000000592	-129.9470000001784	-553.0109999983822	1021.609000000206	-382.1320000003698	-772.7089999988992	1015.859000000438	-222.5130000001936	-781.2089999985716	994.5630000003832	-268.2270000001675	-767.7909999985802	1018.813000000672	-313.7470000002193	-559.0029999967264	799.2740000015067	-44.42799999958928	-658.052999998479	755.6850000008051	-55.79499999978178	-610.399999996893	634.7350000008701	-70.32199999993784	-535.8539999960561	532.9720000007733	-72.37699999964858	-583.8699999966553	458.4700000005794	-68.58400000017512	-665.5669999968086	386.2790000004081	-77.30600000008741	-639.3629999968755	517.7460000009103	-90.70500000035636	-728.9469999968353	439.0120000003732	-105.4999999999267	-838.2769999970155	272.8309999993484	-132.1819999997921	-921.9989999976747	285.0319999984591	-210.1049999993484	-856.6119999955272	137.6769999982639	-79.3640000002369	-750.3789999953327	56.0609999993364	-140.9360000008841	-496.4619999986866	808.0669999999584	-403.3909999996085	-487.420999999216	679.8619999999091	-372.4850000000471	-585.160999998634	797.7539999998414	-461.1220000002884	-594.484999998793	668.7240000001179	-419.3960000001369	-559.9329999997212	528.4110000001505	-372.4610000000792	-534.3880000001459	416.1239999997777	-351.7290000001143	-618.9990000007037	430.9899999998573	-396.7719999997256	-638.7689999996769	316.4169999999343	-385.8759999997742	-608.5720000000413	108.0679999999857	-342.4609999999402	-704.0860000002419	35.74000000022364	-304.7899999999088	-504.4489999999945	38.01300000007414	-358.710999999988	-412.7229999998177	57.07699999999671	-251.1199999998961
0.01	-640.9437941734536	1530.894392417402	-94.61440687105738	-616.6343176744278	1537.157486173543	-436.9854465599743	-571.2623808310035	1488.9861429922	-236.7251794357885	-565.1725982394569	1489.290614653061	-286.2268490199044	-617.9759423307535	1269.045261523589	-13.43119309650932	-670.932748976118	1183.091820968182	19.68432303308305	-583.4474189602345	1061.650467247592	35.64539195510268	-536.2585790061687	948.8562625245261	43.19104687346429	-602.3663676527208	1312.888521805081	-525.8461731897763	-626.3057737200015	1193.01638126219	-558.9163835331046	-548.3214986058756	1073.611550578785	-562.2347709728499	-500.6443966274585	968.7882923361099	-550.4819107483931	-555.058763094318	1023.385926666734	-131.1510595845797	-542.0560882923742	1022.270748503775	-383.2770087195372	-761.0134273043002	1017.406865481966	-222.1449064677004	-769.6827295565746	996.1876296195079	-267.8531935474617	-756.3704167388369	1020.557972523289	-313.3387541709264	-542.5120508439102	804.0603523971445	-44.81678349698787	-640.4260467708334	758.3236199874648	-54.48209025121503	-591.0327549110756	638.4359992990062	-68.79453742075258	-514.6030797466362	537.6382417752297	-73.03332290044422	-560.2027601302655	461.0190067351733	-68.93899595182961	-639.799690966463	385.3659741148813	-77.01859507909064	-618.0297540573505	518.2366905755027	-91.12994936763812	-704.5596218568289	436.1976447251083	-104.9862422551917	-807.3063944667881	265.0328099961023	-130.5137878798886	-892.6473280968405	272.1208225389763	-207.3616302928885	-817.4423522797952	129.7842164036508	-77.24003992611907	-707.9259769409545	54.333085102539	-140.0607205935032	-488.0529024202464	807.1093055038893	-404.1765608043463	-481.0261189504918	678.945688980112	-372.9068398693435	-577.1253717506174	797.962034898824	-461.3446503962692	-588.4341879807669	669.3286867865233	-419.4981120135287	-557.216963988591	528.3741196902564	-372.9235175726285	-532.6287652636705	416.0707011992154	-352.5448390390217	-617.5337870045848	431.510653765322	-396.5744720134622	-638.0693942855232	317.1558586306517	-385.4768942406182	-608.2279059826369	108.3050200245935	-342.2968833733653	-703.897747330233	36.03424760992733	-304.5981765670921	-504.3905429908516	38.03789791597646	-358.6287308257489	-412.5389596680962	56.77408797759868	-251.140879855563
0.02	-629.2457597346681	1532.17629028307	-94.70044741535239	-604.1005817066768	1539.283303607682	-436.6435106164006	-559.2337646771232	1490.496331277214	-236.5238561546108	-552.9885642795786	1490.885703568063	-285.9733986184091	-608.254020267584	1270.445405811826	-12.89326765502692	-661.8374211901862	1184.777962852318	19.74380645816056	-574.8065740943546	1062.946238758838	36.79732356668744	-528.2215500263183	950.0809249437145	45.01050391730183	-587.6194064811436	1315.305500494832	-525.8835681284849	-609.5849037466696	1195.064118447789	-558.9169178934387	-529.1191812330277	1077.211298559831	-560.9412296231577	-479.2173800881613	973.6026011687334	-548.1483212228131	-543.0805651771948	1025.592822447764	-132.3404171179305	-531.1103488623442	1022.871990681201	-384.4097831280274	-749.335818786853	1018.892639997979	-221.7398139108192	-758.1739235205469	997.7385770024964	-267.4363477855476	-744.9759364585607	1022.223299682868	-312.8954046742573	-526.0755016422446	808.7465494154122	-45.23093498824611	-622.8755004526602	760.9197249787578	-53.18576307896996	-571.7661550840335	642.0643437235738	-67.33413142982742	-493.5229872629681	542.2071123113836	-73.73036523269113	-536.6342470664771	463.4705662241776	-69.31382396583032	-613.9948866832095	384.3541981636262	-76.72668817675178	-596.8032616954816	518.5363375760028	-91.53311667533308	-680.1726322127549	433.1698986381905	-104.4461818891755	-776.1442848046635	257.0669672732417	-128.8262565670597	-862.9983491630103	258.9754619426062	-204.587579409777	-778.0311863674784	121.8580827378819	-75.11594913911121	-665.2985164572063	52.66395904944523	-139.1982029061535	-479.6646709841951	806.1190230417749	-404.9191231090543	-474.6472756384476	678.0031544239039	-373.2830542017509	-569.086909873784	798.135327148673	-461.550077092333	-582.3887339018514	669.9071476346633	-419.5792554229027	-554.4806893307957	528.3348048695512	-373.3625741972137	-530.8544509025268	416.0142483380406	-353.3138602353016	-616.0402918202643	432.0324439663584	-396.3718774681246	-637.3375444123972	317.8909739480442	-385.0793547232712	-607.8914066800675	108.5491961059003	-342.1196887325723	-703.7208715685888	36.33594573427713	-304.4105781399093	-504.3350798214551	38.0681883233334	-358.5442332864579	-412.3588164870713	56.47694048801603	-251.1564584919871
0.03	-617.5247678701945	1533.32163866542	-94.77043887601229	-591.548766025044	1541.264075363016	-436.3174829420561	-547.1877032989916	1491.874498598286	-236.3196929468116	-540.7822017141796	1492.351291786198	-285.7210135479208	-598.4849682078744	1271.708207835054	-12.36106735217575	-652.6847368226048	1186.332692015905	19.82848770315287	-566.1275386021364	1064.133447561826	37.96869609212823	-520.1269759404868	951.1859136175676	46.85997079397751	-572.9190535364711	1317.577542663611	-525.9222757054554	-592.958068890747	1196.984112908756	-558.9266741217484	-510.0048089746431	1080.728664517228	-559.6214555222687	-457.8927746658661	978.391496109891	-545.7573426307217	-531.1232863529358	1027.644506410842	-133.5002430241946	-520.1810620481905	1023.357227392368	-385.5174855526199	-737.689571366868	1020.259045390675	-221.2634142098992	-746.6961987089833	999.148685414795	-266.9369277033935	-733.6288492992521	1023.736194983869	-312.3845098737843	-509.7463994248355	813.2339928048418	-45.69434298245814	-605.4752989007582	763.4280422604686	-51.9231054404823	-552.700471542317	645.5474185711147	-66.00310998947054	-472.7770177789272	546.5824734311739	-74.50542735563093	-513.2585735397685	465.7315936641869	-69.72728585975531	-588.1183851165704	383.1536978394254	-76.42770456587536	-575.7822686026682	518.4646366136026	-91.89412439123423	-655.7832162150549	429.7328333398608	-103.8574519790707	-744.6098062598912	248.7887080501598	-127.1036684752519	-832.7672241567913	245.3926365459803	-201.7592025626244	-738.1589689721284	113.8833433973219	-72.98888063755709	-622.3426005536444	51.11721736709259	-138.3518839303786	-471.3141923933326	805.0662130292607	-405.5804993775167	-468.2975967233753	677.0103116543169	-373.5741204706444	-561.043291526049	798.2424042890316	-461.7232654911099	-576.3528484691778	670.434974559575	-419.6211316648524	-551.7061535663481	528.2901454873377	-373.7576245158735	-529.0508508633523	415.9517643875122	-353.9955855595027	-614.4939079880528	432.5567885085119	-396.1588477146663	-636.5450425504494	318.6194243069842	-384.6844931584657	-607.5697038217495	108.8068299173859	-341.9179523860361	-703.5648702445144	36.65024177651303	-304.2308987904541	-504.2854269733908	38.10809608598873	-358.4558888928439	-412.1862313663825	56.19073053274707	-251.1623028158354
0.04	-605.7709516674367	1534.27259795551	-94.81792958195589	-578.9700016288953	1543.037388508742	-436.0122486163874	-535.1167844212832	1493.063639413227	-236.1115750630213	-528.5445680599015	1493.630904155757	-285.469411818718	-588.6468065141614	1272.776368815691	-11.83720614714267	-643.4481799904017	1187.699671887843	19.94830080692955	-557.3920624001897	1065.164519009172	39.1655021717057	-511.9499758403985	952.1196519435687	48.74801251153737	-558.28234832822	1319.641917607586	-525.9604169304311	-576.4613829183363	1198.720839593873	-558.9477060269646	-491.016572270182	1084.125319929473	-558.2631135412156	-436.7152717883945	983.1389882561962	-543.2840805628641	-519.1901423470556	1029.474751467385	-134.6155856590207	-509.2719111073792	1023.679992100324	-386.5863831883742	-726.0800267775052	1021.457626519833	-220.6865570411239	-735.2561975175056	1000.362800574356	-266.3220183170168	-722.3416338711261	1025.03654307714	-311.7786730957486	-493.5751905940579	817.4272389860469	-46.22803156862138	-588.2952236293629	765.7987937632922	-50.71201966299054	-533.9351444332349	648.8129289779652	-64.85491713181898	-452.5141751580574	550.6704778358135	-75.38939695279016	-490.161766377106	467.7176574461395	-70.19630190263945	-562.1430662037328	381.6910437156125	-76.12256319430101	-555.0510106653425	517.8616871028772	-92.19597079194125	-631.3833370465964	425.7234853144759	-103.2049838495086	-712.5419111592465	240.0955154334737	-125.3366166272085	-801.6930354940688	231.2260526701513	-198.8653369322705	-697.6460141290731	105.8775002332428	-70.85168649664702	-578.940862808039	49.76643841338419	-137.5095075349755	-463.0118854164972	803.9255658116426	-406.1313888156795	-461.9850965110326	675.9467113075527	-373.751663119245	-552.9930204127331	798.2573775815194	-461.853121234715	-570.328695638002	670.8910677461379	-419.6101299095271	-548.8790395734586	528.236297524879	-374.0932714160485	-527.2054439093761	415.8804947447368	-354.5610089218112	-612.8767203611127	433.0853599613112	-395.9293742830409	-635.6704640185983	319.3394625266104	-384.2922840661569	-607.2692064107766	109.0826219007294	-341.6829906080351	-703.4361657552029	36.9784551608187	-304.0618438133555	-504.2440122062795	38.15971731645758	-358.3630698713139	-412.0243881385998	55.91948386606578	-251.1555679621018
0.05	-593.9760994448786	1534.98220986507	-94.83801935180122	-566.3558804934789	1544.551389059829	-435.729618018897	-523.0149458035618	1494.015920131387	-235.8985202468417	-516.2690208246592	1494.676612022886	-285.2174621065855	-578.7195809449986	1273.604118613417	-11.32372133484804	-634.1041659169063	1188.832515211908	20.11036401406781	-548.582934780684	1065.998939251474	40.39013165865489	-503.6696166145413	952.83913393122	50.67689748094232	-543.7201779273578	1321.446025583884	-525.9937336981405	-560.1198362737308	1200.227499037481	-558.9793522497316	-472.1864861206851	1087.365941673132	-556.8544168917174	-415.7227321606081	987.8259527312055	-540.7076349290184	-507.2771135991705	1031.029130336289	-135.6715914343299	-498.3816659004298	1023.805230757422	-387.6020365769027	-714.5027487038285	1022.451413295788	-219.9873281834748	-723.8516808579917	1001.341420936693	-265.5677831072863	-711.1153310814461	1026.080875340843	-311.05741086725	-477.6088507389042	821.2356634765613	-46.84890003803942	-571.4002315586606	767.9774557061346	-49.57123497445608	-515.5680034131767	651.7895219674169	-63.93104582226571	-432.8637189571751	554.3803580411877	-76.40449167730748	-467.42014333653	469.3569741013434	-70.73530486917993	-536.0533347738143	379.9152724396959	-75.81655030681384	-534.6750447107394	516.5955612263351	-92.42764877460422	-606.9595109591454	421.0236581543114	-102.4832959753695	-679.8061262338047	230.9405702123224	-123.5234716707483	-769.5485365184281	216.4045366820931	-195.9100766732725	-656.3636704078499	97.8998967667581	-68.69321699858432	-535.0222365370009	48.70076891993692	-136.6416911614956	-454.7611924532214	802.6773588452415	-406.5541689425768	-455.7115728017435	674.7961184960475	-373.801683500974	-544.9356222506204	798.1609696502273	-461.9334252346373	-564.3157790311137	671.2585919629093	-419.5382949944327	-545.989023998146	528.1680430605031	-374.3603504984036	-525.3079038468627	415.7971286618268	-354.9955250276739	-611.1790442436187	433.6195823117613	-395.6765847127893	-634.7010929801716	320.0502101123199	-383.9007229282872	-606.995138729126	109.3791158385723	-341.4093949943444	-703.3378122333163	37.31774163772987	-303.9047635493686	-504.212640850654	38.22245572155519	-358.2661874118238	-411.8757106213381	55.66561789459971	-251.1354489914838
0.06	-582.1339093205887	1535.415774310417	-94.82741638458489	-553.6989502091044	1545.766121471557	-435.4681255972774	-510.8775675975338	1494.693755718957	-235.679490660108	-503.9514157253495	1495.450208347037	-284.9631622677792	-568.686049368417	1274.158235674919	-10.82168316471279	-624.6332038831141	1189.696154495716	20.31862053483602	-539.684301522542	1066.604128734395	41.64126569831859	-495.2692268150423	953.3109930993876	52.64238537783088	-529.237011616777	1322.948722558359	-526.0156016838008	-543.9462840474785	1201.467163069852	-559.017809378757	-453.5395041017603	1090.418731618019	-555.3839657661247	-394.9452850198373	992.4301026428625	-538.0117014795227	-495.3723547603575	1032.266365622511	-136.6539397949903	-487.5035126232749	1023.709797784816	-388.5499437578142	-702.9436496535693	1023.216005880939	-219.1526038856266	-712.4710368833073	1002.062149648787	-264.6611356200632	-699.9385844791236	1026.844135032409	-310.2083831988605	-461.8906546328647	824.5751545134985	-47.56856100119113	-554.8504715909067	769.9059702016934	-48.52000089675399	-497.6938952616623	654.4077323266097	-63.25943212417668	-413.9315904882292	557.6252234155054	-77.56284220645492	-445.1005982181924	470.5937546007789	-71.35580102263842	-509.8497221445756	377.8014958144245	-75.51928156933154	-514.6996962665005	514.5672039285421	-92.58684963319766	-582.4943585666658	415.5668456976071	-101.6973945865185	-646.2986767802959	221.3394467603348	-121.6705347734139	-736.1478478993099	200.9412286674109	-192.9125971929215	-614.2384733086949	90.05477242707622	-66.5006855902392	-490.5650304058234	48.03040862449402	-135.7059319114067	-446.5595211926459	801.3074577853567	-406.8441470773053	-449.4726114793307	673.5463412432071	-373.7256595351441	-536.8719227599053	797.940566836704	-461.9630259439542	-558.3104875525487	671.5253221966433	-419.403214053374	-543.0287792312436	528.0784290163185	-374.555777938659	-523.3499862858407	415.6968580227496	-355.2991380528265	-609.3987853900547	434.1597272855507	-395.3929089353716	-633.6327194499944	320.7508910706437	-383.5051944999931	-606.7511722778112	109.6963856166708	-341.0949088517136	-703.2698606527786	37.66192571610404	-303.7594028255166	-504.1923031715662	38.29296883963036	-358.1664490748609	-411.7415069765951	55.42969240073248	-251.1032909790408
0.07000000000000001	-570.2401155063034	1535.550978235653	-94.78423188441049	-540.9933607262816	1546.653709991425	-435.22327426679	-498.7014041562292	1495.070059218814	-235.4531934434745	-491.5900407569192	1495.923690539072	-284.7037963075177	-558.5322637654068	1274.41769790874	-10.33086429352601	-615.0207518998284	1190.266963945542	20.57384362125727	-530.6817932948231	1066.955449073647	42.91424735556306	-486.7362041238822	953.5116034546943	54.63441041167545	-514.8314925800657	1324.120627461777	-526.0173795838407	-527.9419393951038	1202.412987394659	-559.0559662498109	-435.0933315557547	1093.255781784434	-553.8405858273211	-374.4052533430286	996.9263983306793	-535.1848684109021	-483.4565839556305	1033.15822744735	-137.549423085693	-476.6252755549983	1023.381269878665	-389.416439920451	-691.3805727342105	1023.739139134898	-218.1789361915163	-701.0941425894669	1002.518986902273	-263.6005513527795	-688.7884185634423	1027.319252104706	-309.2279838878595	-446.4604663593232	827.3697738598458	-48.39228178388773	-538.7013930640869	771.5250865603452	-47.57748494918667	-480.4027298730006	656.6012941929127	-62.85443012771658	-395.7993258613816	560.323443442524	-78.86586132402363	-423.2622648446461	471.3905439459126	-72.06593975132272	-483.5524543528178	375.3523252841236	-75.24372947973158	-495.1511325548041	511.7127726298285	-92.68180986288739	-557.9695179765733	409.3399567507404	-100.8622812391165	-611.9484850620717	211.3703800763906	-119.7912858735011	-701.3519316412263	184.9343074420333	-189.9045336764207	-571.2506996668753	82.48906280848004	-64.26374662477498	-445.5953400250378	47.89086675697356	-134.6551585351021	-438.3998487127374	799.8067234718962	-407.0092799853863	-443.2584747172322	672.1886859548664	-373.5395943483626	-528.8043326342928	797.5897346735768	-461.9453584338797	-552.3057153319551	671.68340747004	-419.2070889365056	-539.9919775464776	527.9586491969106	-374.6814423325669	-521.3245877073465	415.5726029053626	-355.4841086093032	-607.538483404054	434.7038949402221	-395.0708276542649	-632.4674950441772	321.4400327089636	-383.0984587564892	-606.5390665454427	110.0320079806329	-340.7398973927211	-703.2299918852846	38.00314944809794	-303.6238361889365	-504.1830876074004	38.36561070018036	-358.0654469097926	-411.6215956815232	55.2105025497613	-251.0623535741218
0.08	-558.2924683758785	1535.377000266099	-94.70754871853367	-528.2355770590564	1547.197647502662	-434.9881405429264	-486.4844448185113	1495.127909364522	-235.2179225482686	-479.1854361857568	1496.079212992779	-284.4362036867048	-548.2480476161963	1274.372373135484	-9.849530290582422	-605.2576182349605	1190.531862661421	20.87395663208068	-521.5624592019658	1067.035594428252	44.20178443703121	-478.061515847006	953.4263844153472	56.63838823112452	-500.497580422426	1324.943628741337	-525.9889501588797	-512.0981361350455	1203.047695509121	-559.0834842385077	-416.8587673267843	1095.853364182134	-552.2132699276629	-354.1178676962557	1001.287743618789	-532.2207082132045	-471.5043551567427	1033.688324661116	-138.3465711685402	-465.7304446063266	1022.815694994373	-390.1895816625673	-679.7857535859159	1024.019006615338	-217.0726506815234	-689.6943218771469	1002.719831387461	-262.3959446341011	-677.6325328022598	1027.514810817702	-308.1213311753664	-431.3550542262707	829.5533656504815	-49.31810708614899	-523.0034308928166	772.7774759196107	-46.761920081835	-463.7772545370651	658.3089683793908	-62.71814871388932	-378.5254814021298	562.4010240303371	-80.3043551190508	-401.9586335737536	471.7293082616637	-72.86996658306248	-457.2026901817161	372.5976178151623	-75.00454207425371	-476.0395400720634	508.0039485393621	-92.73143738531384	-533.3692947422047	402.3804018062676	-100.0013499030264	-576.7180453070702	201.1690426504712	-117.9053147667119	-665.0720045970645	168.5603350289742	-186.9259587060151	-527.4296634153146	75.38614741606719	-61.97957308240639	-400.1835692264281	48.44443213208774	-133.4489727580259	-430.2724732878981	798.1702265731891	-407.0685390350845	-437.0555182401199	670.7173652179456	-373.2713775754695	-520.7367341512578	797.1074122969753	-461.8873864314185	-546.2906341834998	671.7287106092981	-418.9553973109423	-536.8708564073673	527.7983521381707	-374.7426084745074	-519.2240478876652	415.4147803079347	-355.5708341200517	-605.6006330789651	435.2472222159334	-394.7041485625161	-631.2103302509848	322.114997054332	-382.6714329379967	-606.3582886600759	110.3813726003703	-340.3466535097506	-703.2141093665034	38.3337737898532	-303.4946298390352	-504.1842059424403	38.43326677584589	-357.9647090713345	-411.5140630237175	55.00552187000729	-251.0172872860353
0.09	-546.2905277732419	1534.892936820223	-94.59685073200308	-515.4250161366361	1547.391520281768	-434.7542020995638	-474.2257552953511	1494.859863225474	-234.9714339921024	-466.7402126001052	1495.908619637047	-284.1570729581397	-537.8273433317102	1274.021204196305	-9.374394234131248	-595.3399687423048	1190.486822486271	21.21460642282127	-512.3146884417827	1066.83373183392	45.49485514397727	-469.2391040411676	953.0486218773193	58.63687274019429	-486.2259111013789	1325.409837291304	-525.9192812497035	-496.3989666311712	1203.362597212442	-559.0871089882078	-398.8404216221418	1098.192198216092	-550.4913265697583	-334.0926138690565	1005.485866290013	-529.1177205423407	-459.486036049126	1033.850275311529	-139.0362267179661	-454.7995117484523	1022.015059625698	-390.8598537848902	-668.1286350745523	1024.061730373242	-215.8491201654391	-678.2410212291549	1002.68275936541	-261.0675612912755	-666.4326135157428	1027.451266315333	-306.9016729258568	-416.6079508313391	831.0711143716671	-50.33628716410639	-507.8010995616496	773.6112957197124	-46.08957613789394	-447.8908043471655	659.4769383329785	-62.84261134148211	-362.1485843694671	563.7949226837349	-81.85937126908651	-381.2390471246634	471.6112282939092	-73.76756817269268	-430.8609915014922	369.5927480505438	-74.8161351229388	-457.363258307964	503.4468498996837	-92.76327042149934	-508.6844293445089	394.7697462238455	-99.14401903925329	-540.6043059605727	190.9189189096542	-116.037487141354	-627.2717899237034	152.061603189867	-184.0211882520182	-482.8481465993227	68.95655826226063	-59.6580544521929	-354.4414626914308	49.87735229397428	-132.0653495604001	-422.1665390411405	796.3965293001609	-407.0492284975473	-430.8477061602708	669.1290604576147	-372.9569956126494	-512.6736871597248	796.4968999428752	-461.7981368292176	-540.2508181554974	671.6599934324685	-418.6555298542855	-533.6540120414313	527.5864455894772	-374.7462682090031	-517.0381031141749	415.2117572370709	-355.5831047435638	-603.5824422965404	435.7816094731094	-394.2894824303561	-629.8646766808839	322.7720041446336	-382.214627441016	-606.20562055202	110.738351834248	-339.9187321290444	-703.2167232837032	38.64799168501895	-303.3671853186199	-504.1940887266392	38.4884493264838	-357.8653199274864	-411.4153247022506	54.81150024548582	-250.9733750365691
0.1	-534.2352344172533	1534.105916192729	-94.45143258029316	-502.5644362619734	1547.237491633509	-434.5122217955276	-461.9252830868683	1494.267112949607	-234.7108333153787	-454.2589000631403	1495.412664724794	-283.8631956118033	-527.2683804048327	1273.370293866419	-8.900754375695474	-585.2690094300494	1190.135194019266	21.58991389722275	-502.928312826773	1066.344735553858	46.78369703108807	-460.2653127023008	952.3781513737405	60.61131149265015	-472.0051495217391	1325.520252295626	-525.7968767953175	-480.824319894773	1203.356406438592	-559.0511897930651	-381.0377431579383	1100.257683201049	-548.6648266740128	-314.3349603479539	1009.492306009819	-525.8791557766565	-447.3703310197911	1033.645650959671	-139.6120039822777	-443.8112640792125	1020.985052170318	-391.4206987638494	-656.3786403260626	1023.878386700809	-214.5312709579189	-666.7027671549579	1002.431699143914	-259.6439218111763	-655.1481087633935	1027.156300874429	-305.5892050752733	-402.2486395546889	831.8810532680037	-51.42915877215643	-493.1316960984982	773.9838685064606	-45.57361586158279	-432.8049645612912	660.061601063427	-63.21202421537397	-346.6899274779257	564.4568802673659	-83.50361599216541	-361.1486705908633	471.0553540180498	-74.75329116642322	-404.6037205252461	366.415091606241	-74.69113978633735	-439.1126184968972	498.0801684655907	-92.809371921904	-483.915554674275	386.6254144626769	-98.32282415519887	-503.6404943014886	180.8382693347546	-114.2176450262711	-587.9700502591188	135.728920894021	-181.2354706073572	-437.6179079828141	63.42624769107267	-57.32619651414015	-308.5207428378729	52.391777369812	-130.5107389727004	-414.0708849738306	794.4871345577142	-406.983685629241	-424.6177915915016	667.4227603117321	-372.6361708276463	-504.6190621500589	795.764784993942	-461.6871285691726	-534.1688539105296	671.4781889344777	-418.3156768961731	-530.3249431495281	527.3122838972585	-374.699712282489	-514.7520600869672	414.9508652330416	-355.5438144867011	-601.4714422040233	436.2961676526038	-393.827396418898	-628.4287074556121	323.4066622136293	-381.7198432096385	-606.0748116924742	111.0962783210139	-339.4604224054862	-703.2311082801507	38.94290209583653	-303.2361853576283	-504.2105258609384	38.52450869978917	-357.7676728299687	-411.3206034561188	54.62490556043731	-250.9355419251104
0.11	-522.1283043306677	1533.029208025799	-94.26989187525345	-489.6599493336612	1546.744810018307	-434.2530379635254	-449.5835766411766	1493.358605390917	-234.4324965189894	-441.7477110192245	1494.600055274394	-283.5516337313928	-516.573610233702	1272.431160081898	-8.422793741572374	-575.0503040600236	1189.486128943957	21.99329475454376	-493.3949690314242	1065.5687027639	48.0587528328213	-451.1383668104212	951.4201643624026	62.54367289852955	-457.8231965108014	1325.283368658211	-525.6100697790664	-465.3528776509812	1203.034076757784	-558.9583717558328	-363.4462854020016	1102.040018766604	-546.7253790578486	-294.848217473654	1013.279399101064	-522.5127383701268	-435.1272044237395	1033.081960760759	-140.0705991314841	-432.7441486476754	1019.733393672208	-391.8688930304762	-644.5076296712793	1023.482028553153	-213.1474490852686	-655.0499516258456	1001.992055747356	-258.1589784658653	-643.7400398850948	1026.659987574329	-304.2093391976827	-388.3010843664208	831.9555726587635	-52.57161747623689	-479.0238544452441	773.8650744002045	-45.22282548003562	-418.5668655465815	660.0324506787065	-63.80449247074585	-332.1547075732327	564.3572697413128	-85.20308340141817	-341.7264732040611	470.0963608431131	-75.81634304900811	-378.5184568010318	363.1584655295644	-74.63962311422611	-421.2726397310373	491.9729845824149	-92.90080854952228	-459.0761042926439	378.0917437241363	-97.57014386459547	-465.8994738466532	171.1645922349573	-112.4807792857152	-547.2444900424384	119.8809992224945	-178.6131605137299	-391.8875200541996	59.0226057844917	-55.03089057589692	-262.6131478994735	56.1922698236708	-128.8269395461115	-405.973892667616	792.4461174031946	-406.9058307688388	-418.3478308370526	665.5998761316843	-372.3479242491529	-496.5743000612703	794.9198560135327	-461.563031932467	-528.0252346236316	671.18584789489	-417.9440483628265	-526.8615109246891	526.9669661576548	-374.6094300834616	-512.3456252612856	414.6196814230292	-355.4718173737724	-599.2432149614135	436.7784502233682	-393.3227061417566	-626.8927633927577	324.0148917977107	-381.1816553977291	-605.9563644170613	111.449109876019	-338.976365164479	-703.2493403016833	39.21910816269801	-303.0960872433067	-504.230858898309	38.53679829348408	-357.671388839046	-411.2247912813814	54.44201231394717	-250.9071743334773
0.12	-509.9715689191284	1531.680541906358	-94.04976105564724	-476.7206044446579	1545.928513407561	-433.9681605857846	-437.2014037492124	1492.150132847901	-234.1320603767338	-429.2139889370636	1493.486428539608	-283.2197458345371	-505.7492739003411	1271.219259023071	-7.933998263075384	-564.6926827393308	1188.553231543762	22.41823960956976	-483.7086285219508	1064.510696549573	49.3114498550929	-441.8579254415828	950.1842674614076	64.41778429252311	-443.6681872178752	1324.713857894616	-525.3471854810225	-449.9647422159573	1202.405793331041	-558.7904167747913	-346.0590855918773	1103.534139856988	-544.667171129691	-275.6353234572568	1016.821133122796	-519.0302922423579	-422.7309891322368	1032.170892887043	-140.4119445854266	-421.5778164241034	1018.268842021511	-392.2047235613185	-632.4918708741164	1022.885172715292	-211.7288165741911	-643.2570967310037	1001.386797086778	-256.6487882262827	-632.1745264162344	1025.990419882866	-302.7905220974168	-374.7817789800247	831.2830628331305	-53.73224327824363	-465.495899793683	773.2400426929705	-45.04021641685578	-405.2058101292845	659.3747597422589	-64.59281226285594	-318.5308835135967	563.4885715510227	-86.91875459814514	-323.0013252707359	468.7816577219858	-76.94109342328601	-352.6992134291478	359.9257851593193	-74.66922421344424	-403.8241974158445	485.222289857656	-93.06178936398886	-434.1945679066408	369.3311168775084	-96.91485813896014	-427.4987471067767	162.1374669720298	-110.8672965292891	-505.2371631924622	104.8413830110215	-176.1974076191661	-345.8429384669315	55.95816167982296	-52.83946649062769	-216.9510175458138	61.46733063949159	-127.0935182067851	-397.8623894083988	790.2799098547848	-406.8479567630936	-412.0188852519489	663.6644694340573	-372.1264396804559	-488.5363435878576	793.971932453157	-461.4327775365992	-521.7989758362244	670.7867409337052	-417.5483007819423	-523.2361919404901	526.5444588268068	-374.4803446909357	-509.7925942029594	414.2072406015799	-355.3801466067463	-596.8618209896819	437.2162639528445	-392.7836569085766	-625.2384553085185	324.5939537987689	-380.5983246169558	-605.8375793730713	111.7926480452536	-338.4712476117337	-703.2623685690633	39.48102284507812	-302.9416295625334	-504.2522253362085	38.52363441954839	-357.5754159558212	-411.1234464632649	54.25874370890399	-250.8889831398586
0.13	-497.7663409673518	1530.080745608134	-93.787299679733	-463.7575476411872	1544.808389599283	-433.6501247170884	-424.7792822600489	1490.663374602245	-233.8044674965529	-416.6652290398911	1492.093301061893	-282.8650451705311	-494.8044006484758	1269.752767567316	-7.427643167292374	-554.2067992621041	1187.353472986634	22.85896472096262	-473.8660240034048	1063.180517667819	50.53472385428124	-432.424746042304	948.6837785276614	66.22029516595902	-429.5293667858124	1323.831378552381	-524.9966531055135	-434.6435046272946	1201.486177239484	-558.5291030499579	-328.8680584486007	1104.739467137055	-542.4881199048216	-256.7003224067277	1020.093808970846	-515.447262429152	-410.1633215223839	1030.927007994431	-140.639188577328	-410.2945881409365	1016.600879499479	-392.4319107358325	-620.3134863700915	1022.098167074037	-210.3064916858496	-631.3045278000789	1000.633554483868	-255.1480892819543	-620.4256972711528	1025.170374693359	-301.3617764566259	-361.6975734971838	829.8698412734511	-54.87500010136556	-452.5537021809124	772.1108382702852	-45.02165361910637	-392.7290324041351	658.0918392071751	-65.5444008285827	-305.7860087883329	561.8681636428655	-88.60868665967608	-304.9868792688796	467.1680753311048	-78.10848063342431	-327.2418782575168	356.8205625955952	-74.786127881433	-386.743723195365	477.949871454128	-93.30474860445196	-409.3161134749498	360.5153388268569	-96.37940987477012	-388.606498466492	153.9805773885542	-109.4228759885939	-462.1606860730777	90.91410531448079	-174.0308770092021	-299.7103157143167	54.41199835050034	-50.83775764674724	-171.8072610935073	68.36692992822672	-125.425020808625	-389.7200168345461	787.9971554784518	-406.8379995293666	-405.609994464428	661.6233642977049	-371.9975813826339	-480.4953771484678	792.9306229215731	-461.301173538524	-515.4674820428445	670.2855769905276	-417.1349881629479	-519.4169356810826	526.0423705556196	-374.3153658702668	-507.0614663698974	413.7049414007898	-355.2754813062832	-594.2824830110595	437.5995403732896	-392.2202865042156	-623.4392499007807	325.1432157797434	-379.9720112191402	-605.7030140369029	112.1256935019929	-337.9495397125185	-703.2602571786795	39.73702342469942	-302.7683191156907	-504.2718335191394	38.48691442015403	-357.4782994452725	-411.0135268822257	54.07055910649797	-250.8782879559623
0.14	-485.5127959400348	1528.252726367332	-93.47744561998225	-450.7828046386077	1543.40815209834	-433.2925851543042	-412.3169471634729	1488.924888247972	-233.4440217750919	-404.1077496531709	1490.446974557887	-282.4849130544347	-483.7491961125818	1268.051624230566	-6.897279762920168	-543.6034497413776	1185.906336324187	23.31087023573588	-463.8666962491121	1061.592342444819	51.72325431549083	-422.8404283542475	946.9351369614908	67.94121498329611	-415.3979974993272	1322.659539310189	-524.5471470450268	-419.3776656815252	1200.293685815655	-558.1571475954158	-311.8653862366339	1105.659539852628	-540.1908978513653	-238.0492170502285	1023.076573112397	-511.7821389735926	-397.4154941738127	1029.367006707853	-140.7584282765231	-398.8805244129859	1014.739992807496	-392.55727198031	-607.9614679435776	1021.128683435201	-208.9087252100044	-619.1796062546823	999.7432486645423	-253.6871710770418	-608.4776524751265	1024.215422581913	-299.9501933883427	-349.0434136699246	827.7423681628815	-55.96130465086104	-440.1877889287832	770.4970200539105	-45.15484900128601	-381.1165875359343	656.2067331592694	-66.62086979760574	-293.8628744676716	559.5401474029125	-90.23090291479537	-287.6763687365298	465.3182979849697	-79.29835322066387	-302.2402266323285	353.9379831956286	-74.99659665735346	-370.002054697372	470.2982429182086	-93.62759454558582	-384.5036404278391	351.8171642283192	-95.97778922632949	-349.4472745199032	146.8836421661667	-108.1974926057555	-418.304035663204	78.35973723630403	-172.1566768640291	-253.7597892983848	54.50938723414718	-49.12567667818411	-127.4932642707414	76.97754405398058	-123.9629723039995	-381.5256590684568	785.6085210825488	-406.8973657291599	-399.0967228668069	659.4860071611357	-371.9764546581621	-472.4328468215427	791.8042248169221	-461.1709679593185	-509.0057056705432	669.6877696920391	-416.7090282567995	-515.3684407759449	525.4622820206675	-374.1152600469192	-504.1169292631417	413.1070579683272	-355.15860342643	-591.4553795776379	437.9217159041465	-391.6426592779964	-621.4620855100575	325.6644814422162	-379.3084083175568	-605.5354333464256	112.4510129252878	-337.4153740713093	-703.2326719550754	39.99950633020639	-302.5728808957674	-504.2872238277287	38.43226167866703	-357.378581883304	-410.8935670685714	53.8725336199794	-250.8689679104789
0.15	-473.2093797443374	1526.220762803013	-93.11391569083534	-437.8077877069679	1541.754751372079	-432.8901592273565	-399.8128619058341	1486.96501632021	-233.044438825006	-391.5451673439075	1488.577401801047	-282.0761770377535	-472.5931106625389	1266.136894631488	-6.337146923144521	-532.8918113349691	1184.233123339509	23.77076905398019	-453.7125611728371	1059.764164824145	52.87343177177279	-413.1071037846751	944.9573029354322	69.57399897118549	-401.268286425816	1321.225021332648	-523.9878061960335	-404.1613885673779	1198.850128042377	-557.6590827658628	-295.0448623685064	1106.301599599343	-537.7835165321706	-219.689931460739	1025.751977426777	-508.0557997260296	-384.4898450496189	1027.509618869881	-140.7780708427927	-387.3260085283824	1012.698373025346	-392.5901244006958	-595.4323679190196	1019.982333806228	-207.5584724202581	-606.8775948431751	998.7204424718105	-252.2893818691921	-596.3252475528573	1023.1336861502	-298.5786588826491	-336.7998616642719	824.9495060134284	-56.95223927753407	-428.3697473472619	768.4351043682666	-45.41913479079311	-370.3157104720393	653.7632272722485	-67.77805447808366	-282.6751898345949	556.5759522076319	-91.74710153572927	-271.0386983104295	463.2971513274963	-80.49256811296377	-277.7829307399372	351.3563379116108	-75.30860285594511	-353.5635227525061	462.4255662459384	-94.01398154462672	-359.8383287851232	343.4019419509149	-95.71484037319809	-310.3054386114699	140.9851816293382	-107.2433641835153	-374.036362657558	67.37393920922374	-170.6185734526679	-208.3084102031439	56.30087259503729	-47.81056032147934	-84.35336804974132	87.2967646052054	-122.8635499438711	-373.2524813109534	783.1264329611215	-407.0392761062791	-392.4497369754071	657.2640554117979	-372.0663444505601	-464.3203624594852	790.5990667390868	-461.0431859393964	-502.3850318991574	668.9991687410743	-416.2733576438951	-511.0535984158637	524.8095386478697	-373.8788518904375	-500.9219522473385	412.4108967676001	-355.0255716670638	-588.3294498617749	438.1803891959206	-391.0596070336093	-619.2696952812797	326.1620561188876	-378.6161322733298	-605.3171706197263	112.7759679975363	-336.8727628673145	-703.1696393352545	40.28481536051709	-302.3536958263821	-504.296428671458	38.36855875714961	-357.2752657865498	-410.7633155361203	53.6595373158944	-250.8520519214493
0.16	-460.8523681838711	1524.010048310324	-92.68943723853864	-424.8416831804618	1539.877779318851	-432.438056515714	-387.2639815680579	1484.816662883377	-232.5988888811239	-378.9768876106298	1486.517037300993	-281.6345445380633	-461.3430693584867	1264.030535495707	-5.742465807371767	-522.0778472403993	1182.356364372242	24.23687997027102	-443.4070534318951	1057.717068120792	53.98311444936742	-403.2269811491619	942.7711003743925	71.11520892276616	-387.1381148292751	1319.556851014239	-523.3085569117234	-388.9946405776724	1197.180190724132	-557.0220037608889	-278.4030470296726	1106.676148941957	-535.2791177090086	-201.6314911766819	1028.106629539205	-504.2908154580971	-371.3996571301923	1025.376192169028	-140.7077201848264	-375.6258325275448	1010.490791188382	-392.5413879999684	-582.7306572423774	1018.6641591415	-206.2716863084595	-594.4019645904077	997.5651503385789	-250.9695618487367	-583.9736853529158	1021.927168127174	-297.2641098030434	-324.9303081876869	821.5643330928724	-57.81076018061998	-417.0483180795328	765.9770485614533	-45.78636843060025	-360.2354569076458	650.8260191461725	-68.96733063557863	-272.1046874400068	553.073413117398	-93.12673073660778	-255.0170872606311	461.1678757671127	-81.67837814885029	-253.9519635749469	349.1295920275935	-75.73306033552379	-337.386359563346	454.4996511048648	-94.43683929723051	-335.4197852571106	335.4195676952226	-95.58709444196978	-271.5245967742694	136.3575622670431	-106.6117969723266	-329.8069547837795	58.07071139730171	-169.4598110994802	-163.7201790081031	59.74296711701112	-46.99879169659069	-42.75508288307247	99.21028638798688	-122.2825050667889	-364.8678466872713	780.5648340909083	-407.2676031600761	-385.633909138867	654.9707671356796	-372.2591466202575	-456.1198748363163	789.3194887788536	-460.9174830192519	-495.5723859931485	668.2257372993263	-415.8289216099167	-506.4348188981202	524.0924947472338	-373.6035721370027	-497.440035712418	411.6167417124527	-354.8693659959188	-584.8556210125444	438.3773560985742	-390.4782943462959	-616.8235017262109	326.6428695148369	-377.9063033788851	-605.0316797831642	113.1126844227297	-336.3262767835957	-703.0625734748121	40.61297329813777	-302.1112810102521	-504.2979230421199	38.30676877621367	-357.1682622593467	-410.6231074311002	53.42642265369678	-250.8167771838308
0.17	-448.4357754011461	1521.646445624383	-92.19606850489627	-411.8899035707916	1537.808985997387	-431.9315756120792	-374.6658744495626	1482.514008007593	-232.1000105167317	-366.3969174035835	1484.299713309631	-281.1539535357531	-450.0022628234428	1261.75549677804	-5.109624170452191	-511.1630875323634	1180.299288987218	24.70862580612365	-432.9540005591972	1055.474439086939	55.05125460730787	-393.2018227819009	940.3985506783499	72.56384378796119	-373.0093523170196	1317.685776815244	-522.5005612841371	-373.8828842168685	1195.310924914167	-556.23612284093	-261.94009834906	1106.796439198763	-532.6948246839521	-183.8830455739368	1030.131722155737	-500.5108188199404	-358.1671488737167	1022.992014169787	-140.5566218311227	-363.7787042322042	1008.135368104912	-392.4223576550983	-569.8685747861659	1017.180538599924	-205.0565290136622	-581.7638489467247	996.2754835168348	-249.7335882203111	-571.4370531430361	1020.594251038869	-296.0165644875262	-313.378253121586	817.6847962917448	-58.50385560149329	-406.1460046555344	763.1879090962105	-46.22310427231486	-350.7429236301316	647.4798217747287	-70.13867973650963	-262.0008199930464	549.1539525614144	-94.35070833452424	-239.5310257126466	458.9885463735941	-82.85131779937257	-230.8224928719406	347.2817595297726	-76.28426930557495	-321.4250204509809	446.6911751780907	-94.86463750727305	-311.3657964057693	327.9971425217531	-95.58514129436774	-233.5015750438663	132.9962322502697	-106.3491611491791	-286.1393954141474	50.4722714595282	-168.7203149146161	-120.4014382233873	64.68361271178161	-46.78638185865169	-3.074772973953557	112.4749534545347	-122.3593674106856	-356.3340753973573	777.9390913777165	-407.576312787734	-378.6083293408151	652.6203732839738	-372.5370984537618	-447.7852097239326	787.9684355802056	-460.7922974165745	-488.5299918864833	667.3732470325829	-415.3749997444833	-501.4750628100156	523.3213642195994	-373.2863612587421	-493.6371707993341	410.7277238430804	-354.6817944288384	-580.9893488911387	438.5182527609816	-389.9046545960866	-614.0867490938028	327.1167065914383	-377.1925189859796	-604.6650102293352	113.4777523796449	-335.7821485896411	-702.9054877338414	41.00716058858708	-301.8488418352451	-504.2903457713581	38.25809054900574	-357.0587654014636	-410.4732929997419	53.16830547657506	-250.751954757623
0.18	-435.9517903065318	1519.156466754626	-91.62554708739623	-398.9527775857176	1535.581936661317	-431.3655846354613	-362.013004475933	1480.091381569554	-231.5398816783697	-353.7933636847262	1481.959655153355	-280.626029289663	-438.5696654988224	1259.335941074609	-4.436271815552329	-500.1438643785031	1178.085338426665	25.18632204982475	-422.3564890352909	1053.061278359205	56.07748488078321	-383.0324865192218	937.8623045128609	73.92049599447842	-358.8876991724326	1315.643683045009	-521.5567941785555	-358.8365075682036	1193.271222624178	-555.2951188857259	-245.6602585547814	1106.677796593473	-530.0499952782357	-166.4534380824654	1031.823104143853	-496.7400288978697	-344.8200156079189	1020.388057201814	-140.3318847129136	-351.7861459779127	1005.654015471473	-392.2432000408899	-556.8652246392671	1015.540969936583	-203.913567180309	-568.9805427023375	994.850411738828	-248.5790410828608	-558.7359630007244	1019.132717991462	-294.8390391807099	-302.0654274071725	813.4323820694335	-59.00468078256323	-395.5573151755681	760.1428672158354	-46.69381725771829	-341.6626165611644	643.8270860143218	-71.24529084826017	-252.1837110924613	544.9575580273397	-95.4140435564658	-224.4815660658402	456.8087834272753	-84.01667094458021	-208.4638467444581	345.8035420390735	-76.97936544825232	-305.6343303650031	439.1663858124264	-95.26913043462312	-287.8113695282172	321.2328331375489	-95.69728271906416	-196.6740115143148	130.8151043181247	-106.4924626181137	-243.6183021124303	44.50705215785652	-168.432482129573	-78.79044901009441	70.85606929897754	-47.24934775555447	34.32089655799841	126.7119965759851	-123.2031591682993	-347.6099045027986	775.2661291635025	-407.9497140454274	-371.3273693706694	650.2277061600851	-372.875357825557	-439.2647797808468	786.5484721340951	-460.664770422369	-481.2160544999535	666.4471051280815	-414.9097783232202	-496.138575075331	522.506936255412	-372.9249088077694	-489.4833045497607	409.7496333127024	-354.4555205800226	-576.6925600091345	438.6120462646248	-389.3445454417388	-611.0272286305227	327.5962838269902	-376.491065007823	-604.2069167938041	113.8915722594827	-335.2496093211824	-702.6961660943123	41.49297311306825	-301.5728358753775	-504.2721419172536	38.23171371837095	-356.9495282373297	-410.3139251419025	52.88109257881995	-250.6475134546437
0.19	-423.3917839385894	1516.567490984679	-90.96961557714184	-386.0246312643518	1533.231784651429	-430.7341134124399	-349.2988662776334	1477.582555996355	-230.9099690547131	-341.1489913191444	1479.530806567182	-280.0398996311102	-427.0402019024082	1256.797372401326	-3.72134348655715	-489.0111216993628	1175.737815047807	25.67083169200762	-411.6160022117162	1050.503698417569	57.0617348123964	-372.7186213685274	935.185295476618	75.18652308753497	-344.7821314156553	1313.463037122496	-520.4727146493998	-343.8701163923434	1191.091341989453	-554.1963099715014	-229.5720450986481	1106.336763650385	-527.3645569456307	-149.3514625900792	1033.180757650782	-493.0029004191624	-331.3876996373606	1017.602527238271	-140.0368300967138	-339.6509261712283	1003.072457587376	-392.0113749060319	-543.7447525828125	1013.759252168426	-202.8369047344179	-556.0732122108377	993.2920378776316	-247.4968106819805	-545.894496201043	1017.542603945414	-293.7282798801721	-290.8915907708744	808.9481544193229	-59.29469765988792	-385.1497207416951	756.923820648724	-47.16457980459487	-332.780447335392	639.9840584905622	-72.24879353293724	-242.4505680228536	540.6354970858993	-96.32682594336669	-209.7592376602829	454.6668546003252	-85.18889001269859	-186.9406564388192	344.6515383831464	-77.83675408196601	-289.9746980201148	432.0796096619097	-95.63283005577145	-264.9063961324468	315.1914715477664	-95.91377389705073	-161.5012425773807	129.6496321979177	-107.0650481660556	-202.8677174186208	40.01670721361775	-168.6160485107744	-39.34061982507134	77.88443481926177	-48.43490327601408	69.09670113956993	141.4140651401856	-124.8815729027947	-338.6525481304053	772.5647822903911	-408.3636901371613	-363.7426712814965	647.8083080250844	-373.244890027953	-430.5050636821016	785.0630061059932	-460.5305619948228	-473.586358591435	665.4524184974446	-414.4310533081	-490.3914167009275	521.659399430192	-372.5191257496017	-484.9533440432753	408.690631476776	-354.1861119396939	-571.9349878334501	438.6705587192221	-388.8052624943382	-607.619101012704	328.0970588942628	-375.8211146904015	-603.6512906719222	114.3774938366595	-334.7421327502516	-702.4369979773383	42.09763999732395	-301.2933698094266	-504.2413600452034	38.23259410715724	-356.8450252475689	-410.1447524925264	52.56228382597395	-250.4960918595114
0.2	-410.7476875411359	1513.908139721047	-90.22030547070359	-373.0933940430303	1530.795079411508	-430.0301453195696	-336.5159921205928	1475.020581288766	-230.2010888814265	-328.4430141509309	1477.04655789019	-279.3825180761592	-415.4053267458352	1254.166628119369	-2.96502460121843	-477.7510338100776	1173.279894132805	26.16321091694774	-400.731941326153	1047.828603164734	58.00391259192102	-362.2585615043532	932.3907067663429	76.36338383929123	-330.704056735652	1311.17646211726	-519.2469539669396	-329.0017310252772	1188.802509904369	-552.9406767853098	-213.6881713839125	1105.790162182589	-524.657906557772	-132.5864030793173	1034.207818424531	-489.3237992272964	-317.8980837144333	1014.681725518623	-139.6698319808923	-327.3752359940638	1000.419874048198	-391.7303136443714	-530.5335743729386	1011.853839224801	-201.8160538995554	-543.0640862630393	991.6070525329983	-246.4733234971654	-532.936800742691	1015.828377043665	-292.6761061269532	-279.7368042206319	804.3859302060752	-59.36573680132285	-374.7680676789465	753.6156727567825	-47.60633398941893	-323.8533635947389	636.0750957052477	-73.12381201721644	-232.5856135929637	536.3411190001824	-97.11336463954686	-195.2533344078626	452.5872828294281	-86.38896170134564	-166.3131240130666	343.7503772094479	-78.8737007316734	-274.4171814886842	425.5658477760421	-95.95441698936742	-242.8111084817207	309.9024223190015	-96.23055343866358	-128.4389985270402	129.2684936247614	-108.0728479445694	-164.5211023107888	36.77215618997161	-169.2726800989619	-2.497596268472634	85.30267209296338	-50.35452850278996	100.9719614762552	155.968144256288	-127.4148300173057	-329.4202189101418	769.8562355307906	-408.7879432081243	-355.8057411047373	645.3790032950803	-373.615227996576	-421.454281016969	783.5175492108256	-460.3837224871385	-465.5965190419511	664.3943758787364	-413.9369251036732	-484.2018108365206	520.7874531423869	-372.0726401769963	-480.0277408755424	407.5608652209091	-353.8739440176342	-566.6947492095827	438.7081268891085	-388.2968793958589	-603.8436650076978	328.6369627848413	-375.2046613673838	-602.9956654904174	114.9608807292247	-334.278173326167	-702.1352406795214	42.84952630823022	-301.0241591914987	-504.1957516678299	38.2596784043924	-356.7514436421876	-409.9654387279413	52.21188453483281	-250.294512524552
0.21	-398.0133835203011	1511.208655193388	-89.3701890746699	-360.14083431505	1528.30952442483	-429.2456180638458	-323.656186667616	1472.438060741855	-229.4034081765712	-315.6537379812912	1474.539841188501	-278.6394001063395	-403.653790742131	1251.471814460594	-2.168669747435651	-466.3465137819862	1170.735162483032	26.6643500700215	-389.7014496983514	1045.06353762169	58.90367525748653	-351.6493978394338	929.5022600748218	77.45218990524363	-316.6662569945976	1308.816556937321	-517.8818813836741	-314.2518534436784	1186.436607847103	-551.532747251406	-198.0251826462815	1105.054246566877	-521.9484175199026	-116.168504125421	1034.909376804853	-485.7266757107019	-304.3744077946042	1011.680013823015	-139.2239514542824	-314.9588423345606	997.728314582668	-391.3987267042595	-517.2568217607947	1009.847420636332	-200.8381626458272	-529.9733721545099	989.8073562928394	-245.492962784415	-519.8837953405216	1014.000238335371	-291.6711006076785	-268.4668887214346	799.9028915460898	-59.22169827417733	-364.2426576707615	750.3024031634932	-47.99692720702565	-314.6247874264309	632.2254543514405	-73.86060165091322	-222.3735628530881	532.2195284581383	-97.80955928635191	-180.8612241904763	450.579293796329	-87.64031849639056	-146.6356166503854	342.998263560397	-80.10341671502439	-258.9472166800607	419.7337770857373	-96.25073426018588	-221.688473899375	305.3601140756743	-96.65129736433269	-97.90923976996633	129.393890889343	-109.5014529816944	-129.1839750082484	34.49771463876446	-170.3810618818185	31.32871255935474	92.5871649920882	-52.97981512009298	129.7426942590265	169.6942981279475	-130.7745244394806	-319.8747143220119	767.1643324255165	-409.1890838480554	-347.4707512509805	642.9586225575077	-373.9568894212173	-412.0656766180738	781.9208935990234	-460.2167523741443	-457.2045016765159	663.2789775526473	-413.4263433633923	-477.5401559238933	519.8978157343206	-371.5940140048806	-474.6924899238089	406.3720381411325	-353.5257033397971	-560.9579883208638	438.7414330179626	-387.8328859244173	-599.6889562586268	329.2361702601115	-374.6657842401432	-602.2397621448438	115.66825011464	-333.8810033093672	-701.8025264672494	43.77828788774963	-300.7817757823626	-504.1331892993779	38.30494950538498	-356.6764035997811	-409.7759130694731	51.83317913619054	-250.0448655456867
0.22	-385.1858053530042	1508.501151254015	-88.41260715736979	-347.1435386475368	1525.81366419294	-428.3715921540411	-310.7111871704805	1469.867632146481	-228.5065370428636	-302.7611862235569	1472.043497497322	-277.7955214234992	-391.7724763218936	1248.742277791377	-1.334667365307478	-454.7793178093637	1168.128580595273	27.17464560961676	-378.5194471018139	1042.236742120698	59.7603079749306	-340.8871326013611	926.5447250762327	78.45345049320809	-302.6816588214382	1306.416042587162	-516.3838519932144	-299.642322371483	1184.025980541499	-549.9803387033361	-182.6027833858587	1104.144133612459	-519.2533639709676	-100.1092984706658	1035.291286544608	-482.2347550471062	-290.8320719532163	1008.658766015965	-138.6876112657414	-302.3975493492607	995.0321113112363	-391.0108064937916	-503.9344270404891	1007.766037518238	-199.890107811621	-516.8161630859147	987.910058120777	-244.5402288521468	-506.7503722234442	1012.074583928759	-290.7003263774536	-256.9423133507686	795.6484742967955	-58.87945968652112	-353.4006819318492	747.063091569926	-48.3214466910062	-304.8449876966262	628.5531127727479	-74.46505439847485	-211.6163477637257	528.3972264717954	-98.45877186556768	-166.4967063578125	448.6368422361651	-88.96416639291215	-127.9532724825574	342.2763150194721	-81.53207048837604	-243.566331269072	414.6597539215676	-96.55470773028678	-201.6928331338256	301.52734908724	-97.1869505965123	-70.26705444808917	129.7290749961958	-111.3144944846764	-97.39149201266255	32.90132140987238	-171.8933856553687	61.79523764631208	99.20061953368037	-56.24172588823389	155.3003821311457	181.8977482098361	-134.8869903155864	-309.9833988209134	764.5156041622247	-409.5342020199373	-338.6970667792302	640.5684628141042	-374.2434317385869	-402.2999306552045	780.2860920746779	-460.0209205164107	-448.3729684490492	662.1140090121617	-412.8994170313408	-470.3785444414693	518.9951715247951	-371.097333619979	-468.9382033512962	405.1370042960216	-353.1552529266745	-554.717455602256	438.7894628520616	-387.4297898916012	-595.1480788683272	329.9168725612464	-374.2288953094621	-601.3832155761688	116.5266685594549	-333.5774193985933	-701.45338324725	44.9159712197341	-300.5840336092847	-504.0523358070035	38.35358343841742	-356.6283294277241	-409.5768802719273	51.43321243507707	-249.7547837934426
0.23	-372.2655471558535	1505.819652194384	-87.34185843829962	-334.074790086599	1523.34656863086	-427.3985591650529	-297.6735430174464	1467.342456190981	-227.4997962611335	-289.7490007559679	1469.590796732719	-276.836217328983	-379.7472972852185	1246.008642172477	-0.466220351694913	-443.032197646507	1165.487501739133	27.69378785946093	-367.1789033882136	1039.37740524751	60.5727177186124	-329.9668395902215	923.5444712033443	79.36697276512284	-288.7620435627913	1304.008222723408	-514.76297683959	-285.1949474979163	1181.603447100978	-548.2941465530984	-167.4428431068591	1103.073711555661	-516.5890486096982	-84.42178795784179	1035.359206066978	-478.870238308534	-277.2754959917501	1005.68425152504	-138.0465029339252	-289.6823562007908	992.3674649900928	-390.5573844093881	-490.5774716144841	1005.638185718933	-198.9599877068345	-503.5996930982989	985.937143733138	-243.6012619985291	-493.5433636335227	1010.073840576866	-289.7507338726662	-245.0298473829664	791.7528203628101	-58.36859064368741	-342.0801539147615	743.9682432536839	-48.57095948674059	-294.2944427402057	625.1605216433113	-74.95611285452112	-200.1519863332741	524.9729848259187	-99.10650164325538	-152.096890770688	446.741116595499	-90.37505960945833	-110.2968307172035	341.4614616899777	-83.15612909975098	-228.2917730158379	410.3836801119121	-96.90928321792003	-182.9548391977399	298.3411009999082	-97.85240575841279	-45.76738141147324	129.9900487637911	-113.4539616113101	-69.56452727373649	31.70764543079464	-173.7342783969264	88.65708764393536	104.6427572146068	-60.03359642602863	177.6451067898458	191.9294196927584	-139.6402240740036	-299.7199797144901	761.9390078368717	-409.7944366741486	-329.4508572265488	638.2322450243178	-374.4532339704957	-392.1263887629176	778.6311223260893	-459.786814126088	-439.0708799889826	660.9099751849737	-412.3574993582993	-462.6898039935169	518.0825526227022	-370.601914263924	-462.7580041617585	403.8694065461436	-352.7837613018178	-547.9699627504885	438.8734438185982	-387.1056150884945	-590.2164486013802	330.7031214575564	-373.9160399713614	-600.4226255626265	117.5635417994822	-333.3953526388649	-701.1025247425658	46.29926122451421	-300.447611028492	-503.953377265449	38.38533808333095	-356.6154858108906	-409.3705581706658	51.02290839562563	-249.4365659973443
0.24	-359.2568269106255	1503.199874999987	-86.15334451486345	-320.9074255864765	1520.947603538212	-426.3168999081598	-284.5374274007466	1464.896625908916	-226.3727365993492	-276.6055645913455	1467.215974319521	-275.7480836645084	-367.564200403156	1243.302883964321	0.4330074183061225	-431.0906195553937	1162.842344136614	28.22076288558642	-355.6714453796935	1036.516022016168	61.33954334980477	-318.8828166510698	920.5299173413707	80.19189912183587	-274.916975114434	1301.627645803992	-513.0324001283211	-270.9300611914124	1179.202559805055	-546.4871583412571	-152.5681235715909	1101.856145998528	-513.9709489273123	-69.12046009945182	1035.118081983478	-475.6540382957638	-263.6957560264931	1002.82459855002	-137.2867490375859	-276.7996060946299	989.7721985987828	-390.0278758589548	-477.1854593803866	1003.494337686374	-198.037690124854	-490.3213580080594	983.9151445749862	-242.6645010536933	-480.2604936029378	1008.025979354637	-288.8100154464618	-232.615456410487	788.316376049308	-57.72965779283513	-330.1448346031998	741.076903078697	-48.74028327499971	-282.8072831010059	622.1274423273983	-75.36126667325429	-187.8732026268093	522.0113283649337	-99.79415783803699	-137.6271243003478	444.8659242051362	-91.87735080589016	-93.67646302526595	340.4417156994482	-84.96031709982356	-213.1542512139872	406.9075714487418	-97.35823869377907	-165.5643228665083	295.7201264699809	-98.66065364488833	-24.53582125739707	129.9370710876763	-115.8427685206779	-45.9690602951292	30.68949969558145	-175.803329698054	111.7949913827633	108.5010820708321	-64.21778642046525	196.8909214226638	199.2480357576617	-144.8929958357318	-289.063893025891	759.465440674017	-409.9480415892132	-319.7051435682414	635.9755895923067	-374.5711201198552	-381.5230606266455	776.9791162164853	-459.5050116439174	-429.2737445647368	659.6806321733227	-411.8031516438555	-454.4460908147448	517.1620360918058	-370.1311344629795	-456.1442773756825	402.583327903653	-352.4391711001491	-540.7128268232484	439.0165923444405	-386.8774951088519	-584.8883111239636	331.6208758800145	-373.7437203603193	-599.3479811746	118.806795642417	-333.3607117855643	-700.7607674918315	47.97297422399082	-300.3852945428989	-503.8384760468282	38.37706788142255	-356.6448171254193	-409.1614793802743	50.6166474975123	-249.1052900072854
0.25	-346.1667429691022	1500.678753371517	-84.84370081846458	-307.6174906952606	1518.656304809766	-425.1175232727279	-271.2993087793057	1462.565494531915	-225.1159200955129	-263.3247387167241	1464.954673575421	-274.5199185728422	-355.2102885217886	1240.65839728875	1.359422247375485	-418.9438638108703	1160.226717791199	28.75410608882221	-343.9882697381638	1033.684745402745	62.05938235045831	-307.6287164537516	917.5318428577184	80.92686782345775	-261.1532297726293	1299.310789211428	-511.2072016877809	-256.8652096917347	1176.858062525529	-544.5738642161418	-138.0008859133279	1100.504893568376	-511.4137690295874	-54.22114534851318	1034.572214747478	-472.6056385077338	-250.0700043557747	1000.146219460565	-136.3989708040897	-263.7322726755687	987.2855052571515	-389.4126584331576	-463.7450720963423	1001.367150623473	-197.1144503736783	-476.9679428419586	981.8751404415966	-241.7204213705505	-466.8905288853714	1005.964040690974	-287.866854000978	-219.6164763854805	785.4023529672902	-57.01116718594839	-317.4980719202941	738.4350697671956	-48.82566338488115	-270.2911770239819	619.506098018465	-75.71105129939102	-174.7419133524355	519.5399598803739	-100.5524611449507	-123.0830651078526	442.9853515104113	-93.46283356389254	-78.07585560476019	339.1316138332917	-86.91633722563355	-198.1937845749653	404.1974698017684	-97.9355200723825	-149.5544198842916	293.5736728333969	-99.61554524928113	-6.549102510618948	129.4008347704787	-118.3892639294792	-26.68490449638995	29.69213151452819	-177.9821900431588	131.2336923437163	110.4935623917464	-68.63543573864342	213.261330425963	203.4753210532783	-150.4844940127686	-277.9985223787014	757.1271147054306	-409.9825109446242	-309.4379433663032	633.8251723913463	-374.5898873186356	-370.4755645473426	775.3580678951203	-459.1667502976357	-418.9621525755467	658.4428306847195	-411.2401725445236	-445.6167410009174	516.2353745536426	-369.7107735158615	-449.0846305871999	401.2929503747574	-352.1552193983783	-532.9396010037409	439.2436038046282	-386.7588314038137	-579.1527631682131	332.6981843496571	-373.7198237633702	-598.1385168109649	120.2853053741319	-333.4940513762228	-700.4295291861285	49.99462218856443	-300.4034639881863	-503.7116055094056	38.30616894375103	-356.7208179454976	-408.9569829564437	50.23103754804036	-248.7765829004402
0.26	-333.003949466687	1498.293726872584	-83.41096713451806	-294.1882118783308	1516.512295905018	-423.7927090066226	-257.9584911550135	1460.385900984881	-223.7219008327257	-249.906472714075	1462.844179198156	-273.1437287120491	-342.6750360369629	1238.1099833632	2.31020217855502	-406.5855582475378	1157.677038809631	29.29236026248718	-332.1211305163469	1030.917622495729	62.73109120897716	-296.1976184318412	914.5835586950016	81.57025869230699	-247.4747495420894	1297.096555827655	-509.3030882217305	-243.0141716332141	1174.606392760249	-542.5692728838314	-123.7616030684217	1099.034975949259	-508.9314210154903	-39.74070846979689	1033.725948901308	-469.7431403998217	-236.3634779797171	997.7102197065337	-135.3824737697798	-250.4623573063935	984.9475069253263	-388.7053972133108	-450.2308262631584	999.2923697347827	-196.1816060868931	-463.5164795771964	979.8532782379338	-240.7604903275682	-453.4147459489612	1003.925896681862	-286.9106706379828	-205.9908895905023	783.0336477068397	-56.26547607423545	-304.0932771213379	736.0757830228463	-48.8231122828907	-256.7398073899756	617.3196750468667	-76.03334784009388	-160.7950440567126	517.552030410666	-101.3955505197493	-108.488582174048	441.0821529382174	-95.10963436915978	-63.44786793415519	337.4850573378463	-88.98238052605855	-183.4533968456291	402.1891270870879	-98.65529368804609	-134.890926879345	291.8108928270002	-100.7049611480284	8.369463676807705	128.2983679429053	-120.9930296781545	-11.59046185729299	28.64539829834717	-180.1461779441787	147.1463329291466	110.4951547245172	-73.11841245645175	227.0732960335853	204.4352972850411	-156.2430898885473	-266.5086652680615	754.9568854609631	-409.8954420346667	-298.6287037459474	631.8077478031	-374.5116685758717	-358.9752429846478	773.7999814433249	-458.7644940343819	-408.1187110758035	657.2155329596297	-410.6739076086413	-436.165028617335	515.3040728770192	-369.3674127847478	-441.5576024258709	400.0122780440464	-351.9702371243254	-524.6354447952897	439.5799209073975	-386.7566729196576	-572.9893288438985	333.9652291573295	-373.8412508774354	-596.7582378697384	122.0294220410657	-333.8077770495656	-700.0939711446991	52.43944231450757	-300.5005285988229	-503.5776374986068	38.15485146488078	-356.8446756776009	-408.7671441301779	49.88278571881024	-248.4647371341351
0.27	-319.7770175022688	1496.081828866223	-81.85486407418949	-280.6136320023807	1514.555135957608	-422.3371353788867	-244.517427004844	1458.396111617304	-222.1863382685212	-236.3571661713723	1460.923233199831	-271.615807143505	-329.9514692471915	1235.693646283537	3.284057527366016	-394.0137035236759	1155.231742319203	29.8346596442636	-320.0631082560468	1028.25056846261	63.3540812533039	-284.5820467826346	911.720864172511	82.12047445039325	-233.8829745901105	1295.026353871375	-507.3350666494254	-229.3863916858118	1172.48598724248	-540.4878406094783	-109.8679389140958	1097.464249101974	-506.5370536955301	-25.69654346814948	1032.584934030294	-467.0834793650392	-222.5341775518135	995.5693123640256	-134.2485362573721	-236.9741644999864	982.7985554547997	-387.9047938105426	-436.6078674960212	997.3101030290816	-195.2290056606631	-449.9369643987079	977.8916093548405	-239.7756988974562	-439.8096674188988	1001.954211746438	-285.9310507726166	-191.741622289072	781.1952600399039	-55.54418351677602	-289.9389698998146	734.0209297767141	-48.7277321187151	-242.2346540194326	615.5647300545954	-76.34806596656901	-146.1385606519089	516.0132094611396	-102.3172813168379	-93.88864541509919	439.154945829988	-96.78247757620774	-49.7128203881304	335.5030290968369	-91.10349743591726	-168.9708505946892	400.7974249612681	-99.50484628384129	-121.469926362352	290.3505915226697	-101.8961529105379	20.53629889607858	126.6354206570258	-123.551229327306	-0.3691994528443434	27.56091342790029	-182.178449954673	159.8418682440624	108.5425889497026	-77.50220520378244	238.7101494367329	202.1698274272132	-161.9938995366119	-254.5777944077456	752.9876209696024	-409.6939657769992	-287.253730402768	629.9491773521654	-374.3489211942239	-347.0166372595548	772.3394498681964	-458.2923701594017	-396.723933270524	656.0180356313471	-410.1119729935365	-426.0441559407461	514.3687633989306	-369.1273426974168	-433.5286571531689	398.7549435982124	-351.9258230171035	-515.772434793053	440.0507840385578	-386.8699715871942	-566.3632993103716	335.4540126563367	-374.0929137689275	-595.15162417279	124.07155236273	-334.3044825258914	-699.7151457826767	55.40490076007538	-300.6669047126281	-503.4407302754483	37.91516995306768	-357.0138703993754	-408.6041277727577	49.58585839182707	-248.1814845190827
0.28	-306.4927751869686	1494.078620531403	-80.1772475900313	-266.9011784673226	1512.823922296791	-420.7490015947096	-230.9817218032041	1456.635138831778	-220.5091955896799	-222.6895474596072	1459.231176788594	-269.9378107879744	-317.0370665715542	1233.446069668414	4.281827423804675	-381.2301488077142	1152.930185271742	30.38136160833396	-307.8089545382531	1025.720936186999	63.92857549343255	-272.7739961433852	908.981665440393	82.57623627647625	-220.3775588708428	1293.143529340184	-505.3163603946807	-215.9868677245689	1170.537145932805	-538.3425162294437	-96.33405787750496	1095.814439792622	-504.2431860241885	-12.10584958429092	1031.157791577283	-464.6427415820669	-208.5394526500303	993.7656266611316	-133.0218832161806	-223.2580290822449	980.8782964753977	-387.0153402294513	-422.8367936492624	995.4657848448799	-194.2436551265942	-436.1967163979768	976.0385851760902	-238.7551991055832	-426.0508267533572	1000.096244657315	-284.9170839202613	-176.9147680945053	779.8421983078395	-54.89343853676383	-275.0969401995503	732.2843873331951	-48.53381773145738	-226.934300058252	614.2172722983735	-76.66268087817224	-130.9299866291771	514.8722468866805	-103.2909686894121	-79.33811063039094	437.2225026069902	-98.43471644028021	-36.76023319679262	333.2346154547733	-93.21325592942109	-154.7698539982214	399.9285128573414	-100.4418134948963	-109.124983882949	289.1301576258525	-103.1343344456253	30.37563934928004	124.495176031528	-125.9648095777247	7.459940342016665	26.51450971660582	-183.9831782969054	169.7359062555362	104.8167889872347	-81.6382173907146	248.5865730506508	196.9264555131628	-167.5661516459022	-242.1857935064705	751.2516364967246	-409.3928157995529	-275.2817190011443	628.2735141898997	-374.1247948189343	-334.5946406870393	771.0116871796208	-457.7465209801856	-384.7519747632762	654.8676402611962	-409.5653656374495	-415.1935805979668	513.4281866115743	-369.0161092180784	-424.9469340021643	397.5340073427371	-352.065297498085	-506.3051300770915	440.679990442687	-387.0891902486596	-559.2213926401531	337.1976155399309	-374.4486868064755	-593.2402266052152	126.4468000053859	-334.9766604584758	-699.2219486828744	59.01347491919636	-300.8867837795314	-503.3020770502466	37.59452185013019	-357.2223142699622	-408.4810119531722	49.34831137881335	-247.9354058976554
0.29	-293.1549193920781	1492.317020647843	-78.38276134540857	-253.0724671269786	1511.356433349639	-419.0310815979055	-217.3599333285353	1455.141165432184	-218.695902465981	-208.9220236963308	1457.806282963979	-268.1176654558892	-303.9341007223185	1231.403702576836	5.306668439845128	-368.2395438217691	1150.81133851269	30.93463411544492	-295.3549014439578	1023.36664065894	64.45583544578699	-260.7649904451981	906.4051765856677	82.93690061313077	-206.9575628390554	1291.491973184666	-503.2578474965898	-202.8165457667428	1168.80125688946	-536.1441326425612	-83.17026576199446	1094.111751748795	-502.0618771299419	1.015304400847789	1029.457882489633	-462.4364905480437	-194.3432365687771	992.3295718174134	-131.739763362041	-209.313911023986	979.2244806380204	-386.0469101962577	-408.8799081455176	993.8099009321122	-193.2091751960502	-422.2656891640467	974.3482867041263	-237.685588570499	-412.1170997990575	998.4028908022988	-283.8569150820048	-161.5924040686875	778.911559168188	-54.34943868192424	-259.6732520568665	730.8757390878411	-48.23523648716655	-211.0519388767077	613.2413652031315	-76.96911002973613	-115.3532778412707	514.0726506437479	-104.2729859397867	-64.88930450219658	435.3239291036415	-100.0124743526625	-24.45478623136574	330.7707867460864	-95.23752702823987	-140.8533324805874	399.4924936447463	-101.3963594764321	-97.64360579191487	288.1116773641284	-104.344891245262	38.37293571436157	122.0162839124271	-128.1442576351217	12.49144641925927	25.61787365868805	-185.4942599849584	177.3089231711576	99.60813691352513	-85.40388476449357	257.1106710970002	189.1210589122652	-172.8017199462908	-229.3078208514014	749.7801042878752	-409.0114282532052	-262.670661090538	626.8021570743197	-373.8726781407312	-321.7019241274008	769.8501113894663	-457.1254865398535	-372.1673458751457	653.7772015984656	-409.049745538898	-403.5369589238181	512.4782312464779	-369.0585252181118	-415.7432416059538	396.3616637509326	-352.4317095462667	-496.16693158001	441.4883374692871	-387.3974775518874	-551.4884874578347	339.2289528482989	-374.8744116925476	-590.9208577014023	129.1935179485023	-335.8076385639746	-698.5039855080281	63.41250730409081	-301.1414561068233	-503.1570602084642	37.22098867631575	-357.4609861110054	-408.41004660821	49.1693040264815	-247.7318103193239
0.3	-279.7632160600384	1490.826057432422	-76.47960117670017	-239.1619651632929	1510.187655943521	-417.1914977352271	-203.6633506816619	1453.949083421829	-216.7582523503103	-195.0776527533278	1456.683335282988	-266.1700983911234	-290.649194599509	1229.601436641145	6.363678027367886	-355.0480324975335	1148.912378008453	31.49892260711338	-282.6979490024706	1021.224894787315	64.9383321000238	-248.5460819332949	904.0306847630816	83.20280080072877	-193.6229869800909	1290.11384659093	-501.1681779560083	-189.873212157975	1167.319228831303	-533.9013288901457	-70.38291230576331	1092.386848091949	-500.0048437663894	13.65308380850727	1027.504764554723	-460.4799634878227	-179.922628246489	991.2797036951984	-130.4484957346212	-195.1541647373509	977.8714272727551	-385.0133250054116	-394.7078958480042	992.3956340230138	-192.1064838333012	-408.1218719655228	972.8775867106631	-236.5512149674636	-397.9950215644345	996.9263284912882	-282.7378052590146	-145.8819211424858	778.3363555573517	-53.93451401389113	-243.8034417659047	729.8035456006819	-47.82565897553924	-194.82469079895	612.5983642873961	-77.24253999750522	-99.59193124270266	513.5627919295723	-105.2096373876555	-50.58217186279057	433.5142144570597	-101.4607069746707	-12.64716281431939	328.2312958126131	-97.10100307035756	-127.2014647223066	399.4139185496523	-102.2781342460076	-86.79126076032554	287.2833676789186	-105.4391753860684	45.02041728991143	119.3653076139552	-130.0152305575988	15.37006725568263	24.98599724171342	-186.6780078403309	183.0586099857559	93.27382155722859	-88.70942851216543	264.6483583160489	179.2844223912444	-177.5650089993864	-215.914780422188	748.6022575199829	-408.5707491127026	-249.367176888741	625.5531441966657	-373.634774139774	-308.3274073997316	768.8836854646618	-456.430744766936	-358.9236934537249	652.7530494403345	-408.5864941470758	-390.982696083462	511.5114090618833	-369.2787655169468	-405.8298523200837	395.2489101901148	-353.0651616549101	-485.2681274795342	442.4918734320663	-387.7733386573781	-543.0663686599376	341.5790187462054	-375.3324850869076	-588.0658363560153	132.353338674387	-336.7734171553293	-697.4065509392383	68.77013562161846	-301.4135099197812	-502.99190539294	36.84771039324981	-357.7189153800265	-408.400218121182	49.03688378787407	-247.5729288948094
0.31	-266.3135462314056	1489.629528538655	-74.48022002879948	-225.2137276676557	1509.347674312732	-415.2440088467554	-189.9058132515447	1453.087428047759	-214.7148070785195	-181.1829612718356	1455.890657332021	-264.116639934163	-277.1920025765585	1228.070894258557	7.458925360009233	-341.6620736120697	1147.267211664987	32.08128567448298	-269.8348375868424	1019.330608740286	65.37981506735008	-236.107630120343	901.8958925901743	83.37559662236134	-180.3762662678788	1289.046543672946	-499.0545250854157	-177.1527126875315	1166.129066626187	-531.6210840850115	-57.9744631006153	1090.673987594745	-498.0835170268983	25.79710208229734	1025.324967920673	-458.7879754446437	-165.2727328070313	990.6234341383511	-129.1978344012974	-180.8048309674365	976.8480623972337	-383.9302519623627	-380.3058221868362	991.2741448399635	-190.9158211940902	-393.7560578681289	971.6809625205242	-235.3356113629641	-383.6825684461543	995.7159061486359	-281.5468943724798	-129.9038337143266	778.0580722223502	-53.65456643250421	-227.6347833232116	729.0770825587689	-47.29852032860595	-178.480694850816	612.2546456833549	-77.44293592287345	-83.80615399179555	513.3023427434676	-106.0459930593053	-36.43999656793251	431.855690260342	-102.7303487559876	-1.189686678194006	325.7463258930202	-98.73594818033652	-113.7760015688421	399.6377553517349	-102.9871381711522	-76.33973004604799	286.6557202174889	-106.323519747014	50.76409815344911	116.7094050576924	-131.5244494258463	16.72702717697262	24.70819227922967	-187.5306621752984	187.4545152112148	86.19686085547285	-91.50077998086493	271.4947711490507	168.0048977310249	-181.7526250787331	-201.9756505973791	747.7442317354752	-408.0905362782706	-235.3088203279052	624.5407041573569	-373.4596397056908	-294.4564823367909	768.1342900122288	-455.6674514023698	-344.9653754177381	651.7937193242184	-408.2030310974555	-377.4276823968836	510.5170672705129	-369.7001196612432	-395.1026491212857	394.2052937887088	-353.9993583042685	-473.4966867627994	443.7001922792051	-388.1944391448997	-533.8355156449163	344.2747846097955	-375.7872154851152	-584.5255535059758	135.9701481101639	-337.8450910501106	-695.7289290970456	75.26674315224304	-301.6909653100142	-502.7799969428469	36.55551154922767	-357.9843337287931	-408.4539596464857	48.92709745940619	-247.4583978431959
0.32	-252.7988362689377	1488.744555190548	-72.401753272382	-211.2769625558566	1508.859062568803	-413.2076987889651	-176.1034803941454	1452.575138080167	-212.5906777519752	-167.2667616887896	1455.446950455156	-261.9850235452738	-263.5732477737699	1226.838400402371	8.598026284888363	-328.0876474209709	1145.904874927277	32.69161250560676	-256.761032327994	1017.714479081481	65.7852871904672	-223.4387782933602	900.0349148898874	83.45859319467282	-167.223371661423	1288.319219678634	-496.9237697884446	-164.6502645194911	1165.26271839941	-529.309798160017	-45.94371759336343	1089.009149351371	-496.3090944781104	37.4416854973713	1022.951887271111	-457.3744486090842	-150.4090414467848	990.3583346173584	-128.0339706172781	-166.3050965100265	976.1755777496293	-382.8128846728351	-365.6775968212595	990.4881056757482	-189.6198538008273	-379.1754446112122	970.8034649571591	-234.023878426962	-369.1920033645121	994.8124305498218	-280.2726913041517	-113.7797603501783	778.035039190554	-53.49867107242345	-211.3093506344533	728.7056962143424	-46.64685260931189	-162.210816660428	612.1860016248063	-77.51978464866019	-68.11858728325967	513.2640581848893	-106.7349606944629	-22.47185763961101	430.4072161508411	-103.7852509340644	10.04533461316009	323.4363877460214	-100.0915072703026	-100.5304133232831	400.1296556296193	-103.4270540784566	-66.09486605319991	286.2532880710694	-106.9106524577208	55.96214228660708	114.1943788494958	-132.6454262711595	17.12638624356919	24.82903192089594	-188.0728880998371	190.9024296568909	78.75331425545943	-93.75900963647985	277.8567865675121	155.8771429140452	-185.3005519264234	-187.4615785609877	747.2275261331389	-407.5877806323807	-220.4294072858247	623.775151389953	-373.398779156804	-280.0733435961808	767.6144240026811	-454.8452742959163	-330.2320460294371	650.8898213047785	-407.9318918583753	-362.7643619020095	509.4825444213352	-370.3440919150436	-383.4460408338816	393.2388098768529	-355.2575285829501	-460.7227020309588	445.1150569226847	-388.6418082153155	-523.6603977010225	347.3367862792259	-376.2099131792689	-580.1336279421811	140.0876972737485	-338.9915065169329	-693.2272327516472	83.08191613565799	-301.9703616007287	-502.4780793240692	36.45308056851843	-358.2458336885445	-408.5628951931162	48.80486558607397	-247.3861454589771
0.33	-239.2106400291813	1488.180115373818	-70.26593057054866	-197.401406066627	1508.73411699342	-411.1061217387506	-162.2744463983941	1452.418685010101	-210.4166483985191	-153.3590074200478	1455.358479355576	-259.8080294353888	-249.8026904965489	1225.922797824198	9.784590061124186	-314.3298954551003	1144.847727929094	33.3426648089482	-243.4699929907401	1016.400892994262	66.16092892308518	-210.5267087644002	898.4761184024269	83.45696304637994	-154.174365073192	1287.949404772427	-494.7838556056928	-152.3617124210231	1164.742580911358	-526.9747007317962	-34.28620306358412	1087.427243543886	-494.6926448250401	48.58708521753538	1020.424746397529	-456.2516224357379	-135.3671133691526	990.4736032679139	-126.9923764476746	-151.704995856074	975.8649551615339	-381.6738577087095	-350.8483660207683	990.0649510587029	-188.2072652557338	-364.4056215304099	970.2731801027086	-232.6055348264054	-354.5514321729364	994.2416433267252	-278.9071363019128	-97.62242004407587	778.2446594636186	-53.44105514439602	-194.9515190888156	728.6955694771415	-45.8632863627805	-146.1510022658721	612.3777790599486	-77.41997164075474	-52.61122877207154	513.4310683275369	-107.2446806157362	-8.680738431536437	429.2138013737806	-104.6074009169539	21.14891313506894	321.3952638518251	-101.1413607756014	-87.42345569877116	400.8708855010906	-103.519219301515	-55.91804876948769	286.1041659991673	-107.1321754004087	60.86229375101117	111.9311744097871	-133.3824621787803	17.02874828862866	25.34210413253964	-188.3432931040778	193.7231407455723	71.28974539507021	-95.497162823183	283.8494863856192	143.4615548796632	-188.1874188572726	-172.3512075601244	747.0672983782782	-407.07644261286	-204.6669808902698	623.2631866015265	-373.5025275915518	-265.1652320002243	767.3255953065022	-453.979072646595	-314.6659414348957	650.0252810810784	-407.8082858281358	-346.890909065081	508.3952270359093	-371.2286836776465	-370.7406760646487	392.356085041336	-356.8481646011505	-446.8070102426881	446.7296848046998	-389.1033341183731	-512.3978057917774	350.7762400507952	-376.5826378960926	-574.7148391888871	144.7459020483033	-340.1817480035119	-689.622844703063	92.37742557270199	-302.257931665198	-502.0226252496432	36.67406223139326	-358.4934258880912	-408.7026059835595	48.62690347477781	-247.3538444210228
0.34	-225.5409861486345	1487.935793721978	-68.0983230319444	-183.6333841136835	1508.972446933183	-408.9661272236797	-148.4382085763824	1452.610222856969	-208.2277089761877	-139.4897373292944	1455.617241736855	-257.6219069741974	-235.8876415750342	1225.333395921525	11.01896333348018	-300.3930669540925	1144.109531797553	34.0498189540273	-229.9528919221882	1015.405946461024	66.51397850932216	-197.3558885603228	897.2400981245665	83.3777850415722	-141.2434545112653	1287.940313005391	-492.6450500060488	-140.2846677279227	1164.578267792384	-524.625269475252	-22.99474883531474	1085.958840244116	-493.2452744481278	59.24043456568806	1017.786706707422	-455.4290989234586	-120.19974121974	990.9511582465854	-126.0918692113297	-137.0617524194369	975.9148601414324	-380.5218117908418	-335.8644481887279	990.0116384680108	-186.6760778250514	-349.490589794468	970.0950653158303	-231.0771844493762	-339.804765066891	994.0082346668466	-277.4479182756306	-81.52948293243333	778.6791661632278	-53.44488952881537	-178.6624377914214	729.0445897473664	-44.94068672403874	-130.3789547467987	612.8210556645388	-77.09777901520962	-37.33370336487992	513.7908846826563	-107.5625227327066	4.92571548085246	428.2991970689444	-105.1990584618245	32.16490502926914	319.6798727722777	-101.8875876217733	-74.43254843734434	401.8498066005038	-103.2152005126635	-45.73713571142997	286.2297370390435	-106.9502128781389	65.60083758061776	109.9911617325554	-133.770954869203	16.77479608391078	26.19544918880721	-188.3920629506416	196.1465188886557	64.10938578352813	-96.75550484244468	289.5066737986045	131.2543529690166	-190.4337484419246	-156.6363947999379	747.2709628636529	-406.5682256631518	-187.9735402751089	623.0086878870427	-373.8155505139523	-249.7278257449694	767.257872540318	-453.0890946795587	-298.2210007924387	649.1800762617131	-407.8662425735888	-329.7238131422513	507.2452900070787	-372.3658187303507	-356.8734128136994	391.5631367006068	-358.7613513666258	-431.6138727885111	448.5290639348356	-389.5755650303802	-499.9073655254135	354.5919024338664	-376.8999088714726	-568.0956712852944	149.9761993187214	-341.3870998113235	-684.6170577135892	103.2773349373709	-302.5681667775489	-501.3266804421956	37.37056051368876	-358.7194216492416	-408.8265638287426	48.3468100068221	-247.3610340616322
0.35	-211.784145233941	1488.001082270752	-65.92697215835088	-170.0131090434251	1509.559507824113	-406.8166367922655	-134.6151479273508	1453.12736103805	-206.0611664655108	-125.6882159476657	1456.200675072987	-255.464534757823	-221.8323484513716	1225.068479513161	12.29758835855233	-286.2805570078026	1143.693699975868	34.83040845204019	-216.1988537123559	1014.735948536989	66.85250929002709	-183.9075912727926	896.3381402124317	83.2298275525234	-128.4486845835239	1288.279390161042	-490.5208659712348	-128.419459187155	1164.76432019453	-522.2743328173032	-12.06020739942463	1084.627030794665	-491.9782809387988	69.41614217693962	1015.082343114767	-454.9129332748256	-104.9720615076513	991.7660439469657	-125.3311441731172	-122.4353401571423	976.310600461175	-379.360941883514	-320.7905168325457	990.3123116868915	-185.0359741452689	-334.4906405620063	970.2479287804545	-229.4444002179115	-325.0099067869538	994.0919848433692	-275.9005948235254	-65.58225615691713	779.3363844971276	-53.46692390190204	-162.5219994479374	729.7368237904366	-43.8739479523832	-114.9251988470956	613.5062535565903	-76.52513261620744	-22.31964484532843	514.3281834552574	-107.6948835092894	18.3255329849644	427.6627366352901	-105.5811459434195	43.08785120349422	318.3080518505595	-102.3593991212387	-61.56349969669779	403.0527520402555	-102.5059543272517	-35.54624694002759	286.6370218385942	-106.3659497220551	70.21919290685562	108.4082695562774	-133.8729436330865	16.58674628489433	27.30469899723533	-188.2749980834366	198.3186517809615	57.46382306023916	-97.59580107630373	294.8018602669117	119.6667478696158	-192.0975416922871	-140.3274407142917	747.8376545256128	-406.0738564821612	-170.3252033694678	623.0140842093026	-374.3723585452061	-233.7706442607988	767.3910729117613	-452.2003969770305	-280.8725123799194	648.3343977876789	-408.1338881863979	-311.2112394719056	506.029106253955	-373.7581950676836	-341.7484941015987	390.8670212340205	-360.966746279652	-415.0265155359072	450.4915725603616	-390.0636262818693	-486.0634524095366	358.7675341735361	-377.1682351577552	-560.1168399385257	155.7966007872756	-342.5822487682945	-677.9116856123186	115.8470075079575	-302.9193305039495	-500.2775300279676	38.70286483204465	-358.9190397674946	-408.8595714427331	47.92223584986014	-247.4118915661646
0.36	-197.9381441997206	1488.355556514137	-63.78065253347341	-156.5734003901088	1510.466558627197	-404.6875507759894	-120.8262205026168	1453.934835009406	-203.9545614527728	-111.9822921061566	1457.073207963364	-253.3734666264176	-207.6382687068284	1225.114836396726	13.61304145512142	-271.9948982621769	1143.592189883782	35.70263470780255	-202.1956435429487	1014.386739266052	67.18503054349458	-170.1600216561657	895.7714932603728	83.02304806995076	-115.8113498195635	1288.938461879334	-488.428450413668	-116.7697435159041	1165.279417704355	-519.9386156159666	-1.472273367701053	1083.445049947264	-490.9031517734618	79.13537974569776	1012.354840029169	-454.7050183541726	-89.7553363157428	992.8863012518113	-124.6885651378033	-107.8839419634826	977.0247740142634	-378.191641040081	-305.704125175727	990.9293845852237	-183.3090549158303	-319.4781664699452	970.685507858256	-227.7224275860253	-310.2351770817668	994.4473354705128	-274.2799713687816	-49.8486848503472	780.2083370213743	-53.46210871062478	-146.5964431127063	730.7385184986201	-42.66310391348361	-99.7945562838304	614.4162592165242	-75.69968602105544	-7.604846214366235	515.0187619147118	-107.663449125764	31.47669861829315	427.2802227722183	-105.7883437973137	53.86803040072177	317.2625907462918	-102.6069888993321	-48.85464211929262	404.4570617923536	-101.4259560108054	-25.39711949821112	287.3149703062787	-105.4230251618479	74.69018349921413	107.185093103732	-133.768495183049	16.58292951739165	28.56916919425826	-188.0480339812042	200.3175644570858	51.54741164195788	-98.09474761082694	299.673819992695	109.0123992995875	-193.2662974447469	-123.4569825057864	748.7589313367946	-405.6043666917062	-151.7311892751304	623.2823204429453	-375.1933178591352	-217.321282806386	767.6978046727984	-451.3413222974629	-262.6257712168025	647.4738690860297	-408.6287270588482	-291.3446049527168	504.753443310542	-375.3964093395567	-325.2985516467607	390.2784484531083	-363.4142260720379	-396.963218365313	452.5919616960431	-390.5797646889555	-470.7675598337782	363.2710029595584	-377.4036463745676	-550.646658708544	162.207209502993	-343.7456240780266	-669.2342047964889	130.0733384221491	-303.3260382626698	-498.7356008974166	40.82573550115021	-359.0906186018802	-408.6911991245893	47.32371082248818	-247.5184552935486
0.37	-184.0060076743139	1488.970155136568	-61.68710717851248	-143.3397523062605	1511.652300592808	-402.6088223674363	-107.0928593444031	1454.987875740789	-201.9436329614846	-98.39785096492045	1458.189581592201	-251.3840209632045	-193.3050820780426	1225.44862170064	14.95459369497157	-257.5377420826502	1143.78551338352	36.68406261051923	-187.930585387238	1014.344080884266	67.51989349594979	-156.0892918275493	895.5316537080084	82.76784363281735	-103.3551748948029	1289.875621339482	-486.388355517443	-105.3425843788091	1166.087378143031	-517.6386221807004	8.779679943376582	1082.41520956016	-490.0312837292396	88.42443160563485	1009.643276976283	-454.8029607000399	-74.62035485691965	994.2728173993369	-124.1253115110148	-93.45994481968492	978.0198594905389	-377.01200243525	-290.6883448752137	991.8077232318128	-181.5287250779703	-304.5318385487121	971.3415385129608	-225.9355373517266	-295.5541547542909	995.0069494835532	-272.610204429929	-34.38870125794521	781.2710957515508	-53.38774498920964	-130.947960876633	731.9973259841408	-41.31718833100511	-84.99097557008929	615.5212089796064	-74.64847495837321	6.759678466676075	515.8265110198784	-107.4997132764548	44.31628150312625	427.107859733144	-105.8623047371794	64.42090737072323	316.4989472170753	-102.6923003873011	-36.37545071608471	406.0279606998969	-100.0514661021506	-15.38598529875649	288.2347787540467	-104.2047189770891	78.94622470436178	106.3004198366115	-133.5448490200128	16.79990686280362	29.88711715682715	-187.7625301049152	202.1724589097955	46.49320499146845	-98.33653080941443	304.0512675610809	99.50305042514296	-194.0456293679866	-106.0816604654313	750.0207373258902	-405.1719968371664	-132.2399627848645	623.8192177692468	-376.2817294577054	-200.4274474556288	768.148080901659	-450.5410694156861	-243.5222057941825	646.5950651195935	-409.3539445490808	-270.1658258217465	503.4400513751327	-377.2575068079382	-307.4938782879906	389.8150280984563	-366.037671190219	-377.3911851204235	454.8055382231923	-391.1409427658674	-453.9598167153922	368.055798694849	-377.6276096628351	-539.593458342188	169.1868500791011	-344.8589237663078	-658.3646379353215	145.8488135839634	-303.7899585973996	-496.5349901724836	43.87229849867444	-359.2354716769997	-408.1697452390468	46.54421579358838	-247.7038994937649
0.38	-169.9967387794671	1489.809615824156	-59.6715346150358	-130.3314574041507	1513.066138707654	-400.6096391020343	-93.43679539907131	1456.236733035257	-200.0605404700299	-84.95819611742252	1459.499430545491	-249.5275803862926	-178.8321694825723	1226.037614329198	16.3090104538366	-242.9099120940278	1144.244156719617	37.78977774489611	-173.3915492208237	1014.585269824554	67.86454863249199	-141.6712410945407	895.6017172774054	82.47415745177869	-91.10536285842038	1291.038748954502	-484.4237289287356	-94.1479287106234	1167.139949673755	-515.3978897129991	18.7058386904992	1081.529497786471	-489.3733771870933	97.31197899091867	1006.980381555035	-455.2004793555127	-59.63141233800774	995.8797459637667	-123.5912606631551	-79.20692165567763	979.2524889321136	-375.8196781882958	-275.8237837374025	992.8810962880402	-179.7367118448183	-289.7299472586222	972.1379193225583	-224.1150663257578	-281.0394185814996	995.6889674776361	-270.9232842425383	-19.25919825944698	782.4789411837928	-53.20705299545101	-115.642476108632	733.4455569657887	-39.85770517094643	-70.53782449467226	616.7766273717399	-73.425949985762	20.70361107040958	516.7040162051798	-107.2395772773925	56.76356699312251	427.0881580206894	-105.8447100715502	74.63841626494866	315.9546411098758	-102.6791208214944	-24.22095582309625	407.7194294373297	-98.49300440514605	-5.638840623014705	289.3532951436725	-102.8250585493826	82.90455177274715	105.7165587877395	-133.2855645574686	17.21726997285436	31.16791599829715	-187.4617356100726	203.8824096679116	42.37078519784167	-98.40494216784184	307.8731984041553	91.25183951114136	-194.5456827710427	-88.2808732474675	751.6063104677662	-404.7904055289669	-111.9411380532516	624.6357428116661	-377.6226114650166	-183.1560290619502	768.7147231515355	-449.8265907069804	-223.6415515395398	645.7102105408969	-410.296629942348	-247.7686654361273	502.1295226747047	-379.305792333894	-288.348410663025	389.5043419988959	-368.7614646568371	-356.3357027966654	457.1130815008007	-391.765465995783	-435.6281707060689	373.0652988035779	-377.8620766052564	-526.9147454091782	176.6912338280412	-345.9060192014553	-645.1605874690755	162.9620811725468	-304.2906696143648	-493.4857321671045	47.93736157338266	-359.357744218076	-407.0972133432271	45.60799820122739	-248.0052905886985
0.39	-155.9259605858561	1490.835859732273	-57.75547389124286	-117.5632842939283	1514.6526546302	-398.7176027604952	-79.87949064740758	1457.631702272674	-198.3324436095444	-71.68329049542179	1460.952333344374	-247.830221800566	-164.2201242096608	1226.844628621347	17.66126578082171	-228.111533650706	1144.931376391329	39.03037756952976	-158.5680320580137	1015.081885747992	68.22471841460126	-126.8838240475477	895.9586969129136	82.15059084462953	-79.08763193092781	1292.370280218597	-482.5590260737978	-83.19762682904948	1168.381176342274	-513.2417619552697	28.31529053552163	1080.771845265916	-488.9385323327555	105.8258536479417	1004.39119459552	-455.8882166502633	-44.84161210675565	997.6559390402455	-123.0324248771405	-65.15777971085731	980.6786881718053	-374.6135691163303	-261.1812673233809	994.0798601087617	-177.9785664982247	-275.1438259343694	972.9946976188128	-222.2963916804128	-266.755997572087	996.4070335551304	-269.2559195450445	-4.51630737262828	783.764732235443	-52.89218082664813	-100.7528707166185	735.0070280160641	-38.32047432833946	-56.48765652306155	618.1256914596117	-72.1068385973187	34.14167378189613	517.5962209745737	-106.9190414691699	68.72576100012469	427.1568277830988	-105.7715348394597	84.40073055062123	315.5590927893988	-102.6245470886836	-12.50337342183276	409.4779461982019	-96.88284166095032	3.703793761977986	290.6180427689439	-101.4149693069538	86.48729721943971	105.3858121958026	-133.0615076203716	17.78142266113987	32.34019809494208	-187.1787350838104	205.4321184365785	39.18716636276458	-98.37611342237535	311.1031669617776	84.28305642521246	-194.8679691167741	-70.15260621972585	753.4994851705102	-404.4738979021555	-90.9623117628046	625.7495074339413	-379.1837095178582	-165.589104818218	769.3786077302864	-449.2192033497607	-203.0991416542603	644.849882736562	-411.4284152479439	-224.2937806704633	500.8830599336025	-381.4960208250495	-267.9212058792648	389.3856655751657	-371.5084596275644	-333.8827673011068	459.5055583643225	-392.4686630902478	-415.813638014624	378.2392656776819	-378.1247284289715	-512.6209077474064	184.6528904834924	-346.8714759529964	-629.5769347795756	181.0974964913461	-304.7792173536935	-489.3775094739216	53.06252329515312	-359.4648219187141	-405.2258777801279	44.57667020231371	-248.4751596481308
0.4	-141.8160251083752	1492.011855650624	-55.95612507451901	-105.0471102487863	1516.356626521332	-396.9577840170269	-66.44121863803912	1459.127987541539	-196.7804337684055	-58.58892567074101	1462.502547406569	-246.31171205524	-149.4718693568256	1227.831598398027	18.99494045535598	-213.1422486867085	1145.807024652172	40.41004258592297	-143.4523711726816	1015.803310598413	68.60355276875612	-111.7096931262294	896.5765661187863	81.80365948641969	-67.32723263071908	1293.812599572435	-480.8183854879401	-72.50424400537509	1169.752907482863	-511.1959072948214	37.61544350007633	1080.121666776949	-488.7331359818456	113.9900774106701	1001.893039528597	-456.8548082983424	-30.28996077892953	999.5475567579812	-122.3984863746038	-51.33402539605931	982.2591056504779	-373.3949453869847	-246.816160675361	995.3388231538916	-176.2983492617669	-260.8320921957019	973.840465669414	-220.5152926237388	-252.7555011724778	997.0817917169911	-267.6452708097902	9.78580157967021	785.0466872563483	-52.42665939526932	-86.35655964456291	736.6060071128794	-36.75488901735898	-42.91949612648007	619.5052321921776	-70.77566584360208	46.98291094162992	518.4460180199843	-106.5711060967656	80.10533061515076	427.2496605567476	-105.6692425457955	93.58815172391768	315.2428991349851	-102.5731095959874	-1.341862909208302	411.2475014778133	-95.35893849850112	12.50232486236996	291.9725375977933	-100.1054433705875	89.63558142298409	105.256029804131	-132.9248467001559	18.42570482243259	33.3558930792162	-186.9359284740859	206.8036552523114	36.8920222750784	-98.31308742634232	313.7368383393355	78.54677488509174	-195.095647747404	-51.80697170480982	755.6877563316555	-404.2355747360454	-69.46085190292725	627.184912491661	-380.9188587773789	-147.817748032664	770.1329687488524	-448.7314020053766	-182.0383297614991	644.0629302229455	-412.7084245808813	-199.9180731631644	499.7810916962361	-383.7782915899612	-246.3130103088887	389.5091535134403	-374.2077522316783	-310.1743694454798	461.9873221527179	-393.2582621368773	-394.6101262250955	383.5208974553529	-378.4254495424412	-496.7723307570448	192.9829548552179	-347.7389227899357	-611.6773766306239	199.8452171925726	-305.1767265767601	-483.9843527960198	59.22556574700469	-359.5686392138182	-402.257380937078	43.55058505110824	-249.181130132428
0.41	-127.6954006516173	1493.305349267118	-54.28608719127773	-92.79300497008384	1518.127862276274	-395.3515812274412	-53.14010228136937	1460.689699643614	-195.4187973120274	-45.68598683419788	1464.112817926118	-244.984861373602	-134.593253834703	1228.963710200357	20.29231280101238	-198.0016044915958	1146.83184209751	41.92495385300697	-128.0409528927478	1016.720463514224	69.00087131253477	-96.13861239066048	897.4296479274882	81.43729979829223	-55.84781650289018	1295.3133179738	-479.2238657066817	-62.07982321962741	1171.200761637252	-509.2848110319928	46.61153679312018	1079.558020069596	-488.7597056392373	121.8228286735957	999.49689264797	-458.0880238081979	-16.00047448637902	1001.501646795496	-121.6491000079221	-37.74600042692747	983.9632313437623	-372.167782229023	-232.7648681253959	996.6043230571299	-174.7334268551568	-246.8361945558631	974.6217428417378	-218.8043163767982	-239.071708918072	997.6523028977622	-266.124313926211	23.59858626886396	786.2399071683956	-51.80719058200276	-72.52830502665583	738.1762762704868	-35.22007548444978	-29.92622651297847	620.8540306928793	-69.51527210179721	59.14111967576635	519.2006265430078	-106.2235363019706	90.80860516134898	427.3085557471342	-105.5530789808068	102.0930397950802	314.9455128696384	-102.5540940092233	9.149100020978924	412.9746396940594	-94.04739081198082	20.63310403222104	293.3612372532134	-99.01042908737989	92.31741187026029	105.2753407582871	-132.9064724420541	19.08528777302495	34.19062421180919	-186.7457914947135	207.9839700457698	35.38783329238943	-98.26285542004862	315.8029445271175	73.93680582516453	-195.2889395250566	-33.35834110994946	758.1645157331154	-404.0847536563715	-47.61165274801725	628.9717155401038	-382.7731974367327	-129.9351022777709	770.9860600081712	-448.3645158321319	-160.6190816892947	643.4134173979476	-414.0878676072276	-174.8398353893782	498.9183685702058	-386.103327052687	-223.658535092956	389.9318985970277	-376.8006365479364	-285.3970760313728	464.5765470704677	-394.1307132246196	-372.1582178361023	388.8622039322539	-378.7646672484465	-479.4703326743014	201.5746430046042	-348.489602608277	-591.6356942983209	218.7219453186342	-305.3795493000293	-477.0701860482839	66.33611641209308	-359.6876751541852	-397.8459209998774	42.66400160625678	-250.2026899885923
0.42	-113.5972844369923	1494.691846439721	-52.75346058561706	-80.80943670902366	1519.925192010416	-393.9154415391586	-39.99129641112577	1462.292375709186	-194.2546245540084	-32.98000665162596	1465.756831926639	-243.8552595698484	-119.5932796781112	1230.212945159035	21.53439497395967	-182.6897093811796	1147.971535682193	43.56232680477343	-112.3352093507795	1017.809161117434	69.41264449745999	-80.16933908456318	898.4958456875499	81.05270106262148	-44.67010920925838	1296.829712003449	-477.7937983259185	-51.93468848911505	1172.679640616631	-507.5304170184835	55.30635592220205	1079.06362555587	-489.0159561030373	129.335598904084	997.2098516863859	-459.5757464947752	-1.983204753437633	1003.47014170054	-120.7581404970421	-24.39394823051926	985.7718706998073	-370.9383466988104	-219.0435945277068	997.839724444088	-173.310312881071	-233.1776048004104	975.3100789241296	-217.1897921918497	-225.7180110353884	998.0856722803946	-264.7177627797043	36.88334972836786	787.2694922778498	-51.04433925664925	-59.33101108033323	739.6685202471838	-33.77817710002361	-17.59766712986031	622.1214141683956	-68.39637816110289	70.54399250907395	519.8177503404413	-105.8971415162983	100.7551149756279	427.2862778172888	-105.4273174997357	109.831296656485	314.6205595327722	-102.5818698194382	18.87208016683749	414.612908279338	-93.04594888229791	28.00168629798372	294.7340039074292	-98.21237117662092	94.52981647288914	105.3960491174738	-133.0165162205826	19.70645578140889	34.84129046146182	-186.6124647968202	208.9686166429432	34.54419280300041	-98.25564863680391	317.358647964082	70.31033764326577	-195.4851767126466	-14.91702920154142	760.9299969451165	-404.0245190945963	-25.59270879624906	631.142245564543	-384.6891558543318	-112.0298680747205	771.9613605019437	-448.1080319775565	-139.0044762438284	642.9749814057905	-415.5153166633893	-149.2619809895081	498.3960696545039	-388.4266592085979	-200.1157119900109	390.7113658175	-379.243559869506	-259.7659895573761	467.3022471741546	-395.0697127453774	-348.6338221545043	394.2260984267072	-379.1336565287538	-460.8435671818626	210.3077560756636	-349.1016340664492	-569.7253478833748	237.2008517004922	-305.2711035850937	-468.3956489237379	74.23847609239324	-359.8488156838837	-391.6077867284378	42.07346934558927	-251.6241992949371
0.43	-99.5575378994281	1496.156377758532	-51.36223103620562	-69.10248999124128	1521.719135735616	-392.6596357477302	-27.00626411426664	1463.923699089828	-193.2878050259511	-20.47119081562628	1467.420067287023	-242.9214765936388	-104.4841459096472	1231.560500983567	22.70126395020967	-167.2082164100264	1149.199985833287	45.30031232263499	-96.34233072453689	1019.052594286756	69.83086953646141	-63.81064934749914	899.7591626980116	80.6484992291587	-33.81054766797201	1298.331753324062	-476.5415145625249	-42.07647300650697	1174.157884942507	-505.9510243103521	63.70034406619706	1078.628049784401	-489.4944382854453	136.5335927687686	995.0380838903249	-461.306613665087	11.76328143625791	1005.413578348696	-119.7156871111141	-11.26971675724516	987.6776007385293	-369.7143129232862	-205.6490859955651	999.0287586932787	-172.0422580624472	-219.8568719688903	975.905916768675	-215.68997988361	-212.6868069714875	998.3832299122121	-263.4393861008525	49.61445694534141	788.0816875178323	-50.16143060149103	-46.8076505355035	741.0548461887645	-32.48600653808369	-6.005111472105291	623.2741891915181	-67.46966526940281	81.14000298426652	520.2705183436079	-105.6044994389646	109.8865238806303	427.1498512538471	-105.2871635463648	116.7520457197409	314.238573036426	-102.6583149496191	27.7583204821239	416.1263917658257	-92.41128651441704	34.55271983573594	296.0499135936365	-97.75279659210418	96.29637530402661	105.5775478766316	-133.2471732961128	20.2509827771005	35.32185577230629	-186.5337443878078	209.762599862448	34.21417948248451	-98.30587843342437	318.4811344449693	67.50727695892343	-195.7017417456379	3.418350555398167	763.9907295981828	-404.0503643577551	-3.570802012090532	633.7278067076763	-386.6119179485195	-94.18075416121201	773.0947041988411	-447.9412458531451	-117.3471576262103	642.8234871850996	-416.9417221294606	-123.3761708189138	498.3121524210563	-390.7107441997221	-175.8533776806731	391.8976444411514	-381.5077393115164	-233.5069782839596	470.1981558399814	-396.0475351185622	-324.2337965834706	399.5848327611591	-379.5164248378363	-441.0321392112406	219.0529929157548	-349.5505197607938	-546.2968551209776	254.7478793160103	-304.7390844024716	-457.7269698368518	82.72117399116114	-360.0879169498198	-383.1398276822061	41.93990679567806	-253.5237996795215
0.44	-85.61212997514873	1497.693813286099	-50.11284310865828	-57.67430867926267	1523.492967788544	-391.5873456159491	-14.19213388092861	1465.582453116168	-192.5114684410224	-8.154969158143668	1469.099043412734	-242.1757821582303	-89.28122047618976	1232.997795941325	23.7729547753525	-151.5616387772799	1150.501125910188	47.10891456755476	-80.07569819690158	1020.44256306746	70.24393260171678	-47.08133953460356	901.211053127167	80.22131296269559	-23.28014299769633	1299.803403149635	-475.4746439198972	-32.50962252356673	1175.619398036105	-504.5604919352855	71.79228959946154	1078.249581671091	-490.1830627286475	143.4173112268713	992.9895167679276	-463.2702535545055	25.24864708247945	1007.303907887405	-118.5279731058981	1.641258055896042	989.6833806447221	-368.5037634181424	-192.5608611692688	1000.176322950845	-170.9289264338864	-206.8545823621008	976.4386098926545	-214.3145660185144	-199.9508625161111	998.5819491082589	-262.2912423425483	61.78099134662224	788.6504280217794	-49.19128649512565	-34.97629879191899	742.3299180716563	-31.38706288072873	4.809061906521677	624.3004428362032	-66.76132699854988	90.90277793340528	520.5502445557554	-105.3493690179004	118.1735590017499	426.8824996182431	-105.1219465225162	122.8436206111342	313.7873503255628	-102.7760683492027	35.77640645044902	417.4919268252967	-92.15227202176175	40.27512200528784	297.2798659482905	-97.62928558355571	97.66176180262657	105.7880968832137	-133.5769554521233	20.69690613346262	35.6583128357273	-186.5031729297357	210.3794003675311	34.25021096386844	-98.41431073854875	319.2576112328902	65.36711512060046	-195.9403933693875	21.56671042997574	767.3576498194877	-404.1504248155907	18.31051022266231	636.7549742172029	-388.4932891002248	-76.45226847983565	774.4286292321342	-447.8371284880078	-95.7777263398457	643.0292376429888	-418.3244296334127	-97.35048352869359	498.7515067703477	-392.9248866662156	-151.0388184883916	393.5261646008636	-383.5761390055116	-206.8400216795005	473.2946350956054	-397.0288818543799	-299.1608489277918	404.9153753931492	-379.8925473048033	-420.1717531700529	227.6746895831034	-349.8111108186048	-521.7438363034443	270.8604335595121	-303.6953947908964	-444.8475036775947	91.53157107221838	-360.4479702887083	-372.0484406411349	42.40584853548809	-255.959173920639
0.45	-71.79434234747212	1499.307760633074	-49.00287302012443	-46.5212776337199	1525.24209921426	-390.6943091352282	-1.551278861476916	1467.276055465024	-191.912893273982	3.977163042833912	1470.79927067824	-241.6052986988606	-74.00297726118028	1234.526002569138	24.73098511580074	-135.7587990062386	1151.869299627645	48.95190003782832	-63.55493324523711	1021.979296894431	70.63745501336248	-30.0092048680121	902.8503831740978	79.76654780022946	-13.08375532687868	1301.242122736038	-474.5950771039313	-23.23548485424085	1177.063458219015	-503.3677674160361	79.58056827258426	1077.935605282516	-491.0665322839632	149.9850148247844	991.0756464846469	-465.4571239139163	38.4874210316121	1009.125914476394	-117.2156988632123	14.35811294865119	991.7997682382777	-367.3143372557724	-179.7444252037052	1001.306557708878	-169.958068378766	-194.1341134936617	976.962387776869	-213.0654317620847	-187.4665125998965	998.7503676400593	-261.2649233944346	73.38710341233849	788.9784122655752	-48.1713882337439	-23.82872325310129	743.508883636313	-30.50581839900432	14.8358216533974	625.2095958036763	-66.27256070382369	99.83276032330971	520.6663999767909	-105.1271324753071	125.6194285376258	426.483953692345	-104.9190544407071	128.1344492649769	313.270280192462	-102.921617827059	42.93578034748633	418.6995734694682	-92.23055166787628	45.20179383113233	298.4073995891476	-97.79899696744752	98.68482095009762	106.0054402425557	-133.9756340007585	21.0370069721824	35.88355058498652	-186.5120202902512	210.8390599939331	34.51722371968819	-98.57127973078455	319.775665110377	63.74163302674484	-196.1921970449623	39.4676944480989	771.0432217233556	-404.3071398305817	39.93901452808754	640.2424538892501	-390.2934926053118	-58.89226936086494	776.0053547445839	-447.7673279444492	-74.39668965851594	643.6500785666484	-419.629754281007	-71.32232009034672	499.77752396161	-395.043594415035	-125.8265072192307	395.6121835047253	-385.4392347675567	-179.9658344638291	476.6102884633086	-397.9762500747375	-273.6095330387014	410.1927570424156	-380.2403645680318	-398.3800152493674	236.0312117134025	-349.8608772080062	-496.4609611668214	285.1035041301118	-302.0950365494394	-429.5720783668291	100.3929505809837	-360.9742203677118	-357.9878993039459	43.57038192369095	-258.9525536366388
0.46	-58.13208954772018	1501.008285750016	-48.02771276871991	-35.63250907293562	1526.971914053549	-389.9691813021948	10.91880196593282	1469.017250377422	-191.474786226983	15.93687683426374	1472.532343443397	-241.1933809630772	-58.67080349796883	1236.154237953349	25.56037394606064	-119.813973352764	1153.308118459224	50.78950438258472	-46.80541246035192	1023.669911785444	70.99555109192377	-12.62909964430598	904.6820606670772	79.27938083074372	-3.219815351734175	1302.656803486665	-473.8995472947599	-14.25286794876528	1178.502380909592	-502.3767210486689	87.06461140049922	1077.701444956728	-492.1282614217552	156.2354999699007	989.3120770014007	-467.8579820148868	51.49615633427018	1010.876953190802	-115.8110881692882	26.9030895705116	994.0413074990632	-366.1526324758119	-167.1551160413485	1002.458287383353	-169.1087577000918	-181.6459268392496	977.5485250417619	-211.9383812370256	-175.1783971731979	998.9790728838352	-260.3444736970545	84.45157475172522	789.0934311670219	-47.13886828615511	-13.3319703684176	744.6228703207819	-29.84537075391742	24.09888435577047	626.0290862768086	-65.98282073927533	107.9559985295179	520.6438743832921	-104.9264026870211	132.2589056254697	425.969050321292	-104.6677608813638	132.6885904732545	312.703094839311	-103.077843837841	49.28414728159003	419.7512740190646	-92.56842644824587	49.4038473300198	299.4276219163627	-98.18785155184551	99.43137892871478	106.2163929751798	-134.4092592261601	21.27602487371347	36.03261892728975	-186.5509850561513	211.1659146889779	34.90189546714036	-98.76058092142452	320.1153951187576	62.50279815069545	-196.4425362309098	57.0821265734924	775.0579663718952	-404.4997383479841	61.23729944685079	644.1988571647967	-391.9811104181109	-41.53148742282627	777.8601691294891	-447.7068023269773	-53.2709844347948	644.7264343432291	-420.8339913152165	-45.39693460817831	501.4264627102158	-397.0443063827531	-100.3491876529583	398.1478988472503	-387.0910887191106	-153.0569923228072	480.1449302867915	-398.8554970651277	-247.7546387693881	415.3825851953625	-380.5401329208108	-375.7468052765408	243.9735032236224	-349.6842189558305	-470.7999723666579	297.1380058274203	-299.9495827268805	-411.7636611785362	109.0213421655283	-361.7064533041584	-340.7030824797354	45.46565299708904	-262.4784042537997
0.47	-44.64575148246036	1502.808818897706	-47.18119131875838	-24.98904389751546	1528.69443001158	-389.394617310411	23.22535858498239	1470.820564781446	-191.1767516884038	27.73848286649516	1474.312583844655	-240.9210118394333	-43.30844710642432	1237.896699685273	26.25186380632475	-103.7472858028293	1154.828015861193	52.58162238466048	-29.85722898219628	1025.525798481473	71.3023741639272	5.019684487460605	906.7146349602967	78.75587266619084	6.319586384731197	1304.06452073237	-473.3806574027205	-5.558780439045206	1179.957562160777	-501.5862465854977	94.24617161801383	1077.567810540164	-493.3521384992695	162.1705967028698	987.7176696750871	-470.4630805986299	64.29175257366984	1012.565001187955	-114.3539857095485	39.30036153466463	996.4226308788816	-365.0238750426493	-154.7424552706061	1003.678256201742	-168.3555896710212	-169.3329896857005	978.2745249146376	-210.9253984044558	-163.0252688266599	999.3668425365203	-259.5103472272874	95.00695829666854	789.0415179282802	-46.12671693834193	-3.431995199448592	745.71305501349	-29.38857579411765	32.65053995163531	626.7987841572053	-65.85594076998993	115.3202510036403	520.5182934563937	-104.7315851028702	138.1532793575122	425.3648038070591	-104.362021467702	136.5968120633373	312.1096443549185	-103.2261137760489	54.89944460329034	420.6582004300788	-93.06256842908954	52.98023519152085	300.3448012915018	-98.70360701733357	99.96767624000071	106.4156056272901	-134.8447110707999	21.42732641465785	36.13873907600862	-186.6114838055728	211.386329300669	35.317506929852	-98.96341108571259	320.344086444446	61.54623171016159	-196.6756061777428	74.39018579540516	779.4067936212175	-404.7067959058619	82.16160570486521	648.6213144346098	-393.5318871539247	-24.38482704349875	780.0164393255227	-447.6369760478529	-32.43525739178254	646.2787265513657	-421.923046059775	-19.65087304874876	503.7054147431735	-398.9053729665588	-74.71229195311358	401.102501446585	-388.5268332588265	-126.2539393888345	483.8751637449433	-399.6403411897141	-221.7430507882821	420.4341743786501	-380.776853006037	-352.3303505075434	251.3435422373673	-349.2773831329895	-445.0320121324288	306.7370700650901	-297.3313622200307	-391.3507026888797	117.1400416333638	-362.6699966962003	-320.0677073604656	48.04049105501269	-266.4577356769695
0.48	-31.3468205067963	1504.722664590223	-46.45608022832447	-14.5639425596653	1530.424321526732	-388.9489035254041	35.38003785618239	1472.698942347281	-190.9967835711888	39.39864147354462	1476.153560952302	-240.7680485984486	-27.94090119242515	1239.769183866006	26.80393459161295	-87.58415303601308	1156.442840126861	54.29109486198153	-12.74369696186226	1027.559399290197	71.54378246767162	22.89632462173534	908.9573707468205	78.19414920815149	15.54834388542463	1305.486632343819	-473.0281092431929	2.8510024799657	1181.454634156989	-500.99059476455	101.1301835068348	1077.557218393941	-494.7236845201659	167.7970249719643	986.3124867328529	-473.2612756048443	76.89137379074353	1014.205340815218	-112.8872868103052	51.57496812641993	998.9547081805886	-363.9318288800663	-142.4549445153757	1005.012994005539	-167.6731987183376	-157.1367969750789	979.211744112186	-210.0170153488615	-150.9463393770731	1000.004632951299	-258.7436330281345	105.0983237370258	788.878556022157	-45.16183984230903	5.941491920499164	746.8241775203571	-29.10202372998475	40.56515380655642	627.5643985149977	-65.84771764114336	121.9891003732713	520.3304708571181	-104.5259146325494	143.3822576422556	424.7063559934688	-104.0017413721983	139.964846853658	311.5174209854887	-103.3481693880267	59.87820082402292	421.4376623798193	-93.60097332799256	56.04464290213279	301.1694586567064	-99.25048586660115	100.3550437348173	106.6037487079327	-135.2533365432744	21.50951250464491	36.23029925858589	-186.6864433857285	211.5266514121095	35.70475722964179	-99.16172909113479	320.5135775022377	60.79121458860648	-196.8778349906809	91.38812293226501	784.0855352600603	-404.908213016945	102.6968675790613	653.4946527626662	-394.9271965936518	-7.453921358284482	782.482597011311	-447.5470902007131	-11.89716507622637	648.3070360239243	-422.8910710924988	5.861205775089765	506.5938156534003	-400.6049039581307	-48.99242172331277	404.4248410771303	-389.7420021298736	-99.66558448590673	487.7532717301915	-400.3149133469503	-195.6898742112263	425.2759856173614	-380.9425070837714	-328.159797242382	257.9749611712367	-348.6529605320089	-419.3240312234958	313.7882352607696	-294.366505677615	-368.3415606286128	124.4911692849942	-363.8681711907138	-296.1068318148342	51.15723017896651	-270.7623393355853
0.49	-18.23750668638777	1506.759540121997	-45.84443931796247	-4.323146540406654	1532.174873159804	-388.6078223805697	47.39827024413942	1474.660762753286	-190.9126400748172	50.93626050436929	1478.064782202767	-240.7142097905796	-12.59277926711986	1241.785449787259	27.22411246314664	-71.35388942819824	1158.165951970719	55.88669449821047	4.500459409781485	1029.780862675076	71.70894986454292	40.96126503036325	911.4173847828623	77.59550601238425	24.48578236275663	1306.944738635062	-472.829882977044	10.98186319480503	1183.018483643413	-500.5799212742438	107.7252894121089	1077.689992404398	-496.2304832491784	173.1275091845415	985.1149935096289	-476.2392479942117	89.31363110465584	1015.81632448257	-111.4521187492865	63.75179028766787	1001.641560863839	-362.8788481792878	-130.2450178272049	1006.500506225649	-167.0404565557523	-145.0033660966975	980.413443050819	-209.2044749034435	-138.8875090798387	1000.960414582097	-258.0297913532038	114.7812814115845	788.661651103328	-44.26476754266817	14.86936474316263	747.9982171014245	-28.94181674939708	47.93138060136451	628.3708748489487	-65.91339536894134	128.0351269647223	520.1209559356059	-104.2944128515901	148.0343706191749	424.0322836203284	-103.5925599373812	142.9008741274036	310.9535417329909	-103.4279374963515	64.32263073974266	422.1103512315277	-94.08001925492496	58.71200485438858	301.9156560911544	-99.74286649962491	100.6461905557391	106.7853895295587	-135.6134110683578	21.54331206291977	36.32895265549691	-186.7705869076748	211.6115214469855	36.02936037304955	-99.34066170311615	320.6600419154173	60.17832924505655	-197.0399286175233	108.0843596558888	789.0781223806621	-405.0862508870656	122.8493190124162	658.7909572327626	-396.1526420691577	9.269740363773067	785.2510093970802	-447.4340261496853	8.354769471200928	650.792520032634	-423.7385921655884	31.09835093150169	510.0475694933033	-402.1207500622599	-23.24011799628973	408.0479784673909	-390.7334960203449	-73.37356720348687	491.7095631208788	-400.8740064107702	-169.6789651494928	429.8149784870379	-381.0373013880143	-303.2434028066863	263.6975927729416	-347.8423578594967	-393.7336786076762	318.2824161148929	-291.2181117568621	-342.8307999062296	130.8448605103271	-365.2789125085395	-268.9948475142859	54.60499152656929	-275.2293844267422
0.5	-5.311307958995515	1508.922529067607	-45.33778757731395	5.773187639667121	1533.95436971348	-388.3464422559014	59.29847758258293	1476.707398230564	-190.9029911624747	62.37240382304313	1480.048874526596	-240.7397918800321	2.713427164871	1243.953813288839	27.52905460217987	-55.08781121160958	1160.006407342151	57.34545163061674	21.84103128150526	1032.195020751621	71.79177501566068	59.17868189280826	914.0973037088954	76.96519135599557	33.1559848529163	1308.456911024936	-472.7731632128822	18.84091908315381	1184.668775702771	-500.3410152400704	114.0441738117792	1077.980515171155	-497.8619256810371	178.1811854002576	984.1390889627047	-479.3809650067551	101.5796478837394	1017.414575141964	-110.0833897594977	75.85461928317957	1004.477703145641	-361.8658992143543	-118.0735027681986	1008.163164534704	-166.4437329882133	-132.8884870797997	981.9055195059381	-208.4814614453176	-126.8066812155708	1002.267993189558	-257.361256814776	124.1188023399484	788.4412663521109	-43.45037290171797	23.43680566200774	749.2689430786077	-28.86003403234925	54.84411698869958	629.2564641013696	-66.01372018926112	133.5332894268593	519.9253530424521	-104.0263017297122	152.1975343867308	423.3797983607499	-103.1445153962854	145.5043806773168	310.4416645971908	-103.45318098817	68.32893743346452	422.6982082924753	-94.41869009126506	61.08677140151302	302.5988318168511	-100.1158901298494	100.8832365288981	106.9668527695055	-135.9113749210413	21.54902624828241	36.44881176348309	-186.8602951789067	211.6626266989646	36.27752158189691	-99.48986112372666	320.8056363214978	59.66572389260115	-197.1575532336275	124.4956129633709	794.3549101709457	-405.2255720568197	142.6382473737377	664.4695387454485	-397.1968266714737	25.80169187696258	788.2986540637168	-447.3010850222855	28.34251122421779	653.7000352205582	-424.4706289215109	56.0257463839042	514.0043570199185	-403.4315179748576	2.513623088519957	411.8948660279576	-391.5015130560625	-47.4387500303543	495.6577716204922	-401.3211944172886	-143.7671442442665	433.9407969909387	-381.0694119806456	-277.5795523720347	268.3462307344024	-346.8949010453119	-368.2218860863427	320.2930733192586	-288.0637845849335	-314.9930716681709	136.0069698229919	-366.8568633247137	-239.0279126820924	58.1271878325921	-279.6828324956537
0.51	7.445575453098325	1511.205767367595	-44.92716199450751	15.76905946622072	1535.7633456702	-388.1406795493638	71.10126820756302	1478.831496049042	-190.9482940920842	73.72991727834111	1482.099578667753	-240.8261997736721	17.95867352911064	1246.274275204906	27.74297720448353	-38.81724457190057	1161.965806592014	58.65405694303778	39.24613874911932	1034.799063748429	71.79195059561309	77.51844652248963	916.9936600872231	76.31254298627789	41.58714219164614	1310.034478961229	-472.8448934228293	26.43820178978601	1186.416448310553	-500.2581378050359	120.1037965258816	1078.434300540239	-499.6084009929495	182.9833637667313	983.3914303057499	-482.6674204048187	113.7125043988459	1019.01007723185	-108.8064138616635	87.90533905581464	1007.446546323815	-360.8924539042823	-105.9128100862919	1010.003050037241	-165.8787067988679	-120.7615178094901	983.6818216826816	-207.8452119192752	-114.6774020869286	1003.922107375557	-256.738502573382	133.1767759192422	788.2550291854596	-42.72892490699273	31.72687783278751	750.657961029407	-28.81093759601349	61.39714586565308	630.248005386507	-66.11877791155126	138.5555426773997	519.7708614454126	-103.716556561591	155.9513473927472	422.7805264957354	-102.6701406243965	147.8581471710779	309.9999640087883	-103.4167443933358	71.97890597181507	423.2227595548466	-94.56775668094143	63.25441759034774	303.2342029567026	-100.3316249351421	101.0973402916205	107.154344523772	-136.1419671487529	21.54467769901896	36.59664779445968	-186.9531898012436	211.6979344824102	36.45041646381166	-99.60392860267393	320.9612648355944	59.22483854343098	-197.2309352292224	140.6433992233906	799.8725450873874	-405.3124403504266	162.0882665626629	670.4774808950403	-398.050132331011	42.16168695095434	791.5895375077957	-447.1561231691845	48.09069627488522	656.9814936368934	-425.0952365532739	80.60902079480756	518.3888444039611	-404.518246326828	28.24850729045045	415.8844591874579	-392.0515732284405	-21.90824766467681	499.5025839366368	-401.6654094556573	-117.9906719194476	437.5344676594806	-381.0529623028304	-251.1669197563028	271.7720026407398	-345.8733979092487	-342.6776580536123	319.9502821440053	-285.0731942852703	-285.0640210093457	139.8255646055165	-368.5404009343304	-206.5783809264501	61.45651889847325	-283.9559356612725
0.52	20.05223311710998	1513.593084502164	-44.60318365304537	25.71066120584805	1537.592995031534	-387.9686488352586	82.82867894628333	1481.016172268405	-191.0314018432608	85.03258701013993	1484.200800442908	-240.9564011116727	33.12793620273498	1248.736460237256	27.89441308111017	-22.57175550803066	1164.036194830735	59.8092480912906	56.68770561224139	1037.581174047985	71.71551100002492	95.95731309650407	920.0960882766608	75.65009363676145	49.81106509948886	1311.679610976854	-473.0319424819119	33.78819182787808	1188.26143785183	-500.3138950911741	125.9255735056083	1079.046251249757	-501.4601757532358	187.5647330182478	982.8693462681223	-486.0766484260658	125.7349607008798	1020.602060229913	-107.6351685577163	99.92315585599674	1010.51992260526	-359.9563396617888	-93.74833128626689	1012.000490902512	-165.3504673648587	-108.6071843995614	985.7047703070921	-207.2968808154552	-102.4903383147883	1005.880309725228	-256.1695173685808	142.0190075237405	788.1240147654157	-42.1070137373657	39.81480052436216	752.1725282324155	-28.75616124816225	67.67712798347256	631.3579160282427	-66.20946213175024	143.1673939901237	519.6743119035334	-103.3664111353355	159.362322561211	422.2575716829306	-102.1825833880969	150.0241878656917	309.6400629083693	-103.317122494267	75.33584709203852	423.703708323183	-94.51277839781214	65.27703937974785	303.8355955983138	-100.3804069968996	101.3095165704358	107.3525560810913	-136.307464508	21.54485757463515	36.77295230741085	-187.0475952931964	211.7313671770006	36.55863295656924	-99.68211895064789	321.1296753377861	58.83628887334636	-197.2638051349211	156.5510808498185	805.5754247675203	-405.3333436591521	181.2230872603049	676.7509314062529	-398.7034611136065	58.37131859132825	795.0784814386384	-447.0093374461881	67.62074890736417	660.5795310576193	-425.6226431804074	104.810872703761	523.1171092002379	-405.3662368173136	53.94582025244237	419.9375067257487	-392.3957929885394	3.178593813018601	503.1479412240467	-401.9168459983079	-92.37221421150609	440.4798710614956	-381.0045851679167	-224.0109205342062	273.8536029905391	-344.8472741128771	-316.9474553110362	317.41448417595	-282.3904928381535	-253.311951543441	142.1958854188562	-370.2617108594226	-172.0434708642218	64.34954695988431	-287.9097592734101
0.53	32.53081400583766	1516.057705504004	-44.35623011762193	35.64403659637956	1539.424868843119	-387.8118789762486	94.50335863850376	1483.235214869698	-191.1379341592465	96.30393112912199	1486.326811852862	-241.115372032171	48.2100880130653	1251.318607083391	28.0120697329662	-6.377836636795227	1166.199148395704	60.8172598811888	74.14233202709292	1040.520239742612	71.5745955619886	114.4790548023631	923.3873107342175	74.99149960344525	57.86282460879043	1313.383912164999	-473.3209765391417	40.91133863183088	1190.191712143969	-500.4900855480433	131.5354987372247	1079.80021508704	-503.4062617260711	191.960180836726	982.5595515705838	-489.5839835815582	137.6668041029081	1022.17673761666	-106.5723977304726	111.923676136634	1013.658698857478	-359.0537387719364	-81.57802797841097	1014.115763862889	-164.8720234984152	-96.42518604053416	987.9105596783984	-206.8411859369611	-90.25246869486483	1008.070229983336	-255.6680171595081	150.7026583861035	788.0519014012095	-41.58814232100884	47.7638380159956	753.8050198349827	-28.66824548246579	73.75928364348627	632.583229982323	-66.27691055592396	147.4265595671133	519.6417815991645	-102.9827670347388	162.4824920362461	421.8242220805383	-101.694121189054	152.0435671548981	309.3667912366927	-103.1582116385799	78.44473222384516	424.1577847265884	-94.27102729579755	67.19322234264132	304.4146037919666	-100.2778012634084	101.5321337515706	107.5638557357407	-136.4162408696368	21.56013146863835	36.97364136729687	-187.1420153929631	211.7728273309923	36.61727657159602	-99.72755230228591	321.3083187906258	58.48642082829639	-197.262107821652	172.2415756681926	811.3984176947761	-405.2734108885867	200.0613661169256	683.217156814592	-399.1471149133106	74.45208070425637	798.715455446831	-446.8709885026905	86.94733817132854	664.4310706500252	-426.0648127685681	128.5899161465173	528.1001680458844	-405.966509396333	79.58109771558526	423.9812384383514	-392.5527942653806	27.78642530856406	506.5045373824152	-402.0832058254213	-66.92664121357912	442.6752879678889	-380.9396104025357	-196.1254479162816	274.5058662335637	-343.8850702634491	-290.8623664924343	312.8540636011785	-280.1241159292923	-220.0065361350377	143.0633769921015	-371.9574942427404	-135.7998404894923	66.61447292130606	-291.4449978943367
0.54	44.90450668533988	1518.563015231359	-44.17674696619737	45.61252755680388	1541.23182161995	-387.6564272481795	106.1475767452578	1485.45425792216	-191.2564813083074	107.5659829147755	1488.443534579526	-241.2905314656417	63.19736883550789	1253.987763996557	28.12107131188568	9.741775811701928	1168.426033152215	61.69250572323826	91.59139392148418	1043.586624192694	71.38613602552201	133.0735425598247	926.8438203460832	74.34882806023737	65.78028729281678	1315.12820849869	-473.6982163940831	47.8351387892798	1192.183566794764	-500.7684454101945	136.9641102218693	1080.669736831328	-505.4335169098122	196.2074958042564	982.4378828505487	-493.1625218159958	149.5231208975749	1023.707428389689	-105.6113995548086	123.9176267008625	1016.814289612857	-358.1795380659611	-69.41061391446667	1016.293248445753	-164.4617054372468	-84.22785519841908	990.2172848948292	-206.4855344691285	-77.98418917431131	1010.399796118766	-255.2509654853709	159.2748108987802	788.0267839483748	-41.17297931359163	55.62332184633591	755.5338168981002	-28.53211384978391	79.70493197176921	633.9067071056695	-66.3204719840223	151.3833517185614	519.6696392850332	-102.5766562896602	165.3509706921018	421.4841790438919	-101.2151508083633	153.9394725426655	309.1786481069942	-102.9483341484719	81.33552833517774	424.5979676358925	-93.88360689550858	69.02160310897453	304.9800957614848	-100.0581903947143	101.7706506857061	107.7880819853054	-136.4808611914862	21.59686381500415	37.19205736911038	-187.2347355596264	211.8284825301991	36.64216525264261	-99.7461363459835	321.491710134453	58.16482363914458	-197.2327936506458	187.7357861382013	817.2702834963502	-405.1151338724362	218.6147403516409	689.7971816597915	-399.3701170079355	90.42386362235489	802.4494555437448	-446.7493759587771	106.0769387296631	668.4703767418127	-426.4350193890361	151.9013922489572	533.2467449307546	-406.3164616532894	105.1200133129848	427.9523543794903	-392.546037387758	51.88277609681504	509.4950489823677	-402.1672594200417	-41.66457404225947	444.0422967561735	-380.8691972531996	-167.5305211918615	273.6843365400156	-343.0480234166135	-264.2587046765329	306.4296500423312	-278.3439737326202	-185.3910995360388	142.4246139055466	-373.5781932824438	-98.17148354902578	68.12851713900157	-294.5068626239101
0.55	57.19609510576258	1521.064287428042	-44.05563968972552	55.65441432915741	1542.980012488176	-387.4937870902469	117.7821761455855	1487.632752591378	-191.3787101537383	118.8384384241695	1490.510681194712	-241.4721117680199	78.08471538331196	1256.701183447964	28.24056119869776	25.76815701712316	1170.67932921995	62.45568392373009	109.0204598770944	1046.743817380311	71.16944836454506	151.735083185227	930.4370866699635	73.73024641386831	73.60332998380599	1316.883542229239	-474.1492722289739	54.59438182649806	1194.203061115033	-501.1311952947657	142.2461742594803	1081.619778075339	-507.5261224656721	200.3461221946056	982.4701763531104	-496.7837201041903	161.3138459327113	1025.156869559074	-104.73904343044	135.9095509088409	1019.930919161574	-357.3281822099356	-57.26283187351945	1018.467027818352	-164.1401398785958	-72.03647432850656	992.5341990848096	-206.238910522277	-65.71481405037584	1012.768085115657	-254.9360436305048	167.7704201508934	788.024972554271	-40.85937295205932	63.42877509147843	757.3255085662852	-28.34451051347898	85.56086160118812	635.2996947544397	-66.34479576258127	155.0821658329197	519.7466524863623	-102.1611320206153	167.9975371204657	421.232901425229	-100.7536244337045	155.7225271386206	309.0687762389091	-102.6988378037613	84.02839395486113	425.0331548559406	-93.40484452130855	70.76684854860491	305.5381215751673	-99.76642343536147	102.0253212692295	108.0228925621112	-136.5159712378841	21.65741503548155	37.42083215105986	-187.3236511037737	211.9012527086958	36.64728551116137	-99.74537842880292	321.6732212840264	57.8628671470519	-197.1828657654913	203.051619759472	823.1172011031312	-404.8379354467794	236.8876469504955	696.4086431273352	-399.3602233320732	106.3038223437093	806.2310777715661	-446.649340915567	125.0079439861514	672.6312323792577	-426.7470148841774	174.6991620003129	538.4654448927078	-406.4195765326628	130.5178486562317	431.7981121790257	-392.4008598589391	75.43918818600748	512.0561467709449	-402.1663740648933	-16.5933933152932	444.5301783010634	-380.7993687976211	-138.2473682883154	271.3858662175282	-342.3858560700942	-236.9903725683847	298.2863396638569	-277.0842080874867	-149.6633040261517	140.3261337365785	-375.0943488025717	-59.41320953363456	68.84417223239465	-297.0845188174983
0.5600000000000001	69.42725214623474	1523.511147599077	-43.98460496173048	65.80123875434032	1544.63156261486	-387.3213105325003	129.4258270023737	1489.726458086036	-191.4993759863679	130.1383025921024	1492.484408597954	-241.6534050561678	92.86908816321281	1259.408698869807	28.38290186468696	41.68582739557107	1172.914809876076	63.13151654876269	126.4182818027704	1049.95064766019	70.94331749061443	170.4604035379525	934.13509277251	73.13887462504643	81.37275285946261	1318.613189456479	-474.6591766889921	61.23035210275371	1196.208400346713	-501.5613367185598	147.4199987065759	1082.609117356761	-509.6655110685707	204.415884167861	982.6141285006546	-500.4180469846882	173.044358917129	1026.481160555499	-103.9393572983764	147.8974906728928	1022.948591373611	-356.4950055187059	-45.15620894201351	1020.566988411981	-163.9274284237222	-59.87693632041669	994.7705946503526	-206.1107716331168	-53.47723739646884	1015.075170012991	-254.7395840415296	176.2117204676231	788.0159028857238	-40.64225264100312	71.20366983228595	759.138318402318	-28.11181293059028	91.36017932989296	636.7262140853315	-66.35661640881227	158.5634037889259	519.8566621006039	-101.749090700548	170.4470885388484	421.0596239897371	-100.3149355354434	157.3969691103925	309.0262192390728	-102.4226470131738	86.53933144295162	425.4683223569132	-92.89132069387077	72.42642747407463	306.0922362559829	-99.44921485052615	102.2927798680985	108.2645610955159	-136.536307525646	21.74069395383176	37.65323060250478	-187.406404773492	211.9914515841846	36.64345475485243	-99.73324376744677	321.846315450524	57.57314962563464	-197.1187377656712	218.2033365481115	828.8658707101647	-404.4189103928301	254.8782504326628	702.9683791934942	-399.1046453499864	122.1054539755543	810.0133008995226	-446.5714597414747	143.7317657477154	676.8479852417197	-427.0136025330141	196.9382066893681	543.6664314722821	-406.2842969709822	155.7218721162958	435.4757239095801	-392.1409060695154	98.43357084102458	514.1371956443211	-402.0740303427642	8.28384635309525	444.115333754213	-380.7321063083565	-108.2927353009437	267.6463275165969	-341.9350845658554	-208.933561251927	288.5533166564551	-276.3490449235122	-112.9663540940074	136.8613337060926	-376.499506615173	-19.70811483859314	68.78592138211313	-299.2070057383399
0.57	81.61847629401697	1525.850441415467	-43.95630685228487	76.07710438165076	1546.147336799315	-387.1418670982683	141.0948007866581	1491.690123571795	-191.6162166596823	141.4799309622353	1494.320119148282	-241.8308378910129	107.5488638738932	1262.055696072674	28.55417109476989	57.48221708519567	1175.084269589992	63.74633569331846	143.7756446361173	1053.16368389696	70.72352738968694	189.246567120521	937.9039979356655	72.57285727616753	89.12909843121348	1320.275346655521	-475.2126393467508	67.78901440325016	1198.153014063893	-502.0427415759756	152.5263126912138	1083.593084330646	-511.8307606630417	208.4555639158202	982.8217802691283	-504.035600190816	184.7167603195082	1027.634653143663	-103.1969424067948	159.8743419023702	1025.806589346476	-355.6776976226105	-33.11359070470413	1022.524667261976	-163.8409577299001	-47.77536613448525	996.843260226656	-206.1100982279514	-41.30265007301828	1017.230059557675	-254.6752194872715	184.6090919870462	787.9672314682869	-40.51353142421752	78.96200800328361	760.9264808076316	-27.84678477311843	97.12403610644429	638.1476508317887	-66.36182143263679	161.865176211236	519.9813551224024	-101.3514784476273	172.7238110834355	420.9496725074179	-99.90224732266206	158.966253821851	309.0373158015022	-102.1330334188882	88.88498613699292	425.9052125758082	-92.39268490996521	73.99669616757834	306.6441852155463	-99.14790288014912	102.5675236455027	108.5090275703095	-136.5551463539803	21.84293598359208	37.8838525630797	-187.4808387455448	212.0975046235214	36.63797012438506	-99.71718611820039	322.0052918778957	57.28961057261234	-197.0458817793532	233.201028669272	834.4456709388128	-403.8347050561293	272.5798014580799	709.3942844905871	-398.5912724050611	137.8377189728387	813.7504790741202	-446.5119729138466	162.2343268062019	681.0554414672292	-427.2447480412755	218.5768441531289	548.7625647056871	-405.9223341145482	180.6753017606964	438.9505551178764	-391.7848013708992	120.8526298005051	515.6964537869521	-401.8827150048639	32.9706469530658	442.7965868578334	-380.6678676575198	-77.67404962854329	262.5369236131282	-341.7194808276436	-179.9856750078824	277.3491501096271	-276.1197030068865	-75.39012995512167	132.1658536221794	-377.8098220875642	20.82445806781864	68.04057574953366	-300.937074720702
0.58	93.78937443064626	1528.029198352881	-43.96447218241454	86.4988655810574	1547.489439736033	-386.9627634125613	152.8030884173233	1493.480035742286	-191.7297493454632	152.8753072493224	1495.975111563034	-242.0038591315879	122.1233552660796	1264.586268936386	28.75544611648463	73.14716087980754	1177.13846631511	64.32572870972092	161.0843807123161	1056.339543816032	70.52144064147929	208.0890983630132	941.7096918015103	72.02627962721064	96.91154837092948	1321.826111339058	-475.7944780337669	74.31839137953463	1199.989021490691	-502.5601428169051	157.6067406591745	1084.526246895695	-513.9993774976381	212.5015089050723	983.0422946995093	-507.6066590246878	196.3314116613449	1028.574976480247	-102.4995769515753	171.8304527058432	1028.447042190992	-354.8773685646645	-21.15577791903421	1024.278313254971	-163.8940318321204	-35.75419558783727	998.6819805820426	-206.2446279787776	-29.21603985653246	1019.156336202412	-254.7532269389533	192.9631639011792	787.8492672946707	-40.46210550897302	86.71079493224752	762.6450630629179	-27.56488786168983	102.8636944964335	639.5273819580414	-66.36339617924804	165.0242282314172	520.1027833038266	-100.9761653725457	174.8540628360868	420.8867358021877	-99.51712654370414	160.4369266592271	309.0871786884579	-101.8426661634525	91.08560262603498	426.3435007120376	-91.94578293530554	75.47730346071282	307.1948066989458	-98.89372867633224	102.8432672244126	108.7529394510161	-136.5833945907214	21.95846885469673	38.10892276465557	-187.545602666567	212.2166362199195	36.63494645062741	-99.70343592041189	322.1456655082837	57.00798193555753	-196.968709361433	248.0501988109455	839.7894204999502	-403.0642168917342	289.9818227686777	715.6060812951358	-397.8101417885289	153.5042165166013	817.3959891937909	-446.4633995978951	180.4972739152421	685.1878501735907	-427.4455848205314	239.5780327893408	553.66984898385	-405.346731758037	205.3213446094571	442.1937713701006	-391.3438587680195	142.6934291981075	516.6962505307198	-401.5873449785274	57.47929027512949	440.5883120508844	-380.6084378151808	-46.38653561498222	256.160322791801	-341.7519557141558	-150.0607306946923	264.7905062360092	-276.3611922448296	-36.97969509683082	126.4122115150175	-379.0610121842166	62.11445105204052	66.74484505349942	-302.3636509899753
0.59	105.9589156882824	1529.997431558574	-44.00405343115189	97.07687715419672	1548.623266994278	-386.7942764173653	164.5625057782854	1495.056161450915	-191.843005791025	164.3344070433387	1497.410838744015	-242.1746716996941	136.5925513811583	1266.946250549231	28.9843675759555	88.67260708949122	1179.029957639069	64.89243037923046	178.336754203339	1059.436916445639	70.34360636932749	226.980620641952	945.5190345591122	71.49051372329183	104.7569314682533	1323.222447078319	-476.3901611704187	80.86551347893356	1201.67069349762	-503.0991436064227	162.7020762508494	1085.364739047676	-516.1483309069388	216.5866108219376	983.2247643476624	-511.1021973150268	207.8883930090876	1029.267342097753	-101.8396462197134	183.7565110441358	1030.818041762848	-354.0988405661128	-9.298574485178401	1025.776838356752	-164.0952959677346	-23.82899201158348	1000.232959668649	-206.5202300912021	-17.23290160527054	1020.79541912927	-254.980351926659	201.2675248546347	787.6381462183444	-40.47402862579527	94.45190802132018	764.2545062485741	-27.28095674707502	108.582668899536	640.8346800874479	-66.36071806257044	168.0758768504845	520.2053737369341	-100.6275877922543	176.8673288564459	420.8547749832834	-99.16020898299286	161.8201707183603	309.1611891650781	-101.5628541359459	93.16576124007435	426.7821817532624	-91.57270448658943	76.87341873222684	307.7449402184835	-98.70612781096057	103.1140191171643	108.9944249093501	-136.6293430746412	22.08029896874269	38.32653354742935	-187.6006594011231	212.3454263979775	36.63603396646823	-99.69658010934648	322.2643349112019	56.72624062197403	-196.8906024301641	262.7515732997485	844.8326512170622	-402.0916843701116	307.0706551693393	721.5248543883401	-396.75503048144	169.1025175724468	820.8992877457775	-446.4156969872153	198.4983744548466	689.1773855677586	-427.6147306331646	259.9094259987647	558.3071669142051	-404.5700543492289	229.6060685703039	445.1801605648344	-390.8213722816214	163.963334397157	517.0989506299831	-401.1884469829823	81.83199880207847	437.5138362719865	-380.5590082218797	-14.41267690136736	248.6472858922526	-342.0370902309859	-119.0832670628679	251.0020226986247	-277.0285360253926	2.252184652919773	119.8045226508772	-380.3034578587101	104.1237898631727	65.07306949339748	-303.5931800717973
0.6	118.1453690506322	1531.710529667866	-44.07149720492189	107.8160376895285	1549.519061233229	-386.6481931139372	176.3825790224568	1496.383704167848	-191.9611966547186	175.8654858272577	1498.594535147713	-242.3478640111577	150.9571443096091	1269.085891702834	29.23659499178934	104.0526805829912	1180.715528784336	65.46459379102498	195.5251965344543	1062.418135252784	70.19208272404433	245.9101944429138	949.3006988193521	70.95571260678581	112.6988486907036	1324.424848486919	-476.9863950453453	87.47350502321663	1203.15748116802	-503.6463274273309	167.8506659291538	1086.068080319008	-518.2551974760893	220.7398175043314	983.3207760786381	-514.4944197956246	219.3887148606324	1029.687455632952	-101.2143361062412	195.6461282830394	1032.875965052361	-353.350118516091	2.449552415216186	1026.982503016532	-164.4487545969916	-12.00619518521036	1001.460282397494	-206.9403399064571	-5.357393459568296	1022.107639852593	-255.3598215809415	209.5112580327756	787.3175253043171	-40.53291519309394	102.1835170065816	765.7240601036642	-27.00708625597835	114.2788703835626	642.0473680311429	-66.35035916254037	171.0531922436405	520.2772519012611	-100.3070864260676	178.7952069159773	420.839370986953	-98.8316450665023	163.1311788820881	309.2463584911179	-101.3028895903729	95.15326877251246	427.2207740719824	-91.28237405441939	78.19578017705376	308.2961381427407	-98.59380193611193	103.3746989638919	109.233434370732	-136.6989486326489	22.20057313795586	38.53696349728505	-187.6475187181802	212.4801844167576	36.64123329474283	-99.6994172300363	322.3596818012293	56.44480072711156	-196.8140084825392	277.301443390067	849.5118467727989	-400.9097176896411	323.8291997017321	727.0715089101071	-395.4251184062609	184.6236106551929	824.2033364114196	-446.3577233972274	216.2108937497551	692.9526146502831	-427.7432730455807	279.542201318141	562.5956019345033	-403.6030854080999	253.4795129264483	447.8868316334695	-390.2136831747976	184.6780425168326	516.8652796666413	-400.6942194239589	106.0603007979918	433.6013142848536	-380.5287609169442	18.27610696175248	240.154010988686	-342.573719537853	-86.98248892672514	236.1254714932991	-278.0723231066223	42.31154957314065	112.573790405574	-381.5961642016804	146.8292023359554	63.22687701068837	-304.7400594000134
0.61	130.3658775817088	1533.131033105979	-44.16502427773873	118.7170035517423	1550.152906055561	-386.5365840495302	188.2702672576724	1497.433989809378	-192.0912748781158	187.4752167778355	1499.500049750232	-242.5299896325794	165.2187777632464	1270.961969063143	29.5069040593019	119.284083949441	1182.157960647304	66.05451190712182	212.642265492378	1065.25017451261	70.06518455962568	264.8633084888926	953.0256305160628	70.41229711952106	120.7669777550567	1325.399423547572	-477.5716920111579	94.17938145710559	1204.416261507709	-504.1894817969763	173.087181617752	1086.600479126494	-520.2992686107629	224.9861295956159	983.2864685103708	-517.7574174123447	230.8352701175074	1029.822730398159	-100.6247642765132	207.4979661814247	1034.586812765962	-352.6412104033194	14.08907060058833	1027.872298224956	-164.9541117339791	-0.2819053879632989	1002.345651814816	-207.5053724187034	6.417966156032929	1023.071526935329	-255.8913010979396	217.6809235368371	786.8789165563848	-40.62064159000515	109.901314788707	767.0336004254791	-26.75212745449927	119.9467225750825	643.1529713758237	-66.32812966666997	173.9859527350312	520.3108042557681	-100.0137341309243	180.6690876031018	420.8285147825293	-98.53124761265003	164.3871744305929	309.3323569127209	-101.069513927208	97.07709097992684	427.6600299616125	-91.07453631547403	79.45914646083348	308.8510402887018	-98.55774172871367	103.6212802270208	109.4716276159355	-136.7964382333355	22.31114301287364	38.74284820278513	-187.6891841659651	212.6171404152359	36.64958105431914	-99.71303293702539	322.4316977143932	56.16632813773263	-196.7405448850725	291.6927051636036	853.7624319056065	-399.5217936862965	340.2360202210984	732.164636400053	-393.8266387559564	200.0513242910814	827.2433576008002	-446.278668406119	233.6020583333157	696.4374647455801	-427.8146694067098	298.4490846629265	566.4578932226816	-402.4543407662725	276.8951766106619	450.2932604363698	-389.5127821748162	204.858299400891	515.9556996104888	-400.12053169453	130.2023628531668	428.8833132169724	-380.5298255626151	51.7158512855607	230.8601747360366	-343.3571838678367	-53.68816169559415	220.3269870783261	-279.4435813475761	83.2108091389111	104.9737966062	-383.0001390702574	190.2070867975773	61.42750199707278	-305.9165214292583
0.62	142.6358298693677	1534.229689047201	-44.284807958032	129.7774565720452	1550.5071216237	-386.4708953558284	200.2297782877989	1498.184702296685	-192.2414208537764	199.168767658178	1500.107942375345	-242.7291088590832	179.3803660879109	1272.539145545295	29.78977038593502	134.3666352707886	1183.327015589272	66.66783390199262	229.6807317011722	1067.905007702124	69.95843580594172	283.8223356190601	956.6671469887984	69.85231242137792	128.9866234225817	1326.119196777528	-478.1368680073336	101.012950234343	1205.422569020178	-504.7178644590066	178.4419602333519	1086.931646245654	-522.2624707767504	229.3470094914066	983.0839064539786	-520.8680619897054	242.2335801979374	1029.67188885278	-100.074421663921	219.3173530348536	1035.926499243386	-351.9825931984211	25.6301052778127	1028.438055485681	-165.6071770397064	11.35812363591412	1002.886725007554	-208.2120836929045	18.11120268839588	1023.68178140178	-256.5706838236263	225.7622060472141	786.3209605655204	-40.71841117017937	117.5994966784191	768.173925539905	-26.52254683958104	125.5791859360923	644.1484543965252	-66.29174276300527	176.8999814590262	520.3025265673382	-99.74539865723591	182.5176927980086	420.8129276516376	-98.25845339542654	165.6051911390852	309.4120138111317	-100.8666482122619	98.96531806116332	428.1020889722907	-90.94461953957759	80.6801668715222	309.4133710649076	-98.59506393218805	103.8506721069123	109.711913337127	-136.925023095107	22.40443998701463	38.94886626739714	-187.72986838204	212.7524732536598	36.65956575125237	-99.73702072760054	322.4821764755715	55.89520648340914	-196.6710886701684	305.9162604961935	857.5172111266261	-397.9437648144956	356.2641525536793	736.7185005507897	-391.9744096892286	215.3618366645227	829.9475315471752	-446.1690687911932	250.6309709944491	699.5511448024643	-427.8056994775066	316.60233708797	569.8185527313474	-401.1305106136557	299.8085028229359	452.382738594369	-388.7098613015186	224.5264967658029	514.3345151452145	-399.4885311753917	154.2986845859687	423.4000072828904	-380.5750508099604	85.94472238070412	220.9674656105535	-344.3809794740636	-19.12965952192558	203.8018649879387	-281.0978075471622	124.9581886982986	97.27726687322684	-384.5716760069121	234.2212882510507	59.91065713640374	-307.2225528582578
0.63	154.9681877717496	1534.985814131684	-44.4329944559077	140.9932550427786	1550.570146301549	-386.4613768875524	212.262705994028	1498.61962705823	-192.4205228660919	210.949903170079	1500.40509577423	-242.9542614385351	193.4463805283239	1273.790536276162	30.07938133923625	149.3036944224115	1184.199683186354	67.30330230452981	246.6337262600741	1070.359356353091	69.86553990391991	302.767282041229	960.2006812631246	69.27049598272164	137.3785602053379	1326.564591959431	-478.6754338724338	107.9970267468187	1206.160641801167	-505.2223824101833	183.9409383539901	1087.037124368152	-524.1300082230935	233.8411277980587	982.6817511907801	-523.807165331693	253.5923538633493	1029.24330357734	-99.56742706322999	231.1171993348106	1036.880215464963	-351.3837110364246	37.09218170196183	1028.685339319111	-166.4001547047087	22.93725163305233	1003.094453317059	-209.0529607207574	29.74876632917622	1023.946399302356	-257.3897671202124	233.7416150975635	785.6479445431212	-40.80810049709381	125.2714722018552	769.1459497393345	-26.32411296706417	131.1697019689656	645.0388450093772	-66.24335274955436	179.8173531313262	520.2522855287608	-99.49982107700831	184.3656842963377	420.7859145067678	-98.0123246447021	166.8006125236196	309.4811780296752	-100.695552739037	100.844013237669	428.5501620808356	-90.88802611635866	81.87570487376981	309.9876154669259	-98.70252907821694	104.0606423328565	109.957821218385	-137.0875337141839	22.47466679129327	39.16078768577269	-187.7745431345764	212.8821792200301	36.66924680078859	-99.76977087054654	322.5149370912419	55.63674929053562	-196.6058351501704	319.9621016278101	860.7057004479544	-396.2041133590863	371.8800799875917	740.6419624213401	-389.8931595049229	230.5236771808678	832.2396499554441	-446.0211726399467	267.2465928886579	702.209350666722	-427.6885320607549	333.9725524475264	572.6050124491649	-399.6377419762341	322.1751688050484	454.1448396078076	-387.7990257297109	243.7040989610139	511.9757919174376	-398.8206151976741	178.3870743041765	417.2047029933385	-380.6753969140138	120.9961322531268	210.6981616721817	-345.6375960987052	16.76071767165683	186.776887114262	-282.9977862424032	167.5488808774788	89.77173744918701	-386.356002277701	278.8137732193529	58.92309210635929	-308.736591855354
0.64	167.3728249264756	1535.387103937901	-44.61355533817569	152.3593359957144	1550.336081754223	-386.5168193102185	224.3684727634597	1498.728192141129	-192.6376991837294	222.8210504607717	1500.384100841414	-243.2148453650167	207.4230611033229	1274.697590524449	30.36915738659051	164.1023553669818	1184.759851138851	67.95299281201497	263.4949180842893	1072.593992350071	69.7792317507041	321.6767083862421	963.6032649930372	68.66491529765324	145.9592069985395	1326.723186853116	-479.183852007736	115.1489174663516	1206.622282882746	-505.6956008964926	189.6060561726297	1086.898170298242	-525.8907405123938	238.4852746960597	982.0553463100568	-526.5606485409602	264.9237553096498	1028.552519033427	-99.10707945703194	242.917935537605	1037.441180810703	-350.8518849347076	48.50296873964773	1028.631228917126	-167.3217462199731	34.4856950175063	1002.989854406318	-210.0158156549989	41.36282392382132	1023.883340188848	-258.3360000086824	241.6084129752952	784.8678531020986	-40.87365522426354	132.9107374789878	769.9590601837527	-26.16388536595478	136.7142535738341	645.8350762757418	-66.19130115987774	182.7576885350195	520.162167545799	-99.27555148935029	186.2340878875315	420.7427070268072	-97.79180311972794	167.9871063200572	309.5379905210607	-100.5554873919617	102.7374741827732	429.0078696386472	-90.90282153234793	83.06232597327705	310.5784662851136	-98.87884627073285	104.2499789301869	110.2128804281549	-137.2868252264554	22.51904548444109	39.38408581032417	-187.8284006379708	213.0018011275714	36.67615749952412	-99.80876625142638	322.5359213592477	55.39621620023753	-196.5443287286115	333.819693634124	863.2546987958664	-394.3429457623476	387.0434000165719	743.8391155519167	-387.6185241233029	245.4984339159729	834.0432628124258	-445.8287777760374	283.3865497738437	704.3269423541844	-427.4338708674247	350.5288537460571	574.7499894879714	-397.983520336214	343.9500453893191	455.5782267519058	-386.7803146248798	262.4102609688451	508.8698974302614	-398.1362147803375	202.4979040366051	410.3697864032769	-380.8378055104318	156.8904483755623	200.2930285908021	-347.1183675604979	54.03979437194859	169.5100971378444	-285.1148380824505	210.9571439062819	82.75436895326467	-388.3817011666349	323.8976311154988	58.71931250933361	-310.5077715772445
0.65	179.855900993043	1535.429071456243	-44.8319714159222	163.8703561876119	1549.804075534412	-386.644525673618	236.5448653441771	1498.505107042397	-192.9018549244689	234.7832579943409	1500.04260821057	-243.5199429471587	221.3185089776998	1275.249523237883	30.65098660673077	178.7734067000099	1184.99764296274	68.60298493245843	280.2587499227616	1074.592893967205	69.69195270486844	340.5287017105622	966.8529473817063	68.03713965971363	154.741130728127	1326.588920157693	-479.6616393028919	122.4826289124375	1206.80494443059	-506.1316788111334	195.4559585393043	1086.501305698662	-527.5373482166355	243.2952163432389	981.1863727725187	-529.1202931686498	276.2432354183309	1027.61939163092	-98.69502435888384	254.7463415780892	1037.609179545813	-350.3918748338043	59.89609872055529	1028.301223096144	-168.3571411611209	46.03764994901526	1002.600579073139	-211.083757518186	52.98832175521517	1023.517085960618	-259.3925278101219	249.3568252644923	783.9902762523154	-40.90236305947273	140.5124172802431	770.6287496887011	-26.05195178743082	142.2137783383087	646.5513108150574	-66.15060812686529	185.7404108500195	520.0351145336745	-99.07261966747554	188.1424977864164	420.679393959771	-97.59626818338202	169.1780694975084	309.5817720969436	-100.4448049128654	104.6699251156152	429.4783773251357	-90.99042269313448	84.25716758992324	311.1901307497872	-99.12531599697644	104.4189085463458	110.4801323811426	-137.525863575774	22.53871621912543	39.62259862679016	-187.8963016052949	213.1060955258498	36.67713876542652	-99.85085277557765	322.5529362920331	55.17763823570839	-196.4855450613032	347.4777831151806	865.0904298537325	-392.4099277361121	401.7076631018629	746.2121848282291	-385.1974945432308	260.2418701901206	835.2867311714313	-445.5869767837539	298.9775066118946	705.8221043138651	-427.0149777934872	366.2407409317157	576.1950247256298	-396.1787997478755	365.0876136761753	456.693069400407	-385.6612763305581	280.6616849336042	505.029383566263	-397.4488103404301	226.6502821713023	402.9912117041327	-381.0641288664573	193.6255574078906	190.0076147678149	-348.8122210425216	92.74150598966837	152.2876490773955	-287.42832468914	255.1285146753779	76.52485356789911	-390.6562424920743	369.351616383909	59.55648143178254	-312.5504002379766
0.66	192.4193353501917	1535.114290340455	-45.09475889643269	175.5211313917703	1548.977664039627	-386.8504181742359	248.7884753262203	1497.950250351589	-193.2212653985402	246.8361261759239	1499.382821223553	-243.8776979880242	235.1426031207959	1275.442602898191	30.9144292730871	193.3310593301641	1184.908694556885	69.23436595260415	296.9207588625345	1076.342590761205	69.59634643679627	359.301735623562	969.9283401734763	67.39200715419308	163.7338193606619	1326.160979886904	-480.1113068133178	130.0109648309683	1206.70974000205	-506.5264425501738	201.50690081676	1085.837708590919	-529.0663093619825	248.2863943873991	980.0622024141367	-531.4838556020322	287.5688962599371	1026.465300951393	-98.33113333121531	266.6333904211413	1037.389222237352	-350.0061207876315	71.30828186521292	1027.72563574004	-169.4880896154348	57.62817383999809	1001.957576749661	-212.2356442102869	64.6601215797548	1022.875390265687	-260.5386777464888	256.9885580436061	783.0244654853021	-40.88597002214772	148.0754767975521	771.1737904743882	-26.00232491641118	147.6768768925392	647.2020238963544	-66.14202843651809	188.7875426379974	519.8735550125558	-98.89284410000565	190.1123470237353	420.5917446139828	-97.42623646403496	170.38915214689	309.611794351508	-100.3622586052336	106.6681282307265	429.9634937124105	-91.15452992905701	85.47987250772036	311.8256144153578	-99.44494158276905	104.569669461522	110.7618856000451	-137.8074881401256	22.53895090474767	39.87774737704233	-187.9822677095069	213.1887695449449	36.66826272665107	-99.8924812173839	322.5749297860124	54.98253703301765	-196.4281489377681	360.9239505633479	866.1424135204663	-390.4614639729431	415.8227922922499	747.6669596202491	-382.6880028724871	274.7051306973215	835.9086714752116	-445.2922269054997	313.9377985458932	706.6217913656374	-426.4121767876023	381.081656578386	576.8948727316333	-394.2399801156361	385.5442504428346	457.5124286134577	-384.4567095672193	298.4736759101457	500.4931277866673	-396.7651134833295	250.8493490272737	395.190193912637	-381.351254571354	231.1667052732219	180.1060313283764	-350.7033720393603	132.8620176410396	135.4171419543054	-289.9234154535868	299.9716568642766	71.37560520159742	-393.1629180082173	415.0156522220117	61.68550479848399	-314.8412737123282
0.67	205.0604839087674	1534.451606494596	-45.40889559196771	187.3068864272089	1547.864152126718	-387.1391999270441	261.0949993422714	1497.068764515258	-193.60320408469	258.9778462441957	1498.41124059987	-244.294853747309	248.9066939019879	1275.279574960669	31.14614481432347	207.7923975332587	1184.493600760051	69.8244683867924	313.4778856344884	1077.831903656026	69.48556422337087	377.9752004741634	972.8083815897962	66.73706181852653	172.9446216274351	1325.442612502268	-480.5381224963008	137.7470332836626	1206.339924479231	-506.8776874029921	207.7738094024037	1084.902622688869	-530.4776902006462	253.4744409554314	978.6751031320036	-533.654649636478	298.9204802985161	1025.110879775771	-98.01401395163164	278.6113819990193	1036.790568197309	-349.6954700413428	82.77608789065107	1026.935926450649	-170.6932700577567	69.29011280447935	1001.092144238923	-213.4470518903673	76.41047296687687	1021.986487222997	-261.7508976303515	264.5154560208344	781.977732783033	-40.82164301568663	155.6051488769675	771.6133750499066	-26.03261112600308	153.1223426228237	647.7992095942886	-66.18982442054201	191.9264906273422	519.6782373403604	-98.73975103768556	192.1702090628068	420.4742769250216	-97.283928101605	171.6410378008856	309.6262053351683	-100.3081745974812	108.7640572587411	430.4629277584243	-91.39901906646371	86.75483760160522	312.486178933235	-99.84061064500642	104.7071148261058	111.0598124203511	-138.1339259506343	22.52853635805955	40.1486267176374	-188.0890635633034	213.2424422018177	36.64496955816257	-99.92993729570054	322.6109414553858	54.80883892736998	-196.3709224142981	374.1442736756553	866.3490010180788	-388.5574188370124	429.339347871215	748.120680902631	-380.1573474337404	288.8363704428809	835.863334484016	-444.9429254732653	328.1829332756853	706.6680753825312	-425.6172726821483	395.0341983326805	576.8222460591638	-392.1903532226462	405.2821702333167	458.0720921529434	-383.1867954299544	315.8622202550144	495.3281091493934	-396.0866672681882	275.0846288036656	387.1115231698537	-381.6922079271511	269.4362146926716	170.8516000771965	-352.7683130911943	174.3435274705691	119.2168968968617	-292.5872640584456	345.3499785286585	67.5786611513425	-395.8594787527759	460.6872617239736	65.33687875256086	-317.3202867113233
0.68	217.7721202908827	1533.455457887872	-45.78124980481922	199.2232685774018	1546.474084699951	-387.5145296494663	273.4594613987254	1495.871204572116	-194.0536338263316	271.2053944437595	1497.138637346656	-244.7764937838966	262.6230758001292	1274.769370488756	31.32973738169574	222.1765236387205	1183.757675865068	70.34823901279935	329.9285622180286	1079.052086532123	69.35333379666773	396.5294366060868	975.4723623480243	66.08170505563658	182.3797137542045	1324.440075179959	-480.949684431894	145.7052361339208	1205.699983282714	-507.1855978244155	214.2713305554962	1083.694926150661	-531.7747837205585	258.875365884182	977.0215063863666	-535.640773726426	310.3180422923151	1023.574547945571	-97.74192048328067	290.7107242917455	1035.826259335173	-349.4600554787255	94.33281157009634	1025.961431557623	-171.9490753978438	81.05135748449125	1000.033583479607	-214.6917432321965	88.26694877025473	1020.876993442967	-263.0040621443385	271.9618728784649	780.8543721963855	-40.71273740048059	163.1151023871224	771.9645423705639	-26.16242919873655	158.5808745181522	648.3501080166529	-66.31869204604918	195.1922265728019	519.4474427640064	-98.61815986295906	194.3501271861302	420.319779031668	-97.17347069744446	172.9615541482228	309.6213671226661	-100.2851107937665	110.9967660714822	430.9739384701359	-91.72567748479396	88.11289500491466	313.1711995407397	-100.3130970555231	104.8392245524856	111.3754147695316	-138.5061610573899	22.51843746666796	40.43297239541351	-188.2179002963288	213.2589822204388	36.60247799055313	-99.95958758460824	322.6690202152946	54.65038145461283	-196.3131624382528	387.1236603880511	865.6643809967804	-386.7575595586381	442.2145065990896	747.5117912694714	-377.6792884269253	302.5836649955479	835.1255102199173	-444.54042016109	341.6342463687344	705.924809214708	-424.6371829427844	408.0966698887104	575.9723941088325	-390.0607121571883	424.2742947301252	458.4185430408794	-381.8743131167481	332.8466600296555	489.6286760027363	-395.4133888645818	299.3291872350987	378.9185835022446	-382.0779030308968	308.3039334797074	162.4942424700878	-354.972715813999	217.0586347571974	104.0009894412519	-295.4039358743838	391.0738168669658	65.36915906827264	-398.6787457072104	506.1195026682145	70.70100007111517	-319.8945333953
0.6899999999999999	230.5427467544177	1532.145385263067	-46.21811127743568	211.2661467372994	1544.820869253859	-387.9792026057859	285.8764208571954	1494.373602257513	-194.5769642206345	283.5148286176782	1495.580166269934	-245.3259474113926	276.3043486407249	1273.927098315503	31.44611154033598	236.5033983507779	1182.711069676285	70.77964927404562	346.2724232884286	1079.99727413257	69.19378655603728	414.9453300652683	977.9002873228615	65.43611852222688	192.0449566007255	1323.161901563272	-481.3553244046803	153.9018911610644	1204.795266255187	-507.4531182691592	221.0145822200332	1082.216939902159	-532.9636644346886	264.5052762997263	975.1015613464572	-537.4540802948749	321.7802369078225	1021.871857815028	-97.51375549381532	302.956787439539	1034.513198698589	-349.300005221088	106.0057748672336	1024.826912815723	-173.2308087516772	92.93269201434555	998.8075978222712	-215.9435394780602	100.250786260209	1019.570678635494	-264.2730240581288	279.3661022096395	779.6553253321719	-40.56916317757209	170.6289862587393	772.2400276171329	-26.41084969250783	164.0955038828827	648.8557285252311	-66.55040577717182	198.6282675202307	519.1766707477541	-98.53353046872813	196.6943280319679	420.119325926803	-97.10064063787129	174.3863987977313	309.5917947343955	-100.297762849258	113.4129065992219	431.4915263284663	-92.13250659565337	89.59177932712996	313.8785303444118	-100.8594908703209	104.9773777665048	111.7107525744526	-138.9232434355252	22.52015386262575	40.72865903027217	-188.3682519581445	213.2303333884167	36.53646650276291	-99.97816867350591	322.7553651962542	54.49719702761197	-196.2548711081	399.8474167648644	864.0666543988996	-385.1178060765277	454.4191769411307	745.8104362760303	-375.3298389653673	315.8997724205224	833.6945886952321	-444.0901882579702	354.2302712236593	704.3837800356453	-423.4960151176038	420.2903724126062	574.3670125278645	-387.8889326273066	442.5091122037802	458.6051137254109	-380.5416501749528	349.4522645244506	483.5135104390625	-394.7479557464842	323.5392291185653	370.7855969198998	-382.4992016246505	347.5795647962578	155.2550444957686	-357.2689466586816	260.7973165783679	90.06058312333582	-298.3487169912444	436.8944564711704	64.92591249218293	-401.5313773988968	551.0213467716708	77.90406131264724	-322.4456201961196
0.7	243.357191896266	1530.545754478403	-46.72489199977161	223.4313411437743	1542.9205890238	-388.5353538503436	298.340195422453	1492.597429493813	-195.1758861096208	295.9015845055285	1493.755562993387	-245.9448247257877	289.9628045201135	1272.774197166241	31.47431071612984	250.7924107566514	1181.369159428695	71.09309027800796	362.5096362728211	1080.665143502331	69.00113917435066	433.2037374003162	980.0736381438066	64.81010165374688	201.9465373914306	1321.618556899272	-481.7654120940852	162.3554180920435	1203.632108133486	-507.6861436579244	228.0194129162378	1080.474466730303	-534.0527228712326	270.3797935000845	972.9191058869712	-539.1089852707803	333.3223034122033	1020.015537295515	-97.3298828105363	315.3672136181719	1032.872626441251	-349.2158195470108	117.8143143656343	1023.551226625044	-174.5141841140326	104.9464163510412	997.4354975858212	-217.1783978565601	112.3755596619644	1018.088176561181	-265.5342790040629	286.7800323242091	778.3787346991658	-40.40684599255829	178.1810074220701	772.4466425996511	-26.79331531442696	169.7205616993015	649.3102289302392	-66.90072192919206	202.2860999902612	518.8587719248169	-98.49119174738405	199.2522265080212	419.8627128327495	-97.07217250147524	175.9582097578955	309.5307198283627	-100.35213848261	116.0657393138845	432.0091199972003	-92.6129488229884	91.2351713632748	314.6053079826655	-101.4723761085148	105.1362338213681	112.0692371331131	-139.3816089902787	22.5442926702835	41.03521896427534	-188.5377292268042	213.1498491184389	36.44396462087055	-99.9831291302209	322.8738593155559	54.3364283496931	-196.1967733153213	412.3041630393228	861.5661202001916	-383.6864761844514	465.9456076539677	743.0284041231278	-373.1819846736795	328.7485379996753	831.5973724609421	-443.602823522214	365.9396571362277	702.069431458197	-422.2348995394862	431.6668007597892	572.0569673193278	-385.7184934878346	459.9946032780753	458.6867431468158	-379.2080918069229	365.7118877443362	477.1206844701381	-394.0996038307375	347.6538408547731	362.8878548849495	-382.9488254164772	387.0081738832433	149.3090765830266	-359.5948705460615	305.2583450373024	77.64306785416508	-301.3827708873939	482.5013857213465	66.35050865409681	-404.3108357675533	595.0614880237056	86.98211496043245	-324.8394077829698
0.71	256.1975040015412	1528.685659261794	-47.30602877432575	235.7144236264458	1540.7920003352	-389.1846847195117	310.8451470412952	1490.569533610276	-195.8513319490797	308.360672738746	1491.689358522938	-246.6332063208423	303.6098391577754	1271.338565827327	31.39272204135018	265.0607901586488	1179.753045423313	71.26471787256628	378.6399115389585	1081.057676926627	68.76935921414521	451.2849767295638	981.9764583807885	64.21202428907431	212.0912840903553	1319.822476781213	-482.1906646620524	171.0859758591925	1202.218381444712	-507.8934359830927	235.3021910781804	1078.476973842234	-535.0521990872844	276.513578498746	970.4819963492089	-540.6212622560793	344.9543945837203	1018.016243878795	-97.19255501265465	327.9499041244185	1030.930727421708	-349.2084457397419	129.768598349117	1022.147258433698	-175.7769770577788	117.0958759730315	995.9342285962157	-218.3763954287301	124.6462664503934	1016.447558590986	-266.7675837488047	294.266419556059	777.0212222156083	-40.24584623535459	185.8152750541933	772.5843134534438	-27.31862533060244	175.5192257286525	649.7010696285536	-67.37700026403175	206.2231881666471	518.4844283773635	-98.4956163809829	202.0780597758705	419.5391655499301	-97.09479242730211	177.7242038131584	309.4311143488051	-100.4542708223104	119.0128033388415	432.5195754844596	-93.15602708195007	93.0905322279165	315.3490355578759	-102.1397832986908	105.3331562788285	112.4563128356212	-139.8744937043927	22.59961863431467	41.35508043374308	-188.7219588989039	213.0140301929183	36.32432815472073	-99.97299906808479	323.0260608981403	54.15360417756565	-196.1402945612523	424.4896991587195	858.2124569321413	-382.5009430146845	476.8150715498815	739.2272757970011	-371.2997621983865	341.1122202584246	828.8891910693819	-443.0945022775163	376.774052925803	699.0414484240424	-420.9091512628631	442.3137282756883	569.1232925743243	-383.5960589883102	476.7604922269095	458.7139593964184	-377.8876993407013	381.6660855422016	470.6012530307448	-393.4859737294352	371.5947808781369	355.390853911207	-383.4225373787949	426.2700822461962	144.7682307110405	-361.8745878692067	350.0465702792757	66.93125704244136	-304.4493214204056	527.5240880596584	69.64733414424364	-406.9003971169382	637.8764436344395	97.85714398272533	-326.9371492799121
0.72	269.0442357702874	1526.598901867362	-47.96507384069969	248.1106323839159	1538.456685053763	-389.9286789013604	323.3861055539397	1488.322040260331	-196.6026341377973	320.8867751871794	1489.410969668874	-247.3900214520587	317.2552876566567	1269.654502034698	31.18049789949404	279.3220461539713	1177.889961538735	71.27370477577315	394.661299275418	1081.181860485581	68.49190941434676	469.1684251288282	983.5964945602038	63.6480302524302	222.4865513825821	1317.788450111156	-482.6415602082735	180.1145741528469	1200.56434153932	-508.0862271662755	242.8793075848907	1076.237854587047	-535.9736828959249	282.9202873311135	967.8025983809316	-542.0069437278441	356.6811081764949	1015.884064037328	-97.1058808658137	340.7018342963622	1028.719146255054	-349.2792191233963	141.8693671454952	1020.623055346068	-177.0006268739044	129.3759692147727	994.3171214579389	-219.523283326999	137.0590236844152	1014.665537803752	-267.9573177498185	301.8941313981483	775.5793802046539	-40.10752628257448	193.58384505134	772.6458681730694	-27.98657721675563	181.5598199505709	650.0098793238471	-67.97693745579953	210.5000546806232	518.0428913814009	-98.54992186066082	205.2276880649979	419.1382180861247	-97.17421569174007	179.7329436848139	309.2869164058412	-100.6088511261005	122.3127489666534	433.0163026720375	-93.74714472688288	95.20625896983688	316.1087620687584	-102.8457459467872	105.587243107713	112.879961193483	-140.3915240498098	22.69249197682456	41.69455886192659	-188.9144781422175	212.8244015821902	36.1800932023351	-99.94771937804333	323.2115592511655	53.93411739106844	-196.087548867006	436.4113204792799	854.0993779784683	-381.5851643361671	487.0850968202523	734.5235445056529	-369.7322829216366	352.998866530153	825.6529456694266	-442.5866907576011	386.7990674214338	695.394785547601	-419.5827988925637	452.3590177528516	565.6759102138644	-381.5683258622111	492.8584259740853	458.7267737158888	-376.588005741873	397.3614533387454	464.1118003066539	-392.932088116869	395.2663701309557	348.4393766332662	-383.9190661344395	464.9861739506885	141.666354097176	-364.0216553321085	394.6771029064544	58.02522268543716	-307.4724988701572	571.5394279574517	74.70766909908778	-409.18177694411	679.0834159723099	110.319576111362	-328.6069868184668
0.73	281.878160959379	1524.32388108849	-48.70491491468567	260.6149136635801	1535.939304126407	-390.7687683240667	335.9589718310081	1485.892093803153	-197.427918588912	333.4743953455077	1486.954514444108	-248.2135931354997	330.9066772600438	1267.762301406483	30.81905675310675	293.5846076032705	1175.813427354747	71.10333546198413	410.5690072274514	1081.050141379941	68.16165993892071	486.8321457438967	984.9261062502309	63.12152625683043	233.1397058043476	1315.534259949663	-483.1279071851115	189.4617781842895	1198.683522329752	-508.2775541609411	250.7666524705882	1073.7747800518	-536.8295361483517	289.6130335776544	964.8982448869031	-543.2813927339618	368.5023882019152	1013.630484097464	-97.07543437185961	353.6089501914647	1026.275312110964	-349.4298744587552	154.1086869188563	1018.983828537408	-178.1715511097857	141.7744977912231	992.5951530916143	-220.6113540235362	149.60157555708	1012.758949757651	-269.0933563513583	309.7325980540598	774.0509806972285	-40.0119160376763	201.5436295868838	772.6176317754653	-28.78677118990892	187.9112756495805	650.2140292692904	-68.6887200793731	215.1769614449357	517.5229390806211	-98.65571816060455	208.7551707259409	418.6506941560094	-97.31433497571774	182.0309079238439	309.0942233960469	-100.8181037020869	126.0220473794346	433.494374674699	-94.36921736799577	97.62880003094865	316.8861457969125	-103.5712023338071	105.9180746380005	113.3510923475145	-140.918530783201	22.82650362970786	42.06477274239661	-189.1067239075742	212.5890834348516	36.01741979828393	-99.9088170861223	323.4285006504664	53.66486850141146	-196.0412988045524	448.092220697121	849.3655735225263	-380.948335124557	496.8550831395556	729.0893217866533	-368.5084006357307	364.448683679487	821.995933072091	-442.1049456440785	396.1411301780685	691.2568604259867	-418.3211052708406	461.9709316181228	561.8495984467468	-379.6783625621503	508.3600733914456	458.7491247916944	-375.3097006615916	412.8473447351391	457.8063135419993	-392.4662847528675	418.5556717350954	342.1476133098447	-384.4384830263195	502.7293481425249	139.9491246411681	-365.9449983961156	438.5869990601137	50.92945501542022	-310.3597481125357	614.085280936592	81.30110549783522	-411.0445138268831	718.2975152916238	124.0212764975516	-329.7347291375743
0.74	294.6823052671778	1521.90321284944	-49.52804155936829	273.2221032698951	1533.267839561358	-391.7064280157185	348.5614514348382	1483.32128979137	-198.3247083507732	346.118282461736	1484.358298645524	-249.1022776362257	344.5685118108535	1265.70738062672	30.29354700590982	307.8507696557128	1173.562992297632	70.74187424816708	426.3545236919713	1080.680498639817	67.77106006171567	504.2525487691979	985.9628331399099	62.63297409483738	244.0573887370915	1313.081405467947	-483.6585686130861	199.1461617127629	1196.593452318979	-508.4814380436865	258.9793042667511	1071.110115548442	-537.6322476656935	296.6052618357015	961.7915546906193	-544.4585825804005	380.4152429784798	1011.270284678102	-97.10770077024165	366.6474846713106	1023.64257091137	-349.6627424032689	166.4717438362525	1017.234291267615	-179.2819686475377	154.2740896779014	990.7784538982193	-221.6395252648109	162.2547794707075	1010.746101025534	-270.1712964130816	317.846651389551	772.4358257059635	-39.97614223281055	209.7525290147664	772.4808626713411	-29.69895705015688	194.6384932508131	650.2888608985436	-69.49272492346446	220.3106767111401	516.914037780445	-98.81332341371913	212.7096726850959	418.0697134432204	-97.51673710735824	184.6594745943338	308.8523117772872	-101.0810650018334	130.1921546263871	433.9515224052484	-95.00386110626471	100.4002333790703	317.6862406808535	-104.2949918434271	106.3442546242646	113.8839559791591	-141.4375969417196	23.00221077884994	42.48260556209971	-189.2882336525323	212.3233960822677	35.84574635994695	-99.85925879859539	323.6741396660263	53.33600375210716	-196.0048309957532	459.5754984064873	844.191085338228	-380.5846936996579	506.2685293616668	723.147364551957	-367.6327822085932	375.5380914320514	818.0445496417369	-441.6767877714365	404.9880980815128	686.7817423489832	-417.1822710480276	471.3538551946392	557.7969866328235	-377.9617382900885	523.3534340838984	458.7844568509232	-374.0473760843236	428.1714529978765	451.8277414503279	-392.1138291032884	441.3334405327177	336.5913420405062	-384.9790708104373	539.0423171022777	139.4708791815707	-367.5569445156243	481.1546654516289	45.54799562375488	-313.0082791935262	654.6803531435555	89.07694754133541	-412.3948091894437	755.152006562771	138.4818449937727	-330.2328221053418
0.75	307.4440852769642	1519.382968835975	-50.43678554172033	285.9271991318767	1530.473688108905	-392.7432015979597	361.1937599931265	1480.654716513364	-199.290670324876	358.814197634377	1481.663998658186	-250.0551048282984	358.2417074906397	1263.538849155292	29.59416298305857	322.1160372251716	1171.183480416866	70.18315560772618	442.0051758945382	1080.096025685254	67.31259979308378	521.4042040983005	986.7096432729588	62.18002507305903	255.2447344493414	1310.455681431919	-484.2413019583896	209.1827366489731	1194.31610401816	-508.7120354964645	267.5314939687237	1068.271260151206	-538.3938072036456	303.9118429644361	958.5105865759035	-545.5506133943734	392.415705325576	1008.822874567642	-97.20950346803312	379.7868768657057	1020.870098134313	-349.9810817438621	178.9395195808358	1015.380788064696	-180.3301650870774	166.8545774171612	988.8777430386741	-222.6126992639454	174.995146053634	1008.647627833747	-271.192052475887	326.292405269766	770.73648251704	-40.01396404852255	218.265307901066	772.2140199487353	-30.6950967594497	201.7984515403824	650.2103947320024	-70.36459701938767	225.9518002759223	516.2076622835534	-99.02225561638663	217.1330685943946	417.3916447504105	-97.78056809242793	187.6527573213045	308.5644551262649	-101.3932579345942	134.8673534121409	434.3890027792579	-95.63249371537168	103.5565691239516	318.5180033418457	-104.994812268753	106.8819087864848	114.4966496967559	-141.9273862712	23.21696568868817	42.97175428377963	-189.4471494955372	212.0487090375723	35.67626250475688	-99.80279452142314	323.9453619768265	52.94253650049438	-195.9817011256325	470.9268714592353	838.7886173829704	-380.4744145534348	515.5100652662401	716.9597012894706	-367.0840823007393	386.3801192806775	813.9371748922219	-441.328837238164	413.5820036231801	682.1413734126262	-416.2099203601846	480.738775249786	553.6787923814029	-376.4428916141899	537.93773405661	458.8130646703914	-372.7912364701692	443.3749734549384	446.2996481421144	-391.889734720475	463.4566955918275	331.8029826072178	-385.5332212642284	573.4611634036348	140.0000971949526	-368.7819065389563	521.7269864453667	41.68970528605844	-315.3152670313345	692.8491936689602	97.57738961756132	-413.1625934644084	789.3197783057958	153.1094642163285	-330.0466966640571
0.76	320.1573157726859	1516.811502280555	-51.43350988570589	298.7256247156396	1527.591526884339	-393.8806740304927	373.8590732075817	1477.93959135092	-200.3243937292789	371.5597931179506	1478.915566829145	-251.072320126863	371.9232409586875	1261.307569751102	28.71718998777399	336.3689726787429	1168.723719752163	69.42686486543732	457.5040863752876	1079.324013894268	66.7794936530692	538.2599014729074	987.1748556914145	61.75797628350387	266.7046195315197	1307.68744548423	-484.8826661803629	219.5816317799851	1191.878119464835	-508.9828820803134	276.4367133918454	1065.290730640221	-539.1252067574715	311.5501601450867	955.0888151638151	-546.5674692572641	404.5006957397191	1006.31282793067	-97.3874951131543	392.9941110127543	1018.012408343226	-350.3893743945212	191.4919792048298	1013.432859456448	-181.3202756010692	179.4958901357795	986.905386527982	-223.54057737212	187.7983171255847	1006.486634576046	-272.1610227877155	335.1145629075125	768.9590895636677	-40.13603505507679	227.1298423601404	771.7957853088167	-31.74297872966184	209.4376518237706	649.95827867343	-71.27920480389687	232.1430151837814	515.3986773604005	-99.28179305985947	222.0584078464033	416.6169759505746	-98.10263011320939	191.0365231735422	308.2385754511535	-101.7466609771915	140.0832916385129	434.8123790195705	-96.23735785121835	107.1268201794568	319.3946504492108	-105.648196117099	107.5435997404188	115.2116674304168	-142.3639040438437	23.46490688295525	43.56384572309503	-189.5710571029983	211.7892103618518	35.51915631996862	-99.74277396507551	324.2391526888234	52.48552851010567	-195.9753420941981	482.234961380256	833.3898030221018	-380.5854710144238	524.7960948446203	710.8099643330228	-366.8157162460039	397.1202238221055	809.8156956586647	-441.0836659329789	422.2035326423346	677.5142203553416	-415.4280241969675	490.3684694338448	549.6520845867627	-375.13232769053	552.2171990444557	458.791883707204	-371.5294763266555	458.488192870131	441.3185649419689	-391.7927175047639	484.773874463755	327.7701199486762	-386.0835322694821	605.5432258319307	141.2345542811544	-369.5640838191084	559.6538144459773	39.08465826926808	-317.1904789741211	728.1505547286507	106.2634461702331	-413.3064588061698	820.5341633920555	167.2358324395791	-329.1581083535645
0.77	332.8237532759053	1514.23791075763	-52.52077352572607	311.6134101887882	1524.658948942841	-395.1203997979378	386.5635107405076	1475.223566376064	-201.4260439293881	384.3552269322082	1476.157896637756	-252.1557466370632	385.6060231511417	1259.06388143573	27.66563990286365	350.5916425628407	1166.234818091422	68.47848401791873	472.8304712550862	1078.394653089764	66.16644382334783	554.7909954705387	987.3716635700614	61.36041674148143	278.4369908595065	1304.811485311721	-485.5879932298376	230.3472176728129	1189.31083525695	-509.3063187636464	285.7078025375469	1062.205868542135	-539.8361434695012	319.5409389056131	951.5648571779716	-547.5169962000492	416.6695999724578	1003.769636954517	-97.6477581308736	406.2389566604891	1015.128158000583	-350.8933544302457	204.1113329482036	1011.404131797796	-182.2617184958208	192.1813770416607	984.8759117218191	-224.4362169553667	200.6431323523481	1004.288037648625	-273.0871030976724	344.3453772561667	767.1142008346114	-40.35048837764792	236.3843564889536	771.2086137477806	-32.81083916134337	217.5911068966297	649.5186680870111	-72.21474971338665	238.9184097020709	514.4866362545318	-99.59133624797593	227.5092852073994	415.7510762295941	-98.47748718374831	194.8282146801703	307.8877417632133	-102.1298876646301	145.8663067960686	435.2321685894114	-96.8025667885837	111.132774715334	320.333979827176	-106.2336988969764	108.3382462003595	116.0563192482811	-142.7218560943933	23.73733237799392	44.29955519435326	-189.6481370224644	211.5674924220343	35.38035250875109	-99.68079612865606	324.5529437048922	51.97254006713692	-195.9885902919075	493.6082663973416	828.2272207622343	-380.8762803742536	534.3589641686456	704.9805335635692	-366.7594618787058	407.9273612514536	805.8162921435355	-440.9570395141834	431.1494813280439	673.072289981975	-414.839432000873	500.4780662558433	545.8579139547646	-374.0252597742221	566.2939265085495	458.6573011550191	-370.2508361677861	473.5272877760527	436.9479587065545	-391.8020430785945	505.1331596022597	324.4379522227658	-386.6006809964797	634.8972971431465	142.8260589425185	-369.8732412909038	594.3285544847702	37.41091145221763	-318.5692891658039	760.2068153230367	114.5533250313428	-412.8168787443003	848.6073180733351	180.163009751042	-327.5853550103762
0.78	345.4537402505502	1511.710251299976	-53.70151507580461	324.5872509849311	1521.715877212192	-396.4637898026723	399.3155630461679	1472.552888686269	-202.5977661373425	397.2032987319791	1473.435358713772	-253.3089421755741	399.2790216727535	1256.855273071134	26.44934398595179	364.7606560170274	1163.768134037679	67.34888664487788	487.9602775966962	1077.339536261718	65.47031917265377	570.9680643882963	987.3172358886937	60.97990293413722	290.438360954027	1301.866463012575	-486.3614834838661	241.4777666401137	1186.65002242638	-509.6931407411614	295.3569186179009	1059.058107118252	-540.5349450464419	327.9085400981241	947.981840614618	-548.4050892040307	428.9255344917995	1001.226869961389	-97.99546334963296	419.4994382940693	1012.278044235744	-351.4995244394238	216.7850159120171	1009.312601124198	-183.1684229493522	204.9011507548605	982.8060214330034	-225.3146904233987	213.5157415034507	1002.077265141464	-273.9818239397817	354.0052237529411	765.2175027978111	-40.6635025095438	246.0561054412218	770.4423450408885	-33.87217764155477	226.28281441161	648.886627558362	-73.15627840450483	246.3038193823886	513.4768204804176	-99.95033687933984	233.5001227140802	414.8047928977452	-98.89735374223878	199.0379243388789	307.5304667745797	-102.5285378364741	152.233743356067	435.6641850595868	-97.31524345925004	115.5894547071349	321.3586197910649	-106.7324392956052	109.2723278731125	117.0628336521805	-142.9765934048855	24.02386392148301	45.22959370189211	-189.6685602524472	211.4006841247059	35.25896174598496	-99.61578030321871	324.8847200926785	51.41724133732765	-196.0232130178967	505.1685346449158	823.5138673530871	-381.2989109923082	544.4259797955547	699.7267255157803	-366.8318909512342	418.9809286319258	802.0602793173239	-440.9562169589886	440.7058055446101	668.9679378447108	-414.4282306874071	511.2725451559418	542.4100137024237	-373.1022219546174	580.2601414097255	458.3313445019353	-368.9468313134465	488.4928096871399	433.2148953122497	-391.8784248439501	524.3938476649962	321.7159192658502	-387.0444835745203	661.2138946017149	144.4129861488068	-369.7082561529251	625.2322160549381	36.32897021659141	-319.4238786518246	788.7321758804121	121.8707128738649	-411.7178814266315	873.4445908283039	191.2184164297659	-325.380394272136
0.79	358.0655345767466	1509.273663265017	-54.9792508663228	337.6444000796381	1518.803705323051	-397.9119859490078	412.1250638815353	1469.970679804743	-203.8437989388174	410.1091293612309	1470.790381216325	-254.5371791708498	412.9277117910946	1254.724339740745	25.08441107831047	378.8486551046653	1161.373142508793	66.05358705131945	502.8671946674926	1076.190150313348	64.69062645752115	586.7618676291437	987.0315293468454	60.60856399265577	302.701578391916	1298.894001382911	-487.2064842152552	252.9656503217709	1183.935222367296	-510.1524554520531	305.3953369590184	1055.89176277086	-541.2286809732245	336.6804716382388	944.3863607574101	-549.2360910321353	441.2763423822533	998.7209568257538	-98.43443676781905	432.7667559228164	1009.521859858551	-352.2139815297085	229.5081231138569	1007.180470924003	-184.058013076926	217.6548463228995	980.7143500040269	-226.1922027129572	226.4131118871189	999.8787477161611	-274.8588756140842	364.1045164749071	763.2901941711118	-41.07961269441227	256.1616315486852	769.4972441345342	-34.90989673564043	235.5274851226222	648.0676174029874	-74.0979824070962	254.3180482602094	512.3808023285795	-100.357640545524	240.0373837307431	413.7947882754434	-99.35165133203995	203.6701247614927	307.190707010369	-102.9256758453884	159.1953908179854	436.129381925911	-97.76669344256989	120.5063706672617	322.4960029555623	-107.1299047339253	110.3522625956822	118.2680143746766	-143.1063981296882	24.31482068600943	46.41535868673409	-189.6259977218408	211.298305971677	35.14636237491877	-99.54383968286498	325.2327774402623	50.83827568950881	-196.0795036139128	517.0408470664805	819.4226499024364	-381.8027049866663	555.195988710391	695.2513597875356	-366.9433419761908	430.4547972591203	798.6459266888064	-441.0797026097936	451.1194172029883	665.3220875101605	-414.165094464454	522.9038920547664	539.3862769241473	-372.3320205794098	594.1903325633964	457.7312003294602	-367.6134772366429	503.3699109879934	430.1101264981891	-391.9693248603465	542.4397906722713	319.4882369569987	-387.3687993233061	684.2931212424354	145.6568805349121	-369.0982196709274	651.9769022999737	35.51965898061469	-319.7704048181163	813.5574254862424	127.6977111774463	-410.0665822912709	895.0536485729721	199.81275265691	-322.623244281436
0.8	370.6831416764654	1506.968574809757	-56.35818510229942	350.7823878269231	1515.964098932526	-399.4657606045554	425.0019247788011	1467.515575794892	-205.1702877658758	423.0794716652517	1468.262231036759	-255.8472647337621	426.5348975681381	1252.707276510948	23.59202926244646	392.8260723036793	1159.095381300542	64.61167417070065	517.5240355968526	1074.976494615758	63.82971814470869	602.1445211277994	986.5360385780607	60.23857081441984	315.2159701103235	1295.937543551716	-488.1259562478647	264.7979808145763	1181.208636309546	-510.6917138202884	315.8330522610742	1052.752380847044	-541.923392685973	345.8861138647475	940.8270622292337	-550.0133664343583	453.7352109890574	996.2897311075799	-98.96651398108062	446.0487331503809	1006.914983878552	-353.0405736970164	242.2850560769341	1005.033745948405	-184.9511122703385	230.4532609590774	978.6213053287165	-227.085902330888	239.345315948618	997.7148211144818	-275.7342320245438	374.6465690469036	761.3588105153653	-41.60166467194634	266.7083723612067	768.3858669188148	-35.9190528448384	245.33319908061	647.0777370377753	-75.04387134867443	262.9747462711094	511.2162594792573	-100.8101989347174	247.1217699088322	412.7434424082707	-99.82628073267557	208.7260795451172	306.8974442847746	-103.3023670604428	166.7559437101282	436.6530862271563	-98.15340644753812	125.8897286027275	323.7778040019103	-107.4177055791548	111.5876949625782	119.7124155630238	-143.0947326430551	24.60492233860465	47.92910421187231	-189.519038559564	211.2618806335099	35.02718583763377	-99.45894852543489	325.5951200797839	50.25756322479405	-196.1559966402553	529.3412837022082	816.0690206842464	-382.3382958166933	566.8171069590318	691.6837038057733	-367.008634693107	442.5001627187996	795.642178787955	-441.318463505065	462.5720213047846	662.2153437244731	-414.0140822219452	535.4516685441413	536.8242856083175	-371.6771120574264	608.1341627578182	456.7812518630521	-366.2528374795224	518.1301040559049	427.5915841336554	-392.0180710205971	559.1932117491693	317.6271901942222	-387.5297974889992	704.0670391951552	146.2778771421772	-368.1008676341445	674.3435898145425	34.72003472257783	-319.6699178606514	834.6486982161384	131.6248999493573	-407.9498494114692	913.5473670674371	205.4943201971084	-319.4147838169557
0.8100000000000001	383.332867805283	1504.829197823723	-57.84307758025007	363.9986890861536	1513.237499076025	-401.1254449657037	437.9548081491301	1465.220847363512	-206.5847714473912	436.1217520772058	1465.886099985681	-257.2471619827598	440.0817895271873	1250.8330053029	21.99666286340653	406.6630194462282	1156.974648067239	63.04448538908861	531.9043374532705	1073.725913885532	62.89272484857118	617.0908033516922	985.8526982156203	59.86241400425878	327.9678979679997	1293.041096354549	-489.1230743270476	276.9575388161779	1178.513628218571	-511.3168800275681	326.6781863282116	1049.684822601391	-542.6243980521199	355.5549524992567	937.3529564940084	-550.7399325702796	466.3206031713767	993.970786875256	-99.59072082305055	459.3708865732507	1004.504769308299	-353.9786556167762	255.1301180352902	1002.90181124231	-185.8708543436329	243.3185563446892	976.5492815028931	-228.0143739035133	252.3361502417864	995.6056222304944	-276.6268813612928	385.6309391995825	759.4543108093794	-42.23041059631183	277.6972899456303	767.1332903042515	-36.90777797880588	255.7046389782732	645.9425365278771	-76.00659982122107	272.284702822661	510.0057907582209	-101.301327294406	254.7513862647401	411.6780811720095	-100.3028032584874	214.2069906733159	306.6837174330408	-103.6382238082208	174.9182502776983	437.2635762141437	-98.47760158562073	131.7456371239193	325.2386758738151	-107.5948778938615	112.9953875874822	121.4390659309273	-142.9320404956619	24.89807397693728	49.85369480202179	-189.3522520819084	211.2857899525708	34.88209823224807	-99.3541680585279	325.9686207794144	49.69822933561754	-196.2493608490136	542.1637103027792	813.4998768770774	-382.8620165644698	579.3692400766035	689.0666226805746	-366.9580867208822	455.2293476782111	793.0850666007741	-441.6583128460734	475.1594468107637	659.6831587656739	-413.9393016551705	548.9111120228932	534.721456348738	-371.1009203228086	622.1115916130227	455.4258827467681	-364.8748973276547	532.7344856145849	425.5906708235459	-391.9751949404966	574.62682210755	316.0072658762335	-387.4958941277878	720.6129131751637	146.0831845212401	-366.7983782323818	692.3084983348712	33.75151052369394	-319.2214992147532	852.1168475150072	133.3902035675824	-405.4780496955934	929.1395532626418	207.9924531570099	-315.8696486327511
0.82	396.0391638019631	1502.882544740351	-59.43876835977262	377.2905543453704	1510.661503051165	-402.8908586555343	450.9899009269953	1463.114007306514	-208.0953352794246	449.243003293903	1463.692554383008	-258.7453394902915	453.5491584209594	1249.122913486138	20.3237686724861	420.3312063499235	1155.04362364427	61.37410887034035	545.9838908928798	1072.462210067555	61.88721670948809	631.5795002044345	985.0031087165466	59.47301139681333	340.9416145022868	1290.247899112445	-490.2018373292783	289.4238767957107	1175.892973424149	-512.0327023194392	337.9362924979239	1046.731404578863	-543.3366440750095	365.7147052317056	934.0116156186032	-551.4189990669886	479.0551909540196	991.7997317467841	-100.3025134335711	472.7745677651408	1002.327477599202	-355.0209014129259	268.0668389905499	1000.817182253413	-186.8425238925568	256.2828894917659	974.5233442241137	-228.9985041036622	265.4218112706234	993.5702745182477	-277.5598229227123	397.0568329110072	757.6103573371374	-42.96384850715675	289.1262393560543	765.7754414662995	-37.89619827805812	266.6465461449219	644.6943322591267	-77.00444212887224	282.2584766906222	508.774668035339	-101.8189780655136	262.9256632294336	410.62938812508	-100.7578014907484	220.1178442936391	306.5850468524319	-103.9119364896293	183.6871563680455	437.9900162848033	-98.74706762741562	138.0841391517373	326.9142923407883	-107.6684105890312	114.6033235824009	123.4918131425916	-142.6167350827821	25.21287311463528	52.28212866774015	-189.1366111594308	211.3589316239505	34.69214174219273	-99.22313675776272	326.348152286777	49.18228341755214	-196.3545239731146	555.567817740727	811.6910715817298	-383.3404936359127	592.8543230984632	687.3546456549942	-366.747015884725	468.7028571623706	790.9774157735526	-442.0829522709623	488.8797461572613	657.7157921947284	-413.9103989065846	563.1921004110728	533.0397105428201	-370.5757653344778	636.1119612359166	453.6407209036197	-363.4997299378919	547.1386852754711	424.0206228133784	-391.8096403093761	588.7722261483048	314.5180491672846	-387.25692528473	734.1539031764071	144.9837813035277	-365.2910064039332	706.0525669560457	32.53495476322669	-318.5480900876613	866.214095122948	132.8995764122603	-402.7766328692338	942.1327296913842	207.2430192049262	-312.110582661583
0.83	408.8205028361072	1501.148153366865	-61.14935879026234	390.6551440098991	1508.26934213838	-404.7611878658381	464.1100046983561	1461.216862872921	-209.7094808277562	462.4488301292313	1461.70731749875	-260.3497915971384	466.9184458736257	1247.591160538093	18.59725240941688	433.8057386027228	1153.327076883428	59.62184645851997	559.7419304345963	1071.205129067274	60.82262807564591	645.5946247642595	984.0081581388135	59.0637709465029	354.1201490697268	1287.598990495368	-491.367480130816	302.1746174238762	1173.387014263857	-512.8430249488561	349.6097298299271	1043.930333365864	-544.0650463839737	376.3896077871827	930.8473895492291	-552.0543363660819	491.9636863817379	989.8084631804516	-101.0934640401533	486.3122247371999	1000.406473537613	-356.1517312125208	281.1259715967174	998.8154086755591	-187.8930748734262	269.3854613656434	972.572236436032	-230.0621965740982	278.6474990258204	991.6291605096882	-278.56069620963	408.9262002565644	755.8609207725606	-43.79650025363395	300.9936800664897	764.3555285948523	-38.91340987669891	278.1670037496832	643.3681661875205	-78.05670617104506	292.9093831593568	507.5477646817928	-102.3445828926645	271.6496473546109	409.6291302402029	-101.1626714499923	226.4716029933247	306.6373691992644	-104.1017518514552	193.073764104578	438.859904770521	-98.97421079139497	144.9236422086709	328.8388906542878	-107.652846164664	116.4546241654553	125.9134144522008	-142.1551319259665	25.58857165416185	55.31688782693741	-188.8890364051126	211.4669138875621	34.44430934995106	-99.0615127707833	326.725894630608	48.72812982696814	-196.4650494332651	569.5706099962702	810.554426983938	-383.7548679461944	607.1959554870419	686.4238301576218	-366.3620753847487	482.9217532623331	789.2922025043401	-442.5770962703232	503.6323606194945	656.2633174611586	-413.9064618676527	578.130417794943	531.7141048606081	-370.0894374816572	650.0982644412592	451.4401093379892	-362.1589416670183	561.2996905621274	422.7863808995743	-391.5173793309594	601.7229374645574	313.0743027908795	-386.8303401578258	745.0450089878393	142.99664911094	-363.6892837839155	715.9498450756403	31.08971310192799	-317.7781495419105	877.3162168157137	130.2259939935723	-399.9766973762396	952.8979167221487	203.3907542377933	-308.2642340715529
0.84	421.6860840741929	1499.638545955514	-62.97713219286027	404.0899077362932	1506.088650986794	-406.7347307329709	477.3140782339891	1459.545899833084	-211.4328061172175	475.7424420898801	1459.951227853815	-262.0667484442144	480.1727438271037	1246.245510648312	16.83701541724837	447.0665656165436	1151.841722330878	57.80679573319532	573.1618649643415	1069.97029852721	59.70951299570396	659.1262170095281	982.8879014971569	58.62877927403973	367.4860211641021	1285.131631048012	-492.6264345021457	315.1870447878593	1171.031878177883	-513.7510635426768	361.6972859141562	1041.314500701135	-544.8147205715287	387.5989720219919	927.8997761113469	-552.6504683945032	505.0697228809656	988.0236048258661	-101.9518029918828	500.0404113463857	998.7522224453514	-357.3469285834445	294.3422953732838	996.9347910300321	-189.0501858079705	282.6681530382629	970.7292537323231	-231.2323601492344	292.0620463323073	989.8065585827219	-279.6613722276367	421.2461142634401	754.2375689910386	-44.71883980553564	313.3020637345103	762.9188950881153	-39.99281228285665	290.2800909183162	641.9968554673061	-79.17822972367367	304.2566322486224	506.3461454243895	-102.8527547482932	280.9381925965311	408.7076024182454	-101.4840137091321	233.2931396549436	306.8747701554836	-104.1858654374622	203.0997091071699	439.8963972257682	-99.17443805091617	152.2951285171328	331.0426716010699	-107.5690044173586	118.6109623636617	128.7435587118684	-141.5602653793098	26.09121262501767	59.06890593131389	-188.630930201055	211.5946686081996	34.13791625842589	-98.86806851101308	327.0909530916455	48.34802414612938	-196.5737289830319	584.1428901045676	809.9534165184815	-384.1037856741179	622.2486017572159	686.0921818008484	-365.8233381910235	497.8267434098354	787.979410710172	-443.1292468039335	519.2290420085767	655.245308919925	-413.9182452876664	593.5102070045486	530.6644446990024	-369.6485177073263	664.0162989878129	448.8792118693837	-360.8948664901242	575.183914132512	421.7953413627963	-391.1255688540236	613.6307077407527	311.6223817510733	-386.2631963499939	753.7438522499299	140.2326233125334	-362.105516884975	722.5334837537426	29.51671807918049	-317.0279647016658	885.8909244944759	125.5879361394137	-397.205637350159	961.84749048864	196.7668390633335	-304.4569027813014
0.85	434.6340553224687	1498.36025730158	-64.92137154051576	417.5929949310691	1504.140666755095	-408.8084343081216	490.5971798019784	1458.112807065903	-213.2676185269569	489.1237439752397	1458.440176495107	-263.8992145835904	493.2975488983255	1245.088591505162	15.05703540094759	460.0993500716249	1150.596684420525	55.94470674151331	586.2315960040174	1068.769577470692	58.55869616271505	672.1703705386267	981.6613931649849	58.16325615129276	381.0218558856017	1282.877658591251	-493.9856704457127	328.4399801803339	1168.857902250711	-514.7595800144672	374.1941752518717	1038.910611705468	-545.591033116981	399.356046272449	925.2020396976212	-553.2127056807958	518.392174104313	986.4652501423238	-102.8640329659754	514.0115152361935	997.3642425789299	-358.5749287838551	307.7504893185741	995.2153365712479	-190.3405491466723	296.1701922095656	969.0322965234009	-232.5377175707504	305.711061557594	988.1326130608702	-280.8960500722686	434.0299541254423	752.7669167765582	-45.71700905948756	326.0601064293365	761.5069527013416	-41.16635964285385	303.007420905742	640.6058861106956	-80.37388461852098	316.3280374615279	505.1838919200507	-103.3118256806711	290.8194661156751	407.891298878733	-101.68468718157	240.6222810403486	307.3273756621057	-104.1427663926299	213.8007465907389	441.115979061339	-99.36414306729654	160.2454458379966	333.5494736264872	-107.4420328971853	121.1551349909791	132.0170301619704	-140.8497853785324	26.81940153126537	63.65576315478125	-188.3857284448151	211.7294730874277	33.7911469560063	-98.64523732723634	327.4294064994823	48.04564936098717	-196.6733041469418	599.2113609264082	809.7251313129416	-384.4042464255267	637.8151346918235	686.1475094759498	-365.1816842344873	513.3044042884044	786.975500780876	-443.7338873664928	535.4155309451016	654.5640719667831	-413.9486855062538	609.0939364659168	529.8084238857248	-369.2773348040205	677.8066009196648	446.0499826958334	-359.7565160800042	588.774882940975	420.9678911120045	-390.6913891542403	624.6943606335581	310.1426850335265	-385.6297625013824	760.7679041042041	136.87254626039	-360.645206530985	726.4423676181905	27.96894396217018	-316.3888585090153	892.455352620061	119.3129438973141	-394.5787398313355	969.4031144847722	187.845146282845	-300.8085188883219
0.86	447.6516502265156	1497.315151377431	-66.97727967168237	431.1634304713055	1502.439895428757	-410.9772024886215	503.9506828582764	1456.924978322217	-215.2116443967515	502.5885563059682	1457.18491030616	-265.84556523232	506.2812343923689	1244.119366443169	13.26439684879109	472.8956536066624	1149.594415755113	54.04726135537145	598.9435655160212	1067.611661687258	57.38037553295806	684.7283510762204	980.3462371020686	57.66426240610754	394.7112036834333	1280.862030051215	-495.451461104159	341.9157224098694	1166.888401674335	-515.8709154894181	387.0924915060555	1036.73863513639	-546.3994500141862	411.6672491342459	922.7801601242954	-553.7470145861719	531.9414874140286	985.1461681961346	-103.8174878036241	528.2652812543331	996.2346597676334	-359.7999970435064	321.3803730622638	993.6964689835243	-191.787279440881	309.9225248335117	967.5223735734348	-234.006236334319	319.6295376515765	986.6436100007681	-282.2977479073943	447.2969291624765	751.4686305481872	-46.77284571907917	339.2833090928021	760.1511413951373	-42.45855188360132	316.3781105187693	639.2090847894065	-81.63412344539356	329.161533359646	504.0657152936124	-103.6850859113843	301.3370471573847	407.2011955271383	-101.7255078580041	248.5154163738478	308.0197231573759	-103.9516678970808	225.2288184767377	442.5268744497093	-99.5585782218906	168.8390207318489	336.375038449355	-107.2990703964022	124.1922954665466	135.7621920868554	-140.0433964039603	27.9087966230734	69.19876647160254	-188.1756520805621	211.8644579436526	33.44690066558607	-98.39908727270233	327.7249914845754	47.81402934905639	-196.7572111245478	614.6661606341258	809.7050567793436	-384.6896477568135	653.6704128135566	686.3783718082625	-364.511610285772	529.2000264815829	786.2139920717743	-444.3928549136857	551.9015572777123	654.1195646287254	-414.0117611634045	624.6544753826907	529.0743357789574	-369.0126105473814	691.4159862222691	443.0711810910519	-358.7925386833549	602.0783749776738	420.2461458129251	-390.2957646233297	635.1412017427758	308.6481349228383	-385.0250923478615	766.6421700388482	133.1363941764728	-359.3988853477479	728.355988527859	26.61496045273132	-315.9210947472486	897.5276984140711	111.7944302481154	-392.1923672740904	975.9614981594582	177.1854660520249	-297.4246627158366
0.87	460.7172010397304	1496.501723856451	-69.13519364288905	444.8008408283588	1500.994191830885	-413.2330308045309	517.3626991490517	1455.985904783374	-217.2570403926373	516.1281049553187	1456.190688663845	-267.8984409024132	519.1152361920272	1243.334531405226	11.45953121851712	485.4525006758839	1148.831849362374	52.12190406799184	611.2946298456218	1066.502732748439	56.18326848960507	696.8050916020682	978.9578865579236	57.13136004567843	408.5397911807373	1279.101829390906	-497.0278065852204	355.6016962781147	1165.138898976431	-517.0868512888965	400.3821277073287	1034.811595905175	-547.2452099409812	424.5320097159628	920.6522082660454	-554.2597144961494	545.716643053627	984.0715437286009	-104.8034146844554	542.8212651892593	995.3525747365807	-360.9871232840884	335.2518694548344	992.4134049039998	-193.406621091848	323.9426157267426	966.2401407655749	-235.6613246600247	333.8351499049348	985.3798971156368	-283.8935027077883	461.0696637870398	750.3541896346761	-47.86419264300778	352.9924293010861	758.8679928458246	-43.88118172263243	330.4268731819122	637.8059603944987	-82.93251525260305	342.8048465568818	502.985801803066	-103.9326446647596	312.5500407510302	406.6517753526231	-101.5675473638028	257.0452319874351	308.9697785492508	-103.5932142465811	237.4519352827894	444.1283728724593	-99.76984539888835	178.1575003241847	339.5260001778721	-107.1668355018551	127.8492366628654	139.9998709406475	-139.1604310927656	29.53409905463921	75.81878863404157	-188.0179737705767	212.0027221451244	33.17692426192011	-98.13879372968709	327.9607204804942	47.63407709876144	-196.8202354838183	630.3728928468095	809.7507217383416	-385.0048742753442	669.5877172887238	686.6033462741742	-363.9002030308755	545.335721131263	785.6355110445284	-445.1155261257404	568.395537784436	653.823782986619	-414.1299714998412	640.0035484901817	528.4111812640052	-368.8949203208824	704.8056794147246	440.0737355920159	-358.0426444739942	615.1230184046462	419.5992827858222	-390.0330090026803	645.2024029112767	307.1789314325755	-384.5551371285832	771.8441617424219	129.2511643320855	-358.4348066744185	728.9283561803089	25.60304170961152	-315.6536792152486	901.5801385616227	103.4501156322074	-390.1191804466385	981.8620681483513	165.3748535991974	-294.3885126752933
0.88	473.8035469759286	1495.9161323124	-71.38022923963922	458.5046768393299	1499.805174983805	-415.5641189417507	530.8187055385367	1455.295385007461	-219.3899037244694	529.7288518609781	1455.456857505642	-270.0441464426669	531.793963254242	1242.729579881083	9.637714027481616	497.7714901466538	1148.301550396605	50.17226933495625	623.2857540420428	1065.446956598847	54.97394486416288	708.4076089519701	977.5089440769973	56.56676580877895	422.4970654470728	1277.605862492143	-498.714814621767	369.4914640457257	1163.616881160959	-518.4082978185011	414.0520723000685	1033.135733136982	-548.1328852158267	437.9435228207896	918.8282405299008	-554.757046725346	559.7031707741198	983.2391746378962	-105.8199877696963	557.6733458735737	994.7082717089518	-362.1079986531081	349.3701890510723	991.3925749175044	-195.2044270247337	338.2302614159549	965.2207192507638	-237.5173246729169	348.3232999911611	984.381506637622	-285.6990329063217	475.3699581586974	749.4264854585367	-48.96551756276934	367.2100046777769	757.6562363180017	-45.42985606727812	345.1902093757375	636.3813185232237	-84.22594566534698	357.3129735495891	501.9281522891185	-104.013925200555	324.5310628979936	406.2507356910281	-101.1750022237042	266.2983320252283	310.1885604555179	-103.0506410658447	250.5515590414751	445.9110631378533	-100.0051691745614	188.2971047837898	342.9995669797187	-107.0694049875954	132.2711794802713	144.742622690123	-138.2180617849448	31.90724648002214	83.63084752156342	-187.9212714236897	212.1621297025966	33.0833671605419	-97.87561627425819	328.1217414902488	47.4742087942948	-196.858900831451	646.1874061612623	809.7604900014367	-385.3989705821219	685.364239482486	686.694189812813	-363.4337910151393	561.5314148431103	785.1958652793879	-445.917559686974	584.6393320389939	653.6124203595513	-414.330900398122	655.0116577515626	527.7943854049613	-368.9587992300654	717.9540410442975	437.1839518965964	-357.5296125312847	627.9552796089024	419.0243874438536	-389.9979284673595	655.0854473119489	305.794270503583	-384.3241274251565	776.7555459822324	125.4232930794065	-357.793021671068	728.7322961933121	25.03332026815947	-315.5879702049048	905.0010198976408	94.68843725857613	-388.4056371572423	987.3619548983406	152.9777009284356	-291.7553551777503
0.89	486.8820666370349	1495.552818074878	-73.69242460564406	472.273094107221	1498.868909846157	-417.9542102975817	544.3023678680305	1454.84951636515	-221.5903962568366	543.3726670005158	1454.976515603429	-272.2627113943893	544.314433904628	1242.299385124682	7.791646610201779	509.8576693646922	1147.9926817298	48.19910782689185	634.9215111611617	1064.446721711404	53.75648718581542	719.5438071811359	976.0087027200177	55.97476950079161	436.5775276941356	1276.374798843668	-500.507330775186	383.5848914712566	1162.322090935659	-519.8348645718222	428.091904688842	1031.711029344382	-549.0659006021191	451.8904762395276	917.3107327373606	-555.2447363753531	573.8724334550617	982.6400110764173	-106.8745638812183	572.7871842032571	994.2963886479107	-363.1469946121995	363.7219133049695	990.6468511763871	-197.173073161017	352.7648127035727	964.4878163802705	-239.5751688319244	363.0645209141179	983.6823668306106	-287.7139178088796	490.2132618576634	748.6803167878631	-50.04894650823577	381.9554033238313	756.496513113213	-47.08303225581146	360.7010347420401	634.9073203258931	-85.45773990763308	372.7435334907506	500.8684760167962	-103.8908438694911	337.3622761283218	405.9992963019837	-100.5186155891365	276.3708464547111	311.6802475331349	-102.3114839504854	264.6176024054653	447.8578724192402	-100.2655685974411	199.3637893057794	346.783782195555	-107.0263316374735	137.6157471629267	149.9943550745298	-137.2303985911349	35.27088024541558	92.73720862847102	-187.8823514781404	212.3806910819101	33.29717758539	-97.62134530383399	328.1997007696965	47.29150919806172	-196.8713283685165	661.9710193335447	809.6845798518323	-385.9166794118768	700.8416303312832	686.5894163557705	-363.1845506613091	577.6253524842983	784.8710694389559	-446.8183040623597	600.4376749764186	653.4519879725622	-414.643396270723	669.615923823002	527.2262611810905	-369.2236941366695	730.8534420787332	434.5080112234702	-357.2540055223922	640.6291274509751	418.542605720679	-390.2720497697786	664.9484973190665	304.5622758964518	-384.4203485533025	781.63055946256	121.8199873357698	-357.4816760520843	728.2226540607066	24.9431781247144	-315.7032030445229	908.0726965802349	85.8855844024134	-387.071639966412	992.6231529934687	140.5011001873399	-289.5511431218353
0.9	499.9265225763527	1495.404759673365	-76.04735864414167	486.1017886673553	1498.176814169191	-420.3824266762991	557.7964861806319	1454.640592655115	-223.8334690444742	557.0373975465196	1454.736561715684	-274.5286661820046	556.6757095090397	1242.038296288259	5.914721746320535	521.7183947871164	1147.891718351467	46.20150224662022	646.2094151948456	1063.502611957524	52.5325538357755	730.2218431383782	974.463015770844	55.36061086356808	450.7812753834511	1275.401803439412	-502.3941048025567	397.8874663657591	1161.247319773491	-521.3643986372507	442.493281873139	1030.532099935246	-550.0460720917558	466.3593553309159	916.0954883111795	-555.7276853092123	588.1822644505378	982.2590304196028	-107.9844670558769	588.1010991398668	994.1173998036934	-364.1058109986951	378.2726973286419	990.171650346296	-199.2895496321751	367.5041359725153	964.0486740901943	-241.8192097900301	378.0045570205792	983.3045248584565	-289.9183876156052	505.6026437978754	748.1038173668974	-51.08576655384847	397.2391350427837	755.3538236847237	-48.8038266564069	376.9824702983841	633.3477631478772	-86.56348682056144	389.150477321243	499.7776019627609	-103.5316267965132	351.1297382768254	405.8931515954062	-99.57955336469698	287.3624712409109	313.4427151047348	-101.3697986624609	279.7415111619388	449.9458524215157	-100.5450591606095	211.4665978440557	350.858279730414	-107.0511571591296	144.0442052310603	155.7503358329932	-136.208440715942	39.88701292915763	103.2185004414638	-187.8847511878149	212.7221368835905	33.9729780479784	-97.38635986370429	328.1987566626754	47.03482613301306	-196.8563212307271	677.6037355966662	809.5266597594926	-386.5906959614165	715.9180903777306	686.2962170113102	-363.1996995982684	593.4903439767573	784.658680983131	-447.8373381783991	615.6766483001256	653.341292361458	-415.093758494172	683.814185677911	526.7313995746738	-369.6881237842476	743.5026229298171	432.1213169804097	-357.1932077554975	653.1921466067166	418.1913737851625	-390.9106705172741	674.8824025666927	303.5497653519512	-384.9022264754032	786.5882002147279	118.561171709651	-357.4766587405541	727.7215433661711	25.30720645901577	-315.9628793886914	910.9676447173467	77.37180776316916	-386.1118577318829	997.7139591925754	128.3761517553042	-287.7746944048858
0.91	512.9160750818437	1495.463531512328	-78.41712456364459	499.98308919753	1497.716797841404	-422.8237410696024	571.2838773605591	1454.657188945728	-226.0900628546441	570.6979105515643	1454.718410938102	-276.8124103838304	568.878331656042	1241.939914588869	4.004343789527772	533.36236547828	1147.983010581605	44.1781428493765	657.1591289947548	1062.613218552562	51.3018459743958	740.4499736739795	972.8744972025981	54.7292459051875	465.1134438122217	1274.67369728566	-504.3577045491132	412.4089460113762	1160.37967134189	-522.9925707037924	457.2511553767998	1029.589434266149	-551.0732366055586	481.3366916144014	915.1729503532365	-556.2098609305472	602.5789325339908	982.0765616145987	-109.1757068520454	603.5304038440402	994.1770617268858	-365.0055349734204	392.9671690755521	989.9430722189375	-201.5154032219707	382.3856441773156	963.8913023748413	-244.2161324195237	393.0673251891666	983.2538150755238	-292.2726053387942	521.5231995610067	747.6808182579325	-52.04831990977216	413.0572527042168	754.1824593768031	-50.54437062066189	394.0418333280982	631.6641147157078	-87.47891154517161	406.5769358641073	498.6263638125813	-102.9149834785165	365.9164649965649	405.9242346296434	-98.35338301680936	299.3695481113026	315.4685408891302	-100.2286324498279	296.0080645503908	452.1487518588279	-100.8305651956961	224.7097928737291	355.1955622229223	-107.1503738302351	151.7105793731098	161.997604237039	-135.1607263533705	46.02165699972425	115.1224579614848	-187.8998177504023	213.2809524000469	35.28024667186288	-97.17771202646935	328.1431254903359	46.64999075442279	-196.8115990366723	692.9932274813198	809.3358418768019	-387.4365963173516	730.5497780771801	685.8804077326656	-363.4955417681634	609.0425671505806	784.5751842295472	-448.9907820356531	630.3264962950461	653.3070984949488	-415.7020573387428	697.6464332923078	526.3479961362096	-370.3290615365756	755.897256375605	430.0648622777566	-357.3054378980402	665.6711067806996	418.0143468166423	-391.9326756580483	684.9046394082925	302.8133819748016	-385.7875806879227	791.6282268538853	115.7205584483958	-357.7255934273654	727.423298281953	26.04923210468957	-316.3215956299593	913.7611560643181	69.42342848517151	-385.4982557417421	1002.623350922851	116.9511492460524	-286.4020195907389
0.92	525.8370532132514	1495.719373571357	-80.77152513159463	513.9055321261256	1497.474659045159	-425.2500135093935	584.7479650068326	1454.884679239369	-228.3286035620762	584.3275237406267	1454.89950042888	-279.0818900228251	580.9239476700527	1241.996816262589	2.064530461188553	544.7989429043544	1148.249408463842	42.12847805126721	667.7816430684516	1061.774998469102	50.0629047487277	750.2367600757339	971.2430911128931	54.08437856061903	479.5826811214864	1274.172737101377	-506.3751982794665	427.1615927747183	1159.702291231616	-524.7125606564448	472.3644164917652	1028.870980790797	-552.1450508072023	496.8107644888129	914.5298903294045	-556.6943588940135	617.0002243568974	982.070198576688	-110.4793816108789	618.9747947916112	994.4839016139556	-365.8852542978821	407.7313511192575	989.9189133637352	-203.7989584343276	397.3296148654044	963.9848237900001	-246.7165086277952	408.1606697038961	983.5179564852015	-294.718923088526	537.937999227242	747.3940839824002	-52.91211365918242	429.3867147031685	752.9328834051735	-52.25212623008382	411.8659661340557	629.8226678473512	-88.14882829909128	425.0481586455606	497.3917873142472	-102.0340518359202	381.7948416786576	406.0834086012175	-96.85344634778409	312.4777938529629	317.7465507727252	-98.90217715157308	313.4865736084652	454.4403769853448	-101.1027260598907	239.1844231782295	359.7629110217671	-107.322944354947	160.749683625394	168.7156576329496	-134.0946138496079	53.92645473641127	128.4506391233505	-187.8911318245699	214.1859140134949	37.39091538609205	-96.99777671503674	328.0856576810853	46.08716498760892	-196.731333655094	708.0781521193195	809.1904268829618	-388.4518194826229	744.7414817075003	685.4461184575509	-364.0575727756714	624.2412441650135	784.649530482707	-450.2880365818218	644.4274106210555	653.3946814018564	-416.478804964226	711.1680196177696	526.1167463960484	-371.1071715111163	768.0216526532251	428.3481541103104	-357.5380834357392	678.060358616684	418.051060128299	-393.3153106937132	694.9656576077224	302.3930706271146	-387.0490490333177	796.6635239658624	113.3321218342754	-358.1562208118534	727.4133521001482	27.06138189287723	-316.7319057858585	916.4552688765581	62.25741853671072	-385.1838530678021	1007.284197961867	106.4913278970091	-285.3915792443771
0.93	538.6832728507129	1496.161415862096	-83.0794230674764	527.8540077338422	1497.435701869311	-427.6313449993418	598.1729489302448	1455.306195715189	-230.516609431412	597.8995689392401	1455.255434060079	-281.3042807886677	592.8151237873144	1242.200454280738	0.1070881930453926	556.0377873770046	1148.67312003118	40.05362669794063	678.0886200189509	1060.982436100452	48.81407481699608	759.5915775967239	969.5670622367716	53.42793873478681	494.199107054685	1273.878986457711	-508.4194404477287	442.1582563027987	1159.19654792028	-526.514881003919	487.8357657826811	1028.364030380763	-553.2570017132214	512.7725236709909	914.1514201073062	-557.1835954093521	631.3792526968033	982.2173059579494	-111.9261090115699	634.3278499593389	995.045317862336	-366.7970725091308	422.4776128044506	990.0427407242828	-206.0798453480664	412.2447129375858	964.2828947000157	-249.2590149694583	423.1842688572699	984.0673975741146	-297.1870693544083	554.7866556370268	747.2291751439079	-53.65794526475588	446.1826153217403	751.5598082433282	-53.87728407048792	430.4188446083034	627.8019832535581	-88.5359750304923	444.5655619622671	496.0640308903953	-100.8992604966351	398.8191120593236	406.3639451058894	-95.11268061023412	326.7552862814935	320.2639124864842	-97.41682295633058	332.2222251466756	456.7985019803111	-101.3377210910683	254.9599674496688	364.524949600888	-107.5605177366003	171.2652960373086	175.8770932068026	-133.0181915262999	63.81834598856929	143.1443954843208	-187.8224331744889	215.6011458862632	40.46387845985996	-96.84385894923818	328.1166369699622	45.31000311289583	-196.6032790602974	722.8256292312393	809.1762912948997	-389.6189279717909	758.5291116010316	685.1089553601857	-364.846572491702	639.079643996603	784.9135965266223	-451.7295407903191	658.0620882407518	653.6547413587956	-417.422715428615	724.4217999430459	526.0694164132502	-371.976317897624	779.8436303371848	426.9558551707281	-357.8384640317635	690.3155693076096	418.3281412677992	-394.9955661133923	704.9639391301098	302.3081362723352	-388.6172019849479	801.5580966321193	111.3981599657865	-358.6877465000515	727.6944593046937	28.22459327597068	-317.1504546454096	919.0068778658094	56.02732264959243	-385.1081526634775	1011.599919736516	97.18148311330589	-284.6903176384258
0.9399999999999999	551.4549007415346	1496.778071260688	-85.31021678287253	541.8103847617098	1497.586414507597	-429.9375011906383	611.5436072044837	1455.903788491108	-232.6222754415813	611.3888973015886	1455.762392437576	-283.4474803988533	604.5552666586532	1242.541332317184	-1.849020986208177	567.0887360249654	1149.236799965314	37.95701630808661	688.0920746075725	1060.228701204715	47.55441070087071	768.5253486070743	967.8443617103499	52.76003627596966	508.9721937160971	1273.773005028006	-510.460733603526	457.4105202253756	1158.844525206189	-528.3873748841301	503.6707956301291	1028.057253758727	-554.4026137834841	529.2156323142103	914.0231692748996	-557.6796054367651	645.6485232167413	982.4978533366559	-113.5394872260605	649.4872611966364	995.8631995525564	-367.7982711251607	437.1117331745952	990.2505411071694	-208.2953985599374	427.0352220481456	964.7295424123621	-251.7767839935491	438.0386395140428	984.8586120743381	-299.6016540346989	571.987196969581	747.1784305904307	-54.27385958234188	463.3780782696904	750.0305489981861	-55.38012060576901	449.6419724554956	625.5996032031882	-88.62837002218004	465.1028071293428	494.6530685183975	-99.53921459006746	417.0186315500104	406.7653206050329	-93.18302448106741	342.2463490072032	323.0085584402949	-95.81044564920632	352.2284448480003	459.2087731922488	-101.5101366532721	272.0766816309763	369.4466003060095	-107.8484213370335	183.3199007039564	183.4477765121609	-131.9426466547883	75.85863111492444	159.072100527375	-187.6682410471859	217.7239223608411	44.62740147007371	-96.70877908416026	328.3718918004491	44.30576483093103	-196.4058170135224	737.2240370206199	809.3641509695983	-390.9121262761065	771.9587695640184	684.9679667048696	-365.8094833100859	653.5700281359109	785.3912782306782	-453.3059304314111	671.3228817751639	654.1290333814957	-418.5202934020751	737.4167124822952	526.2193501822688	-372.893972740955	791.3132755910063	425.8547656788365	-358.1644214128939	702.3537419321506	418.8532783741267	-396.8782107199606	714.7642467921024	302.5556062443055	-390.3903103257961	806.1620335773034	109.8967352437496	-359.2425998491474	728.2147549097826	29.42624510866403	-317.5424477563654	921.3538885103155	50.8209050873695	-385.2042964694692	1015.469759787139	89.12994384298398	-284.2407086356818
0.95	564.1561093995701	1497.557470212274	-87.43535755970792	555.7544219538254	1497.91592690126	-432.1392930575244	624.8449228441727	1456.659495019129	-234.6159562724697	624.7733392162959	1456.399374860419	-285.4813386846097	616.1486622704663	1243.009386226657	-3.779999918809215	577.9617515207909	1149.924682761266	35.84476516102487	697.8043771454699	1059.50679614496	46.2843497472403	777.0513262334707	966.0742095486219	52.07935457267335	523.9087795175024	1273.838385955161	-512.4686605010443	472.9270731552325	1158.631496609345	-530.3154138470786	519.8764259618349	1027.942629469345	-555.5738110964132	546.1356234704826	914.1333639851202	-558.1844293497439	659.7438933982949	982.8971561392564	-115.3300026753612	664.3643506112776	996.9300543844893	-368.9421205430179	451.5411954268372	990.4790384826896	-210.3880723227846	441.6091167043339	965.2665103640797	-254.2049780131613	452.6341090581254	985.8391835915675	-301.8909163755394	589.4412551103261	747.2443942630349	-54.75674373747545	480.8872693109151	748.3325538536047	-56.73711046533378	469.4574903322612	623.2370088025491	-88.44382242734581	486.6045213994396	493.1938023990594	-97.99906579636266	436.392591299703	407.2965701323282	-91.13202694514969	358.9669701811061	325.9713473400728	-94.12977357750876	373.4812323280643	461.6677972349818	-101.5966916392645	290.5393806642125	374.4958076257168	-108.1673678536779	196.9276413818537	191.3861472540745	-130.8846348448907	90.13348951473618	176.0200790105773	-187.4251746959893	220.7789090641397	49.96109098651834	-96.5820373152653	329.0393508053553	43.09482378258531	-196.1052682175539	751.2733219204072	809.7906417410506	-392.3051711533221	785.0679759851355	685.0824596868636	-366.8927341919493	667.7267340811559	786.0886679604237	-454.9986414369563	684.2820814088381	654.837819808884	-419.747100040939	750.1178659363177	526.5558291136115	-373.8289760304482	802.3652766489606	424.999218886033	-358.4921734183176	714.0590661861081	419.6125404251853	-398.848620288217	724.2148439378645	303.1105907335277	-392.2479054143	810.3391241391143	108.7880292929389	-359.7560107162498	728.8937809788782	30.57267233674512	-317.883879621322	923.4358369182896	46.66058531581478	-385.4069233541649	1018.80945257398	82.37373276263305	-283.9880847784743
0.96	576.7920104774277	1498.487753791518	-89.42974667572682	569.6648120447143	1498.416953375229	-434.2099169596205	638.0617687703364	1457.556186222941	-236.4714918392975	638.0351565865404	1457.149929503381	-287.3786580670308	627.6006582220224	1243.594431097688	-5.660621005930533	588.6667675819838	1150.723503336359	33.72583018420475	707.2384172037861	1058.810962897803	45.00610647785639	785.1857556325825	964.2587008789997	51.38389533985857	539.0112982385444	1274.063663604036	-514.4139130757198	488.7123793506561	1158.547958599243	-532.2822994796813	536.4589240460245	1028.016941521707	-556.7613917389951	563.5283249349229	914.4744891865334	-558.700543705241	673.6082749175446	983.4081478211607	-117.2907479981978	678.8916358829039	998.2265268703484	-370.2691454921406	465.6835764382541	990.6746140310365	-212.3127646316523	455.8859278109968	965.8411315816805	-256.4884729350074	466.8986534033447	986.9539504813886	-303.9954384085665	607.041893987066	747.441970509253	-55.11328680266934	498.6114594380617	746.478876242298	-57.94475790631418	489.773351506034	620.7619972286634	-88.03048503665214	508.9878768711398	491.7482551925513	-96.33648697106972	456.9069153942806	407.9782620955392	-89.03703989496657	376.9022829416089	329.1470812764505	-92.42641302568299	395.9163080486506	464.1845189377919	-101.5802706078307	310.3135087221135	379.6451635455638	-108.4956535161166	212.0521274194356	199.6414751197448	-129.8680126645149	106.6386788693549	193.6898110138727	-187.1210086968222	225.009156662314	56.47977717523148	-96.45089772481523	330.363216750369	41.73747088021828	-195.6539479218609	764.9756103763395	810.4476716663066	-393.7785052236431	797.8735358656556	685.4589652722775	-368.0544804686191	681.5520981435537	786.9877943134089	-456.7816295968271	696.9720020662546	655.7722222432387	-421.0698714451893	762.4492302787269	527.0434500845428	-374.7645754957452	812.923950837253	424.335030244891	-358.8196152466986	725.2934180884033	420.5711523591914	-400.7874787109971	733.1622587604948	303.9285713679365	-394.0652690110536	813.9859348567009	108.0199589277368	-360.1818079086809	729.6440025760772	31.59607807255543	-318.1616136727305	925.2078013074356	43.50779009017243	-385.6589566931356	1021.565559768683	76.88530623737178	-283.8862087799848
0.97	589.3655326632531	1499.557126944928	-91.27285601847686	583.5202797915999	1499.086038988577	-436.1262475857268	651.1788257258132	1458.578216599216	-238.1673268270153	651.1623127658371	1458.003187117533	-289.1160713823253	638.9178296636708	1244.286559358137	-7.467855259926734	599.2133403653864	1151.622995982888	31.61191222620223	716.4077623944431	1058.138042913155	43.72383556269984	792.9482988558345	962.4042321877478	50.67192217200449	554.2763752147483	1274.443298688455	-516.269987151081	504.7656485096697	1158.590875114213	-534.2698621869206	553.4217717624585	1028.282561821743	-557.9555551979925	581.387887753523	915.0442724172576	-559.2312107695966	687.1950412934667	984.0328426315145	-119.3958650112239	693.0275297122591	999.7209572398268	-371.8004532953704	479.473949837915	990.8017179864011	-214.0429042808832	469.8033960408559	966.4137351495763	-258.5884897932887	480.7835659447067	988.151540206401	-305.8755914765835	624.6829095776669	747.7986794925364	-55.35995532063296	516.4474723994219	744.510439756838	-59.02045773630849	510.4895647890381	618.2479212398991	-87.46286574455925	532.1468562554005	490.4037787258736	-94.61605595816391	478.493785623936	408.8422529102864	-86.97808292266791	396.0064546289617	332.5336050335929	-90.75262203943399	419.4295635543894	466.7792211548144	-101.4533557843151	331.3242409324538	384.8716924166738	-108.8115365107081	228.610177327186	208.1512140251993	-128.9243121603729	125.271344705996	211.7036231426395	-186.8183727518169	230.6646354722527	64.12199032163217	-96.30075254213592	332.6448205552149	40.33578387102524	-194.9896642599375	778.328688241299	811.2825149391633	-395.323558208713	810.3678804203354	686.0511110621535	-369.2718802282377	695.0289901268176	788.045698976621	-458.6236431374791	709.3783897389953	656.8933903577356	-422.4489676369484	774.3065041593279	527.6266927839533	-375.6967233497397	822.9099815451375	423.8032262029028	-359.1644286433155	735.9102174938414	421.6773569248468	-402.5845974752967	741.4642897199699	304.9496042907162	-395.7271044824814	817.0423072118015	107.5334026246664	-360.4941574895835	730.3864534562933	32.45635134174199	-318.3719354357619	926.6478102097167	41.27197335210485	-385.9158210470673	1023.722834493688	72.58149349800041	-283.8991792716646
0.98	601.8749347582529	1500.753731521975	-92.94951266086261	597.3006852751005	1499.923099240429	-437.8700027069522	664.1808310179974	1459.711923186205	-239.6873837615786	664.1491528608633	1458.954121994248	-290.6748961317476	650.1077722492166	1245.076422100204	-9.183900160801743	609.6101119532327	1152.615868384097	29.51708593334189	725.3267376234724	1057.48855288048	42.44360511746961	800.3621629456736	960.5225263892119	49.94291568628225	569.6940156217702	1274.977696094426	-518.014662249381	521.0801050000661	1158.763946685134	-536.25923680105	570.7636040721279	1028.747348302723	-559.1464026268816	599.704870383197	915.8459017254345	-559.7804787635504	700.4710008846057	984.7826213157671	-121.6020098783169	706.7576704562473	1001.371269629874	-373.5341672402574	492.8704285787136	990.8496096635205	-215.574280070211	483.3221208801252	966.9636602571352	-260.4871285302287	494.2662486349618	989.3905643754435	-307.5166246123724	642.2682130430708	748.3526829478812	-55.52171444743693	534.2973396400322	742.4943509937682	-60.00010474952795	531.5045324298765	615.7894934981762	-86.83342553252371	555.9585927852628	489.2669104569295	-92.90329569189069	501.0538580100811	409.9288477271141	-85.03079910444779	416.2050883167059	336.1288404578019	-89.15783577035361	443.8808373626033	469.4800494720971	-101.2199516423841	353.4589337402377	390.1545670726409	-109.0955439103851	246.4814538018806	216.8379339653279	-128.0915459414	145.8314513633709	229.6200955600928	-186.6109993908268	237.9892862259626	72.74537020637413	-96.11447437932054	336.2388144553873	39.02874367008566	-194.0376105684317	791.3236242607284	812.2081359515987	-396.9426922103419	822.5227453004981	686.7714860850399	-370.5410119009205	708.1214947830879	789.1993821930353	-460.4905101843865	721.4468604209546	658.1385214575754	-423.841258574227	785.5757586358209	528.2386724360397	-376.62912329014	832.2481202478721	423.3444732171126	-359.5575795793598	745.7704608599161	422.8685734870773	-404.1501508980617	749.0023626510664	306.1041900228097	-397.1395012909439	819.4937758066678	107.267144700264	-360.6859745646108	731.0601509800957	33.1388251619265	-318.5183039649431	927.7585465840301	39.82402753686392	-386.1467090785687	1025.304841186488	69.33519791452142	-283.9997055294209
0.99	614.3124719375298	1502.065473612721	-94.45037269597664	610.9880649553122	1500.930406484646	-439.4286622974591	677.0532315192395	1460.945968351381	-241.021650107875	676.9960418933056	1460.002941689783	-292.0420042889016	661.1782106506273	1245.955339493504	-10.79800022950077	619.8641664683614	1153.697269508893	27.45713309237296	734.0104525139795	1056.867335013734	41.17317591756596	807.4539438790639	958.6310801427562	49.19835712445082	585.2475521907808	1275.6723893214	-519.6312138220933	537.6426015767516	1159.076875446061	-538.2317534741896	588.4764186345917	1029.423672420267	-560.3243261753645	618.4647856118626	916.8875526765733	-560.3524843676378	713.4185973340843	985.6770777324049	-123.8525301081825	720.0929024068535	1003.128940336806	-375.4452889362003	505.8571988399518	990.8362332947409	-216.9258523086006	496.4277425066141	967.4930507438378	-262.1890431528097	507.3500005415779	990.6446000540136	-308.930510372847	659.7198979970705	749.1487571446671	-55.62950323562178	552.0775690753419	740.5182357409393	-60.93257011037193	552.7206871987734	613.4953470535775	-86.240688291675	580.2906808379325	488.453516254085	-91.25963092987848	524.4610031082119	411.2817010241348	-83.26077720601899	437.3998936367874	339.9263749663244	-87.68637418000962	469.1006070423362	472.3176302041417	-100.8956044741419	376.5727523553127	395.4711701158059	-109.3326204349598	265.522578799167	225.6064221291185	-127.4113258324733	168.0344123200207	246.9588758324694	-186.6121177025629	247.2076867578204	82.13038370869444	-95.8710838921546	341.5427471397645	37.97971683595459	-192.7157286631432	803.9460482258219	813.1204762414516	-398.6444338692789	834.2971632526237	687.5113077219914	-371.8699601507152	720.7825372115983	790.3756228162454	-462.3471501726226	733.0986077079908	659.4319390411295	-425.2036997719247	796.1529585163551	528.8120188751789	-377.5671797165839	840.8753121965995	422.9042320645068	-360.0337795746932	754.7595906779426	424.0787929430995	-405.4227944752296	755.6933253935122	307.3202256210805	-398.2394115610047	821.367277968968	107.1623960485144	-360.7652663265591	731.6258499325799	33.64930085992292	-318.6088198606683	928.5645475752044	39.01239803041756	-386.3336415751916	1026.368866016478	66.98972210807645	-284.1657701499294
1	626.6644606609703	1503.47989706993	-95.77211576888985	624.567504983783	1502.111273552082	-440.7960400859434	689.7832640976254	1462.271510217972	-242.166450662389	689.7078221434227	1461.153563052612	-293.210683238878	672.1354176169506	1246.915222397785	-12.30674551486981	629.9803839549307	1154.863890560457	25.44860106803532	742.4748173819039	1056.283695053452	39.92157285647028	814.253246200787	956.7529494756811	48.44218549512323	600.91440143773	1276.536615104316	-521.109291337079	554.4336063243949	1159.543756935289	-540.169840063764	606.5443124200763	1030.326766657517	-561.4802116760526	637.6473084585264	918.1813656644231	-560.9499291914516	726.0368371292279	986.7414136572941	-126.0835868436859	733.0644931667515	1004.944193548561	-377.4886728133334	518.4446940945147	990.8081669958194	-218.1371987174546	509.1305599741888	968.0276864154881	-263.7199198817616	520.0612142689873	991.9050865171441	-310.1540700892198	676.9837326167606	750.2329384843708	-55.7168223333192	569.7261815573106	738.6814622092314	-61.87154510058065	574.0486759839414	611.4783456993399	-85.77555626965741	605.0081034872389	488.0768015356823	-89.73906078311441	548.5692660176302	412.9414074897163	-81.71998302097725	459.4750661708737	343.9105859419556	-86.37615446725333	494.8988746917983	475.3187512585159	-100.505806896808	400.4969804088662	400.7923381321909	-109.5141236968125	285.5833332478869	234.3413612412486	-126.924698304958	191.5351204702553	263.2327913483402	-186.936369525627	258.5126571992675	91.99244388107169	-95.54468366366918	348.9777090879144	37.35669865906487	-190.9442805791416	816.1795320434547	813.9179643975669	-400.4353491309826	845.6466496410932	688.1621619448642	-373.2683092583304	732.965110568297	791.5032979481659	-464.1592818705691	744.2497540545844	660.6982994203711	-426.4974740131806	805.9600570842479	529.2893591647775	-378.5130286358902	848.7485497118282	422.4379944331064	-360.6211687005198	762.803227239036	425.2460409838054	-406.3747142625634	761.499350890723	308.5301517592793	-399.0006547747256	822.7223691631888	107.1665533581943	-360.750676108895	732.0654313238479	34.00772853045568	-318.6537372731352	929.1064877335192	38.67935244490471	-386.4694082655446	1026.996836831827	65.37437080277273	-284.3779218183489
1.01	638.912734897967	1504.984137943869	-96.91736641826515	638.0277278979163	1503.468673604025	-441.9724341087195	702.3613491620495	1463.682190613624	-243.1244019305445	702.2915990700161	1462.411479999574	-294.1813310890828	682.9823223493572	1247.948372911761	-13.7128833260685	639.9608789414308	1156.112916031263	23.50765425035351	750.7364695957258	1055.750976603047	38.69849402451229	820.7921053971467	954.915869090606	47.68083405518513	616.6674995025539	1277.581526193788	-522.4453567832923	571.42752470747	1160.180891723173	-542.0578292072344	624.9429985490827	1031.472687165796	-562.6054171727736	657.2261387404665	919.7420348345811	-561.5721296657935	738.3404551500978	988.0026230133669	-128.2312314571118	745.7176505504946	1006.771218589966	-379.6043739523371	530.6669464299831	990.8360063942165	-219.2627849107406	521.4628063385148	968.6142830841831	-265.1219291231222	532.4446625249246	993.1814994714036	-311.2435075498007	694.0311735720547	751.6469158279781	-55.81603215866905	587.2060149260087	737.0847778403327	-62.86573853030478	595.409525698134	609.8452553824116	-85.50808203642242	629.9787527685685	488.2352346622247	-88.38661175100241	573.2214307702443	414.9390027891162	-80.44530717990651	482.3047588865333	348.0521772697602	-85.25793864555195	521.0753348054075	478.5001049339432	-100.0834523619918	425.0492836828988	406.0776857412342	-109.6395346056221	306.5224531664252	242.905746659498	-126.6672945816321	215.9615821540767	277.9834703787008	-187.678261938112	272.0551250534521	102.0011079082512	-95.10485307832599	358.9583488530081	37.30701489445882	-188.6593611157685	828.0096500622765	814.5185825952211	-402.311433179383	856.5314458785592	688.6344781727159	-374.7373290733499	744.633220390439	792.5251063537345	-465.8949525428214	754.8290989519207	661.8747426714144	-427.6920661497954	814.9548062974626	529.6311811753503	-379.4632414732023	855.8513291928945	421.9156632060369	-361.3327390030694	769.8790100173937	426.3187880051329	-407.01347488792	766.4338125501242	309.6772192655238	-399.4354869687397	823.6403360949799	107.235839186648	-360.6671048688631	732.3784993256347	34.24184574809148	-318.663345099748	929.434259453722	38.67509029668906	-386.5551242196543	1027.284303472029	64.31923215406222	-284.6181734329201
1.02	651.0372595179393	1506.564963687441	-97.89434655137163	651.3613290630839	1505.003946475699	-442.9643213312404	714.7825585801756	1465.173904174702	-243.9040618895423	714.754826272678	1463.781624722568	-294.9616964980538	693.7169186235851	1249.047286019071	-15.02304527347698	649.8046289303912	1157.441037824175	21.6488213232453	758.8124634673701	1055.285569757293	37.51367583890607	827.1042028454024	953.1507844142604	46.92283749308367	632.477024451728	1278.818241569467	-523.6425614213389	588.5933060383825	1161.004398656595	-543.8825942506342	643.6402123141997	1032.87622864446	-563.6915683653017	677.1694208369709	921.5851746061155	-562.2133974368899	750.3571247991251	989.4849210128607	-130.2383959528151	758.1045763059034	1008.572283675629	-381.7244461362193	542.5765426715409	991.0052669742181	-220.3638230350409	533.4740194576015	969.3140944065524	-266.4468278786738	544.5575713736696	994.4985522819265	-312.2660892024749	710.8576219350269	753.423230442915	-55.95500227438865	604.5038739611799	735.8200551681039	-63.94902808821887	616.7348707636597	608.6873589612093	-85.47710330349464	655.0772916431551	489.0022752370205	-87.23801235864377	598.2582063917305	417.2904943272621	-79.45862988871306	505.7611345061803	352.304797011774	-84.35475506779667	547.4298544082909	481.8629162927919	-99.6659268925186	450.0449223618121	411.2717490189528	-109.717477209407	328.221118092446	251.1402666930563	-126.6642787004324	240.9538010186542	290.8154380120952	-188.8914685150222	287.9369269339709	111.8036184110146	-94.51938998049634	371.8528683979463	37.92956649637193	-185.8286086874462	839.4279359365573	814.8710927363215	-404.2522594417871	866.9226173606348	688.8691386168828	-376.2642076787606	755.7698814440184	793.4058349718256	-467.5260727104876	764.7909259626821	662.9193379578578	-428.7683261944903	823.1333467908926	529.8197199946763	-380.4095147563518	862.1972892281511	421.3241143811573	-362.1616367626045	776.0216192724994	427.2604092678578	-407.3800866405598	770.5611317061005	310.7198840924111	-399.5911747868685	824.2131305447745	107.3366450152968	-360.5418022142682	732.5775912539823	34.3818420486688	-318.6465690489549	929.6003152602849	38.86828316824337	-386.5977249532656	1027.329417082764	63.66731372439208	-284.8702483176327
1.03	663.0194546009388	1508.208849525852	-98.71627993587101	664.5646892546213	1506.715656260374	-443.7836201828989	727.047897646715	1466.744275586284	-244.5192872140461	727.1044057297108	1465.26665784846	-295.5664395912469	704.3315379040182	1250.204534812849	-16.24503329221164	659.5074669676862	1158.843678007506	19.88376975651106	766.7196928923461	1054.905407784459	36.37633230217915	833.2238851756524	951.4899302222934	46.1780960287747	648.3119359705963	1280.255859107254	-524.7099989369411	605.8953246316152	1162.027976738497	-545.6339750527582	662.5969730520226	1034.549086844036	-564.7302716085037	697.4406004707253	923.7256039125878	-562.8623010732158	762.123038476105	991.2050611664562	-132.0608242894234	770.2781218451144	1010.320010260351	-383.7802673434443	554.2378864421016	991.4037864191646	-221.4989659322939	545.2250685170607	970.1933169873309	-267.7477919566446	556.4630680645507	995.8906721069193	-313.2901813241259	727.4774416258435	755.5819921433913	-56.1546218747112	621.6262872923835	734.9616203192968	-65.13256808630118	637.965992396263	608.0731459346658	-85.68476533747936	680.1877392320874	490.4192445820655	-86.3198190899127	623.5269628013364	419.9931823955212	-78.7676806628568	529.7223532218854	356.6033684444604	-83.68137330924257	573.7723841894478	485.3890858543258	-99.29214601965003	475.307681353972	416.3016185536462	-109.7654973903577	350.5926362080793	258.8643356989877	-126.9253926224778	266.2013342183504	301.4232622321741	-190.5736864065908	306.2061905259729	121.0491158592472	-93.75949352402363	387.9380728251822	39.24967504693096	-182.4658408789624	850.4352729807929	814.9589030421757	-406.2200448984414	876.8054968314942	688.8410657528595	-377.8215449892959	766.3812317425646	794.1354167064967	-469.0300475915337	774.1215603509559	663.8143715889914	-429.7196530907628	830.5264650080535	529.8586029901056	-381.3412708203505	867.8298065139242	420.6672648663123	-363.0814320390348	781.318983603488	428.051213945085	-407.5427109495921	773.9895200526373	311.6337746216582	-399.5417217859862	824.5334454553515	107.4456503831384	-360.4010448713285	732.6830950526112	34.45662006272852	-318.6104371523235	929.6542631912761	39.15254034034841	-386.6075762960355	1027.223476611579	63.28303103495337	-285.1204634119605
1.04	674.8456324388349	1509.901982995605	-99.40057519047664	677.6376353641392	1508.598632816149	-444.4466077096874	739.1651704830142	1468.391764926346	-244.9883149730486	739.3468188140539	1466.86573173723	-296.0160147410331	714.8132922388761	1251.412710964511	-17.38533773092683	669.06261791628	1160.314474971493	18.22026250049133	774.4741564374601	1054.628051309858	35.29472841190722	839.1850448564348	949.9645677435099	45.45698399825373	664.141197627205	1281.899554843483	-525.6614176166534	623.2945514458911	1163.261041093275	-547.3049857781787	681.7695565440779	1036.498417018696	-565.7128463249076	717.9995726075209	926.1756462139942	-563.5018727391634	773.6777882451665	993.1683494222434	-133.6711676790241	782.2867657175657	1011.997558742617	-385.7095686685253	565.7195780695392	992.1075277785081	-222.715353188713	556.781473188908	971.3116296899823	-269.0712764301154	568.2235692663286	997.3945444376039	-314.3751624578639	743.9170012447338	758.1293085302557	-56.42743961860802	638.5932680270953	734.5602205532095	-66.40064371327853	659.05258890704	608.043746683556	-86.09701686406095	705.2052709148611	492.4920395976756	-85.64944265950689	648.8891217491615	423.0240892343898	-78.36730380211981	554.0793986378123	360.8648571933333	-83.24378129199133	599.9315808831379	489.0393543830675	-98.99966718905755	500.6793159861306	421.0768621950087	-109.8082099208743	373.5867208664354	265.8800291160825	-127.4406156242957	291.4723775370768	309.607277499172	-192.6608921496893	326.8545824493933	129.4100517031914	-92.80640098166225	407.3599583094522	41.20368709051316	-178.6403867225489	861.0441425353932	814.7969177963222	-408.1638589408312	886.1806316940527	688.555944532832	-379.3711854875058	776.4967588753077	794.7265958120995	-470.3913070780599	782.8398386138333	664.5645829681508	-430.5509700732194	837.1916149246235	529.7689627986958	-382.2485336258165	872.8171363469498	419.9635481176167	-364.0510948864429	785.8995761737693	428.6881031572884	-407.5861627276896	776.8570044212746	312.4112865188467	-399.3757870948461	824.6868271536327	107.5489876438592	-360.2674924449766	732.7187060740441	34.49163516904143	-318.560208977801	929.6391754495735	39.44896036607004	-386.5963608924745	1027.044136165561	63.05679022490271	-285.358583052804
1.05	686.5098926756159	1511.630098285283	-99.96779732984706	690.5829600975441	1510.64322129173	-444.9726187983881	751.1491686977586	1470.114332489034	-245.3326205209682	751.4888334440273	1468.57357137074	-296.3350552769396	725.145660981293	1252.664276507557	-18.44743334587064	678.4618441362461	1161.844991152776	16.66145413417026	782.0902278365111	1054.468508604426	34.27590611977769	845.0199798955457	948.6025115437706	44.76953233748148	679.9349384260823	1283.748939987503	-526.5136132217948	640.7500244080188	1164.707304319751	-548.8918257265598	701.1118416011897	1038.725774052158	-566.6301621044463	738.8039442098361	928.9435382291151	-564.1105105014688	785.0599212675144	995.3662019415897	-135.0607706660995	794.1712325512539	1013.596929130316	-387.4624716941596	577.0867898664699	993.1674018803926	-224.041497064507	568.206754025305	972.7109076115644	-270.4501648837216	579.8947897950572	999.0409990233653	-315.5628036551332	760.2073431952861	761.0572122898805	-56.77743938452094	655.4314916467217	734.6402199028053	-67.71122715205234	679.9519082894171	608.6113558956479	-86.64988551564088	730.0373680773394	495.1918712246365	-85.23496146016541	674.2255004409911	426.3405166379982	-78.24109287897464	578.7404615904072	364.9920702820536	-83.03866455059757	625.761513832701	492.753940682623	-98.82201274122266	526.0265865366828	425.4925570690308	-109.8738585651266	397.1870640032795	271.9803018879453	-128.1776437348701	316.6290176289419	315.275777803121	-195.0328847740823	349.816845914841	136.5988172892878	-91.65763304883411	430.1125873438081	43.64011510263855	-174.4774247632404	871.2790652237597	814.4231425041121	-410.0273971951625	895.0627942236426	688.0425397811928	-380.8702348953528	786.165994695992	795.2084378537851	-471.6022860209195	790.9926727694311	665.1916955860636	-431.2759093442359	843.203156584534	529.5833307175312	-383.1238966172364	877.2438686755978	419.2413427147657	-365.023208932615	789.9129274434904	429.1824140350897	-407.598550916404	779.3127877605643	313.05936691794	-399.182738836914	824.7463315920004	107.6407825454217	-360.1583331943632	732.7079590190676	34.50797485960804	-318.4998389426848	929.589630583012	39.70538965588807	-386.5753613090346	1026.851762161455	62.90596485012132	-285.5781856137882
1.06	698.0159075939671	1513.378130870824	-100.4404284905968	703.4060098038723	1512.834734912734	-445.3826575735932	763.0208177744042	1471.907612625095	-245.5756366892494	763.5383075840191	1470.379742211321	-296.5505022749169	735.3108968825513	1253.951149289926	-19.43119246599807	687.6970832876043	1163.424541279776	15.20565252303217	789.5801399671789	1054.437029520399	33.32556363245187	850.7584370651728	947.4257032869805	44.12482657881036	695.665788020291	1285.79682387607	-527.2847677749736	658.2205624078216	1166.363743761679	-550.3937323846264	720.5775480301123	1041.22634345258	-567.4726632021933	759.8102568978873	932.0320654949127	-564.6632704228966	796.3043272848327	997.7757701981595	-136.2390663591555	805.9626561356017	1015.115919363553	-389.0059957598	588.3946236597787	994.5998939426247	-225.483168813959	579.5566355302071	974.4064232811368	-271.8991695574427	591.5210464275521	1000.847800056324	-316.8714714338586	776.3778525295063	764.3447087044131	-57.20078734752406	672.1680197182943	735.2001068328693	-69.00112371078296	700.6283918454319	609.7604628134645	-87.26012677540979	754.6039871188925	498.4597700328743	-85.07499113278192	699.4390679308406	429.8826723844385	-78.36345931443516	603.6322190947078	368.8804347391911	-83.05314659369884	651.1458895120683	496.4559351707952	-98.78638791709672	551.2452982922077	429.4357389447523	-109.989855760725	421.4026603392551	276.9619523910125	-129.0827452896733	341.627018183362	318.4345839423866	-197.5292582152528	374.9747418999841	142.3794459720328	-90.33096388503418	456.0433879764225	46.33920315008595	-170.1480093159659	881.1748800430448	813.8876373979271	-411.7577718804531	903.4787121601579	687.3432562275441	-382.2770069991455	795.4525201448206	795.6177146407368	-472.6634380252585	798.6474807082751	665.7270755416051	-431.9130475162277	848.6428654654898	529.3388098262665	-383.963199285216	881.2005043784706	418.5333224030758	-365.9531489622193	793.5073473560012	429.5567001062215	-407.6574468638695	781.497372430508	313.5962411963237	-399.0393652641595	824.7697690515438	107.7213342345923	-360.0842587573753	732.6720079848768	34.52231040437466	-318.4325380619266	929.5312486649839	39.89327775269483	-386.55419105173	1026.688753270602	62.77300132365393	-285.7763686953997
1.07	709.3772910946577	1515.129756278247	-100.8414528306326	716.1145772188654	1515.153087921913	-445.6980313016333	774.8049639677836	1473.762664618083	-245.7414127408879	775.5048281007817	1472.268093741549	-296.6896856383253	745.2927487133402	1255.263947280409	-20.33348150368741	696.7622269539922	1165.04006576864	13.84661711817167	796.9538939267795	1054.537219365242	32.44807499098393	856.4270723698645	946.4481553734511	43.53062715893734	711.3102629389532	1288.028452599992	-527.9929665809559	675.6665875967556	1168.219838316124	-551.8127014453114	740.1220005839389	1043.98839177809	-568.2306500100894	780.9750715992818	935.4375002504548	-565.133341673937	807.441583728908	1000.361503671803	-137.2309468708239	817.6819137090038	1016.554477747336	-390.3266707317559	599.6834420975688	996.3835725640927	-227.0228724342231	590.8748006162126	976.3824654077813	-273.4129975862795	603.1322814914154	1002.814790338788	-318.2939861212005	792.4517247708428	767.9595541216477	-57.68733996309851	688.8254060725646	736.2157474530118	-70.19470136085826	721.0535515625779	611.45136345727	-87.83806202238785	778.8363777316881	502.214082134108	-85.15900435386068	724.4549045375607	433.5781997720459	-78.70213948418548	628.6983658542622	372.4267853506952	-83.26526733124015	675.999433243657	500.0572398747643	-98.91194905956213	576.2611363772282	432.7945324177132	-110.1782164481544	446.2556926334903	280.6417532830259	-130.0857490695109	366.5027427181004	319.167292616491	-199.9721067086146	402.167505200089	146.5751377652263	-88.86490532404966	484.8834334058391	49.04595966578076	-165.8506014367775	890.7731180389258	813.2414803620607	-413.3129019753002	911.4642001293425	686.5051102430361	-383.5554291984979	804.4265841160494	795.9902808433289	-473.5821317638755	805.8833557491414	666.2042660376944	-432.4819594917645	853.5920064506547	529.0708708011641	-384.7650888247385	884.7734007657299	417.8707803142463	-366.8068042642875	796.8098009274337	429.8409899135542	-407.818376514546	783.5254523492924	314.0476735199135	-398.9996727294775	824.7991751214463	107.7951272871189	-360.0491993658599	732.628528373164	34.54737966607199	-318.3612815630972	929.4813463761607	40.00308752321892	-386.5399767012453	1026.581116257424	62.6216302113874	-285.9529009962702
1.08	720.6165800581589	1516.866910014171	-101.1928644074157	728.7191590279783	1517.572614373685	-445.9391092277508	786.5270756521666	1475.663741804041	-245.8532698659649	787.4001231867215	1474.216500468404	-296.7785026514011	755.0790351198391	1256.591006283112	-21.14970488509475	705.6545100967364	1166.676051420081	12.57439166173464	804.2196889418058	1054.764817343299	31.64661653973371	862.0494474570226	945.6744926750323	42.99316532607347	726.8498529312021	1290.421252763841	-528.655058310303	693.0519244075526	1170.256986863799	-553.1530671341868	759.7033482012364	1046.992938283668	-568.8948241002997	802.2558360511707	939.1488326364071	-565.4936096439557	818.4983922301493	1003.077979712439	-138.0727972891714	829.339776602505	1017.911238166024	-391.4310421386662	610.9768476763271	998.4620260338409	-228.6227563564958	602.1905405545081	978.593210644407	-274.9673201060903	614.742950682961	1004.922174889798	-319.7992729642576	808.4435550020505	771.8603578232744	-58.22272834474185	705.4187276967716	737.645218230371	-71.2145892430589	741.2057044590198	613.6252066713241	-88.30024451049655	802.6747451810722	506.3595852926833	-85.4683343443382	749.2177515929063	437.3480596392128	-79.221039511604	653.8964027325578	375.5385455695707	-83.64553227343372	700.2664348205578	503.466088327224	-99.20868379787515	601.0275946100148	435.4681423310851	-110.4518241673713	471.7697551517336	282.8723391969096	-131.1083441992682	391.3525911991376	317.610653651989	-202.190179510532	431.2085483791823	149.072196745923	-87.31533765903507	516.2930010705901	51.50779228019698	-161.7881277800156	900.1173220541017	812.527798431493	-414.6660287805515	919.0611904519108	685.5724021508752	-384.6775608833022	813.1577263531253	796.3541312429741	-474.3706219947115	812.7825787656013	666.6527883541901	-432.9996607334552	858.1256105621712	528.808707216189	-385.5298966996421	888.0371296239164	417.2788422373666	-367.5650714491638	799.9124187582065	430.068759776571	-408.1079848121259	785.4750610397234	314.4430745836863	-399.0894097572407	824.8619323291348	107.8688624657721	-360.05071468414	732.5914588687633	34.59265394827246	-318.2891177788573	929.45027866029	40.03912443732234	-386.5369693677637	1026.541373163316	62.43216138467179	-286.1091103401308
1.09	731.7631072085153	1518.569427532689	-101.5142455284752	741.2333971702778	1520.062133818207	-446.1243115110477	798.2101109050792	1477.586997609208	-245.9325118769463	799.238183317425	1476.197078334422	-296.8398282878837	764.6637942629052	1257.917430351923	-21.87583401253332	714.3751427793065	1168.31455504631	11.37656076010232	811.384811264959	1055.107293708849	30.92332942543013	867.6464645175712	945.0991787393463	42.51707546307982	742.2715825866679	1292.945084923284	-529.2859137224445	710.3454640884231	1172.448135313546	-554.4209513139945	779.2833399442279	1050.213720954465	-569.4569945846471	823.6114827902019	943.1473142248253	-565.7182079498741	829.4981465497974	1005.873226654472	-138.8079170821987	840.9377446247743	1019.180921317877	-392.3440142687116	622.2823862782975	1000.752036558821	-230.23009322659	613.5182951650975	980.9682311304462	-276.5221284931861	626.3526920020172	1007.131823427951	-321.337230628984	824.3590814707629	775.9985713884996	-58.79084817624413	721.9546689946196	739.4339366324419	-71.9924173147563	761.0693931798344	616.2096979471966	-88.57996022756306	826.0655986675308	510.7964805305834	-85.97781904917943	773.6880902310473	441.1127198626384	-79.88319588258885	679.193819411142	378.1414978489872	-84.15945580182091	723.9168632253939	506.5945363910492	-99.67686746263541	625.5218716929776	437.3753591750861	-110.8122357142103	497.9612760202345	283.5543396719339	-132.07370256041	416.3106594204	313.9296866480494	-204.0396353670694	461.9052794146628	149.820783014762	-85.7487814361792	549.9098404418967	53.50838183573254	-158.1450490232312	909.2485142615828	811.7760796140608	-415.8069860290062	926.3148075324581	684.5814765842842	-385.6246574310288	821.708594689349	796.7251071369253	-475.0435886447654	819.4235677525323	667.0940529420712	-433.4779470759163	862.30922616533	528.5725648776228	-386.2583114224977	891.0505642848984	416.7732531429374	-368.2244859781063	802.8681426698604	430.2728143364909	-408.5230607305296	787.3848980982641	314.8116802372635	-399.305865731767	824.9729268633525	107.9496879237802	-360.0809576545686	732.5712627169453	34.66488224521444	-318.219144605152	929.4430581602492	40.01446497814865	-386.5465479030316	1026.571934007612	62.19668927509606	-286.2468163290491
1.1	742.8501529085461	1520.21496117123	-101.8215792341398	753.674400410889	1522.58536754946	-446.2694147809491	809.8730121390917	1479.500982364058	-245.9972756567144	811.0349411994728	1478.176978651691	-296.8922923353874	774.0488339100218	1259.224453475477	-22.51038169952172	722.9293370683058	1169.935381070609	10.2396910624093	818.4568059041046	1055.544187169207	30.27942397197009	873.2369852312481	944.7064475526295	42.10540978384974	757.5680660933635	1295.562954355079	-529.8980183858002	727.5225031601806	1174.757795028344	-555.6236596479296	798.827721506816	1053.617554441229	-569.9107593136584	845.002796220387	947.4064416702787	-565.7839000143864	840.4612098923562	1008.691977794021	-139.4818991504004	852.4696107158338	1020.353017694804	-393.1052080580014	633.594465752934	1003.154687183394	-231.7840260423221	624.8588697234125	983.420960175729	-278.0267072194687	637.9484646448159	1009.390867925008	-322.8456950928197	840.1967110825	780.3200217838048	-59.37648576015529	738.4323224007409	741.519224526862	-72.47776244191579	780.6344776399828	619.1245994166568	-88.63426587766878	848.9597433828415	515.4276440871233	-86.65787885091191	797.8377620586054	444.7974194746934	-80.65351858574203	704.5646537893474	380.1845665118438	-84.77065360837132	746.9408081732122	509.3641920337579	-100.3070162096789	649.7399295875382	438.4595560066849	-111.2493972981963	524.835508991247	282.6426235782754	-132.9153141388641	441.5289831831951	308.2966154541473	-205.4183534684401	494.0775650736294	148.8330740039227	-84.23361727498883	585.3895826167635	54.89225161125253	-155.067994744806	918.201901464016	811.0001372374124	-416.7406770437182	933.2705861033267	683.5575889722591	-386.3872987057221	830.1308274475813	797.1054486277054	-475.6158693614413	825.87578579765	667.5395778833756	-433.9220613560809	866.1981245257793	528.3729839992513	-386.9502433216958	893.8569224894298	416.3590848737297	-368.7944950913493	805.6952930404796	430.4814691660457	-409.0351681943426	789.2596291699373	315.1791421987233	-399.6225106086334	825.1371787589084	108.0437700795902	-360.1281390006095	732.5754031426177	34.76835659665414	-318.1541237743038	929.4609323981599	39.94645632068472	-386.5675635301878	1026.668293165343	61.91483408969311	-286.3675084260929
1.11	753.9117835787722	1521.779268936793	-102.1264423607403	766.0626546825098	1525.101795917476	-446.3872069787033	821.5310588028858	1481.368892258939	-246.0616354054678	822.807481582541	1480.119728579112	-296.9494971423601	783.2444945135172	1260.489335652876	-23.05585515718808	731.3262616726134	1171.516423457294	9.150660148635906	825.444703089461	1056.048045820549	29.71515787303896	878.8384090387656	944.4709758472732	41.75965787024325	772.7371548165078	1298.232102734282	-530.5012790565007	744.5654659106378	1177.14272182271	-556.7691382588538	818.3062797100687	1057.16515038356	-570.2519750096044	866.3926412379096	951.8925247191896	-565.6711569781066	851.4049654954799	1011.478571618904	-140.1383735964097	863.9237586641157	1021.411815794168	-393.7637884556627	644.8986086088069	1005.566941105945	-233.2222921043404	636.2019953600163	985.8582069229999	-279.4252964518727	649.5077615546772	1011.636706506723	-324.2581429447501	855.9498973546533	784.7659147152406	-59.96760917277551	754.8450176470215	743.8339960217552	-72.6439590379005	799.8948167532822	622.2863744429544	-88.44704657532722	871.3114369837415	520.1631221691669	-87.47683989331631	821.6458115432442	448.3355626388652	-81.50094771169924	729.9870000118726	381.640734412087	-85.44389715654088	769.3422867052882	511.7089735806831	-101.0803127428294	673.6917769082741	438.6892195166428	-111.74329216231	552.3872492321477	280.1461959218406	-133.5835432509369	467.1628814299302	300.8764232588499	-206.2727882468155	527.5709840320712	146.1795131704551	-82.83097711118378	622.4322016974279	55.57765699503582	-152.6520599340579	927.0052972337052	810.1992584892353	-417.4836974182228	939.9722419162379	682.5139352870308	-386.9648748176228	838.4633791275591	797.4848221968316	-476.1008940117111	832.1966651514501	667.9911617207674	-434.330857310018	869.8385160657493	528.2115791747736	-387.6041629664803	896.4868862271278	416.031308920841	-369.2926062094721	808.3885747364961	430.7156167996626	-409.599403939228	791.080980523559	315.5649831619749	-399.9972538532072	825.3524950996971	108.1552985175829	-360.1783733074895	732.6087576316238	34.90495544397291	-318.0959134871949	929.5027026780475	39.85307010119246	-386.5969551427864	1026.821660608166	61.59041328901681	-286.4718577918095
1.12	764.979776624417	1523.236877691692	-102.4356741596426	778.4213745636115	1527.567978059865	-446.4874502863273	833.1969633830629	1483.151650358617	-246.1350677291156	834.5730193331399	1481.986996578165	-297.0196809358425	792.2695546548493	1261.685947908169	-23.51939850981705	739.5792938397394	1173.03415148923	8.097657142809865	832.3600858432167	1056.58593237314	29.22966417835736	884.4671256580122	944.3593230462402	41.47972054703416	787.7812455941189	1300.905452943096	-531.1029395663577	761.4637294758716	1179.553493883465	-557.8655579990971	837.6926366059924	1060.812416025205	-570.4788938010213	887.7461129159394	956.5658848136022	-565.3648867381755	862.3438531223071	1014.179413951304	-140.8154119016659	875.2859705592963	1022.337552187703	-394.372435764112	656.1760870396058	1007.891783693512	-234.4869851491725	647.5298362943026	988.1891813292925	-280.6625972024776	661.0025882830441	1013.802593760289	-325.5108942321021	871.609204695233	789.2734802008844	-60.55678403372056	771.1823678235701	746.3095686229378	-72.49011947740053	818.846395127995	625.6116694978671	-88.02826115243785	893.0786750714548	524.9216185497769	-88.40339435298776	845.0949094745067	451.6699174706863	-82.39979449676196	755.4414838496289	382.5043096749433	-86.14763807367021	791.1335623288462	513.5746430190582	-101.9696043692489	697.3976565746068	438.0544435549809	-112.2672002937352	580.6052013725302	276.1228229682972	-134.0492040221982	493.3620931303172	291.8200637026741	-206.5979315215562	562.2628862035104	141.9835714400237	-81.5868940315157	660.7932717937547	55.55817974564151	-150.9335191096196	935.6790478158775	809.361452553007	-418.0602310377615	946.4604977050116	681.4527500429751	-387.3646769716146	846.73300777037	797.8431763519707	-476.5100238738677	838.4303175155263	668.4423898805285	-434.6982724113325	873.2699163278003	528.0828563282371	-388.217102984288	898.9632639131091	415.7768562724035	-369.7388607068777	810.9328749787403	430.9871978021795	-410.1650468755828	792.8212769094333	315.9812775947031	-400.3824473737732	825.6118585735876	108.2859750252962	-360.2176918934392	732.6737842287876	35.07416541262258	-318.0450397392971	929.5656851331726	39.75024287928186	-386.6305364985823	1027.02086706691	61.22918541867462	-286.5595897070767
1.13	776.0809928160293	1524.562076139703	-102.7515506899013	790.7753645023557	1529.93928204963	-446.5770508009175	844.8816360564299	1484.810884926163	-246.2223211813612	846.3479726024384	1483.740602240247	-297.1058094859212	801.1504287103151	1262.786069662466	-23.91254875438655	747.7064779409012	1174.464220531981	7.070787272122906	839.2178190955916	1057.121470272765	28.82063284945372	890.1388259385195	944.3320562468648	41.2638538325638	802.7063292375306	1303.533412436582	-531.7075407415683	778.2124750694493	1181.937062412178	-558.9209999598484	856.9639406823536	1064.512180575267	-570.5919266294909	909.0306273621169	961.3825953521944	-564.8548031578223	873.2894698542522	1016.744989949421	-141.5428128876638	886.5423231727818	1023.108350838509	-394.9812240255711	667.4082504971786	1010.045844705415	-235.5288724369638	658.8210149699626	990.3330458715013	-281.688511734079	672.4038947811446	1015.823191138481	-326.5489397924513	887.1633523555003	793.7764754041054	-61.14149314906487	787.4318319618685	748.8776309119298	-72.03942719063303	837.4848797014854	629.0196474784832	-87.41005203611132	914.2242243604734	529.6294015134781	-89.40909251071662	868.1686167637813	454.7519697276056	-83.33032280013538	780.9103634186556	382.7858477513207	-86.85573372404173	812.330934126986	514.9158871806231	-102.9411604215796	720.8854682177944	436.5609849826646	-112.791977099146	609.4778557134366	270.6705918209398	-134.3041031491725	520.2669010283079	281.2646736171048	-206.4318702750462	598.0614004234799	136.4151615850019	-80.52681604083352	700.2825273703658	54.89538993368912	-149.888784115503	944.2369754212671	808.4676321399127	-418.4982393881459	952.7730598381513	680.3679540711067	-387.6008881694909	854.9561167174346	798.1546664732556	-476.852676768355	844.6077206569544	668.8808899642678	-435.0156187486166	876.5276800844955	527.9765807111575	-388.785339425776	901.305652883736	415.5776066720618	-370.1509259491515	813.3161934817276	431.299246809822	-410.6856141067109	794.4559986378101	316.4326294899005	-400.7343822638243	825.9054408107611	108.4349817664194	-360.2339165323643	732.770427714006	35.27328631364036	-318.0006274178391	929.646342587887	39.65022137167905	-386.6638382818273	1027.253614913749	60.83758564682162	-286.6296888726591
1.14	787.2354814094632	1525.730173372019	-103.0724339805685	803.1495856699173	1532.171901421658	-446.6603216293775	856.5944032801782	1486.311371561792	-246.3236729276168	858.1472994978042	1485.344527381847	-297.2060663188715	809.9198719993619	1263.761224011793	-24.25021702468746	755.7308335097123	1175.782209498555	6.062321976104027	846.0362968480483	1057.617240782396	28.48387737812281	895.8686646238756	944.3463229212518	41.10864235532375	817.5209181322861	1306.065991816103	-532.316900686838	794.8109207018153	1184.240018704747	-559.9431134620293	876.1005563594858	1068.216228814221	-570.5930817208974	930.2159386045996	966.2965422586797	-564.135421349454	884.2506967138836	1019.131420745799	-142.3404078112745	897.6817225913712	1023.702619870933	-395.6321527737005	678.5802170250108	1011.964205280107	-236.3101891775041	670.0546966332722	992.2245108090498	-282.4617974271026	683.6859885186047	1017.639675395596	-327.3299566209388	902.5993746982372	798.2057811052173	-61.72372264440615	803.5793164754518	751.4714540259739	-71.33443266892593	855.8027961612977	632.4333551303475	-86.64074420950023	934.7168810996877	534.2175630990496	-90.47067115071926	890.849773983992	457.5402767118924	-84.27881655590039	806.376863335737	382.5066310745848	-87.5483148815824	832.9524963170261	515.6924354835692	-103.9573343721594	744.1894083786659	434.22401159151	-113.2905953478716	638.9986618198409	263.9187690426232	-134.3589421660596	548.0075337314699	269.338971823744	-205.8467375616995	634.8991417105176	129.6827904788101	-79.65303373155778	740.7542204099609	53.70594463860238	-149.4389239543956	952.6879830454732	807.4958848392338	-418.8265958791671	958.9453398323188	679.2485449615851	-387.6936312831032	863.1410656674278	798.3918576699746	-477.1369334009439	850.7481474819147	669.2909243047536	-435.2740580368899	879.6449984070362	527.8802705241212	-389.3054849203769	903.5339751888931	415.413655237436	-370.5407762261062	815.5388916801967	431.6472821471849	-411.12618657272	795.9727444345357	316.9172431897077	-401.0202223315375	826.2222493999715	108.5993801656209	-360.2180636436314	732.8959080811605	35.49792278469805	-317.9606783018561	929.7406987940935	39.56083937332694	-386.6928850545659	1027.507341991195	60.42222161893659	-286.6808533818364
1.15	798.4555144780386	1526.718901388441	-103.393785989469	815.5676228610102	1534.224950167704	-446.7392642394561	868.3428837354287	1487.622798106625	-246.4355328075868	869.9840572746704	1486.766660121594	-297.3146903024237	818.6153201139654	1264.584735206474	-24.54913746981754	763.6802418105964	1176.964483419757	5.066692093554773	852.8371871914592	1058.03717945815	28.21286103136868	901.6713386786237	944.3585461692792	41.00906044782786	832.2350270220315	1308.455103411285	-532.9301239641602	811.2606193530736	1186.412003268907	-560.9386032942678	895.0857835473061	1071.877461872541	-570.4851921742903	951.2740043254557	971.2614916436103	-563.2057031215851	895.2339220032491	1021.301579751319	-143.2173931455621	908.6977871348204	1024.101540320567	-396.3550009342455	689.6837462310866	1013.602634188225	-236.8061047715328	681.2142687987291	993.8173713395993	-282.9525758186401	694.830427497113	1019.204097939002	-327.8264631720741	917.9023908085658	802.4904077235395	-62.30941364408541	819.6086055789053	754.0265975340467	-70.43057915820376	873.786655735978	635.7803101098531	-85.77793834385011	954.5323604381889	538.6188593984788	-91.57188881206031	913.1201899300572	459.9988705215945	-85.23732863819487	831.8245033110607	381.6944701433939	-88.2118713990682	853.0177973766283	515.8658253944159	-104.9800880661647	767.3493736483576	431.0634140235218	-113.7421545751555	669.1692232866353	256.0196172082544	-134.2392443127288	576.7048866806076	256.1715441918492	-204.9377048900009	672.7241944017399	122.0247083081584	-78.94510571973817	782.0940008638831	52.146606932381	-149.4588656383676	961.0380452109099	806.4253080389954	-419.0733296955605	965.0113963312451	678.0819752955689	-387.6679917434317	871.2903686350655	798.529498356958	-477.3702877710556	856.861604615061	669.6559976348385	-435.4666851095852	882.6541249094403	527.7814191047788	-389.7755256366944	905.6702636107	415.2661832608223	-370.9135053083418	817.6177245953083	432.0216039472393	-411.4668001202247	797.375227053647	317.4287561118489	-401.2211483234756	826.5514384726446	108.7748562143777	-360.1650250743337	733.0445815946086	35.74271697084976	-317.9225243358305	929.8446307486506	39.48558441189461	-386.7147944312806	1027.77000719688	59.98983968916524	-286.7120950395355
1.16	809.7456505266857	1527.509743122736	-103.7093431645957	828.0502003500911	1536.062381081967	-446.8138429528532	880.1327037896161	1488.720788433055	-246.5513158520936	881.8690320948906	1487.98005787503	-297.4230837459725	827.2769284608065	1265.233650894787	-24.82608814403117	771.5868600666777	1177.989115369065	4.08033574616442	859.6448512511174	1058.348652675311	27.99831092269872	907.5612076364257	944.3269330231988	40.95866020746612	846.8593375056749	1310.656819767365	-533.5436581637977	827.5643180665407	1188.408660529352	-561.9125419717896	913.9055829554359	1075.451950093507	-570.2710668373593	972.1786145449025	976.2328435155944	-562.0684336974907	906.2435421838368	1023.225782940555	-144.1725771542246	919.5900755047517	1024.291229045269	-397.1649954465179	700.7190654653206	1014.937724815028	-237.0051731641484	692.2902038042575	995.0861301000227	-283.1438284173136	705.8290596476941	1020.482692615564	-328.0263538192967	933.0550810461082	806.5590622534567	-62.90791727543402	835.4997809798701	756.4814289352701	-69.38936247999455	891.4144962595572	638.9924391877412	-84.88187065165985	973.6531977507821	542.7653736265131	-92.70441882273774	934.9614210660482	462.0965945765003	-86.20317481778234	857.2365136051724	380.3817953808012	-88.83873742221814	872.5487655938745	515.3979910265033	-105.9750447431531	790.4102982978595	427.1017046665597	-114.1346365336766	700.0002132582088	247.1419973609587	-133.9800879344819	606.4708880755629	241.899822209927	-203.8113026445827	711.4909664869392	113.6995707934759	-78.3630286658879	824.2060043405481	50.40008030563967	-149.7903698964571	969.2921768852367	805.2390179400359	-419.264751742147	971.0046365760618	676.8569372897639	-387.5528174966827	879.4025670990283	798.547336147896	-477.5602508086569	862.9518442860308	669.9611139653578	-435.5898484471775	885.5869603034469	527.6690837301327	-390.1953886819551	907.7386477239381	415.1194038383503	-371.2682552883937	819.5845302957124	432.4100414175904	-411.7019044015548	798.68230409861	317.9584561710031	-401.3316775405568	826.8832794022908	108.9566734291838	-360.0734359550604	733.2080554246328	36.00217086188084	-317.8832665599161	929.9540584022419	39.42426679848023	-386.7281119142482	1028.030957681666	59.54750277164066	-286.7233905202813
1.17	821.1037961179129	1528.088910923808	-104.0122025578994	840.6138569314028	1537.654499626181	-446.8822520357323	891.967249830045	1489.587244512026	-246.6624549102778	893.81033884033	1488.963636358549	-297.5210662641542	835.9453974434002	1265.690188796786	-25.09618574717736	779.4860897078506	1178.836740951016	3.101474458819762	866.4856949138832	1058.524048681977	27.82811643666881	913.5525060654971	944.2135630258829	40.94990389598667	861.4045473258409	1312.633328057555	-534.1514273463073	843.7253849684245	1190.193759940978	-562.8676561052174	932.5482912301098	1078.90060609694	-569.952691625946	992.9048384535924	981.1688481099438	-560.7294378537417	917.282770665319	1024.88200487064	-145.1953867520168	930.3648035742917	1024.264187339381	-398.0624733314295	711.6953855227923	1015.965431657938	-236.9090858300559	703.281840793825	996.0259007270834	-283.0320652584445	716.6859972671449	1021.457906030477	-327.9322036402383	948.0367397471235	810.3420327538671	-63.53104533493183	851.2271577271079	758.777685377202	-68.27232775449036	908.6543936915226	642.0055731386992	-84.00999955130683	992.0672442296902	546.5879369033294	-93.86736488139881	956.3560329547724	463.8077409190208	-87.17819536561356	882.5957292193148	378.6059374711516	-89.42626545253742	891.5708975742798	514.2521759898477	-106.9154435682818	813.4205647901742	422.3645432938173	-114.4658895010115	731.5101753897836	237.4669989034468	-133.6204278753514	637.4074590867674	226.6780802615848	-202.5740365481534	751.1528130510733	104.97731581774	-77.85267412491346	867.0021504687745	48.66349136172626	-150.2578550246612	977.4559734225265	803.926040154358	-419.4250666531343	976.9577493679276	675.5650953817885	-387.3791563955471	887.473844448652	798.4316764242683	-477.7145972987337	869.0193429579044	670.1943375189201	-435.6435727416941	888.4752375370806	527.5346267798818	-390.5668743852426	909.7641948396276	414.9613875072242	-371.6006554442583	821.4808692464808	432.8006914884529	-411.8369210335235	799.9233167859641	318.4974912746711	-401.3562035962673	827.2097893445386	109.1406459521701	-359.9448399644485	733.3757194257773	36.27140188537496	-317.8400820413272	930.0650129741888	39.37407957228728	-386.7328471589105	1028.281810435843	59.10279166575756	-286.7162659722763
1.18	832.5230364512744	1528.447766088289	-104.295622346161	853.269886555935	1538.978922435562	-446.9411787511716	903.8476064131221	1490.210169411835	-246.7594342691347	905.8130545155271	1489.702334358536	-297.5981030097314	844.6597168177628	1265.942453147167	-25.37149847555071	787.4151075201087	1179.491256458557	2.129838624859229	873.3875934004515	1058.541794404395	27.68777702844724	919.6595627579057	943.9859088191703	40.97463037708937	875.8808128354864	1314.354349791755	-534.7450845390397	859.7475698078662	1191.740301230549	-563.8037593122233	951.0043753711027	1082.190261163104	-569.5305930045234	1013.428520482587	986.0312253000363	-559.1967434854031	928.3545814639406	1026.255542557167	-146.2674864672252	941.0350628559585	1024.019776953542	-399.0343458535003	722.6299833268282	1016.698453598789	-236.5319704665334	714.1980231168493	996.6507192650549	-282.6272929823816	727.4183029685776	1022.129037136677	-327.5597460504056	962.8222855077108	813.7730087177282	-64.19139243400107	866.757396820469	760.8611546753884	-67.13663998598497	925.4643966814258	644.7589230807042	-83.2134466502973	1009.765022809261	550.0175336724736	-95.06532538225828	977.2886335797889	465.1137527006908	-88.16780960593526	907.8851092047439	376.4107427349929	-89.97599172873007	910.1137668919283	512.3959794590728	-107.7852452557115	836.429125784301	416.8833136689095	-114.7427448109808	763.7225190384603	227.1854244645432	-133.1977481774915	669.6036888965043	210.6834574341169	-201.3221201835219	791.6572495524217	96.1309700570323	-77.35287095806063	910.3941188407302	47.14019016922269	-150.6859620582986	985.5365801492545	802.4819845629049	-419.5760839193808	982.9015286997226	674.2015720516897	-387.1783437484509	895.4995687389069	798.175678163076	-477.8411882995449	875.0637990273153	670.3475104838501	-435.631174040819	891.3504919626333	527.3716594328763	-390.8930569885906	911.7716726279065	414.7839016602239	-371.9057572173945	823.3510044511911	433.1841430635747	-411.8834497872261	801.1318532608317	319.0386837993565	-401.3043337621224	827.5250748021408	109.3239510273697	-359.7824306311478	733.5358071277874	36.54668733272398	-317.7903749860885	930.1736075639827	39.33083462355853	-386.7302401402358	1028.517133524529	58.66387444562525	-286.6941532183149
1.19	843.9938116617957	1528.58264205465	-104.5534612431786	866.0236788731959	1540.020920602516	-446.9860779636033	915.772662461409	1490.583128640159	-246.832749347349	917.8790440463267	1490.186899381355	-297.6443480238277	853.4550342890669	1265.984325428053	-25.66012915420939	795.4110986832563	1179.940324621813	1.166371496256153	880.3793187160929	1058.386676284627	27.56162597601092	925.8969277350261	943.6177168358918	41.02461714555211	890.2972515692506	1315.797894452133	-535.3144061563254	875.6349358380808	1193.03058055234	-564.7174380803751	969.2662638895299	1085.294069567722	-569.0034448098594	1033.726055632745	990.7852624090044	-557.4797770880293	939.4626624999294	1027.338143482916	-147.3648208799476	951.6204360507256	1023.563664626082	-400.0568885925883	733.5461235483303	1017.162779213362	-235.899329755441	725.0566503092618	996.9904004577534	-281.9523479857426	738.0552111638034	1022.511405964862	-326.9358538296011	977.3820464016308	816.7906625673746	-64.90009742150482	882.0483840638506	762.6824196272776	-66.03248396738289	941.7940398600045	647.1950276159987	-82.53546856155509	1026.737089427934	552.9880022022812	-96.30560926304878	997.7461964456531	466.0054032640586	-89.17984265640126	933.0882839801795	373.8485858364801	-90.49292411294493	928.2104264561131	509.8057313228104	-108.5807749519787	859.4817630431937	410.699092671726	-114.9787387744224	796.6611125265489	216.4966222840972	-132.7437253417272	703.1313392309867	194.1195653993158	-200.1331192391516	832.9435959618361	87.4299009406194	-76.80339856457348	954.287632977007	46.03458328220188	-150.9174378193916	993.54318120919	800.9086577103483	-419.7367547753255	988.862945875358	672.7644288503863	-386.9799378519162	903.4758305925952	797.7786889188769	-477.9474845006167	881.0860658525453	670.4161958788277	-435.5583553052496	894.2439670902954	527.1754810905967	-391.1774178917553	913.7850080079374	414.5815338161511	-372.1804075779038	825.2358809350392	433.5546965196967	-411.8546465142587	802.3402297032228	319.5775921802675	-401.1864893658159	827.8254974722927	109.5056680003582	-359.5897267310904	733.6769830849175	36.82562535307839	-317.7318176571757	930.2760008242035	39.29017312022314	-386.7223349477263	1028.734706923197	58.23927068152818	-286.6623361914971
1.2	855.5059939820612	1528.494191151035	-104.7803046870301	878.8745886419293	1540.773176569792	-447.0114927245749	927.7393644152079	1490.704490968651	-246.8736782392913	930.0070797791275	1490.413449136405	-297.6514053969241	862.3609611894375	1265.814637437033	-25.96581821395626	803.5095359097604	1180.175589311637	0.2129977345510699	887.4897812301799	1058.04937535941	27.43476836511849	932.2794012578281	943.0892393047175	41.09216925962633	904.6615606724503	1316.950323260181	-535.8478106727459	891.3919004147347	1194.055392635124	-565.6020192337829	987.3282045764823	1088.191275406966	-568.3679596453846	1053.774546569482	995.3995270866985	-555.588641318796	950.6123819946249	1028.126756473677	-148.4598293377624	962.1459914809381	1022.906395885808	-401.0992541865735	744.4704915340105	1017.39354457994	-235.0465647193906	735.8832483527028	997.0861908243771	-281.0416352435362	748.6359439004182	1022.633992175083	-326.0962610338673	991.682715314621	819.3399637085015	-65.66454813343265	897.0494379304432	764.1975705513448	-65.00224206190026	957.5871719707036	649.260405746558	-82.01163354230221	1042.972641669569	555.439004695642	-97.59557225657018	1017.717548079377	466.4848235219736	-90.22303787351586	958.1892157129161	370.9821192427022	-90.98485851280191	945.8959569497604	506.4711209863148	-109.3105374613708	882.6172976338528	403.8673994017695	-115.1911952914728	830.3449160492614	205.6078919901622	-132.2814466339064	738.0390403729434	177.2175081868319	-199.0602586455087	874.9422447257542	79.13465812123525	-76.15306290278102	998.5783700246318	45.54903656975122	-150.8296472214309	1001.487141093761	799.2129579647701	-419.9224676437861	994.8634392061626	671.2536687991983	-386.8098242522838	911.4008076304151	797.2451067976328	-478.0399653307995	887.0896382513221	670.399030672477	-435.4321489851163	897.1866610345448	526.9423813114302	-391.4229757790537	915.8276368615221	414.3504012412957	-372.4243464988704	827.1700336247347	433.9103423048283	-411.7618936551511	803.5764035867955	320.1126173394324	-401.0107679111401	828.1097513204923	109.6870076618229	-359.3695090915805	733.7902566357392	37.10682394524686	-317.6623506397518	930.3684613048935	39.24857413233939	-386.7114620907379	1028.935260550536	57.83716475683818	-286.6273389964591
1.21	867.050592509263	1528.186433865631	-104.9713917981718	891.81637795966	1541.235061186354	-447.0114477769966	939.7431945747793	1490.576593510709	-246.8747681393766	942.1932538014714	1490.382918592479	-297.6127682861675	871.4006404255454	1265.435910200894	-26.28802435660165	811.7428412546794	1180.192457203393	-0.7274594934868392	894.7470011240908	1057.525334300869	27.29522677028054	938.8219838466401	942.3868516732527	41.17064505764311	918.9797836215591	1317.805786665944	-536.3329533389523	907.02332293584	1194.81267021157	-566.4477769040411	1005.186091549522	1090.866427232472	-567.6190779406099	1073.552358746442	999.8453428781386	-553.5335270356564	961.811693395295	1028.622140425078	-149.5235863320494	972.6407550738274	1022.061435141648	-402.1271400415396	755.4308137386987	1017.430331053893	-234.0169777177584	746.708741025806	996.9855725312278	-279.93926974637	759.2064408647782	1022.535626575866	-325.0831746135113	1005.689131284586	821.3731771228297	-66.48655368549876	911.7033430908911	765.3688706097507	-64.08121402451476	972.7854720858952	650.9068261293912	-81.67098007538866	1058.459743902806	557.3187928321636	-98.94061308565333	1037.192156164175	466.5667913771427	-91.30518937324149	983.1706337904877	367.88525347561	-91.46155771527523	963.2058596341894	502.3992477389548	-109.993047509965	905.8643084815758	396.4628259195526	-115.3981954498572	864.7819408194292	194.7335584819671	-131.8245170295301	774.3455626061899	160.2341717763283	-198.1299508323629	917.5743649605972	71.49313067506397	-75.36699946082484	1043.148632912692	45.88152960099597	-150.3479399282129	1009.38188214614	797.4054253115518	-420.1442731761731	1000.91834554749	669.6702727700708	-386.688784763514	919.2757322695454	796.5832172972109	-478.1236334632217	893.0817950620188	670.2967501171362	-435.2599967870441	900.2096871590531	526.6690731060246	-391.6315762349475	917.9235838731067	414.0867965628212	-372.6398663038976	829.1819594338597	434.2516916833076	-411.6132456228427	804.863871261857	320.64426948062	-400.781524613609	828.3788753395194	109.871233240286	-359.1232246146367	733.8707729270982	37.38931254651035	-317.5801913180835	930.4475906547283	39.20403622099491	-386.6997246345165	1029.121757877447	57.46429820558346	-286.5957567559935
1.22	878.6210063997494	1527.66569645452	-105.1224483007285	904.8381401396423	1541.411594622155	-446.9799042842509	951.7788609839765	1490.204940059369	-246.8300428800554	954.4316405018208	1490.100448659686	-297.5239394487222	880.5906954084203	1264.852994497364	-26.62237640473812	820.1395428801525	1179.98947838149	-1.651224176133934	902.1769693948855	1056.813301959686	27.13558881401957	945.5397155139261	941.5021514046496	41.25484782609519	933.2562051289729	1318.365176437303	-536.7573270567308	922.5345535041929	1195.305824935537	-567.2422858375224	1022.837274813762	1093.308196485517	-566.7504607468812	1093.039987918532	1004.096146863371	-551.3243526757436	973.0717502057121	1028.827560612025	-150.527703990087	983.1357897565802	1021.043087952938	-403.1061909016674	766.4539573647405	1017.312205391366	-232.8592250742857	757.5667310770818	996.7366477639356	-278.6965704678462	769.8154302420957	1022.260055774812	-323.9428551753616	1019.366367097503	822.8505484925936	-67.36130668330813	925.9501778898868	766.1654851961482	-63.29932994299116	987.3320725126744	652.092937021205	-81.53723768656971	1073.186864096731	558.5868398194373	-100.3426726114354	1056.158482195697	466.278696066573	-92.43102157512635	1008.011672173027	364.6428641501157	-91.9337140373045	980.1749319178698	497.6177133341677	-110.6527498421473	929.2385223410649	388.5822078208764	-115.6156852602319	899.9625540902166	184.0928633800837	-131.3781337788832	812.032442160837	143.4476138051356	-197.3427642740679	960.7507341365945	64.73740643396133	-74.43240815979411	1087.863985533515	47.22274287412509	-149.4542235145659	1017.242538011488	795.4986854155728	-420.4083578643307	1007.037829498828	668.0156015993864	-386.6316828125622	927.1054612956025	795.8041969434445	-478.2016923258049	899.0744409715346	670.1111806579688	-435.0491000244793	903.3449004731148	526.352373328401	-391.8034156602946	920.0988599670884	413.786116615739	-372.8303766223108	831.297032288506	434.5804068196586	-411.413482775177	806.2238275978631	321.1740229561586	-400.4996018691082	828.6361830800596	110.0632961291976	-358.850896325117	733.918915714479	37.67210173441829	-317.4838619647206	930.5106767047653	39.15638769821216	-386.688559138006	1029.298408044093	57.12474663290993	-286.5728201519911
1.23	890.2138594110506	1526.939626046868	-105.2294857132088	917.9255180159115	1541.312278245759	-446.9112246165976	963.8410305001216	1489.597493150423	-246.7350258991115	966.7151553322049	1489.574745252593	-297.382285855196	889.9419329185771	1264.071881333031	-26.96135598758837	828.7238529066614	1179.567602297884	-2.553469347782474	909.8026942902386	1055.913950585454	26.95371562564619	952.4474008561863	940.4307443793867	41.34125687842777	947.4933701653104	1318.634798216887	-537.1087865066927	937.9313924159608	1195.541978149956	-567.9708205453694	1040.280368231998	1095.508044256824	-565.7552902211444	1112.221007116802	1008.126815711841	-548.9707161780651	984.4069890158642	1028.747760229254	-151.4459297458942	993.6620591041482	1019.864709889789	-404.0048623103463	777.564421678853	1017.073014199407	-231.6243352780672	768.4906654062186	996.3826373093214	-277.368898951046	780.5102709948203	1021.850415589278	-322.72319406609	1032.681896898396	823.7408554674112	-68.27718287547319	939.7321381976852	766.5644142713285	-62.68283673866528	1001.175142449188	652.7859926757369	-81.62922910618977	1087.145567909388	559.2162990926909	-101.7988730604996	1074.602492935941	465.6588566277276	-93.60026658569126	1032.685424101793	361.3488225689118	-92.41175072696825	996.8367593421752	492.176607965457	-111.3144692858381	952.7409063473192	380.3450084402156	-115.8550017667712	935.8520799211883	173.9059956180778	-130.9419281794126	851.0362574602426	127.1493569029331	-196.6777075298531	1004.36862714857	59.08050240462426	-73.36207695528725	1132.569488584498	49.75143658572618	-148.1895148435715	1025.085500737131	793.505934372162	-420.7160628144522	1013.229033753967	666.2912758428578	-386.647210730158	934.8988983457723	794.9211979690981	-478.2754023051596	905.0846280990907	669.8444275505684	-434.8060077443157	906.6254981096722	525.9891258259781	-391.9368493445943	922.3825582203084	413.4423180081995	-372.9985278595457	833.5412192359005	434.8977723592538	-411.1652057358618	807.678045487756	321.7033036618168	-400.1637008946276	828.8870929673579	110.2692556924144	-358.551429112249	733.9403387260706	37.95426016127317	-317.3722234132809	930.5560657248161	39.10726157037763	-386.678418320586	1029.469622700392	56.81904195972773	-286.5611819363223
1.24	901.8294780264503	1526.016440265142	-105.2886054561999	931.0620447196695	1540.949964755991	-446.8005711930122	975.9249896815638	1488.764126315386	-246.5866766127682	979.0365062644855	1488.817443388116	-297.1867268264885	899.4606138406423	1263.098844823377	-27.29507312533992	837.5155792171378	1178.92960872452	-3.42826184669294	917.643635577828	1054.828854218221	26.75250917779914	959.5593118968654	939.1710072315572	41.42808969733181	961.6922639716751	1318.625006480942	-537.3759135629914	953.2199727327709	1195.530290707756	-568.6167478120672	1057.515006619224	1097.459003577241	-564.6273399649087	1131.082832726916	1011.913080821419	-546.4821389795263	995.834493819993	1028.388353511172	-152.2554256969939	1004.248377734171	1018.53755533804	-404.7965793372284	788.7830442080087	1016.737541679952	-230.3625394446367	779.5111846370551	995.9571440095472	-276.0119813938186	791.3329712919403	1021.343828780797	-321.471277519655	1045.607844980036	824.0221638451414	-69.21624472752393	952.9984123896608	766.5515928220204	-62.25479750368883	1014.271675483702	652.9635183622623	-81.95988654402619	1100.334473767907	559.1959835983039	-103.3002025164524	1092.507669701512	464.7536832886119	-94.80661538676492	1057.157084609369	358.1022276180121	-92.90467297069776	1013.22352810156	486.1491895013924	-111.9972890475512	976.3564776843943	371.8903529213227	-116.121118701096	972.3828980053597	164.3878081329188	-130.5140665509076	891.2412138093442	111.6333301920274	-196.0994242325569	1048.306275953494	54.7120146017099	-72.19529883462917	1177.085701827207	53.62721141054478	-146.6500355699332	1032.928154386617	791.4396451811215	-421.0645583119598	1019.498825431892	664.4994468906722	-386.7379812155143	942.6694899301318	793.9483587979516	-478.3441014666445	911.1346830632547	669.4983546234636	-434.5363172411701	910.0862267774799	525.5763162952758	-392.0285288739485	924.8071074868892	413.0479678245318	-373.1446077484777	835.9439957285886	435.2038156544713	-410.8702578847618	809.2509865047716	322.2329877902687	-399.7721597594098	829.1388535225095	110.4956139397293	-358.2231274474025	733.9449201856271	38.23564127475002	-317.2444978957343	930.5834239138653	39.05981144986261	-386.6686036458574	1029.639139834307	56.54396949015839	-286.5602815400131
1.25	913.4720195792729	1524.904503394715	-105.2958556717402	944.2305129452707	1540.339892950241	-446.6441595002541	988.027271205121	1487.716327736745	-246.3833004281531	991.3890776689564	1487.84251058905	-296.9373690743377	909.1501564284517	1261.940003476706	-27.61204305445456	846.5303300136768	1178.079846947035	-4.268589337877213	925.7155258577446	1053.559962117203	26.53900073125264	966.888958691542	937.7230878357066	41.5151887183932	975.8526947113619	1318.349027965917	-537.5481640155949	968.4066073683091	1195.280647232121	-569.1619334505067	1074.541510339729	1099.15478728304	-563.3621754264345	1149.617125154017	1015.431201131965	-543.8684559498091	1007.37253873779	1027.755730895271	-152.9377335869897	1014.919797861197	1017.07049138923	-405.461155683667	800.1258783783226	1016.319138884028	-229.1202044799206	790.6538120583784	995.4808760974319	-274.6780236284345	802.316738519977	1020.766987583115	-320.2309510779587	1058.12338831406	823.6831165525726	-70.15529872466007	965.7096907797934	766.1229135122652	-62.03380537325761	1026.5918312701	652.614888719633	-82.53384623306445	1112.764315954983	558.5316851994721	-104.8305310576585	1109.858021650635	463.6148159644597	-96.0380655255868	1081.383216579159	355.00204799172	-93.41935785082103	1029.365937030441	479.6309839181341	-112.7091273094518	1000.053708541928	363.371204746987	-116.4117301026568	1009.446602150918	155.7390982147909	-130.0958043078499	932.4731144185505	97.18132882732412	-195.5675195120424	1092.415203959803	51.79176670564028	-70.99609325207975	1221.205072450105	58.98017625780755	-144.977439583513	1040.789115845812	789.3106758109064	-421.448024497034	1025.856471683413	662.6432097799772	-386.9007781126902	950.4357355252329	792.8997094029721	-478.4054140906446	917.2518980590714	669.0743610701517	-434.2444121877554	913.7629320808385	525.1113479106643	-392.0738675941637	927.40749416877	412.5947753550049	-373.2657505360776	838.5395328352727	435.4970178920156	-410.530844408538	810.9704027042956	322.7634619946324	-399.324446051031	829.4001584517964	110.7487518957786	-357.8642575075796	733.9450068734327	38.5181254026966	-317.1002866107542	930.5938220702883	39.01824088548396	-386.6572529367563	1029.809507481391	56.29306398282893	-286.5663407290482
1.26	925.1491921550551	1523.612267598785	-105.2471828013778	957.4143153226595	1539.498981488178	-446.439315429667	1000.146337811955	1486.46719953194	-246.1244329678617	1003.767610796534	1486.665704691039	-296.6351635272535	919.0130956886508	1260.601342126841	-27.89995616429022	855.7799514243345	1177.024280271273	-5.066475201802282	934.0304902655535	1052.109554974495	26.32308395142644	974.4489285708084	936.0883165587632	41.60375271785384	989.9738684700519	1317.822109392519	-537.6158009054991	983.4976823332139	1194.802875463867	-569.5872227064588	1091.360497616858	1100.589354030273	-561.9582432104598	1167.819657148537	1018.657985846498	-541.1401787954783	1019.038438035944	1026.857465585206	-153.4794469452114	1025.696614548963	1015.470559688304	-405.985547734269	811.6033157212371	1015.819323278044	-227.9371164139823	801.9370628328634	994.9604022688061	-273.4120448539979	813.4833867198155	1020.133568470618	-319.0404966421659	1070.217380612113	822.7248806339933	-71.0674003761731	977.8423695811589	765.2849541764499	-62.03119359874337	1038.124024293171	651.7428347562073	-83.34416415502419	1124.463436019798	557.2469670247403	-106.3665177475564	1126.644058202591	462.2968592640492	-97.27867335520224	1105.312357092604	352.1406419289885	-93.96069339338405	1045.293243937712	472.7371788354769	-113.4433261429827	1023.784195313824	354.9467827310334	-116.7172080472461	1046.887050003942	148.1357771661524	-129.6955447929899	974.4956428797583	84.04558327238496	-195.0466777269258	1136.511554564328	50.44086407560309	-69.84892859003844	1264.689700672187	65.89770618206437	-143.3446236042954	1048.689043825289	787.1278621203049	-421.8589834057509	1032.315701185228	660.726861601467	-387.1269716165463	958.2214517376021	791.7880472229162	-478.4556635138022	923.4678460825595	668.5733808951597	-433.9332744566559	917.6913922021731	524.592446730097	-392.0677414913774	930.2196578474595	412.074404554405	-373.3561804746497	841.3659251210577	435.7745152253283	-410.1500518955265	812.8664588851759	323.2950815409923	-398.8219862051801	829.6806763029788	111.0346767901317	-357.4735599509968	733.9535333251697	38.80699713624358	-316.9396122381301	930.5896697477826	38.9871930311413	-386.6414624120284	1029.982011596444	56.05757358998686	-286.5728540859914
1.27	936.8715500696096	1522.148561728911	-105.1384763034446	970.5986733409957	1538.445436341685	-446.1843328458802	1012.283370725808	1485.031696619739	-245.8106316162898	1016.168663809271	1485.304106948438	-296.2815924340001	929.0529366062658	1259.08914770455	-28.14650561185507	865.2731271260517	1175.770755449515	-5.813173988600687	942.5974502945351	1050.480593215951	26.11616920897135	982.2507843281254	934.2691154439251	41.69596068089152	1004.055046294924	1317.061008135625	-537.5697030061013	998.4996489475391	1194.106531878905	-569.8730400278307	1107.972507084553	1101.756994063194	-560.4175635058564	1185.689556689865	1021.571136299443	-538.3087513250125	1030.846123882625	1025.703104153617	-153.8726162517567	1036.593946915265	1013.744141172723	-406.3640208494652	823.219560391394	1015.229495203535	-226.8442859911073	813.3711069411549	994.3891738701643	-272.2488656130316	824.8418942774472	1019.44404657527	-317.9306216594749	1081.89118580521	821.163632255229	-71.92367626824489	989.3926436012493	764.0554045643223	-62.24763787043734	1048.880610571247	650.3648485444128	-84.36916425102081	1135.482715898232	555.3836258679676	-107.8789084733477	1142.869594175573	460.8552712667829	-98.51125154735212	1128.886593277391	349.5967919364393	-94.53260813873921	1061.033357201984	465.5985038368938	-114.1781874412973	1047.482267450824	346.7742240941766	-117.0216223863946	1084.495348240758	141.7167037778267	-129.3315984452149	1017.009239922751	72.430200017586	-194.5157922393738	1180.368180279821	50.73020597937382	-68.85235880894244	1307.271573407324	74.40911659584449	-141.9390031626676	1056.651656480337	784.8980914350251	-422.2893881112747	1038.895829919287	658.7558658296488	-387.4032490249273	966.0555476650862	790.6238622934491	-478.4904346610057	929.8174208404498	667.9959746864744	-433.60444365011	921.9056288106653	524.0191028807862	-392.0052582620302	933.2785326552741	411.4793950687535	-373.4083543742989	844.4629005907177	436.032723183937	-409.7318491634998	814.9698792123936	323.8288287711406	-398.2683738458351	829.9905749390329	111.3592181387737	-357.0507081703833	733.9825362379024	39.11200297131761	-316.7630169478902	930.5745753985454	38.97103793347406	-386.6175237692444	1030.156994093324	55.82754545554263	-286.5713939897562
1.28	948.6514707070692	1520.523143362414	-104.9656562474745	983.7716390523638	1537.198660644651	-445.8781531006462	1024.443060223494	1483.426976102541	-245.443120856188	1028.590918422347	1483.775786679176	-295.8783533011799	939.275414775739	1257.410700867666	-28.34029676437664	875.0161188220313	1174.329350470179	-6.499447458371553	951.4228474369543	1048.677364989721	25.92993438584787	990.3050769321123	932.26939761273	41.79452994783921	1018.09608716018	1316.083787053044	-537.4011667236377	1013.418958891039	1193.201212469482	-570.0001436489104	1124.377649103735	1102.65291961514	-558.7457563134994	1203.228114712697	1024.14986951199	-535.3867140148858	1042.803968174437	1024.30516679626	-154.1148772037183	1047.621703546787	1011.898347100586	-406.5977965099723	834.972611736878	1014.534371004507	-225.8623905293279	824.9572305568404	993.7505912995832	-271.211070636542	836.3883290981428	1018.687953527244	-316.9229343838465	1093.161633755608	819.0332836892641	-72.69527797421367	1000.380577831144	762.4632739884569	-62.67028346195446	1058.903669304941	648.5143889740899	-85.57066544225989	1145.899005997526	553.0017893886052	-109.3352957713319	1158.556787638271	459.3437586122005	-99.7204351467679	1152.043160220021	347.4289955053026	-95.13946350853803	1076.6125140443	458.3560327879607	-114.8797787124191	1071.064539567071	339.0000969966084	-117.305082150685	1122.007960464024	136.5713543636177	-129.033156493692	1059.652577631123	62.47402372019497	-193.9743906700696	1223.709580834774	52.66731478358349	-68.11115356367898	1348.656102565802	84.46962210215884	-140.9451704020284	1064.704312801365	782.6267981315104	-422.731227102931	1045.62183678127	656.7365906030846	-387.7128290016193	973.9711629964296	789.4144271411077	-478.5051794948159	936.3376369443952	667.3424525792246	-433.2581649958314	926.4361065968583	523.39241000164	-391.8824343416823	936.6162174487932	410.8040508583773	-373.414568629926	847.8689587133777	436.268260127225	-409.2808349235892	817.3098448572241	324.3669820738363	-397.6692973639664	830.3401303595799	111.7286269629649	-356.5967839881641	734.0422865513118	39.44781527051147	-316.5717326132966	930.5531805703718	38.97315115656316	-386.5813176613595	1030.334444824586	55.59275361995228	-286.5525699224689
1.29	960.5020116117812	1518.747385224698	-104.7247409320078	996.924778285869	1535.77939439276	-445.5199005729363	1036.634069923298	1481.672687627333	-245.0233304275835	1041.035345666976	1482.099669457313	-295.4270088818209	949.6888850127434	1255.575063634867	-28.47170438986852	885.0136123220196	1172.712653231137	-7.115918278944963	960.5116443651648	1046.706335721	25.77526114533913	998.62150602517	930.0953379881595	41.9022437866501	1032.097682906428	1314.909862205045	-537.1017995566322	1028.261618294302	1192.097345899658	-569.9506052462547	1140.57527918649	1103.274237989496	-556.9513144268699	1220.437568240404	1026.375791984904	-532.387812550571	1054.913227738945	1022.680167048069	-154.2092489599128	1058.784679833976	1009.942206105321	-406.6943141143418	846.8549082388798	1013.716333185102	-225.00094530379	836.688356060426	993.0225047961635	-270.3080973070306	848.1072751112815	1017.84799385355	-316.0289877379821	1104.063965124683	816.3879850953645	-73.35530070437238	1010.853936965424	760.5488432603084	-63.27148293242116	1068.270102705519	646.2416945382599	-86.89470730576329	1155.816351440426	550.1793559642621	-110.7039515645118	1173.747866640821	457.8111071364399	-100.8956113249444	1174.715125129958	345.6697874265589	-95.7871257823126	1092.05407628089	451.1553306798878	-115.5077118354278	1094.429693746291	331.7522011783304	-117.5473954865362	1159.109018684702	132.7288794822639	-128.8392702298126	1102.006932041754	54.23745052986392	-193.445188501994	1266.211626796845	56.18311408853499	-67.72766069741382	1388.529366854914	95.94548729300004	-140.5286342737134	1072.877672263159	780.3188070874546	-423.1766406441557	1052.523431364807	654.6759919686948	-388.0372283540557	982.0040856812734	788.1633361993327	-478.4957543696529	943.0661793627535	666.6131025566881	-432.8937349508232	931.3083102082062	522.7151861769339	-391.6967242933661	940.2605126623973	410.045121146133	-373.3685283396776	851.6188519601933	436.4789454160735	-408.8020567730039	819.9122722498084	324.9136336342829	-397.0325772193107	830.7394478439768	112.1503350418349	-356.1148937422452	734.1409714042067	39.83388776047032	-316.3679369570779	930.5309326649334	38.99535341908761	-386.5289558549272	1030.514725188298	55.34342176642092	-286.5070341042835
1.3	972.4358487967738	1516.834950341737	-104.4118526861434	1010.053516125944	1534.209979429846	-445.1083420239601	1048.868752309549	1479.791022081373	-244.5524015776544	1053.505191794395	1480.295649500198	-294.9285926967721	960.3039542166505	1253.593857175096	-28.5334556618419	895.2695031643802	1170.935899270897	-7.653467819001685	969.8684210957815	1044.577050978344	25.66142081659284	1007.209145137456	927.756307317012	42.0215062700621	1046.061195784159	1313.560215091351	-536.6635885623854	1043.032182436315	1190.807385000036	-569.7090930436289	1156.563679215195	1103.621046802856	-555.0444377205099	1237.320108878329	1028.233887716996	-529.3270468674277	1067.167350825892	1020.849481773301	-154.1635332576692	1070.082732485785	1007.887357121581	-406.6662152308098	858.8545841188383	1012.759863523268	-224.2582902987818	848.550676292714	992.1823280738281	-269.536466926391	859.9747462689141	1016.904979174194	-315.2499419279449	1114.654463334145	813.3037151176912	-73.88058848251364	1020.891117126881	758.3631754208432	-64.00985190926679	1077.095031988328	643.6138613307494	-88.27534409611965	1165.364660952183	547.0103798087446	-111.9581335557916	1188.503213989124	456.2977963295382	-102.0332459615456	1196.831025409673	344.3218242175203	-96.48349841209395	1107.376466358227	444.1402191985445	-116.0230062093528	1117.458729209849	325.1323136252647	-117.7325946042548	1195.437506437269	130.1503429082674	-128.7958604026609	1143.604009020945	47.69524953454942	-192.9723399489211	1307.507273430292	61.12097693942794	-67.79327308378633	1426.569002168653	108.6028536730042	-140.8220201044065	1081.204456073656	777.9794832022037	-423.6177094698899	1059.6333896606	652.5814722473599	-388.3584490206338	990.1904523923179	786.8709132059618	-478.4587831543543	950.039751961152	665.8086268095983	-432.5100382364054	936.542058575008	521.9918060987991	-391.4474852580913	944.2338452944114	409.2021227703994	-373.2666361815236	855.741846202935	436.6646738587194	-408.3012021959709	822.7987553403445	325.4749766138017	-396.3685252038331	831.198255150066	112.6335839472592	-355.6110329854879	734.2846982915357	40.29383536937208	-316.1551100444643	930.5137170841726	39.03762465070565	-386.4576720171538	1030.69919923883	55.0708823888648	-286.4264741777791
1.31	984.4643994867865	1514.802332087575	-104.023149058953	1023.157184801621	1532.514627853579	-444.6413801669968	1061.161806484918	1477.806356160944	-244.0307029411101	1066.005808595429	1478.384912242262	-294.3831766895362	971.1326651210227	1251.48191630198	-28.52081111447042	905.7873698873378	1169.016970483005	-8.10364161357848	979.4982603191362	1042.302915584537	25.59556099913564	1016.076612349114	925.2657196155526	42.15399171424059	1059.988164228638	1312.057634060583	-536.0792139772216	1057.732374699813	1189.34717798922	-569.2643857678522	1172.339730618234	1103.697326333117	-553.036010965627	1253.877043043572	1029.713414725418	-526.2206302357388	1079.552386171182	1018.83997394823	-153.9892612690086	1081.511342365838	1005.748290004024	-406.5299792991556	870.9570386084627	1011.655404137191	-223.6224436624239	860.5261292762898	991.211886068479	-268.8810880420482	871.9622958117658	1015.842502356859	-314.5769067938454	1125.012120506131	809.8781313080449	-74.253436293764	1030.602125116822	755.966947947197	-64.8336403450818	1085.532302098268	640.7137260978814	-89.64122725606461	1174.695818812466	543.6020365751917	-113.0802274725346	1202.896331290976	454.8328259307418	-103.1381694135084	1218.314218602834	343.356318358531	-97.23874187218659	1122.590780911662	437.4463984054804	-116.3966181692475	1140.015874760221	319.2107184334283	-117.8535237051018	1230.599405459021	128.7258616425816	-128.9510762447918	1183.937793096205	42.7368077132737	-192.6156540507315	1347.198342997566	67.23096060032428	-68.3808222181474	1462.458299990662	122.1032247364666	-141.9147903570634	1089.717658659465	775.6160838442102	-424.0461210550334	1066.985598432137	650.4611364225336	-388.6612192324338	998.5639605619658	785.5357260606966	-478.3917082126513	957.2923733076674	664.9308159174066	-432.1062380829234	942.1516767431739	521.2277664283404	-391.1365208253196	948.5526453147087	408.2773917335576	-373.1090769949002	860.2607209868336	436.8280810971902	-407.7852783186222	825.986131346659	326.0593934045447	-395.6905739985932	831.7257116823532	113.1897763757398	-355.0951776961837	734.4775526264052	40.85450915361186	-315.9384750573653	930.5073351173124	39.09803127777187	-386.3667896688837	1030.890529658977	54.76829453917294	-286.3045495467414
1.32	996.5971094198184	1512.669207554275	-103.5546983574679	1036.238877009456	1530.719575372233	-444.1156837844609	1073.527784443776	1475.74439645622	-243.4573960181829	1078.544364813577	1476.390352082427	-293.7894272957422	982.1874769575682	1249.257724675384	-28.43135883200343	916.5704862020668	1166.976284048287	-8.45906550431442	989.4071366861076	1039.901724290899	25.5824896478889	1025.232172620609	922.6415802431757	42.30042182685484	1073.879643628182	1310.426847400283	-535.3426328870071	1072.359780220269	1187.737124741379	-568.6107685088891	1187.898596365256	1103.511406472969	-550.9371036512192	1270.107960576103	1030.80857335711	-523.0858381896703	1092.048696980866	1016.684320268102	-153.7002146827012	1093.062933686389	1003.54237755624	-406.3040964084923	883.1465542528695	1010.402145967576	-223.0727959897407	872.5952545009251	990.1012002588207	-268.3174833307538	884.0417157674067	1014.650585600468	-313.9919927238439	1135.238413012051	806.2279499760141	-74.46320498046751	1040.126447487264	753.4284060389532	-65.68569471647729	1093.770983188318	637.6371194757248	-90.92384933744066	1183.977499855074	540.0699755536251	-114.0650694093714	1217.006749996833	453.4312339608177	-104.223462033599	1239.08293588918	342.7141400692086	-98.06530736613453	1137.698728862682	431.1952940422736	-116.6169266361245	1161.950733149094	314.0231193935651	-117.9155337053478	1264.184340220683	128.2779359865195	-129.3496426698155	1222.480986126593	39.17436900949019	-192.4416762644635	1384.872505221165	74.17232759182076	-69.53837789525784	1495.902708072603	136.0085815885654	-143.8471718011886	1098.448509372201	773.2389951817299	-424.4529267063572	1074.613104670261	648.3244787939211	-388.9347666518474	1007.153170991373	784.1569583622386	-478.2924000637927	964.8538338967794	663.983411524983	-431.6825172935153	948.1469301081733	520.42915665236	-390.7687854845208	953.2272009087849	407.2762016024148	-372.900728222384	865.1912661756281	436.9749961174584	-407.2636236280393	829.4864611204142	326.6774686617905	-395.0159267513382	832.3302327603518	113.8325668423746	-354.5823794583402	734.7215093821858	41.54493743534663	-315.7254372557898	930.5169508053929	39.17269697392226	-386.2585368964667	1031.092543756072	54.43139834026597	-286.1377239490068
1.33	1008.840848858802	1510.458607284568	-103.0023500459265	1049.305228728187	1528.853048941633	-443.5264934322258	1085.977845319618	1473.630969701645	-242.8301022477511	1091.129394538234	1474.33694621427	-293.1442021877172	993.4801347491111	1246.943606764046	-28.26451444907778	927.6214135067521	1164.836610412952	-8.713875169882769	999.6017464598284	1037.395896094821	25.62469879808943	1034.683857268699	919.9066447551177	42.460471503882	1087.735551121092	1308.694468934154	-534.4498649124403	1086.907064320724	1186.002678717433	-567.7488289968583	1203.233454915638	1103.07595240987	-548.758965854107	1286.009943021856	1031.518889698566	-519.9407531512796	1104.633881085562	1014.420940863402	-153.3106888034845	1104.728983884171	1001.289858165065	-406.0069032498386	895.4080172469372	1009.009356495606	-222.582492206813	884.7400464078701	988.85065375967	-267.8147002512106	896.1894835715011	1013.327967548566	-313.4700502752768	1145.454363168192	802.4835001135141	-74.50774691614666	1049.627102854045	750.8203100647507	-66.50895867746851	1102.027150500646	634.4882672076913	-92.06579625601395	1193.384980795087	536.5321826547231	-114.9218135257157	1230.912253483512	452.0928464528666	-105.3087799377795	1259.051834746183	342.3095780357491	-98.97762488327245	1152.691317869979	425.4886287145259	-116.6945639749295	1183.102729332795	309.5700844788635	-117.9383551850225	1295.785943843153	128.5716123382611	-130.0270575062262	1258.706442596232	36.75885842872309	-192.5130595111089	1420.124216033574	81.52679064185092	-71.2845650827676	1526.647516311109	149.7981630706762	-146.6084693682155	1107.42445574054	770.8624409334298	-424.8285718966503	1082.546250866696	646.1832750473375	-389.1736143406688	1015.979685190527	782.7369659020957	-478.1584211563349	972.748530728005	662.9730466730165	-431.240687160104	954.5344451061223	519.6022922426148	-390.3531903722502	958.261704156519	406.2071605343323	-372.651646240768	870.5420986458618	437.1147034627955	-406.7488904690496	833.3071915174999	327.3420693417094	-394.3658932185107	833.0194296157758	114.5777394125535	-354.0935218389047	735.0161474722771	42.39530671748588	-315.5258657198976	930.5467068170216	39.2556655234565	-386.138523554657	1031.309736201632	54.0591721150008	-285.9259360418008
1.34	1021.199408706454	1508.196881945539	-102.3616556014705	1062.366129917457	1526.945035980887	-442.867585345165	1098.516986763077	1471.491015763743	-242.1446882547233	1103.770154635977	1472.251971209709	-292.442266026539	1005.0203523928	1244.565644538253	-28.02085808298599	938.9413099100668	1162.622869532646	-8.864100126813417	1010.08891657908	1034.812371205895	25.72256509355014	1044.439648731398	917.0882238832656	42.63281067599744	1101.554174156858	1306.888775022312	-533.3997978702412	1101.361980435016	1184.173952553332	-566.6853547521167	1218.335300621159	1102.407511802761	-546.513309908158	1301.576965580364	1031.849256543715	-516.8039326749141	1117.286444565579	1012.093358278242	-152.8337866707041	1116.502594985526	999.0137773476081	-405.6544647894293	907.7289847635197	1007.496067611806	-222.1211924609543	896.9466065888844	987.4713373949678	-267.3385640837242	908.3900916176744	1011.883066634124	-312.9810178309965	1155.794478371394	798.7806448081208	-74.39438217394272	1059.280985658849	748.2158851965719	-67.25154482690928	1110.530897256923	631.3734746585396	-93.02732985335157	1203.091120844787	533.1018266993274	-115.6738442486918	1244.681853569503	450.8026647635904	-106.4173875481293	1278.135660420547	342.0365753700477	-99.99127985872911	1167.548527255144	420.4041537768321	-116.6634409382349	1203.308893792663	305.8189784813156	-117.9554843504117	1325.025169553401	129.3313887994078	-131.0045337317459	1292.113446511607	35.20200226582336	-192.8778444410632	1452.578349937617	88.82340130798585	-73.60551905547207	1554.495228750625	162.8972533121939	-150.1395542243183	1116.667619161195	768.5045001051815	-425.163236858328	1090.811012157102	644.05236120874	-389.3771229902554	1025.057810103073	781.2833149182754	-477.9863631992408	980.9948195040233	661.9101199855693	-430.7844542661249	961.3192370353649	518.7536973969927	-389.9032975971434	963.6542816477577	405.0827179838175	-372.3769555911291	876.3148243633582	437.2600501355666	-406.2575764200387	837.4513839231506	328.0685567369794	-393.7655931671585	833.8003231992634	115.4428839049328	-353.6554256884903	735.3583162556608	43.43616459076826	-315.3520380890214	930.5995915369642	39.33863041710575	-386.0157505228706	1031.546497562462	53.65426866063549	-285.6730013154754
1.35	1033.673140534864	1505.913409277764	-101.6278633897144	1075.434214936748	1525.026861950247	-442.1313621509739	1111.143308797676	1469.348478211597	-241.3951458811944	1116.475861986495	1470.164958347772	-291.6762099761282	1016.814258304621	1242.153240118585	-27.70144626156997	950.52911378047	1160.361922133181	-8.907901160479952	1020.874742442863	1032.18210370847	25.87469234787907	1054.507663329774	914.2177179640905	42.81529542877703	1115.332000052935	1305.039399725953	-532.1947871351158	1115.708178023854	1182.284520966747	-565.4323890061221	1233.192810803538	1101.525715622884	-544.2126980948944	1316.799614127079	1031.809569172897	-513.694061080012	1129.989717208672	1009.748871871113	-152.2800907580234	1128.38102595182	996.7398548808239	-405.2589202916645	920.1021575024831	1005.889276036807	-221.6578125128794	909.2075082284762	985.9837707906063	-266.8548639729985	920.6377996156764	1010.33379434532	-312.4926591153073	1166.397686945405	795.2508105321381	-74.14011074807146	1069.266297685901	745.684063002115	-67.87066721896353	1119.509342394285	628.3936447126858	-93.79008741240827	1213.254693803298	529.8798020934053	-116.3564906984544	1258.370634536183	449.5329962596059	-107.5726114385421	1296.255249463508	341.7772550455791	-101.1216132348568	1182.240235579937	415.9927305683184	-116.5774636820683	1222.41521067254	302.7083977770995	-118.0108553457784	1351.575687456063	130.2639549815869	-132.2853737118967	1322.257797583865	34.2028720684401	-193.5600905934361	1481.915222747956	95.57391221248304	-76.45391591354785	1579.321162959821	174.7163992795008	-154.3392113822033	1126.194247584704	766.1866084595647	-425.447367254748	1099.427809523311	641.9500444901637	-389.547909217886	1034.395870844949	779.8098558021804	-477.7717209690709	989.6049737790642	660.8094168377534	-430.3192360768117	968.5060244853637	517.8904947031289	-389.4375672659827	969.3975028220511	403.9194566382906	-372.0963495760084	882.5047453657273	437.4274236674088	-405.809774105889	841.9181480194425	328.8750577437048	-393.2428057475065	834.6798999480501	116.4469384802913	-353.3000641839117	735.7421217063359	44.69802133206843	-315.2181001953137	930.6774174585005	39.41070564646061	-385.902086162416	1031.806075532975	53.22323388971115	-285.3865371612688
1.36	1046.258845869339	1503.640011100516	-100.7959844817541	1088.523993809372	1523.13059357336	-441.3090658222868	1123.849918391967	1467.227323945095	-240.5735472611048	1129.254896833437	1468.107302719913	-290.8366345086976	1028.862841954007	1239.738325351233	-27.30720050368129	962.3808127993134	1158.082300066568	-8.845577967988765	1031.963594230256	1029.539151175369	26.07838166149975	1064.896209345582	911.3299362530379	43.00528794673474	1129.063923980212	1303.177008583973	-530.840891252632	1129.926534314792	1180.369810421053	-564.0058051402148	1247.792351408663	1100.452285737585	-541.8709041261917	1331.66516344122	1031.413969760092	-510.629671893817	1142.73558776441	1007.436605748745	-151.657050750338	1140.367672816716	994.496228811437	-404.8276066264068	932.527942692506	1004.221165912024	-221.1628827017861	921.5237384834231	984.4155597456823	-266.3320671737291	932.9369720005643	1008.70636954677	-311.9733296137334	1177.396017935012	792.010293371065	-73.77085899335893	1079.748264687119	743.284681572201	-68.33505534482804	1129.167143932396	625.6365581557695	-94.3574371302668	1224.007539101411	526.9478081531348	-117.0126377211687	1272.016746363702	448.2472722306067	-108.7944830603241	1313.3453514842	341.4123865775377	-102.381640191292	1196.728643040939	412.2767379865368	-116.5031430843136	1240.290631739207	300.154977182713	-118.1529720794338	1375.189919754259	131.0848821173476	-133.8530862261072	1348.783748869205	33.47654985424553	-194.5531216290375	1507.895543370983	101.3151075506138	-79.75070705385093	1601.086036836851	184.6977077658886	-159.0739464995064	1136.01539750669	763.9327834262645	-425.6722824230136	1108.411136855573	639.897967440211	-389.6897019853636	1043.998867018005	778.3366867543751	-477.5094665917549	998.5858807909541	659.6902120419779	-429.8516000376168	976.1001495422427	517.0211331282093	-388.978818387419	975.4801571210585	402.737956464871	-371.8334633470784	889.1023935008268	437.6365610073926	-405.4280035532119	846.7036864448924	329.7826041478006	-392.8259146134221	835.6658927659239	117.6098037502665	-353.0626807900222	736.1596849549989	46.21153423421099	-315.1389654299597	930.7807116937419	39.45852820538633	-385.8112231739358	1032.08928745033	52.77656014548332	-285.0772135577759
1.37	1058.950059311559	1501.41011018821	-99.86093462988393	1101.650568417899	1521.288329946296	-440.3911541536554	1136.62857302215	1465.153210351528	-239.6701126980095	1142.114048701769	1466.111542708661	-289.9126203022588	1041.16085708152	1237.354369008092	-26.83842374666121	974.489043444911	1155.813800185833	-8.679307700735659	1043.357235473286	1026.919509909116	26.3302026419792	1075.613657862259	908.4622037811707	43.20004970189959	1142.743726555012	1301.332945850599	-529.3476942452214	1143.996582516127	1178.465563112317	-562.4238368423041	1262.118262272361	1099.210065325016	-539.5031195303029	1346.158040854293	1030.679858824077	-507.6289999430251	1155.527518445849	1005.205148946325	-150.9693130126194	1152.473049098961	992.3129738629876	-404.3631344179759	945.0165026445743	1002.526185640262	-220.6102781814709	933.905944299491	982.7987989065754	-265.7432412705771	945.3014458242033	1007.033410550724	-311.3943907594867	1188.90247336431	789.1503210338894	-73.31978387682318	1090.864592062703	741.0645927311429	-68.62582172072506	1139.666650124104	623.1700941803647	-94.75174721467658	1235.441560487438	524.3628771093354	-117.6866469955907	1285.640058129572	446.9054353490598	-110.0969152975517	1329.36302632092	340.8329514274358	-103.7791990835746	1210.972094262108	409.2498198848733	-116.5090473234324	1256.84191134445	298.0619668542446	-118.4270514090886	1395.723313695347	131.5462796666709	-135.6712460595041	1371.455000372099	32.78197079640389	-195.8167076667351	1530.383372758166	105.6525430911482	-83.39001627227398	1619.844349100777	192.3634629019033	-164.1903880184859	1146.138601840173	761.768660417618	-425.8308462134618	1117.770304234265	637.9203362798887	-389.8054543007307	1053.87189030611	776.8891408109514	-477.1951333709719	1007.940611120788	658.5756099092821	-429.3885469056013	984.1082100863534	516.1561539514746	-388.5528130811512	981.8905337480739	401.5621106374105	-371.6151197027501	896.0961483634121	437.9100710564769	-405.1351963515631	851.8033947984823	330.8149560878189	-392.5410929016654	836.7677235535086	118.9522393121172	-352.9787491805786	736.6030150068632	48.0085399768815	-315.1286923364539	930.9084780416435	39.4669367829467	-385.7572102904663	1032.393263981885	52.32843632436689	-284.7574355759533
1.38	1071.737782736454	1499.257686053383	-98.81775618647583	1114.827941655289	1519.531494707913	-439.3678910171512	1149.473440580769	1463.154970514606	-238.6735243265335	1155.057934821907	1464.210459008298	-288.8924841406116	1053.696550404733	1235.035361112216	-26.29443787792608	986.8431753074251	1153.586922223121	-8.412607347627731	1055.054336513329	1024.359898670148	26.62660551322972	1086.668173747812	905.6532618619055	43.39715965591532	1156.364630043395	1299.53885233615	-527.7277436206205	1157.897765581112	1176.606700767597	-560.7058204660743	1276.153493203665	1097.822283190233	-537.1258999595696	1360.260705594524	1029.626942375513	-504.7099575069668	1168.382113496472	1003.10009291476	-150.2200004728929	1164.714469422933	990.2213115385509	-403.8643806645304	957.5885755730628	1000.838943001265	-219.9781886259646	946.3746688244493	981.1680105559296	-265.067028321622	957.7532355250801	1005.351816521109	-310.731978901392	1201.000009155096	786.7294803764084	-72.8248708657849	1102.71234246531	739.0556385139964	-68.73605497680529	1151.110305044935	621.0375852832312	-95.00927719350962	1247.597497741469	522.1542539164109	-118.4172833823334	1299.242006692096	445.4704837725506	-111.4852298766411	1344.295288419425	339.9515490253777	-105.3135739374507	1224.929896255352	406.8782098202639	-116.6538238176341	1272.026881082269	296.3285947885034	-118.8663018698928	1413.153564775503	131.4614983691465	-137.6849980715286	1390.181086179804	31.94524413794385	-197.2794599707009	1549.364330896465	108.2989776563576	-87.24716917817057	1635.747040326811	197.3612551454248	-169.5285804518514	1156.570094495415	759.7204077828902	-425.9181741013456	1127.511476677497	636.0425793613483	-389.8964533563614	1064.023624702787	775.4961519798217	-476.8260012708132	1017.67087906067	657.4910712449355	-428.9369056504082	992.5391013028777	515.3084033979247	-388.1863026480543	988.6207633661575	400.4178137309568	-371.4703744762895	903.4760567165167	438.2725711236084	-404.9520802960732	857.2151747987114	331.9980919834122	-392.4090459358982	837.9979712312734	120.4960352633866	-353.0801147572702	737.0671866487461	50.124265266506	-315.1985470338234	931.0580055543466	39.42038695009118	-385.7527397128238	1032.710733060254	51.89587003148035	-284.4398944220268
1.39	1084.611599850919	1497.216100632011	-97.66188981751039	1128.067054530595	1517.890249555398	-438.2301457267044	1162.383689250844	1461.265245902562	-237.571648967575	1168.088693228365	1462.436179585846	-287.7647865708949	1066.452352152269	1232.814847335558	-25.67328909597095	999.4298694065074	1151.432183665655	-8.049536553685186	1067.050503088187	1021.896606702865	26.96449141181045	1098.067381979857	902.9420546443016	43.59493719245781	1169.91976395139	1297.826295577976	-525.995691832569	1171.610504701255	1174.826648130119	-558.8711636522198	1289.880505472756	1096.312168509964	-534.7568372394949	1373.954902009757	1028.276554327938	-501.8902142967003	1181.328668264097	1001.161821163626	-149.4127062066712	1177.114340848533	988.2525623266895	-403.3280915458697	970.2745611530977	999.1935754163903	-219.2493236524997	958.9593487307999	979.5591221901436	-264.2877240265697	970.3206862624593	1003.700987567893	-309.9679730409447	1213.73342037319	784.7699159632023	-72.32612381912858	1115.338100687763	737.2750877167059	-68.66963023256586	1163.528125983373	619.2562400668444	-95.17356359719005	1260.458369104164	520.3233570849179	-119.2307012221498	1312.80694945624	443.9153481678435	-112.9537610461077	1358.16515738278	338.7123490737878	-106.9722766343226	1238.567815064997	405.1040331811248	-116.9750460097124	1285.863833311148	294.8592345909409	-119.4840520855706	1427.591044572159	130.7227152530281	-139.824068077049	1405.034539547344	30.87456368421411	-198.846987809579	1564.955586034081	109.1009186426983	-91.18915309334029	1649.036626899507	199.4990530142695	-174.9338247943282	1167.317348885037	757.8137368023487	-425.932253376636	1137.640950542233	634.2896464735404	-389.9628088711568	1074.46919136407	774.1883950851607	-476.4019081165739	1027.780243819981	656.4622840477905	-428.5030637658574	1001.40647664851	514.4921428307138	-387.9051262596887	995.6715461187414	399.3310488860935	-371.4294355481245	911.2387284693275	438.749458971851	-404.8943810094946	862.9436809188617	333.359521800678	-392.4417898436984	839.3749634445091	122.2642561050613	-353.3910496077311	737.5548626563117	52.60087469706713	-315.3551254731309	931.2250218778518	39.30520393491382	-385.8074296205486	1033.030155233728	51.49699197288235	-284.1363793894706
1.4	1097.56108346468	1495.316897779393	-96.38946363274064	1141.37385594536	1516.393096686355	-436.9703349097648	1175.364238917973	1459.519922818467	-236.35271555221	1181.205914326821	1460.819388940504	-286.5195154397981	1079.406424246133	1230.72500309524	-24.97150501543533	1012.23403722599	1149.379357205383	-7.593722744765624	1079.338721578528	1019.564435244472	27.34166453887081	1109.817950115026	900.3665620926827	43.7928609911555	1183.402420377901	1296.226423921692	-524.1672852001902	1185.117131400447	1173.157018418443	-556.9384610756709	1303.282295953597	1094.702933992712	-532.4140403102824	1387.223099948	1026.651357039583	-499.1873832716299	1194.406564149315	999.4239172299167	-148.5537551006345	1189.697177789473	986.4370183455494	-402.7506237513123	983.1118666361128	997.6245703465256	-218.4105141361439	971.6959019658522	978.0095590772603	-263.3946970775635	983.0360968184202	1002.121685263359	-309.0901810993892	1227.105293682055	783.2581791805359	-71.86253037437578	1128.733160778514	735.7284649086066	-68.43964848656792	1176.872825220916	617.8190794203053	-95.28813763130809	1273.950506463191	518.8471887352098	-120.1348846485815	1326.305940048392	442.2291118011876	-114.4838179788969	1371.035506137941	337.0982621098818	-108.7287651500243	1251.864058127022	403.8509214679643	-117.4810336040451	1298.435341741648	293.5716193075328	-120.2684817663966	1439.277054422179	129.308104924259	-142.0070364297797	1416.253765717523	29.56375379896208	-200.4147865198792	1577.404257574578	108.0483543014898	-95.08611284402458	1660.033567776653	198.7636723693406	-180.2650917812495	1178.391719034573	756.0732377548342	-425.8743127654918	1148.169295316769	632.6842214917207	-390.0052316338486	1085.231607323148	772.99642877512	-475.9252911640343	1038.277763276884	655.5126332681691	-428.0931648927638	1010.732933473003	513.7210169522911	-387.7328387069808	1003.056724141432	398.3255844254402	-371.5226191183207	919.3928438655714	439.3654658184026	-404.9703685835055	869.0049386911605	334.927570642647	-392.6400614905726	840.9266649514917	124.2814095618706	-353.9249773543489	738.0819463414923	55.4920680388829	-315.5989572174337	931.4044090732326	39.11268248210317	-385.9263656792959	1033.336625622535	51.14865963998078	-283.8569789089854
1.41	1110.577385564123	1493.588709906905	-94.99763111319552	1154.747761300154	1515.066642629181	-435.5834245404473	1188.424400773982	1457.956271448575	-235.0068252001148	1194.406736213378	1459.388624906038	-285.1493248068414	1092.534726525531	1228.79575354432	-24.1840016389422	1025.240169175408	1147.456668566515	-7.047394873412088	1091.910046271357	1017.395748421981	27.75712855452263	1121.924994091059	897.9627894577259	43.9919549004311	1196.806041163922	1294.769563656717	-522.2583798065506	1198.402656538938	1171.627526621902	-554.9247263770444	1316.343475744033	1093.018085999248	-530.1155430817008	1400.049884268941	1024.775407350003	-496.6192866889272	1207.660723772933	997.9124345541904	-147.6541494781171	1202.485739024282	984.8029435155483	-402.1293752774733	996.1408905542949	996.1683430544754	-217.4520245500257	984.622863348547	976.5590316441819	-262.3814857549708	995.9327661236127	1000.65543226365	-308.0919397388453	1241.076532500311	782.1509329599519	-71.46884525310442	1142.83484495215	734.4140954682443	-68.06646590098191	1191.024390719002	616.7001931154959	-95.38929763935519	1287.953353531666	517.6849929783887	-121.1168644331303	1339.70344850558	440.4215709506146	-116.0429826743356	1383.009718020976	335.1338921241998	-110.5416354998396	1264.81510537588	403.0319121430372	-118.1470430640826	1309.885614579788	292.4034722950082	-121.181003046155	1448.567958832109	127.2771969834779	-144.146617424739	1424.227759675819	28.08338546287578	-201.883004133975	1587.071995959867	105.2658735943072	-98.82200900975002	1669.1141905164	195.3179258295772	-185.399541656224	1189.810688298903	754.5221010905786	-425.7487971964956	1159.115692325515	631.2451524286448	-390.0276109873785	1096.341451222894	771.9488767658235	-475.400391247893	1049.181653314508	654.6605706697196	-427.7137955792453	1020.555011301697	513.0053613800197	-387.6900881614794	1010.807334312954	397.4206631955446	-371.7794500143525	927.9644882092477	440.1431717552629	-405.1792522820159	875.4308049749325	336.7306118751732	-392.9919300804653	842.6953736847615	126.5735592128233	-354.6823630911271	738.6839130843865	58.86792342784937	-315.9238943140545	931.5914743660976	38.84291277578562	-386.1091466845089	1033.6133219177	50.86365960102725	-283.6096687045764
1.42	1123.654743842495	1492.056387775399	-93.48505140726704	1168.180810185023	1513.935411305829	-434.067905554206	1201.574597470145	1456.609964547091	-233.5276031283895	1207.686073050697	1458.169593967136	-283.6507036850898	1105.813179063794	1227.053978248093	-23.30430021617606	1038.43390805999	1145.689994813577	-6.410657477900722	1104.754448996406	1015.41965644566	28.21123752013482	1134.391333732473	895.763899150976	44.19506266457084	1210.123955941977	1293.484637994194	-520.284159673373	1211.455344010169	1170.2659680922	-552.8447995166007	1329.05138382287	1091.281941324185	-527.8787452222563	1412.423140235785	1022.674512876512	-494.2042262977562	1221.135553522603	996.6460324014508	-146.7305884748266	1215.496926610068	983.3758073763238	-401.4635880240432	1009.400042123634	994.8645017829547	-216.3669686024024	997.7763852025463	975.2501326068375	-261.2449185061109	1009.041393713303	999.3439857373237	-306.9714170930669	1255.571492969997	781.3849084880133	-71.17225918997855	1157.534159457899	733.3283206272984	-67.57495893741338	1205.804569181284	615.8624249847767	-95.49963447376138	1302.316478094079	516.7871590222112	-122.1434537419738	1352.966246308418	438.5250697988418	-117.5868083555241	1394.227818447834	332.8832210695467	-112.3557014417939	1277.439939465727	402.5589371308902	-118.916317336597	1320.410882035159	291.3168811443363	-122.1584204956938	1455.905356331969	124.7553541742715	-146.1557562787285	1429.462209362288	26.56053254677836	-203.1693618433749	1594.405599891335	100.987385983036	-102.3026024763804	1676.682081895736	189.4758530898257	-190.2342917297349	1201.599112733425	753.182129068301	-425.5628699708	1170.511602401536	629.9864170927507	-390.0396663863761	1107.834992579609	771.0706350599035	-474.8320715447614	1060.52230792699	653.9172224810961	-427.3730602831372	1030.927489822686	512.3495127708561	-387.7947591226496	1018.974751259283	396.6291222478395	-372.2278877845245	937.0014771172659	441.1016165008042	-405.510768626	882.2728859849144	338.7960949527901	-393.4729780717204	844.7423540079521	129.1684662677065	-355.6499954674516	739.4222788010004	62.81883795367734	-316.317402170674	931.7836507080563	38.50908185982517	-386.3495689241745	1033.843361274803	50.64787161876251	-283.4002679893088
1.43	1136.791535671055	1490.740391607568	-91.85258615119773	1181.657783717468	1513.021563595451	-432.4266207010266	1214.822144742827	1455.511582047503	-231.9138058001407	1221.036862751873	1457.184424373121	-282.0249878724126	1119.219706794523	1225.522828101951	-22.32515809711719	1051.803499547823	1144.102144980327	-5.681180375312576	1117.86186133956	1013.661347083346	28.70571522201726	1147.216891671129	893.7993984422194	44.40689780627636	1223.348954841843	1292.39832986472	-518.2586873551388	1224.267112237793	1169.098065471334	-550.7110603152188	1341.397148439408	1089.520130390858	-525.7199727150237	1424.334933685345	1020.376716914658	-491.9611808422077	1234.868105224797	995.6367799312857	-145.8050952485263	1228.738085577307	982.177685066971	-400.7543756351096	1022.920213127737	993.7556947387139	-215.151177775383	1011.184816949205	974.1276782517139	-259.9845450172738	1022.385939523673	998.2282440453343	-305.7308872592716	1270.487155787649	780.8895238181058	-70.98924528272508	1172.688986948048	732.4701634063917	-66.99088330442524	1220.999750259055	615.2660043516024	-95.62318148286828	1316.880247190092	516.1045870599168	-123.1654915301972	1366.072226148749	436.592648008709	-119.0632791992089	1404.856999680225	330.4418779293347	-114.1054229056498	1289.780844424507	402.3524686858478	-119.7058116418886	1330.242651709735	290.2997210655525	-123.1184485549102	1461.77459646611	121.910385583334	-147.9542416126879	1432.531024911341	25.15028225332575	-204.2173324909124	1599.89639817266	95.52026829832306	-105.4595750427115	1683.135701101161	181.6608348660212	-194.6870494316281	1213.789019531163	752.0738312388048	-425.3255301453125	1182.402851022083	628.916829931954	-390.0589475219003	1119.751489290848	770.3811712828394	-474.2249594200365	1072.343922894918	653.2845545387759	-427.0818320803684	1041.92570203966	511.7497296771342	-388.0626952850896	1027.632415729407	395.9563056428744	-372.8935514860431	946.5760203207901	442.255062615641	-405.9461054175713	889.6054541108552	341.149210770516	-394.0481370826	847.1513841548749	132.0958151153169	-356.8016732110583	740.3905500152925	67.45739506068333	-316.7617133357081	931.9826004985156	38.14187099873273	-386.6359398089876	1034.011996658362	50.49779463273144	-283.2327165082471
1.44	1149.99063140507	1489.656368898959	-90.10418393527354	1195.157358064093	1512.344389275688	-430.6672874312586	1228.167579359263	1454.683469660079	-230.1706729349264	1234.450099940101	1456.450761830071	-280.27914694681	1132.736224709584	1224.221154252286	-21.23962656029168	1065.340684570015	1142.712348185215	-4.854402501825409	1131.223394925291	1012.141556804787	29.24352875345758	1160.398665958672	892.0943583840422	44.63377205105947	1236.472801647832	1291.533995388868	-516.1948405625575	1236.833775765555	1168.147022709093	-548.5335802133937	1353.376504709072	1087.759820999705	-523.6542406356969	1435.781962576526	1017.912647857785	-489.9098624288463	1248.881510336576	994.8913309661892	-144.9030971108382	1242.204221705237	981.2266605209345	-400.004041161301	1036.719380726886	992.8852598028272	-213.8036912602768	1024.863716980689	973.2360170043739	-258.6025522430076	1035.979379077333	997.3460169359038	-304.3761580266856	1285.70488328712	780.5996836532585	-70.92313729578981	1188.140990738516	731.8442515480567	-66.33673572982708	1236.388696501059	614.8763583286629	-95.74327025254038	1331.49601402545	515.5964768403038	-124.1249221402938	1379.01610122333	434.6921306816125	-120.4193424700367	1415.076387666187	327.9247713528354	-115.7209809025711	1301.89938724923	402.3495226186442	-120.4159093589378	1339.624510010251	289.3637028458777	-123.9679738624477	1466.65616872319	118.9257114428043	-149.4753423857674	1434.021050558601	24.0041595168385	-204.9987070732173	1604.034169943315	89.20664394009654	-108.2505893888968	1688.83560936205	172.3558022453028	-198.6964752238416	1226.417714121411	751.2163132875644	-425.0466150473773	1194.849423326922	628.0404665466934	-390.1116681536067	1132.130159396303	769.8930123835426	-473.5833345319479	1084.704070954425	652.7543433849578	-426.8548754110827	1053.645019195107	511.1931734113499	-388.5086281911673	1036.875594351495	395.3999571665943	-373.7987559022095	956.7851677871186	443.6118964487806	-406.4601081652679	897.526618601369	343.8111279057637	-394.6750150199611	850.0301826853402	135.3874759879461	-358.1001280447158	741.7187594153359	72.91723744668127	-317.2356866609176	932.1968507075155	37.79343342886226	-386.9519509426588	1034.109140422965	50.39883879301413	-283.1096155556598
1.45	1163.258979621947	1488.814782042447	-88.24780046970622	1208.654012648423	1511.919474280412	-428.8025825361005	1241.602605379666	1454.137589260452	-228.3107806086122	1247.914514001122	1455.980639262267	-278.4262524000044	1146.35059158731	1223.163009542654	-20.0424652676548	1079.040835587073	1141.536027760739	-3.924301867394496	1144.832584654278	1010.876142022293	29.82861862955887	1173.931520047733	890.668785929668	44.8829673510408	1249.485772009606	1290.910406640799	-514.1046032590335	1249.15501918864	1167.432727167026	-546.3207571475232	1364.990147761935	1086.029439355557	-521.6952891225508	1446.765532497409	1015.315487614121	-488.0705507913467	1263.179767140531	994.412143203331	-144.0501645489317	1255.876548052862	980.5360997165437	-399.2149644185886	1050.798184149311	992.2925945191557	-212.3277563686816	1038.812014651126	972.6142180796242	-257.1041546500724	1049.819982504968	996.7284397432423	-302.9162377068261	1301.102713339852	780.4659809099255	-70.96306324865824	1203.733603619658	731.4610801502205	-65.62800760406685	1251.770093174316	614.6694676958414	-95.82404419231605	1346.042097907937	515.2349499988106	-124.9635379899892	1391.809402392578	432.8968317740653	-121.6080963263361	1425.057411949321	325.4507485613539	-117.1366603492457	1313.867290889287	402.5083878451537	-120.9429600975562	1348.784707725251	288.5392017905459	-124.6133169592793	1470.976994603011	115.9750515212539	-150.6719847595949	1434.47945123609	23.24192310104336	-205.5115883707536	1607.263441404976	82.38908054417462	-110.6560878822043	1694.075731091937	162.0559875614541	-202.2221510610972	1239.524236637747	750.62676242849	-424.7359941927639	1207.922669689277	627.357629988594	-390.2321201723488	1145.00698157048	769.6104890710952	-472.9117217652025	1097.670884978365	652.3081522797206	-426.711452668726	1066.196965503278	510.6581970868313	-389.1468324097401	1046.818604691701	394.9510293302906	-374.961154730998	967.748436075267	445.1736131738622	-407.0245154625129	906.1568818099532	346.796861669066	-395.3083500605978	853.5089978800208	139.0775337781966	-359.4998938935814	743.5755069377876	79.34828368142888	-317.7171155279623	932.4451090601874	37.54032494733268	-387.2780379275525	1034.132308277731	50.32476761249171	-283.033007568699
1.46	1176.606461130859	1488.220500223871	-86.29611759171888	1222.12016150426	1511.757540510901	-426.8497425811995	1255.109975681482	1453.874585982526	-226.3541812289539	1261.416030599184	1455.779190833895	-276.4855172960508	1160.058261050111	1222.357150840887	-18.73172132943977	1092.902456859257	1140.584758797466	-2.884640103084372	1158.686427765593	1009.875699897042	30.46554151501308	1187.809634399696	889.5372638292597	45.16187409490541	1262.376301184185	1290.540439902346	-511.9996078838377	1261.233911583909	1166.970636694994	-544.0803520433598	1376.243498343451	1084.357786541266	-519.8558869346531	1457.291217659759	1012.62047786359	-486.4636533254062	1277.744685749874	994.198452439924	-143.2679056671395	1269.722538256066	980.1137438897994	-398.3884593302694	1065.137118479779	992.007060369289	-210.7319805692753	1053.009783138689	972.2898792348915	-255.4982246585789	1063.88868758002	996.3953756289509	-301.3632332524776	1316.566167790949	780.4600851161483	-71.08463268307084	1219.328020528996	731.334267773175	-64.87075182171483	1266.984523817926	614.6336689917866	-95.81593129590652	1360.432746632229	515.005788830412	-125.631881740968	1404.47403166824	431.2746515088162	-122.5951360594545	1434.9428775865	323.1269022246577	-118.3002215592316	1325.753367036742	402.8090403893557	-121.1930837188419	1357.908788390851	287.8676669479859	-124.9715642104578	1475.070560011101	113.2031076146393	-151.5219298555242	1434.372496508837	22.93239847615834	-205.7757080862657	1609.949773959419	75.38551878339487	-112.674356636248	1699.063666415711	151.2320220358993	-205.2438025149149	1253.144675820005	750.3196052867984	-424.4031558329842	1221.699999359302	626.8661928649091	-390.4605890667651	1158.411458980449	769.5288653411178	-472.2159096121066	1111.317884398019	651.9184833542859	-426.6750142477083	1079.701803465891	510.1160381083753	-389.9910236594498	1057.589091095336	394.5951846790114	-376.3918184359778	979.6021556690105	446.9338854777615	-407.6118025314811	915.6344971591501	350.1129648129149	-395.9050634211574	857.7362449264954	143.2015835027033	-360.9507447228998	746.1664298594811	86.90779678127089	-318.1851352310471	932.760266722181	37.48468498586855	-387.5931179143339	1034.090154790943	50.23863883977592	-283.005393619172
1.47	1190.044155063335	1487.872386470416	-84.26680541165391	1235.527999301368	1511.863098577111	-424.8297782635327	1268.665336029824	1453.884150601422	-224.3277242183333	1274.937370880492	1455.843492461521	-274.4818399946721	1173.863133372977	1221.806511138199	-17.310163528453	1106.926378271831	1139.86607861393	-1.730261156941977	1172.785988057025	1009.145195099042	31.15910666314544	1202.028131247738	888.70868754463	45.47728420311725	1275.130872971	1290.429875125208	-509.8917951964963	1273.075903395394	1166.770443600812	-541.82073599292	1387.145937940226	1082.772615302628	-518.1483088860333	1467.368509161917	1009.864031252025	-485.1090232176024	1292.535484676713	994.2468129560987	-142.5697100291102	1283.697359881739	979.9607190928593	-397.5239574221902	1079.695684590254	992.0419505189968	-209.0311925616054	1067.41785214777	972.2729366353499	-253.7978153233414	1078.147989459437	996.350678702555	-299.7323860585665	1331.995901639456	780.5743392322887	-71.25240008836718	1234.814165731504	731.4753278813861	-64.06100036621692	1281.926398686269	614.7676815044028	-95.66446654533235	1374.618331762908	514.9055107954182	-126.0966368237779	1417.030989546849	429.8780217614959	-123.3628723985347	1444.82918278604	321.0357859910475	-119.181120370471	1337.609146858953	403.2491192134884	-121.0954726211729	1367.118065468682	287.3928691106881	-124.9817853634219	1479.154201658594	110.7149516623524	-152.0309961931389	1434.061174530233	23.08624043027137	-205.8267599223133	1612.360889404201	68.47457098112562	-114.3166221018612	1703.913946546279	140.3059831706022	-207.7600447010463	1267.30709388807	750.3056105738983	-424.0572436314398	1236.257414382081	626.5632230822956	-390.8398403843398	1172.363454646114	769.6340630153522	-471.5040886962474	1125.716807187066	651.5511970475052	-426.7717147036516	1094.278065033459	509.5339193007969	-391.0531586824895	1069.319425568897	394.3148409109539	-378.0927121307157	992.4905332830721	448.8778650443687	-408.1991478502727	926.1075853533191	353.7553292117531	-396.4292893394334	862.8714926880211	147.7948558649182	-362.401276990974	749.7282290899307	95.74713982901159	-318.622252939533	933.1938682752619	37.75290152397295	-387.8765510510141	1034.006725696318	50.0955150080286	-283.030972312465
1.48	1203.58226101387	1487.76301435713	-82.18215076061784	1248.850743125055	1512.233190648339	-422.7665304236484	1282.24076737438	1454.146693974756	-222.2636264707128	1288.458114223819	1456.161941733193	-272.4448639143134	1187.777167955974	1221.507723184091	-15.78622889473204	1121.115044186897	1139.382800002865	-0.457816173687531	1187.136355895056	1008.683598286039	31.91407040375885	1216.584348981639	888.1857718915055	45.83525106402335	1287.734272512844	1290.576527546413	-507.7940803337494	1284.687479585757	1166.834650780844	-539.5520954511736	1397.709697520963	1081.298876041276	-516.5849058481556	1477.010670686573	1007.082565907614	-484.0251561612156	1307.491225767022	994.5511320988567	-141.9571576640259	1297.746462836039	980.0707690523961	-396.6187308692247	1094.413738517847	992.3902080539725	-207.2466790955478	1081.979329598335	972.5511051974865	-252.0202984918932	1092.5426562294	996.5784561793482	-298.0420983559756	1347.31105362938	780.8160244398699	-71.4237859115899	1250.114533911444	731.8873761333409	-63.1862386433163	1296.543482558597	615.0756197496428	-95.32107621030127	1388.576573872941	514.9358351434181	-126.3449493888901	1429.487757422221	428.7369587345798	-123.9120308415899	1454.756143639414	319.2282464847883	-119.7753395253968	1349.456712980395	403.836491019921	-120.6133303968869	1376.45927193785	287.1524280303282	-124.6146108738013	1483.327609344754	108.5741427206844	-152.2330481792691	1433.794465875866	23.66026229399399	-205.7106927893689	1614.663520059233	61.88897832294268	-115.6036128376291	1708.655246709326	129.6381535024517	-209.7875208106711	1282.026619056721	750.5912012781922	-423.7074510006026	1251.660536693638	626.4468467687434	-391.4104576693554	1186.870044562456	769.9032154385704	-470.7878042601806	1140.929092273208	651.1691758348491	-427.027746726028	1110.030153898584	508.879481241711	-392.3411315209765	1082.135976506926	394.0917968151329	-380.0538379886193	1006.553987786559	450.9820542419176	-408.7720522247977	937.7235218309993	357.7074991616003	-396.8567385598827	869.0761737094898	152.889116283658	-363.802252466049	754.5178401187861	105.9947024393902	-319.0153733166292	933.8205699342111	38.49098379332084	-388.1101759216863	1033.926365569127	49.84710257448219	-283.1170356653159
1.49	1217.227984323412	1487.878716620116	-80.06806740843948	1262.063220508597	1512.856570791191	-420.6858014503821	1295.808849270809	1454.635986776427	-220.1975519000203	1301.955300022905	1456.714540265919	-270.4076321620224	1201.81864834441	1221.450900525638	-14.17419219071764	1135.472192674953	1139.131859122911	0.9343956411062648	1201.745859181427	1008.483683454535	32.73489987131176	1231.478455358592	887.9643855082409	46.24142380553404	1300.170193957324	1290.969916026257	-505.7209259758315	1296.074745685955	1167.157301310737	-537.2873514885731	1407.948606498614	1079.95693017525	-515.1787190011919	1486.234781379183	1004.311212867624	-483.2284267005385	1322.535819595729	995.1022177071491	-141.4179233899974	1311.809144791553	980.4301310089611	-395.6682490163821	1109.2152379145	993.0231180542057	-205.4056781226579	1096.622947261938	973.0883433025707	-250.1869996381979	1107.0024655408	997.0414192262747	-296.3137916382356	1362.44811343387	781.1979909478623	-71.55388161269022	1265.180579617873	732.5596590639705	-62.22902859717659	1310.824643821904	615.5604841186206	-94.75389300824995	1402.297154276961	515.0972001326046	-126.3848107488098	1441.828436000362	427.8564031061136	-124.2600860684592	1464.706821073405	317.7225682167465	-120.1054406556824	1361.281863278408	404.5804477287764	-119.750649238398	1385.907480641272	287.1709387955678	-123.8784523681348	1487.59022793778	106.8071521390957	-152.1859718963994	1433.717172759746	24.57040607251439	-205.4782234241292	1616.933507399832	55.8134762123324	-116.5641542615205	1713.249060423807	119.5204519073596	-211.3609177796372	1297.301054396689	751.1781765288581	-423.3635548511108	1267.955073405683	626.5182774702837	-392.2055428161831	1201.92247523794	770.3063748359814	-470.0823497117563	1156.996966093587	650.7371164737287	-427.4657487279037	1127.035572841347	508.1263221877404	-393.8557899946673	1096.147499295222	393.9105396219328	-382.2506896215736	1021.915874113749	453.2152382964861	-409.327129638219	950.6165744072232	361.9400512516318	-397.1777401684188	876.5025120545534	158.5086611230038	-365.1094006692842	760.7969862747284	117.7362833364691	-319.3551520836925	934.7418242208445	39.85607974018683	-388.2802452938137	1033.918955223907	49.44833721215532	-283.2753959960481
1.5	1230.983744651503	1488.200181265864	-77.95271834270135	1275.141994358651	1513.713626043417	-418.6146564908679	1309.345446096934	1455.321995404611	-218.1665524914738	1315.404380747289	1457.474242525964	-268.4049562685555	1216.009413750646	1221.619952594494	-12.49344054815147	1150.002910257483	1139.103282262229	2.447112509399767	1216.624644579036	1008.532262398882	33.62553738309474	1246.713287616324	888.033260839866	46.70127550588548	1312.422031453713	1291.591587376646	-503.6886995856603	1307.242246419983	1167.723257876341	-535.0426247538708	1417.876910967471	1078.761078079368	-513.9440104992725	1495.061730447469	1001.582583628363	-482.7324778478224	1337.5848427874	995.8869514869646	-140.9258405068474	1325.822853747016	981.0183859628182	-394.6671632289539	1124.014184103774	993.892410751586	-203.5401771550349	1111.267954883951	973.8270504296156	-248.322339552901	1121.446915929818	997.6820963504995	-294.5714596566704	1377.356360001355	781.7281404189729	-71.60043303536774	1279.98331120815	733.4645940859589	-61.17263544881122	1324.779603886888	616.2178812743682	-93.95634001463955	1415.764864725729	515.3831361926912	-126.2418762299498	1454.009684973559	427.2177046069496	-124.4371625340263	1474.616334326043	316.5084135011252	-120.2159483480947	1373.034055382728	405.4839471403472	-118.5535141006382	1395.379982603408	287.4556486806211	-122.8209867892225	1491.870228741698	105.4108047636547	-151.9640919592567	1433.887258172062	25.70914203800643	-205.1796753983374	1619.17486311203	50.38402990460622	-117.2351884363772	1717.614694794138	110.1737403860043	-212.5329715784789	1313.107495495401	752.0640339273707	-423.0363285472209	1285.15784886446	626.7838221115971	-393.2454976966911	1217.49375070932	770.8097217151663	-469.406198145548	1173.935339038015	650.2271725963967	-428.1008061547793	1145.333579928575	507.2601494224346	-395.588027151839	1111.434122928179	393.7621918435404	-384.6429243197808	1038.66915176016	455.5409705388543	-409.8734976161638	964.8950854765877	366.4116878412016	-397.3983229872873	885.2815937563864	164.6659261250664	-366.2854720089714	768.8130078489545	130.9949701465411	-319.6332700539073	936.0878801413201	42.00413470455381	-388.3789570512827	1034.084959642307	48.86566958683092	-283.523653585716
1.51	1244.845966136667	1488.703739951264	-75.86504278116364	1288.065266047386	1514.777203614901	-416.5808086541909	1322.830239700365	1456.173263406918	-216.2071534313231	1328.780237962271	1458.409252037859	-266.4716461026186	1230.371638602757	1221.993653670162	-10.76703091338885	1164.713755375348	1139.280046386544	4.080613897741499	1231.783001269209	1008.811086466034	34.58905238113411	1262.293433948512	888.3745589544053	47.2198197743738	1324.473624124157	1292.416132992756	-501.7157020428169	1318.192295811081	1168.508464043472	-532.837186672224	1427.508357837915	1077.71873533179	-512.8964806184995	1503.515886254334	998.9257763449134	-482.5477820997131	1352.553128161285	996.8873387880454	-140.4434046459277	1339.727848448734	981.8104116914235	-393.6107765576165	1138.721905244728	994.9354480570696	-201.6851009763819	1125.830094607892	974.6938293915903	-246.4525563901352	1135.791463101894	998.4271989682657	-292.8408071470417	1391.991916516028	782.4004048407373	-71.52833177945374	1294.501261159653	734.5582797896509	-60.00788957509999	1338.416824959968	617.0315638936156	-92.95134625849271	1428.947357570287	515.7768672734429	-125.9542164323277	1465.963179090066	426.7832757268974	-124.480659394405	1484.386037241481	315.5532186430177	-120.1656135712218	1384.632396605024	406.5387587409495	-117.1056085936017	1404.755944463703	287.9951350534155	-121.5253355654699	1496.056578297407	104.3602520337287	-151.6485705640923	1434.29777991597	26.96316265915573	-204.8605226653344	1621.343243989249	45.68751717618731	-117.6616890470319	1721.655013222963	101.7481286024632	-213.3724037561493	1329.400700982445	753.2430504080646	-422.7375956064437	1303.249691003825	627.2565220240438	-394.5337854860194	1233.537601100186	771.3802804459356	-468.7792548472834	1191.725746471428	649.6248414235408	-428.9367998847368	1164.917145452517	506.2847010560697	-397.5168203016851	1128.038415287286	393.6487533387947	-387.1751284963963	1056.864701929047	457.9218558919658	-410.4321064869353	980.6297104636731	371.0725093910678	-397.5388767361483	895.5120769293369	171.3572787687868	-367.3014544844536	778.7774948070806	145.7131664574897	-319.8378531340106	938.0174416478044	45.07447680903471	-388.4052411831982	1034.55978597938	48.0863332156416	-283.8860587324235
1.52	1258.804396952415	1489.363355112334	-73.83335054631638	1300.812702559014	1516.014345171545	-414.6119199374134	1336.245597497204	1457.158804338815	-214.3536833067532	1342.058062952673	1459.485896417284	-264.6407551631521	1244.924780667698	1222.547498335239	-9.01995281821687	1179.612641746548	1139.639247770058	5.834605157169851	1247.229886198566	1009.298465348402	35.62710596256618	1278.223738784619	888.9653446669213	47.80090284515758	1336.309829517029	1293.412875057715	-499.8218027185579	1328.924909997806	1169.481441330906	-530.6929349282059	1436.855640812895	1076.830479899683	-512.0529684269459	1511.624310844315	996.3657483250877	-482.681345706548	1367.362029944838	998.0797959776896	-139.9264595829725	1353.471727944844	982.7793114396541	-392.4967001246018	1153.254528280606	996.0825891206753	-199.8759489217483	1140.228060867469	975.6079609801006	-244.6040949428497	1149.954499677527	999.1949068538526	-291.1478971243871	1406.312791514361	783.189402675435	-71.31308082530811	1308.709663770762	735.784489179929	-58.73970368363916	1351.726258801527	617.9719433451246	-91.78994288133282	1441.791322992196	516.2506845785109	-125.5667069597197	1477.60293118674	426.5031507976967	-124.4300314123254	1493.89910541639	314.809347597861	-120.0187346915611	1395.975442389232	407.7241376850623	-115.5186818488075	1413.896682167098	288.7608526763134	-120.1011592927662	1500.0279019179	103.6162827469267	-151.3176605580306	1434.899652018194	28.22819049759905	-204.5581067645876	1623.369909918327	41.76272689501192	-117.8949830047792	1725.27882908426	94.32624760586737	-213.9582043011119	1346.113905739763	754.7081168219134	-422.4797036023539	1322.17156501759	627.9570239160098	-396.0546171481405	1249.989389613222	771.9915668684428	-468.2200837642404	1210.313389139665	648.9341321308323	-429.9639245661917	1185.729782288646	505.2263457772618	-399.6089716639019	1145.959806615023	393.5868975200674	-389.7801557804961	1076.502905759286	460.325353572432	-411.0324756533109	997.8444195502793	375.8693377223052	-397.6303532719187	907.251446032137	178.5595343334847	-368.1369708309435	790.8448502601436	161.7397161624226	-319.9480891295631	940.7149751865825	49.17287493742137	-388.3647943173859	1035.517109812827	47.12727238467777	-284.3936854365516
1.53	1272.841720246565	1490.153140144039	-71.88400331255397	1313.365267497355	1517.388764938513	-412.7347188245957	1349.575078200463	1458.249862381716	-212.6367883306149	1355.214158141119	1460.671653271967	-262.9419630501547	1259.683159290137	1223.256159570355	-7.277526889460495	1194.708352675636	1140.154466236138	7.707521147265218	1262.97192691165	1009.971495335025	36.73922518946716	1294.507580451962	889.7797970190393	48.44634285745931	1347.916983935859	1294.548131705206	-498.027656105832	1339.438203412586	1170.605978161234	-528.6334842252342	1445.93016120693	1076.091008476852	-511.4305810256662	1519.415587801619	993.9231410715179	-483.1365228672456	1381.94540449986	999.4350257775427	-139.3302744121663	1367.013238085364	983.899895260543	-391.3263004517462	1167.539742729812	997.2655201042369	-198.1459871140103	1154.389821006796	976.4913758320317	-242.8017671797534	1163.864235596912	999.904370435497	-289.5173109552622	1420.276723950686	784.0500674238201	-70.94290401106079	1322.57422261088	737.0813472863176	-57.39120293414379	1364.671969983239	618.9980652272301	-90.54445899187786	1454.226843869404	516.7678485661431	-125.1260760219298	1488.83470853392	426.3220940686746	-124.3226002990683	1503.034979743353	314.2212164606187	-119.8373452560127	1406.952366271765	409.0083970269392	-113.919420523449	1422.663400818837	289.710834056684	-118.6715220381449	1503.674880423057	103.1315942096456	-151.0383880909959	1435.622494326492	29.41909168578505	-204.2997285012211	1625.183096801652	38.60385544933929	-117.9891062162707	1728.417571160133	87.92940932052389	-214.3708687462837	1363.162331205519	756.4530339380193	-422.2742578848024	1341.825122064825	628.9133643909469	-397.7732704268669	1266.769106067806	772.6291484988706	-467.7425956848008	1229.608054345064	648.180907304429	-431.1579995995746	1207.668079919783	504.1362649113976	-401.8209302187975	1165.153201106605	393.6102283085949	-392.3847697904322	1097.529919569589	462.7300870635215	-411.7068300331725	1016.511948483075	380.7520921826563	-397.7085373316374	920.5116415051349	186.2276277675523	-368.7798993189546	805.0933356959924	178.8248588869224	-319.9297816015269	944.3862213277415	54.35521019211348	-388.2697992390315	1037.170863960132	46.04189087898803	-285.0836239489202
1.54	1286.933405741064	1491.050065487294	-70.04018777668124	1325.705161313579	1518.863761560677	-410.9739556619878	1362.802468673612	1459.42170793305	-211.0820475326331	1368.226915023257	1461.937980860376	-261.4001602321267	1274.654345433903	1224.096210532759	-5.564164239244336	1210.009668683301	1140.798902192805	9.695520080223833	1279.012891406118	1010.808679368117	37.92191772918213	1311.145329006064	890.7919472612824	49.15511525216657	1359.28336089369	1295.787866869364	-496.3535528910449	1349.729079068205	1171.844659705035	-526.682985572264	1454.741986702519	1075.490850095347	-511.0453549628334	1526.918430023398	991.6146069371543	-483.912866773272	1396.253728729113	1000.918721810671	-138.6158934003203	1380.324746345935	985.1520484388114	-390.1055855151159	1181.522296576009	998.4253103169982	-196.5232311276108	1168.258161455964	977.2787544212554	-241.0668540137676	1177.464712710502	1000.486337698069	-287.9699763847591	1433.842342781945	784.9224311979715	-70.41954046674506	1336.051152803304	738.3893650643311	-56.00375448572332	1377.196008538832	620.0626818243475	-89.29792129425994	1466.176582321902	517.2863623333159	-124.6767754562398	1499.565312222355	426.1860189209586	-124.1905144770552	1511.681676440924	313.7319911531259	-119.6751986913167	1417.453858615886	410.3521917921748	-112.4344015432786	1430.931424279674	290.7945258366614	-117.3572080431488	1506.91512657403	102.8559993771417	-150.8607036577089	1436.391671960165	30.47495970502028	-204.1020728854486	1626.724694670145	36.16700542923116	-117.9961557540321	1731.035100853014	82.52637809361406	-214.6832855950425	1380.449063089224	758.4746687232275	-422.1302080056107	1362.078169368609	630.1595589253698	-399.639199516438	1283.786213304169	773.294914114137	-467.3528951784013	1249.489301994782	647.4134566606594	-432.4818094032059	1230.589731744168	503.0894497711502	-404.1024713119871	1185.532031380246	393.7688585713437	-394.9165099263141	1119.839653680893	465.1310064265751	-412.4825168180167	1036.55480651757	385.6795161821512	-397.8074435323186	935.2601509960642	194.293739929777	-369.225277346772	821.5112758344612	196.6249315550941	-319.733853288719	949.2525489062243	60.61424197689463	-388.1388023333058	1039.775441859449	44.92261950407159	-285.9969225546145
1.55	1301.04806585497	1492.036389709544	-68.32084052222622	1337.816028692133	1520.405169018194	-409.3512580480314	1375.911619221131	1460.655260902185	-209.7087072921492	1381.078039363809	1463.262621058981	-260.0342659808445	1289.838325558019	1225.048703883061	-3.902462906693898	1225.524138904696	1141.548746571473	11.79145138131615	1295.353439694805	1011.792616776764	39.16770219769531	1328.133335004638	891.9786634801949	49.9227503349354	1370.399582577852	1297.100407572882	-494.8180788067255	1359.794113927926	1173.162651182798	-524.8648061463703	1463.299928285388	1075.018560004368	-510.9106185448958	1534.160258018714	989.453592429963	-485.0059151620607	1410.256210692536	1002.493203721762	-137.7556423988099	1393.392992224918	986.5232492187729	-388.8453687839283	1195.167773734986	999.5191285639836	-195.0276085829577	1181.794823262972	977.926384117132	-239.4154226255134	1190.72029672032	1000.893492360752	-286.5209831846216	1446.97273393296	785.7405221360297	-69.75813130885747	1349.092694736779	739.6592232961955	-54.63230612947211	1389.230752003291	621.1192212565002	-88.13196953721874	1477.565956506079	517.7638819396605	-124.2574374904479	1509.710810137128	426.0469904088105	-124.0586760614387	1519.745810196795	313.2894697908071	-119.5737564669231	1427.38205485236	411.7125744184018	-111.1748986046015	1438.601021375604	291.9579427096727	-116.2610858793345	1509.700746728726	102.7406799947709	-150.8145609068046	1437.140573943739	31.35995192529144	-203.9718435788129	1627.961102646402	34.37939081698401	-117.9620865918631	1733.130737053365	78.04436603463527	-214.9540637595803	1397.872480141745	760.7742196610661	-422.0517865213657	1382.77462597562	631.7331010307828	-401.5913960265677	1300.945855511352	774.0089229160949	-467.0471054567628	1269.815615408408	646.6998080759502	-433.888303501773	1254.325777328987	502.180321973753	-406.401380606118	1206.975391763174	394.1256084156917	-397.3103092997779	1143.281505381291	467.5416615331415	-413.3744735141285	1057.851757639642	390.6225074823342	-397.9532079017937	951.426448007878	202.6679984708271	-369.4736828971096	839.9908762983775	214.7174644336153	-319.2994310498294	955.5444904881253	67.87181690335734	-387.9967974639766	1043.623511655512	43.89767155421495	-287.1750720421763
1.56	1315.148625073686	1493.101380384214	-66.73982205596809	1349.683562495046	1521.983946369146	-407.8839417716177	1388.887000770672	1461.938184303001	-208.5286553633506	1393.753715272311	1464.631007875301	-258.8563323783176	1305.227296042492	1226.101216632479	-2.31247397304076	1241.256597994054	1142.386189019096	13.9840336353534	1311.990908105831	1012.91231796808	40.46435020012389	1345.463599502196	893.3224658195777	50.74113329209062	1381.258823949805	1298.458841806866	-493.4368175103239	1369.630487503699	1174.531065657969	-523.2002087352585	1471.611749211786	1074.663075410263	-511.0352029033528	1541.165948759951	987.4513930657082	-486.4068817709692	1423.94097995337	1004.119929940786	-136.7369721841244	1406.218108071737	988.0096700052293	-387.5607490611282	1208.464294233044	1000.524824276328	-193.6688121440461	1194.98274210583	978.4185568998337	-237.8572045827314	1203.618236432669	1001.108862333193	-285.1778191981173	1459.639723916539	786.4431648867842	-68.98639220907503	1361.655319534171	740.8577559557452	-53.33693685738525	1400.714201711221	622.1289542532679	-87.11556357056665	1488.331834033478	518.1630093967178	-123.8977947891876	1519.20355630279	425.8666924503366	-123.9435772174013	1527.16026585147	312.8507611406811	-119.5600450378909	1436.659147731029	413.0473438055015	-110.2234556164776	1445.604917170717	293.1487309005204	-115.4553752629628	1512.019542812853	102.7415483375297	-150.9098296886387	1437.818038827575	32.06114320218971	-203.9073655788326	1628.887892302378	33.15009507235349	-117.9238566460169	1734.736582944501	74.38158598152965	-215.224409278232	1415.334124645652	763.3570668860789	-422.0370067834016	1403.747545294349	633.6716350738047	-403.5649071088092	1318.155739693372	774.8080735316927	-466.8109594642385	1290.436298921299	646.1218902432545	-435.3251348331085	1278.694971930475	501.5153338944547	-408.667929934327	1229.338251995777	394.7489950376358	-399.5136262292068	1167.67257718804	469.9925277388555	-414.3798312926286	1080.248396044464	395.5640181971008	-398.1597986155865	968.9125734942668	211.240548314317	-369.5295259103495	860.3316025953777	232.625872943876	-318.5620398316944	963.494333576142	75.97814985795202	-387.8750452673114	1049.0404429451	43.12112804624908	-288.6549323454376
1.57	1329.194356020484	1494.242020662154	-65.30545706044839	1361.296516138197	1523.578056654918	-406.5838746891496	1401.714721581606	1463.265181532591	-207.5457954936718	1406.245356296539	1466.036540777709	-257.871036989883	1320.805843884188	1227.24903737115	-0.8109870338032779	1257.207616799587	1143.301491722199	16.25741985042971	1328.91885389986	1014.164587075153	41.79495356782321	1363.123951340456	894.8136561470591	51.59887519964547	1391.856766323941	1299.842760765027	-492.2213091323614	1379.236688974644	1175.929342774295	-521.7071544542175	1479.684561389817	1074.41589964779	-511.4216759153592	1547.956901440089	985.6182199775969	-488.1023450155844	1437.313567807316	1005.7626590982	-135.5642357890543	1418.811253513288	989.6156663889018	-386.2700432255605	1221.422001053486	1001.442914455019	-192.4453525358263	1207.826247892158	978.7705578218385	-236.3953249649593	1216.169195814065	1001.150654947504	-283.9394817687894	1471.827320720026	786.9838149083978	-68.14249923552605	1373.707486841435	741.971078933617	-52.17273507507242	1411.602680739995	623.0666649517242	-86.29628672314192	1498.428820672508	518.4561091561122	-123.6162822313858	1527.997704484313	425.6185050979797	-123.8530726787654	1533.889088639762	312.3854491243823	-119.6461173021403	1445.234067311921	414.3192880826296	-109.6241608003558	1451.912218892754	294.3208264744245	-114.9739697947012	1513.891263906338	102.8216106645567	-151.1385219337398	1438.391436033492	32.58462416162047	-203.9007621032516	1629.528447850433	32.38046327469326	-117.9080068984158	1735.910797849778	71.42020906744848	-215.5180156638413	1432.745836765597	766.2312728322204	-422.0772099385763	1424.833122909578	636.009238489331	-405.4972229075487	1335.33276077417	775.7415058135211	-466.6216326380038	1311.204203438687	645.7673017121344	-436.7397596052293	1303.517858077093	501.2032892590681	-410.8580384466108	1252.463355571688	395.704223983566	-401.4893748381292	1192.812116714319	472.5254776852045	-415.4761583581218	1103.569798513834	400.4955056646361	-398.4273794187604	987.6060506815566	219.8843772390993	-369.3998010697333	882.254359328824	249.8515226904267	-317.4660189871538	973.3272629011828	84.71866143449013	-387.809870848096	1056.373420800618	42.75637435041151	-290.46216924604
1.58	1343.143568322186	1495.462569693595	-64.02054560421388	1372.64801712698	1525.173385043917	-405.4565627259281	1414.383663046145	1464.6374208979	-206.755975024876	1418.549841363787	1467.479755373653	-257.0756722517576	1336.551234278738	1228.49528208807	0.5891985118467695	1273.372114817853	1144.293709620237	18.59127368596179	1346.126187002297	1015.554001374216	43.13933125986637	1381.098362248652	896.4513035208489	52.48231023005791	1402.191409189214	1301.239147844713	-491.1784244898035	1388.612764306525	1177.346293858755	-520.3993234174113	1487.525366077189	1074.272762310778	-512.0648960424214	1554.550459644774	983.9640508335663	-490.0740734293173	1450.394029792273	1007.39081279134	-134.2583709063767	1431.191429106092	991.351834270998	-384.9933431424283	1234.070450082592	1002.295806368413	-191.3451347866709	1220.349445117389	979.0276101537677	-235.0269872204124	1228.405796519868	1001.072225827867	-282.7968177390908	1483.533563583563	787.3369918057547	-67.27091992111698	1385.234799077936	743.0045755432534	-51.18050626704412	1421.87770734407	623.9236192387007	-85.69542732695001	1507.832985746011	518.6287189146298	-123.4187661551639	1536.072621778702	425.2883032501369	-123.7869891700027	1539.928847878676	311.8770339286621	-119.8298012720731	1453.086303851924	415.4996595900517	-109.3782415701083	1457.528414954196	295.4381190082868	-114.8107903714257	1515.360577925198	102.9521520997207	-151.4785902916009	1438.846307719089	32.95077244950702	-203.9402924076122	1629.927513803975	31.97233204840408	-117.9303931792479	1736.728573594249	69.03826738593696	-215.8429278389373	1450.035157817275	769.4053222410205	-422.1577601320498	1445.883498370673	638.7729215801503	-407.3334000030109	1352.408302692616	776.863475551837	-466.4516973780419	1331.987242914742	645.7200030901619	-438.0842400804971	1328.628362907283	501.3445161900673	-412.934572787545	1276.193431033882	397.0440603137785	-403.2164074667675	1218.495795519843	475.1855542899544	-416.6236865591856	1127.633385657441	405.4107514538142	-398.7433702474445	1007.393096552774	228.4580955374252	-369.0937216118803	905.4265036074053	265.9097178976854	-315.9791016917657	985.25064890534	93.8275162893097	-387.8398189037802	1065.972705902837	42.95387905371034	-292.6035834237498
1.59	1356.956637770439	1496.773038067784	-62.88287352623273	1383.736962977795	1526.763597666925	-404.500656272819	1426.886483964066	1466.061180296425	-206.1475632130739	1430.669298935553	1468.966633922113	-256.4606867805059	1352.433714721536	1229.849892902294	1.879968268486463	1289.738279916477	1145.369928562723	20.96141406330141	1363.59602152943	1017.091441654311	44.47656668099791	1399.367164567223	898.2428904679936	53.376986527796	1412.262830478173	1302.642360965343	-490.3102504122377	1397.760065801893	1178.779755667912	-519.2854183775167	1495.141550303041	1074.234439707704	-512.9512732037236	1560.959699356985	982.4991034154853	-492.2990944839175	1463.21314496023	1008.982371332929	-132.8547098650746	1443.382177584256	993.2320734466807	-383.7508651253932	1246.454257818794	1003.12425542596	-190.3475851375136	1232.593176899413	979.2595367074227	-233.744995801374	1240.379141429167	1000.956589167788	-281.7342154046815	1494.770939437811	787.5002867849437	-66.41644193037496	1396.241699439662	743.9801531594953	-50.38033174282558	1431.546800756098	624.7074316891781	-85.30735979188046	1516.542898496944	518.6807976673941	-123.2987751366274	1543.433562108012	424.8740464734669	-123.7383386905121	1545.306003280934	311.322571993034	-120.0964487539497	1460.22605213206	416.5701623625939	-109.4458727012877	1462.491428875911	296.4764175635742	-114.9240103262675	1516.488494807325	103.1127266549043	-151.8985503050961	1439.183657638151	33.1892986746739	-204.0125717811375	1630.14174235447	31.83354832208439	-117.9968647592099	1737.272487031835	67.1192793028745	-216.1946025513927	1467.14837134414	772.8857455315957	-422.2597385173306	1466.776504730768	641.9799333814758	-409.0291759276844	1369.331419847223	778.2251252554004	-466.2743628367035	1352.677038070549	646.0515505570381	-439.3190304274913	1353.881492683797	502.0204953467038	-414.8669765976987	1300.38245349664	398.8013602529637	-404.6877710454612	1244.5279832273	478.0117741196724	-417.770734936153	1152.260538488564	410.2983723264957	-399.0855803954534	1028.170134714668	236.8081365843311	-368.6233845268155	929.4956615399856	280.3651878001203	-314.1061763072552	999.4416428510852	103.0057529934455	-388.0010573854028	1078.163722313851	43.82557916885891	-295.05931404033
1.6	1370.599085054214	1498.186822979757	-61.88614292450217	1394.569197761486	1528.349006336646	-403.7080305115005	1439.220419392771	1467.545912065927	-205.7026824641626	1442.610592983953	1470.506368259989	-256.0107583471197	1368.417036500646	1231.32767593786	3.058498337601939	1306.286825268648	1146.543248855674	23.34097935838015	1381.304690226561	1018.791628891237	45.787790202821	1417.907206328175	900.2027418115489	54.26934978535061	1422.072921469783	1304.053273346263	-489.6144693092698	1406.680688938368	1180.235033366992	-518.3687939720319	1502.541131704766	1074.306538771869	-514.0590865171254	1567.193659940955	981.2338332431709	-494.7500592379971	1475.808166798101	1010.52558078701	-131.3992480734016	1455.408838566232	995.2702087910999	-382.56122935775	1258.627574929887	1003.981289285246	-189.4270730498774	1244.610871025326	979.5514808612527	-232.5398263717111	1252.153347883504	1000.905788711212	-280.7324710579963	1505.565920177883	787.4923585358333	-65.61790940473531	1406.74997267101	744.9316163277317	-49.76908504891993	1440.639913688528	625.4392481112385	-85.10307197538258	1524.577836633581	518.6255568687802	-123.2392974805195	1550.109225194512	424.3842790629727	-123.6949474327514	1550.070674170045	310.7306637167588	-120.4215007412525	1466.690403469502	417.5231503263146	-109.7540082019762	1466.864245103873	297.4234320634083	-115.2450556585135	1517.343696233595	103.290198523767	-152.3623037840253	1439.415945511572	33.33447619135153	-204.1045190084173	1630.230029827969	31.88145739521136	-118.1047977027248	1737.623666223976	65.55902164967978	-216.5596553682103	1484.050959034051	776.6750052580874	-422.3623330040037	1487.421187022048	645.6361922535627	-410.5518851953052	1386.069725600905	779.8668345400193	-466.0685981355541	1373.193662154132	646.8143243714867	-440.4153439086963	1379.156619346249	503.2857392789016	-416.6299298663982	1324.904553021737	400.9844731961451	-405.9074156847763	1270.730829964891	481.0287045967549	-418.8608659433006	1177.285937661416	415.1344601912815	-399.4265182450812	1049.85203951201	244.7704463973076	-368.0053224277605	954.1277148021504	292.8619563069662	-311.8985149489238	1016.03379461572	111.9411289924202	-388.3215970637796	1093.212212431271	45.41985623542969	-297.7767908311265
1.61	1384.04442131819	1499.717863831551	-61.02116148703674	1405.158229685859	1529.934638334135	-403.0644875303918	1451.387871830102	1469.101977016541	-205.3989793364739	1454.384741231478	1472.108880806824	-255.706280648694	1384.459500936749	1232.945673275176	4.127677993047089	1322.990634048398	1147.829991213573	25.70196140143024	1399.22141503066	1020.670324438096	47.05829850536674	1436.692102142816	902.3495723448655	55.14824486766065	1431.625186280524	1305.47773343702	-489.0850924170214	1415.376866448347	1181.722454516229	-517.6474359645314	1509.732643259038	1074.498199556445	-515.360053281727	1573.258108659358	980.1784306475618	-497.3959244172963	1488.218672307185	1012.018972072784	-129.9437321927973	1467.296646400923	997.4766463783917	-381.4398188960697	1270.648091386216	1004.924239126379	-188.5571322839362	1256.46338560315	979.9917850085417	-231.4018775836666	1263.798525379753	1001.026402573969	-279.7723759178888	1515.957883709947	787.3480493882101	-64.90345834193023	1416.795049020785	745.8990808398949	-49.3220554543814	1449.203580036474	626.1491644327327	-85.03702538362757	1531.973494276118	518.4862938501162	-123.2158773915216	1556.146485699244	423.8357894354335	-123.6414482312783	1554.288124644369	310.1182372829376	-120.7737862729761	1472.536168153444	418.3603309777978	-110.2088558638275	1470.725217252228	298.2771441326611	-115.6905956674226	1517.994749808494	103.4772335416819	-152.833692619885	1439.562682881392	33.42090112076711	-204.2048819035465	1630.245826991288	32.04517606044706	-118.2453223146994	1737.854807504949	64.26948059672551	-216.9198302969823	1500.725631059774	780.7698041123515	-422.4454373133842	1507.758764354934	649.7358034144908	-411.8795909652314	1402.608289747506	781.812587414009	-465.8226745306303	1393.486234510581	648.0376186796431	-441.3560381780024	1404.35666693529	505.1633181206804	-418.2018454168393	1349.659104833868	403.5761850747643	-406.8861698682412	1296.949586441517	484.2401865289168	-419.8401693153652	1202.564062905521	419.8766197684182	-399.7380291942299	1072.376141017609	252.1723595792136	-367.262448018546	979.0422607013977	303.1426370650469	-309.4548739593807	1035.103919887536	120.3268887835704	-388.8156239284151	1111.289473001098	47.70299643733966	-300.6691107633138
1.62	1397.276397519522	1501.377700691052	-60.27709140193617	1415.525425705993	1531.527805234673	-402.5510126906302	1463.396689432944	1470.738280500244	-205.2117091006394	1466.006432136102	1473.782369635852	-255.5250607758764	1400.515707385776	1234.720198169689	5.096169012800218	1339.81495720055	1149.246610779609	28.01694187697489	1417.308969317921	1022.741758419683	48.27847669725249	1455.692712130466	904.7036053041686	56.00582586411292	1440.924780596836	1306.924549866802	-488.7133609752137	1423.850548566989	1183.254446169315	-517.1142990995091	1516.724707843044	1074.819880634724	-516.8220019540659	1579.156803179826	979.3418685755037	-500.2029571206549	1500.482989238381	1013.469558016185	-128.5400096718917	1479.069515858311	999.8553819434824	-380.3974238055439	1282.5713066053	1006.005926417689	-187.7148014477765	1268.213090710226	980.6588052141291	-230.323553820429	1275.383138338672	1001.413363198729	-278.8383936501122	1525.997065485595	787.1117722958219	-64.28835172979657	1426.421263914863	746.9231207493328	-48.99799419023398	1457.294353102164	626.8709066208221	-85.05597628451642	1538.776217765149	518.2921296971241	-123.200524137724	1561.60340349724	423.2508184449164	-123.5616117222975	1558.029781775224	309.5068076140478	-121.1194580027032	1477.830773305922	419.0906226688159	-110.7106700447136	1474.157682877734	299.0433331060254	-116.1753882268554	1518.503862104979	103.6706367396054	-153.2804131132027	1439.646308110597	33.4800947760474	-204.3051801240254	1630.232288217767	32.26694380387135	-118.4059385826817	1738.025572876896	63.18034736891581	-217.255758978371	1517.168464495181	785.1598332650767	-422.4918661275375	1527.75952274066	654.2613548132606	-412.999235136383	1418.946953520295	784.0671701413094	-465.5352941877071	1413.52985269596	649.7267325352316	-442.1351630352784	1429.404159614611	507.6445705480619	-419.5638160384833	1374.571139359718	406.5362859335924	-407.6377088686686	1323.054239097186	487.6260703250646	-420.6633197336118	1227.972666861969	424.4605617345549	-399.9955644136418	1095.701515102899	258.8358488540734	-366.4255434823021	1004.038571157268	311.0540452864837	-306.9125893305765	1056.661381287197	127.8777079176792	-389.4797185328212	1132.44797424329	50.55364639751942	-303.6203772243687
1.63	1410.290245863911	1503.172784594255	-59.64257549937656	1425.699700450402	1533.135507145995	-402.1454371828552	1475.259955166317	1472.46000157655	-205.1158340577918	1477.493654253114	1475.531095705695	-255.4440289747765	1416.538997705042	1236.663862791656	5.977913841939495	1356.718405792447	1150.806656674795	30.26091439228044	1435.525420233907	1025.016619011378	49.44341915573762	1474.877920541353	907.2837273480513	56.83746596054074	1449.978869858764	1308.403181877723	-488.4886615331552	1432.103323027424	1184.842591598288	-516.7579902903634	1523.52557854083	1075.280668550818	-518.4120133878596	1584.89306473409	978.7306289434464	-503.1360212741298	1512.635386346605	1014.889413068158	-127.2342559041524	1490.749281609878	1002.401622594031	-379.4393486022119	1294.445675338199	1007.266309855426	-186.8843564577023	1279.91779450069	981.6088335531589	-229.3008910855281	1286.966888742418	1002.13502138592	-277.9217484104896	1535.740871194936	786.8301150153395	-63.7756004182533	1435.677005284136	748.0390995643105	-48.74636135385687	1464.972536676883	627.6366393737412	-85.10805871431721	1545.037118391067	518.0736054738867	-123.1658367335781	1566.542050367786	422.6542152023346	-123.4408465552925	1561.365564569956	308.9189232956195	-121.4262533390984	1482.643137711415	419.7277870123908	-111.1681422791836	1477.240660432677	299.7329705625205	-116.6238787665831	1518.922654206327	103.8698143896496	-153.6769822886827	1439.688791696782	33.53817860255734	-204.3999922982076	1630.22014529633	32.50256798555344	-118.5731266984083	1738.180413015844	62.23856415119081	-217.5501892437397	1533.384097797831	789.8268844408695	-422.4886116555283	1547.416773386011	659.1846149473542	-413.9045593040884	1435.096569027564	786.616275387168	-465.2144415387471	1433.319921357636	651.8646177683596	-442.7564257408999	1454.235572961726	510.692559337958	-420.6993146616451	1399.587457568702	409.8070086581823	-408.1752879244349	1348.938167638843	491.1423342898303	-421.2975130554036	1253.413309640519	428.8003115896997	-400.1814764736162	1119.803913030078	264.5834290045614	-365.5333469968543	1029.007290567229	316.5393719113466	-304.4298000989221	1080.643079358129	134.3425705851651	-390.2923546628828	1156.616224138513	53.77409403087111	-306.4987047328847
1.64	1423.092664206399	1505.102346137139	-59.10661593594634	1435.716661149161	1534.761998032176	-401.8243115852754	1486.995253205494	1474.266602891588	-205.0878587913662	1488.86734381659	1477.35358572127	-255.4408210847239	1432.484447306856	1238.782931048624	6.791014297181926	1373.654898692121	1152.518031700296	32.41306295395405	1453.826688641095	1027.500609562572	50.55164469235432	1494.21569855497	910.1050132575081	57.64055295229554	1458.797187613568	1309.921299640743	-488.3993374393596	1440.136733738852	1186.495055006096	-516.5637337775081	1530.143022646667	1075.885695757272	-520.0991729271781	1590.471415393294	978.3472990743817	-506.160029101745	1524.703982926578	1016.291171146786	-126.0618634959416	1502.355354802143	1005.100304557942	-378.5650474761479	1306.308983909394	1008.725979788658	-186.0598248582232	1291.625334565478	982.8673247112276	-228.3345306423885	1298.5950501454	1003.222605516019	-277.0223159032994	1545.248357174458	786.5446493195764	-63.35884958771176	1444.610518017257	749.2721974475216	-48.51543127733807	1472.296911140669	628.4725399294369	-85.15045858542064	1550.807176658291	517.8588284559535	-123.0887060267635	1571.022485306072	422.0708082378651	-123.2684778463882	1564.358623433624	308.3753165496307	-121.6674549294958	1487.036284677948	420.2882142228672	-111.5099306892621	1480.041986736286	300.359888882812	-116.9788614374151	1519.290159808723	104.0754849868436	-154.0065299945344	1439.709210555354	33.6147029437677	-204.4866522618692	1630.227764862237	32.72102024085707	-118.7345635280916	1738.348482502757	61.4064475206996	-217.7904417199885	1549.38121384088	794.7442979534919	-422.4266928745026	1566.739370663906	664.4673888709979	-414.5941384531461	1451.074940998822	789.4290332709945	-464.8747332453947	1452.865227377245	654.4153679987623	-443.230957301249	1478.795571121502	514.2480096407481	-421.5946604142809	1424.669895942662	413.319926663143	-408.5099977292807	1374.514984371396	494.7244236159221	-421.7239441235623	1278.809432062505	432.792572798113	-400.2867657847535	1144.668148653097	269.2471772460578	-364.6306661867509	1053.927219229909	319.6203923989161	-302.1628935482224	1106.91737111449	139.5152250532057	-391.2169494306178	1183.615161918097	57.11673927782687	-309.1746132308875
1.65	1435.700629455172	1507.157057838872	-58.65914007297961	1445.617154071276	1536.406792316438	-401.5647666330007	1498.62359698646	1476.15034044054	-205.1072439996361	1500.15091515071	1479.241381661514	-255.4951153272118	1448.312038756793	1241.07526221473	7.556027710825037	1390.57641591653	1154.380837188585	34.45824086257424	1472.169377928033	1030.193343823411	51.6036268794922	1513.674318408341	913.1767371166956	58.4127021463775	1467.392585124625	1311.48245506265	-488.4332890283458	1447.952947534226	1188.214603585065	-516.5144902163404	1536.584732478131	1076.634115570802	-521.856382727703	1595.899045719646	978.1892288206272	-509.2413860109743	1536.7094038977	1017.683311898261	-125.0438049952484	1513.904795691514	1007.925718527079	-377.7683035330574	1318.186072083813	1010.382654926669	-185.2458859965103	1303.369585907842	984.4251167379971	-227.4299572631911	1310.29484939363	1004.666385796495	-276.1489321160345	1554.573794788378	786.2861960949601	-63.0264900930589	1453.26704370278	750.633795252704	-48.26004259685274	1479.320966672863	629.3955907041955	-85.15443583109231	1556.133998075337	517.6705692671651	-122.9530112263485	1575.098671978481	421.5231304081959	-123.0392941508441	1567.062560439049	307.8929423938974	-121.8248141068126	1491.06281511502	420.789037985667	-111.6916526968994	1482.614506787885	300.938843277869	-117.2061962764663	1519.632841995929	104.2886806981384	-154.2613312232986	1439.722369699337	33.72253432300506	-204.5645291474385	1630.262724506107	32.9032893493736	-118.880652432312	1738.545070727544	60.65885679903372	-217.9698885610435	1565.169283696162	799.8768366336581	-422.2995535098504	1585.744191079932	670.0624540123457	-415.0694644151102	1466.903311964657	792.462252222352	-464.5341230445031	1472.18105254237	657.3288440223514	-443.5748783428699	1503.032414020003	518.2361310292166	-422.2400347907103	1449.78744035401	417.0028480257856	-408.6509381953395	1399.714798313282	498.2930846660621	-421.9370362479079	1304.102881513347	436.3247782576769	-400.3108699396542	1170.280849486845	272.6797223336647	-363.7646670256603	1078.850607895948	320.3747627022509	-300.2447171700829	1135.297859194005	143.2425739921308	-392.2078032262247	1213.190568093404	60.31923856205154	-311.5402842327377
1.66	1448.139423059039	1509.318594672284	-58.29124838670657	1455.445251951927	1538.063309334936	-401.34614723601	1510.168273158583	1478.095489604662	-205.1573549212955	1511.36957664245	1481.178429629014	-255.5896122512728	1463.989416869362	1243.528955504002	8.293816026753246	1407.436097968424	1156.386058472867	36.38783095756375	1490.513327916111	1033.087416809675	52.60068092088991	1533.223521931183	916.5008453756182	59.15029208154813	1475.78140523766	1313.084185500367	-488.5782722427772	1455.55565143894	1189.997333007044	-516.5920748845924	1542.859179558989	1077.51783983997	-523.6611672066167	1601.186943430037	978.247395480854	-512.349264338793	1548.664358930005	1019.066247999619	-124.1850956800876	1525.412609228734	1010.842249769869	-377.0379953346671	1330.087952219798	1012.211162584143	-184.4570331403857	1315.16842541185	986.2401620719138	-226.5970146269933	1322.074231868782	1006.418917289752	-275.3181130054425	1563.760980822822	786.0716858264582	-62.76570395250619	1461.687766750151	752.1197119326227	-47.94792832010226	1486.090893819068	630.4118954559837	-85.10715614616899	1561.060480005585	517.5245244461112	-122.7509112954018	1578.816598264392	421.0295837519492	-122.7539746094017	1569.520587843839	307.483845065613	-121.8899284026627	1494.763500186992	421.2466874446881	-111.6976964974737	1484.995294285349	301.4839754085971	-117.2953696240685	1519.966118052346	104.5100805705605	-154.4421657821173	1439.73844129894	33.8685358851313	-204.6341544551793	1630.324275195046	33.04060240941668	-119.0052473551333	1738.773926942122	59.97984396904386	-218.088342491793	1580.756804799808	805.181084007759	-422.1005632359435	1604.449587458209	675.9145746199683	-415.3329619109873	1482.603845332741	795.66558979193	-464.2106096889553	1491.283313862235	660.5457953639986	-443.807125979388	1526.895234352932	522.5730304599839	-422.6306697175445	1474.908728483989	420.7855230987869	-408.6071964983103	1424.480789568122	501.7615237587111	-421.9420208407702	1329.249991503525	439.2853466667864	-400.2595864960614	1196.625999189783	274.7648374182826	-362.9801467834296	1103.882579869562	318.9133463089114	-298.768429267661	1165.564603437294	145.4305743180285	-393.2178261463866	1245.051517162198	63.14000958502393	-313.5249706722362
1.67	1460.440333986189	1511.560034932242	-57.99520301167131	1465.24586885051	1539.71824044648	-401.1512814359752	1521.65377178005	1480.078405452825	-205.2259395389259	1522.54942291788	1483.141156935345	-255.7105991415664	1479.493681584945	1246.121702688221	9.023194738403166	1424.191230175532	1158.515186634259	38.19984355085577	1508.82353778549	1036.167715575702	53.54432097550051	1552.835441956064	920.0708717544398	59.84785235137677	1483.983608061017	1314.716828446049	-488.8218822489904	1462.951072327413	1191.832154903952	-516.7781491449502	1548.976710014568	1078.521078403745	-525.4956583138021	1606.350614071408	978.5056200209912	-515.4565925333104	1560.574221900469	1020.430011637145	-123.4756006822722	1536.891954032963	1013.806026401649	-376.3594735561305	1342.012425579039	1014.166505827397	-183.7152226079214	1327.023858962886	988.2438423759094	-225.8487979741624	1333.92304583976	1008.403680036709	-274.5515987929055	1572.83960202332	785.9039653783053	-62.56540547320967	1469.910614199786	753.7104159544017	-47.56375987305923	1492.645254475085	631.5166071383303	-85.01050411973094	1565.6252455321	517.4288011804656	-122.4826222206953	1582.214440042832	420.6031307206486	-122.4183298823604	1571.766131282272	307.1547184861332	-121.8639398599006	1498.168551184708	421.6759225871699	-111.538219739062	1487.207480476922	302.007719392553	-117.2564158187395	1520.296786621816	104.7397074699979	-154.5567415621537	1439.763462343868	34.0546444182348	-204.6965038642114	1630.406165417247	33.13217874170151	-119.1056431771131	1739.030003993542	59.35925709879565	-218.151396001822	1596.150733519144	810.6063806955106	-421.8204894270245	1622.870477607645	681.9616159464226	-415.3861029429151	1498.198027100923	798.9868097424455	-463.9193882354353	1510.184399898452	664.0028068588365	-443.9477694475169	1550.333268085818	527.1710387472137	-422.767787506486	1499.996368736002	424.6033066833193	-408.3908961595905	1448.766476350968	505.0425372849092	-421.7516536437273	1354.218224085434	441.5740584390325	-400.1418817488914	1223.684007387901	275.4253632980439	-362.3149275867726	1129.160137171011	315.3614633521579	-297.7796518894499	1197.487972965047	146.0468754323844	-394.2066431643678	1278.905139636793	65.38699537356386	-315.1034803431863
1.68	1472.638345421652	1513.846918119465	-57.76424733100059	1475.062354528093	1541.351627636082	-400.9673404936565	1533.104863759645	1482.068380931885	-205.3051437368074	1533.716372694865	1485.099239796801	-255.8481133569856	1494.812053307036	1248.820889006209	9.758772385709875	1440.80583015839	1160.740683392311	39.89839217985093	1527.071264854763	1039.411132113017	54.43595089870152	1572.485101115531	923.8713354673727	60.49820712204159	1492.022685295902	1316.363193316792	-489.1513378435252	1470.149046871877	1193.701042124632	-517.055006829033	1554.950656002567	1079.620611002352	-527.3459905060637	1611.410342550477	978.9402770460022	-518.5406921611243	1572.438371853199	1021.753890159497	-122.8929524252908	1548.354067998159	1016.767170428051	-375.7164669031515	1353.946172885953	1016.188996480713	-183.0465884836022	1338.924070405536	990.3500297960479	-225.2001522165339	1345.816328585025	1010.526401900816	-273.8734124404415	1581.824099312787	785.7739951307814	-62.41764657897816	1477.972289420285	755.3730765692505	-47.11036607645157	1499.015914128315	632.6952902714852	-84.87753053970326	1569.86424587056	517.3844557725156	-122.1548959251049	1585.324279302718	420.2505970898875	-122.0416381375104	1573.824572518562	306.9070389888228	-121.7557903210401	1501.300794830659	422.0892816458539	-111.2425180526031	1489.263965368471	302.5202207344803	-117.1142471156193	1520.625816041246	104.9769553789459	-154.6175230567158	1439.800366568778	34.27897249377803	-204.7526307323514	1630.499412111953	33.18276769129584	-119.1820406320514	1739.302335243359	58.78977149687131	-218.1689098866456	1611.356741236346	816.0962145860467	-421.4457145529359	1641.015439078067	688.1357877676825	-415.2280396761159	1513.705636953362	802.3762379069955	-463.6707553872494	1528.891007610244	667.6363714161898	-444.0167414921773	1573.29666886049	531.9427270877263	-422.6589836761123	1525.004239276266	428.3985347782551	-408.019802199008	1472.533853832884	508.0543193197982	-421.3829154110089	1378.984121018145	443.1103891562244	-399.966738491773	1251.43353976359	274.6272292987272	-361.7964511850614	1154.834494602229	309.8463940485753	-297.2770346698414	1230.850127647189	145.1196935814873	-395.1475193983349	1314.481395998496	66.93557721471387	-316.2969604588668
1.69	1484.769906616491	1516.138748281075	-57.59234390058179	1484.934456326734	1542.937578737173	-400.7862816943115	1544.545806063363	1484.029151048892	-205.3911172971988	1544.895061225564	1487.01700553859	-255.9957626459367	1509.941546302557	1251.584521576907	10.5094148740519	1457.252607428029	1163.027076544249	41.49277424461275	1545.234234927645	1042.78678997089	55.27670260479719	1592.150447566106	927.8776945833935	61.09303325852294	1499.925460777272	1317.999125864656	-489.5532640281398	1477.164054550701	1195.579910976821	-517.4061150447664	1560.798265487205	1080.786658575668	-529.2013423829866	1616.390879327355	979.52056004019	-521.5835333173063	1584.25187579356	1023.007925759671	-122.4069258080806	1559.807933025756	1019.67235727921	-375.0932820292887	1365.867953520915	1018.210278145135	-182.4779580868991	1350.846781235275	992.4650068384242	-224.6661297991575	1357.719236376302	1012.686499609011	-273.3071275684799	1590.714972718315	785.6644638442754	-62.31759777404167	1485.910110272152	757.0652771081946	-46.60688979567682	1505.229526665396	633.9263624948144	-84.72742844581374	1573.812653760192	517.3867126479388	-121.7786814940518	1588.174674431827	419.9726313590414	-121.6345851356801	1575.715791359385	306.7376512674208	-121.5795991512963	1504.179854478693	422.4968020914804	-110.8504740829304	1491.172056192213	303.0292559079592	-116.9017161912354	1520.951053231461	105.2208314487103	-154.6393701241573	1439.850126807469	34.53679425645536	-204.8035870707799	1630.594691153891	33.20026726903959	-119.2367400713953	1739.576867003334	58.26472212419203	-218.1530083782528	1626.379907055561	821.5898748250036	-420.9577609615615	1658.885851523917	694.3650288603158	-414.8551241237173	1529.143963518034	805.7896297799755	-463.4689566061371	1547.403751222228	671.3855259663558	-444.0327336145539	1595.73830956467	536.8035787795964	-422.3179378517229	1549.878184914908	432.1201876075388	-407.5177969358173	1495.75261519595	510.7239296535543	-420.8544776961849	1403.532826774034	443.8381151912574	-399.7410858381751	1279.854764380956	272.3794658143887	-361.4402662547111	1181.058349796308	302.4916904307922	-297.2193950322526	1265.460522652804	142.7329830384873	-396.0317843567292	1351.545956574443	67.73488234799223	-317.1671688810911
1.7	1496.870866015427	1518.3907888014	-57.47391444190374	1494.896828382823	1544.445502375162	-400.6048574446077	1555.999624394787	1485.92083037403	-205.4833258917673	1556.107783319662	1488.85531755238	-256.1502814584547	1524.887847817218	1254.362984181495	11.2776331949337	1473.514061484886	1165.33249582386	42.99623224492718	1563.296067104912	1046.256837638281	56.067285165676	1611.812073719037	932.0569223763021	61.62356123078393	1507.721850819029	1319.594896044918	-490.013632400143	1484.016058812515	1197.439929188287	-517.8164032556517	1566.541301503394	1081.984232327518	-531.0528696583189	1621.320508184007	980.2092755424255	-524.5716258103577	1596.007156217581	1024.155872117345	-121.9843944897101	1571.259886311247	1022.467427530969	-374.476917000767	1377.752361745607	1020.159266931248	-182.0337773377594	1362.763256589155	994.4967702069464	-224.2607629450825	1369.59310732998	1014.786838423244	-272.8737927394882	1599.502195976565	785.5538655848704	-62.26251479052815	1493.761716279261	758.7402016315408	-46.08385030920632	1511.308830813977	635.1841885362494	-84.58008210961424	1577.506271960166	517.4264733382965	-121.3665747657322	1590.793363592028	419.7643005040557	-121.2073728690687	1577.457003999486	306.6396670641855	-121.3518876028335	1506.82630963267	422.9059233451108	-110.4039826330618	1492.938016194588	303.5405031365714	-116.6528029556643	1521.269472248905	105.4702546468741	-154.637392641119	1439.912645629714	34.82149178197163	-204.8504103712964	1630.684115433332	33.19368646840612	-119.2732874462581	1739.839079441462	57.77691285542421	-218.1160405242626	1641.22533237788	827.0240823222719	-420.3344314540683	1676.476754528274	700.5744674453006	-414.2614147020107	1544.527022582544	809.1889677643542	-463.3120171696939	1565.717836436479	675.1927851667148	-444.0120273792489	1617.615897149417	541.67333483196	-421.7634787968153	1574.559420339526	435.7227082658638	-406.9126909240908	1518.400446917387	512.9879816403028	-420.1854181455395	1427.858787426587	443.7255357285037	-399.4693381076032	1308.932760054301	268.7309097257675	-361.2505332454328	1207.977944598102	293.417361060402	-297.5367253358524	1301.163902147977	139.0185322370278	-396.8700381622209	1389.902963413282	67.80428743336164	-317.806547640153
1.71	1508.974710398158	1520.556049819794	-57.40366309806011	1504.978047361603	1545.841725523941	-400.4241941228642	1567.487445766518	1487.702038098711	-205.5837136351535	1567.373564175684	1490.573702382082	-256.3109348491023	1539.66362260054	1257.101479308606	12.05996616614394	1489.582649972879	1167.610561792115	44.42438667924854	1581.245232673391	1049.777828835445	56.80781100183247	1631.452797400823	936.3687276061319	62.08124077091225	1515.444608776571	1321.117189003463	-490.5179220250318	1490.730948194738	1199.249027747336	-518.2723201379475	1572.206195191757	1083.174862919249	-532.8927216940317	1626.229707283718	980.9641285661153	-527.495599738861	1607.695408398793	1025.158981435715	-121.5940055085677	1582.713479065016	1025.099837431344	-373.8586738671059	1389.573730371332	1021.967392151547	-181.7338254700707	1374.642523749824	996.362689632793	-223.9963377602107	1381.401804873138	1016.740918962082	-272.5906282765145	1608.169930848174	785.4202420943092	-62.25018607158229	1501.561628067119	760.3527151956871	-45.5757397507753	1517.273396230907	636.4423224889906	-84.45130907204174	1580.982053905745	517.4918622415507	-120.9306204558771	1593.209471108001	419.616234240838	-120.7684456782533	1579.065274983593	306.6035155426822	-121.0892424891042	1509.264782176988	423.3215670954613	-109.9400456944106	1494.570634433572	304.0579659616341	-116.3971802897038	1521.578663558819	105.7242803015994	-154.6253436974604	1439.987218479629	35.12553387716034	-204.8940635460599	1630.762286929529	33.17161044257707	-119.2957220665934	1740.076198579904	57.31835713383918	-218.0689183561729	1655.898253602512	832.3342699539151	-419.5524923656183	1693.778742774623	706.6877579315221	-413.4400094724828	1559.864706683706	812.541123272387	-463.1924982032842	1583.823999737275	679.0034451558591	-443.9671967436777	1638.893717564106	546.4760741551811	-421.0180692074936	1598.989111634274	439.1645280462096	-406.2324467237823	1540.463913789775	514.7909238679503	-419.3951670620396	1451.966758390321	442.7619379801876	-399.1544286121863	1338.66017247254	263.7647607903715	-361.2221724319173	1235.728749294751	282.7441714276372	-298.1425107737215	1337.841223681236	134.1460428605469	-397.6901871900149	1429.39143023514	67.22327997325337	-318.3266519890004
1.72	1521.11119766653	1522.58737120467	-57.37654272178868	1515.200074626161	1547.091349103387	-400.2490026680151	1579.027852990502	1489.331967260233	-205.6958571346299	1578.707460280593	1492.132454186526	-256.47890343745	1554.286509479445	1259.742927563258	12.84820693778989	1505.460159588511	1169.812548298579	45.79346118814149	1599.073973258046	1053.302635299919	57.49763386464574	1651.057167635358	940.7673358152846	62.45825437109889	1523.129055973479	1322.531347959633	-491.0514984707958	1497.340401797413	1200.973440096859	-518.7616860315114	1577.823710509915	1084.318568518591	-534.7132403937205	1631.149764982536	981.7394428467139	-530.3495337815639	1619.307701102251	1025.979940765195	-121.2098824268502	1594.169854590577	1027.5208110726	-373.234973224956	1401.309874826062	1023.572860844252	-181.5919236376683	1386.455542934855	997.994906191346	-223.8831222695362	1393.117199092839	1018.477357353002	-272.4703807563747	1616.701241398607	785.2439973799645	-62.27728758756806	1509.336210990777	761.8650093908304	-45.11314665340096	1523.139960074611	637.6763349718813	-84.34974802178613	1584.277719411547	517.5696859058975	-120.4808507627043	1595.454658706144	419.5161516504231	-120.324022171149	1580.559077943733	306.6180000147215	-120.8066880997962	1511.525174569066	423.7464288265249	-109.486674443005	1496.083188793437	304.5844138910214	-116.1570357387138	1521.877464992235	105.9821984925843	-154.6147200523031	1440.072608374496	35.44142740804693	-204.9353952653214	1630.826630483069	33.1412047791932	-119.3079955268771	1740.278824151673	56.880765952922	-218.020053184184	1670.403646392375	837.4552616453744	-418.5913918037745	1710.780043165951	712.6279975305948	-412.38490239378	1575.162153154371	815.8147115661627	-463.0989963110834	1601.709122846556	682.7636427344244	-443.9058069149143	1659.543403477594	551.1392291366626	-420.1058333764878	1623.112548200522	442.4066164652354	-405.5015108556256	1561.939208881554	516.0820262542754	-418.5041844636739	1475.872262076982	440.9519515606757	-398.799711526834	1369.038606747988	257.59227560057	-361.3440196376969	1264.433327860764	270.6000840004537	-298.9455458047817	1375.405406846328	128.3124997028695	-398.532987533917	1469.878834415654	66.11816396466199	-318.8467907343596
1.73	1533.305360308812	1524.439479313897	-57.3878826957217	1525.578140844608	1548.160185103705	-400.0865415937193	1590.636216161824	1490.77219713822	-205.8242308584842	1590.120221453294	1493.494480862544	-256.6567455412443	1568.777051896869	1262.231051936633	13.63114126894901	1521.156450453287	1171.889665830307	47.11854468420727	1616.777437874433	1056.782705603681	58.13522664316291	1670.610882104091	945.2036357500424	62.74781980972168	1530.812753737806	1323.803511282368	-491.6001725066603	1503.881158598687	1202.579169428245	-519.2733869185678	1583.428182059852	1085.375837712273	-536.5063981401051	1636.111592618774	982.4881531959397	-533.1300830090321	1630.83597948097	1026.586435337602	-120.8138756162893	1605.62877563794	1029.687130851161	-372.6072737664909	1412.945232355683	1024.923916447245	-181.6156679810051	1398.179003687898	999.3432955364253	-223.9293377021896	1404.72295244235	1019.941957895358	-272.5211208522769	1625.081552808467	785.0094529119963	-62.3379626369755	1517.100159252496	763.2503165179259	-44.71704284843354	1528.922651765723	638.8658069120088	-84.27588851048796	1587.430696956324	517.646739440559	-120.0246879012151	1597.562842110252	419.4505286125273	-119.8783071286296	1581.958464974986	306.6712597904883	-120.5167443384148	1513.641846701651	424.1814742667999	-109.0619502927699	1497.493528160125	305.1217877129939	-115.9464515831512	1522.165894409357	106.2435393906933	-154.6145556737468	1440.166952449378	35.76250914510119	-204.9752160318785	1630.87712159822	33.10770764634429	-119.3135760114389	1740.441905657774	56.45654283229726	-217.9749041895429	1684.745632796068	842.3213017232681	-417.4372382294355	1727.468017867198	718.317971846237	-411.0930544912844	1590.41966867492	818.9758695798707	-463.0179707333838	1619.356197352338	686.4178063808097	-443.829359002821	1679.543367056895	555.591971091427	-419.0503920028498	1646.881836831119	445.4115156429476	-404.7383841831392	1582.832201848383	516.8125281741894	-417.5346344877527	1499.600987182109	438.3098533474639	-398.4108797063028	1400.07859786842	250.3467452998755	-361.6023222202896	1294.200193517775	257.1270177750605	-299.8602686295675	1413.794432684513	121.7321958316484	-399.4460933910416	1511.253791273939	64.64863011093288	-319.4834727171473
1.74	1545.576865588487	1526.070879369342	-57.43364971769621	1536.120987873139	1549.016605870326	-399.9454912212639	1602.324020966726	1491.988127835242	-205.9736521395183	1601.618375888886	1494.6267244635	-256.8479623131079	1583.15673196424	1264.513343726403	14.39638046288	1536.687734773229	1173.795292594018	48.41210817485756	1634.353041283205	1060.170369947419	58.71811538769406	1690.100160120628	949.6274351261245	62.94427741095735	1538.534928610916	1324.902387628963	-492.1508529688164	1510.393865284846	1204.033341240972	-519.7969953879619	1589.056403650266	1086.309368123362	-538.263523553348	1641.144787256476	983.1637948057007	-535.8354905302896	1642.274296898791	1026.954005044917	-120.3961246694578	1617.090203119003	1031.562495255925	-371.9812031973269	1424.47289487632	1025.981204097854	-181.807022747844	1409.798330410369	1000.376236474927	-224.141121349215	1416.216360032976	1021.097865067866	-272.7462517676113	1633.300313291648	784.7051474828579	-62.42287496739924	1524.856068274448	764.4941018315578	-44.39660790579869	1534.633214470413	639.9954033003859	-84.22319959438619	1590.476736758337	517.7108981924525	-119.5670937230655	1599.568526399029	419.4061312395406	-119.4340566127985	1583.283859159844	306.751583874329	-120.229026013304	1515.651160590588	424.6265605997474	-108.6757752263733	1498.822461110683	305.6715577372145	-115.7729957813339	1522.444708894354	106.5080793523291	-154.6317409169162	1440.267760624107	36.08346736459278	-205.0144973869579	1630.915593181221	33.0743185393402	-119.3152276546624	1740.565106820399	56.039984197411	-217.9360187700699	1698.926956876352	846.8656410692927	-416.086281471552	1743.829665506114	723.6796864634915	-409.5664700635093	1605.632867102051	821.9841197074768	-462.9353663299773	1636.74357254426	689.9062258018387	-443.7327315004701	1698.876975005373	559.7635656218063	-417.872879239127	1670.256716305564	448.1434045557024	-403.9547409935364	1603.157562611848	516.934264997784	-416.5104187870161	1523.186997805583	434.855645606418	-397.997166256757	1431.798198282332	242.1785983170469	-361.9840101082916	1325.122875963897	242.4865163635917	-300.8152366512479	1452.964001647594	114.628617935415	-400.4776656268534	1553.418398660521	62.99631543526324	-320.3404822445543
1.75	1557.939735352141	1527.44544808962	-57.51078012155644	1546.83138641393	1549.633135976025	-399.8349072455089	1614.098323961988	1492.95002063265	-206.1488960456877	1613.204639144615	1495.501102989217	-257.0566489457498	1597.446248366324	1266.543601938348	15.13192966972486	1552.074591660878	1175.487003994606	49.6829027854421	1651.799968464679	1063.420873212564	59.24290224981166	1709.511195141789	953.9895685853314	63.043012027749	1546.335343459963	1325.80051326079	-492.6921661234136	1516.92176130579	1205.305372632306	-520.3224300168587	1594.7462127809	1087.085358603456	-539.9753191942137	1646.276910418775	983.7222144322218	-538.4646238000325	1653.62024020695	1027.067864959281	-119.954077488581	1628.556081806916	1033.118318026827	-371.3651682014681	1435.895268059223	1026.719398886613	-182.1634851059471	1421.309578812673	1001.079658922177	-224.5222580421591	1427.608341280318	1021.924331102675	-273.1445426202663	1641.35123789748	784.3232231656432	-62.51892797305392	1532.596274162288	765.5931878025181	-44.15017083939593	1540.281185668691	641.0551763820772	-84.18089383110426	1593.448592466068	517.7519427400623	-119.1112033488956	1601.504345668817	419.3711783637889	-118.99317965264	1584.554104234451	306.8480659266679	-119.950257348253	1517.58832731655	425.0810643224182	-108.3332087511232	1500.091165801979	306.2350178618556	-115.6406365673096	1522.714926930096	106.7759290288972	-154.6716364452056	1440.372099711517	36.40056456302129	-205.0546258444805	1630.944839437861	33.04238407635225	-119.3149431421955	1740.652635148349	55.62830692481383	-217.9034029723123	1712.948651616365	851.0200900308018	-414.5473440526336	1759.851135693882	728.633467523732	-407.8141396321816	1620.792082526055	824.7896279145152	-462.8377271799175	1653.843658175178	693.163378765296	-443.6042812007863	1717.529994386527	563.5822815705258	-416.5905176043928	1693.203687422804	450.5694545612378	-403.1559323363165	1622.937118133473	516.4005648108587	-415.4562846216149	1546.669887711254	430.6139771808921	-397.5714841919144	1464.220284803257	233.2521045215908	-362.4793471431508	1357.278766209155	226.8634606647313	-301.7596250507864	1492.881006972131	107.2289705844625	-401.6704311453867	1596.280753084559	61.35650157589721	-321.4996216495412
1.76	1570.402328166559	1528.533609543614	-57.61751246908957	1557.70691615055	1549.987640787209	-399.7633867120023	1625.961517607316	1493.633696136837	-206.3544243887308	1624.878475224554	1496.095046130841	-257.2872049485154	1611.66419580192	1268.283800020789	15.82728087260228	1567.339891791771	1176.928261389854	50.93528778505991	1669.118798502214	1066.493911168202	59.7054022265955	1728.829796718841	958.2436447161053	63.0403019619207	1554.252495418363	1326.474918219159	-493.2149278584411	1523.509390813111	1206.367862938255	-520.8397617518381	1600.534899920384	1087.674272462684	-541.6321370982357	1651.532906912215	984.1228369523685	-541.0161725035696	1664.876090606007	1026.923356301975	-119.4905218871309	1640.031893656506	1034.333881393351	-370.7687876036251	1447.223479443466	1027.128101549667	-182.6794244694942	1432.720089204818	1001.454855473283	-225.0735339582685	1438.921871907604	1022.414559936852	-273.710107897948	1649.23205264815	783.8584056996511	-62.60977061921404	1540.305737963118	766.5535064645688	-43.96824835237234	1545.874115746383	642.0402693883079	-84.13760421513089	1596.375198503002	517.7621063303311	-118.6591622738164	1603.398771477484	419.3360099961692	-118.5572114959241	1585.784803974098	306.951095497625	-119.6846421166347	1519.484702759351	425.5444119815228	-108.038051199972	1501.318698248223	306.8134879522619	-115.5528702784057	1522.977545586997	107.0476785362229	-154.7387827578785	1440.476877417362	36.7116253249085	-205.0976192819799	1630.967733089547	33.0117895243032	-119.3139968338614	1740.712620609456	55.22212304834638	-217.8751032334301	1726.809971499988	854.7150003764466	-412.8428918298168	1775.516661965523	733.0972031357323	-405.8536846493392	1635.880623297657	827.3327238300013	-462.712869422576	1670.621445492028	696.1174947572224	-443.4266703736367	1735.488100718778	566.9753066466217	-415.2160391302367	1715.694030932144	452.662275508202	-402.3424533298081	1642.197872659035	515.1694954070788	-414.3961648093839	1570.091227762466	425.6159756852509	-397.149615231429	1497.368724659784	223.7437358360777	-363.0837222057394	1390.727583316782	210.4674498292975	-302.6676020299393	1533.518048842482	99.76141179523343	-403.0567156358126	1639.748318537556	59.93312229363316	-323.0126862923087
1.77	1582.967440045653	1529.313015570578	-57.75364369744973	1568.741032675377	1550.064027604307	-399.7385131200518	1637.911544047138	1494.020943969961	-206.5941984111902	1636.636711359394	1496.391758554471	-257.5440809412028	1625.826303934156	1269.705169021428	16.47394245183731	1582.506729530575	1178.089645142379	52.16898697921845	1686.311205515524	1069.354595704098	60.10086028640848	1748.041270019218	962.3473144695799	62.93318637788744	1562.321522271515	1326.907273443374	-493.7124331061858	1530.201371707999	1207.197185761318	-521.3392624486293	1606.457711341554	1088.051101983295	-543.2244860733479	1656.934610273286	984.3294552419763	-543.4880680674549	1676.049355129875	1026.524981272135	-119.011355035685	1651.527668570183	1035.195905316775	-370.2014643763565	1458.476024105119	1027.211663677718	-183.3470350650949	1444.047890623211	1001.515484440753	-225.7917271642178	1450.189247475286	1022.573034366662	-274.4323997286093	1656.9445840975	783.3069955611927	-62.67712656410058	1547.965710445766	767.3869145467813	-43.83792196723258	1551.418101814664	642.9501534324289	-84.08513865949037	1599.281730353964	517.7363352266549	-118.2129599023513	1605.275025637353	419.2932705792515	-118.1276549230351	1586.987862493396	307.0526412048437	-119.4345654603221	1521.366526300198	426.0164263223432	-107.7955545577149	1502.520640319918	307.4084170530704	-115.515084024149	1523.233518871095	107.3244891196889	-154.8375503811719	1440.579156759733	37.01587486877305	-205.1462152968229	1630.986540698533	32.98148017826261	-119.3130785074025	1740.756131855044	54.82510137469775	-217.8479532969088	1740.50857970775	857.8800051575497	-411.0086434821479	1790.807450872269	736.9863591769259	-403.71252252413	1650.872578957736	829.5457694244189	-462.5504021609247	1687.03331545949	698.6916574420117	-443.1784291131233	1752.735238246315	569.8699722516956	-413.7580614018623	1737.701401141159	454.4029313373389	-401.511770834889	1660.970158337302	513.208855569241	-413.3512645849277	1593.490829410208	419.903161941094	-396.7488931245959	1531.263558968208	213.8417318168255	-363.7983924405243	1425.509420839084	193.5318448231355	-303.5402739446519	1574.848476634234	92.45430037088988	-404.654619556984	1683.722350307511	58.93622110145067	-324.8954846056228
1.78	1595.632487581399	1529.76873731656	-57.92062424420491	1579.924358473451	1549.852469971981	-399.7665921990326	1649.942543223402	1494.099679156266	-206.8715972478713	1648.474197012111	1496.380316691553	-257.8315561864424	1639.945285266377	1270.78853153735	17.06539728551465	1597.596498266442	1178.949586404761	53.37923483030821	1703.379631859272	1071.973907166642	60.4241680191989	1767.130537190862	966.2630544643866	62.71940603853867	1570.572514065951	1327.083732898308	-494.1805939481225	1537.041136393363	1207.77385784322	-521.8117601824447	1612.546681435898	1088.195226344691	-544.7437173630972	1662.500437060338	984.3106226339589	-545.8771076245603	1687.1526782571	1025.884386083782	-118.5236798635028	1663.058322234029	1035.697721108527	-369.6713204419459	1469.677200357477	1026.987538097797	-184.1564361719554	1455.319968897095	1001.284166019058	-226.6684557180885	1461.448508184163	1022.412780900799	-275.2964169988848	1664.495606331583	782.6660758032051	-62.70289147013645	1555.558324345244	768.1075235976979	-43.74783059700705	1556.918898422272	643.7875217139037	-84.02151121310123	1602.190789428887	517.6721989932513	-117.7751457388033	1607.15185335458	419.2376677787423	-117.7062845868897	1588.172630014688	307.1462684117741	-119.2015712054556	1523.25563467234	426.4973976343028	-107.6136519781655	1503.709500117731	308.0213997720942	-115.5355432778496	1523.483932106594	107.608064708542	-154.9725800389145	1440.676533726797	37.31366286437548	-205.203762817005	1631.002562763874	32.95004830756089	-119.3124718977164	1740.795874245721	54.44274150683124	-217.8184405120275	1754.040841695375	860.4456420313988	-409.0917894254976	1805.700946709452	740.2152329087875	-401.4284340346528	1665.731491015526	831.3568570267087	-462.3423208680956	1703.026581792114	700.8065244267908	-442.8362328912557	1769.253401738006	572.1963764406194	-412.2222830112859	1759.199674412021	455.7838934488553	-400.6599056615387	1679.2862580447	510.5018584499236	-412.3385889623816	1616.903376311564	413.5321289444075	-396.3869251706336	1565.915315588419	203.7460035647693	-364.6300156097446	1461.642073648517	176.310821823355	-304.4047854350384	1616.841133648166	85.53626519030396	-406.4653868855897	1728.092818022152	58.58011386384051	-327.1247510851522
1.79	1608.389811805695	1529.893079778088	-58.12143178199436	1591.246025507186	1549.349246937439	-399.8526552524384	1662.045766436057	1493.86388269557	-207.1894661104542	1660.384534053135	1496.055656783139	-258.1535630783623	1654.031119756464	1271.524004317517	17.59658163816955	1612.627307912553	1179.494622171444	54.55722971656978	1720.32685872823	1074.328752498089	60.67003033845923	1786.082445036493	969.9585093944421	62.39742684324547	1579.029693282544	1326.994657551077	-494.6179618483526	1544.069651980707	1208.082759318385	-522.2492730200099	1618.82985367283	1088.089987500017	-546.1827457949989	1668.245471956454	984.0397823363553	-548.1787366691569	1698.203287598773	1025.017824475031	-118.0345571928434	1674.643261291346	1035.838275560821	-369.1846216903652	1480.855546671442	1026.483243869023	-185.0950233362288	1466.569666164843	1000.789006553606	-227.6892222032008	1472.739380742946	1021.952954065443	-276.2833198063243	1671.89848439501	781.9330406843258	-62.67182742569244	1563.071580707627	768.7283785043046	-43.6926392636643	1562.38367183059	644.5569371333875	-83.9526459950128	1605.124698501665	517.5693834833294	-117.3493858487763	1609.046068682218	419.165351979053	-117.2955179285205	1589.348487367512	307.2268967360319	-118.9874690402966	1525.172063453052	426.9878274105382	-107.5026408295667	1504.896843846368	308.6541054425795	-115.6248880814827	1523.730296044635	107.9005335433415	-155.1488889778122	1440.767610619929	37.60609552592386	-205.2739144936544	1631.016130617837	32.91630752377143	-119.3122552231709	1740.844619975326	54.08044130303624	-217.78355279224	1767.402035812292	862.3458525833594	-407.1480133533944	1820.170764086781	742.6996592560868	-399.0494533107017	1680.410806343938	832.6946336461583	-462.0836255641899	1718.540170121794	702.3844743728848	-442.3778214772005	1785.024042377202	573.8911793471837	-410.6131820797935	1780.161685391305	456.8112836004698	-399.7823961685299	1697.179674942197	507.0523737001532	-411.3705336615926	1640.355776209297	406.5786535195837	-396.0807485338228	1601.3185263392	193.6673735758566	-365.5889407238988	1499.117021873861	159.074951661262	-305.3102946624213	1659.454051882743	79.23576909455379	-408.4720576305763	1772.733137494838	59.08023241814134	-329.6386327926073
1.8	1621.227098870356	1529.685168120851	-58.36023149009431	1602.694888522133	1548.556307858107	-400.0006701614109	1674.210599574218	1493.313397116816	-207.5502577795413	1672.360852788889	1495.418496686459	-258.5135863136363	1668.091455015983	1271.910224808253	18.06306637824927	1627.612892438067	1179.71922613861	55.69077884189748	1737.155521255826	1076.401741823934	60.83309780530038	1804.882115888456	973.4064234578731	61.9665099029877	1587.711454957733	1326.634274340203	-495.0256554781153	1551.324334304722	1208.113204052218	-522.6457407084031	1625.330862891908	1087.722158554373	-547.536625168019	1674.181994042248	983.4952603874742	-550.3869618727138	1709.222100217556	1023.943573872815	-117.5504912523079	1686.305213968268	1035.621165789843	-368.7457207902268	1492.042151316396	1025.732543738706	-186.1466900777191	1477.833624453491	1000.060258238219	-228.8329617329709	1484.099365359921	1021.216814306946	-277.3713757089309	1679.175282019465	781.1055423366648	-62.57439596442494	1570.503299156638	769.2594240237772	-43.67557050458973	1567.823283613738	645.2633015363372	-83.89247894320032	1608.108556207359	517.4287950543128	-116.9408546333036	1610.976124615085	419.0729978355399	-116.8988620176402	1590.528215274173	307.2903826414688	-118.7953331394973	1527.137844882305	427.4879101849696	-107.4736944772689	1506.096533178331	309.3080953984888	-115.7944940948376	1523.974940213878	108.2043109189065	-155.3716110720579	1440.852499023157	37.8946791701958	-205.3602032037061	1631.026881915657	32.87975219422883	-119.3125078570096	1740.913626163818	53.74136714837231	-217.7414209439979	1780.586380823167	863.5212851766867	-405.2375974179114	1834.187555308218	744.3611666529341	-396.6329386049383	1694.85613288183	833.4936884746317	-461.7727400844409	1733.506847334648	703.3547478376659	-441.7853653101588	1800.030894501693	574.9020722153512	-408.9358616532363	1800.559368840486	457.5058245274352	-398.874632215321	1714.685020337552	502.8888229808944	-410.4558194174087	1663.865217533739	399.1402310400633	-395.8465484187013	1637.444625134382	183.8252091164881	-366.686416403658	1537.893667759563	142.105524412228	-306.3209719139083	1702.626699681064	73.7788742597225	-410.6395013780518	1817.494672887374	60.64709134625708	-332.3409528826237
1.81	1634.127897568968	1529.150425757538	-58.64189787414556	1614.260483625661	1547.480640414382	-400.2138706136461	1686.425638638862	1492.453683638777	-207.9561843646122	1684.396504759161	1494.47522357245	-258.9146474891589	1682.131879011971	1271.953304349688	18.46013970015174	1642.562129560908	1179.625286450105	56.76500743900624	1753.867685540889	1078.180794071741	60.9080789406694	1823.515153889643	976.5841978394351	61.42677443455092	1596.631003141572	1326.000285299392	-495.4072085349582	1558.838376804214	1207.858809518971	-522.997593265308	1632.068870165314	1087.081523614997	-548.8028649540788	1680.320259014388	982.6602417484385	-552.4944239312629	1720.232621947169	1022.679686500063	-117.0775028715476	1698.068355318059	1035.053841314426	-368.3574327326822	1503.268715157116	1024.771472707434	-187.2914903724166	1489.148766475572	999.1272545500982	-230.0723069678652	1495.560756934256	1020.22992075596	-278.5369134672746	1686.35834082865	780.1818020027655	-62.40872506428597	1577.862752170734	769.7071168290056	-43.70812202798432	1573.254810323361	645.9102505875444	-83.86152698312205	1611.173391369272	517.2514312967651	-116.5564382338861	1612.965695756514	418.9567578274703	-116.5213080246052	1591.731194946559	307.3330367570486	-118.6301335186666	1529.180908418328	427.9969522790026	-107.5368464467756	1507.328076959582	309.9845235838769	-116.0543253524873	1524.221493402221	108.5220156320227	-155.645438923906	1440.933194728085	38.18115644225155	-205.4656191974637	1631.034182951786	32.84082267489202	-119.3135003221089	1741.011485972843	53.42478383039381	-217.6916521482078	1793.586955143802	863.9232583336418	-403.4210075214297	1847.721012528452	745.1323842961206	-394.2436053552652	1709.008758499773	833.7001083383514	-461.4116200538522	1747.857345880324	703.659023642855	-441.0489377792387	1814.26377841168	575.1923455361198	-407.1977358872522	1820.365563974711	457.9021441837006	-397.9318524780513	1731.838271736988	498.0661870531352	-409.601535713044	1687.437589946795	391.3364498203856	-395.6998206906417	1674.234610996436	174.4426494509301	-367.9310000417076	1577.892127143379	125.6873055583916	-307.5066865489529	1746.270921593386	69.38407421313657	-412.9158354534728	1862.201692987193	63.47658901772454	-335.1088466685413
1.82	1647.072288775596	1528.3000447389	-58.97150510741197	1625.933698561476	1546.133507543289	-400.4951215132898	1698.67975335562	1491.295621825667	-208.409310670414	1696.485573618993	1493.237750495958	-259.3593387206296	1696.15603837059	1271.665751054283	18.78197327346992	1657.479338433306	1179.22133633355	57.76299930919106	1770.464535161725	1079.658707401305	60.88980099871368	1841.967590711321	979.473195707995	60.77924063719617	1605.797330462935	1325.093505161332	-495.7683314084115	1566.640521925238	1207.317173216154	-523.30399883266	1639.058821833501	1086.160756365158	-549.9814758905875	1686.669272793233	981.5228329747822	-554.4927656844013	1731.259744610497	1021.242350121069	-116.6214906330957	1709.956038941739	1034.147050066374	-368.0216772281046	1514.565450740172	1023.634679503947	-188.5059667324805	1500.549702490183	998.0158569277639	-231.374704501094	1507.149052175469	1019.018452878909	-279.7550784673716	1693.490056335165	779.1609503882445	-62.18056827230419	1585.170075236214	770.0751134939737	-43.80737810537579	1578.703820657816	646.4986439795088	-83.88424880155068	1614.35861846083	517.0372298150553	-116.2046823534714	1615.04632676516	418.8112946683729	-116.169495458651	1592.985522416235	307.351172663355	-118.4988312457419	1531.337945315031	428.5129680590011	-107.6991183559188	1508.61910097822	310.683822537175	-116.4109209588826	1524.475385244753	108.8565086555707	-155.973896504426	1441.013658978064	38.4676972213903	-205.5922663528581	1631.037591161324	32.80096578518424	-119.3158355741574	1741.143709842543	53.12527115319796	-217.6353575081373	1806.395772250277	863.518120965491	-401.754496165865	1860.743016138018	744.9632924784162	-391.9503440019051	1722.810018921772	833.2767811155795	-461.0056467722114	1761.526456250597	703.2568753558155	-440.1696207015643	1827.722947418813	574.7450641064124	-405.4098328339095	1839.557211558823	458.0464208009807	-396.9491443834734	1748.677024158058	492.6659124778247	-408.8155814435183	1711.065851737412	383.3069494814679	-395.6556743652339	1711.591986715408	165.7389105777165	-369.3245500982007	1618.985424761891	110.0991842635641	-308.9324246155192	1790.261300639721	66.25343800899415	-415.2351040812854	1906.647713303646	67.73660136042326	-337.8028886858436
1.83	1660.037827694257	1527.150534312596	-59.35389234499601	1637.707234770487	1544.529668616485	-400.8472662896628	1710.963018149449	1489.855355335329	-208.9115589537851	1708.623249470372	1491.72332505039	-259.8498450905241	1710.165726133034	1271.065573942507	19.02102119801953	1672.365358120453	1178.521677328961	58.66627939690267	1786.946090933558	1080.83281054638	60.77319270006929	1860.225591780028	982.0580176713071	60.02588250378436	1615.216383479198	1323.91763730382	-496.1165720981247	1574.755177811251	1206.489494940336	-523.5668284556318	1646.311962137905	1084.955676494204	-551.074800087633	1693.237338511268	980.0762090685187	-556.3734976385733	1742.328461561413	1019.644984670349	-116.1885657947567	1721.988631924299	1032.914574541023	-367.7401785345524	1525.959042477454	1022.352462046657	-189.764144664295	1512.066661413447	996.7467981301518	-232.7044192411986	1518.882527441866	1017.60785347167	-281.000542651927	1700.620605965893	778.0430196086113	-61.90119861214745	1592.454753399177	770.3649373533899	-43.99234182825134	1584.205855632848	647.0253563423347	-83.98569094329946	1617.713064657127	516.7840651865691	-115.895439239643	1617.258505029791	418.6290940056916	-115.8515650014032	1594.328458005298	307.3407838905828	-118.4099198722766	1533.655437911007	429.0326223252302	-107.9632650041846	1510.006258557144	311.4055876481725	-116.8659949559266	1524.744240466791	109.2110994773362	-156.3585906952689	1441.099528766904	38.75749881946999	-205.741113963272	1631.037284377034	32.7625213330586	-119.3205092793808	1741.312980798238	52.83288403534853	-217.5749472019065	1819.004396363465	862.2916280501045	-400.2862936565379	1873.23176532459	743.8277221055837	-389.821834954045	1736.206471483737	832.2079151293635	-460.5634592348401	1774.460794860469	702.1305966742659	-439.1616627839391	1840.423638877671	573.5664534358546	-403.5875884423617	1858.119039368883	457.9926783076158	-395.9215776655359	1765.240353675555	486.7937264411751	-408.1085781904975	1734.728111814932	375.206917157861	-395.728825791011	1749.37651414852	157.9186369143762	-370.8583463593326	1660.992010286883	95.60245966854518	-310.6477019074343	1834.426194841953	64.55994306230127	-417.5210062301908	1950.594079543335	73.55059399884291	-340.2785662897675
1.84	1673.000817869013	1525.723393587856	-59.7933789926829	1649.575944086574	1542.686737118481	-401.2734103017854	1723.267427471825	1488.154149531633	-209.464633044702	1720.806131565474	1489.954272327547	-260.3879445820662	1724.161015884229	1270.175661471926	19.16771897476922	1687.218969578515	1177.545559431038	59.45518410365062	1803.310860735013	1081.704733641872	60.55320985323413	1878.275024857383	984.3259972730759	59.16968215898702	1624.892310624065	1322.479257773427	-496.4608856572478	1583.202751363128	1205.380366106684	-523.7904838579097	1653.836531168948	1083.465841759509	-552.0872057795473	1700.032256978857	978.3187599238195	-558.1293903291407	1753.462510021195	1017.898104853231	-115.785155017853	1734.181847511399	1031.373274615315	-367.5149732007886	1537.470950160456	1020.948845925315	-191.0390774748743	1523.723827901226	995.3352904517972	-234.025329911674	1530.77239259011	1016.022055053909	-282.2484574631268	1707.804756905549	776.8285325078454	-61.58459128597458	1599.754285061117	770.5758867940086	-44.28058920210572	1589.80665944101	647.4825692487279	-84.18800997184516	1621.294092786986	516.4870179782554	-115.6392522032743	1619.650999346906	418.4002537895066	-115.5767652545947	1595.805079801472	307.2974523024707	-118.3725255505843	1536.188615219954	429.551559344359	-108.3273083022353	1511.534365109124	312.1488408674343	-117.4158681060228	1525.037994169399	109.5899247732247	-156.7985707406037	1441.197505594904	39.05571031697201	-205.9118093932939	1631.034380422634	32.72845225981136	-119.3288633145336	1741.51979404713	52.53410002783803	-217.5138210208801	1831.405534653563	860.2529885812892	-399.0537816855004	1885.176675072678	741.7294198837785	-387.9212720931316	1749.155964998192	830.502252326364	-460.0967861446572	1786.627668537302	700.2889292976612	-438.0530831868	1852.400505097165	571.6881615395447	-401.7510875276373	1876.046629064337	457.798211132405	-394.8444340004029	1781.567950722163	480.5755220304945	-407.4945065267778	1758.385526524508	367.2002285581942	-395.9328217952643	1787.399448579995	151.1588815601548	-372.5100102024003	1703.669443304093	82.42711376285123	-312.6773352961048	1878.541058241636	64.43169422962141	-419.6914034056532	1993.771477423976	80.97970060889605	-342.3978878088188
1.85	1685.937807950038	1524.044905565492	-60.29366109544887	1661.537011658176	1540.624773527541	-401.7770915205399	1735.587409671967	1486.218235769393	-210.0699161617771	1733.032429223131	1487.957646330386	-260.975042753565	1738.140350207322	1269.023379551465	19.21046892907693	1702.037960594912	1176.316563522947	60.10928482795048	1819.555386113359	1082.280255623373	60.22475566223329	1896.101005456314	986.2670946694918	58.2146034294345	1634.828695477289	1320.788016332588	-496.8111473390554	1592.000009870669	1203.997893585233	-523.981701298287	1661.638588712625	1081.695355561906	-553.0247164434417	1707.061240181076	976.2542533768137	-559.756012736152	1764.683069271124	1016.009949729177	-115.4178064143711	1746.545688547207	1029.543412381526	-367.3485211378609	1549.116313643765	1019.440948846411	-192.3047189501807	1535.537945219392	993.792052566193	-235.3042762505883	1542.823142311934	1014.283352744739	-283.4757389103455	1715.098939303372	775.5179865353639	-61.2453411412404	1607.113070576985	770.7043388838467	-44.68567055687465	1595.560971299188	647.8577110332625	-84.50744716377392	1625.164798679466	516.1380747627916	-115.446574635863	1622.278752619072	418.112868669221	-115.3549407668348	1597.465402962301	307.2165619464933	-118.3952483546692	1538.998597547786	430.0650523557492	-108.7847644366411	1513.253958012426	312.9126834517983	-118.0516601540383	1525.368564047404	109.9984685716779	-157.2898657111013	1441.31456604206	39.37047841055534	-206.1024882192634	1631.031073674517	32.70192092162821	-119.3424168610009	1741.763147290816	52.21336112012381	-217.4560718325283	1843.595927071002	857.4383887462855	-398.0817106586711	1896.583821910804	738.706987414638	-386.3008648617849	1761.634472157805	828.1945902898013	-459.6202365388687	1798.024245512956	697.7693008026051	-436.8842483669248	1863.711556468422	569.1681256299801	-399.924746696962	1893.348171088559	457.5185523823602	-393.7135481300057	1797.698288290398	474.1515970685589	-406.9897558519085	1781.980394326312	359.4505250680117	-396.2782769037979	1825.421121153279	145.5948719323926	-374.2418378635448	1746.710306854299	70.75707869875217	-315.014825502619	1922.325708599587	65.93461430425003	-421.6632662039017	2035.884800937774	90.00526497380812	-344.0399614126934
1.86	1698.82711359379	1522.14600534752	-60.85789563407728	1673.589924878809	1538.366119609405	-402.3623099302992	1747.920187641917	1484.07858629904	-210.728421955571	1745.30202488565	1485.764755633832	-261.6123023491783	1752.100440950454	1267.640237220908	19.13590046287641	1716.819398618032	1174.862228142242	60.60800545057141	1835.673700824303	1082.569139050255	59.78265561904179	1913.687506087573	987.8742138971971	57.16541698388659	1645.029650080295	1318.857007426343	-497.1776657028226	1601.160258309386	1202.354164870887	-524.1493529538614	1669.722899393069	1079.65373815995	-553.8946301826217	1714.330756757302	973.8921557515773	-561.2528043825394	1776.007774085557	1013.987797639556	-115.0927625206378	1759.08398237408	1027.449206120766	-367.2434132810168	1560.903582196335	1017.83966355461	-193.5378618257567	1547.517179057178	992.1255722526937	-236.5145241174248	1555.033128749217	1012.412817453288	-284.6625365526968	1722.558901968721	774.1116297563714	-60.89776552520006	1614.58100834669	770.7431324631997	-45.21512526716286	1601.529971841258	648.1340953898186	-84.9522217970044	1629.389825673488	515.7264384807319	-115.3269472337362	1625.199832776205	417.7539536863291	-115.1959762366398	1599.360524710579	307.0938224959694	-118.4849441059731	1542.148322053723	430.5688607215075	-109.325317502009	1515.217790776055	313.6971746674502	-118.7599615031476	1525.749042419245	110.4441713165841	-157.8252031238842	1441.457162235092	39.71387802012983	-206.3095384865767	1631.03055561425	32.68573664764159	-119.3625747797988	1742.041035864363	51.85503363845773	-217.4062248754342	1855.580375289308	853.9137225339571	-397.3812264705263	1907.481588275566	734.8370298942847	-384.9969621850445	1773.643047935097	825.345412690529	-459.1509279537291	1808.685954278961	694.6382820691292	-435.7042636348026	1874.441131299656	566.0898263480701	-398.1364411431088	1910.044802351086	457.2022479389876	-392.5258587961886	1813.665869911737	467.6695815560759	-406.6107526836178	1805.434844706512	352.1108694413443	-396.7703519316239	1863.151784243017	141.3061558900897	-376.0009502322361	1789.741702118766	60.71605456771744	-317.6192734807098	1965.44683185535	69.05593941088581	-423.3576603552984	2076.621488442332	100.514242525208	-345.1094770543079
1.87	1711.650259299309	1520.062137279908	-61.48895430084177	1685.736248802505	1535.935420744848	-403.0334261741135	1760.265989371816	1481.77050525711	-211.4408508020581	1757.61644645726	1483.41053811616	-262.3008700333774	1766.03598499665	1266.061466328425	18.9294410410412	1731.559172108759	1173.213831663474	60.93146483434818	1851.656739846111	1082.584907945463	59.22173267114341	1931.01706275909	989.1438053141908	56.02740158814998	1655.500569396233	1316.703207623931	-497.5707709133533	1610.693209790103	1200.465912982272	-524.3042089124074	1678.093827881859	1077.356681729725	-554.7051795648313	1721.846513886106	971.2481555833962	-562.623316194595	1787.450259960338	1011.839719894345	-114.8154609990483	1771.794560315333	1025.11953597817	-367.201874352834	1572.834880295817	1016.151406499051	-194.7199059595752	1559.660570243122	990.3449805819911	-237.6386808091596	1567.395492918021	1010.431128816642	-285.7936478198202	1730.237735834034	772.6097850242804	-60.5558825235706	1622.211476709621	770.6815819531901	-45.86906551706225	1607.77767763666	648.2922229837175	-85.52164275457034	1634.030712178403	515.2395065926988	-115.2882755826691	1628.471955387988	417.3107062118611	-115.1091570724618	1601.538601186807	306.9260551308981	-118.6456244223687	1545.698068286001	431.0601572068556	-109.93566090599	1517.476940406928	314.504224159443	-119.5236747718876	1526.192599792814	110.9370610079898	-158.3938759856931	1441.630517009556	40.10257623342051	-206.5273523431138	1631.036737757097	32.68173209974048	-119.390235293659	1742.350686821828	51.44558343604737	-217.3689648060873	1867.376136831453	849.7759286538765	-396.9494299566423	1917.925792952751	730.2349208881744	-384.0263612405146	1785.213754010971	822.0386250164838	-458.7077716931528	1818.692695562381	690.9900572043582	-434.5654590283942	1884.701226462461	562.5596946291846	-396.4160445823919	1926.169805220552	456.8857044509053	-391.280195241688	1829.497995686263	461.276421131398	-406.3707083571842	1828.650406364217	345.3130266770604	-397.4060412243186	1900.256432859495	138.3050150546525	-377.7214291110101	1832.329584999325	52.3557686425084	-320.4163174837898	2007.526320145768	73.69123095599362	-424.7044080853922	2115.663039440765	112.2900212221729	-345.5422870942311
1.88	1724.393355351425	1517.832981854152	-62.18977267023051	1697.979289340129	1533.359740828886	-403.794968156553	1772.628079458005	1479.33294810025	-212.2077605238448	1769.978805887152	1480.932771858071	-263.0421505092155	1779.939381505495	1264.325428386362	18.57623709245338	1746.251132780726	1171.40616574167	61.0614981206505	1867.491811974917	1082.344616279266	58.5370056724026	1948.070597325097	990.0765492710636	54.8059951252332	1666.24832211597	1314.347856283778	-498.0005337294416	1620.604572900614	1198.355180813094	-524.4586171230571	1686.75622268793	1074.826510436937	-555.4652556681237	1729.613656976353	968.3447108828602	-563.8746947608274	1799.020265474463	1009.576389126503	-114.5901462504554	1784.670129818867	1022.588662495933	-367.2253223197079	1584.907068674886	1014.380448254929	-195.8382434202522	1571.95866754068	988.4626043654398	-238.6703525119381	1579.899505109311	1008.359653655583	-286.8596290237302	1738.184020573051	771.0137263078991	-60.23377237947252	1630.05875311663	770.5063299793169	-46.63953704984051	1614.366774271488	648.3116717591665	-86.20651399677936	1639.14169569338	514.6644179023783	-115.3363080429746	1632.148968430105	416.77190374535	-115.102318224661	1604.041510600596	306.712191825835	-118.8776067457409	1549.701445125748	431.5383723971045	-110.6002626207093	1520.077227702098	315.338369057064	-120.322836663271	1526.711447204727	111.4903435589846	-158.9817177903445	1441.838019121438	40.55822808074355	-206.748176466034	1631.053838553348	32.69013885548042	-119.4253453652614	1742.688637511309	50.97569480113416	-217.3488236556282	1879.016661584639	845.1521226287355	-396.7694068203615	1928.00319646983	725.052689705069	-383.3839381938391	1796.413180963832	818.3775619131308	-458.3102400290071	1828.171358145916	686.9427630745027	-433.5167421389299	1894.630466761752	558.7024278815384	-394.7933107610505	1941.767037179814	456.5885429582224	-389.9781751818238	1845.211782399404	455.1099142355654	-406.2762197808888	1851.508815781874	339.1576013252919	-398.1718949242859	1936.364067206139	136.5291081915101	-379.3283676284939	1873.988737116591	45.64867705789683	-323.3031064998255	2048.155254366512	79.63747030992158	-425.6461432405144	2152.698966324313	125.0109250028585	-345.3078455684566
1.89	1737.048385162481	1515.50190599067	-62.96368185998561	1710.323726279591	1530.668640185902	-404.6513956228222	1785.012602268845	1476.807585041326	-213.0298441198476	1782.39367854008	1478.371139390993	-263.8380709619427	1793.800697251173	1262.472809712055	18.06240141496687	1760.886157180583	1169.477118642056	60.98276358076289	1883.162319538113	1081.868641788894	57.72402569345241	1964.827380773982	990.6779362778575	53.50646358067245	1677.280784388119	1311.816696647147	-498.4766060085479	1630.895527452485	1196.049760352274	-524.6260839490508	1695.716207570303	1072.09222785502	-556.1841772674863	1737.637167811906	965.2113293309375	-565.0167135758486	1810.724175786496	1007.212549014477	-114.4197191820003	1797.699679186298	1019.896733138538	-367.3141910119965	1597.113346265243	1012.531312569647	-196.8870940439395	1584.395720036593	986.4953899045831	-239.6141294586106	1592.532322987852	1006.221435676038	-287.8573918812094	1746.440048051926	769.3269203534064	-59.94590498661892	1638.17516073523	770.2030093719837	-47.51089701919722	1621.354533233945	648.173475001293	-86.99068457709706	1644.766665289692	513.9900101793229	-115.4743058416803	1636.27753274221	416.1293910579573	-115.1807070184558	1606.902706652971	306.4544131631755	-119.1769899993387	1554.202458397549	432.005856989735	-111.3018966961016	1523.056551721468	316.2074096207817	-121.1353597880502	1527.316169373332	112.1209163910695	-159.5711597548611	1442.080718826053	41.10770954585604	-206.9621871633323	1631.085917371037	32.70903260280645	-119.4664717125623	1743.050806228387	50.44201965373932	-217.3498430407317	1890.553814862001	840.1958469090555	-396.8108920789853	1937.832175627362	719.4736544504476	-383.0416869197946	1807.34244479372	814.4795579279892	-457.9765572268137	1837.293472782721	682.6327019009332	-432.5970326386488	1904.39017380794	554.6541558346385	-393.2950925284593	1956.888827563633	456.3100463083751	-388.6249754446657	1860.812174046845	449.2905190631279	-406.3243863831008	1873.874549847149	333.7062793858826	-399.042646740287	1971.08170785216	135.8400599585468	-380.7435042160924	1914.198628354532	40.48699040947911	-326.1568480176991	2086.912642551682	86.59419345838151	-426.1415242136302	2187.442091977844	138.2579138204544	-344.4089176903872
1.9	1749.614241630982	1513.115017846456	-63.81463544319311	1722.775257235668	1527.894099703889	-405.6068693588433	1797.428232389287	1474.237677370676	-213.9082861950373	1794.866869137447	1475.766216768337	-264.6913010322032	1807.60800503799	1260.545551622084	17.37647724207753	1775.451346103041	1167.466916546337	60.68379988922099	1898.647854996584	1081.180427854649	56.77933924653836	1981.2651271634	990.9585691487525	52.13365782176861	1688.605833858434	1309.140029132686	-499.0081145989032	1641.56239003643	1193.58315456188	-524.8207529829604	1704.981565690027	1069.189073254349	-556.8714691728926	1745.922391334419	961.8843702089973	-566.0606443144239	1822.565874315734	1004.767904039984	-114.3058709885007	1810.870144923531	1017.089822695084	-367.4681005489576	1609.445164653329	1010.610878680475	-197.8677225338029	1596.953214955088	984.4648935784364	-240.4839561344419	1605.281109243432	1004.041710442434	-288.7901973600933	1755.040385044204	767.5563901335022	-59.70717763453847	1646.608371516832	769.7585012865192	-48.4613051227207	1628.789414102736	647.8627989962679	-87.85346848282356	1650.937636144003	513.208980911869	-115.7028243168374	1640.894314042563	415.3797366410229	-115.3456794485336	1610.146300842878	306.1592703841435	-119.5354612954481	1559.233935211467	432.4683672426457	-112.0219512906615	1526.443537445066	317.1229163732427	-121.9376976858684	1528.015615436212	112.8497809801577	-160.1414088337665	1442.357034529351	41.7833149798514	-207.1578732196649	1631.136412835095	32.73390867272835	-119.5104623747774	1743.432612981991	49.84826230850581	-217.3752111991654	1902.057999058189	835.0801096260216	-397.0317777893903	1947.559635758557	713.7036254010283	-382.9494585080334	1818.133123437903	810.4694676287711	-457.7215027656175	1846.267502460104	678.2067005724099	-431.8301889668936	1914.157293972166	550.5538353066496	-391.9421474420097	1971.593474337251	456.027357969061	-387.2296765288576	1876.291409804505	443.9143245770467	-406.5008599996512	1895.599463637797	328.977408242773	-399.9809867220163	2004.01316427708	136.0292118732283	-381.8919507280436	1952.42495551651	36.68942084216402	-328.8460939762506	2123.387590127682	94.17384771686785	-426.1674747932133	2219.644048636579	151.5320765433706	-342.8793042583047
1.91	1762.097318353572	1510.719814018943	-64.74729185515578	1735.340226167743	1525.070235359466	-406.6650508890594	1809.885600274485	1471.666814419136	-214.8451293131948	1807.405070524397	1473.158472445301	-265.6054071684422	1821.348003327977	1258.58546337939	16.51094052421888	1789.929537342498	1165.416955125862	60.15788816385189	1913.924648080625	1080.306021028513	55.70102182602267	1997.360217544736	990.9340398486779	50.69192249504983	1700.23005605445	1306.352511720373	-499.603521196366	1652.596780439132	1190.993854107573	-525.0567598696024	1714.561290694883	1066.157528544737	-557.5366338892788	1754.475657409281	958.4063315139529	-567.01816926732	1834.547805462104	1002.267410256278	-114.2494701886225	1824.168265713696	1014.219320087282	-367.6863046121047	1621.894284101202	1008.629988656237	-198.7880552575098	1609.613964413262	982.3961506285783	-241.300420164122	1618.135279933441	1001.847716237129	-289.6671119761363	1764.011207753087	765.7139482485713	-59.53256715599247	1655.39935830584	769.1634193199939	-49.46520610983568	1636.708806577998	647.3715988426998	-88.77261806301226	1657.674790760816	512.3199402492413	-116.0195234886836	1646.024350536439	414.5259940346974	-115.5935413584615	1613.787255786142	305.8385927959079	-119.9403711102616	1564.817342984802	432.935431040582	-112.740715919757	1530.257625535436	318.1006160762201	-122.7054868784333	1528.817441336538	113.7023075188381	-160.6688751139153	1442.6628807614	42.62300421904082	-207.3227724973016	1631.207702473891	32.75744277654067	-119.5522756511827	1743.829103213596	49.20539237119728	-217.4268499656472	1913.615807931579	829.9873164521141	-397.3805704973195	1957.353684458667	707.9588222993549	-383.0377567304651	1828.939317607026	806.4725638930972	-457.5543185385427	1855.325978266146	673.8131620276677	-431.22258117412	1924.114233514848	546.5337834039622	-390.7461108042236	1985.942507052847	455.6960867227748	-385.8049278142317	1891.630111371832	439.0480910681109	-406.779069904148	1916.529701247652	324.9459050459042	-400.9385898805132	2034.781817703745	136.8311427735976	-382.7094848791157	1988.146198964263	34.01611199968473	-331.2437561992425	2157.203440721614	101.9218320294412	-425.7205386894755	2249.109966064617	164.2815761602866	-340.7801558706179
1.92	1774.511529814129	1508.363500831281	-65.7669327760392	1748.025150881474	1522.232797313213	-407.8289367040248	1822.396505735424	1469.137556612224	-215.8435677060683	1820.01546920474	1470.587324549336	-266.5849186568905	1835.00674182397	1256.632568103426	15.46351950813183	1804.299281290027	1163.368249611799	59.40360341731409	1928.96625495187	1079.273269448313	54.48921863298125	2013.088129634895	990.6243283339995	49.1851881108076	1712.15740773163	1303.492619759868	-500.2703934731437	1663.986365748411	1188.323900151216	-525.3474678604662	1724.464300941357	1063.041833576664	-558.1889354612035	1763.30504411136	954.8247204325251	-567.9004596131316	1846.672177450718	999.7410633261504	-114.2511108503112	1837.582730683927	1011.340561338159	-367.9682164491139	1634.454824258115	1006.604452822474	-199.6617823045056	1622.365775352414	980.3160920363819	-242.0877732387542	1631.088561428249	999.6677801851986	-290.5020905190588	1773.370667107406	763.8170287024086	-59.43641042162941	1664.581396477826	768.4143818563507	-50.49644641506384	1645.138268545306	646.7008348212305	-89.72747582845298	1664.987892406789	511.3289700438654	-116.4189463838381	1651.681304133766	413.5792247679605	-115.9149159236477	1617.832624116842	305.5100045735076	-120.3750090475367	1570.963903699851	433.4206132629486	-113.4379312080008	1534.510474037795	319.1606239109294	-123.4143152901148	1529.729309375237	114.7082828284449	-161.1280039196646	1442.992445617862	43.67070513687538	-207.4445922650442	1631.300709830829	32.76951877748398	-119.5850520086543	1744.23501801365	48.53094255070063	-217.5049549320744	1925.325095304418	825.096728817149	-397.7997739479294	1967.392171075084	702.4511038654734	-383.2228071550658	1839.926612234987	802.6072650109743	-457.4773563982916	1864.708299020617	669.5925553670311	-430.7637685223276	1934.435951833227	542.7106010017087	-389.7073858112699	1999.997871588071	455.2538881547951	-384.3658805649716	1906.799893146389	434.7270475041081	-407.1208974487442	1936.514906781896	321.5478411744079	-401.8585983053889	2063.055830550192	137.944730335847	-383.1497438533231	2020.88395026203	32.19096516945233	-333.2407689986845	2188.042278427016	109.3458884557991	-424.8175043992262	2275.711448675703	175.9366618040324	-338.1949322613694
1.93	1786.877661326415	1506.091077492171	-66.87920764210833	1760.836056211943	1519.418449381205	-409.100728371069	1834.973034194545	1466.690080266436	-216.9081026988363	1832.705369190895	1468.090281316473	-267.6352907619128	1848.570370842693	1254.723390324569	14.23809797174048	1818.535351611599	1161.35959687101	58.42497771229444	1943.74448180466	1078.110654376933	53.14664888154788	2028.424131409887	990.0527726221433	47.61724039129388	1724.387966290432	1300.601687926498	-501.0151218835972	1675.715879225358	1185.616965502247	-525.7047228913758	1734.697936476487	1059.888211974228	-558.8372281843444	1772.421228621487	951.1906368012827	-568.7175052184241	1858.942242051693	997.223256164601	-114.3116857262916	1851.106558888704	1008.510664319226	-368.3137476389007	1647.125078616131	1004.555389984245	-200.5071271459511	1635.204119206897	978.2520370617319	-242.8713689619069	1644.140620988729	997.5298398274094	-291.312891540194	1783.130190834346	761.8888507146191	-59.43142780912416	1674.180193568327	767.5156959565279	-51.53154099659184	1654.092460346704	645.8617849338295	-90.70183295518588	1672.878806674463	510.2503003558157	-116.8922430517792	1657.869643843314	412.5592612627051	-116.294833438065	1622.283745994846	305.1969156839302	-120.8190761573852	1577.676835185554	433.9416062024451	-114.0938002136961	1539.208343034715	320.3274039964712	-124.0408513017677	1530.760626356557	115.9016675353539	-161.4926159749425	1443.339809385983	44.97662013761945	-207.5126838679808	1631.41461880091	32.75765258716788	-119.6004890622872	1744.644838479101	47.84751916653914	-217.6075672578286	1937.287700191348	820.5707039845739	-398.2300680842775	1977.847992373094	697.3717756156268	-383.4138489410858	1851.258977824451	798.9782220782276	-457.4859225366104	1874.640601498138	665.6682434238235	-430.4298983492683	1945.275090468118	539.1777115066693	-388.8145945543267	2013.819046209456	454.6273267730479	-382.9285978285848	1921.767129969515	430.9557279411399	-407.479201970951	1955.419579386062	318.6892265432381	-402.6799215184631	2088.573701798461	139.0602887640113	-383.1903932884213	2050.234889062338	30.92926811865251	-334.75909801128	2215.667839400069	115.9533057740553	-423.495233929488	2299.396992226288	185.9501518660758	-335.222690804161
1.94	1799.221939582532	1503.943268682646	-68.08971495773042	1773.777607002708	1516.663825029707	-410.4817427634055	1847.626684971671	1464.360966497534	-218.0445034779147	1845.481869458936	1465.702173132261	-268.7627593750477	1862.025867988437	1252.88945527773	12.84499333319179	1832.609759047942	1159.425626974585	57.23121445686205	1958.230653429997	1076.845883032448	51.67901459319067	2043.344195589286	989.2447349864794	45.99212673325944	1736.916820736414	1297.722513420762	-501.8427048782565	1687.767968158559	1182.916335770889	-526.1383517289817	1745.266949009973	1056.74303347527	-559.489841226841	1781.838110529049	947.5571612016015	-569.4777610584491	1871.363564191488	994.7517441340927	-114.4328162522754	1864.739271844998	1005.785625366727	-368.7232036362261	1659.908807294332	1002.508903362978	-201.3455286324122	1648.133671091111	976.2304798379578	-243.675836097181	1657.29811982439	995.4597872592868	-292.1200261811201	1793.296426453881	759.9577243445992	-59.5276768310801	1684.214861706556	766.4802359260566	-52.55267197919876	1663.577660044176	644.8759955301545	-91.68597825840783	1681.344919519426	509.1057976818586	-117.4268741745622	1664.588037270935	411.4941688088067	-116.7133407774793	1627.139228944924	304.9279051308972	-121.2494098441714	1584.954551612122	434.5199716642418	-114.6904821247785	1544.355048786322	321.6292807585443	-124.564520761637	1531.924633667373	117.3199786411224	-161.7377818032483	1443.701533820063	46.59753761950905	-207.5197211571491	1631.546743595148	32.70797008727917	-119.5895434485064	1745.052883409607	47.18071878336025	-217.7303290762784	1949.600516853837	816.5415083002331	-398.6150820394314	1988.872893086591	692.8759439053781	-383.5221784813072	1863.084700677598	795.670376670628	-457.569386366151	1885.314740120383	662.1385836724767	-430.1887962890293	1956.746594464624	536.0004069759298	-388.0460052829101	2027.459941304382	453.7417322019553	-381.5083890151362	1936.497272833655	427.711648751682	-407.8025670481486	1973.135912572193	316.2578400918188	-403.3436229475357	2111.167819949344	139.8898527801559	-382.8372367685014	2075.901467764639	29.9673981558997	-335.7623338812105	2239.944676109238	121.292612187579	-421.8093584369535	2320.198974353028	193.8395914767195	-331.9697250036924
1.95	1811.573766273171	1501.954494897551	-69.40345920833616	1786.852167809019	1514.004418177595	-411.9723457482828	1860.367557263584	1462.182293526108	-219.259519019845	1858.351500184305	1463.454472886743	-269.9740665403351	1875.361620941695	1251.156179914736	11.30045869724814	1846.493149594292	1157.595048992302	55.8359169699674	1972.397245042308	1075.504490743232	50.09521687567027	2057.826070400312	988.2261509933819	44.3146284454904	1749.733255974473	1294.897624895525	-502.7567294552944	1700.123710994008	1180.26307941681	-526.6560230751153	1756.173250824555	1053.651084823096	-560.1545184339013	1791.572895022421	943.9776001355229	-570.1881449955829	1883.945059696314	992.36625168073	-114.6169681450041	1878.488257467644	1003.216959395678	-369.1966058343163	1672.81577637095	1000.495211588315	-202.2004108065926	1661.168604682291	974.2763312639086	-244.5240479184581	1670.574964634416	993.480225439043	-292.9458669560701	1803.873542819439	758.0554751500587	-59.73159359552881	1694.699315203816	765.3294457167704	-53.55014794616834	1673.595441850534	643.7735531233401	-92.67749176652612	1690.383276414664	507.9231450539098	-118.0063434567812	1671.833209424527	410.4182184933289	-117.1462555683311	1632.39847576445	304.7355084534435	-121.6410071515762	1592.794631249827	435.1803105126962	-115.2139070594644	1549.955178235277	323.0973951286448	-124.9697062794625	1533.24074660735	119.0032370633338	-161.8421135136704	1444.080281679836	48.59730007307968	-207.4633452265909	1631.692561355755	32.60689103385931	-119.5434300795018	1745.453456863764	46.55663078056794	-217.866602760743	1962.345984370509	813.1006802910454	-398.9065035490146	2000.581909559605	689.0696739914006	-383.4709648835369	1875.522597219053	792.7445586243338	-457.7132865729379	1896.868901067132	659.0711308801835	-430.0054936900563	1968.914159744382	533.2138754913364	-387.3731399423825	2040.965494310673	452.5329069700866	-380.1187576332745	1950.959005513941	424.9511776591629	-408.0422182923831	1989.596622258478	314.1365443783726	-403.8010139398048	2130.783317458537	140.1964426584446	-382.1254437132249	2097.718030129568	29.09053635899765	-336.2616214872349	2260.8515556952	124.9945161422087	-419.8314536104854	2338.236183112283	199.2265285980338	-328.5405815251748
1.96	1823.962709427673	1500.151231084347	-70.82424596228793	1800.058971217803	1511.473450955672	-413.5718608117911	1873.203634345143	1460.181158756684	-220.5603141811636	1871.319687984595	1461.374755865212	-271.2760142975488	1888.567743055659	1249.542225342047	9.625362012965509	1860.156437808934	1155.889458763117	54.25586926402662	1986.219666527402	1074.108729794452	48.40726908473709	2071.850455476337	987.0221475070887	42.59071449271921	1762.820484982479	1292.167473469192	-503.7595893743311	1712.763006574706	1177.694532607708	-527.2634251912327	1767.416261468417	1050.65407884851	-560.8384318111756	1801.645654037486	940.5036458421828	-570.8543788067727	1896.699313577422	990.1067045031606	-114.8671117923703	1892.368892446651	1000.848435279941	-369.7325136588521	1685.861412652661	998.5474584142549	-203.0960732211734	1674.331343543236	972.4128340604184	-245.4368174967669	1683.99145156273	991.6101888960565	-293.8139257936769	1814.8656548604	756.2151704481851	-60.04519565325801	1705.643773956451	764.0923814149292	-54.52403003867512	1684.14700922638	642.5896532667032	-93.68050254364579	1699.995211204649	506.7328457021864	-118.6100139667456	1679.604045185209	409.3687888409547	-117.5659163039579	1638.065462561614	304.6545424101072	-121.9682894543847	1601.198228293807	435.948715607085	-115.6556145992059	1556.017467468279	324.764156363581	-125.2481695087382	1534.737176940562	120.9925457712502	-161.7901200277937	1444.489441795378	51.04764928014536	-207.3475376907744	1631.845917283856	32.44362374613213	-119.4548255276129	1745.840920890412	45.99913059124734	-218.0080521839634	1975.583226060471	810.2926724674251	-399.0691831888333	2013.040536633931	686.0019651573389	-383.2044820580699	1888.650028711009	790.2350969272525	-457.9020192511521	1909.372497283256	656.4996398867063	-429.8472391622594	1981.781444695846	530.8243110067879	-386.7664335392136	2054.368328008171	450.958786060428	-378.771715864654	1965.127754291942	422.6166524733948	-408.1603054487548	2004.785626306767	312.216349131673	-404.0221019211027	2147.489207840308	139.8176232319483	-381.1175156393082	2115.669097997136	28.15390865194721	-336.3147167709641	2278.48719645606	126.8057513385068	-417.6445363556922	2353.710601707542	201.8683121214466	-325.030391311727
1.97	1836.415070134837	1498.551158112293	-72.35407103312946	1813.393540448526	1509.10087403287	-415.2784017995816	1886.140160682572	1458.379638087061	-221.9536643481636	1884.390092481638	1459.48642076968	-272.6748062805417	1901.636107506919	1248.059364626523	7.843159904548016	1873.572561605677	1154.322991735219	52.50952245320529	1999.677875002542	1072.67695420221	46.62982892854301	2085.40214203989	985.6558574553737	40.82789895319809	1776.156066450824	1289.568865341742	-504.8528650918807	1725.665094993682	1175.243181233195	-527.96463135311	1778.993533399478	1047.789481805626	-561.5482748599549	1812.078557783961	937.1835561051105	-571.4816169715325	1909.641593092329	988.0110538491072	-115.1859032270641	1906.403198540447	998.7136174323877	-370.3266127482425	1699.065536740093	996.700392328451	-204.0566301882841	1687.649672925025	970.6622091572378	-246.4330952381838	1697.572107699329	989.8660703738808	-294.7482103011126	1826.279131414411	754.4684729972751	-60.46547005200109	1717.056258681403	762.8035552022122	-55.48440667266739	1695.237652773724	641.3598169435319	-94.70337607574501	1710.191027342012	505.5644267669488	-119.2131061255253	1687.905880567539	408.3828859865275	-117.9419730175048	1644.152354165425	304.7201841774178	-122.2064085434245	1610.174473492099	436.8506174028353	-116.0142499792927	1562.558317528128	326.6613423551161	-125.4011954098899	1536.453859239117	123.3285012883145	-161.5741192457016	1444.958590017829	54.02948915484023	-207.1834743118027	1631.999485278066	32.21348674267948	-119.3191223583793	1746.209583339771	45.52722530461483	-218.1455696489719	1989.340950046009	808.1139001753002	-399.0857416767079	2026.256490858568	683.6630446936817	-382.695384121731	1902.494231789079	788.1498573781059	-458.1216959503861	1922.817725424695	654.4244365849391	-429.6876860419677	1995.290691662571	528.8129025449547	-386.202176153942	2067.68651099052	449.0088787746751	-377.4797316704153	1978.988555353446	420.6438393822883	-408.1380290900285	2018.744513400149	310.4075650688007	-404.002480332305	2161.478850615157	138.6792308743873	-379.898162622118	2129.896597061856	27.09344050967252	-336.0171848698943	2293.066435052456	126.6099408021112	-415.3371711713995	2366.897206664456	201.6783011630862	-321.5203940822742
1.98	1848.950557227658	1497.16336589936	-73.99252389191071	1826.847475967328	1506.912608494827	-417.0886067927242	1899.179047894064	1456.795051234961	-223.4449948683401	1897.563963177531	1457.808729044838	-274.1751769866447	1914.560242256101	1246.712976058078	5.977453869786994	1886.718273763547	1152.902928117461	50.61544119766998	2012.757562209336	1071.223564681126	44.7793507663509	2098.470851282898	984.1475391784045	39.0354312514158	1789.712959751442	1287.133880427048	-506.0376957948633	1738.809294484403	1172.936025094429	-528.7625129246143	1790.901396359365	1045.089691172431	-562.2903832728036	1822.894854688616	934.0605080853047	-572.0752494349153	1922.787396893297	986.1128619771559	-115.5746395177224	1920.61690498972	996.8348451874074	-370.9704818936486	1712.450169151619	994.9889933874178	-205.1048721324929	1701.152684177308	969.0467262009103	-247.5302774725765	1711.342304357233	988.2635676788763	-295.772483597313	1838.124520515464	752.8430187675713	-60.983961014277	1728.944116271576	761.4993598550577	-56.44978441862345	1706.880622827978	640.1144893838813	-95.7551065389323	1720.99391759715	504.4423849837763	-119.7869449258578	1696.75464905964	407.4938597601434	-118.2421971774226	1650.682500752459	304.9660315395956	-122.3323271429117	1619.744414807809	437.9084137675852	-116.2963471736366	1569.605260304734	328.8180569514612	-125.4408932939209	1538.445516333451	126.0496441076461	-161.1952686124167	1445.539403101078	57.63424502592543	-206.9895256196949	1632.1456600909	31.92195650399608	-119.1355496206879	1746.55343534123	45.1526997827811	-218.2702540811289	2003.612977857081	806.5175007178146	-398.9600061757358	2040.177689505721	681.9897836184907	-381.9489731549317	1917.028176563362	786.4729808656925	-458.3628413926683	1937.119542570998	652.8164265125145	-429.5103936345122	2009.330021325505	527.1422951209515	-385.6691774746819	2080.92373218513	446.7096507133862	-376.2585866333552	1992.538581126176	418.9691645103684	-407.9818101890437	2031.573335309152	308.6478134445375	-403.7670778202457	2173.057580661292	136.7968407734173	-378.5668131693634	2140.693031519398	25.9233106721578	-335.487123641926	2304.905386222305	124.4318143472075	-412.9969507445309	2378.126198349149	198.7312824960347	-318.0773107315475
1.99	1861.579719755816	1495.989628399414	-75.73621048543376	1840.40870629792	1504.930104383739	-418.9972715879908	1912.318300909657	1455.440345829423	-225.0373579589411	1910.839554663927	1456.357040191458	-275.7793771927732	1927.335342302609	1245.503280796364	4.049513172552112	1899.575818742217	1151.631163842428	48.59099247270582	2025.450783697662	1069.759425457252	42.87295543066599	2111.051530032293	982.5141243312078	37.2242466158162	1803.461133827634	1284.88937135691	-507.3149559017677	1752.17586858594	1170.79447239567	-529.6590852263539	1803.135565779292	1042.581609701941	-563.0708057038117	1834.117640836769	931.1712817603122	-572.6417145517629	1936.14905003804	984.4390809263239	-116.0325209763555	1935.035023088364	995.2239793718202	-371.6510310475418	1726.036411085276	993.447044542762	-206.2608922027389	1714.8663177448	967.5896015863952	-248.7441699160232	1725.324002184454	986.8200394996531	-296.9091651456177	1850.417743682312	751.3602260869316	-61.58659265594224	1741.315515789368	760.2132665171564	-57.44352880307714	1719.099566344802	638.8739997178905	-96.84098445603013	1732.44212956885	503.3824854021467	-120.2993945284302	1706.180269953016	406.7287460791931	-118.4332232562037	1657.692493933912	305.4223533252112	-122.3254806860518	1629.944105798235	439.1393547770637	-116.51609531464	1577.199967036148	331.258818271165	-125.3901916439557	1540.784482077104	129.1910656881155	-160.6634546374783	1446.311435963625	61.96466095691009	-206.790032929172	1632.278103531603	31.58919442940575	-118.9079790069666	1746.865918352798	44.87821166957207	-218.3741895773981	2018.357053980287	805.4232581413459	-398.7184833978446	2054.6974506284	680.8779790041242	-381.0038337086525	1932.171850395493	785.1701883930991	-458.6227241584106	1952.124849211795	651.6244378168483	-429.3116363594945	2023.748685067215	525.7649190419656	-385.1731627164365	2094.072550754248	444.1247341667151	-375.1296404177171	2005.789326712779	417.5364671468125	-407.7259258858587	2043.42485847142	306.9063134760609	-403.3700536361906	2182.616944365505	134.264951957962	-377.228815197032	2148.478747147392	24.7205177334098	-334.8471331020833	2314.395606574638	120.4246929130865	-410.7043842315298	2387.758269923088	193.2525573684563	-314.7555679422901
2	1874.302706998429	1495.026540054025	-77.57822814087078	1854.062237448849	1503.170261003925	-420.99688051059	1925.551526231877	1454.324443924231	-226.7304262454176	1924.211549414223	1455.143021972754	-277.4861332808733	1939.958561524946	1244.427277431703	2.076170335162319	1912.134236229811	1150.506268674594	46.45150012325533	2037.755979592392	1068.292589353592	40.9271867197621	2123.144070889403	980.7692783529526	35.40661913635495	1817.369644978668	1282.856997891859	-508.6851132674296	1765.746872864195	1168.834769753556	-530.6557272241201	1815.691870315572	1040.286683514103	-563.8952811430493	1845.768633690154	928.5453982105794	-573.1891528624959	1949.732138629507	983.0084416540192	-116.5567530101777	1949.676472121375	993.884804309399	-372.3510736595898	1739.840622331138	992.1055133807913	-207.5403572421886	1728.809092654373	966.3151057348323	-250.0882553050287	1739.531213498786	985.5563501822927	-298.1776117702112	1863.180102334247	750.0338621885463	-62.25381751210342	1754.1805951538	758.9705634602707	-58.48888972264067	1731.928879769002	637.6448245892509	-97.9582872312395	1744.588827134385	502.3890397680817	-120.7153757480365	1716.228544114476	406.1065207871252	-118.481237805271	1665.233116414601	306.1147141134637	-122.1679898343825	1640.826373846971	440.5540092326803	-116.6939518079689	1585.400260572403	334.0020308061851	-125.2813268192763	1543.562725915021	132.7832089620894	-159.9959992110616	1447.38705560566	67.13421703542488	-206.612658999725	1632.394139825454	31.2546090439753	-118.6452535958553	1747.139977107778	44.69589287120064	-218.4509495818395	2033.49737248569	804.7314111973906	-398.4091491368327	2069.66680609587	680.1999223740268	-379.9285604851943	1947.799533040323	784.1959362814207	-458.9071602316976	1967.630398291508	650.7848904598204	-429.1020425308409	2038.377837854183	524.632200131769	-384.7372890725032	2107.119974967628	441.3496481364472	-374.1200494650654	2018.767803785432	416.3029767125806	-407.4306495087428	2054.491934009523	305.1843841341912	-402.8908389304753	2190.597135413604	131.2362797084646	-375.9863079523874	2153.764076169627	23.59948651864062	-334.2080210810277	2321.969389655484	114.8449149516668	-408.5282074467145	2396.154893737717	185.5918156966113	-311.6004641474843
2.01	1887.109613907443	1494.268074711596	-79.50776155213259	1867.791266097189	1501.645667148279	-423.0770362309146	1938.867615018347	1453.452473353299	-228.5195737956006	1937.670533698094	1454.174683357442	-279.2896947419611	1952.429457537619	1243.481027799006	0.06848502992265493	1924.390051102518	1149.525717502565	44.20998617114159	2049.677416092253	1066.829176425767	38.95685672657435	2134.752636129215	978.9239445933016	33.59551813483741	1831.409014329109	1281.053661342444	-510.1477521017089	1779.506898332015	1167.068907524575	-531.7532765691565	1828.567270033761	1038.221386359422	-564.7691107517189	1857.867303397739	926.2048339977173	-573.7277344059105	1963.532474597008	981.8306505431015	-117.1437215251287	1964.548598881011	992.8164903045832	-373.051333517159	1753.870500742592	990.9904604728943	-208.9524591713474	1742.988372036973	965.2474815653006	-251.57216880288	1753.965892933563	984.4972790130631	-299.5917228124747	1876.436735794673	748.8695905072715	-62.96124105425217	1767.551790691281	757.7837706341774	-59.60354368724895	1745.411744620609	636.4178477704071	-99.09275038159518	1757.499774248329	501.4537169314805	-120.9975009990583	1726.960897447872	405.637375151499	-118.3527686538288	1673.369042496604	307.0630655705568	-121.8445535735539	1652.460687525449	442.1554430866419	-116.8541899741359	1594.28058791281	337.0589299466105	-125.1529481428282	1546.892428626008	136.8508347973402	-159.2154190154426	1448.914774916126	73.26443739301999	-206.4844770308337	1632.498086180548	30.9807783067855	-118.360895532368	1747.368655852935	44.5865145718101	-218.4958608480143	2048.930919944612	804.3383940689184	-398.0971689950567	2084.912446795621	679.8245101634119	-378.8146206587563	1963.752909389012	783.5012983344845	-459.2314503398026	1983.407450489484	650.2322751620482	-428.9063564719747	2053.053404941239	523.7031885042512	-384.3982467447802	2120.05333550605	438.5014152548384	-373.2602852602009	2031.515678640156	415.2438494621409	-407.1757858924881	2064.988393905603	303.5123282609242	-402.4266387800548	2197.441610396336	127.8954042429314	-374.9293898369446	2157.100906539347	22.68226517955855	-333.6574492545139	2328.060506312683	108.0193452205669	-406.5229068012139	2403.647094252542	176.1861196889841	-308.650742416315
2.02	1899.982261329136	1493.707970918277	-81.50988363729392	1881.578340379587	1500.364997248298	-425.223832531334	1952.250764419344	1452.825877368948	-230.3951196555443	1951.202707101691	1453.456207664484	-281.1790646102784	1964.750266849301	1242.66174776812	-1.968483911331487	1936.347279154066	1148.687882809937	41.877503873224	2061.224186513917	1065.374278985263	36.9741858645435	2145.884817156709	976.9872165862148	31.80375095549698	1845.553647671775	1279.492141633499	-511.7008409031343	1793.44373659422	1165.505814071671	-532.9520443220824	1841.761126826948	1036.397984477578	-565.6969225662815	1870.430616875831	924.1643979940982	-574.2694592205355	1977.534164862996	980.9064256348427	-117.7910510709981	1979.642458736857	992.017207462074	-373.7338675026747	1768.121739873645	990.1203180414893	-210.4978180260963	1757.397428983817	964.4086147448608	-253.1995943657523	1768.61493450656	983.6699792828821	-301.1571464178144	1890.213531713566	747.8656579246781	-63.68086563986094	1781.442877594237	756.6498758350689	-60.79481492812744	1759.59596443174	635.168983010974	-100.2164856851725	1771.249146349692	500.5561983673913	-121.1070735045203	1738.451638486524	405.3229939804669	-118.0157630887411	1682.177148549039	308.2812669150466	-121.3422689063724	1664.930678364652	443.9390994943543	-117.0216589977454	1603.930535526705	340.4329192935406	-125.0462053047527	1550.904518358338	141.4120746044635	-158.346685199801	1451.080128014727	80.47966428341368	-206.4273361834444	1632.605429938202	30.85588750437839	-118.0720947949984	1747.546463374305	44.51934830702591	-218.5060505871565	2064.537206831352	804.1520340965895	-397.8577066301596	2100.257534465483	679.6365145749096	-377.7658246764128	1979.858651146108	783.0413773132732	-459.6198899222414	1999.229658068039	649.9088194501439	-428.7608938236635	2067.637206909421	522.951014152305	-384.1985460385939	2132.864098936726	435.704294908996	-372.579317640426	2044.08539583284	414.3542680743131	-407.0503792313129	2075.12512992914	301.9430587882832	-402.0819167473226	2203.550297938868	124.4319662676951	-374.1279952932736	2159.031472450823	22.07108018413349	-333.2543836265083	2333.066435379488	100.3124360524557	-404.7287970306446	2410.507574201804	165.5187906060448	-305.9401378961576
2.03	1912.896934371683	1493.341395321066	-83.56563189308511	1895.406226262916	1499.333372187562	-427.4192993801538	1965.68102479171	1452.4424228858	-232.3418340838378	1964.789995920499	1452.98765145914	-283.1375276199608	1976.92577892355	1241.969217547387	-4.034606616801126	1948.016852055883	1147.99346904464	39.46395755292297	2072.409019925672	1063.932773748	34.98841624921894	2156.550791498648	974.9673097955675	30.04304060178061	1859.783953748432	1278.181688115715	-513.3398918696142	1807.54899681751	1164.15252361656	-534.2518207510627	1855.276431227423	1034.825355015581	-566.6823464224869	1883.473373263426	922.4326763025539	-574.8272984580312	1991.709217558778	980.2282979155148	-118.4999828363267	1994.929644932894	991.4869977242968	-374.3864335359884	1782.575617039131	989.5028342558926	-212.1667915935473	1772.013575550582	963.8147571855146	-254.9660431265394	1783.448716200621	983.1006535684751	-302.8686361735448	1904.532813922479	747.0147350125005	-64.38298889797724	1795.866350257114	755.5501964190365	-62.05669346160671	1774.527966177353	633.8622123893143	-101.2879045007249	1785.913553758708	499.6666850493071	-121.0058161945105	1750.782867651501	405.1577566097503	-117.4411505761306	1691.743395323171	309.7769333643001	-120.650677214482	1678.329266819672	445.8933075654896	-117.2181542760324	1614.45118484362	344.119195946657	-125.0003054105355	1555.744782059557	146.4774709926133	-157.4144434636551	1454.103075631943	88.89922661214233	-206.4532826971318	1632.747593950285	30.99384166487715	-117.7979859649744	1747.671719577654	44.45295801413393	-218.4802189700677	2080.190251523519	804.103643382568	-397.7666037613041	2115.541800566741	679.551675943927	-376.885523503538	1995.947830904153	782.7811646173137	-460.1034303874006	2014.899534487197	649.7719127037549	-428.7088504745692	2082.03245152273	522.3660064012057	-384.1764476917662	2145.548013429074	433.0739564053287	-372.0986780405681	2056.532877164264	413.6482030616462	-407.1400793459296	2085.084692341637	300.5431711750375	-401.9557294639066	2209.239778747196	121.0183233260828	-373.6250898054305	2160.043263986252	21.82893270212427	-333.0283852528758	2337.318514813824	92.097583880215	-403.1740506851983	2416.931433335949	154.0812438896175	-303.4981206892193
2.04	1925.827452525102	1493.165598693828	-85.65237954876309	1909.258332496071	1498.552618937911	-429.6411381176255	1979.135404724542	1452.29616618146	-234.3388216359544	1978.410615141062	1452.76464352776	-285.1426265020621	1988.962783948222	1241.406259197908	-6.132365559912842	1959.415621246613	1147.446135934055	36.97923242397245	2083.24715884972	1062.50992264769	33.00600424994886	2166.762575175959	972.8724241642545	28.32322110705739	1874.087721558887	1277.128336190071	-515.0572021464027	1821.818670768014	1163.014948954746	-535.6519506153016	1869.120609963061	1033.509686480839	-567.7276390643349	1897.008837778321	921.0132179212226	-575.4138265986119	2006.018781807257	979.7820060292186	-119.2773278531139	2010.361351778902	991.2292508426996	-375.0068909920435	1797.19761384114	989.1323980747073	-213.9386878956869	1786.797620408408	963.4729505922405	-256.8570949376707	1798.421309778337	982.8102052620382	-304.7082170094725	1919.408243707049	746.3066609830557	-65.03860894804902	1810.829122167868	754.4530865439181	-63.36930941250687	1790.245572076694	632.4548166574141	-102.2540466650217	1801.564391430972	498.7500708761622	-120.6586019986342	1764.03761106225	405.1307851497933	-116.6051082337983	1702.1584332297	311.5515459127367	-119.7623001735292	1692.751717408665	448.0003829560604	-117.4588550196307	1625.949343831271	348.1046739546592	-125.0480654941106	1561.567416738274	152.0489753844029	-156.4405937040617	1458.230965931243	98.6271478484893	-206.56094930994	1632.976900727194	31.53141245062413	-117.5574005743602	1747.750063513966	44.33726709565074	-218.4180139417222	2095.770990652461	804.1549400358346	-397.8903319826371	2130.637350310518	679.5250186404055	-376.26338952204	2011.873821858532	782.6989934656572	-460.7155985727759	2030.268623246315	649.7982005845486	-428.7941458775657	2096.190097816574	521.9549653599058	-384.3558285916652	2158.101316863199	430.7033641864829	-371.8271141241185	2068.907307767281	413.1535760555741	-407.514071093503	2094.99923192095	299.3825986034538	-402.1282731296927	2214.718997009732	117.7950184198529	-373.4322345652653	2160.537212792579	21.97105914452145	-332.9822716475772	2341.06477191773	83.73465434104277	-401.8768820408276	2423.029238052358	142.3424679484446	-301.3497118125765
2.05	1938.747973795831	1493.179610714065	-87.74444162371705	1923.118776720461	1498.021495858538	-431.8629737348084	1992.589306436269	1452.377512537547	-236.3598615985121	1992.040023512545	1452.77829416331	-287.1667055476714	2000.869164624326	1240.978264697564	-8.26365981877461	1970.565045531262	1147.052137163156	34.43441553687313	2093.755441098791	1061.111680193024	31.03138917560797	2176.533457877998	970.7113826373238	26.65173062257275	1888.460369147489	1276.334875799513	-516.8413771443543	1836.253615830607	1162.0979791486	-537.1515132550473	1883.305688448381	1032.454989947459	-568.8333114188952	1911.049255936057	919.9056019268373	-576.039734982952	2020.41575089861	979.5483256261213	-120.1362824607663	2025.870130652459	991.2504233293912	-375.6064761605161	1811.937277919216	988.9885579533238	-215.7822689089181	1801.69482679639	963.3780461212958	-258.8476708675021	1813.472291995919	982.8098908158634	-306.6447690973411	1934.839447820187	745.7316223208068	-65.62196149956034	1826.327141533906	753.3191194364019	-64.70095672573444	1806.770446793865	630.9042898389146	-103.0554583662581	1818.259087375816	497.7715208202195	-120.0371706471495	1778.29208248369	405.2288023282242	-115.4921255019674	1713.512301737674	313.6008477764175	-118.6738112439399	1708.287163285065	450.2383784180838	-117.7493077881092	1638.529956388628	352.3683441277831	-125.2119805044339	1568.526165082971	158.119004286233	-155.4426450966052	1463.726519164573	109.7396578194319	-206.7339274008808	1633.371199344254	32.62208207132204	-117.3664908205589	1747.799185887539	44.11731613730278	-218.3189083684996	2111.177933960213	804.2986179474253	-398.2770874762305	2145.457413567219	679.5510506904316	-375.9641246202221	2027.525444177774	782.7870670198806	-461.487326156554	2045.247393204327	649.9836948100616	-429.0547450585325	2110.103805980196	521.7365467181911	-384.7390372922478	2170.514190624015	428.6535771150012	-371.7575401687519	2081.239637002655	412.9044853168493	-408.2136157377364	2104.936760807019	298.5243179259837	-402.6486176295239	2220.085803622478	114.864925401581	-373.5287799758449	2160.812482824872	22.46708246063137	-333.0970944326675	2344.467014759877	75.5530969278349	-400.8459005987297	2428.833115902561	130.7272457721155	-299.5137176748983
2.06	1951.635077087628	1493.383242796217	-89.81382105659677	1936.972214325248	1497.735964345321	-434.0552223854789	2006.017911587664	1452.673545292959	-238.3742304860621	2005.652132454775	1453.015533081531	-289.1780223144734	2012.65276352072	1240.691985471207	-10.42636763724878	1981.489626422781	1146.819017874891	31.84286589980299	2103.951585745208	1059.744728664662	29.06821790504745	2185.877720465734	968.4940482721809	25.03352724833297	1902.903978208574	1275.800619501315	-518.6772746068843	1850.859772460914	1161.404912771007	-538.7495352721734	1897.847763438613	1031.663424817737	-569.997821211648	1925.605919449727	919.1062695577148	-576.7125381756442	2034.848270667119	979.5053010707293	-121.0955971224307	2041.374365812548	991.5579785552908	-376.2108571608576	1826.729745486165	989.0363646766982	-217.6577055135069	1816.637387144917	963.5112246244707	-260.902764704327	1828.53009053273	983.0979859396216	-308.6354423212378	1950.807048042341	745.283186314766	-66.1126438752365	1842.340095392457	752.1079185667554	-66.01240015491729	1824.101363077033	629.1761019599558	-103.6334285628468	1836.032361314355	496.7030589833254	-119.1244502294839	1793.608188746352	405.4397500622659	-114.0986080366066	1725.888694009864	315.9156227011742	-117.3878249666645	1725.009301664848	452.5835474572507	-118.0834493238019	1652.287314143288	356.8822377604996	-125.5013133491111	1576.763557033259	164.6697063327407	-154.4332626247619	1470.85106954872	122.2710559209823	-206.942144830326	1634.037445692748	34.42652148687839	-117.2367186049427	1747.854690866821	43.73905951492241	-218.1805485038031	2126.334058360092	804.5523993400589	-398.9509747930516	2159.956635834891	679.6559532246298	-376.020308576276	2042.832901508998	783.0488966775317	-462.441644599508	2059.802999076202	650.3397494782575	-429.5165330266583	2123.793682466542	521.7331995429806	-385.3055107777008	2182.763749810344	426.9511140892706	-371.8673855941747	2093.532230775919	412.9319800421211	-409.2441924678099	2114.898676628428	298.015589110076	-403.5260913134114	2225.343091076144	112.2943391621486	-373.8655182062772	2161.066971377157	23.25133982404692	-333.3387762756611	2347.61042159071	67.83911670113835	-400.0782474451972	2434.313143254785	119.601526685426	-297.9992369956788
2.07	1964.468893581104	1493.775738977461	-91.83106271209607	1950.803475315661	1497.689553981047	-436.1864540966673	2019.397225064092	1453.168741985558	-240.3479781438121	2019.220533792768	1453.459969591238	-291.142294966498	2024.320244921872	1240.553982582225	-12.61141414325176	1992.215225358845	1146.753718976269	29.22093121706174	2113.853644889922	1058.416369949942	27.12079610277869	2194.810707456926	966.2316166427399	23.47145871644031	1917.425425745112	1275.521269788509	-520.5463923754473	1865.647781633627	1160.93659891574	-540.4450443789649	1912.76577959813	1031.135472758114	-571.2173921495496	1940.688692651803	918.6092944571742	-577.4355607418037	2049.263510136345	979.6308736470929	-122.17693289747	2056.784951724243	992.1569348265465	-376.8582709354774	1841.499250038349	989.2288568235255	-219.5198711226755	1831.548325808302	963.8406430431702	-262.979786386295	1843.516743818291	983.6582623915514	-310.6289802715374	1967.268956892536	744.9606780437662	-66.49692100117845	1858.827574548251	750.7855115289628	-67.26293468878741	1842.209466218592	627.2512073753547	-103.9389519567067	1854.888897526916	495.5304918036978	-117.9187382995034	1810.027376283136	405.7569323431736	-112.4363442537472	1739.359151588972	318.482925548816	-115.9150856554703	1742.967189364283	455.0134096819111	-118.4431490004946	1667.295987738459	361.6130891829682	-125.9106867394936	1586.399254871363	171.6724910159446	-153.4212367315743	1479.844144106294	136.1990239902045	-207.1469999049317	1635.113426662545	37.09988912209123	-117.1735935621027	1747.976875239184	43.15724061187366	-217.9965797358026	2141.188728983571	804.947545673992	-399.9106417739791	2174.123151787519	679.8832777823249	-376.4307734232963	2057.765386937293	783.4938793399818	-463.5892599863633	2073.945941978603	650.8853729998264	-430.1888570508542	2137.282750428228	521.9610444870004	-386.0168736450421	2194.809089949405	425.5911848573363	-372.122400614487	2105.752117875188	413.2553125613954	-410.5728787178865	2124.827910847291	297.8818160044156	-404.7275256519735	2230.427073578382	110.117774652881	-374.3726201088309	2161.40955520117	24.23745593030542	-333.6656054836728	2350.521399009328	60.82566851567734	-399.5572588206631	2439.399335074248	109.2627313766758	-296.8018621568741
2.08	1977.233326999121	1494.354409553806	-93.76627431431123	1964.597054373036	1497.873865792699	-438.2249815331863	2032.70472843951	1453.846044994977	-242.2455739999203	2032.719539472232	1454.093178958361	-293.0244881537106	2035.876156894564	1240.56914260515	-14.80101611338427	2002.767468225008	1146.860618159946	26.58821744776338	2123.479578873434	1057.134414338426	25.19546474731954	2203.34922258467	963.9369050834758	21.96702063247317	1932.034151386019	1275.489173297704	-522.4276209212062	1880.631829820538	1160.690809593714	-542.2367434172533	1928.079622270796	1030.87004250955	-572.4859707953656	1956.305098277453	918.4073169871754	-578.207201915428	2063.610798082791	979.9057249317653	-123.4006772784722	2072.013183607306	993.0457926485165	-377.5947251255311	1856.164500292767	989.5116352513653	-221.322656710911	1846.346623237645	964.3243604607449	-265.0323022746002	1858.353686040914	984.4606410614422	-312.5706449393693	1984.158960732715	744.7706960731609	-66.7682894979895	1875.72782465661	749.3310624409663	-68.41735694436309	1861.03658998789	625.1321522238609	-103.9421917155858	1874.798771743522	494.2596793120782	-116.4367486357343	1827.566533321732	406.1829471667711	-110.5348486834491	1753.977472784169	321.2877264997026	-114.2766218559976	1762.17731452623	457.5100472539694	-118.7996409517028	1683.602557349618	366.5246066589439	-126.4205036683901	1597.519012195032	179.0877246163801	-152.4137636130879	1490.901217766687	151.4311168826965	-207.3102744408287	1636.766927236307	40.77652193454859	-117.1762787114647	1748.258143109368	42.34479621821006	-217.7539998385111	2155.714711078994	805.514085727374	-401.1325185139131	2187.964565664982	680.2759982398591	-377.1646390799676	2072.321161992168	784.1298788480731	-464.9258655770756	2087.709408551643	651.637176420722	-431.0625982925125	2150.573415993	522.4202426323818	-386.8263756111701	2206.590089745271	424.544354235464	-372.4829095790293	2117.82946815669	413.8754643124043	-412.1317382587989	2134.623929221348	298.1234893465071	-406.1812204096572	2235.238505034067	108.3435868158979	-374.970488952155	2161.879013068136	25.33321867845331	-334.0353733085046	2353.188595714977	54.68483033140228	-399.2521048453003	2444.004817542832	99.93361281521614	-295.9021566879363
2.09	1989.915552504524	1495.113533119586	-95.59037867211234	1978.336560783843	1498.279245297288	-440.1404445374944	2045.919777656403	1454.688077299059	-244.0317978269957	2046.124989830892	1454.896190209155	-294.7906605382229	2047.322327874212	1240.739526929286	-16.96856744091563	2013.170348759988	1147.139984761251	23.96742721954514	2132.84690951826	1055.907131056664	23.30161660820083	2211.512092120617	961.6247074647722	20.52136814217499	1946.740050939454	1275.694088657929	-524.2982246230097	1895.827900613328	1160.662226375306	-544.1221944278086	1943.807711992059	1030.864688411362	-573.7952613234033	1972.459113439966	918.4926697654564	-579.0205382106458	2077.843397094494	980.3159619052614	-124.7809889059092	2086.978657866277	994.212833173141	-378.4670178868881	1870.64533210483	989.8290985100989	-223.0238572359446	1860.953179673338	964.915178447734	-267.0146559042898	1872.967867482649	985.4638974983018	-314.4081237930128	2001.388522057382	744.727840683033	-66.92768577769655	1892.959718265333	747.742120343194	-69.45273402204262	1880.497373876396	622.8468336692603	-103.6406254803332	1895.696615300943	492.9209940184455	-114.7145380832131	1846.215980503889	406.7321120187376	-108.4414822129562	1769.774781421467	324.3147398757614	-112.5051593242928	1782.618174194153	460.0630440697465	-119.1169246662296	1701.219245285998	371.579947261671	-126.9991790874554	1610.166123461226	186.8644315146928	-151.4195652908468	1504.152050107155	167.794627502076	-207.4056608601073	1639.192004066053	45.55321344106638	-117.2378728696606	1748.830682751372	41.30248838849761	-217.4302281058254	2169.901565268712	806.266120069731	-402.5774596326712	2201.491736531715	680.858877043298	-378.1698610914107	2086.513040926407	784.9554628828222	-466.431685475913	2101.126727788193	652.5991567699436	-432.1109937871893	2163.631690719583	523.0887680400461	-387.6888356247636	2218.030281788767	423.7640365832268	-372.9108471770471	2129.661734067799	414.7720854577353	-413.8266571198931	2144.159883662224	298.7161475856894	-407.7866628486896	2239.670324183521	106.9590261653031	-375.5812489192861	2162.465160568486	26.4529722501355	-334.4109101151828	2355.582807202838	49.52286052848996	-399.1206461946246	2448.047099836107	91.75934650586657	-295.2682369518297
2.1	2002.504967788584	1496.04370904292	-97.27656643575023	1992.004298819245	1498.895588792725	-441.9053000352611	2059.023881583173	1455.678233505581	-245.6737358465427	2059.414894341451	1455.850932182306	-296.4097512261348	2058.657717610787	1241.063696918831	-19.08031898207298	2023.444958155598	1147.587153894366	21.38385207020539	2141.972440980654	1054.743264510214	21.45217796589292	2219.320698749822	959.3121937236201	19.13641291833105	1961.551797192866	1276.124400779619	-526.1348967222561	1911.251807205247	1160.843140587013	-546.0965957286426	1959.964481997732	1031.116138300634	-575.1347743733542	1989.1498549228	918.8585312986947	-579.8634131129222	2091.918975235284	980.8552117196399	-126.321242905215	2101.616067428688	995.6337584424758	-379.5149237848324	1884.869731697615	990.1316355845586	-224.5900364411695	1875.297063205934	965.5666564186437	-268.8868254574078	1887.297432511681	986.6199923194889	-316.0976099936445	2018.852193927342	744.8546685998464	-66.98348421063223	1910.428058029384	746.0377980420453	-70.36371395436119	1900.485281070537	620.4492765231182	-103.0638374726653	1917.484961539432	491.5708319281317	-112.8056081264455	1865.939067537122	407.4302477983714	-106.2186522263378	1786.755889952569	327.5498675517413	-110.6448149158267	1804.228276416614	462.6713661549932	-119.3567057390683	1720.120341235418	376.7437333312636	-127.6067750102603	1624.337126381956	194.9398943965365	-150.4520894368272	1519.642312175787	185.0321281703573	-207.4304324111861	1642.602518278773	51.47297041043745	-117.3459064969571	1749.873855070281	40.06685634947524	-216.9902958652312	2183.747440385892	807.190951193695	-404.1987141631765	2214.70505658517	681.6255350329229	-379.3840669007268	2100.353551757762	785.9538434197816	-468.0732616190785	2114.212623280355	653.7549702413069	-433.2926990755988	2176.383831576967	523.9215386493645	-388.5677596194537	2229.042891800865	423.193316296139	-373.3758493519033	2141.122705862062	415.9041344192317	-415.5498279657663	2153.298602651397	299.6130338412966	-409.4278542812359	2243.628929520253	105.9346275008411	-376.1384754868435	2163.128980891109	27.5261110218844	-334.7633362985441	2357.673170816841	45.37869500973626	-399.1148288354144	2451.465314218623	84.8081326759763	-294.8617871472258
2.11	2014.99179361455	1497.131724204341	-98.80180998706396	2005.5812257394	1499.71316060056	-443.496193951723	2072.00090788598	1456.801491250425	-247.1427505008353	2072.56997038192	1456.941448165177	-297.8552278878351	2069.878763981532	1241.536541871473	-21.09862752572304	2033.608234257252	1148.192587110607	18.86463701160536	2150.872103169786	1053.652131458609	19.66351824877486	2226.799346781046	957.0192548495802	17.81583355725088	1976.475690278911	1276.768572434487	-527.914761987568	1926.917356532216	1161.224691876358	-548.1514112126398	1976.558122836293	1031.621145697207	-576.4918955160233	2006.370394978121	919.4999191121997	-580.7191398539535	2105.7995536962	981.5257354424593	-128.0110503245758	2115.880027000121	997.271376316387	-380.7641256238459	1898.780224759917	990.3829161433392	-226.0006625191565	1889.321315622995	966.2394573718138	-270.6188507242842	1901.2962962506	987.879486516337	-317.6091618210888	2036.436241828598	745.1806981695095	-66.95103745462376	1928.031722198633	744.2593760772363	-71.16516854136577	1920.881681017445	618.0171379155792	-102.2733276647987	1940.041481518268	490.2893564274329	-110.7760497633355	1886.673009864466	408.3117737433811	-103.9384474563179	1804.897454610941	330.9804012088117	-108.7483811976155	1826.907845072015	465.343566763579	-119.4838919277533	1740.241805964308	381.982992386792	-128.1994028418042	1639.982754974437	203.2392042538932	-149.5318732533266	1537.321221335556	202.8045916346087	-207.41402721888	1647.223468632145	58.51159293687606	-117.4824985656435	1751.620474020395	38.7144014687939	-216.3847881671201	2197.251486042001	808.2450946756351	-405.949055699178	2227.586959571166	682.5337556910067	-380.7448313007218	2113.843877152546	787.0902401916367	-469.8070372708237	2126.952824892422	655.0649563102161	-434.5562283024482	2188.725331456302	524.8551746155917	-389.4381812204496	2239.53859611564	422.7708665543391	-373.8590579479318	2152.074930643079	417.2137611533992	-417.1935113251183	2161.906395878092	300.7499944209545	-410.987991221162	2247.048509478034	105.2283601378777	-376.5935853204289	2163.819666543156	28.50129767838106	-335.0730456336705	2359.438460560287	42.22693396994323	-399.186789843218	2454.231803342237	79.0757115712526	-294.6445609015012
2.12	2027.365697460411	1498.360915931535	-100.1482513453947	2019.047516633847	1500.723274627252	-444.8951633852197	2084.837243347637	1458.044934661449	-248.4162943169617	2085.574135968288	1458.154757672244	-299.1065333855909	2080.980035573339	1242.149507589687	-22.98617891244803	2043.671830247338	1148.942838578554	16.43790938899723	2159.561004565179	1052.643815207202	17.9548442138128	2233.975402186218	954.7686600666267	16.56585265552292	1991.514935449981	1277.616543292719	-529.616275717167	1942.834827205145	1161.798304425973	-550.2732044600467	1993.588852159375	1032.377455134337	-577.8520200224893	2024.10694117314	920.4143841250716	-581.5677592721109	2119.451732673105	982.3382856005217	-129.8255764924464	2129.747382376416	999.0775990034299	-382.2212770715782	1912.338752072706	990.5663047226869	-227.2508339922959	1902.987503361592	966.9072191290991	-272.1941706994372	1914.937174098544	989.1973938282109	-318.9305051458544	2054.029309045255	745.740305853825	-66.85145467249717	1945.673434232235	742.4679555231339	-71.89126396712545	1941.566377838922	615.6460641422204	-101.3566379946487	1963.228906755558	489.174394036736	-108.6975369337504	1908.331017996102	409.4150640320195	-101.6760381283521	1824.148079403299	334.5934428743493	-106.872667550115	1850.523772454985	468.0960507852451	-119.471429765789	1761.483900144213	387.2667316942079	-128.7337686961701	1657.013956165541	211.6749899675632	-148.6872660816896	1557.037563608762	220.7031276570719	-207.4206201234184	1653.280897308682	66.56941277187752	-117.6238909725759	1754.360712536382	37.36020110943655	-215.549382289532	2210.408793822917	809.358423018133	-407.7854771092091	2240.101972496831	683.5103108289625	-382.1968261905415	2126.969142605407	788.3135647707207	-471.583938367732	2139.304209544442	656.4690235665112	-435.8451011401615	2200.538300422522	525.8170209054642	-390.2856432421505	2249.433684745845	422.4363223351459	-374.3538871583935	2162.383808959885	418.632472236953	-418.6629290792899	2169.865189901982	302.0519912175071	-412.3636606810163	2249.898626691626	104.7899502039777	-376.9184247077038	2164.487445696231	29.34684316804886	-335.3288855504342	2360.873287783968	39.98628547017744	-399.293950742382	2456.357106651946	74.49400089205923	-294.5823189967399
2.13	2039.614944493715	1499.711968503051	-101.304286577746	2032.383757299224	1501.918746027312	-446.0905768130227	2097.521989360813	1459.398016787374	-249.4794066804465	2098.414993614603	1459.481286716749	-300.1502387524213	2091.954836028647	1242.891071904993	-24.7103384254699	2053.64143928813	1149.822183989459	14.13176137143255	2168.053694253302	1051.729369645699	16.34718412717194	2240.879179380257	952.5859069323132	15.39568798463479	2006.669124977798	1278.66078766811	-531.2200318389666	1959.009737451746	1162.556973781489	-552.4430049632947	2011.047862529656	1033.3845877206	-579.1987684878251	2042.338547600264	921.6023361709168	-582.3875690277627	2132.847539044707	983.3106138349018	-131.7272768592356	2143.216885722573	1000.997534970237	-383.8720287101596	1925.529438424804	990.6893483013756	-228.352078726278	1916.278340374525	967.5611503130632	-273.611286692672	1928.21282930368	990.538680667865	-320.0686447587386	2071.533349529075	746.5695526798138	-66.70953843287501	1963.269359049738	740.7392664432175	-72.59064203736042	1962.42766749864	613.4415172365586	-100.4162678341229	1986.905732658309	488.3323415881744	-106.6398580449294	1930.805820095541	410.7771590408691	-99.5033147234716	1844.430344489916	338.3729095126588	-105.0734400511676	1874.916863060009	470.9496304124058	-119.3036239021845	1783.716370428659	392.5642618677742	-129.1714331111546	1675.311630953687	220.1476362535052	-147.9531402150537	1578.54578664056	238.2691903121843	-207.5440068394654	1660.991364834325	75.47003939291045	-117.7396090678314	1758.441504602155	36.14979203887258	-214.4069928522929	2223.208787787054	810.445276370825	-409.6707943389077	2252.202945588779	684.4637268087861	-383.6946680342645	2139.700381234764	789.5623388739656	-473.3540178513765	2151.204403192435	657.8949426480914	-437.103396203664	2211.711365362583	526.7358824662718	-391.102913755716	2258.657749930126	422.1352882867968	-374.863696267843	2171.932033089048	420.0884073158624	-419.8868331768086	2177.083584360757	303.4404467206328	-413.4769769687963	2252.185560040622	104.5654399068373	-377.1044627891534	2165.091906225357	30.04838172464648	-335.5262606525863	2361.989772807432	38.53326176262095	-399.4022162883846	2457.88841264116	70.94368523885728	-294.6452389020415
2.14	2051.726450388765	1501.16403974582	-102.2652063588462	2045.572534716725	1503.294074806658	-447.077701797176	2110.047265245002	1460.85255042304	-250.3256904800624	2111.084277743714	1460.914801960125	-300.9807818859815	2102.795515861501	1243.747373870115	-26.24673608404609	2063.516858905102	1150.814423015666	11.97299856877968	2176.36446634018	1050.920841145262	14.86210682548433	2247.543543595876	950.498684506881	14.31763232221346	2021.933795985417	1279.896826639505	-532.7094981757975	1975.44182195354	1163.496166581211	-554.6363985760825	2028.917009450128	1034.644213006382	-580.5142587481208	2061.037509779293	923.0670198033475	-583.1565595672203	2145.965837012426	984.4647369831064	-133.6696311004235	2156.306566099049	1002.974978016149	-385.6821641348969	1938.35897502982	990.7853180364987	-229.3309367203071	1929.198039796093	968.2125465001347	-274.8833683661579	1941.135447489115	991.8825807621108	-321.0489240802131	2088.872786120497	747.7022446121033	-66.55107029805612	1980.756628786368	739.1564222266386	-73.31817345932038	1983.370162072935	611.5091783648072	-99.55507126930397	2010.935709250109	487.8676050029345	-104.6647796202272	1953.974418155133	412.4286491288686	-97.48372970442732	1865.644674260261	342.2961460727158	-103.4013827462227	1899.910298244444	473.9249836293043	-118.9778037648704	1806.785586634935	397.8426663320226	-129.482584703005	1694.738056510245	228.5461877228182	-147.3677814403336	1601.522886406664	255.0218181965755	-207.8947826085958	1670.552160417085	84.96707588800865	-117.7919135206185	1764.258180666604	35.24406559173202	-212.8734736224654	2235.636644973543	811.4192962121184	-411.5725449464744	2263.840408489388	685.3011104664465	-385.2020915183891	2152.001463108818	790.7737174937029	-475.0704461216158	2162.586905001891	659.2699896299714	-438.2814546611019	2222.156519943724	527.5516703624884	-391.8864142392204	2267.160261815198	421.8236994996316	-375.3971228608278	2180.633125408697	421.5136316668282	-420.8248935071414	2183.506432557035	304.8405903251538	-414.284152420884	2253.94835944806	104.5016400635878	-377.159562038342	2165.606156918587	30.60533341384659	-335.6650354755841	2362.815743869326	37.71909183476032	-399.4873213938218	2458.902629088214	68.26998790098659	-294.8062119979127
2.15	2063.686784426129	1502.696050926879	-103.0333129739113	2058.600091508488	1504.845325640266	-447.8587932370231	2122.40859900215	1462.402393647633	-250.9575826826024	2123.578177939335	1462.451808620257	-301.6006878127163	2113.493477031617	1244.702964250133	-27.5813841886531	2073.292747123503	1151.904365575512	9.985632938024484	2184.507504042735	1050.230953512438	13.52035317854901	2254.003222534162	948.5359210825054	13.34672558773701	2037.300129643295	1281.323105063921	-534.0716618270135	1992.124224214655	1164.61420822328	-556.8243720286403	2047.169210661672	1036.159988527186	-581.7794180930402	2080.17053511391	924.814190702411	-583.8535095855533	2158.794080932674	985.8232922360512	-135.6020611524977	2169.049415778869	1004.958224119421	-387.6014174862235	1950.854605147646	990.9109744607763	-230.2253186893939	1941.770430669838	968.8925194711646	-276.0357626434765	1953.734182095621	993.2249798549169	-321.9114766718583	2106.000180906666	749.1658323207923	-66.39985661595823	1998.097328472037	737.8018205880933	-74.12453858050168	2004.319125547024	609.9453696299895	-98.86078579505397	2035.194641524448	487.8722527988008	-102.8223168964162	1977.703768751428	414.3893614578358	-95.66868341415442	1887.674814580079	346.3310730420213	-101.8994758221736	1925.318459311119	477.0376920225547	-118.5046692829672	1830.523012851304	403.0638268218734	-129.6491985957827	1715.147985098847	236.7498433328458	-146.9685217082476	1625.595561828822	270.489305299104	-208.5814910336929	1682.133193022067	94.75851823625041	-117.7362992580436	1772.234741110683	34.79797657965818	-210.8673855297416	2247.676478218226	812.2078637315316	-413.4604665669403	2274.971809328885	685.9443043981241	-386.6892772322751	2163.838216874551	791.8935150490295	-476.6926077787271	2173.396590754946	660.5328693170505	-439.3411482592541	2231.819452833499	528.2220674416908	-392.6339309909998	2274.915366217514	421.4709862794213	-375.96255547947	2188.442306879189	422.8505294603268	-421.471263561907	2189.121481073824	306.1879930475296	-414.779246901974	2255.251204756008	104.5499665929568	-377.103527606815	2166.017571293197	31.0274076915102	-335.7479386449462	2363.390742636048	37.38683349736638	-399.5348765106426	2459.496061444625	66.30014128142871	-295.039232974079
2.16	2075.483870884728	1504.287904893735	-103.6175096975058	2071.457767644481	1506.569648136362	-448.4426353959358	2134.605286443801	1464.042797475903	-251.3858392476029	2135.897460263439	1464.090441410188	-302.0202010726242	2124.038990513141	1245.741631282366	-28.71099928171641	2082.959779071981	1153.078730905701	8.189254624164683	2192.496824810622	1049.672423661676	12.34055197052647	2260.293829700931	946.726430902718	12.49999174658178	2052.754911204416	1282.940254692968	-535.2975361205247	2009.042957413847	1165.912086711625	-558.9748317317424	2065.76948093271	1037.936871153495	-582.9743524619582	2099.700541446231	926.8514919970094	-584.4586721990752	2171.330065700048	987.4055360767145	-137.4750832261572	2181.488142602058	1006.905016381448	-389.5691776597841	1963.059934769233	991.1401648463715	-231.0789885984802	1954.035186756632	969.6484639600831	-277.1017520499611	1966.051127317914	994.5782870584798	-322.7053900949944	2122.897503664939	750.9779540056219	-66.27509439597276	2015.278314134704	736.7493648323912	-75.04551167691534	2025.220851099011	608.828950351314	-98.39264195717919	2059.573848461333	488.4173125509335	-101.1495350509236	2001.857041496897	416.6652783293378	-94.09533700165235	1910.394580540929	350.4342659302392	-100.6013442050337	1950.955621501144	480.2933456862345	-117.9075268023494	1854.754530266896	408.1812066033621	-129.6672926348914	1736.39839250476	244.6295187857395	-146.7866962108711	1650.375388749856	284.2418073813185	-209.6889847237373	1695.870811861862	104.5070992706341	-117.5236821228417	1782.790869209163	34.93513017604248	-208.3234718489782	2259.31506452085	812.7625865029772	-415.3043078340484	2285.568373987956	686.3414087232201	-388.1303529745604	2175.18702204918	792.8846179595507	-478.1884389294071	2183.601273153125	661.6429685606208	-440.2597931122217	2240.682457519476	528.7255936201623	-393.3442225809283	2281.92426236152	421.0615954730328	-376.5634893539865	2195.362476617373	424.056539457321	-421.8537502327404	2193.961214294194	307.4335639407344	-414.9925177287264	2256.174058132293	104.6692741718562	-376.9634398122491	2166.326111800868	31.3316970229561	-335.7796587022227	2363.761088259554	37.38611518658016	-399.5395928674635	2459.773052890161	64.86056046039766	-295.3191336551293
2.17	2087.108990305916	1505.92138300831	-104.0324271914978	2084.143059037508	1508.464399303882	-448.8435507970386	2146.640560741295	1465.769419598549	-251.6283050249442	2148.047377470566	1465.828982613157	-302.2562983982563	2134.42104927977	1246.847223623044	-29.64163390852579	2092.505953534253	1154.326417707689	6.597530292836404	2200.346110209282	1049.25695936178	11.33814376600586	2266.45058475626	945.0971960659374	11.79528140430753	2068.280799412511	1284.749854998449	-536.3824670346131	2026.176675655756	1167.392646495051	-561.0546578337047	2084.676505764106	1039.979994809157	-584.0787974562704	2119.588675940097	929.1874871593116	-584.9540891260438	2183.583106768907	989.2236265862451	-139.2449190025374	2193.669772170543	1008.785609035589	-391.5211354791992	1975.029035785406	991.5536438241609	-231.9349115074519	1966.042709081611	970.5372088119589	-278.1172083118112	1978.136232691667	995.9684771460372	-323.4813650548068	2139.573014542086	753.144357672692	-66.18967491314478	2032.307253762874	736.0579662097299	-76.09308231282759	2046.039486723895	608.2157713730918	-98.17257880934332	2083.980505250859	489.5466145093449	-99.67126801478041	2026.300047378957	419.2467946963594	-92.78559189130833	1933.675544371065	354.5499058333107	-99.53000436473596	1976.644265108894	483.6830630388941	-117.2203689783377	1879.310151037228	413.136563334282	-129.5477836208594	1758.357284728798	252.0486401499045	-146.842312376185	1675.497698718728	295.9207941951039	-211.2583112427312	1711.862969476073	113.8636064868585	-117.1046661578771	1796.297650633627	35.7219702587236	-205.2081735681965	2270.545361867508	813.0638485170618	-417.0734687101677	2295.618741398204	686.4715966812113	-389.5024576257426	2186.040893052043	793.7315494698862	-479.5361654255421	2193.197123520584	662.5850365623951	-441.0317904609871	2248.760943593395	529.0612167036561	-394.0181359997641	2288.214729028267	420.5946859140158	-377.1961532998392	2201.443519152147	425.1066935980483	-422.0283609813858	2198.098555558469	308.546464759219	-414.9836844646491	2256.803373609863	104.8275047950423	-376.7693605178081	2166.54129317497	31.54027045398239	-335.7663957961402	2363.97498727574	37.58407534275774	-399.5038940387195	2459.835664357646	63.79166105367499	-295.6225262684779
2.18	2098.55865949459	1507.580551625919	-104.2972004889075	2096.660187427742	1510.525880304376	-449.0799752862754	2158.521497638362	1467.577095875847	-251.7081564578698	2160.037423936588	1467.664232341692	-302.3311364243131	2144.627613100104	1248.004387475043	-30.38607146558453	2101.91794299609	1155.638235341179	5.217088941590229	2208.06841956231	1048.994018981323	10.52457897424748	2272.506812005463	943.6713801166806	11.24987001814707	2083.856931415253	1286.752849635511	-537.326185637874	2043.496851017855	1169.059229037869	-563.0321001219143	2103.844612934715	1042.293253973572	-585.0726490328768	2139.796088204846	931.8303245190341	-585.3236107836801	2195.573959599258	991.2796805598891	-140.8771231383407	2205.640771954857	1010.583400789935	-393.3959799574657	1986.819580793501	992.2264963556013	-232.8285346566296	1977.84829093881	971.6155095120871	-279.1149585777174	1990.041818291727	997.4294457360159	-324.2840451336254	2156.054668772502	755.6585934985936	-66.14991644395886	2049.206100542976	735.7670539973517	-77.25030547735491	2066.751472558291	608.1361157038	-98.18264146405627	2108.335785137258	491.2735129930113	-98.40180762759869	2050.907356673403	422.1081394337399	-91.74609795240086	1957.395160046715	358.6094725271107	-98.69677999168533	2002.22262805022	487.1798853185303	-116.4848905445942	1904.03335573473	417.8572226022098	-129.3154562004756	1780.912375601898	258.8627781056243	-147.1388192546596	1700.658147900241	305.2611240678623	-213.2725759576787	1730.164664245754	122.4897458870224	-116.435740919922	1813.029195568826	37.1472257568759	-201.5339295474898	2281.369311166187	813.1193031522923	-418.7389869834979	2305.129651008952	686.3433173082103	-390.7866341579726	2196.412061102052	794.4402018567405	-480.7253762162775	2202.208022370405	663.3686864805586	-441.6675133456195	2256.095683207172	529.2450032439395	-394.6602333144928	2293.837666718026	420.0820144758619	-377.8499883612344	2206.774407859163	425.9937613409884	-422.0697201976195	2201.636368663119	309.5146317363692	-414.8311946485849	2257.223959566049	105.002114696405	-376.5506849054948	2166.678687319852	31.67800904873679	-335.715589139284	2364.078323392537	37.87210266990689	-399.4360279573658	2459.775664465885	62.95868296769781	-295.9291574509944
2.19	2109.835990460489	1509.251634799197	-104.4340263936689	2109.020103390227	1512.747752428627	-449.1727595528	2170.258732081631	1469.458533507573	-251.6518485856755	2171.880998779353	1469.58997387681	-302.2701167317128	2154.646596318515	1249.199130784114	-30.96062647724992	2111.18242724952	1157.006224116911	4.046988977756929	2215.675710434319	1048.889435498688	9.906812483160467	2278.492497124267	942.4662999538796	10.8790266504846	2099.459906113897	1288.947782982812	-538.1325908950772	2060.968538713417	1170.913879314765	-564.8792220773551	2123.225943583247	1044.877753192064	-585.9365446029277	2160.285071509218	934.7860678191425	-585.5527287340999	2207.333004260852	993.5638434803777	-142.3490847577988	2217.44312341077	1012.293166779211	-395.1413978344169	1998.485997278878	993.2153886394776	-233.7821993641014	1989.506233282325	972.9294029366031	-280.1197446059234	2001.817280386711	998.9954623518427	-325.1453216391449	2172.381559074666	758.5032886823515	-66.15669215048709	2066.003547831088	735.8944574567571	-78.47105524741475	2087.339223838736	608.5948623395552	-98.36887004531712	2132.571950159096	493.5804289064407	-97.34672653855613	2075.567499434347	425.2077110710716	-90.96926093477286	1981.444322224376	362.532442978519	-98.10051146797282	2027.55090523525	490.7367299063854	-115.7468355760051	1928.788995853372	422.2551314149169	-129.0058491850071	1803.979093652019	264.9191645778784	-147.6587997753888	1725.640568503259	312.1022593268693	-215.6523771753337	1750.783170171427	130.0778116098813	-115.4863832105355	1833.122224405993	39.1133510716976	-197.3678320499763	2291.799440496474	812.9576833671438	-420.2771627416581	2314.124384584495	685.9876145227768	-391.9696937404824	2206.330998332385	795.0332206784717	-481.7571530843242	2210.680373223679	664.0232781168515	-442.1896747941659	2262.743375528762	529.304644205636	-395.2798154640384	2298.861000726873	419.544267808923	-378.5105768107625	2211.469240415587	426.7261816125792	-422.0586998194732	2204.69244796619	310.342872359541	-414.619157412305	2257.512493512367	105.1793692163153	-376.3332547582676	2166.756620503136	31.77060627794489	-335.6356791532908	2364.111479935524	38.16867077330471	-399.3478568280702	2459.669203656716	62.25763702057423	-296.2229893509191
2.2	2120.951204650862	1510.922384542181	-104.4666213297105	2121.239896073609	1515.119282287214	-449.1434072647559	2181.866111598436	1471.403081011787	-251.4869860705346	2183.59499049008	1471.595710489103	-302.0998224483398	2164.467665974437	1250.419090643396	-31.38203997253528	2120.287336943143	1158.422674108927	3.078862721066725	2223.178235749185	1048.944039984072	9.487086595243175	2284.433238263715	941.4916611157339	10.6947489397033	2115.065121384018	1291.329007714215	-538.809282984992	2078.551870446639	1172.955258300489	-566.5739939902526	2142.772568792351	1047.730278352865	-586.6524716199906	2181.019274879153	938.0568220932071	-585.6283522515241	2218.896785988581	996.0534809300032	-143.6513989862865	2229.111548383332	1013.917438761953	-396.7187889363137	2010.073701357402	994.5482366160004	-234.8017105200799	2001.064641573521	974.5045505272021	-281.1445778611658	2013.504482285581	1000.693128937346	-326.0797572818872	2188.594940319727	761.6521855989099	-66.20712570673221	2082.727903207967	736.4365213485851	-79.68484390178145	2107.785646211615	609.5736549237474	-98.65067828071324	2156.62918341882	496.4210102064604	-96.50439097487296	2100.186455570592	428.489296668236	-90.4351701694919	2005.732930314716	366.2287443407334	-97.7273608106568	2052.515473445635	494.2866494243817	-115.0521207604698	1953.468782101516	426.2289392120659	-128.6602871677017	1827.505871611565	270.0584220955105	-148.3618838075462	1750.331303904418	316.3870552139662	-218.262614445921	1773.67450260822	136.3659461851806	-114.2452729413466	1856.556610411556	41.44491618107116	-192.8306726975554	2301.858881797972	812.6200486492319	-421.6732952845886	2322.639613427764	685.4489892442126	-393.0456573221053	2215.842580844792	795.5425701056679	-482.6429681783293	2218.675379256058	664.5896898245564	-442.6280187703842	2268.767904814728	529.2730472710793	-395.8904840210168	2303.361970835855	419.0064804861988	-379.1637639568984	2215.650060163543	427.3242926879408	-422.0693143489431	2207.383169050216	311.0489143539579	-414.4240674390279	2257.732902391001	105.3527515810119	-376.1372621765009	2166.793479368738	31.84280212291998	-335.5358191238342	2364.107345003058	38.41896105411038	-399.2525600863936	2459.573997856866	61.61638827433793	-296.4926554162487
2.21	2131.921161732671	1512.581005468801	-104.4186890009167	2133.341682568525	1517.623681710545	-449.0125010226625	2193.360324070957	1473.395681628965	-251.240304970371	2195.199235230959	1473.665754333993	-301.8460514560951	2174.084466172401	1251.653312744316	-31.6651069163221	2129.222968039612	1159.878923611903	2.297741670088456	2230.584097306022	1049.152434820166	9.262983909500056	2290.349794134186	940.7482893775677	10.70480424870943	2130.648297336853	1293.884992706365	-539.3668732264612	2096.204171187158	1175.176470227795	-568.1016914276628	2162.438257627427	1050.841907709823	-587.2044043033582	2201.962955046144	941.6389192368263	-585.5386460762072	2230.303729759991	998.7136302609811	-144.7880369746708	2240.671940098598	1015.461906382688	-398.1062911532626	2021.615217338269	996.2185108115063	-235.8756285058613	2012.561591511726	976.3396917045662	-282.18900377647	2025.134359018258	1002.534487236593	-327.0828721600994	2204.730100787579	765.0719369556916	-66.29582075935943	2099.401491600203	737.3699337841485	-80.80583643779364	2128.070421017425	611.0342750291188	-98.93371661334302	2180.452350938026	499.7246379856639	-95.86713143696163	2124.688666863998	431.8845171230269	-90.11426062130386	2030.192189370169	369.6036924882305	-97.55154423617398	2077.03062119268	497.745895784534	-114.4430835472074	1977.993691587836	429.669615640912	-128.3197709401995	1851.475018355605	274.1204606482053	-149.1860946242105	1774.718670741551	318.1492062420423	-220.9296978388753	1798.744430164244	141.1490688114098	-112.723750764226	1883.163976109878	43.91366625007169	-188.0851269197137	2311.579709561342	812.1506230208056	-422.9239515133706	2330.721293866663	684.7760894988126	-394.0157006809962	2225.000592313328	796.0012656105998	-483.4022673326898	2226.260696317628	665.1110523953951	-443.0134019299379	2274.233911826521	529.1823200935654	-396.5079178325087	2307.419317512761	418.4934333670991	-379.7993220394648	2219.430343288675	427.8156143604538	-422.1572584647494	2209.809410403049	311.6582612192057	-414.3036137599419	2257.933715144752	105.520865355595	-375.9759091778373	2166.805836576033	31.91686233377121	-335.425427894658	2364.090490511003	38.59215586146082	-399.1625029330143	2459.528695205197	60.99170396104029	-296.7312048546182
2.22	2142.768017525202	1514.21476726587	-104.3124891250311	2145.351160870522	1520.236855427251	-448.7985390757046	2204.760431729873	1475.416100128863	-250.9359148411977	2206.715785331056	1475.778696078267	-301.5321009933788	2183.496531394149	1252.89134031184	-31.82150927775683	2137.982981542365	1161.364030671677	1.683473761522632	2237.899277036068	1049.502072255329	9.227742208260194	2296.258309984349	940.2274567520287	10.91218794163525	2146.186937966494	1296.596871673834	-539.8181064394896	2113.882298804574	1177.563118915155	-569.4554709262993	2182.179644495403	1054.196839608852	-587.5789614780107	2223.079738912933	945.5214988533282	-585.2729651713863	2241.590258320854	1001.498780489569	-145.775180022603	2252.140916885098	1016.930804066869	-399.2998950150092	2033.128546406821	998.1852379570273	-236.9772386580005	2024.023026769639	978.4046058855931	-283.2393387905452	2036.725194477564	1004.512575670075	-328.1324163862746	2220.810235324776	768.7231789861165	-66.41545071051242	2116.037276773385	738.6546667648377	-81.74442788476415	2148.168150083291	612.9226042150103	-99.12376546589769	2203.987649944863	503.4028202710423	-95.42226867513412	2149.015305375704	435.3169213693895	-89.97046389846429	2054.77324180202	372.5653677036195	-97.5372144190288	2101.037475705232	501.0197135986351	-113.9551684220393	2002.31309791425	432.4689791575545	-128.0189288497735	1875.899388636488	276.9544413927446	-150.053041273045	1798.880011153012	317.4927172483312	-223.4651957070624	1825.856714394046	144.2858709597282	-110.9553141028565	1912.661291376423	46.27415099304992	-183.315506485093	2320.999908421803	811.5889681672936	-424.0368155489009	2338.420387371446	684.0138971217989	-394.8863912551234	2233.861957959163	796.4361874680208	-484.0589715122283	2233.503116077006	665.6244683235808	-443.3722956951964	2279.203250092768	529.0591882906817	-397.1463125744483	2311.106797868432	418.0257764409896	-380.4127824518746	2222.90274426289	428.2300413935326	-422.3522391026965	2212.047536361776	312.1989731984229	-414.289519840526	2258.147368761753	105.6852474684469	-375.854780947939	2166.807437401197	32.01119564512019	-335.3134775729346	2364.077405271304	38.67730181085561	-399.087510524408	2459.554042178029	60.36355853461021	-296.9352936597003
2.23	2153.517354760384	1515.808576456436	-104.1675760398456	2157.29608525984	1522.926810238238	-448.5172850800208	2216.087226203914	1477.438545180931	-250.5939201491551	2218.16799336937	1477.907311338373	-301.1774180959781	2192.710210316573	1254.121602244957	-31.86000068183053	2146.565305619093	1162.863490402829	1.212548995350177	2245.128336726693	1049.972812277638	9.370818303498162	2302.171203190354	939.9108102121063	11.31507683360009	2161.661548396553	1299.437437164932	-540.1768618134951	2131.544735511304	1180.091910774509	-570.6361526209229	2201.956699105187	1057.771508685893	-587.7660340165453	2244.331615491223	949.6857078825695	-584.8218393076913	2252.788214303047	1004.355716094996	-146.6387614953906	2263.526384259041	1018.323156739925	-400.3125715831432	2044.617748220678	1000.378221388396	-238.0685848922485	2035.4623098258	980.6427448016379	-284.2705482522455	2048.282692368528	1006.600020978935	-329.1920725374921	2236.843291349988	772.5610746943488	-66.55745713946985	2132.637824358541	740.2375408892026	-82.41939071962462	2168.047979642917	615.1727550272055	-99.13934253479357	2227.179405562125	507.3566766475964	-95.15317911160724	2173.12030941037	438.7076067970162	-89.96460399257464	2079.44289542506	375.0332200916988	-97.64144759642306	2124.500262860069	504.0099835219074	-113.6143185022478	2026.401170676389	434.5294304481176	-127.7813561484156	1900.81656169176	278.4306877001728	-150.8762002776628	1822.961197520315	314.5678997008835	-225.6903970214966	1854.848131637827	145.7021275582537	-108.9909934895945	1944.698499350298	48.30113973400231	-178.7039175769471	2330.159616130705	810.9645807213135	-425.0281075760379	2345.789112726318	683.1983045422867	-395.666784272459	2242.481903149304	796.8633009320552	-484.6374482698379	2240.463405276047	666.1551199630061	-443.7226155725641	2283.73400521679	528.9223431737448	-397.8145763692229	2314.488944154299	417.6172716164517	-381.0048777816035	2226.133319003139	428.5957064298598	-422.6554623616212	2214.146660457683	312.6973220017231	-414.385534742677	2258.391256738394	105.8484563661587	-375.7719363876669	2166.808939323422	32.13907313031034	-335.2075273542351	2364.077561476688	38.67852661368706	-399.033736471504	2459.655346594785	59.72809436772217	-297.1041414696061
2.24	2164.196221060663	1517.343856994336	-103.9997850868767	2169.204904587177	1525.653887789289	-448.181597943213	2227.36240577441	1479.431855545678	-250.2295187254998	2229.5795114123	1480.019013272949	-300.7967253004454	2201.738479757213	1255.329483803032	-31.78764831727281	2154.97291482004	1164.358254042354	0.8600734396977163	2252.275761138318	1050.537121323394	9.678644394483811	2308.09850110659	939.7708730386272	11.90724469608215	2177.056520121621	1302.37082468851	-540.4571183259054	2149.153166292402	1182.730034590872	-571.6512872258506	2221.732604138411	1061.534103500655	-587.7593088249712	2265.678574894067	954.1045536758154	-584.1769717987029	2263.923717882631	1007.226835620642	-147.4110533770599	2274.828996538228	1019.630497099263	-401.1715086508581	2056.075405038489	1002.706797685047	-239.1055741609831	2046.881094725234	982.9775129833811	-285.2492376666858	2059.801579134616	1008.750566663063	-330.2165940219724	2252.821946189601	776.5357231751468	-66.71341263548895	2149.196126087155	742.0560572838076	-82.76860527694103	2187.674312906998	617.7110715218009	-98.92127929810624	2249.967660073964	511.4843900549561	-95.04043539513691	2196.965272794225	441.9813796041364	-90.05779209338213	2104.178054216185	376.9458698357747	-97.81793246214784	2147.40061222416	506.6231146561271	-113.4352154109302	2050.251763260034	435.7725443193413	-127.6171746628865	1926.282186404632	278.4519444305421	-151.5705909534436	1847.153776290012	309.5484273024177	-227.4568868021053	1885.546839359098	145.3906980776266	-106.8914991600751	1978.907191648413	49.82108226478967	-174.4078193878887	2339.097447391192	810.2942763668801	-425.9183418698365	2352.878068191176	682.3532651772923	-396.365256721813	2250.910660283063	797.2856959918474	-485.158751467722	2247.193614437297	666.7133691044996	-444.0715295211667	2287.881364979607	528.7817453540761	-398.51342168979	2317.619368084664	417.2733521201035	-381.5789825792897	2229.162611653676	428.9359948688877	-423.0425278510676	2216.131792812609	313.1747900874876	-414.5706173634114	2258.670152017159	106.0127068973474	-375.7187544395967	2166.818111728078	32.30769801689068	-335.1127533282428	2364.09498177796	38.61020032577088	-399.0032253190004	2459.825726894566	59.090595167423	-297.2385497584639
2.25	2174.831420670757	1518.79804187498	-103.8205666515139	2181.105668347588	1528.371904657868	-447.8016309710156	2238.607682923442	1481.360403666867	-249.8526436317117	2240.973309499528	1482.07693117542	-300.3997029113276	2210.600087058605	1256.495763793588	-31.61152115281114	2163.214401374551	1165.824314530338	0.6016139054141386	2259.34765449312	1051.160993618916	10.13547904254157	2314.049252465898	939.7720965184647	12.67877694063268	2192.360610845436	1305.353076619694	-540.6719781356097	2166.673533540301	1185.435496853962	-572.5136490479376	2241.473286868267	1065.44464663996	-587.5566546141033	2287.078904131948	958.743378489613	-583.3312927621037	2275.017044182809	1010.053352020373	-148.1267956850579	2286.044313543894	1020.836282529913	-401.9138248158753	2067.486474757357	1005.070010012729	-240.0430713192305	2058.271212382062	985.3205639898645	-286.1372097442463	2071.268278486777	1010.903025245627	-331.1573147353724	2268.725799373247	780.5927563437062	-66.87668242575567	2165.697497503847	744.0422612238297	-82.75671857065691	2207.008315414953	620.4598471071289	-98.43829615831693	2272.287268151621	515.6874701292148	-95.06293787990933	2220.514471152184	445.0719714644184	-90.21449868706844	2128.960571472694	378.2660694652066	-98.0207015677677	2169.731062692939	508.7764123847204	-113.4203694345512	2073.873072388644	436.1443652217089	-127.5229094717903	1952.36317328338	276.9622115706639	-152.0619101563474	1871.673695834621	302.6131535541669	-228.6601746201629	1917.789609255264	143.4088156174213	-104.7177968239942	2014.940160507008	50.73277065434148	-170.5426301308284	2347.847600392807	809.5821427828264	-426.7275533586234	2359.734198014647	681.4902161732598	-396.986884153953	2259.191706700254	797.6941167469008	-485.6379321667952	2253.736478096126	667.2948032811341	-444.4154426992616	2291.699558815828	528.6396336623467	-399.2340485776045	2320.54139070923	416.9911152302657	-382.1376132025216	2232.012233311688	429.2678909695468	-423.4708871924416	2218.011212309657	313.6464909581458	-414.8062722495724	2258.979572664568	106.1791955708436	-375.6815424958571	2166.840110813036	32.51803312064851	-335.0313676499488	2364.129932863699	38.49244047274367	-398.9941591077568	2460.049767134103	58.45963554563244	-297.3401419964042
2.26	2185.448237874793	1520.144869291048	-103.6367525116197	2193.025151321264	1531.030193305875	-447.3852633805205	2249.843943498726	1483.185745654389	-249.468153424106	2252.370752210685	1484.041569631774	-299.9912226839053	2219.318460637997	1257.596031249339	-31.34019607452593	2171.304202739262	1167.233068823167	0.4147011645870891	2266.353259844757	1051.805564931814	10.72425497919571	2320.032638740203	939.8724845632075	13.61689859713455	2207.566965166618	1308.333656696439	-540.83284773208	2184.07669899179	1188.158573196087	-573.2393958302553	2261.146884397941	1069.455801606989	-587.1603740462256	2308.490033367984	963.5609695384912	-582.2791309660749	2286.08300135345	1012.778046940442	-148.8193760714333	2297.165361242371	1021.916924352314	-402.5814031533153	2078.832907515646	1007.366383623238	-240.8391495655551	2069.61737437354	987.5804831544654	-286.895118381307	2082.664174384522	1012.986923993583	-331.9671372712739	2284.524596291457	784.6743694291636	-67.04358745593655	2182.121855159606	746.1265457090375	-82.37869651459603	2226.00993991296	623.3407369479785	-97.68837776544044	2294.068988241933	519.8750948346494	-95.19895175026451	2243.731244175743	447.9251011899876	-90.40490659192443	2153.773734742665	378.9816286082133	-98.20727307660525	2191.489091495454	510.4017417488018	-113.5599914103134	2097.282916368722	435.6163423455868	-127.4832679581057	1979.130672374164	273.952333674056	-152.2935919701293	1896.743578867111	293.9348068149329	-229.2454902427637	1951.434165561777	139.8730426211134	-102.522072046652	2052.496489011508	51.0154096112995	-167.1713397629617	2356.43814765561	808.8215255541353	-427.4710967375541	2366.399462863134	680.6092507851829	-397.5319359190876	2267.361236984071	798.069406371995	-486.0828629060932	2260.126253969914	667.8827205827947	-444.741846774519	2295.243980978948	528.4927918563127	-399.958648615505	2323.290328504835	416.7606649977932	-382.6792411449261	2234.694347495659	429.6016171674169	-423.8901005757391	2219.785665891322	314.1209475609541	-415.0461856655052	2259.309590344154	106.3480792555191	-375.6437926041895	2166.877657584184	32.76558365813435	-334.9626700290946	2364.180454645208	38.34722465614536	-399.0016731646451	2460.307261058763	57.84310840983244	-297.4108681655646
2.27	2196.069611216694	1521.355566328556	-103.4507906938267	2204.988088274516	1533.576423457292	-446.9386264828916	2261.090491642026	1484.86887745398	-249.0764959987569	2263.790754401996	1485.872902522019	-299.5720357792731	2227.920499346396	1258.601359972573	-30.98464664535027	2179.262339729763	1168.55256420219	0.279888772219524	2273.30575541551	1052.429299794968	11.42734575167201	2326.058563779941	940.0258294225312	14.70679823581809	2222.672719424627	1311.25787376122	-540.9488687603279	2201.338884604152	1190.844458129986	-573.8461922078086	2280.723399800223	1073.514538478056	-586.5772886361428	2329.869888892759	968.5113301408389	-581.0165192567301	2297.131470461009	1015.347557248182	-149.5175098571456	2308.185296725461	1022.84419477446	-403.2156160260442	2090.098199729582	1009.502208333182	-241.4581150340676	2080.900493485485	989.6706064274833	-287.4858718170824	2093.968995144384	1014.928981255051	-332.6044202261476	2300.181960045781	788.7208688974634	-67.21365139679803	2198.445918130351	748.2414153244058	-81.65898365661005	2244.640232250563	626.2778547781269	-96.69636193537751	2315.242697453593	523.966481146819	-95.42706150428492	2266.576647229873	450.4990395534822	-90.60623545506402	2178.600827212281	379.1023690222719	-98.34083105870641	2212.67290553228	511.4463860834809	-113.8326146522878	2120.505035794206	434.1823448648265	-127.4741694784412	2006.65285621038	269.4618549492197	-152.230842246504	1922.578608214682	283.6757476636468	-229.2064602594443	1986.364547287638	134.9517015321301	-100.3408447063401	2091.331509415484	50.72464943754327	-164.301659508269	2364.890608776273	807.9983967681649	-428.1568628977169	2372.910153665534	679.701499305115	-397.9957574848285	2275.448540626162	798.3862819030514	-486.494514834655	2266.390366160941	668.4522262484604	-445.032388409766	2298.572521064328	528.3354487520202	-400.6626370725249	2325.896477640418	416.5674238244008	-383.1964364570556	2237.221076948501	429.941361580463	-424.2524834150879	2221.456909217616	314.601053470108	-415.2459765991474	2259.648459603125	106.5188781452098	-375.5887765898794	2166.931261418851	33.04195109570323	-334.9036817231781	2364.243567037566	38.19529106496477	-399.0190488369192	2460.576696276727	57.24623353740097	-297.4527546028355
2.28	2206.715630269475	1522.400871747855	-103.2614243943418	2217.016426578209	1535.959987141656	-446.466609635274	2272.364360829495	1486.372866515846	-248.6747118187058	2275.249091791089	1487.532771759631	-299.1397762878719	2236.435227380334	1259.48020949337	-30.55833133093194	2187.113562882117	1169.74958394912	0.1813422290980963	2280.222061675976	1052.990591521478	12.22719012086543	2332.137678018757	940.1845115715946	15.93239563244441	2237.678325442525	1314.070099165094	-541.0266622134923	2218.442034631904	1193.437004112655	-574.3515658243753	2300.174820228385	1077.564768997526	-585.8185145709483	2351.17872024084	973.5460626523701	-579.5416050381249	2308.168039683502	1017.714386322748	-150.2427853514092	2319.099852037849	1023.588668630659	-403.852701855245	2101.271046339242	1011.397879592696	-241.8723379025467	2092.101274170583	991.5152963900434	-287.877579028035	2105.163877640632	1016.659566799734	-333.0355802807292	2315.659670821493	792.6726557411089	-67.3890544893972	2214.645088346915	750.3251327087318	-80.64666020430782	2262.863784164912	629.2005577954498	-95.50852872345379	2335.742508652685	527.8917989206299	-95.72712299914741	2289.010735586811	452.7632840240746	-90.80297833613454	2203.425523576122	378.6543781439752	-98.39140029451497	2233.279904431341	511.8720399669709	-114.2065380644534	2143.566503867884	431.8534601947675	-127.4663608503909	2034.98808330765	263.5765519413602	-151.8612646396222	1949.37495829505	271.9893050455714	-228.5783354658995	2022.489354363606	128.8542789215984	-98.19138819925178	2131.254256593843	49.97855333377521	-161.8901759410674	2373.220694055831	807.0954188061014	-428.7843693651852	2379.296852014911	678.7522534159215	-398.3699540424891	2283.476817757972	798.6177435108661	-486.868319328478	2272.551306911428	668.9750064235517	-445.2664397213803	2301.745334013019	528.162066260238	-401.318234123005	2328.387867594679	416.3948613552079	-383.6758679987689	2239.611278026293	430.2867245160074	-424.5216707031938	2223.033628655438	315.0858159417044	-415.371051051827	2259.985440018123	106.6909783223669	-375.5019975387079	2166.999652424363	33.33672844701456	-334.8501286698488	2364.316102209157	38.05393797304549	-399.0390431212111	2460.83814408014	56.6711679682345	-297.4678545704858
2.29	2217.40314139499	1523.253693871844	-103.0647251182225	2229.12854538434	1538.135689459468	-445.9732747313145	2283.67970764954	1487.665638703603	-248.2576346148872	2286.757968645659	1488.987523323371	-298.6901354347801	2244.892353967949	1260.201321205518	-30.07654817377905	2194.885884060179	1170.792390213287	0.1069599423735042	2287.121716945023	1053.450599412977	13.10675344633017	2338.280898077091	940.3026653043661	17.27702465116982	2252.586740147969	1316.717596188647	-541.0704031668074	2235.374177335882	1195.883188281402	-574.7716770585696	2319.476015421676	1081.551014725262	-584.8987228521225	2372.381222025038	978.617220383122	-577.8551417656548	2319.194836569096	1019.838898023899	-151.0083360751005	2329.909234849022	1024.12372584526	-404.5204216284933	2112.347568575187	1012.992199304444	-242.0631489685192	2103.203564972578	993.0545460164979	-288.045953010307	2116.233803047544	1018.118514526723	-333.2365838430208	2330.922489566945	796.4726099576412	-67.57366159760221	2230.694977255605	752.3249009205751	-79.40753765644492	2280.65137080999	632.0460004923923	-94.18514545744674	2355.513333109222	531.5924044295783	-96.08122772542367	2310.996221285202	454.6965586658033	-90.98624151896223	2228.233451324902	377.6735442918178	-98.33626474874575	2253.308110639545	511.6534401513443	-114.6422483425226	2166.496045318961	428.6528825442098	-127.4291273091867	2064.179123894448	256.4214263466087	-151.1924180612104	1977.29942856855	259.0241747335969	-227.4277991578021	2059.734354185442	121.8175900855906	-96.07180173059098	2172.116733080079	48.93630580954878	-159.852296685729	2381.439948519074	806.0960104650351	-429.3457534525332	2385.5849572992	677.7444228683794	-398.6444942317843	2291.463972870117	798.7393677613102	-487.196148130428	2278.628327445844	669.4239444516352	-445.4245455908815	2304.82285963357	527.9693408062046	-401.8986867290106	2330.79211865027	416.2271159176864	-384.1001244562606	2241.893215631574	430.6344508982008	-424.6773672289846	2224.533692218038	315.5723402110705	-415.4011620076139	2260.312443528706	106.863972811239	-375.3730021847757	2167.080372939355	33.63931082850219	-334.7975009691773	2364.395193927875	37.93575596497513	-399.055098116381	2461.075337662654	56.11759335600574	-297.4583329645504
2.3	2228.145313805313	1523.89209189355	-102.8553401211821	2241.338442520632	1540.067464312748	-445.4621495893372	2295.047314986614	1488.72271709166	-247.819178932184	2298.325853523911	1490.210783979412	-298.2180699264651	2253.320738232032	1260.737227100699	-29.55529705802491	2202.608564588502	1171.653865788325	0.04806190402337189	2294.025049174231	1053.776137487157	14.04987788101916	2344.498489694618	940.3394306487428	18.72399968112211	2267.402623096669	1319.154699894238	-541.0821989249864	2252.129795314042	1198.137765322033	-575.1205930763855	2338.606582527326	1085.422930079169	-583.8348428587365	2393.448620981586	983.6804303553151	-575.9610666005764	2330.211598752365	1021.691437700877	-151.8187750518976	2340.619222560013	1024.429544976196	-405.2363587766563	2123.331937057198	1014.244778230999	-242.0211454886507	2114.196957567494	994.2470703913888	-287.9761274495181	2127.169261788838	1019.259960489225	-333.1936967543708	2345.943185505931	800.0690380270663	-67.77200564650801	2246.572776318695	754.1992127885342	-78.01461651177844	2297.982942066286	634.7615547795288	-92.79197666095098	2374.518227039001	535.0211915699372	-96.47455530455018	2332.503780663513	456.285472776305	-91.15249681786113	2253.014045569612	376.2003439688555	-98.16000394617782	2272.760085693881	510.7780687301649	-115.0959573646982	2189.322868862882	424.6129872593284	-127.3338169836927	2094.248505786201	248.1500489509494	-150.2474095502011	2006.479185744124	244.929144840601	-225.841293907786	2098.031886745261	114.0891244401336	-93.96436952519539	2213.799700840696	47.77312707487556	-158.0764073258059	2389.55787835066	804.9877773572584	-429.8283343079147	2391.795537517679	676.6619110871293	-398.8102022126654	2299.423363464484	798.7328861411902	-487.4684594315848	2284.638572534916	669.7769294238415	-445.4912701756202	2307.862557881438	527.7570763876579	-402.3821964884775	2333.137010536508	416.0510963258626	-384.4508323317627	2244.103014069212	430.9801097148928	-424.7158198389222	2225.982712324811	316.0575861026841	-415.3311965093271	2260.624534612271	107.0377435742481	-375.1962458358557	2167.170338110384	33.9403689894943	-334.741957857288	2364.478515948998	37.84823932139199	-399.0622116617106	2461.276876917272	55.58365153711732	-297.4266076878308
2.31	2238.951170004317	1524.302237156564	-102.6277958993694	2253.654921586998	1541.731780491481	-444.9363964029756	2306.47418375392	1489.529695251727	-247.3536244690397	2309.957465891763	1491.186161051182	-297.7189360654675	2261.746688836321	1261.067884106244	-29.00993202311695	2210.309738244127	1172.314737644966	-0.001236408407052296	2300.950958229403	1053.942422835188	15.04161701058588	2350.798775206201	940.2620429545198	20.25704587191787	2282.131752777426	1321.347028698413	-541.0627480172114	2268.710123419531	1200.16753276413	-575.4100862037344	2357.553321880489	1089.140070059138	-582.6445737902104	2414.360509573266	988.6980381946343	-573.867179385305	2341.216826292445	1023.254509354377	-152.6713562904941	2351.241209991028	1024.49647075389	-406.0079182040683	2134.235434726618	1015.136910673628	-241.7462575699187	2125.078337307012	995.0720898791508	-287.6638525775186	2137.967114615207	1020.056091091497	-332.9038255083007	2360.70698476637	803.4194330536773	-67.98846609588435	2262.258945374685	755.9193549023316	-76.53859877669819	2314.851003455847	637.3071374809045	-91.39177240746315	2392.745601478152	538.1437137217952	-96.89591189086593	2353.518085678235	457.5247886151567	-91.30204788121631	2277.761789615754	374.2771693403258	-97.85438898919514	2291.648195364373	509.2477866751963	-115.5241981449227	2212.075586429128	419.775685648679	-127.1569961704175	2125.194433537956	238.9321117912138	-149.059872569438	2036.991091343726	229.8560009273461	-223.9134362790162	2137.309765166746	105.9086435440508	-91.84138908766639	2256.199100496042	46.65522432402889	-156.4404476401269	2397.584038976392	803.764804394071	-430.2181948809786	2397.946194558224	675.492500072238	-398.8611118116382	2307.364814464388	798.5886220960522	-487.676351798002	2290.597571601804	670.0194405868262	-445.4571583324264	2310.915128363591	527.5279710232995	-402.7547715927909	2335.449657002626	415.8577752949258	-384.7122599961139	2246.279932801909	431.3194967009914	-424.6467680910362	2227.409888038068	316.5395848293468	-415.1687009503454	2260.919605709708	107.2123471386749	-374.9709860195097	2167.266208196453	34.23288786802334	-334.6809297970127	2364.564358668161	37.79412973612465	-399.0573579067072	2461.436619921069	55.06679951990859	-297.3754935235676
2.32	2249.825157239536	1524.480994966525	-102.3777019782976	2266.080827189591	1543.120361984196	-444.398873225025	2317.963201507293	1490.084252716254	-246.8567878394726	2321.653788925425	1491.909575745676	-297.1894726519541	2270.19209055714	1261.183929213198	-28.45384995395449	2218.013954028127	1172.76649192103	-0.04477213462261767	2307.914685558201	1053.935483362583	16.06861211305921	2357.186602578424	940.0485445392177	21.86061266107155	2296.780907471902	1323.275370412326	-541.012267678274	2285.12323427094	1201.954735930944	-575.6499011497926	2376.312593529858	1092.6760513149	-581.3453147392702	2435.106420030535	993.6419402382988	-571.5859001693407	2352.208796721997	1024.524787063184	-153.558120277553	2361.791073667422	1024.327206340547	-406.8338192380175	2145.074249583015	1015.671349835568	-241.247800558519	2135.8522826995	995.5299935845507	-287.1160687560699	2148.630802380987	1020.499690004792	-332.3746202376825	2375.214373014787	806.4950757099348	-68.22662426103409	2277.739924650296	757.4702923892094	-75.03997401091306	2331.264068457015	639.6574182690358	-90.0367235585436	2410.215187095218	540.9404441955514	-97.337771060674	2374.043525446406	458.4194631743865	-91.43746565706101	2302.476233631984	371.9484388277674	-97.41817960630773	2309.999805483789	507.0823981929829	-115.8890886700717	2234.780877964744	414.1957143072369	-126.8830307772277	2156.986776961808	228.9412121847239	-147.6692393658958	2068.850985922561	213.9595581795049	-221.7366608259204	2177.482037631389	97.4897224392638	-89.67242074171158	2299.215805681953	45.71827997917561	-154.8289811084952	2405.529569487717	802.428579984125	-430.5041420194474	2404.051748065811	674.229920758266	-398.7963037547607	2315.295861434399	798.3065036773642	-487.813532529522	2296.519273158393	670.14579892982	-445.319743882118	2314.020885405684	527.2866259455659	-403.0116608903265	2337.754569363752	415.6425474611543	-384.8745645327269	2248.460248375739	431.6495922538612	-424.4884090759116	2228.842751639677	317.0179414510988	-414.9294165772334	2261.197660948294	107.3878462813852	-374.7004339825035	2167.364590504006	34.51270328272403	-334.613347604146	2364.651585199063	37.77227624738224	-399.0394808209575	2461.553404029579	54.56444146165524	-297.3083068939447
2.33	2260.766815717566	1524.437769597044	-102.1027069199775	2278.61243427091	1544.241894188552	-443.8521313974619	2329.512950052806	1490.397575554651	-246.3269437598691	2333.412078974941	1492.390954098218	-296.6285672173059	2278.672537280767	1261.089120487952	-27.89742036318622	2225.739965268824	1173.013550104355	-0.08501440164593177	2314.925933080009	1053.753997112256	17.1194851758465	2363.661851067558	939.6898860158526	23.52011169710433	2311.358250591069	1324.93880389104	-540.9315713475305	2301.383842196367	1203.499312956556	-575.8483560992247	2394.891823289117	1096.021432208973	-579.9538860115706	2455.687092562483	998.4957164814774	-569.1350068199717	2363.18636073938	1025.514694425141	-154.4685867946096	2372.287032667427	1023.937546152919	-407.7066415361685	2155.866529408509	1015.871262039723	-240.5444801303929	2146.530243203764	995.6420554805541	-286.3508807763947	2159.170208457059	1020.60530507196	-331.6243791767107	2389.481588198493	809.2859765171499	-68.48862573530053	2293.012183447945	758.8510043656811	-73.56362340403606	2347.249657453284	641.8037636643351	-88.76277710043648	2426.981624609248	543.4101226928175	-97.79570640918656	2394.108430767113	458.9877538589841	-91.56222226227908	2327.160839093939	369.2627186556302	-96.85685576568395	2327.861132387142	504.3242514335946	-116.1635141443391	2257.461797246327	407.9453013718122	-126.5058502113889	2189.563242307228	218.3445060631103	-146.1166644326925	2102.004338904779	197.3949683134645	-219.3929166898733	2218.443194968459	89.00343930292244	-87.43177033121665	2342.749773438924	45.05200625367907	-153.1487402572612	2413.407777035129	800.9877038980225	-430.6813460372448	2410.12469015812	672.8749564875216	-398.6210549156043	2323.222649860551	797.8956743444514	-487.8781596960253	2302.415860408872	670.159262662635	-445.0836954848389	2317.206775764738	527.0382381611716	-403.1574007632369	2340.071249417333	415.4047570462131	-384.936010830681	2250.671648588558	431.9689939054259	-424.2621025835437	2230.302461095012	317.4936097546714	-414.6323792423251	2261.460088231571	107.5641985109068	-374.3905381234911	2167.462273292395	34.77848362957969	-334.5394933881507	2364.739496898671	37.7787751055406	-399.0091772588212	2461.630278222052	54.07433928353055	-297.228840616585
2.34	2271.770626288927	1524.195334293836	-101.8030843843721	2291.23918206902	1545.122505602977	-443.2984074748933	2341.117743746614	1490.495015775035	-245.7653743576657	2345.22591036022	1492.65499910653	-296.0377412618155	2287.195843007001	1260.801639121578	-27.3473140770794	2233.499030574763	1173.074320812545	-0.1235608220672728	2321.987604683417	1053.410286838533	18.18516476353305	2370.218324220312	939.1911535854069	25.22209960899101	2325.873920525629	1326.356522517922	-540.8230105455584	2317.512891636489	1204.819810718947	-576.0130889421403	2413.309822614179	1099.184972774679	-578.4869471737627	2476.115214653356	1003.255757760797	-566.5381733214294	2374.149538418731	1026.253227310137	-155.3924430763578	2382.747016959893	1023.355691452245	-408.6157762383947	2166.629367223577	1015.778444858187	-239.6641119995888	2157.128656537478	995.4492953176765	-285.3969492220835	2169.601329772006	1020.408928509267	-330.6816962071138	2403.539109799075	811.805084321993	-68.77451187968636	2308.086631972884	760.0741924055676	-72.13616295536455	2362.856324781974	643.7555856921543	-87.58647889378378	2443.134749423488	545.5735217762582	-98.26723376932765	2413.766692644269	459.2641339797881	-91.67971515737213	2351.821268672849	366.2754689234121	-96.18244634152909	2345.298863201253	501.0423340713944	-116.335256934901	2280.135992039399	401.11820114605	-126.0297062664199	2222.826633655749	207.2953243808648	-144.4418102592184	2136.320453649631	180.3134451494673	-216.9480501532429	2260.066337218625	80.56662132226219	-85.10491539895995	2386.698279102419	44.69214557109002	-151.3405813657673	2421.233596985889	799.4567842451095	-430.7539771806632	2416.175404764653	671.4356118851498	-398.3472624669005	2331.150041146338	797.373111815398	-487.8742014535608	2308.297432074482	670.0713086909705	-444.7602712556359	2320.484402563947	526.7873914515137	-403.2047560633961	2342.412084971635	415.1467188380007	-384.9037919943091	2252.929603932611	432.2778917800657	-423.9881855975166	2231.8007598242	317.9681606087727	-414.2958826800043	2261.709130427195	107.7412301784703	-374.0487776863104	2167.556664679163	35.03122087279112	-334.4605562450765	2364.827675696011	37.80815564029469	-398.9682177054266	2461.67340353017	53.59470596956247	-297.1410777575182
2.35	2282.826194567565	1523.78948584948	-101.4818896427898	2303.943968735239	1545.804914545191	-442.739657053792	2352.767942219631	1490.41571836916	-245.1764934125711	2357.085326073087	1492.740759414228	-295.4212990679101	2295.761359371964	1260.3540150368	-26.8063234647907	2241.293921300656	1172.980874135381	-0.1614282192774718	2329.095372008848	1052.930172764248	19.25903483925438	2376.843323103711	938.5716201231083	26.95438495981272	2340.340415395636	1327.567840458471	-540.6909909637832	2333.537024237433	1205.952822448959	-576.1517489652405	2431.596005801468	1102.193159046855	-576.9617166232696	2496.415375930908	1007.931233360443	-563.8250803433139	2385.099885053433	1026.785608390394	-156.3216683233014	2393.186199142167	1022.620414993381	-409.5500640055129	2177.376421181144	1015.450799019802	-238.6428078910864	2167.66667665144	995.0104293947634	-284.2923059098272	2179.94569371404	1019.966207502355	-329.5846961249061	2417.429081638345	814.0903973723562	-69.08172258475422	2322.991426823946	761.1653593497476	-70.7657432457039	2378.154136553098	645.5405721904626	-86.50463516000887	2458.796388978161	547.4761665464141	-98.75033920531587	2433.096290773976	459.3007345704735	-91.79274806440104	2376.463865849696	363.0509723114536	-95.41364096712618	2362.399223256872	497.3341403275639	-116.4091398369458	2302.814377978521	393.8314249958684	-125.4688596845553	2256.644576807833	195.9293302063108	-142.6807867834401	2171.592609451248	162.8581349158213	-214.4493387786292	2302.204764032634	72.2368387033839	-82.69262669201277	2430.956888373781	44.62017150659688	-149.3859172530476	2429.022204690176	797.8549520197071	-430.7363362096401	2422.212188293845	669.9265046923131	-397.9931438834666	2339.081103684428	796.7618288846085	-487.8118866723896	2314.171575611438	669.9004684312589	-444.3662953576969	2323.849397407245	526.5371894497415	-403.1730194540557	2344.781196331403	414.8726151177067	-384.7934516499583	2255.236411758464	432.577780493015	-423.6835936067651	2233.339073207194	318.4429586455859	-413.9350117607387	2261.947588219302	107.9186847295161	-373.6832276916725	2167.646359855849	35.27345655464592	-334.3780776976698	2364.91587555963	37.85438642102427	-398.9190479102119	2461.690783770619	53.12385745221825	-297.0486263978297
2.36	2293.918899110238	1523.267444986237	-101.1447000520325	2316.704127009059	1546.346174589108	-442.1776369303161	2364.450533997109	1490.210941857523	-244.5675575299561	2368.977209264904	1492.699801873805	-294.7861061094128	2304.360414868745	1259.791516356587	-26.27370237982905	2249.118889444652	1172.77717485477	-0.1991811270463253	2336.238220408467	1052.351458989534	20.33679952318337	2383.518065406547	937.8633188102888	28.70600353071443	2354.772553353757	1328.63003877577	-540.5419665096651	2349.487879906632	1206.950777940818	-576.2724670311236	2449.788745657361	1105.087977604981	-575.3965418650629	2516.623002552933	1012.542808640823	-561.0308919983715	2396.040549986054	1027.171407102399	-157.2516410787629	2403.615397830342	1021.778506621141	-410.4995399453825	2188.116732748942	1014.959075411072	-237.5235162629717	2178.164396262121	994.3987629773036	-283.0826221508889	2190.22943424242	1019.349233651214	-328.3796726255162	2431.202436843967	816.2037892083461	-69.40502754292571	2337.771694357049	762.1611998207077	-69.44399708955852	2393.232943533034	647.2031897390058	-85.49664243026371	2474.114550761048	549.1880500967521	-99.24225524057903	2452.195115583084	459.1663917640465	-91.90337737130778	2401.094813869847	359.6624254594807	-94.57608170933082	2379.264826342022	493.3239509595973	-116.4065311193577	2325.500791187525	386.2237672636534	-124.8462131291704	2290.852881234782	184.3643916897771	-140.8654504229831	2207.545984512081	145.1618791438841	-211.9263691377104	2344.695840415382	64.01571187156809	-80.21184886318582	2475.421230715943	44.76994166091075	-147.306197215979	2436.787595780116	796.2043709360473	-430.6522719199597	2428.241253010005	668.3676768412611	-397.5822597102271	2347.016592508179	796.0891138220863	-487.7071140690121	2320.043051320455	669.6709436146978	-443.9228732313657	2327.282547600459	526.2888735687628	-403.0861429345544	2347.174628808049	414.5875609575031	-384.6272523588448	2257.582757496767	432.8711146716513	-423.3612870490495	2234.909626084705	318.9186330834477	-413.560841335015	2262.178687278299	108.0963211836581	-373.3019951691166	2167.731551532973	35.50852271882363	-334.2935059377498	2365.003981800002	37.91153104476284	-398.864388583085	2461.691103593183	52.65962174392429	-296.9541214903176
2.37	2305.030999980121	1522.68500000211	-100.7990000000066	2329.492999977353	1546.814000001347	-441.6140000002938	2376.149999979282	1489.941000002049	-243.9480000003917	2380.885999978828	1492.593000001947	-294.1410000004799	2312.977999983309	1259.169000002171	-25.74599999939945	2256.960999984498	1172.51600000166	-0.2369999985423229	2343.399999986097	1051.721000002335	21.41600000044857	2390.218999987385	937.1080000026434	30.46699999985982	2369.186999975808	1329.614000000778	-540.3839999997349	2365.400999974142	1207.87800000068	-576.3839999990429	2467.932999971047	1107.922999997272	-573.8110000022576	2536.781999968524	1017.11999999406	-558.195000004632	2406.975999980324	1027.481000001338	-158.1809999988515	2414.040999981808	1020.88200000266	-411.455999998893	2198.854999980577	1014.383000000803	-236.354000002361	2188.641999980962	993.6980000009127	-281.8190000025581	2200.481999981239	1018.642000001155	-327.1190000023521	2444.915999978819	818.226000001039	-69.73699999823089	2352.485999978521	763.1070000010758	-68.15000000034149	2408.197999979423	648.8010000009995	-84.52899999885868	2489.255999979395	550.7990000017501	-99.73899999724023	2471.17499997061	458.9430000024611	-92.01299999776042	2425.719999958437	356.1900000057925	-93.70199999912947	2396.009999972746	489.1570000121908	-116.3619999987649	2348.192999959133	378.4510000156217	-124.1909999994278	2325.262999935395	172.7040000152644	-139.0240000007085	2243.853999927423	127.3480000255344	-209.3950000005778	2387.365999923487	55.86100000470067	-77.69300000258701	2519.987999923523	45.03999999037514	-145.1550000040655	2444.541999986658	794.5290000037546	-430.5329999992643	2434.26699998911	666.783000003256	-397.1419999996276	2354.954999986854	795.3850000019493	-487.5799999998835	2325.913999989681	669.4110000007952	-443.4540000005434	2330.752999993781	526.0420000008288	-402.9709999999258	2349.581999995667	414.2970000007664	-384.4319999997779	2259.950999995677	433.160999999486	-423.0310000006352	2236.497999997172	319.3949999990834	-413.1810000008145	2262.405999999645	108.2739999995827	-372.9130000006301	2167.814000000143	35.73999999952031	-334.2080000002647	2365.092000000051	37.97400000009935	-398.8070000000085	2461.68299999976	52.19900000034738	-296.8589999999418
