cycle_id,phase,pos_pelvis_tilt,pos_pelvis_list,pos_pelvis_rotation,pos_pelvis_tx,pos_pelvis_ty,pos_pelvis_tz,pos_hip_flexion_r,pos_hip_adduction_r,pos_hip_rotation_r,pos_knee_angle_r,pos_ankle_angle_r,pos_subtalar_angle_r,pos_mtp_angle_r,pos_hip_flexion_l,pos_hip_adduction_l,pos_hip_rotation_l,pos_knee_angle_l,pos_ankle_angle_l,pos_subtalar_angle_l,pos_mtp_angle_l,pos_lumbar_extension,pos_lumbar_bending,pos_lumbar_rotation
0,0.0,-0.0401665926322725,-0.1939821523096557,1.4816002919515767,0.5320620599452215,0.9226626959056606,-0.9569871677932292,0.6760368071533169,-0.1422591609041402,-0.0936480549202263,0.7108166582203648,0.0852536213329426,-0.216421978401205,-4.658470764018057e-05,0.1439203834790876,0.0516951254608015,-0.1911081075928099,0.153739091883668,0.2225686134225534,-0.0259926857014285,0.0002037879907274,0.0498933723647067,-0.0160591430346147,-0.0020480690525415
0,0.01,-0.0390903011133869,-0.1953109514574142,1.4796752979044456,0.5322165000639675,0.9220119868689703,-0.956150703970858,0.6746831255304722,-0.1363279998806774,-0.1030340563384209,0.6528342353498496,0.085491635624204,-0.1748396442938813,-4.658470764018057e-05,0.1391829015199736,0.0505475296982842,-0.1945930473217599,0.1529435551031986,0.2286783270877184,-0.0210533375689393,0.0002037879907274,0.0498837979109174,-0.0160013964208805,-0.0020447050047383
0,0.02,-0.0389108606534318,-0.1950597544069526,1.4779223365865877,0.5323440261288609,0.92129898410829,-0.9557969289278062,0.670675683379192,-0.1311126024152636,-0.1106265625395104,0.5944207063240673,0.0847200691167148,-0.1292337552554133,-4.658470764018057e-05,0.132133240477133,0.0504830281150209,-0.1986268753906862,0.151224230951251,0.2331454284851429,-0.0144446143714522,0.0002037879907274,0.0498736670345001,-0.0159448716438814,-0.0020414710813649
0,0.03,-0.039465907096566,-0.1949924197389148,1.4764266728811917,0.5324687644538136,0.9204201441752106,-0.9555867515603366,0.6661451660310942,-0.1266428525852673,-0.1175255595109893,0.5370204202714783,0.0852542527531056,-0.08366261668715401,-4.658470764018057e-05,0.1261297241864096,0.0507006254868387,-0.2042926622816566,0.1523417230301209,0.2409851499617901,-0.003999717174926804,0.0002037879907274,0.0498650257993141,-0.0158892960411694,-0.0020383212210178
0,0.04,-0.0398628625008466,-0.195866109427785,1.4765604591890331,0.5326291835302988,0.919371859205702,-0.9554299174222396,0.6618044136500367,-0.1224351886964428,-0.1241626305073221,0.4812109579366299,0.0845180112814505,-0.0438520729830908,-4.658470764018057e-05,0.1207267513908812,0.051014167713197,-0.2044789131137397,0.1527558069789177,0.2480339125026117,-0.0008269956943695,0.0002037879907274,0.0498580689832344,-0.0158343862421068,-0.0020352452594826
0,0.05,-0.0401141426946782,-0.1985224004604703,1.47714628948128,0.5329290574760756,0.9181285045585232,-0.9551907672782776,0.6590175928774723,-0.1182404783523089,-0.1310157342166551,0.4286542720933652,0.0838069921899703,-0.0098327184535425,-4.658470764018057e-05,0.116750601298439,0.0507047235243623,-0.2060905503883867,0.1530742031371184,0.2544801789758633,0.0030957201186444,0.0002037879907274,0.0498531758006951,-0.0157799800479844,-0.002032202995686
0,0.06,-0.040241386455219,-0.200797266533512,1.478339434039928,0.5333600184065329,0.916843911282066,-0.9552343539039836,0.6561334356786857,-0.1142326938043994,-0.1379366255705424,0.38101711111892866,0.0844692479355107,0.01933500747477438,-4.658470764012961e-05,0.1116169663867579,0.0502288889545357,-0.208214215714708,0.1522519832406901,0.2596560898325065,0.007637388077765097,0.0002037879907274,0.0498486817071558,-0.0157262193413529,-0.0020292231553685
0,0.07,-0.0404126930875002,-0.203924641098321,1.4801254648631872,0.5338837855098792,0.9154629312574027,-0.955272133234472,0.654963202421694,-0.1109245331969606,-0.1473812217880837,0.339349504148477,0.0856710713536611,0.047978255463367,-4.658470764012961e-05,0.108524251275777,0.0493083124364792,-0.209860860843506,0.1543763345725508,0.2670164149769717,0.013479843467743,0.0002037879907274,0.0498458848599659,-0.0156732796091226,-0.0020263146317571
0,0.08,-0.0393552276811843,-0.2068600801873047,1.4820843720517796,0.534711953299764,0.9140687921052802,-0.9556220458517024,0.6542712127564267,-0.1071293329380048,-0.1592145917449864,0.3045475577745909,0.087103050467583,0.0778187352214167,-4.658470764012961e-05,0.1030890047354093,0.0478815569989382,-0.2080436437212901,0.1532546522830928,0.2745536874379927,0.0162655159246741,0.0002037879907274,0.0498437909798837,-0.0156202973113103,-0.0020233650791294
0,0.09,-0.0379614809051018,-0.2091855434486824,1.4846001582560626,0.5357429024961825,0.9127076523614724,-0.9562297344282568,0.6536755638115959,-0.1033003257470779,-0.17049313818327097,0.27625213780998603,0.0897594237767317,0.10720987372652536,-4.658470764012961e-05,0.0979261325010296,0.0456202570298187,-0.2074611242052795,0.1541845638907907,0.2801150332371138,0.0166640297317046,0.0002037879907274,0.049842193803685,-0.0155679562118967,-0.0020204672397467
0,0.1,-0.0361300065105719,-0.211991380897036,1.4871679672844904,0.5370030680524359,0.9113162190076562,-0.9569806386844336,0.6539488678761949,-0.0990495767995733,-0.1787785141370617,0.25369675701001,0.090351185807121,0.1326493517056856,-4.658470764012961e-05,0.0927509736790508,0.0426657733034967,-0.208359650135143,0.1548929571657016,0.2897529657932386,0.028483164746294,0.0002037879907274,0.0498417720264956,-0.0155163397998116,-0.0020176193062821
0,0.11,-0.034012999910713,-0.2140506267636521,1.4897980457954736,0.538466454628569,0.9099665906293498,-0.9580828216141728,0.6537372027901963,-0.0948900212023152,-0.1816796050663862,0.2377529605031098,0.0930082843035845,0.1524173454778049,-4.658470764012961e-05,0.087112816302593,0.0389999351107425,-0.2128552524990691,0.1571873747442149,0.2988938934706897,0.0421788327302137,0.0002037879907274,0.0498417494547598,-0.0154652185520042,-0.0020147764361158
0,0.12,-0.0325189994524923,-0.2158090651218749,1.493263717284436,0.5398715722050292,0.9086156592158224,-0.959531312299102,0.6535591544367432,-0.0921895884000636,-0.1788833477299491,0.2283964863866931,0.0960668016600774,0.1636666064236324,-4.658470764012961e-05,0.07953129510106761,0.0368647813745602,-0.2096223728412609,0.1560583495115211,0.305102189413607,0.0426039378263173,0.0002037879907274,0.0498422877866515,-0.0154158329857722,-0.0020121024810292
0,0.13,-0.0314402413446373,-0.2178895214247134,1.4974468595405863,0.5413027564834977,0.9072225708808688,-0.9611930368336064,0.653991091680357,-0.0904708018311822,-0.1707573147407926,0.2253481452727287,0.0970640315563096,0.165934321057573,-4.658470764008732e-05,0.0712464695124873,0.0351662136658943,-0.20513185058508,0.1531724604854626,0.3097721624538913,0.0419825850085337,0.0002037879907274,0.0498436861781743,-0.0153681805895174,-0.0020095981813516
0,0.14,-0.0309168675654651,-0.2194858846646548,1.5025512378479726,0.5427194277503254,0.905821155384432,-0.96316972373885,0.6539827917527816,-0.0901242135021401,-0.1592273151087972,0.2283946329665698,0.0982881519970971,0.1598218284556786,-4.658470764008732e-05,0.0630433647291824,0.0336145703217647,-0.2012044142004495,0.1525775235055187,0.3173370931256411,0.0468769672746143,0.0002037879907274,0.0498457817028012,-0.0153224160686235,-0.0020072836623243
0,0.15,-0.0302861292410296,-0.2204654498745731,1.5082014678947313,0.5442690220127286,0.9044169363650956,-0.9655443245421524,0.6529032017564705,-0.0903238495386819,-0.14641184596112714,0.23617969799545738,0.099744589765803,0.15024194729385293,-4.658470764008732e-05,0.053255428469204925,0.031669114970780406,-0.1990805568103215,0.1511475324776568,0.3250848929211555,0.05811427332015977,0.0002037879907274,0.0498481335769753,-0.0152773782065942,-0.0020050218005506
0,0.16,-0.0301210346600411,-0.2220408088067672,1.5153768063873028,0.5458429998996505,0.902956679942201,-0.9679953855073726,0.651551887555975,-0.0912490945590882,-0.1328588217347376,0.2464508980725236,0.1000938340685588,0.1351741891749229,-4.658470764008732e-05,0.0461091183610352,0.0290535802303474,-0.1966842730907105,0.1541579524304567,0.3338972342212628,0.0710592178136986,0.0002037879907274,0.0498513337651741,-0.0152339358490401,-0.0020029351696147
0,0.17,-0.0304810978454709,-0.2244398955070286,1.52339138283454,0.5474650583456806,0.901408970385919,-0.970646079330401,0.6496885438876044,-0.0925035382920695,-0.1206824822259292,0.2576687554279143,0.101427002173762,0.1176969478688316,-4.658470764008732e-05,0.0375369800304587,0.0272132874007289,-0.188774471476214,0.152409292298769,0.3383436776835049,0.0720025175547446,0.0002037879907274,0.04985507633762,-0.0151920829187051,-0.0020010060323328
0,0.18,-0.032908288516346695,-0.2258966517851363,1.531694054459814,0.5489059998824279,0.8998766720788108,-0.9737751326272248,0.6450671110774613,-0.09567740228370489,-0.11060130550876833,0.26895613330897206,0.1029742815023687,0.10121058681937795,-4.658470764008732e-05,0.027636423242480623,0.0272139831937101,-0.17842852509494814,0.1510627567636346,0.3378930765171308,0.0673919503012618,0.0002037879907274,0.0498586560999426,-0.0151522801244383,-0.0019992828938578
0,0.19,-0.0346734340770049,-0.2298106155773706,1.5415268370524715,0.5505639923577496,0.8981652665899769,-0.9766869949253928,0.6411281955128966,-0.0982333902386236,-0.1042836461841426,0.2781709520968205,0.0959042475117279,0.0845687416754054,-4.6584707640048135e-05,0.0216862819607918,0.025523202244707,-0.1675870604920475,0.1533937121865951,0.3400945418703391,0.067910608162747,0.0002037879907274,0.0498632006608315,-0.0151134272093634,-0.001997640956583
0,0.2,-0.0332234485952368,-0.2356797508109188,1.5523746574299997,0.5528488964131913,0.8964061361743421,-0.9793036525808054,0.6400957930903376,-0.0979387006935084,-0.1053096458811346,0.2819279205784885,0.0554078535182902,0.0633165760284732,-4.6584707640048135e-05,0.017109742494011,0.0206567111422997,-0.155177397061213,0.1534573478715404,0.342533385364983,0.0700597264301882,0.0002037879907274,0.0498680792254773,-0.0150745562331666,-0.0019959665160835
0,0.21,-0.029459829112603315,-0.24149730636009187,1.5593900971578718,0.5559981649140466,0.8948873645609352,-0.9818105291139938,0.6428138273439061,-0.09452811150550641,-0.10931933738722399,0.2860773041281367,0.010063206128698605,0.043605058021389954,-4.6584707640048135e-05,0.0160305817239517,0.012535643329100328,-0.1469944068195867,0.16096339521860797,0.3435683927128534,0.0681995343947732,0.0002037879907274,0.0498733294977747,-0.0150356247194655,-0.0019942142791961
0,0.22,-0.0229408310533536,-0.2448974314923996,1.564068054539289,0.5599888510540737,0.8939007111999155,-0.9849163437983594,0.6453235643180851,-0.0877856758531801,-0.1107020163028589,0.2994298857968919,-0.0175230338579917,0.0206142534552971,-4.6584707640048135e-05,0.0137077354035624,0.001404089129919,-0.1409154472197361,0.1716028695031282,0.3422479227667462,0.0574442446252164,0.0002037879907274,0.049878595464744,-0.014996791563624,-0.0019924170111961
0,0.23,-0.0186844785765447,-0.2454927108625306,1.5655109659448951,0.5639409725800867,0.8934652466126346,-0.9888212164341867,0.6469872921559849,-0.0822130879693471,-0.1075110746718363,0.323010666842133,-0.0295224436098658,-0.0016612626894944,-4.6584707640048135e-05,0.0059970085417473,-0.0059301275841242,-0.1265506863260222,0.1783431419328312,0.336919871782084,0.0303530582353203,0.0002037879907274,0.0498835581341066,-0.0149599879150019,-0.0019907968372887
0,0.24,-0.01500048479767861,-0.245585868947961,1.5638950355715229,0.5682404193858454,0.8934543947146484,-0.9927873757960248,0.6494166117998458,-0.07488378936880703,-0.09759889463922043,0.34997987276207426,-0.019864393018343637,-0.018533871088843558,-4.6584707640048135e-05,0.00144315916639331,-0.013640936558568677,-0.11611160244679992,0.19290992000625334,0.3315796622801377,0.00977192474923416,0.0002037879907274,0.0498887123928784,-0.0149244693349921,-0.0019892378308462
0,0.25,-0.0085772068693945,-0.2439696539406228,1.5629428152848617,0.5731143006360554,0.8939856101726869,-0.9971646479150238,0.6472381318991083,-0.0643879500829774,-0.0901975435359635,0.372555893902069,-0.0042327732512115,-0.0311049418799524,-4.6584707640048135e-05,-0.0025526551879543,-0.0246970741457644,-0.1006908375938805,0.2120136298967823,0.3241402214045036,-0.0167915589297694,0.0002037879907274,0.0498934441638525,-0.0148890900762367,-0.0019876552870961
0,0.26,-3.366671368688987e-05,-0.2421588688897221,1.5667373414014163,0.5780894807500278,0.8950044303189518,-1.0014741097901114,0.6410938054313658,-0.0535685518732295,-0.0894132523452686,0.3878892507115777,0.0086251145672042,-0.0421054352453438,-4.658470764001989e-05,0.0006808490158162,-0.039727427062864,-0.0839483150552082,0.2433262958552389,0.3158488940983491,-0.0400789822782766,0.0002037879907274,0.0498976603048027,-0.0148544555544582,-0.001986161444915
0,0.27,0.0059552010229407,-0.2415143780840817,1.5718903749688962,0.5824879468377895,0.8963027686791142,-1.005609978103098,0.6336922272432904,-0.0439456104144624,-0.0856789362417026,0.3981680631952698,0.0191339497114297,-0.0588181642823837,-4.658470764001989e-05,0.0076689644779892,-0.0503225632513307,-0.0573994523621812,0.2781130884706274,0.3021715839424622,-0.0788647050832383,0.0002037879907274,0.0499021457596032,-0.0148222400736043,-0.0019849200094491
0,0.28,0.0083877652637279,-0.2399135170635053,1.576888038130624,0.586175131866369,0.8979113656935735,-1.0098575403801229,0.6236164023917756,-0.0370056387330272,-0.0805611362341262,0.406011255659611,0.0320160059626324,-0.0768674976503354,-4.658470764001989e-05,0.016740936807546,-0.055625231263487,-0.0278353582534891,0.3182442315268753,0.2843979384876777,-0.1247713334872116,0.0002037879907274,0.0499064768008284,-0.0147929219559115,-0.001983966594441
0,0.29,0.0073450392734101064,-0.238084404448759,1.581834441032775,0.5891937403107385,0.8997732998096624,-1.013977331001939,0.6120766833921402,-0.033947759480851415,-0.07595145660132442,0.411597560979013,0.04550408139978592,-0.09044557401188653,-4.658470764001989e-05,0.02892135761293933,-0.05836427921319329,-0.011907687746256074,0.3628357836147643,0.259407194643491,-0.15486166493795395,0.0002037879907274,0.0499106507128409,-0.0147662249461841,-0.0019832647478919
0,0.3,0.008894876427858288,-0.23466488986964312,1.5861397381696951,0.5926318372118496,0.9019402769130472,-1.018257034469206,0.5965811272943796,-0.028580215303003535,-0.0741863626403153,0.4133829085741594,0.05832142108204713,-0.09813361944153917,-4.658470764001989e-05,0.042368083212482414,-0.06397073511312157,-0.002267842842995447,0.41271721069813905,0.22794005033010117,-0.1865131517193018,0.0002037879907274,0.0499141173113134,-0.014739961884575,-0.0019825507949266
0,0.31,0.0090449197693669,-0.2332434432577625,1.58823284046246,0.5958021557236001,0.904064861125856,-1.021863005723583,0.5836572821025362,-0.0250359425121275,-0.0730395364697267,0.4144573329203851,0.0699171931251387,-0.100346909596895,-4.658470764001989e-05,0.0625287360551862,-0.0667048885564287,0.0041176313281829,0.4716723383236349,0.1955455795907376,-0.2277857335378375,0.0002037879907274,0.049918575469558,-0.0147153669508224,-0.0019819547274922
0,0.32,0.0087599446119877,-0.2337575477454326,1.5923340651927795,0.598602682141372,0.9060766210810126,-1.0248259044423929,0.5719135160973455,-0.0241855153840487,-0.0773374343403919,0.4136781969044846,0.0810561520928197,-0.0968910648142202,-4.658470764001989e-05,0.0890844107700255,-0.0685673688565148,0.0119385257733675,0.5356551089603694,0.1647289869009764,-0.264883092580569,0.0002037879907274,0.0499235556905067,-0.0146926885956448,-0.0019815439897529
0,0.33,0.012101087878188,-0.2334175026553432,1.598785594200977,0.601753474207762,0.9080608214964484,-1.0276917189968195,0.5571544122757491,-0.0212442751326903,-0.0885319382231256,0.4089323680394811,0.0917122903159542,-0.0885813602577681,-4.658470763999594e-05,0.118697716048261,-0.074493052054073,0.0185115981252261,0.6037227939219411,0.1344822187551619,-0.2938770410325417,0.0002037879907274,0.0499278981652838,-0.0146704152168643,-0.0019811375137818
0,0.34,0.0090473779479006,-0.2408655748524772,1.6007209174754264,0.603939984926889,0.9094000399412242,-1.02863474155047,0.5539048499495517,-0.0243686452824257,-0.0974981194591956,0.4078911786074653,0.1026678888232837,-0.0761537646586197,-4.658470763999594e-05,0.1614382578622639,-0.0724694712918342,0.0207210433115592,0.6773555233126491,0.1045899657472901,-0.3186209058284572,0.0002037879907274,0.0499331565146725,-0.014650132740423,-0.0019808902393742
0,0.35000000000000003,0.0113531314470939,-0.2445733668203126,1.604991216122559,0.6068094431606483,0.910705262606453,-1.0299646499111317,0.5445011794609405,-0.0226670124136069,-0.1107274945366121,0.4033084117875251,0.1130085092993631,-0.0625237775524354,-4.658470763999594e-05,0.203026146146054,-0.0776381382117281,0.0202552528870125,0.7515500402836783,0.0818555407859432,-0.3203440180392225,0.0002037879907274,0.0499375255286669,-0.0146300800069261,-0.0019806193988384
0,0.36,0.01151308834497511,-0.2417891509393189,1.6075380932712338,0.6091235955502936,0.9121020754596352,-1.0320889691466286,0.5287264133143471,-0.023015364769936795,-0.12175225122803207,0.398364490800872,0.12176587202390904,-0.047736093527682974,-4.658470763999594e-05,0.2377196324084147,-0.0790732777802165,0.019041717246614926,0.8214638965114333,0.06841550147421785,-0.3196610561688519,0.0002037879907274,0.0499404725905596,-0.0146116388634993,-0.0019804666329777
0,0.37,0.013988012880900869,-0.2413331497927953,1.6072177206332303,0.6120154297638041,0.9131554575280648,-1.0333914205478612,0.5171766047468007,-0.018290856115932935,-0.12688045191769745,0.39447567654601995,0.12907247600887808,-0.03900299846331704,-4.658470763999594e-05,0.27644064368724186,-0.08335679858725006,0.015595993503345193,0.8902597064718255,0.07147233318870014,-0.3196255379898985,0.0002037879907274,0.0499437122347681,-0.0145941628649948,-0.0019803465889368
0,0.38,0.0160345441713041,-0.2368872976102525,1.6128802778994644,0.6140683830687227,0.9143676673105714,-1.0353131383221126,0.4989010321974669,-0.016313413717154,-0.1356902096908692,0.3883048827747016,0.1372961717323368,-0.0317536059249724,-4.658470763999594e-05,0.3092783659186082,-0.0844764694010757,0.0187890750448634,0.949622666461361,0.0858856810265689,-0.3195176230503823,0.0002037879907274,0.0499455101057584,-0.014578405166898,-0.001980395342954
0,0.39,0.010251603998187,-0.2328951870815395,1.6093842606219186,0.6153818755339543,0.915496486950799,-1.0368765689623092,0.4835372165314512,-0.0179387904406854,-0.1322085122376837,0.385427503538209,0.1463327029392538,-0.0288816236516084,-4.658470763997268e-05,0.3395738673366751,-0.0794767581010489,0.01164403744892,1.000157149296317,0.1022747100362354,-0.3194144023026601,0.0002037879907274,0.049947017281594,-0.0145653687560573,-0.0019806560167637
0,0.4,0.0028108907615098,-0.2309747844398082,1.6061074167838565,0.6161834029802007,0.9164541856768252,-1.0377166926044514,0.4721629033498678,-0.0217208671317911,-0.1272992754788449,0.3848920898464925,0.1558353267555245,-0.027977191740263,-4.658470763997268e-05,0.3726915958780651,-0.0724343752980961,0.0031981317512778,1.0451471412262243,0.119642974248227,-0.3193156692245019,0.0002037879907274,0.0499487930110705,-0.0145545501802477,-0.0019811126665982
0,0.41000000000000003,0.0009881040192268,-0.2260095913944188,1.614517931160573,0.6167856859992636,0.9176031214287288,-1.0390635829359909,0.4539420518172379,-0.0245742939193003,-0.1357274321018252,0.3805377006784802,0.1652818271032426,-0.0247704593613553,-4.658470763997268e-05,0.4026054050424932,-0.0677230586271302,0.0058941438081192,1.0815855636430498,0.1352808932133719,-0.319219964539386,0.0002037879907274,0.0499492091745045,-0.0145443982567228,-0.0019816624306853
0,0.42,-0.0016914065788854705,-0.2235481828190938,1.6204217162071497,0.6173212017235175,0.9185693358451968,-1.0397142897980696,0.43984556266999486,-0.027392562349795972,-0.14089234130286948,0.3775566344482885,0.17276938707830794,-0.02267406372668152,-4.658470763997268e-05,0.4342714318557093,-0.06293185626174035,0.005353126606283925,1.1100688520581388,0.14750111209594985,-0.3191275929136087,0.0002037879907274,0.0499498106355947,-0.014535645300319,-0.0019823000342941
0,0.43,-0.008088777042110369,-0.2253411561940347,1.6208643129434477,0.6174327273463595,0.9192451701586284,-1.039400733661774,0.43243348944995047,-0.03385286240721167,-0.14396037921858817,0.3775238015417223,0.18139498396763204,-0.015398891951822744,-4.658470763997268e-05,0.46807439008458623,-0.05570344489483833,-0.0021016686560054584,1.1294646452327244,0.15725068760848665,-0.3190385457848023,0.0002037879907274,0.0499507397654006,-0.0145285240564489,-0.0019830436146665
0,0.44,-0.0110696467402001,-0.2221281233942738,1.624950686590751,0.6177607899477993,0.9201918943131974,-1.0400120643932913,0.416479353489926,-0.0370249202477072,-0.1501537757091937,0.3726950139089899,0.1901177304897428,-0.0091186166846123,-4.658470763997268e-05,0.4941526024583299,-0.0518411081521314,-0.0066504782208293,1.1386855714940751,0.1663715537122591,-0.3189528387698309,0.0002037879907274,0.0499496704838705,-0.0145216873985874,-0.0019837898750772
0,0.45,-0.0121573644891236,-0.2180354856881605,1.6295974134696265,0.6182653019656984,0.9211181136306014,-1.0406520392795873,0.398973787286658,-0.0380983995596643,-0.1575037513106717,0.3661493320840089,0.1984165273207556,-0.0034064817374531,-4.658470763997268e-05,0.5176916661442559,-0.0499766042608493,-0.0099204690445739,1.1387165847982184,0.1753296505259249,-0.3188704940028647,0.0002037879907274,0.0499476654505381,-0.0145152357653244,-0.0019845237004938
0,0.46,-0.0132006376800651,-0.2155596307496244,1.6323110833557344,0.6188111152115575,0.9218648334052502,-1.0408522411172605,0.383815487796032,-0.0384177208131835,-0.1623318748066867,0.3595546962089306,0.2043112036383898,0.0023258866573916,-4.65847076399504e-05,0.5408255135868177,-0.0488633332611559,-0.0147034823801957,1.1295521104091746,0.1831395456621238,-0.3187915263133515,0.0002037879907274,0.0499460799627537,-0.0145099984340471,-0.0019853193581347
0,0.47000000000000003,-0.0143919273155263,-0.2130254006107342,1.6356931133834771,0.6191492415964782,0.9225298068415078,-1.0409925756646154,0.3679558216399083,-0.0389410571774055,-0.1674440482536126,0.35194321389715,0.2099102316993673,0.0076105927125661,-4.65847076399504e-05,0.5613901084688474,-0.0474492809984509,-0.0191167498618803,1.1114346025050983,0.1893416109668433,-0.3187159057763552,0.0002037879907274,0.0499435680784594,-0.0145065834615482,-0.0019863342411528
0,0.48,-0.014475098980600405,-0.2114516156703407,1.639072757089363,0.6195559057282611,0.9230193424429582,-1.0408633227372337,0.35345311607305824,-0.038474341086660306,-0.17239368325193846,0.344819717106116,0.21600974676879378,0.013296954092407965,-4.65847076399504e-05,0.5807352080752792,-0.04728055927124279,-0.022845545535825282,1.085111428205525,0.19362130072665168,-0.3186435808515626,0.0002037879907274,0.0499411543452165,-0.0145042077282836,-0.0019874185917107
0,0.49,-0.013750375239476,-0.20941255266909084,1.6424003692987998,0.6199991968896478,0.9234314236892744,-1.0407585769602992,0.33818336027918333,-0.036583908151899804,-0.1751046386760861,0.33689925841545265,0.22031374192116146,0.01811777862770378,-4.65847076399504e-05,0.5967829050854093,-0.047792052839242,-0.025796617206935588,1.0499370389837221,0.19665401797035317,-0.318574451202662,0.0002037879907274,0.0499377974357364,-0.014502538007228,-0.001988539798013
0,0.5,-0.0142422091933369,-0.2064493525879142,1.6461347508076711,0.6200977253986228,0.923816666570378,-1.040847280822873,0.3202858270459368,-0.0355167487157176,-0.1800733949509858,0.3261292331134472,0.2261322338905367,0.0221140613769266,-4.65847076399504e-05,0.6081294451485978,-0.0466208439748793,-0.0277057191184687,1.005651313918129,0.1977248092901113,-0.3185083787968605,0.0002037879907274,0.0499333692266044,-0.0145028812348463,-0.0019898582295044
0,0.51,-0.0146182792746699,-0.2060024796973936,1.6498777853152513,0.6200577932684062,0.9239334311676816,-1.0404601910943685,0.3057564963151875,-0.035045589948426,-0.1859871729174771,0.3167906423214764,0.2332038063828763,0.0260093388962986,-4.65847076399504e-05,0.6187928555785285,-0.045013232067748,-0.0287803962119558,0.952853145801416,0.1943906036941121,-0.3184472220218551,0.0002037879907274,0.0499296039443961,-0.0145046862095013,-0.001991295744559
0,0.52,-0.0151280566609353,-0.2079534014174367,1.652154371021299,0.6199600304990767,0.9237748274971894,-1.0395953296331206,0.2954027279395582,-0.0350021312604861,-0.1890402145261425,0.3096405867629808,0.2395343742626183,0.0301297961506829,-4.65847076399504e-05,0.6285174114017482,-0.0435061511519153,-0.0306639478707843,0.8915307894974405,0.1880164651519652,-0.3183753333849742,0.0002037879907274,0.0499267051246033,-0.014507816762234,-0.0019928251957687
0,0.53,-0.0153454384260806,-0.2095195092759132,1.6542748429885972,0.6197636380967173,0.9235204272873369,-1.038859326963969,0.2851781720127995,-0.0350022747518494,-0.1929243846330178,0.3041361256135613,0.2474450374253635,0.0354742532428,-4.658470763992948e-05,0.6333309394388026,-0.0418045474209221,-0.031382267562537,0.8204284981117216,0.1770570502988197,-0.3183465143828112,0.0002037879907275,0.0499232935540085,-0.014511597219733,-0.0019943934249815
0,0.54,-0.0154868745832074,-0.2092509809490882,1.6548635176505198,0.6195839887814776,0.923233060808232,-1.0385519996424772,0.2734284004439933,-0.0341731589766241,-0.194502583969865,0.2994912645256956,0.2560387554961686,0.0373664061245207,-4.658470763992948e-05,0.6316843824791014,-0.040513785747805,-0.0302997342537902,0.7412745622184279,0.1644647691670451,-0.3186187853996962,0.0002037879907275,0.0499184346592855,-0.0145159855276504,-0.0019959771689422
0,0.55,-0.0145136082066007,-0.2094069200175363,1.654899202824144,0.6194943648276018,0.9227539048702724,-1.038264819231135,0.2626091684007082,-0.032155008354969,-0.193725217312285,0.2957258562988213,0.2649560918723321,0.0382948279988744,-4.658470763992948e-05,0.6271278397826987,-0.04057986986383,-0.0287805072134265,0.6562655715614089,0.1481574499888009,-0.313296449688321,0.0002037879907275,0.0499134815866111,-0.0145206034783775,-0.0019975416883774
0,0.56,-0.0122425339137786,-0.2087245782244826,1.654396794601768,0.619506295345494,0.9221467228742792,-1.0382160847151312,0.2511930065780101,-0.0289864383444973,-0.1927502973703516,0.2927088482795512,0.2732759611585156,0.0407852186732354,-4.658470763992948e-05,0.6192081755857693,-0.0423956361176288,-0.0268481724706647,0.5674133374300466,0.1268234008226264,-0.2957243659029392,0.0002037879907275,0.0499078354090462,-0.0145250811581549,-0.001999047130894
0,0.5700000000000001,-0.0100033129698254,-0.2078826215244955,1.652831516738957,0.6194573887351441,0.921388451340726,-1.0383663491728168,0.2397706133064084,-0.0254071783635118,-0.189406319214604,0.2904369428784424,0.2817145824466712,0.0397592055070987,-4.658470763992948e-05,0.6079357643653366,-0.044699842796625,-0.0243484494340843,0.4756316966770959,0.1006445743374402,-0.2711576792917734,0.0002037879907275,0.0499021933597563,-0.0145300667644704,-0.0020005658483517
0,0.58,-0.007671407403073925,-0.20455094408430996,1.6489704765997222,0.6194347168702122,0.9205779266269613,-1.0391560246121352,0.22535129985198768,-0.021272960959762346,-0.1832213404993395,0.288120051130849,0.2904611552805413,0.03923230644885209,-4.658470763992948e-05,0.5925598010671731,-0.04888558765130745,-0.026379945475548942,0.38735219221754025,0.08391586639606792,-0.2334440951071194,0.0002037879907275,0.0498956983957889,-0.0145349197072986,-0.0020020143812698
0,0.59,-0.005941879301938622,-0.20000783468257222,1.6433316725659295,0.6192640567533646,0.9196523288539744,-1.0403677692907447,0.20942685921024576,-0.017958766228520242,-0.1759141831269556,0.2862819983763733,0.3004706797692614,0.0406427146921087,-4.658470763991088e-05,0.5753538183588435,-0.054027035565964644,-0.03696990421910907,0.3062235688681652,0.08176452263093538,-0.18004352344346475,0.0002037879907275,0.0498889127227957,-0.0145402837787168,-0.0020034710254604
0,0.6,-0.0032802152169081242,-0.19815426152934823,1.6402472613088164,0.6188751451858912,0.9183858647125106,-1.041231953170602,0.19634041314988804,-0.014258621702411134,-0.17060137196167324,0.2846119673810741,0.30941243634164717,0.038903687607513615,-4.658470763991088e-05,0.5626898010950597,-0.058350618368652955,-0.04911801090818005,0.23445939883364514,0.08628064261401004,-0.12160617130320517,0.0002037879907275,0.0498835200074183,-0.0145465365862023,-0.0020050174839684
0,0.61,-0.0027821539888309,-0.196612145966276,1.6361727579183527,0.6179868273749061,0.9169962445482768,-1.0422227968137232,0.1829355525378768,-0.0134523035131703,-0.1672011659142543,0.2825376482712571,0.3196605014439143,0.0403758028956767,-4.658470763991088e-05,0.5517720519453021,-0.0608522511657451,-0.0717060949210262,0.174848596257242,0.0891811272124092,-0.0532295340691194,0.0002037879907275,0.0498788569854651,-0.0145543544804968,-0.0020067095649461
0,0.62,-0.0033382104327216,-0.1963672344348224,1.6326891014223248,0.616623894557859,0.9154656259122436,-1.0431598736830607,0.1710079669496121,-0.0146768540542964,-0.1635502191303013,0.2815923599756823,0.3306299803388581,0.0440698909271953,-4.658470763991088e-05,0.5435136469028432,-0.061040223175355,-0.0993995467402736,0.1270585315446803,0.0891135412158967,0.0193560189731164,0.0002037879907275,0.0498754984451805,-0.0145633980746247,-0.0020085218006985
0,0.63,-0.0039543267289006,-0.1951121745727876,1.6310311866039062,0.6148891217650351,0.9139693470708852,-1.0444680115305682,0.157224103799982,-0.0163414767557321,-0.1614686049268792,0.2795546897004305,0.339480554479199,0.0481595701471619,-4.658470763991088e-05,0.5366097275444582,-0.059677429016304,-0.1277955359087277,0.0949902074255788,0.0847736725794585,0.0783025944360344,0.0002037879907275,0.0498724295717947,-0.0145729784721958,-0.0020104413540929
0,0.64,-0.0040784382358221,-0.1930402535080657,1.632715600021679,0.6128211220291905,0.9125112356250256,-1.0461414805046303,0.1417548765110145,-0.0178351824616807,-0.1628417655541572,0.2773422784283156,0.3489320154965277,0.0520950536404892,-4.658470763991088e-05,0.5324872350446238,-0.0580555271962323,-0.1552142259579139,0.0837880563341283,0.0809196920029735,0.1187982527580736,0.0002037879907275,0.0498700341571151,-0.0145832593242153,-0.002012484319882
0,0.65,-0.0031537571586065,-0.1920126901370818,1.633354050513399,0.6108581412461749,0.9110116975262728,-1.0477980098962865,0.1289735209405053,-0.018413979720857,-0.1618416764094182,0.2771796166038082,0.3583179546618155,0.0545881844674095,-4.658470763991088e-05,0.5317422727817127,-0.0584504743540801,-0.1667492692129074,0.0914218094345325,0.0786584773930565,0.1192373249929414,0.0002037879907275,0.0498692812833328,-0.0145932388572032,-0.0020144811143627
0,0.66,-0.0022073024279734,-0.1901560567395328,1.6323894625483986,0.6087443325796107,0.9096233860364532,-1.0498930636801642,0.1158889951179447,-0.0196209699582446,-0.1608572445399785,0.2785007146618029,0.3691141474898032,0.0585947438253237,-4.658470763989404e-05,0.5288382408145055,-0.0587069387995048,-0.1590611584131665,0.109329832653064,0.0779175423360117,0.0862106988237199,0.0002037879907275,0.0498690558348012,-0.0146028583647085,-0.0020164034531808
0,0.67,-0.0012412814010599,-0.1875769542901825,1.630392122124425,0.6064117882247828,0.9083421732331036,-1.052420565092606,0.1025307778735924,-0.0211997715100867,-0.1595078502092392,0.2811035827462287,0.3786651872616713,0.0616266441649863,-4.658470763989404e-05,0.5219092160268155,-0.0576205223147246,-0.1367309714386736,0.1297716496393294,0.078451014091308,0.0372355267635774,0.0002037879907275,0.0498687850150428,-0.0146122033055597,-0.00201824925428
0,0.68,-0.0041446727767369,-0.1868927279502917,1.625346202018929,0.6034077487197965,0.906971033782854,-1.054626616839378,0.0924646968405683,-0.0272782864288529,-0.1534989310396145,0.2864375751425403,0.3872036301532556,0.0627566088581987,-4.658470763989404e-05,0.5161398204352193,-0.0525699251172194,-0.1229038350468099,0.1473824916215965,0.062258912035227,-0.0001404924579723,0.0002037879907275,0.0498689385002787,-0.0146228631562114,-0.0020201581969583
0,0.6900000000000001,-0.0126776992247498,-0.1860812226502133,1.6211139844971751,0.5992706146576103,0.9058461844353978,-1.056759618465264,0.0826307657264577,-0.0391541093287845,-0.1460759378765005,0.2929689688694489,0.3913535127691941,0.0616681331956119,-4.658470763989404e-05,0.5085847664355152,-0.0418891644022099,-0.1219392725311726,0.1469337220627147,0.0218580965295657,-0.0042909734654141,0.0002037879907275,0.0498682852231993,-0.0146353267272384,-0.0020222448318688
0,0.7000000000000001,-0.0244295356147604,-0.1843281272706562,1.6160384805963712,0.5945580259497929,0.9052070740492588,-1.0591695809987338,0.0739912268111069,-0.0540421538158739,-0.1363577974715094,0.3035459684960042,0.3903855669869338,0.0540405528141533,-4.658470763989404e-05,0.4971882433766865,-0.0290267658399924,-0.1237051851178715,0.1380181816710079,-0.0139795017889587,0.0160558275986026,0.0002037879907275,0.0498674331898562,-0.0146488859639134,-0.0020244341363877
0,0.71,-0.0349341634553958,-0.1838173210476323,1.6095343178529289,0.5900206740542223,0.9049079988591778,-1.061425098656176,0.07003238080004594,-0.06775441789652216,-0.12351348952238016,0.32005929582523435,0.38789467489361723,0.040164737071543374,-4.658470763989404e-05,0.48960645673749587,-0.0183111053539222,-0.1254430236131617,0.1413068705368284,-0.046774059668461966,0.021853114089458156,0.0002037879907275,0.0498680393830163,-0.0146619104976484,-0.0020265371976206
0,0.72,-0.04062695936781355,-0.183940050974121,1.6050417029413797,0.5859752553073434,0.904917917647647,-1.0636058343694317,0.0683042220157524,-0.0767776209859765,-0.11030226545229024,0.3390986468063727,0.3819144556445081,0.024608642335578766,-4.658470763989404e-05,0.4863278892650382,-0.011686607112477272,-0.12007904789708677,0.1581858941102533,-0.06672226047547063,-0.000674207138356784,0.0002037879907275,0.0498696513981017,-0.0146736867912509,-0.0020284976317375
0,0.73,-0.04716587108273752,-0.18519193022590968,1.6029067296723498,0.5814250216839456,0.9052633686381424,-1.065506623683586,0.07071053687546316,-0.08720945813812067,-0.09582834561360298,0.3637385306226402,0.3709875286772657,0.006352218636539524,-4.6584707639871694e-05,0.4845679566038159,-0.0026036282471427114,-0.11381194447990187,0.17465510186858993,-0.0715057751273785,-0.031835042501861054,0.0002037879907274,0.0498719875599244,-0.0146862223797501,-0.0020305554003076
0,0.74,-0.055075373480864505,-0.1857337650402825,1.6015624215294075,0.5764365552449008,0.9061220618815478,-1.0675067731080097,0.07560924852570715,-0.09950000136529144,-0.08003152761866476,0.39390810570470747,0.35585749769705527,-0.01340594931768829,-4.6584707639871694e-05,0.48041069794073243,0.008860038013535063,-0.10604300867962299,0.18709545023659077,-0.06880474907835753,-0.054431911439269516,0.0002037879907274,0.0498736208727156,-0.0146997160636237,-0.0020327240400443
0,0.75,-0.0632894116097058,-0.1866552063617527,1.6008550245262672,0.571217293700692,0.9074005774935648,-1.0694959779585214,0.084386833741279,-0.1123470759900423,-0.0638152395313997,0.4300118404577926,0.3351886498799378,-0.0326465638641424,-4.6584707639871694e-05,0.4739648919496201,0.0221748789300476,-0.09471097877189,0.1956298579833214,-0.0656513776501885,-0.0684273521708869,0.0002037879907274,0.0498756959058717,-0.014713447293883,-0.0020349079679951
0,0.76,-0.0701673067891053,-0.1865062966253445,1.5989112299206174,0.5663128093620949,0.9090066354690052,-1.0715952638408404,0.0965259494071608,-0.1234850240569468,-0.0456598294366591,0.4725485308233514,0.3091752767634926,-0.0537631984569544,-4.6584707639871694e-05,0.4648843445450561,0.0341366979711127,-0.0862554919784788,0.2002297427588572,-0.0608356175834079,-0.0831616637131715,0.0002037879907274,0.0498778293330176,-0.0147261844750565,-0.0020369628066211
0,0.77,-0.0765305022554205,-0.1847872348444701,1.5938384121263565,0.5617480533798307,0.9108192107467362,-1.073883176881356,0.1118746249155476,-0.1349714085831057,-0.0309523938068309,0.5219182312714954,0.2786732839895874,-0.0694480293793276,-4.6584707639871694e-05,0.4526552942902374,0.0441641834045749,-0.0858780709778431,0.2022464360172857,-0.0537055952256195,-0.092748264031517,0.0002037879907274,0.0498798479731672,-0.0147381743901413,-0.002038899796092
0,0.78,-0.0817805877550766,-0.1828264690424065,1.5863852219564878,0.5575808075756692,0.9126433282419926,-1.0760941036791352,0.1313939305563138,-0.1462473670123348,-0.0213723191502853,0.5762837615386438,0.2384916416263024,-0.089045986121127,-4.6584707639871694e-05,0.4389465928877584,0.0518864452948202,-0.0913796161038904,0.2022241744806507,-0.042298182275516,-0.094420413858405,0.0002037879907274,0.0498821825076407,-0.014749152042623,-0.0020406913011068
0,0.79,-0.084739288869903,-0.1788656552164075,1.578910750538072,0.5539291348320722,0.9145106896326788,-1.0785010605947318,0.1512948485122112,-0.155694124368547,-0.0171186286013744,0.6330176943310503,0.1931996567103261,-0.1078496433964936,-4.658470763983808e-05,0.4228303029583226,0.0556593784087859,-0.106513692435209,0.2014143359761725,-0.0311254779350969,-0.0819618691054586,0.0002037879907273,0.0498840724350734,-0.0147589443317327,-0.0020423445018358
0,0.8,-0.0895476966649937,-0.1760150153139648,1.571499346667513,0.5500054715066431,0.9161817813702868,-1.080426731971902,0.1768321716792473,-0.168031264254367,-0.0147333791808322,0.697202198223256,0.1534446132854337,-0.1226111410044658,-4.658470763983808e-05,0.4081549299794983,0.0608673337887349,-0.1250049341670668,0.1997990094005083,-0.0214406905541373,-0.062829985600911,0.0002037879907273,0.0498868087365925,-0.014769455335162,-0.002044070993764
0,0.81,-0.0919163795605977,-0.1731998664722731,1.5667029754509263,0.546375404451481,0.917663552493816,-1.0820697661238174,0.2046169854505268,-0.178054389506919,-0.0159564982403432,0.7636684356517176,0.1149424461985914,-0.1384555743753762,-4.658470763983808e-05,0.3942555803827968,0.064423581102703,-0.1401562337320904,0.1986563455580831,-0.0113208691283564,-0.0436871908304669,0.0002037879907273,0.0498895093500038,-0.014779000896294,-0.0020457099331276
0,0.8200000000000001,-0.092356051674723,-0.1705211165248387,1.5639965945740677,0.5430838827598268,0.9189463084551612,-1.0833701906674111,0.233925249088054,-0.1854678017991007,-0.0198921777039014,0.828546711790217,0.0744585797463014,-0.1598573527287169,-4.658470763983808e-05,0.3824355033234036,0.0662113473471114,-0.1518495686649851,0.20084392245496,-0.0008857566350873,-0.0260807207756603,0.0002037879907273,0.0498921823327379,-0.0147877386943933,-0.0020472701050305
0,0.8300000000000001,-0.0936856586517604,-0.1684976330400647,1.5621804709012592,0.5396944163297169,0.9200156284006472,-1.084265578869493,0.2658663633277214,-0.1930675327850989,-0.0229579730557036,0.8924827279952948,0.0318220626797385,-0.1872519863392938,-4.658470763983808e-05,0.3714266815626262,0.069926621646723,-0.1607563579173389,0.2019813473494339,0.0088015519561905,-0.0111046131710311,0.0002037879907273,0.0498951878346306,-0.0147965843322322,-0.00204885999964
0,0.84,-0.09643632406439485,-0.1673184839729772,1.5596755489068377,0.5362207517294321,0.9207590885516592,-1.084698179680796,0.3010546662522125,-0.2021519067254835,-0.025619673279113672,0.9554584061627381,-0.0067299700130394,-0.21684017592660093,-4.658470763983808e-05,0.3606044554669462,0.07620523534005631,-0.1636126435122882,0.20029695184948212,0.016245698472875228,-0.007794434996982288,0.0002037879907273,0.0498983206342153,-0.0148057777996827,-0.0020504695620492
0,0.85,-0.09923468394084577,-0.16688607333254252,1.5572743695481457,0.5329354113659065,0.9212839063679412,-1.0847527815731255,0.3377480357949781,-0.21033706761685603,-0.028261978074183167,1.0144120090469173,-0.03560853623613303,-0.25466629303759064,-4.658470763983808e-05,0.34948634433700765,0.08289266163648423,-0.1640309357306761,0.19601339085028865,0.02367655004227271,-0.008682571992518399,0.0002037879907273,0.0499018336353936,-0.0148146335215954,-0.0020520449277271
0,0.86,-0.1002632737917356,-0.16232744548173425,1.554964031878681,0.5301605643669955,0.9219974888398114,-1.0853396667533128,0.3687160055667484,-0.21636844965740204,-0.03243390566951715,1.0671028498817519,-0.04285343123130932,-0.2905536876414879,-4.658470763980492e-05,0.3332452372789372,0.08757231033290926,-0.16713621951313284,0.19065375405259655,0.031121641739570927,-0.0040942381877896,0.0002037879907273,0.049903912987947,-0.0148225604952705,-0.0020535169816234
0,0.87,-0.09846101153750372,-0.15777915490496514,1.552846141739216,0.5281337343882851,0.9227293617562764,-1.0856667764136194,0.3982120687835264,-0.2181355119187372,-0.03700214593478716,1.1106047634239782,-0.028019474772034918,-0.3150123780081638,-4.658470763980492e-05,0.31761789305925686,0.08790635310261372,-0.1770526350015419,0.18624197436529205,0.036419455353892544,0.011959341467530516,0.0002037879907273,0.0499056558251419,-0.0148290094670185,-0.0020548300117613
0,0.88,-0.0983581904824443,-0.1576902136851175,1.5471323611741248,0.5262973811333731,0.9232091836671312,-1.0849261009448967,0.4343896107725243,-0.2185003632427171,-0.0360116943612409,1.1483929560588628,-0.0053788744732037,-0.324783582722307,-4.658470763980492e-05,0.3071294938993557,0.0897443394304733,-0.1828582150455822,0.1811236008099559,0.0418626229442671,0.0167170790180105,0.0002037879907273,0.0499087786539476,-0.0148353140038368,-0.0020560953082717
0,0.89,-0.0936840877278217,-0.1571023472353308,1.5455094273878205,0.5250886195038912,0.923813117515696,-1.084161102129522,0.4660280336564634,-0.2145174330013738,-0.0400049828651672,1.175442928106048,0.0147296020179221,-0.3231288449214438,-4.658470763980492e-05,0.2964091030187978,0.0876595219398551,-0.1829726492674094,0.1770750017627512,0.0487526229094534,0.0202394784964797,0.0002037879907273,0.0499116676354895,-0.0148405546529711,-0.002057249949404
0,0.9,-0.0865528322851211,-0.1547605508060141,1.544685151356902,0.5244375202571679,0.9246234220902644,-1.0836340609243251,0.4925637693799305,-0.2077551667771178,-0.0465290092773988,1.1917332137337455,0.0287824793546142,-0.313797367325794,-4.658470763980492e-05,0.2831465779565375,0.0827883140790947,-0.1849103295018052,0.1716105717391376,0.0532303680288151,0.0266289948567713,0.0002037879907273,0.0499138531487457,-0.0148450058988006,-0.0020583062346351
0,0.91,-0.0828800585808192,-0.1567301873224725,1.5422120480531376,0.523483553876908,0.925148406051686,-1.0821997163747858,0.5237768218265093,-0.2024636212579592,-0.04862319285978,1.2015741762702876,0.0427359559395553,-0.299901422771225,-4.658470763980492e-05,0.2752658971232703,0.0809928509793811,-0.1881055941425597,0.166785679273259,0.0569481803615702,0.0314903469942727,0.0002037879907273,0.0499172794999923,-0.0148498156715865,-0.0020593843457104
0,0.92,-0.0775840229625556,-0.15751462436564,1.5415091744900946,0.5228122192135732,0.9257412349888208,-1.0809341540293436,0.5501481399607495,-0.1951478718832816,-0.0524130269690179,1.2014199609260694,0.0556595677405372,-0.2852244610280435,-4.658470763980492e-05,0.2660565573390296,0.078227537228854,-0.1859926286995759,0.1615000905190049,0.0615037813630358,0.0308808668413133,0.0002037879907273,0.0499200414843535,-0.0148536048451581,-0.0020603595755726
0,0.93,-0.0714428013264587,-0.1554242814074019,1.541450370831709,0.5223941358421992,0.9264768623552552,-1.0801497498227302,0.5697871143808478,-0.1868820369930206,-0.0575579917459832,1.191634810683377,0.0659404529848553,-0.2743872594910496,-4.658470763976282e-05,0.2542228989704191,0.0743244360017257,-0.1836164823195296,0.1573779078814683,0.0674895357465672,0.0316264702871798,0.0002037879907272,0.0499213818035758,-0.0148564066421157,-0.0020612247185813
0,0.9400000000000001,-0.0666669517245571,-0.1541920396687661,1.5403537834813557,0.5219408005455006,0.927025833058305,-1.079065873408935,0.5885763505409676,-0.1805744472321916,-0.0632174107973175,1.1742763130721907,0.0775532051300085,-0.264531448913259,-4.658470763976282e-05,0.2464155524608275,0.0701926148747849,-0.1867387624086723,0.1598894904298514,0.0774990163748058,0.0362421289848971,0.0002037879907272,0.0499235192649518,-0.0148590889960721,-0.0020620417003566
0,0.9500000000000001,-0.0635985476499313,-0.1521382155263005,1.538284350715894,0.5213949357520073,0.9275401003626792,-1.0781371467829817,0.6040489925098278,-0.1753692874881849,-0.0685037293998904,1.1483016984742338,0.0894988979056318,-0.2557285480343134,-4.658470763976282e-05,0.2362769571444255,0.0679211745936768,-0.189683207795195,0.1591331398931081,0.0844059086199214,0.039851927407402,0.0002037879907272,0.049925057932521,-0.0148624544548585,-0.0020629249476147
0,0.96,-0.05991172072362904,-0.150811821542463,1.5398601206965032,0.5207156790369833,0.9279050684225556,-1.0770946214717352,0.6166288347112974,-0.17117248415165257,-0.07633717654779501,1.1148380847061725,0.09629992171596315,-0.24805733266266689,-4.658470763976282e-05,0.22680841419649247,0.06610838710484873,-0.1873766470922078,0.1581402662789501,0.09263677359785699,0.039789415405894375,0.0002037879907272,0.049927045647289,-0.0148653369354986,-0.0020638056207391
0,0.97,-0.05751243137659132,-0.1501964297453846,1.5389657828264778,0.5201646205976491,0.9281164081675816,-1.075937326634013,0.6273970967660029,-0.16710136741686502,-0.08204055462163845,1.0741506571274513,0.10076825001633265,-0.24083600649944167,-4.658470763976282e-05,0.21802595146834078,0.06416211123931131,-0.192626409422362,0.1571652334644991,0.09986250680797654,0.050199022690235434,0.0002037879907272,0.0499297892353886,-0.0148678665972648,-0.0020645913594067
0,0.98,-0.05601142602520322,-0.1501984800161249,1.536894853663234,0.5196800240846838,0.92817648008042,-1.0746703514219074,0.6362140496040387,-0.16364734375301296,-0.08767857213429833,1.0268898560274944,0.10523287888378165,-0.2308346522991356,-4.658470763976282e-05,0.210217974091033,0.06226041138459972,-0.20226166087786382,0.1573073583738826,0.10752739022158532,0.06536438442590319,0.0002037879907272,0.0499331013305821,-0.0148699136667959,-0.0020652921073728
0,0.99,-0.055025338463902305,-0.1497724487736337,1.53519734666919,0.5191477549037098,0.9281828312780628,-1.0735672810851773,0.6410531216447162,-0.16065967722581473,-0.09451854872330882,0.9722591171603621,0.10902931042320577,-0.22100656609168268,-4.65847076397186e-05,0.2005507598367461,0.06224849475331369,-0.202869839510954,0.15473406127923123,0.11461922425952333,0.06688153638043519,0.0002037879907271,0.0499358745987694,-0.0148713183255132,-0.0020659092847285
0,1.0,-0.0544560189119292,-0.1513144522892026,1.5338573283887456,0.5186642735233644,0.9279615277470536,-1.072143542956015,0.6448960072769108,-0.1575005013608217,-0.1011939331765371,0.9112671754487104,0.1074711754147148,-0.212524778175672,-4.65847076397186e-05,0.1933390627636405,0.0621916274672487,-0.2056260489054449,0.1525354444255001,0.1213653708220882,0.0711937993467537,0.0002037879907271,0.0499396260331939,-0.0148723706097939,-0.0020664807756351
1,0.0,-0.0543856418402841,-0.1516507805992652,1.5332825869559683,0.5185240630100283,0.92787624037063,-1.071710719200939,0.6453820970812315,-0.1565156307170975,-0.1034873103764441,0.8898294217589204,0.1068054949949548,-0.2080001471237434,-4.65847076397186e-05,0.190681961270691,0.0621936459871395,-0.2070299539402849,0.1516905393180528,0.1236670403310472,0.0736219170192649,0.0002037879907271,0.0499408104921059,-0.0148725945570959,-0.0020666524503067
1,0.01,-0.05538661211029093,-0.15024943142405983,1.531559697955285,0.5179506787804437,0.927713911037651,-1.0708827503394043,0.642611042044965,-0.15527300889608855,-0.11117874139726988,0.8228610513199518,0.10451184904443743,-0.1897183012039826,-4.65847076397186e-05,0.17978001280351394,0.06368745896220701,-0.21157700777548663,0.14902558934049237,0.13082741274290535,0.08172948599699571,0.0002037879907271,0.04994360583734982,-0.014873378813976738,-0.002067171018514479
1,0.02,-0.05674214033317858,-0.14946026722161773,1.5285970413188874,0.5175705867639095,0.927420460904875,-1.0700738135897587,0.637862511422185,-0.15268885892589984,-0.11676248678936167,0.7522689966619612,0.09539688958663536,-0.16623561720736843,-4.65847076397186e-05,0.16902321308231189,0.0655112943844629,-0.21664390808647135,0.14645789491964287,0.13704153630681493,0.08666313764158859,0.0002037879907271,0.04994711464983372,-0.014873545454370932,-0.0020675969335101642
1,0.03,-0.05742899422767748,-0.14969655349075528,1.5274455165604737,0.5173188803997162,0.926951067173925,-1.0691339179507733,0.6319844358638983,-0.14965345599586294,-0.12379431133596054,0.6799147094086185,0.0833796602417817,-0.13702575378341444,-4.65847076397186e-05,0.16003803230274083,0.06659462293496608,-0.2178645304330054,0.14502116866739537,0.14565459874146852,0.09013258098825613,0.0002037879907271,0.04995145424762308,-0.014873021375375453,-0.002067986545979051
1,0.04,-0.05885209499699751,-0.15006539128782903,1.5276210422968228,0.5169844398898741,0.9263605490542787,-1.0682481333257436,0.6247092777788078,-0.14788112622060615,-0.1326141104515181,0.607857723277827,0.07387239058920025,-0.10324765790652446,-4.65847076397186e-05,0.15167812067220135,0.06823935742378187,-0.21879231811657265,0.14457856234467747,0.1548831087111391,0.0956677249436218,0.0002037879907271,0.04995641674290312,-0.014872598115726636,-0.002068409552955684
1,0.05,-0.05955385227963565,-0.1511144070766301,1.5274091758854715,0.5169698265837098,0.9256066227495721,-1.0673435108403877,0.6171320820151152,-0.14476550380128378,-0.14139103827034552,0.5381911980508702,0.06464711143781476,-0.06831537060315007,-4.6584707639716545e-05,0.14492525932687628,0.06861320417037858,-0.2204084683181799,0.14676388736581078,0.1648780546140066,0.10032435303776656,0.00020378799072709501,0.04996263701141585,-0.014870701326553744,-0.002068658191880685
1,0.06,-0.06040338483075785,-0.15218261064207303,1.5279393531375878,0.5170134430482333,0.9247585442330021,-1.066597316981104,0.6088766680543081,-0.14198562274238805,-0.1506167516172939,0.47238247925267574,0.054959461012817824,-0.03458577207233564,-4.658470763967758e-05,0.13754984995541927,0.06936637079052349,-0.2190493954450615,0.1476738816734044,0.1746897125511819,0.10171544053438682,0.000203787990727,0.04996980367145226,-0.014868125303103642,-0.002068839167041424
1,0.07,-0.06151293877533852,-0.15292037487779972,1.5278360051912336,0.5172592893558492,0.9238466015844066,-1.066047827098512,0.6002747887766219,-0.13869701553570607,-0.15762346226889198,0.41216542030488756,0.047341328872954495,-0.0019049768739984804,-4.658470763967758e-05,0.13001664741967692,0.06981714156222879,-0.21887453650836694,0.14933501150702988,0.1849479474279739,0.10510365521554944,0.000203787990727,0.04997794755464786,-0.01486486884170699,-0.002068930399325399
1,0.08,-0.06098167646396214,-0.15283619263696088,1.5267316860610474,0.518048795196094,0.9229158784835554,-1.0658080805396526,0.5905765099941331,-0.13312690222043244,-0.1630358634274054,0.3584913242551472,0.04481231685003843,0.031004162482505794,-4.658470763967758e-05,0.12206171918865276,0.06817331526335864,-0.21822277261046716,0.15297825946394328,0.19613361396358162,0.10388785299995008,0.000203787990727,0.04998662237894769,-0.014859872403971497,-0.0020688158510673562
1,0.09,-0.06018342226014335,-0.15330142493999813,1.527493236057468,0.518865197450368,0.9218987525811485,-1.0656521853602514,0.5818266743661346,-0.12829701504955554,-0.167771653936034,0.3130955695243162,0.04551038426108823,0.06022525611912837,-4.658470763967758e-05,0.11437678735450153,0.06654434567043341,-0.21523214640113703,0.15603089363433786,0.20723402592144458,0.10234456746419542,0.000203787990727,0.049996301086147506,-0.014854637604028945,-0.002068693544060435
1,0.1,-0.059351284967206076,-0.15335936133849007,1.528368655950583,0.5198396445876222,0.920863193304661,-1.0657049967758865,0.5733832406845804,-0.1239222292804169,-0.17293089199852377,0.2761996805717965,0.04796110606336169,0.0871489030857272,-4.658470763967758e-05,0.10686528034161874,0.06451025603630793,-0.21279246529674678,0.1606424325101594,0.21968066226459354,0.10187625354912525,0.000203787990727,0.05000639349829626,-0.01484897552937304,-0.0020685024186906696
1,0.11,-0.05712020119231037,-0.1532136399877845,1.529489222035022,0.5212086932742448,0.9198209252946992,-1.0660432125358512,0.5642338029152953,-0.11818787800616046,-0.17733048716826966,0.24662661948764392,0.05246716834656748,0.11037264471533675,-4.658470763967758e-05,0.09850845324686586,0.060982000673524564,-0.20979353487342176,0.16525754163861414,0.2335562751193713,0.1035569503267669,0.000203787990727,0.05001673721359648,-0.01484203624608613,-0.00206816370284319
1,0.12,-0.05547924955194708,-0.15155594968546413,1.5305331279667196,0.5226486101096367,0.9188465085193779,-1.0667521052015605,0.5545786957856096,-0.11371860134021135,-0.18089381901116414,0.22617462316447776,0.058290625769962544,0.12984563101411867,-4.658470763963836e-05,0.08985163609551841,0.05756008385848211,-0.20745942300094963,0.1727246499480125,0.24703776327833454,0.10305976896685756,0.0002037879907269,0.05002714992938771,-0.014834957061624516,-0.002067797281911132
1,0.13,-0.053970445244689115,-0.15180179428829074,1.5326302560807732,0.5241049910389318,0.9177240695586788,-1.0673380401210053,0.5474649118045125,-0.1102815951930939,-0.18281207299211366,0.21434355612400652,0.06400942544352917,0.14184187589838768,-4.658470763963836e-05,0.08287580046999675,0.05459544234006775,-0.20106583250461935,0.17940824481868917,0.2605778876198763,0.09820859797976536,0.0002037879907269,0.0500388493647863,-0.014827794305623159,-0.0020674194855888183
1,0.14,-0.05166085579746385,-0.15192220033098855,1.535341663374746,0.5258040795636193,0.9165891859350969,-1.0681172612205159,0.540564851471737,-0.10696849963499942,-0.18520517440322215,0.2106339622186557,0.07053319086179638,0.14555626576957936,-4.658470763963836e-05,0.07633544504153886,0.050587750802033774,-0.19182108252056937,0.18737031303068044,0.275252701217793,0.08793421776393553,0.0002037879907269,0.05005114890365226,-0.014819525488710582,-0.00206689881889898
1,0.15,-0.04941969251693571,-0.15122860579915523,1.5380843674092486,0.527687189287945,0.9155025352722714,-1.0692284698530765,0.5325657478382079,-0.10400701874675032,-0.18534659016931843,0.21372543895090326,0.07793941878781889,0.13986247437240498,-4.658470763963836e-05,0.06993879981687047,0.04582624179173972,-0.18515912403052623,0.19823222925937364,0.2905314709747749,0.08329793944008067,0.0002037879907269,0.050063694918688,-0.0148106114251188,-0.00206625080029143
1,0.16,-0.04762797230269218,-0.15103155269788351,1.5403179781533594,0.5297079505931691,0.9143694217359185,-1.0705537249091148,0.5249990892442803,-0.10120039171090842,-0.18174117837421344,0.22254008531442596,0.08333533268023945,0.12612291221023994,-4.658470763963836e-05,0.06137695357709675,0.041932980979631565,-0.17703045473974086,0.2037183035552818,0.3034131107301369,0.07830325754877174,0.0002037879907269,0.0500767620126152,-0.014801656571879988,-0.002065585531125912
1,0.17,-0.04630737569942314,-0.15063588093732658,1.5440744472628873,0.5317369489891829,0.9132393365070556,-1.0720811601517193,0.5163807512734979,-0.09923426941759718,-0.17819766321019614,0.23383348889383748,0.08433980399301251,0.10665120204946565,-4.658470763963836e-05,0.05326657429720097,0.03801822613432077,-0.16774205070989326,0.21105542632723517,0.3160323319155879,0.07171434630915931,0.0002037879907269,0.05008979807272819,-0.014792995236304302,-0.002064973270399987
1,0.18,-0.0422640233209265,-0.1519903746545977,1.546604439771373,0.5345846496308009,0.911951329583571,-1.0732690083537841,0.5099946373547489,-0.09280444365752083,-0.1767436510180943,0.24024975156721068,0.06701249934561274,0.08191705493012276,-4.658470763963836e-05,0.047993966129605395,0.03054199596632811,-0.15896938731648058,0.22083064716216838,0.32763760488957183,0.06079431464563704,0.0002037879907269,0.050103025503329124,-0.014782917242411465,-0.00206421246612072
1,0.19,-0.03361356135566147,-0.15579655347778268,1.5487638164597421,0.538368195658086,0.910660897924531,-1.0739566524905464,0.5077677034657133,-0.08187971243572224,-0.185271546532671,0.23890301141382553,0.037619935416949093,0.06362682470358513,-4.6584707639599146e-05,0.04456258643865327,0.019059521574889295,-0.14320973195319966,0.2280362607206975,0.3359272692817809,0.0405948363234928,0.0002037879907268,0.05011657649024005,-0.014771462974379708,-0.002063303148491723
1,0.2,-0.02335746689397061,-0.1586287298214957,1.5506851763518779,0.5426337896073701,0.9097570173005829,-1.0748454061497428,0.5063879142253344,-0.07059523683353915,-0.1960572219999836,0.242067751516619,0.01782752749790902,0.054534678931812165,-4.6584707639599146e-05,0.04124511301075579,0.004877588561702386,-0.13244465270742778,0.23763005786813357,0.3416543988266966,0.026709784755878145,0.0002037879907268,0.05013034388048114,-0.0147595862806889,-0.00206232614986584
1,0.21,-0.017253210639439305,-0.15883611634687336,1.5494191957453884,0.5466221257716373,0.9093762257783391,-1.076299853517521,0.5046430909842994,-0.0628079779549827,-0.19751978793053582,0.2562243503684476,0.00035883282884945035,0.04010022752314499,-4.6584707639599146e-05,0.03571577231183101,-0.004454276899179727,-0.1225033549379101,0.24949353785390566,0.34432827572110086,0.006179817640819325,0.0002037879907268,0.0501441850882999,-0.014749096555921208,-0.0020614737112557013
1,0.22,-0.014728250200301529,-0.15715540593355684,1.5460989688533573,0.5502554750710998,0.9093956952036043,-1.0780414481450702,0.5033595841525977,-0.05900649489095419,-0.19604016806176625,0.27844160246407407,-0.0024345032336863083,0.027464906254718986,-4.6584707639599146e-05,0.030110101301257998,-0.009472665583471623,-0.1121465751267959,0.26566970729249045,0.34310502004973753,-0.023335864940028966,0.0002037879907268,0.05015792172233479,-0.014739948057888693,-0.00206075102678584
1,0.23,-0.012801611109921892,-0.15554428096342898,1.5434186380655355,0.5540267721139703,0.9096988462362907,-1.0795922721494982,0.5030800496756813,-0.054838212691642935,-0.18913342210765435,0.3009612294611706,0.0032060610030449164,0.014169453406592708,-4.6584707639599146e-05,0.02898080615142361,-0.016213892298274177,-0.10748096837614078,0.28926797121575465,0.34017231121061353,-0.03958704880798748,0.0002037879907268,0.050171729967304374,-0.014731392021936341,-0.002060110825839683
1,0.24,-0.008688852534517077,-0.15309366966397,1.5398465290626075,0.5585819105616978,0.9103982614515665,-1.0813373400527906,0.4988363567554046,-0.04469052779236326,-0.17296656364832155,0.3169048380274154,0.007896166446754574,-0.005322644334554499,-4.6584707639599146e-05,0.030152877985939342,-0.027115423715294098,-0.1067067948129174,0.3195444453010799,0.335885112744396,-0.04930798388300583,0.0002037879907268,0.050185319984525585,-0.014721607039573592,-0.002059340147890784
1,0.25,-0.004210531534840847,-0.15157296644180784,1.5406491536763405,0.5628380485694441,0.9112972766150017,-1.082926871840204,0.4926330508582259,-0.034788947859712115,-0.1607547123170722,0.327930032682026,0.014147556638528706,-0.025773858706451838,-4.6584707639588636e-05,0.03751572365174489,-0.03653228623907853,-0.08985808250348853,0.3581711243842603,0.327665558204554,-0.0824456039736372,0.0002037879907268,0.05019971796493325,-0.014711655083501899,-0.002058599499490025
1,0.26,0.0005214139665172757,-0.1514605220796274,1.5431738330884912,0.5670348818226382,0.9122522525142838,-1.0841339179962313,0.48647990362199517,-0.024573282407605024,-0.1518067946020478,0.33629888812655234,0.02166534093361211,-0.04406107112328986,-4.658470763955712e-05,0.05296813013980528,-0.04634572090320285,-0.0704516534334581,0.40814039799863405,0.3151301282787722,-0.1202308968970899,0.0002037879907268,0.05021539270879767,-0.014701139943504395,-0.002057819451957532
1,0.27,0.0057810477817301555,-0.15144767121693242,1.5486938132038734,0.5710482434343481,0.913277922679475,-1.0851035679099643,0.47866415718691807,-0.01445917445440124,-0.14580625177885265,0.3412866965137944,0.030198929904291072,-0.0622734359782067,-4.658470763955712e-05,0.07617860370506581,-0.05682785122805267,-0.051528788650091695,0.47013545718701666,0.29700245499589273,-0.15387168654735756,0.0002037879907268,0.050230978795054226,-0.014689980009008063,-0.002057039303631449
1,0.28,0.01082428302892646,-0.1513006462894062,1.5557749741240132,0.5747762966433247,0.9143175495206541,-1.0858442195068445,0.4696420572372806,-0.006166275121458731,-0.14626278316085156,0.34405335391342456,0.040144087609305365,-0.07494222252487019,-4.658470763955712e-05,0.1055242417400381,-0.06713417694554526,-0.03608542285129153,0.540789526648419,0.2671100188227652,-0.18547853528701908,0.0002037879907268,0.050246381282798055,-0.01467829487527602,-0.0020562240156076082
1,0.29,0.015423016536388503,-0.15137274406704587,1.5630794291213739,0.5782714475423065,0.915295555443878,-1.0863162082856865,0.45985669370621235,0.00033733153246710037,-0.15156765243285544,0.34436050462923307,0.05112756421497361,-0.07805754330825579,-4.658470763955712e-05,0.13918376563397586,-0.07701515129829554,-0.02428529272838804,0.615829166364106,0.22597582980290606,-0.2132821850810645,0.0002037879907268,0.050262394679371325,-0.014666471341158071,-0.002055384286530092
1,0.3,0.020346188391136482,-0.14995447862052277,1.568526757670979,0.5818309167859802,0.9162847307271748,-1.0868191813318024,0.4479984569437018,0.00666934865445698,-0.16026883096925115,0.34289418532083704,0.06174229687975214,-0.07368942932275434,-4.658470763955712e-05,0.17295224900994638,-0.0867296172067371,-0.013337726312233112,0.6909303932856465,0.1739941924916722,-0.24381468323930763,0.0002037879907268,0.05027766434282319,-0.014654260601596759,-0.0020544685865710897
1,0.31,0.026366531898707607,-0.14965897928794222,1.575217619873613,0.5853213117607822,0.9170019798508858,-1.08672730425045,0.43867566368135447,0.012877811222541407,-0.1718798112610801,0.3426636688060409,0.07292463235856421,-0.06705906752545754,-4.658470763955712e-05,0.21163524024209068,-0.09636431382006902,0.0005547838867683518,0.7688330768539581,0.12728291299179814,-0.273295729414117,0.0002037879907268,0.05029367090883126,-0.01464144825450121,-0.0020535084151696442
1,0.32,0.032530945032408255,-0.148669802929851,1.5795739501735515,0.5888610292253602,0.917485264246387,-1.0864001496469535,0.43005467218308074,0.01944686527641255,-0.18223956170671307,0.3445697770922817,0.08563181993602254,-0.05842286387356849,-4.658470763952018e-05,0.25048552105115984,-0.10525627453760979,0.012832765724420258,0.8452830297177386,0.0986634707869568,-0.29575284279276376,0.0002037879907267,0.05030947447069115,-0.014628497877189324,-0.002052501579819996
1,0.33,0.036002700110904395,-0.14840836642290536,1.5815808441058945,0.5919513517914535,0.9177471075002651,-1.0856702863169838,0.4228490730659144,0.023757299735965236,-0.1897170813845324,0.3473164753877591,0.09736590907696006,-0.04947070765227699,-4.658470763952018e-05,0.28932370606490027,-0.1104560758437866,0.022052775764206112,0.9166654533725014,0.08991762221066063,-0.3116530362895712,0.0002037879907267,0.050325535716009326,-0.014616822547173183,-0.002051600916338655
1,0.34,0.03814692921454464,-0.14520202599953616,1.5831020403684564,0.5946579553429234,0.918208281227909,-1.0852069497080126,0.41212915995494964,0.026593683460855763,-0.19690047705854177,0.34913272125751044,0.10843647437617243,-0.038639787628809305,-4.658470763952018e-05,0.32404564177027845,-0.11429593644725522,0.027272877117606228,0.9810651130881636,0.1019464814378677,-0.3137590565260775,0.0002037879907267,0.05034019050157712,-0.014605640671603647,-0.002050740653639212
1,0.35000000000000003,0.03750122614278662,-0.1395845215141326,1.5810997045380313,0.5970321625874976,0.9189824799771238,-1.085034678734248,0.39724100498171006,0.02858446210831626,-0.1992638142471352,0.3478592483805519,0.11857597590508062,-0.029215740408648747,-4.658470763952018e-05,0.3535688318061539,-0.1160639754303532,0.026044756139212078,1.0361274483776373,0.11640366723740704,-0.3132787971245089,0.0002037879907267,0.05035337254561505,-0.01459528447650051,-0.00204993234785036
1,0.36,0.03574338305967507,-0.1354751445532561,1.5797534468758918,0.5990047529449191,0.9198114532759211,-1.0843870172662249,0.3836267728635518,0.029108572998958387,-0.20480348278135876,0.34516112060297577,0.12707868181583498,-0.017639425035179315,-4.658470763952018e-05,0.38409027783513067,-0.11648255943924483,0.024051323254806405,1.0827471838482396,0.12717088823339587,-0.313237950857893,0.0002037879907267,0.05036633972224161,-0.014585485432646513,-0.002049181839911672
1,0.37,0.0326859779970768,-0.13478521578368388,1.580535487812235,0.6003820279348258,0.9205257121791717,-1.082949047720317,0.37372305927236105,0.027852990740180723,-0.209380945581617,0.3414512428519723,0.1337540770993712,-0.008738334892502505,-4.658470763952018e-05,0.41795302340590773,-0.11411210239274813,0.022514306051276946,1.1215187482544062,0.13766897835104666,-0.31316671724763473,0.0002037879907267,0.050379702735757204,-0.014576294884130451,-0.002048510063025989
1,0.38,0.02861584896616322,-0.1343901863611413,1.5809879463608547,0.6015116398452804,0.9213695419817067,-1.0814576036902979,0.362696704437971,0.027072312091865426,-0.20859763654938432,0.33487306334973527,0.1392012511189677,-0.007101470699666268,-4.658470763952018e-05,0.4489855565384708,-0.11070646078809465,0.019182357357632993,1.1499702165206047,0.14836016884726924,-0.3130960606601141,0.0002037879907267,0.05039280702677059,-0.014567703004596222,-0.002047913237722052
1,0.39,0.0230484059412574,-0.13602601291630056,1.580604041345343,0.6022400387544861,0.9221164334178604,-1.079411754792329,0.35520827883497735,0.024317637928094597,-0.20676407463767357,0.3296163850131856,0.14366535824445642,-0.0060705900797244205,-4.6584707639484e-05,0.4808397092392524,-0.1052616969675935,0.013887836607373453,1.170202843691355,0.15795226647334598,-0.3130295391457862,0.0002037879907267,0.05040625443044081,-0.014559720886548357,-0.00204737054333649
1,0.4,0.017563046026348575,-0.13530862248495762,1.5815314082077785,0.6027102679365788,0.9230844065669517,-1.0777851347217708,0.34420561895625373,0.02120732945404778,-0.2058344896716052,0.32317620029935146,0.14770340459693665,-0.0037104000812442353,-4.6584707639484e-05,0.5071762870133755,-0.09908999494296528,0.008766183659809516,1.1806870007285402,0.167441910608342,-0.31296597857542274,0.0002037879907267,0.05041820072203712,-0.01455161837120458,-0.0020468378007352803
1,0.41000000000000003,0.014907752681936103,-0.13322562214773537,1.583542272283986,0.6034202665567817,0.9241391179189357,-1.0764066789573656,0.3310421724516582,0.020509430012721555,-0.2076805442560055,0.3159123206100225,0.150499656003428,0.0001639589087551662,-4.6584707639484e-05,0.5294523781865033,-0.09479307888960783,0.005744273706837111,1.182974208764382,0.178388056718126,-0.3129056242037022,0.0002037879907267,0.050429248658645974,-0.01454244317777236,-0.002046202656722676
1,0.42,0.012704274494857507,-0.1303633817282478,1.5854112997398524,0.6041047853785396,0.9251446543151896,-1.075050688027743,0.31804833611024635,0.019751866141782922,-0.20920583197310447,0.3104363689835678,0.15430796589416126,0.0035933820427210715,-4.6584707639484e-05,0.549179543262873,-0.09171723809196829,0.0011931753439651666,1.1777378974203159,0.18568724827728364,-0.3128485153336154,0.0002037879907267,0.050439316031218324,-0.014533379283794222,-0.002045576954231782
1,0.43,0.009378025105387882,-0.13079502194948514,1.586982651784806,0.6044861296150427,0.9257778543935273,-1.0730097114758337,0.3099088829135761,0.017183689059991358,-0.2119778508512155,0.306552160564444,0.15930120285506333,0.00942994755238013,-4.6584707639484e-05,0.5703097530850442,-0.08710843259657455,-0.003711331861389949,1.1643383310422342,0.19024607686212633,-0.3127947090813031,0.0002037879907267,0.05045007326758601,-0.01452487792059775,-0.002045010595131367
1,0.44,0.007817242524088027,-0.13046061835206046,1.5889993100664026,0.6050315256229244,0.9263314802142402,-1.0710943773813917,0.3007681834735681,0.016231396871598212,-0.21619993305950685,0.3025480339857905,0.16498908190808892,0.015286299749789208,-4.6584707639484e-05,0.5882350903292506,-0.08433077015241448,-0.008161129286329163,1.1439564139354281,0.19452438922976578,-0.31274426899811564,0.0002037879907267,0.05046013619857341,-0.014515577304522949,-0.002044367885630156
1,0.45,0.0053084408026045984,-0.12829973954595938,1.5907900997756292,0.6053226278465101,0.9269270363329439,-1.069526492918619,0.289442193374154,0.014204578636816859,-0.21944186061652537,0.29824708476890527,0.1702089925392902,0.020968339386899997,-4.658470763946926e-05,0.6003239405623227,-0.08104268792307251,-0.014523116442206743,1.1145667149491603,0.1957908828865227,-0.3126972406788411,0.000203787990726655,0.05046897159994688,-0.014506704996912204,-0.002043777228984145
1,0.46,0.004586438270245756,-0.12891470015313647,1.5917085167191183,0.6059142884386858,0.9272134852877256,-1.0674721968334804,0.2817070829858535,0.014048648861144968,-0.2228161130267943,0.29489063167367685,0.174221876468539,0.027805008605029304,-4.658470763945124e-05,0.612512134780651,-0.08030782837628768,-0.021247726482120134,1.0781763027675355,0.1949558168111143,-0.3126536842666663,0.0002037879907266,0.05047840325986466,-0.014497553696935332,-0.002043160539456038
1,0.47000000000000003,0.004905958977446821,-0.12893820645840356,1.591640399612309,0.6067002369966232,0.9274601362049236,-1.06557778481229,0.27278314500341644,0.015427961155806188,-0.22530005135606426,0.2905135208451327,0.1787845437447691,0.03299205257927377,-4.658470763945124e-05,0.6205153152557455,-0.0816352093893287,-0.029146459804463745,1.0346652910226952,0.19585898183750577,-0.3126135994793302,0.0002037879907266,0.05048715910826092,-0.014488049377157058,-0.002042507658157292
1,0.48,0.003950832291465306,-0.1301602536065588,1.5930275440166952,0.6070532849693694,0.9275557444468454,-1.0635327371247987,0.2645029003713638,0.015773958402031437,-0.22419985445086787,0.28513112603995516,0.18429263251330838,0.03291166864101688,-4.658470763945124e-05,0.626428523069465,-0.08024320165332677,-0.03586762654948951,0.9831502433437234,0.19306369556564262,-0.3125769433697514,0.0002037879907266,0.05049583394818217,-0.014479018417857821,-0.00204192039798088
1,0.49,0.004643351618759172,-0.1318311774171349,1.5937004812272095,0.6076352100158852,0.9275627178120995,-1.0614578522285107,0.25701966998638276,0.017508617405531734,-0.22440722112360403,0.280465084929282,0.18921542975229347,0.035618175353427324,-4.658470763945124e-05,0.6292832441396697,-0.08085176607988803,-0.04275121129633917,0.9246825175470349,0.18478626783586916,-0.31254352222603493,0.0002037879907266,0.05050411650633578,-0.014469276585465972,-0.002041253294312
1,0.5,0.005980494146219794,-0.13195220700381105,1.5944040597169993,0.6082040256081639,0.9276163895205085,-1.059718183342438,0.24770336153961503,0.019608470109863992,-0.22605070329029403,0.2757562560126633,0.19439310700272747,0.038555311683254385,-4.658470763945124e-05,0.6270441342838532,-0.0819373593639046,-0.049486975905260785,0.859748682477013,0.17514015498382388,-0.3125159163585697,0.0002037879907266,0.05051115309759684,-0.014458958076278351,-0.00204053849250315
1,0.51,0.008171672099514533,-0.13277256887154018,1.5963333887548345,0.6087357900421426,0.927522424340392,-1.0578994711398588,0.23934674690234897,0.022617750466052477,-0.22773639320718198,0.2715242274062232,0.2002356587368494,0.041281703493401024,-4.658470763945124e-05,0.6233067095524325,-0.08280939195235835,-0.05330726646099108,0.7902088794264479,0.16155903361939042,-0.3124781848703939,0.0002037879907266,0.05051865889736113,-0.014448562785730234,-0.002039857427800013
1,0.52,0.010692009170174877,-0.13401839575239785,1.5974367506593006,0.6092639846846649,0.9273106108243426,-1.0561386867015266,0.23103994047977508,0.02597402349970638,-0.2289982032472729,0.2670705031485318,0.2066839453723976,0.043842152819746745,-4.658470763942072e-05,0.617289112477765,-0.08403856637946117,-0.05695430994756654,0.7183153210683624,0.14443753609520682,-0.31245345384686446,0.0002037879907266,0.05052671144093495,-0.014437891818403168,-0.002039143454477976
1,0.53,0.012546735871880323,-0.13545062575700956,1.597477094077806,0.6096035347438333,0.9269877109119394,-1.0544464971418606,0.2229631801189927,0.02842659139705861,-0.22959225996628388,0.26285338634614525,0.21321616731966234,0.04705148070277642,-4.658470763942072e-05,0.609336289876068,-0.08433399337960457,-0.060277590588091234,0.6457022812082445,0.12459716807985453,-0.31301807675681304,0.0002037879907266,0.05053542331563429,-0.014427712191823788,-0.002038468003704256
1,0.54,0.014824125789958134,-0.13556826516731252,1.5979145487137598,0.6098720626348979,0.9266559259547869,-1.053104553398015,0.2132764754868894,0.031130540055536088,-0.2311681434983994,0.2590952167320685,0.2205262653894218,0.051893760823841756,-4.658470763942072e-05,0.598586238280832,-0.08478447268749913,-0.061514984277187046,0.5736522745050227,0.10195327877226557,-0.3070114601988051,0.0002037879907266,0.05054341821426029,-0.014417294717743043,-0.002037790355489584
1,0.55,0.017744269813748187,-0.1342219772683327,1.5984507412212363,0.6101457574687151,0.9263413029127313,-1.0522045248977858,0.20037494076421872,0.035147511947995765,-0.22969018903315522,0.25220229342284495,0.2265466030725387,0.05414910452602687,-4.658470763942072e-05,0.5850540281040338,-0.08616004765567947,-0.06286317106197907,0.5033428652505849,0.07898509983969092,-0.28275861678632336,0.0002037879907266,0.05055033453841398,-0.01440637928817421,-0.002037074432151205
1,0.56,0.022042316061245654,-0.13374083957647812,1.5981847933310367,0.6105827114382606,0.9258578042811522,-1.0512956976140209,0.189000627697513,0.039994470962003606,-0.22926650044475447,0.24709157307948598,0.2322433366873614,0.05863023471514322,-4.658470763942072e-05,0.572003789107125,-0.08965032218541655,-0.0646664290214715,0.4379983847316378,0.05937340355249912,-0.2476861337610266,0.0002037879907266,0.05055803919861764,-0.01439497505063714,-0.002036307489272292
1,0.5700000000000001,0.023932063718294008,-0.13487010717308345,1.5982676618384932,0.6103969612405851,0.9251430148772052,-1.0502217230457342,0.18137482173287292,0.041528703793299024,-0.22944535924482923,0.24695981533256578,0.2419538664852167,0.06058318667260958,-4.658470763942072e-05,0.5600677400051041,-0.08953651454503492,-0.0634215036407203,0.37793867179968194,0.04423981889833229,-0.21402686478869173,0.0002037879907266,0.050566857322219924,-0.01438453053415977,-0.0020356535010649193
1,0.58,0.026839527303872422,-0.13661283476686714,1.5979876804834623,0.610291167532454,0.9243126911604219,-1.0491893761204947,0.17483800457819818,0.043524401745873575,-0.23060998472793515,0.24792753336111525,0.25112601064534307,0.06584265101656461,-4.658470763942072e-05,0.5489542376989225,-0.09120716839027711,-0.062072396227807636,0.3239152125341457,0.030761875180404533,-0.17643918766827796,0.0002037879907266,0.05057645207494462,-0.014373389176111305,-0.0020349377195022444
1,0.59,0.028412396435756403,-0.13715577271051985,1.5974854969164167,0.6098813563576289,0.9235212017973198,-1.0485616491096765,0.1668575643224435,0.04436422103069792,-0.22938168398522227,0.24901415770104265,0.260087952159589,0.0684853191280583,-4.658470763939211e-05,0.536353992574267,-0.09222726646126497,-0.062050596564523976,0.2764081934840138,0.015412903013422505,-0.13899376420468626,0.0002037879907265,0.05058582679821503,-0.01436274414339415,-0.002034290614708363
1,0.6,0.028345614007294503,-0.13734172802721425,1.5974349017713652,0.6089988784082301,0.9227183150754281,-1.0482294545795006,0.15734067797374243,0.04335033850633599,-0.23035119492512937,0.24854831367597835,0.2700087114117269,0.07192021022941704,-4.658470763939211e-05,0.5239164486532301,-0.09119921381684125,-0.06183802312353312,0.23738894530684096,-0.0005199787440206029,-0.10791373322143816,0.0002037879907265,0.050595135674447164,-0.014352742814244101,-0.00203372633021408
1,0.61,0.028048364694897247,-0.13876752106135223,1.597004492757104,0.6079687949193423,0.921801987800851,-1.0478588979122425,0.14879388516672162,0.042276751096952184,-0.22897433892258492,0.24709599100568452,0.2788985854458155,0.07410752607504718,-4.658470763939211e-05,0.5139110091336221,-0.09008007515688556,-0.06411502789754044,0.20724440458620808,-0.011728832717250736,-0.07938077269835617,0.0002037879907265,0.05060524793074153,-0.014342521606135389,-0.002033146812569549
1,0.62,0.02757596695488239,-0.13784258284297435,1.597098410484677,0.6066574419645508,0.9210200490517986,-1.0480259495681914,0.13884687422113753,0.04031643965895594,-0.22941523847371054,0.24838394933258245,0.2887320181637099,0.0762977084802728,-4.658470763939211e-05,0.5027292529024809,-0.08837510868778005,-0.07130685070543717,0.1870383386073847,-0.014364079035912698,-0.055402891378461286,0.0002037879907265,0.050614835790237,-0.014332073265554421,-0.002032555776054712
1,0.63,0.024665239565997504,-0.14116275879259144,1.5955579296515539,0.6049049160312648,0.9199131449103665,-1.0476207877202446,0.1345519757068875,0.03533021141910374,-0.22857580042154327,0.25220127821122057,0.30011510824395005,0.07904523825995481,-4.658470763939211e-05,0.4963722112511793,-0.0845717111858241,-0.08341157587206899,0.1748546977427592,-0.010955468097621143,-0.03875826390629509,0.0002037879907265,0.050625524282828537,-0.014322068506591883,-0.002032013496337838
1,0.64,0.023856843556007704,-0.14503866431247944,1.595110486035701,0.6032757972225631,0.9187582218100605,-1.0473269268094232,0.13063392698357879,0.03237917679006474,-0.22833260971016114,0.255837389262305,0.30994033771049956,0.08235383575285758,-4.658470763939211e-05,0.4911082502589875,-0.08259188974297899,-0.09606122076073657,0.16939029445633563,-0.005343367681085139,-0.02613307030471711,0.0002037879907265,0.05063625945698345,-0.01431095132882402,-0.002031383897686772
1,0.65,0.023079784416853745,-0.14655407571388324,1.5948280422111325,0.601412605128629,0.9177656983782004,-1.0477306475896542,0.12336018488279767,0.02923475116786308,-0.22801151711749906,0.25862920047444565,0.31946835917896116,0.08429754306950418,-4.658470763937486e-05,0.481717639741269,-0.0798069765436527,-0.10517546967449261,0.1674723750221245,0.0004517530619973385,-0.02270871394122574,0.0002037879907265,0.050645661516661306,-0.01429946768751908,-0.00203076565637794
1,0.66,0.02275518612778035,-0.1480361676779628,1.593392525078623,0.5995172752732366,0.9167260663591125,-1.048317512719861,0.11638433271185822,0.02607588935300542,-0.22683364303794498,0.2626322506851459,0.330170905689276,0.086701174509723,-4.658470763936557e-05,0.4722460594846879,-0.07763308157830107,-0.11036764069730953,0.17123380214552472,0.0075048157345202066,-0.027445304292111943,0.0002037879907265,0.050655309659458476,-0.014287117245893988,-0.002030053806813252
1,0.67,0.020489508574801814,-0.15030026919035872,1.5915444798761273,0.5971137108657223,0.9155526366268841,-1.0488504843939281,0.11059203818715213,0.020520004774684485,-0.22415814786342184,0.26768821185340763,0.3405217756797185,0.08796932524892018,-4.658470763936557e-05,0.4632083640640598,-0.07283389859305571,-0.11206315685306956,0.17400327757047296,0.0012353454723332729,-0.040715127045714054,0.0002037879907265,0.050665039245875475,-0.014275550761703544,-0.002029423237021358
1,0.68,0.013201460261179642,-0.15191069288277664,1.5895469713054433,0.5937428215310745,0.9144227317571129,-1.049429021988344,0.10406674000269876,0.009796029372654105,-0.2198385507250899,0.27256488907109044,0.3488466515442298,0.08621390565293857,-4.658470763936557e-05,0.45337509246612345,-0.06328279639374841,-0.1224412047596826,0.1665879949870079,-0.02986690838791394,-0.04988955358362083,0.0002037879907265,0.05067384916296185,-0.014265229881149715,-0.0020289253392103282
1,0.6900000000000001,0.0019209636105074089,-0.15357214766795385,1.588050428040938,0.5895435792561536,0.9134199121022394,-1.0499495750030234,0.0986225325561042,-0.005168623240028975,-0.216013409953667,0.27889894092720996,0.35606122882706653,0.0829316887797208,-4.658470763936557e-05,0.4444315134939375,-0.05034298511053278,-0.14157040256020564,0.15432817071525154,-0.05753688938773884,-0.04696718488089322,0.0002037879907265,0.0506825733336513,-0.014255856957466726,-0.002028544101156717
1,0.7000000000000001,-0.010680995611847221,-0.15572440171864022,1.5864922123545084,0.5850355931599477,0.9125863836136356,-1.0504083753461047,0.09454691137100016,-0.02068813079599255,-0.2098074658510333,0.28626114943457837,0.3618731138946504,0.0724384353697302,-4.658470763936557e-05,0.4383740424967595,-0.03677792880223437,-0.15899702570175867,0.1491469983561185,-0.07370591859345224,-0.041184127956039505,0.0002037879907265,0.05069224519443103,-0.01424630934586141,-0.00202815888030966
1,0.71,-0.021045548827642216,-0.15848178131107932,1.5853147420615574,0.5806593656246452,0.9119492518952336,-1.050760925775091,0.09227082352419377,-0.03465598778509782,-0.20299832515336091,0.2961487344154252,0.3659823566378297,0.06252088511476281,-4.658470763936557e-05,0.43608202835790805,-0.025479899067238403,-0.16968785216864854,0.15630133857539724,-0.07581925056130265,-0.04007717800660914,0.0002037879907265,0.05070285541642229,-0.014235168906562713,-0.002027614194027828
1,0.72,-0.03339349458093995,-0.15742010964445127,1.5857922965082214,0.5755720474308887,0.9118723983905138,-1.0516946507203406,0.08753025990535185,-0.05151908269907748,-0.19730510394042144,0.31004677932975894,0.36972467421998456,0.051359977337371535,-4.658470763933794e-05,0.4311459162241597,-0.010470259900342435,-0.17039051164785388,0.16934470549882852,-0.06611692425787001,-0.03869694909177031,0.0002037879907264,0.05071272434212649,-0.01422378940340216,-0.00202705407987154
1,0.73,-0.0481582164676047,-0.1558449994890569,1.5871097050953578,0.569912722001535,0.9122105106775001,-1.0525710103850752,0.08525872218235823,-0.07080854586086763,-0.18916441835992256,0.329488605994521,0.3712948485238373,0.03275913239464895,-4.658470763933794e-05,0.42563122667569275,0.008085530810629947,-0.16322813032774303,0.18189269469638727,-0.051530943513215306,-0.04272996749136094,0.0002037879907264,0.0507228491574921,-0.014212508043870755,-0.002026524238055583
1,0.74,-0.060573333221052336,-0.1539451370226328,1.588095669009817,0.5646067373758676,0.9129418598524551,-1.0534305105216462,0.08656933991122703,-0.08835426837446295,-0.17779170270870723,0.35618070334269053,0.3686758440906644,0.013612536320172137,-4.658470763933794e-05,0.4178414976789039,0.02431509657424926,-0.1539106761263632,0.19056171065951194,-0.03541930798217562,-0.05225630951338951,0.0002037879907264,0.0507333290282504,-0.01419954670062333,-0.002025832680268052
1,0.75,-0.07078641781472567,-0.15355275251528164,1.5866666273006376,0.5598125692076913,0.913854121612543,-1.0538949765964176,0.09499418888013099,-0.10410350183595406,-0.1607772751862825,0.3918705942380261,0.3602034099610261,-0.010452908981638226,-4.658470763933794e-05,0.4101306925849541,0.037583334083460644,-0.1504454884302177,0.19576064531112647,-0.02025638093129579,-0.057242487186487494,0.0002037879907264,0.050745017135850425,-0.014184945162516024,-0.00202496297477185
1,0.76,-0.07878446180889546,-0.15494478399139205,1.5808146711676767,0.555745597850491,0.9147950453895022,-1.0538071483751585,0.11216896869369275,-0.11745997637367522,-0.13590340102490509,0.43767681435697225,0.34663170895287565,-0.0374413174525587,-4.658470763933794e-05,0.40442038913903583,0.04716438727765624,-0.15315722033242563,0.199965868431027,-0.006684991972713541,-0.05775962610380126,0.0002037879907264,0.050757983386262265,-0.014168599964110368,-0.002023891716261788
1,0.77,-0.08491373379217845,-0.15559689649559863,1.5715772632368752,0.5523000819107247,0.9158711036827852,-1.0536976943881255,0.13354190521452355,-0.12806713947359435,-0.10660548084169523,0.4897355927238504,0.3261613574422739,-0.0652606822137924,-4.658470763933794e-05,0.3967727440435738,0.0544224538729763,-0.15876804360957203,0.20139374233194704,0.004653346103456124,-0.06002476469197315,0.0002037879907264,0.05077112903720922,-0.014150255854744623,-0.002022593892033782
1,0.78,-0.09044423957970232,-0.15459252203527987,1.56046273175185,0.549121433047603,0.917079446395051,-1.0537333380690779,0.15699370068563007,-0.13820689328920222,-0.07993024531049825,0.5466710900437632,0.3001058648408015,-0.08841409273516289,-4.658470763933794e-05,0.3865892279972367,0.06134150346041319,-0.16489392921333354,0.2010983843091203,0.01493555135072669,-0.06535892799838776,0.0002037879907264,0.050783897790579964,-0.01413055245548899,-0.002021141472828682
1,0.79,-0.09544348490600583,-0.15281830027292015,1.5506643657142527,0.5459921181461612,0.9183077075022152,-1.0537510896208533,0.1823243957205117,-0.14819570482579422,-0.058758189570686514,0.6065947342392382,0.26869619759876334,-0.10860437206085034,-4.658470763928539e-05,0.37495647363398793,0.06808251893471585,-0.173023466246135,0.1986350210033555,0.024372783209313492,-0.06393527233543504,0.0002037879907263,0.050796392365329276,-0.014110266257756035,-0.002019682288012167
1,0.8,-0.09912992019878233,-0.14921189577472366,1.5433742983051395,0.5429979505567208,0.9195536886532565,-1.0539272430939581,0.20683464336402146,-0.15679952445474651,-0.042007000713715124,0.6669054391710534,0.22786609927915277,-0.13082676299189008,-4.658470763928539e-05,0.362003923954096,0.07367776262580057,-0.18404254192230518,0.19613672569730148,0.031064738790487833,-0.05617927080710719,0.0002037879907263,0.0508079850452041,-0.0140886417351741,-0.0020181293483298598
1,0.81,-0.10488397968625847,-0.14632539943431788,1.5381794761543874,0.5396124776872231,0.9206145319113493,-1.0538452037717865,0.23351386899994492,-0.167121261619396,-0.028511592813988976,0.7279058814880336,0.17992715486320443,-0.15545506203618784,-4.658470763928539e-05,0.3502920999019011,0.08168862204017806,-0.19438164664872457,0.19422512035758535,0.03690927188887607,-0.047796842438850747,0.0002037879907263,0.05082008174675593,-0.014066938745218248,-0.002016605688081507
1,0.8200000000000001,-0.10920009946498185,-0.14476023268503466,1.535499150678146,0.5363887082725352,0.9213443020558666,-1.0533255509284913,0.2628451830783072,-0.17611974163069133,-0.021711911995294497,0.7903908834403881,0.13761440269378145,-0.18140218475423817,-4.658470763928539e-05,0.3414351246544518,0.08834255935294695,-0.2048422580502755,0.19452773521704383,0.043994609506583036,-0.03730052076698687,0.0002037879907263,0.050833238287322786,-0.01404365402563847,-0.002014963549250332
1,0.8300000000000001,-0.11223457478153816,-0.14404073694672453,1.5340886885430014,0.5333430207978207,0.9217884851338431,-1.0524325614533099,0.29475359359152736,-0.1840572578416084,-0.01699278152784457,0.8545808220484808,0.09687340054077251,-0.20677810147194794,-4.658470763928539e-05,0.33440346460029563,0.09439705339604736,-0.20825050209440665,0.1952916443651909,0.04817541817025567,-0.034246003578130076,0.0002037879907263,0.05084687413502366,-0.01401828872574219,-0.002013129987433062
1,0.84,-0.11464262454100585,-0.14189086437093498,1.5322291778597645,0.5305954010511351,0.9221351903891176,-1.0516269552243247,0.32576317388942644,-0.19090082773258113,-0.01350525732302246,0.9165086608670324,0.053926912896811584,-0.23779807337319211,-4.658470763928539e-05,0.3258450487662183,0.09972633623274695,-0.21073349846983447,0.19611215890330658,0.04945638861029074,-0.03313839610512633,0.0002037879907263,0.05085944540565755,-0.013991036761403385,-0.0020111109436201
1,0.85,-0.11684729447100434,-0.13842728143614874,1.5292604700492225,0.5281369820648164,0.9223542322677935,-1.0508728412636006,0.35594516849630986,-0.19668455546705135,-0.009345258570306636,0.974891097672016,0.011913339398678965,-0.2701261120578092,-4.658470763924516e-05,0.3157843299622148,0.10465940181903512,-0.21679559715939378,0.19636040436036145,0.05079482999072375,-0.028384063023961098,0.000203787990726215,0.050871116395078644,-0.01396226889414772,-0.0020089332263323353
1,0.86,-0.11796559165830159,-0.13424585574364453,1.5262009442610367,0.5261091158305494,0.9225400010164297,-1.0501388079581067,0.38408249857898624,-0.20071050566723206,-0.007413984000427902,1.026591980964538,-0.025693631709761078,-0.3001828338874987,-4.658470763923806e-05,0.30483220655060306,0.10790283565968725,-0.22160189902287866,0.1972073215930567,0.056417165645455035,-0.024930298051809057,0.0002037879907262,0.05088204925942108,-0.013932020210153523,-0.00200659831595466
1,0.87,-0.11647416193803008,-0.1317914500722686,1.5268696890933646,0.5242955121353333,0.9226255901256872,-1.048963382664602,0.41176338541070534,-0.2037131678908567,-0.012402387167626013,1.0712280133649572,-0.04357403316746799,-0.3266020982592739,-4.658470763923806e-05,0.29590382471700194,0.10988479597608858,-0.21911035286148287,0.19775769369435325,0.06095912498801741,-0.027399655049788293,0.0002037879907262,0.0508934006601903,-0.01389996390029773,-0.002004111750064164
1,0.88,-0.11822143612886489,-0.130504342943025,1.5247360630664182,0.522290586788644,0.9227527675586428,-1.0474554501673372,0.440814055547958,-0.2088293627456583,-0.01404185956924246,1.108505007081949,-0.03244786687191589,-0.33236980498140933,-4.658470763923806e-05,0.2875744225983501,0.11521169167987444,-0.21580796243870703,0.19594232955617297,0.06350604637970723,-0.03380315895481032,0.0002037879907262,0.05090541106125048,-0.0138678615688406,-0.002001613107895064
1,0.89,-0.11865084815257466,-0.12634306302324266,1.5221812882070629,0.5207560385388563,0.9232676240132006,-1.0464246454075243,0.46407095528291187,-0.21119238269616852,-0.015669735331354375,1.135032837152977,-0.011364605759598639,-0.33161899888873914,-4.658470763923806e-05,0.27498217251223606,0.11942331228243348,-0.21123880575304516,0.19301317622871506,0.06754077039288607,-0.04146644568074308,0.0002037879907262,0.05091632955245807,-0.013834520454198612,-0.001998994756708494
1,0.9,-0.11481479509037057,-0.12299123235459519,1.5199486434883593,0.5201327855034819,0.9238857499082179,-1.0451958946645472,0.4847623616800945,-0.20752826969287777,-0.01855948663813037,1.1501514962671904,0.0079384976860277,-0.33175470796686957,-4.658470763923806e-05,0.26330183648373234,0.11863371752842156,-0.2052080822720829,0.19078247488411515,0.07260942008875161,-0.05056090059874367,0.0002037879907262,0.05092733051832541,-0.01379890987293853,-0.0019961545416437598
1,0.91,-0.1110524214099992,-0.11984132228981348,1.5178398018191044,0.5196143541510594,0.924636939774891,-1.0438686828346824,0.5038762389310838,-0.2028001516392434,-0.019441255493649973,1.1562236188991175,0.02170768542646225,-0.33184995178207444,-4.658470763923806e-05,0.2517536145628075,0.1179682350253703,-0.19889661316780044,0.18819813851724157,0.07682490274974606,-0.05994858249110442,0.0002037879907262,0.05093798022581484,-0.01376212038227525,-0.0019932233847585763
1,0.92,-0.104807057838105,-0.11730535076938366,1.5154071578893509,0.5198114436181946,0.9254109284696465,-1.0423695437902638,0.5208861308353766,-0.19291063018679705,-0.019772685784731337,1.1525536614676708,0.031622955240151504,-0.3319409437136448,-4.658470763917381e-05,0.2415769495003207,0.11335095433782832,-0.19558201434122588,0.18786035335078652,0.08135318871618595,-0.06515626820448282,0.0002037879907261,0.050948683448971334,-0.013723150112976912,-0.0019900819482121003
1,0.93,-0.09850454764775546,-0.11670221580395335,1.5112801521665613,0.5202465303056432,0.9260432456267941,-1.0405279196314663,0.5378213087085894,-0.1818136882782579,-0.0190337558592038,1.1398312738400198,0.0431051463720313,-0.3320258114555902,-4.658470763917381e-05,0.23318348085439428,0.10830305578805145,-0.19495028390302765,0.18679775461535306,0.08732730964027673,-0.0684094974145848,0.0002037879907261,0.05096017703410147,-0.013682447169078252,-0.00198675300336681
1,0.9400000000000001,-0.09205459162022665,-0.11554493294749582,1.5084717434294572,0.520732945725718,0.9266561658000503,-1.0387292732692077,0.5519433813569112,-0.17079050905291546,-0.01987180019614073,1.1193634246282145,0.060728519560386905,-0.33211820155146454,-4.658470763917381e-05,0.22428794641514216,0.10306474105558598,-0.19368963497802053,0.18562284841921786,0.09418105376063912,-0.07091581002893961,0.0002037879907261,0.05097102406575549,-0.013640454826300686,-0.001983324476679836
1,0.9500000000000001,-0.08701630175008072,-0.115690277433657,1.5074221653120898,0.5209363477632479,0.9271184122374145,-1.0367266132876647,0.564319219912208,-0.16209706356222842,-0.023153910878251093,1.0901731444609477,0.07241408989692479,-0.3327538650561588,-4.658470763917381e-05,0.2175746423130421,0.09927425707376888,-0.1910176411160207,0.18632600654572254,0.10041040769192623,-0.07428682382943148,0.0002037879907261,0.05098219468963361,-0.013598137321696914,-0.0019798869173859148
1,0.96,-0.08231681474690004,-0.1168447578640902,1.5069257294649696,0.5211333022250332,0.927401196731578,-1.0345679545650008,0.574896378831506,-0.1546789803835011,-0.028881037755430466,1.0529567731033995,0.08444994875084119,-0.32768837089649766,-4.658470763917381e-05,0.21225461310592003,0.09528537991397558,-0.1907904422534808,0.1877669096124844,0.10701904432244018,-0.07322091122208743,0.0002037879907261,0.05099367324983132,-0.013554547123080978,-0.00197633365454158
1,0.97,-0.0793033888314646,-0.11700015241286187,1.5061018365037813,0.5211025684614249,0.92763581186574,-1.0327148178145487,0.5823769321851664,-0.1504482955901118,-0.035954795094317336,1.0096062110468786,0.09808597107735488,-0.31041033195543616,-4.658470763917381e-05,0.20298988244024244,0.09355154388882914,-0.19084555954846058,0.1836650743370293,0.11490622345561222,-0.06989224509341767,0.0002037879907261,0.05100444855805452,-0.013510800995306143,-0.00197276457205091
1,0.98,-0.07745193394808261,-0.11807708436691335,1.507112621344988,0.5207454800748307,0.927694311214831,-1.0307873599813695,0.5881669657515923,-0.14898347300284578,-0.04563228960456743,0.9601194259287156,0.1075862400847108,-0.29531003262566147,-4.658470763917381e-05,0.19398016874364368,0.0938196016075135,-0.18621991341816527,0.17776101452581056,0.12050557740172896,-0.0710062607756734,0.0002037879907261,0.0510157633429741,-0.013466627125035368,-0.001969181389794172
1,0.99,-0.0762604023133436,-0.11945110565339859,1.5078363463396163,0.5204401173628591,0.9276195062317096,-1.0288131556716957,0.5916982141056772,-0.1480090583367246,-0.055668637992514286,0.9047892436955819,0.11063087911659086,-0.28110742119334575,-4.658470763909773e-05,0.187044127679118,0.093402937986836,-0.18727763161719635,0.17573580670980096,0.12660836730425623,-0.06598213972474923,0.000203787990726,0.051027241967329016,-0.013421698761809236,-0.001965502437157351
1,1.0,-0.0756649716745231,-0.1220866312608568,1.5082660138911266,0.5201414903677636,0.9273566278557404,-1.0267047960093278,0.5943921805213329,-0.1475211447251756,-0.0653713022607024,0.8445255376328571,0.1050894412313954,-0.2663670385519794,-4.658470763909773e-05,0.1810265920780989,0.0931445338023817,-0.1915462367746652,0.1727583378460188,0.1316130279343633,-0.0553767521738417,0.000203787990726,0.0510395648600416,-0.0133755524013254,-0.0019616984544062
2,0.0,-0.0753332852685444,-0.1229260646604156,1.5084999164001796,0.5200674187456562,0.9272481227789052,-1.0260437174095136,0.5947425142761149,-0.1474124934492293,-0.0692182167975924,0.8235984385806588,0.1035797675564073,-0.2601197525647938,-4.658470763909773e-05,0.1785249084405288,0.0931048256412752,-0.1919494447898055,0.1708922680024729,0.1331989880211466,-0.0527928712940537,0.000203787990726,0.0510435779226986,-0.0133597466371706,-0.0019603886566319
2,0.01,-0.07584069560674772,-0.12481439188535097,1.5090479309874487,0.5196621130143257,0.9268684204449404,-1.024064101904214,0.5933756122668817,-0.14846104143654965,-0.08285131231967502,0.7500995862108237,0.09494127559347458,-0.23882512313934384,-4.658470763909773e-05,0.16876101758861678,0.09461174097286108,-0.19465049972797266,0.16449268419086543,0.13917257611915798,-0.04284822172690276,0.000203787990726,0.05105698682883808,-0.0133060086585873,-0.00195593910582828
2,0.02,-0.07659269600365694,-0.1258731681525496,1.50928034277541,0.5194431359781171,0.926418926980531,-1.0223724627947268,0.5888059477723198,-0.14888579295869672,-0.09844747604641328,0.6743514983467426,0.08587167094026651,-0.21364617399306204,-4.658470763909773e-05,0.15810529670750553,0.09593964303352694,-0.20023030340568418,0.15862693468364814,0.14548742537945833,-0.02919897042850556,0.000203787990726,0.051070255206174725,-0.01325032535161766,-0.00195128701495962
2,0.03,-0.07790447195633438,-0.12742648232668582,1.5109898427625008,0.5191887512533224,0.9258014372420958,-1.0207102703887974,0.583301481001451,-0.1498592829035196,-0.11505732344848375,0.6001532683294725,0.07868960218109554,-0.18027742839418504,-4.658470763909773e-05,0.14973929339024783,0.09723957453074604,-0.20763112048076712,0.15670648353213407,0.15249666923402788,-0.01266834190162282,0.000203787990726,0.051084580215497895,-0.01319358070857358,-0.001946563494629
2,0.04,-0.07863921254076904,-0.12872938202853143,1.5131833810328195,0.5191633428211894,0.9250779792515876,-1.0193317748492468,0.576879774773334,-0.14954746242985098,-0.13146008993014102,0.5298174076345628,0.07272902214781857,-0.1365417740341073,-4.658470763905362e-05,0.13945712136009503,0.09863472586630956,-0.20711573048074547,0.15174261620993215,0.1604553209138811,-0.0055714125150361,0.00020378799072594,0.05109978254699206,-0.01313451044477246,-0.0019416187461776
2,0.05,-0.0789169520545838,-0.1301168476045142,1.5173300594514818,0.5192580177339439,0.9242760018282842,-1.0181045702455167,0.5696583659592817,-0.148471791426281,-0.1456278338269522,0.4641657400126544,0.0652441254166478,-0.089165516370421,-4.658470763902422e-05,0.1308451831705159,0.0991160890218157,-0.2035360840367205,0.1503672120567276,0.170240540993644,-0.0002559519440557,0.0002037879907259,0.051116578590771,-0.0130737851929726,-0.0019365600831271
2,0.06,-0.07833317943925064,-0.13273509041244824,1.5206496838303563,0.5197550435084388,0.923328294951978,-1.0168522762822363,0.5631259373061737,-0.1456650135181447,-0.1545949217186288,0.40499460982368074,0.05666805391067808,-0.045257264466737834,-4.658470763902422e-05,0.12659877446190904,0.0970496760859211,-0.20707288398723875,0.15651872270985967,0.18212712531710126,0.010452782578384756,0.0002037879907259,0.05113522959032906,-0.013011103377204281,-0.00193129438217378
2,0.07,-0.07799457796539763,-0.1325468595293144,1.5224011888766498,0.520539257493859,0.9225410352112818,-1.0163747324549992,0.5543425889807502,-0.14227443981436966,-0.15969112959750673,0.35535554595528956,0.051108718336428556,-0.007445923400898372,-4.658470763902422e-05,0.11813332644766145,0.09517425542076131,-0.211325715019274,0.16075311423822397,0.1927326070888845,0.021298421292702183,0.0002037879907259,0.05115355855759072,-0.012947346269102801,-0.00192590169173482
2,0.08,-0.0751799961436348,-0.1347390630797198,1.526528277295747,0.5216474109463638,0.9215688196847539,-1.015820630945443,0.5486938455753504,-0.13755338002235426,-0.16388362233732212,0.3170526506463481,0.0465172330184704,0.020296436734217993,-4.658470763902422e-05,0.10962649567874033,0.09209066226425339,-0.2047395588143249,0.15964673891704365,0.20277470645690235,0.021148043482806522,0.0002037879907259,0.051173143581304655,-0.012882083184576761,-0.0019203586721244599
2,0.09,-0.07340795325818104,-0.13667407371497806,1.5297867989271396,0.5228533564866078,0.9206146451897004,-1.0154939724107785,0.544455698597737,-0.13385247136576733,-0.1643051059612093,0.29035691333521396,0.04450595522389378,0.042089041559715185,-4.658470763902422e-05,0.10184335903819906,0.08923465752906798,-0.20183370382612204,0.16117450827033575,0.2144165147599532,0.025628729471699543,0.0002037879907259,0.05119387089352964,-0.01281656277458618,-0.00191475921622412
2,0.1,-0.0710402192491173,-0.1396026317839628,1.5326227843065785,0.5243888726609269,0.9196094471614472,-1.0152443880386095,0.5415758301815108,-0.1293552046874196,-0.1590012412193469,0.2728048673151831,0.0418975159274979,0.0581197167190885,-4.658470763896272e-05,0.0949660267646346,0.0854317052982542,-0.2005358084774569,0.1628224639024202,0.2250645031970692,0.0290322307873123,0.0002037879907258,0.0512160016142628,-0.0127496240910853,-0.0019090002656065
2,0.11,-0.0678832197851018,-0.14158397458393526,1.535530807842891,0.5262595860109903,0.9186692742418797,-1.0154469929265297,0.5374003491303382,-0.12421353768288594,-0.14869127675498178,0.2642140262676926,0.042191510273790464,0.06810045199515094,-4.658470763896272e-05,0.08683280858394815,0.08073427717132249,-0.1981076537232548,0.16502997286874196,0.23727329250967683,0.03174422490032092,0.0002037879907258,0.05123909110365654,-0.01268081980363572,-0.0019030301525503601
2,0.12,-0.0652404448890804,-0.14368249196731858,1.5394108475952446,0.5281445483585123,0.9176902159548462,-1.0158994289654888,0.5334589649125246,-0.12064505821951209,-0.14069813438243883,0.2636909777679891,0.045577774351898116,0.0704337972547758,-4.658470763896272e-05,0.07782939774044538,0.07653081066221624,-0.1931491976808298,0.16544066893707648,0.24900699383880814,0.0334237084095151,0.0002037879907258,0.05126364990869422,-0.01261144787300426,-0.0018969992456383
2,0.13,-0.0639610896430685,-0.14694972460501868,1.5444245295028725,0.5299010656682328,0.9165947444658243,-1.01642383461262,0.5299653928287754,-0.11882797270830052,-0.13211119308882247,0.26908161257523705,0.047666092700789746,0.06370373229323634,-4.658470763896272e-05,0.07052923418694024,0.07365369446876564,-0.1856411411238272,0.16773618326482156,0.2613281060896242,0.030850073298705965,0.0002037879907258,0.05128975300655768,-0.012541765831854481,-0.00189094213217558
2,0.14,-0.061322142720621316,-0.1483526245799239,1.5513279953218815,0.531992532056445,0.9155624911983097,-1.017560489962804,0.5225796987975561,-0.11668467537389461,-0.12961790517150837,0.2774846694336566,0.05108022995189896,0.052262356690336804,-4.658470763896272e-05,0.06069206515683469,0.06812916554891517,-0.18249782831620073,0.16937319968928838,0.27310583527580956,0.03800693766506507,0.0002037879907258,0.051315156609508576,-0.01247064932713942,-0.0018847539055999
2,0.15,-0.0588144895007905,-0.1513042056617551,1.5598379148585506,0.5341575408608227,0.914323725011574,-1.018654402580502,0.5152093879424422,-0.1151080536536439,-0.1333574661189877,0.2854549770368563,0.0478613770767175,0.035957594022843,-4.658470763896272e-05,0.0526611595455583,0.062027416908876,-0.1776715812365036,0.1716951954824933,0.2849462000811743,0.0455351393244464,0.0002037879907258,0.0513413833663177,-0.0123989217534894,-0.0018785200353967
2,0.16,-0.05201459895809915,-0.15645459535759798,1.569687900436252,0.5371600384180828,0.9128440887039367,-1.019297334276751,0.5101928522471586,-0.10977716835080778,-0.14875071486134586,0.28684415044549094,0.01787701175882888,0.013009266123418068,-4.658470763890981e-05,0.04978041867021082,0.050347555633228375,-0.17536487718783264,0.17924056826087012,0.29639912427749315,0.05316287670957358,0.0002037879907257,0.05136842628027124,-0.01232489791561252,-0.00187205490804546
2,0.17,-0.04016974616075933,-0.1613742430525792,1.5779584004977627,0.5412120031773338,0.9114753379506189,-1.020042305119747,0.5074311332085825,-0.09985141288207376,-0.17054153055418447,0.2877947210387314,-0.004696726169483091,-0.0028024865257409363,-4.658470763890981e-05,0.04572905093184978,0.03542769666794196,-0.15911027821584053,0.1840167024826307,0.30745922029377454,0.036680483163272576,0.0002037879907257,0.05139564005814396,-0.0122490462615125,-0.00186537275360676
2,0.18,-0.02693270564863811,-0.16503555700974237,1.583895013561763,0.5459664877751474,0.9104905376332939,-1.0209414439860622,0.5069957858494925,-0.08723249002955501,-0.17987186874234848,0.2999367407945736,-0.0016038528353771475,-0.013366947441818954,-4.658470763890981e-05,0.04514351803757292,0.01817017562217769,-0.1451088399625727,0.19794700277990881,0.3204785365885108,0.01670041542096953,0.0002037879907257,0.0514230710556607,-0.012171933026113699,-0.00185849714936754
2,0.19,-0.013656112163783908,-0.16632199561178537,1.5876428380936145,0.5511345478579883,0.9100625920054143,-1.0222022647404228,0.5062905025522805,-0.07275540785411487,-0.17799489534324658,0.3202982363960132,0.015847100651054602,-0.024772915366702977,-4.658470763890981e-05,0.04481508697071374,0.0007074030049880236,-0.13113758777401766,0.21745471667317642,0.333085708955449,-0.005456460070707075,0.0002037879907257,0.051450249280553556,-0.01209426321814812,-0.00185155309844086
2,0.2,-0.003465085493911,-0.1674109877323437,1.588130892024844,0.5560660801443852,0.9100538870628264,-1.0233485550706798,0.5062999988881416,-0.0601577570458257,-0.1732534576657489,0.3401445444829485,0.031695883865456,-0.0362410844973919,-4.658470763890981e-05,0.0464100323636833,-0.0116672454433572,-0.1052893600462906,0.2403316039641443,0.337843130114162,-0.0582972846320548,0.0002037879907257,0.051478407397776,-0.0120179096284739,-0.0018447017806914
2,0.21,0.0034631061296304328,-0.1682679022899811,1.5916855160861494,0.5602524985490337,0.9105045931598941,-1.024317009497178,0.5029097993405754,-0.051257177202671006,-0.16946991897821798,0.3535456262362469,0.045526868835289384,-0.04577744401536993,-4.658470763890981e-05,0.05543156384323762,-0.02084223665603985,-0.07553606569633071,0.2774119614260022,0.3389022607946956,-0.11337902191432231,0.0002037879907257,0.05150741429813968,-0.011942726906219999,-0.00183798910189758
2,0.22,0.009845958682507663,-0.16928509423507102,1.6014792141411949,0.5640593084824788,0.9113589229085973,-1.0249792429754212,0.4954931117175619,-0.042833635883596656,-0.17010094586833382,0.3590896397148501,0.056477083082288666,-0.05867274499215613,-4.658470763886204e-05,0.07469843580277283,-0.031878904036259946,-0.05052523774990629,0.33188125476873676,0.33499686459696937,-0.1595016087363874,0.0002037879907256,0.051537161810214165,-0.01186809234097116,-0.0018313994561323201
2,0.23,0.013986093618353587,-0.16963025261657075,1.6147411025235556,0.5671371487199938,0.9125858097647522,-1.025404403995678,0.4860686108788543,-0.03784829151286585,-0.1762596559004472,0.36119590347252606,0.06715957619823636,-0.06806611931527468,-4.658470763886204e-05,0.10067350630705135,-0.04043084452679346,-0.024790018464876034,0.3967188793856471,0.32110876520674597,-0.2027184392383029,0.0002037879907256,0.05156699104999286,-0.011794319648887339,-0.00182492657317102
2,0.24,0.0168901561883511,-0.16806011067427737,1.6275358518771368,0.5698490724204277,0.9141888502714595,-1.0259765575514566,0.47258469902495337,-0.033899650852124846,-0.18420146778238009,0.35966316038737073,0.07648134161372871,-0.07482644783629404,-4.658470763886204e-05,0.1289187666449324,-0.04615130706290972,-8.220616157577146e-05,0.46854435008144,0.2969035722485389,-0.24685573320910492,0.0002037879907256,0.051596643891496964,-0.01172062312012126,-0.00181843892856536
2,0.25,0.0201498345149819,-0.1678933566498242,1.6364188471856966,0.5729124463303655,0.9157877315236382,-1.0260562813668634,0.4601858555489241,-0.0285814555240823,-0.1934028987806853,0.356050511907109,0.0862058465450327,-0.0744586155212751,-4.658470763886204e-05,0.1626589823814452,-0.0542831874581152,0.0112263053976155,0.5465950850351914,0.262728830317193,-0.2784352495083997,0.0002037879907256,0.0516278152941764,-0.0116466217860711,-0.0018118585706534
2,0.26,0.020574041446822865,-0.16632665337894179,1.6414157286254005,0.5755894340210367,0.917379572641464,-1.0261737258968362,0.44666544466526503,-0.02591777553485831,-0.20231358540984537,0.3525864841571154,0.0969392263952203,-0.06768370097434871,-4.658470763886204e-05,0.1959527104062743,-0.059277454238101275,0.015470641086807353,0.6253958869548987,0.2165471790076047,-0.3097406643121532,0.0002037879907256,0.05165889981923818,-0.01157321435765266,-0.0018052793746225599
2,0.27,0.023912387692793594,-0.16636365513857884,1.6472394049912538,0.5786141053102882,0.9185800307340345,-1.0256627574266362,0.4365696104921039,-0.02123707651963556,-0.21203380138291752,0.35074859663138086,0.1051358777711338,-0.06130159624814571,-4.658470763886204e-05,0.23399276686187032,-0.06795394582505965,0.01975158045759847,0.7051784751009225,0.17420891761644205,-0.3160660631348728,0.0002037879907256,0.05169089521843348,-0.01149894707159042,-0.0017985973510802398
2,0.28,0.02810836922222783,-0.16455189002801718,1.651785334141543,0.5817412337618072,0.919434476420754,-1.0253375174231911,0.42446674353222114,-0.014938738615996582,-0.21957033965879738,0.3490071877686576,0.11479697702958111,-0.05560105429112303,-4.658470763881953e-05,0.2689372410163216,-0.07740696341008543,0.02269178548388031,0.7800607999566628,0.14931996587224372,-0.31546245581385907,0.0002037879907255,0.0517223818080948,-0.0114242082639116,-0.00179183501559878
2,0.29,0.032942887237160816,-0.16139943374651702,1.6543978169147422,0.5849547621352684,0.9200239039696153,-1.0249890473103962,0.4115846651787962,-0.007151861312064155,-0.2251633933402205,0.34765769150110254,0.1243418918692794,-0.05119293480828267,-4.658470763881953e-05,0.30229594738576526,-0.08707095508001561,0.025326519758926292,0.849815092696607,0.14244721580744737,-0.31562039217595156,0.0002037879907255,0.051753763376516757,-0.01134912084173806,-0.0017849850172788001
2,0.3,0.0370996342991944,-0.1575031213449547,1.657091001251651,0.5878319764962204,0.920548297685545,-1.0245856783813438,0.3971948836583491,0.0003639331308645,-0.2306142924520439,0.3441959850394462,0.1318470015730749,-0.0453462338045653,-4.658470763881953e-05,0.3332653471121957,-0.0949269232203647,0.0280245864130647,0.910117384079256,0.1487007751444831,-0.3157145299156949,0.0002037879907255,0.0517844493075606,-0.0112745760118521,-0.0017781802387292
2,0.31,0.03912793089954906,-0.15351557759883375,1.6586516396638866,0.5901765374743304,0.9211342151141894,-1.0240385109266734,0.38162201872394796,0.006586455306280834,-0.2324611464656689,0.3384240503452401,0.13682272704302975,-0.04297583159934442,-4.658470763881953e-05,0.3621106353666628,-0.09898004043075528,0.030795447997001856,0.9597284766227379,0.1569844221789723,-0.3158154090845208,0.0002037879907255,0.051814561433249105,-0.01120128423314648,-0.00177147023337818
2,0.32,0.03881951345334769,-0.15115418381998616,1.6609563756514345,0.5918415126696196,0.9217234946688511,-1.022993745999904,0.36792439532274146,0.010011041537688364,-0.23394753908554988,0.33266207044752344,0.14327417948346136,-0.04119056642652983,-4.658470763881953e-05,0.3910814825618087,-0.09905968942271243,0.03417739023593793,0.9983392669267307,0.16543998502821078,-0.31591976125859683,0.0002037879907255,0.051844980739855884,-0.011129912827151079,-0.00176495831724386
2,0.33,0.03473307406062269,-0.15041050643107381,1.6624895234145924,0.5926939998077322,0.9223387708010004,-1.0214919694404896,0.3564932641289508,0.009455789744735097,-0.23184531344577317,0.3281908557363722,0.14971134376982861,-0.04241453259664449,-4.658470763881953e-05,0.41934774736943475,-0.09382465605261477,0.03661605435526343,1.0261522482519958,0.17502002899600722,-0.3160275604714292,0.0002037879907255,0.05187566487666976,-0.011060725909975701,-0.0017586612517769
2,0.34,0.0317992254594315,-0.14941649997526016,1.6671815780977328,0.5933139234044246,0.9231084370612483,-1.0199466568522242,0.34389150515587025,0.00926618842142988,-0.23313789968837936,0.32206784762857904,0.1547433567943139,-0.04383834156577092,-4.658470763877982e-05,0.44542561606276376,-0.0881168774005772,0.04244258952705558,1.0418869181697343,0.1838018985298742,-0.316138959815258,0.0002037879907254,0.051905728808186294,-0.01099151128946472,-0.0017524178848441
2,0.35000000000000003,0.028080768889379073,-0.149068826255832,1.6675390213410897,0.5939913843801046,0.923893574397456,-1.0181496882929235,0.33352622766660994,0.00916653489394209,-0.22834879257580779,0.317843095848654,0.16006897484398844,-0.046405543534845314,-4.658470763877982e-05,0.469483911457049,-0.08251542246550496,0.0440372649201043,1.0469360953254303,0.19254361588291305,-0.3162538936191379,0.0002037879907254,0.0519359560012082,-0.0109223440039072,-0.0017460831802786
2,0.36,0.02395429640857672,-0.14843008147258516,1.6706638614749043,0.5941618522919188,0.9246923482773888,-1.0163446607202637,0.32270433327368137,0.007065746836657362,-0.2280578502021635,0.314322041599369,0.16641084455231928,-0.04629874357472605,-4.658470763877982e-05,0.49065226007801105,-0.0751198067237315,0.04694019718406501,1.0408243108639859,0.2001789055982947,-0.3163724163571816,0.0002037879907254,0.051965639930431316,-0.010854325620601159,-0.0017399143264912199
2,0.37,0.02340964563388642,-0.14807117053542382,1.6759068966953874,0.5946526787525352,0.9254064677586367,-1.0145435934167424,0.31081786520583704,0.008004103157354338,-0.23362497485548298,0.3084992576717068,0.1719556564907012,-0.04251818352990869,-4.658470763877982e-05,0.509788660879171,-0.0708972690664374,0.0526988941115403,1.024374083593912,0.20678244810771002,-0.3164943626610863,0.0002037879907254,0.05199505922560768,-0.01078542477437348,-0.0017336793101656
2,0.38,0.02083400625868405,-0.14652280588377148,1.6791526773780854,0.5948790236259687,0.9261249452183249,-1.0129926635155677,0.2959797520445099,0.008354792381129635,-0.23584095189842974,0.2988380906175915,0.1774982843912026,-0.0399420255707121,-4.658470763877982e-05,0.5241029568272683,-0.06650414783948105,0.05317569517976137,0.9968923694257386,0.21050988189991385,-0.31661971327304533,0.0002037879907254,0.05202329968710962,-0.01071730825832036,-0.00172751148063922
2,0.39,0.015972908099352798,-0.14596013483325115,1.6770394101235206,0.5949074613344635,0.9266278331655766,-1.011092511234994,0.2874432198481166,0.005342432609744938,-0.23312108271242557,0.29902861125199043,0.1841544668312325,-0.03761901333683113,-4.658470763877982e-05,0.5356094892437671,-0.06129594538124014,0.04818853039361796,0.9592122283756418,0.2107337182300838,-0.3167484225323036,0.0002037879907254,0.05205144119041248,-0.0106493983007929,-0.0017212756863860801
2,0.4,0.0152735190051799,-0.1455931258040427,1.675639466273227,0.5955448920749793,0.9269800280091024,-1.0093467356836985,0.2765940981831362,0.0072188350476876,-0.2327838993891545,0.2941640815426154,0.1897430810240671,-0.0336921568219398,-4.658470763874164e-05,0.5444830943058148,-0.0617335436980353,0.0422347519073191,0.912842604744512,0.2088282825800382,-0.3168803869284658,0.0002037879907254,0.0520793515947317,-0.0105800213569004,-0.0017148912569311
2,0.41000000000000003,0.014506134336196018,-0.1454294385651931,1.674141792205475,0.5960093264964307,0.9271957223529568,-1.0076392777468814,0.26541398884089756,0.008728521504620767,-0.23269024148511513,0.28777144163623974,0.1964171864135232,-0.028227644063605485,-4.658470763874164e-05,0.5497434176662508,-0.061996339638785626,0.03508523586291492,0.8563269050617552,0.20279138327260926,-0.3170155600201523,0.0002037879907254,0.05210696279989364,-0.010511227235684019,-0.0017085747344203
2,0.42,0.015281186294093436,-0.14495833857852286,1.6713651872919766,0.596709403173392,0.9272918959838046,-1.0061308909934181,0.2536518560983172,0.01159902322147859,-0.23426632269682585,0.2816510186490769,0.20268304684032495,-0.020314224521863516,-4.658470763874164e-05,0.5511785077840189,-0.06512965586379059,0.024716268649080785,0.7923642330993481,0.19229132814560138,-0.3171534382347561,0.0002037879907254,0.052134282914476436,-0.01044136691760162,-0.00170211219973202
2,0.43,0.017850374954948723,-0.14494922153937587,1.6687649596039444,0.5975476918255591,0.9272151068608577,-1.0047072302906366,0.24150010921015372,0.016515130765458106,-0.23431180383127986,0.2741630831311723,0.2093611245417554,-0.012973501346987092,-4.658470763874164e-05,0.5499483594185907,-0.06928225820307589,0.015023572804807511,0.7215357922144738,0.1771555644118081,-0.31729952565646,0.0002037879907254,0.05216158977526604,-0.010370579781782959,-0.0016955402251414
2,0.44,0.020807067443263324,-0.1471328780348748,1.665996955345199,0.5982855614885222,0.9268358050646772,-1.0029702792752093,0.23267442030750085,0.020790775299542263,-0.23574282229060334,0.26830383720196693,0.21719025006892742,-0.004546036745020728,-4.658470763874164e-05,0.5482818848303813,-0.07297641144395592,0.006345909376956388,0.6448261899140333,0.15717598045071057,-0.3173824539336843,0.0002037879907254,0.0521898049336613,-0.01029988911780414,-0.00168896450175414
2,0.45,0.0234899330540482,-0.1492752156608019,1.6627104065901124,0.5988470920116834,0.9263075616127098,-1.0013841254833704,0.2237079141085474,0.024508431597157,-0.2379571745788903,0.2630564977665229,0.2267896853164325,0.0055465826501018,-4.658470763874164e-05,0.5444595380042585,-0.0759263489599249,-0.0019156247970181,0.565898490670774,0.1302925569466785,-0.3180493984921625,0.0002037879907254,0.0522175026389833,-0.0102297254211293,-0.001682432609735
2,0.46,0.02569110731875337,-0.15127322006452865,1.660433696514933,0.5990430722572856,0.9256748741747951,-1.0000311532545227,0.21416284173877936,0.027584236719984796,-0.23952227413846341,0.2577483515415994,0.23506828787981182,0.0141829157572184,-4.658470763870469e-05,0.5372384525614248,-0.07643992491946422,-0.0048385115031009795,0.4824852413457527,0.09878206647031243,-0.3146103755456064,0.0002037879907253,0.05224469777852088,-0.010160487802792939,-0.0016760387120589
2,0.47000000000000003,0.02824940019177133,-0.15467638331672387,1.657578059204442,0.5992530989807026,0.9248028097966425,-0.9985909344768469,0.20626315581745452,0.03067148162937975,-0.24164785898904437,0.2534562425150283,0.24370767831312984,0.023568035346243795,-4.658470763870469e-05,0.5309096967703879,-0.07905511315982075,-0.012620890379543956,0.4007092463566992,0.06709663938655584,-0.2767307797576926,0.0002037879907253,0.05227280100166518,-0.01009140425673556,-0.00166965162569544
2,0.48,0.03128588679234539,-0.15720570910610215,1.654559210798528,0.599393552744244,0.9238442689448334,-0.9975066685927473,0.19700731262349053,0.03387241405485912,-0.24468089253020214,0.24917426742539558,0.2528282294490491,0.035753323891235186,-4.658470763870469e-05,0.5236782979691227,-0.08298420451644799,-0.024792967124814495,0.3239020269128385,0.045516565384909384,-0.21664355187216278,0.0002037879907253,0.05230051377463428,-0.0100217136645036,-0.0016632003253121
2,0.49,0.035010013978693626,-0.15790316485872724,1.6510659853498546,0.5995676240520404,0.9228969188247578,-0.9971196705610169,0.18222189052361587,0.03946536724747943,-0.24472730309673138,0.23829523935739635,0.25912790402145314,0.044989903941746935,-4.658470763870469e-05,0.5142171517713896,-0.08799953033324984,-0.040830632935009284,0.25307431590731294,0.04015429294779672,-0.1420342275262769,0.0002037879907253,0.05232744195084088,-0.00995105143402212,-0.00165662430790604
2,0.5,0.0367722366985271,-0.1571191853876007,1.6478319003703217,0.5991323374719703,0.9219217340309792,-0.9971112858178404,0.167776237822188,0.0416588774791222,-0.2462802936405429,0.2327318301445849,0.2667449510379946,0.0557152812804321,-4.658470763870469e-05,0.504246169209885,-0.0907158474739063,-0.0629602713272407,0.1912219434026698,0.0407800522145698,-0.0591557461360204,0.0002037879907253,0.0523534769300799,-0.009881814121779,-0.0016502134672427
2,0.51,0.03723440745232156,-0.15835059118305395,1.6445279632275989,0.5982291258394848,0.9207193382804755,-0.9969671991049807,0.15525687960657,0.04215696718905112,-0.24641625340676235,0.22696643409213915,0.27494325455552454,0.0653166418468083,-4.6584707638690666e-05,0.49800675105669007,-0.09075837233162565,-0.08844222772275782,0.14007859243312604,0.038315524584649215,0.01760365981717111,0.0002037879907253,0.05237981738579548,-0.00981363051399284,-0.0016439220632830799
2,0.52,0.03525850015281326,-0.16273091602325152,1.6404795215991015,0.5966641094568671,0.919260037625494,-0.9964736269703602,0.1478709937035274,0.038577262460603,-0.24758961374800437,0.22512612928896775,0.2860181501401325,0.0756932101772855,-4.658470763866963e-05,0.4954561808774252,-0.08684746231070252,-0.11144753968082728,0.09901376792319076,0.03166966641663524,0.07194941103314022,0.0002037879907253,0.05240734050669554,-0.009746590999514419,-0.00163774135186604
2,0.53,0.032211338286774846,-0.1685746197011163,1.635504346224782,0.5948167907797325,0.9176623327263844,-0.9959903064192382,0.142486116253239,0.03386373263441342,-0.24361910948069912,0.2242799177424856,0.2982925896428212,0.07971552591353173,-4.658470763866963e-05,0.4974863647649317,-0.08264551094325073,-0.13773823004412428,0.07810329761182062,0.034778547120981586,0.10818290876407044,0.0002037879907253,0.05243563240803964,-0.009679972871133499,-0.00163159843869286
2,0.54,0.03387572058408192,-0.1674550966264635,1.6330667580253753,0.5934571922932075,0.9165013837270187,-0.9970869637526345,0.12792433570210648,0.034571062925343926,-0.2445964599482495,0.22056115506359722,0.3071721002015471,0.08849698354674836,-4.658470763866963e-05,0.497052525159155,-0.08490512709661739,-0.1525325647664137,0.08346407666337634,0.047752129832808216,0.12262144941564058,0.0002037879907253,0.05246256139551876,-0.00961214298965302,-0.0016253380706821399
2,0.55,0.0331731842225037,-0.1694575461054656,1.6302001226508835,0.5914227094856083,0.9151581629252408,-0.9979206012683222,0.1189218314697861,0.0313925594362258,-0.2442263617730862,0.2217425339607259,0.3190218820623074,0.0947818238596673,-4.658470763866963e-05,0.4989437815220754,-0.0839986573884509,-0.1420973624069678,0.1000939588258931,0.0462054590558414,0.0985586928149101,0.0002037879907253,0.0524896809525745,-0.0095445893787001,-0.0016191063841772
2,0.56,0.034951051160773225,-0.16809241408371026,1.6255705456821001,0.5896814708341038,0.9140697577598904,-0.9998683050582813,0.105099079423378,0.0315781748666792,-0.24069581141467,0.22106724495258467,0.3290835412046779,0.09942642939244212,-4.658470763866963e-05,0.4918914176769515,-0.08516341940345562,-0.11670300845296012,0.11615088619481387,0.044197679484616934,0.060178582515937926,0.0002037879907253,0.052515218925319344,-0.00947577923023994,-0.00161272346230604
2,0.5700000000000001,0.03286485754197791,-0.16504353110111714,1.6173369473768318,0.5872194303241964,0.9130468462071414,-1.0023685749694953,0.08938682889173125,0.027194965344076606,-0.23348339856167585,0.2213421667307467,0.3387333325399266,0.10515848795673904,-4.65847076386453e-05,0.47905868108105915,-0.08206377964324617,-0.09901242560310623,0.12803839868019126,0.03867831597462389,0.0348377082036189,0.0002037879907253,0.05253933297196204,-0.00940771850265492,-0.00160637944955282
2,0.58,0.02124906741792236,-0.16643078008688883,1.60515797868535,0.583304254885415,0.911793201703417,-1.0040241410638644,0.08003095707427667,0.01234073986360024,-0.22454575277811903,0.22479355503184412,0.34877155390117515,0.10689862623751177,-4.6584707638639214e-05,0.46820382096309343,-0.07058498377965666,-0.1036511535948407,0.12356402851062386,0.004287378776594479,0.0401258296064414,0.0002037879907253,0.05256289563885092,-0.009341296244755541,-0.00160018376155622
2,0.59,0.006751285916636143,-0.16428704936440425,1.5943049374587348,0.5787025420168748,0.9110699652507881,-1.0064339077844755,0.06655319745483892,-0.005000775671739504,-0.21416122088134082,0.22751836616535942,0.35553846591232563,0.10392195596384714,-4.6584707638639214e-05,0.45247061200279876,-0.05698313396578046,-0.11515436609187392,0.11233918434202378,-0.02644392337741275,0.06795491651137861,0.0002037879907253,0.0525841351222909,-0.00927495733706792,-0.00159400736582814
2,0.6,-0.005797883831968,-0.1623972187239331,1.583777202101786,0.574271560640645,0.9107032742012848,-1.008799280471024,0.0554841433606506,-0.0207884209946349,-0.2027674933154851,0.2337249861709852,0.3596070523700422,0.0978127947262117,-4.6584707638639214e-05,0.4411543142641796,-0.0463619668200015,-0.1292230102834471,0.1166019041397628,-0.0544310901540033,0.0720510137832534,0.0002037879907253,0.0526058938699648,-0.0092070724067966,-0.0015876662361062
2,0.61,-0.01803513920784408,-0.16412371926401392,1.5770842689979883,0.5694073671604127,0.9104487814225548,-1.010377454664514,0.05086059806907702,-0.03704568508117416,-0.1960492955370977,0.2447696815913021,0.36096298010369665,0.08643940617225065,-4.6584707638639214e-05,0.4373026884074765,-0.0347927843036763,-0.13986082692086618,0.13009140710115616,-0.06889455961729841,0.051512377573266745,0.0002037879907253,0.0526286849181219,-0.00913874436207956,-0.00158130360603134
2,0.62,-0.031226638020730793,-0.16687244986194644,1.5729705297893168,0.5639688961336202,0.9105257286696155,-1.011630603136988,0.04982761173814744,-0.0550413925765532,-0.18860897593005932,0.26090350688280795,0.35960039324236703,0.07140102129892816,-4.6584707638639214e-05,0.43427449486386893,-0.020311895846318873,-0.1455160691208361,0.1402128495463223,-0.06780304997527421,0.03708100350246609,0.0002037879907253,0.052650345132874816,-0.00907083324257516,-0.00157501055951764
2,0.63,-0.04279888380211061,-0.1712725426319546,1.5692435843669255,0.5585843904801272,0.9110049035952364,-1.0125429040999077,0.05419159281120965,-0.07172651504842492,-0.17508961739202594,0.2822197163792989,0.3545898667670796,0.050049984137989216,-4.658470763859806e-05,0.4298451625308035,-0.005279181240880446,-0.1405562960422336,0.14524092066097283,-0.06633529920766595,0.027183335449049557,0.0002037879907252,0.05267135731576368,-0.0090019991984852,-0.00156861472216822
2,0.64,-0.05238572685728811,-0.1739172262382199,1.5629813618455881,0.5536494102294554,0.912019268811376,-1.0135829133417844,0.061234553938579,-0.08722504998903412,-0.15688044275898982,0.310029411948859,0.342357439032879,0.02683191836363526,-4.658470763859806e-05,0.42218691592971413,0.007973150202956367,-0.13527240055539222,0.14810015486190548,-0.05999302085477857,0.013988357253825818,0.0002037879907252,0.05269129943019332,-0.008931861070989458,-0.00156204972946172
2,0.65,-0.0567479708630219,-0.1760886738348484,1.5565346836420126,0.5496262596861587,0.91333727715196,-1.0145795817337626,0.0714762918354719,-0.0981155392950887,-0.1367451772815612,0.3447216303917713,0.3275495733092058,0.0089804726712759,-4.658470763859806e-05,0.4123099354818771,0.0156572471857746,-0.1344936328833594,0.1468669746952967,-0.0536480655668941,0.0060432110617231,0.0002037879907252,0.0527103870746514,-0.008859842442676,-0.0015552751521081
2,0.66,-0.061926874048129146,-0.17522925891729824,1.5481099835404148,0.5456676683090201,0.9150315915236171,-1.0159875447711257,0.08171012776707196,-0.10959029565576969,-0.11383563480022535,0.3833337224458662,0.3094172346761938,-0.016469722895248697,-4.658470763859806e-05,0.3973650435541612,0.02386603652650252,-0.14400714625463953,0.14204509005625654,-0.04851416196174241,0.009984501712610781,0.0002037879907252,0.05272770687174104,-0.00878733142333356,-0.00154842245375662
2,0.67,-0.0648107326200366,-0.1723594771586269,1.5401257473666983,0.5421967578586012,0.9168681425134907,-1.017529390611782,0.09301251121397734,-0.11805656781051896,-0.09187272963173765,0.42594648248667943,0.286739194698319,-0.039698775332211195,-4.658470763859806e-05,0.3806313876830964,0.029433672500946067,-0.15869589089334393,0.13713899573343968,-0.043728208644329844,0.023468140029510195,0.0002037879907252,0.05274373162924506,-0.008713659964441439,-0.00154144735324248
2,0.68,-0.06653101115245358,-0.1700792038338014,1.5340577966303672,0.5387985145594941,0.9185411655092784,-1.0187002346138654,0.10797193599128661,-0.1262241952372829,-0.07645406571159911,0.47392047068451,0.26265106180373626,-0.05607838026219149,-4.658470763859806e-05,0.3671722579962815,0.03420692147818826,-0.17047947229523094,0.13643651817049957,-0.039173132276684695,0.03314412257457809,0.0002037879907252,0.0527597752536222,-0.00863962613499284,-0.00153444269219354
2,0.6900000000000001,-0.0706751459930399,-0.16747869944873403,1.5313693276937022,0.534709407683839,0.9200396721216295,-1.0196991628587992,0.12491277312893116,-0.13831828621849773,-0.06830091296263224,0.5262225658671084,0.23374276570233884,-0.07033076685048725,-4.6584707638538193e-05,0.355562184864204,0.04269610221007148,-0.17626405408412532,0.13870047156195156,-0.034239936050390905,0.03658138798896639,0.0002037879907251,0.05277531882306654,-0.008566064664184919,-0.00152750910474078
2,0.7000000000000001,-0.07116938367571331,-0.16502337357946728,1.529432421253364,0.5313489697842022,0.9212278833978036,-1.0204562542191622,0.14284743132082908,-0.14596286971930342,-0.06095096626915499,0.5793650998927612,0.20179538335292665,-0.08858396998025367,-4.6584707638538193e-05,0.3464203802307126,0.046579666747231366,-0.1786000499281779,0.14525799612620335,-0.023383063723240567,0.03850656573060153,0.0002037879907251,0.052790182281215,-0.0084906444631734,-0.0015203775998473
2,0.71,-0.07518721734494226,-0.16282319668458506,1.5290233942278448,0.527256799013401,0.9221460513336827,-1.0209141949707312,0.1644563836011118,-0.16009640944672424,-0.061029375315235786,0.638124039121471,0.17580533790558403,-0.08651159410022524,-4.6584707638538193e-05,0.3371190701813071,0.05484283201296397,-0.18040560629629146,0.14953760077371922,-0.012745734873454762,0.04115618605559591,0.0002037879907251,0.05280436925408264,-0.0084159284905054,-0.00151333045045728
2,0.72,-0.08040892584502861,-0.15842199138050908,1.5286062329632333,0.5231530499397847,0.9230129390187806,-1.021472594745527,0.18630328278131866,-0.1753287968447886,-0.059242807961439964,0.7002800019615704,0.15493766389523184,-0.08647210970520927,-4.6584707638538193e-05,0.3255715573575583,0.0638260447800103,-0.1854937365924049,0.15370351314192557,-0.0031603377260370816,0.04876189174518878,0.0002037879907251,0.0528172641794681,-0.00834108267915038,-0.00150627114401516
2,0.73,-0.08400447018275688,-0.15857232291194756,1.5299266494704418,0.519330380269643,0.9234388972070691,-1.0208140229426157,0.2164090271854432,-0.1884656281525093,-0.05709635836074381,0.765110792765819,0.1314088279844992,-0.0955419441918085,-4.6584707638538193e-05,0.31985176109519103,0.0713468075877895,-0.1857631834452678,0.15831496491037134,0.008155979659652786,0.054225303879770245,0.0002037879907251,0.05283018013538558,-0.008265293957738179,-0.0014991132274670199
2,0.74,-0.0893772218238744,-0.15591405641724906,1.5266593942931161,0.515814852965052,0.9238756763253607,-1.0203666559463065,0.24604471732612637,-0.2020564802627264,-0.04939991871070392,0.8280891548211282,0.10941485435499453,-0.10776146927623176,-4.6584707638538193e-05,0.3097677233556103,0.07994430439146384,-0.1886369427442629,0.16022237334822964,0.017926211787890802,0.055517963788203915,0.0002037879907251,0.05284135832126722,-0.00818905851683426,-0.00149186510459574
2,0.75,-0.091277832257383,-0.151238246441967,1.5219278694494756,0.5133493176132965,0.924383024251473,-1.0201304958521369,0.2725716886928189,-0.2091211380342222,-0.0391373440535389,0.884470021217196,0.0893647346668894,-0.1248713319052381,-4.658470763848413e-05,0.2953751425523654,0.0845960744623844,-0.193346809947523,0.1587548596920827,0.0271766070517879,0.0591189259840864,0.000203787990725,0.0528510282398407,-0.0081113040980857,-0.001484431741618
2,0.76,-0.09282698009623827,-0.143855940379374,1.5140551924777093,0.5115062991624032,0.9251243776785847,-1.0201706439583942,0.2950317465055072,-0.21425836140287546,-0.030187908316977572,0.9309581186294108,0.0790484419496372,-0.1532657273979804,-4.658470763848413e-05,0.2774639562095869,0.08804079056233441,-0.20069856705263514,0.156566350367234,0.036283518728331556,0.06409458064968412,0.000203787990725,0.052859150513394584,-0.0080331109442908,-0.00147691997721542
2,0.77,-0.09225309319458115,-0.14451498245473568,1.5075893565154794,0.510048241685639,0.9253914169359809,-1.0184849743402662,0.3259171799924556,-0.21639594161307993,-0.025065600606977698,0.9699459530585197,0.085185432166699,-0.18732248830073692,-4.658470763848413e-05,0.26924488228233256,0.08939766130743862,-0.20399345747935238,0.15502105321330165,0.04471379056854086,0.06361117678211288,0.000203787990725,0.05286760675912036,-0.0079541307073758,-0.0014693179053856201
2,0.78,-0.08887381599830933,-0.1433089382869303,1.502287872302731,0.5091717879102452,0.9259120622105903,-1.0169488557833894,0.352722806990336,-0.21462356435900284,-0.02023734412856331,0.9984728749016593,0.09777834918664279,-0.21675533506011121,-4.658470763848413e-05,0.25826671404333756,0.08874189514617412,-0.20181562718156476,0.15163458763132373,0.05157926292494113,0.05642129927908508,0.000203787990725,0.05287392177418554,-0.00787339704405532,-0.00146153956454524
2,0.79,-0.08467432626192342,-0.14242789512743767,1.49958725635884,0.5084073813250094,0.9265270355819777,-1.0152146840158844,0.377177661693235,-0.21247764470773778,-0.0187890116340326,1.0169166689890248,0.10697581094253149,-0.23644096474659634,-4.658470763848413e-05,0.24882969489945592,0.0872526589850086,-0.1979688411261452,0.15102189692801507,0.05907486633924681,0.04990473921069594,0.000203787990725,0.05287944536111008,-0.007791965148160439,-0.00145370998401958
2,0.8,-0.079402178678772,-0.1398633075912589,1.4965725353567931,0.5081060407377627,0.9273094622947308,-1.0136157904995893,0.3982554772619504,-0.207877084274723,-0.0174321667798118,1.025486768599142,0.1131747540694712,-0.2477038673154638,-4.658470763848413e-05,0.2381949835109267,0.0842355683571044,-0.1948100868861783,0.1515556491056406,0.0673058110250688,0.0439944188145484,0.000203787990725,0.0528831678453827,-0.0077099459922684,-0.0014458142259124
2,0.81,-0.07336823194172726,-0.1392914135628651,1.492566499987552,0.5082433305357446,0.9279409084832041,-1.0115345732187695,0.4198750390981926,-0.20055118770181898,-0.01471136040735086,1.0242425014175263,0.1202295633534895,-0.25091969235952805,-4.658470763842966e-05,0.23046963359054043,0.07969046121263487,-0.19113581351125958,0.1532423716742274,0.07622093679566196,0.03222680435935047,0.0002037879907248,0.05288686488604188,-0.0076271453508087,-0.00143781661740906
2,0.8200000000000001,-0.06928860188132306,-0.13778174932932694,1.4913435724077169,0.5079567529801607,0.928611723124797,-1.009532108457994,0.4382123767831892,-0.19633303686930603,-0.01691505604487741,1.0132050663966312,0.1264558118012894,-0.25616586649919376,-4.658470763842966e-05,0.2221412152405588,0.07814076663329075,-0.18141757313210477,0.15481421050981636,0.08364824559002552,0.01723905530097905,0.0002037879907248,0.05288898731905566,-0.007544995555165299,-0.00142989624637792
2,0.8300000000000001,-0.06391703062955735,-0.13757714709588673,1.4902157921732733,0.5079868195574803,0.929093229665779,-1.00730112988497,0.4556587137223928,-0.19156823705119003,-0.021504657282129188,0.9935651484887345,0.1328248950009878,-0.25658031520230895,-4.658470763842966e-05,0.21430898534000478,0.07484850961588997,-0.1747778505323717,0.155637584473714,0.0928287141144674,0.007673364490140451,0.0002037879907248,0.05289030611376976,-0.007461878421719859,-0.0014218622903859799
2,0.84,-0.05810685176892534,-0.13902913547513276,1.490430409322996,0.5081651573189061,0.9293590433813808,-1.0046643953675884,0.47232480510043173,-0.1867634332935061,-0.030898844980607014,0.9641932235739757,0.14012504648249074,-0.2564218072764917,-4.658470763842966e-05,0.2097688710654872,0.07021077176604817,-0.1712280290555881,0.15945311427694916,0.10284074242978365,0.003714672895373415,0.0002037879907248,0.0528911705448027,-0.007378698095776881,-0.0014138464843388
2,0.85,-0.054331965780326,-0.1393097824211108,1.4893488974921132,0.5082513002473361,0.9295744460453776,-1.0021806109564628,0.4862234268447178,-0.1838562353526212,-0.0397001494337032,0.9268656898996696,0.1476414691533087,-0.2496504056566326,-4.658470763842966e-05,0.203941879840603,0.0671721142342674,-0.1724365334011716,0.1628299423942552,0.1111510922899896,0.0029324115798648,0.0002037879907248,0.0528903635064366,-0.0072964581806502,-0.0014058979299196
2,0.86,-0.05224469132479563,-0.13969670722335895,1.4872712101653813,0.5082348003775249,0.9296456624126065,-0.9997493549444098,0.4979533366806461,-0.18266495953737805,-0.04813805456218822,0.8815205944098421,0.15289933934043148,-0.2350699899738392,-4.658470763842966e-05,0.19638962324025805,0.0661620575648317,-0.17177682096610153,0.1624406390419931,0.11883069627546819,0.0020545457175952194,0.0002037879907248,0.05288876149137888,-0.0072147683983722795,-0.0013979764940473599
2,0.87,-0.05059158965984814,-0.14004147338133607,1.4859902568363308,0.5082092519982779,0.9296056457431005,-0.9974120302328491,0.506522864543777,-0.1819753833782842,-0.05730900225327691,0.8287000052138377,0.1487311472496265,-0.22448659506404642,-4.658470763837158e-05,0.18767318215587817,0.06571531829701249,-0.17250995667947083,0.1601152007067286,0.12501762717196033,0.002696485380074894,0.0002037879907247,0.05288612979508788,-0.0071332582377002605,-0.00139009116287602
2,0.88,-0.04871463700747842,-0.14142609325093003,1.4857916941317906,0.508261499385376,0.9293344907041192,-0.9948243749446728,0.5143182096163117,-0.18215455781102438,-0.07025129128746965,0.770638198774775,0.14545681107414826,-0.20663465342725093,-4.658470763837158e-05,0.18178518740005062,0.06405527666420795,-0.17705042612779082,0.1614016487322819,0.13278005118370553,0.010939591227520955,0.0002037879907247,0.05288357112797498,-0.0070507900401648,-0.00138210340978676
2,0.89,-0.04757320467391864,-0.14305941651105186,1.486133117750844,0.5082974278426029,0.9289307072895835,-0.9923013696308091,0.5198716446763766,-0.1827996227028889,-0.08427531480545533,0.7076187255488345,0.1323743700087536,-0.19081581633879907,-4.658470763837158e-05,0.17517035471833284,0.06341411961562009,-0.17729653307653392,0.16054600696317242,0.14100885365731936,0.014890789041006557,0.0002037879907247,0.0528807201820741,-0.006968258977787759,-0.00137409776294916
2,0.9,-0.0475493155257613,-0.1438457322567411,1.486737329899208,0.5083129258672339,0.9284736895484468,-0.9900822745565356,0.522162956215251,-0.183752227476045,-0.0994970558672411,0.6408343225216975,0.1194670818157988,-0.1725589822355566,-4.658470763837158e-05,0.1662126921490545,0.0642484024847663,-0.1769575587240782,0.1574619415895843,0.1482862905914765,0.0186083701099757,0.0002037879907247,0.0528767645211523,-0.0068866494768154,-0.0013661915306325
2,0.91,-0.04853076327734069,-0.14565637163938835,1.4873885665338769,0.5083713821727226,0.9277940204519031,-0.987719418642264,0.5247342308821196,-0.18495376097259758,-0.11579781836199698,0.5738171562584837,0.11059384040701445,-0.14792308655962835,-4.658470763837158e-05,0.15944108512322194,0.06516426244744901,-0.17972828186507747,0.1565384118445973,0.15709563056332357,0.027397020059142553,0.0002037879907247,0.0528734556869013,-0.00680553840965178,-0.0013583110999411598
2,0.92,-0.04932871780965513,-0.14497218953657431,1.4887666557814383,0.5085904373680816,0.9271731586008025,-0.9859710121879629,0.5231646138645584,-0.18603166664185855,-0.1346133254732613,0.5077615143879107,0.10396786611134078,-0.11262917736125529,-4.658470763837158e-05,0.14869583547386978,0.06625572480888003,-0.18225467325892125,0.15358521270599476,0.16414865703465784,0.0354659577965377,0.0002037879907247,0.05286830306837176,-0.006724687507081299,-0.00135044029126964
2,0.93,-0.04658587222860556,-0.14345933827744844,1.4930164720624757,0.5094519855832836,0.9265329664752421,-0.9844897273067114,0.5178948883736259,-0.18329004685659653,-0.15600664461495495,0.44254701636763416,0.10055412733104144,-0.06827127910384895,-4.658470763831736e-05,0.1386659079396073,0.06284363181397415,-0.18464809156423798,0.15523691083093208,0.1735798689135209,0.046401956692435,0.0002037879907246,0.052862345484426455,-0.00664271854076214,-0.00134244311876382
2,0.9400000000000001,-0.04688527066805595,-0.1461561188511789,1.4942725191315482,0.51027363567557,0.9254633167545059,-0.9823373627444975,0.5194812136483973,-0.18061171302694234,-0.16976547781431398,0.3834575648821953,0.09725218017555826,-0.02585282230732401,-4.658470763831736e-05,0.13405492373261313,0.06129256697589414,-0.1932278569427044,0.15806049078428844,0.18294349575033736,0.06233400218185468,0.0002037879907246,0.0528578238720555,-0.006561479348022439,-0.00133447279701978
2,0.9500000000000001,-0.0484924714163569,-0.15017849812705092,1.494396765503615,0.5111237854835684,0.9241959172759124,-0.9801456071296653,0.5241900772880065,-0.17797444518177497,-0.17963941151880253,0.3315625746488112,0.09327179313142424,0.013015732577256616,-4.658470763831736e-05,0.12901044310775633,0.06210456497961059,-0.1929560133915199,0.1565249546011326,0.1917051839614018,0.06375367508772324,0.0002037879907246,0.0528542905856651,-0.006480689381641199,-0.0013265146796449
2,0.96,-0.04690841479166873,-0.15257322767292658,1.497150880483409,0.5125423475625688,0.9230126162265051,-0.978470988112345,0.5255162992782906,-0.17301464669832398,-0.19399005190998853,0.28499216501305,0.08802095943167491,0.049911838952391784,-4.658470763831736e-05,0.1222504040403685,0.05933755191530352,-0.19075387468270205,0.15615960175468066,0.20055005546715915,0.06598462423320822,0.0002037879907246,0.05284996442843606,-0.0063988098045083,-0.00131843372771478
2,0.97,-0.045345246876032724,-0.15528770734798833,1.4987951348770077,0.5142645659867451,0.9217455533298904,-0.9768923973205469,0.5281724652786997,-0.16727572940576374,-0.20740171305580582,0.24618380587045446,0.08397284763091128,0.08406713739868146,-4.658470763831736e-05,0.11684092122013133,0.056114337977157265,-0.18830098004655588,0.1587223846386501,0.21215667841630217,0.06700957480778373,0.0002037879907246,0.05284633016526184,-0.00631699956875496,-0.00131028402498356
2,0.98,-0.0432506880519805,-0.15651068950825525,1.5002331934130013,0.5163528000490717,0.9205483418029332,-0.9757929166397915,0.529424415297556,-0.16069270856347914,-0.22044823357543256,0.2149198647699094,0.08303687704181112,0.11515101114538104,-4.6584707638306405e-05,0.10948214343670912,0.0518463783221591,-0.1879458486442277,0.16113764747015819,0.2238578800290356,0.07090615567215963,0.00020378799072458,0.0528418981362132,-0.00623496874421968,-0.00130204818480396
2,0.99,-0.041281400120304866,-0.15811704845767538,1.502356975039029,0.5186558497757257,0.9193148269384862,-0.9748310618675207,0.5309897844474375,-0.15434456601464958,-0.23270031737631766,0.19132943208107728,0.083212626236551,0.13993412826747184,-4.658470763826257e-05,0.10333226806188169,0.04624136083429204,-0.19276471796353833,0.16578770445644356,0.2345841892823414,0.08235854994293323,0.0002037879907245,0.05283821287736324,-0.0061535245338374,-0.00129384324498848
2,1.0,-0.042343824418564,-0.1622735032473512,1.5025991026495051,0.5207483063972754,0.9178417425665352,-0.9736103834971886,0.5377619214653871,-0.1508814324228448,-0.241438239699646,0.1784292024151757,0.0871262691079647,0.1576744388543017,-4.658470763826257e-05,0.0994100935958871,0.0438601728481488,-0.1985136030191521,0.1687657869029526,0.2437464740922084,0.0931489546951391,0.0002037879907245,0.0528352735731774,-0.0060734471034729,-0.0012857292135982
3,0.0,-0.0420788931234636,-0.1626742830234909,1.5032307665603062,0.521451702092689,0.9174621964235212,-0.9734689961178852,0.5384413206208117,-0.1496573479934423,-0.2443344647947068,0.17597656808821,0.088901736005062,0.1617043974846861,-4.658470763826257e-05,0.0971055004913302,0.0428420969492586,-0.1980549047407967,0.1694691223149687,0.2466820782024485,0.0935984749137004,0.0002037879907245,0.0528340583209581,-0.0060498725983336,-0.0012833337560362
3,0.01,-0.03977433379730419,-0.16123337622282624,1.5062438670219185,0.5239733751360499,0.9164363664096161,-0.9736761625694931,0.5365327690731077,-0.14490993928250376,-0.25091834782289607,0.1714301472937938,0.092895405225,0.16796288299567982,-4.658470763826257e-05,0.08667338933333985,0.03839298014847618,-0.19384400832133317,0.17193036462877476,0.2574753919884853,0.09206317589760721,0.0002037879907245,0.0528291065500319,-0.005975632587910685,-0.00127576462150161
3,0.02,-0.03870835095031804,-0.16011790320993222,1.5093530180825132,0.5264970412552582,0.9153552221702506,-0.9740358493330217,0.5348065410540347,-0.1414590743684788,-0.2493492378472402,0.17239579977753478,0.09205051026226203,0.16441266663978657,-4.658470763826257e-05,0.0765103596477741,0.03468806360954361,-0.1918535722212068,0.17391745604580655,0.26726335288812897,0.09364415345036933,0.0002037879907245,0.0528241658930688,-0.00590260696103822,-0.00126829278106985
3,0.03,-0.038389164650834265,-0.15979912900649162,1.5138899694128714,0.5289713318774479,0.9141839739602948,-0.9744852881530953,0.5330834951848942,-0.1393992053897581,-0.24296435104479747,0.1782976908482757,0.09294841454353836,0.15673964572812815,-4.658470763826257e-05,0.06772881418761492,0.03172562159158969,-0.1856042531870935,0.17725409261790306,0.27800093036816936,0.09122588334522351,0.0002037879907245,0.05281913831140264,-0.00583032904700886,-0.00126089247727874
3,0.04,-0.04010002982239876,-0.16107514797828368,1.518640026997021,0.531314826623495,0.9128676191591788,-0.974882923495717,0.5320981107730856,-0.13907872030199206,-0.2301184217450084,0.18760875884802872,0.09689556468488843,0.1458225425522395,-4.6584707638239665e-05,0.06142385635990554,0.03021835040505094,-0.17986441935195785,0.18265109806207713,0.2893727199442509,0.08857981967174494,0.00020378799072438,0.052813862079130164,-0.00575905430990728,-0.00125356807422862
3,0.05,-0.04163385738130763,-0.16171961510511643,1.5250047327158327,0.533773955170484,0.9115695254196038,-0.9756682699945671,0.5283809647871753,-0.1389264613378924,-0.21374103608223097,0.1982162280820392,0.0982134348890912,0.13054973909469547,-4.658470763822439e-05,0.05351628130163192,0.0284349949311857,-0.1734755640940301,0.18608266407113294,0.2984967812137698,0.08642819694999777,0.0002037879907243,0.05280723130995015,-0.00568846523566385,-0.00124630306208585
3,0.06,-0.04286152929151088,-0.16255718556917761,1.531786059633062,0.5364742217040562,0.9101983538285718,-0.9767242955214176,0.5227764578819247,-0.1382745301043135,-0.19957737481215507,0.2099327644930275,0.10123914180554547,0.11698664474352108,-4.658470763822439e-05,0.04502353077219891,0.026295032244276192,-0.16367245393333277,0.18904337139437505,0.30898691720554267,0.08256915255483321,0.0002037879907243,0.05280005740393275,-0.0056179435828033,-0.00123900383913105
3,0.07,-0.040973402455235036,-0.16406746860997945,1.5395572026052242,0.5398610956701267,0.9087721859716638,-0.9777416007858336,0.516667973518422,-0.1340721066600312,-0.19223280415709074,0.21645350135315788,0.08028868729726478,0.09832131166745951,-4.658470763822439e-05,0.03759161122843897,0.020633162818849107,-0.15042666465597843,0.1928225083087501,0.31779909018804425,0.07234610653521058,0.0002037879907243,0.05279203672744707,-0.0055464953648381,-0.001231583926973975
3,0.08,-0.03498586394156292,-0.16652120465169698,1.5465976020232117,0.5440831422448871,0.9074833093896725,-0.9784723565599979,0.5132276845041897,-0.12718284642384384,-0.19976444822856876,0.21756592293721913,0.044150777477244205,0.08561824429217023,-4.658470763822439e-05,0.03270049572133052,0.010459459094438532,-0.13901553905180988,0.19923258521451334,0.3237338676113829,0.061744910210942895,0.0002037879907243,0.052783793193687284,-0.00547433493884648,-0.0012240421824818999
3,0.09,-0.02583853757472909,-0.16717986665168336,1.551774675255604,0.5491083235474684,0.9067174912714908,-0.9795075895121932,0.5097340447558567,-0.11786296975858282,-0.20946207755643304,0.22436700168602522,0.026889521163639525,0.0716157125617987,-4.658470763822439e-05,0.028846919301628336,-0.0030012373797657114,-0.13079707015943468,0.21179745326676194,0.3281306626124628,0.04588707521106799,0.0002037879907243,0.05277529085248771,-0.005402087235559825,-0.001216427718125255
3,0.1,-0.01980105227077745,-0.16648749618005573,1.5543513398455968,0.5538697823444506,0.9065399987729202,-0.9809181820298808,0.5072426472402334,-0.11225084792252965,-0.2163343352483748,0.2421741647375816,0.0180771608437879,0.05262363973790424,-4.658470763822439e-05,0.023046069129149947,-0.011622186437248655,-0.11604194295154784,0.2234698046140963,0.3290128198894863,0.013287068229525379,0.0002037879907243,0.05276660537927145,-0.00533186921470795,-0.00120896421785845
3,0.11,-0.018448219299643336,-0.15875295412400964,1.551538064808246,0.5582898745641904,0.9073141616115163,-0.9837036220964938,0.4979467492656451,-0.1108189994942035,-0.21920749963420896,0.26317665097940507,0.022562318513837522,0.04438355697512239,-4.658470763819684e-05,0.007451324726808593,-0.01397049394456895,-0.10114571096584277,0.23167594805937577,0.31170215286104475,-0.021092316853727963,0.0002037879907242,0.05275611300241099,-0.0052632179743143,-0.001201608490180405
3,0.12,-0.017161448445941124,-0.15599098860883795,1.5494473939144549,0.5629332296319519,0.9082036666218327,-0.985504403889221,0.49270295838442274,-0.10864784508011474,-0.22240924814670304,0.28017439301350794,0.029369702714549657,0.04412961459226922,-4.658470763819684e-05,0.0017645808097890734,-0.019385080837934034,-0.09275754274087598,0.24816936384151805,0.3079770129744423,-0.03737102160992188,0.0002037879907242,0.05274501927025272,-0.0051954037315555405,-0.00119430807489528
3,0.13,-0.011072128869782398,-0.1614098905110958,1.550667090845862,0.5684608925619906,0.9089826180600504,-0.9857754317575169,0.492389485109882,-0.09972324025911486,-0.22550697084013255,0.2892793426543474,0.03326535931731825,0.04636030713034288,-4.658470763819684e-05,0.011975763888438334,-0.03300398057226055,-0.08482313512835153,0.2770712147183686,0.30868743213101396,-0.05456690138814396,0.0002037879907242,0.05273349250489363,-0.005127668232600165,-0.001186985103489735
3,0.14,-0.004087238925097954,-0.16063751667950824,1.552334768565391,0.5741530406508163,0.9105126527366723,-0.9872458021286653,0.4818191577228789,-0.08872138616787444,-0.22911382903296212,0.29254356798792563,0.03932943191410681,0.04961536655028916,-4.658470763819684e-05,0.017481007707922307,-0.04700742538448557,-0.06858860024908099,0.30990447991968767,0.297607131940739,-0.07672169453135087,0.0002037879907242,0.05271985258027107,-0.0050602513634813,-0.00117966042861757
3,0.15,-0.0008495041668398259,-0.16124299298179046,1.5540078349010575,0.5791940324235062,0.9121332127637733,-0.9884322394766032,0.4725127365134505,-0.08069799713308753,-0.2305053887479796,0.2949288876539832,0.04687115857899075,0.049279837560099876,-4.658470763819684e-05,0.027124545928767115,-0.05722672775095482,-0.05355178887382619,0.3465566935645866,0.2824077701888803,-0.09749902354445059,0.0002037879907242,0.05270639181234042,-0.004994820277067651,-0.0011725077845239002
3,0.16,0.001183350508298122,-0.1622170566703828,1.5560876712508755,0.5839468461385527,0.9138523510323935,-0.9894998731198359,0.4622368318534299,-0.07295485393331198,-0.22964809496065314,0.294592074292179,0.055266245396006546,0.04325514657241512,-4.658470763819684e-05,0.04021170366611763,-0.06547723786122754,-0.035807728208773114,0.3872317535374804,0.2605709945202898,-0.12595661788696108,0.0002037879907242,0.05269266941956982,-0.0049305591174140595,-0.00116543967049728
3,0.17,0.004666767707120527,-0.16275238963863972,1.5580446720841101,0.5888664017480316,0.9156330654798384,-0.9904995690534061,0.4507388834388559,-0.06382088645169831,-0.23046177933368264,0.29261955488352176,0.06382680785038945,0.040598506170245595,-4.6584707638175074e-05,0.056924738990379815,-0.0755830337678298,-0.02314385421180059,0.43455645009134175,0.2360389552924966,-0.14687013020136405,0.000203787990724,0.0526791066208017,-0.004866608166792725,-0.00115836019672312
3,0.18,0.008009394610674028,-0.1617661774689993,1.5603337239381874,0.5935186490169186,0.9174349024341796,-0.9915811103265665,0.4378545743865646,-0.05638508004998026,-0.23606993162336326,0.2910635011899349,0.07236831096436501,0.042322835064941194,-4.6584707638175074e-05,0.07633330405975233,-0.08506064542002326,-0.014989672653935493,0.4893659249167314,0.20643905438484675,-0.17012711076931358,0.000203787990724,0.05266509234854127,-0.0048035705634935704,-0.00115133473389464
3,0.19,0.010769607641026187,-0.16211777257472998,1.5639680535970757,0.5978008954935987,0.9189972167750156,-0.9922242784494886,0.4275775696664538,-0.05091244583782827,-0.24367302749061312,0.2913789710391961,0.08213727855636138,0.04677985937635853,-4.6584707638175074e-05,0.09983458013541044,-0.09332775328842013,-0.004512419515902637,0.5453499014423508,0.17017020571677063,-0.19474398217768274,0.000203787990724,0.05265150784642883,-0.004742065548610335,-0.00114443738761915
3,0.2,0.0135059185011761,-0.1627845837264303,1.568816290243464,0.60180968964908,0.9203015460506254,-0.9925709150892874,0.4186071096296389,-0.0460956900141084,-0.249945029176978,0.2932475621960921,0.0921902672027291,0.0481782792922189,-4.6584707638175074e-05,0.1276429007328948,-0.1010967495863875,0.0048743689318505,0.6074474265789046,0.1291976331585492,-0.223835920305976,0.000203787990724,0.052638387030811,-0.0046821242084617,-0.0011376943610268
3,0.21,0.015976348206306893,-0.16434513024168643,1.575146685274454,0.6054348441168926,0.921208766795299,-0.9925065842809039,0.4112552123608872,-0.042340081481173665,-0.2572583152134296,0.2956466276457966,0.10135233604680617,0.04943674509975616,-4.6584707638175074e-05,0.1591867770977023,-0.1074607595916212,0.015832827352124268,0.6722231146570007,0.09663106672807778,-0.2506706832021272,0.000203787990724,0.0526256957701145,-0.00462348804067282,-0.0011310557998574099
3,0.22,0.01883004352069872,-0.16345245032916506,1.5820996268059626,0.6087934479817412,0.9219254718461192,-0.9926695684649488,0.4010528257499612,-0.03807217858647571,-0.2635739703015179,0.2968483446485317,0.11088389110406473,0.04863379444363089,-4.6584707638175074e-05,0.1888506270890918,-0.11160523348824898,0.03064222633986858,0.7347963754354526,0.07827273369418117,-0.27486413604975385,0.000203787990724,0.052611674438218146,-0.00456604966175677,-0.00112449731428917
3,0.23,0.02381878772782952,-0.16065439571602094,1.588288502164757,0.6123410716642692,0.9225587433344822,-0.9929668652017662,0.3884936760027498,-0.031251730889435496,-0.27020069572611083,0.29702732446847485,0.11937368365172346,0.0485827791384379,-4.658470763816621e-05,0.2170827651461083,-0.11740096868282769,0.04237149655057737,0.7942266162476804,0.07250610161943961,-0.30336724867780845,0.00020378799072390998,0.052596843818621154,-0.00450890398706339,-0.001117901888708495
3,0.24,0.029358395817899216,-0.15988860411293912,1.5942144881767142,0.6158483927977998,0.9229754685971144,-0.9926797195056037,0.37829276926360944,-0.022902615473774326,-0.27441437939908303,0.296117828905647,0.12606657361307871,0.04481890439590618,-4.658470763815538e-05,0.24808253069492922,-0.12420229408611055,0.04995679499925136,0.8477094888881189,0.07792080323227502,-0.3231771544383885,0.0002037879907238,0.052582270060530636,-0.00445257381504252,-0.00111133369856578
3,0.25,0.032666051411696574,-0.15813767446547003,1.5986195892446045,0.6189059444467351,0.9234802165490104,-0.9924356411563068,0.3672486373534836,-0.016282382536279973,-0.2760112573790158,0.29514348079544195,0.13276986949156017,0.03942900830170445,-4.658470763815538e-05,0.2763982383854621,-0.12963692663001827,0.05238654343544162,0.8912964583389688,0.08710748866936438,-0.32368301109509257,0.0002037879907238,0.0525664689803956,-0.0043981157245305,-0.00110489612444585
3,0.26,0.03185497775274569,-0.1553186279904429,1.6015715896395724,0.621139018679599,0.9241275729903509,-0.9923203845412617,0.3550486966785709,-0.013444624854997811,-0.27384593839226656,0.2942164573492326,0.13899460491293517,0.03357212226562639,-4.658470763815538e-05,0.30066950682204213,-0.1302149701957128,0.05255824745421293,0.9233376672666497,0.0992949859062116,-0.3234299203787614,0.0002037879907238,0.05254934839583089,-0.0043464948857803104,-0.0010986960035020599
3,0.27,0.028708740739580994,-0.15037883554402018,1.604832638182869,0.622713726396747,0.9249971740901559,-0.9924943084321312,0.34037478991142484,-0.012995411854052757,-0.2709995958718356,0.2927588108790244,0.14366111099306786,0.02729846195942401,-4.658470763815538e-05,0.32080314921722247,-0.12771477876116547,0.05124547741065811,0.9451958013079235,0.1103922185603632,-0.32348004195399604,0.0002037879907238,0.052530410823044375,-0.00429711169606779,-0.0010926809573131
3,0.28,0.027826578510309053,-0.14618191188161234,1.6081752525649828,0.6244692202470074,0.9258563917044842,-0.992494667017762,0.3259952434259555,-0.010018720715885858,-0.2682641811540113,0.29044001783619194,0.14847586911604407,0.019967474887526645,-4.658470763815538e-05,0.3409329395164232,-0.12728372020540188,0.04944572542617833,0.9600076433937339,0.12043461411680538,-0.32348413296800355,0.0002037879907238,0.05251095168261078,-0.0042482452757767195,-0.00108666276462972
3,0.29,0.02308856888349679,-0.1460567425621649,1.6099743228986754,0.6254226752046577,0.9264150898484654,-0.991638160260916,0.31777665195296895,-0.011823254924062887,-0.2646922122721049,0.29088625516909494,0.15573785820022484,0.013771170478057319,-4.658470763815538e-05,0.3640215155528564,-0.12192797844103861,0.04502245813100194,0.9667153327071925,0.13016434365689705,-0.3234948205165051,0.0002037879907238,0.05249199144703897,-0.00420164772249629,-0.001080819985038565
3,0.3,0.019818302207725548,-0.14427083706239002,1.6126179063430142,0.6263127740934149,0.9270598762278072,-0.9910765953259033,0.3072502567906607,-0.0126833320594259,-0.26333880107834395,0.2910448769210916,0.1636214386862862,0.01064945104263815,-4.658470763813798e-05,0.38362391295555853,-0.11719890453007835,0.0412744851580494,0.9649252020478603,0.1404628637806635,-0.32350751941489636,0.0002037879907237,0.052471822656723996,-0.0041558395395681,-0.00107500808814645
3,0.31,0.0178891960808277,-0.14234999774924698,1.6154837844370955,0.6272571911099885,0.9276372031390372,-0.9905005778351481,0.2963229126824222,-0.01202569477867606,-0.261574310043564,0.2903261958792533,0.1694788614433403,0.005908167305794216,-4.658470763813798e-05,0.4020851261551464,-0.11411623729963707,0.03701186197359581,0.955520829934694,0.15001444363023186,-0.3235237340461066,0.0002037879907237,0.05245117996504715,-0.00411132112329561,-0.0010692616745989949
3,0.32,0.015513470399703223,-0.14200307081530528,1.6178053963661005,0.6279577842319218,0.9280081219184894,-0.9896366830052078,0.28720920560620367,-0.0120423972156651,-0.2591027896638155,0.2893861368677371,0.17609689577413068,0.001540745252824003,-4.658470763813798e-05,0.420352434907685,-0.11011433695278898,0.032208189815172886,0.9382504327175664,0.16066109307410273,-0.32352685118367297,0.0002037879907237,0.05243048080493054,-0.00406877211977188,-0.00106365342541916
3,0.33,0.014199818174084932,-0.144833245821844,1.6178843898946378,0.628873062039187,0.9280460488682942,-0.988226937912795,0.2821585889531348,-0.011053368895750223,-0.2569645885823615,0.28935729077531136,0.182550137541802,0.00019115653262040345,-4.658470763813798e-05,0.44012917095193593,-0.10841043573331575,0.024840693525288587,0.9144936547887068,0.1713559054336962,-0.3236178083625503,0.0002037879907237,0.05241018366956756,-0.00402709656400246,-0.0010580661878156399
3,0.34,0.01254808982274528,-0.14463639856170582,1.618668596153054,0.6294372550274903,0.9282254448096698,-0.987393189319949,0.27314568204480916,-0.011292114519679798,-0.2574118628367788,0.288483137036778,0.19033215113906696,0.0013092973332115931,-4.658470763813798e-05,0.45424327756299293,-0.10610897169456368,0.01734702562920113,0.8824490573089228,0.18068149429157976,-0.32360241280979085,0.0002037879907237,0.052387995946430295,-0.00398665240811412,-0.00105255416341822
3,0.35000000000000003,0.012591520176658048,-0.14361135072561435,1.619518106415571,0.6302462996466385,0.9283889446430104,-0.9868155768708431,0.2623641018631762,-0.009074761421852394,-0.257345049932701,0.28627798392719833,0.19786622869237055,0.0017306360953035442,-4.658470763813798e-05,0.46525867308839314,-0.10754226674470195,0.007745291941185688,0.843880212696396,0.18786680662677252,-0.317083649656948,0.0002037879907237,0.052365005900100126,-0.003946850004796249,-0.0010470846132591251
3,0.36,0.011651516828188942,-0.1434345526900294,1.6206187646030736,0.63071310081469,0.9284539460058814,-0.9861824920454803,0.2522433382579845,-0.00822900995422956,-0.2576942602654784,0.28361412845655243,0.2048094923821351,0.0019316782022507585,-4.658470763812256e-05,0.47404782839064563,-0.10791983667482556,-0.0014230695269986885,0.7968814463420315,0.1902885511303706,-0.3064305644696257,0.0002037879907236,0.05234184022168244,-0.00390921068705672,-0.0010418003060080599
3,0.37,0.012195040655397707,-0.14326562007349997,1.620372732989586,0.6313935027185886,0.9284427901477691,-0.9856826513259869,0.24144723998178472,-0.005623378004207066,-0.25695487248771925,0.27987488838369273,0.21276246916345484,0.003824277110228199,-4.658470763812256e-05,0.480436127426984,-0.11057179243840205,-0.011885125277476259,0.7446129501485715,0.1877968793481459,-0.29843132143724616,0.0002037879907236,0.0523183653063565,-0.003872066291365985,-0.0010364945337405299
3,0.38,0.013628650226294765,-0.14332610909080654,1.6210447619834902,0.6319537634887369,0.9283183765430608,-0.985239241330583,0.23046071306722937,-0.002893415767673163,-0.25910401986745024,0.27583333501012314,0.22127563624368704,0.00766631886349346,-4.658470763812256e-05,0.4855579629603669,-0.11333577351928378,-0.020518787732872378,0.6880955481937443,0.18041384738434943,-0.29639054515828234,0.0002037879907236,0.05229503365919271,-0.00383607573819531,-0.00103127468368076
3,0.39,0.015695106555865392,-0.14521560800844766,1.6224721756646225,0.6323711993529498,0.927967189975455,-0.9845808642934364,0.22147492871840735,-7.324361005805471e-05,-0.26249613715753856,0.27181928242290393,0.22888363084694655,0.012407390676075814,-4.658470763812256e-05,0.4909054987596872,-0.11563653737980467,-0.026376713982292493,0.6273952895975448,0.1684960588966313,-0.29810292256741566,0.0002037879907236,0.052272324589379075,-0.003801717304098045,-0.001026177262840265
3,0.4,0.0174088859960551,-0.1460387402970749,1.6242345185200495,0.632518512043198,0.9275775071870752,-0.9842801309818966,0.2108861462529631,0.0022957762553415,-0.2654869664211703,0.2679622599633988,0.2378635467883187,0.0173401775058944,-4.658470763812256e-05,0.4930168850811559,-0.1174020346959645,-0.0332505594815348,0.5638857379946052,0.1573450888315064,-0.2924637184837025,0.0002037879907236,0.052248872543412,-0.0037694313866667,-0.0010212476081138
3,0.41000000000000003,0.020299822103118446,-0.1464197689442513,1.625958311184996,0.6326608771787221,0.9270927734483564,-0.984206199525871,0.19941551115924788,0.005448220236389832,-0.27168363116004124,0.2630775245421386,0.24608532143616615,0.025260317707602165,-4.658470763812256e-05,0.4930934651009445,-0.11995730013293583,-0.03850729642523409,0.49829557979025835,0.14870125583416416,-0.27935428189541106,0.0002037879907236,0.05222479682798033,-0.00373807122920311,-0.001016356703930635
3,0.42,0.020778828497879265,-0.15106364442201917,1.6244982232417209,0.6324114692459724,0.9261861535331326,-0.9834793586665652,0.19438745504389188,0.005211935508312304,-0.2753148249372702,0.26170793334407,0.25685994102163145,0.03411796246102779,-4.658470763811883e-05,0.4957147083196751,-0.12029739535986773,-0.044710082713716605,0.4315975797961526,0.14108289080447767,-0.25709249684505325,0.00020378799072357,0.0522015512177666,-0.0037087144573439003,-0.00101160450341099
3,0.43,0.02524735050452539,-0.1513172800196797,1.6247902456589627,0.6325599855292973,0.9254529886685848,-0.9837591609761335,0.18243206508197782,0.009797019259327093,-0.2819990942333864,0.25648357526381893,0.2643936108525606,0.04502808687440294,-4.658470763811012e-05,0.49393461404528427,-0.12489915219839813,-0.05112027184524104,0.3682225298570507,0.13184504792402243,-0.22389624550779902,0.0002037879907235,0.052176943947792355,-0.0036797652252526453,-0.001006844700012295
3,0.44,0.02881888292902394,-0.15105988906916018,1.6248397398506045,0.6323674378733716,0.9246192731764579,-0.9842715015432797,0.17005856943697167,0.013393623826760142,-0.2867092250329494,0.2520741585402565,0.2721304290958972,0.052975430516912086,-4.658470763811012e-05,0.49178948336220596,-0.12844957719682196,-0.059542863746814646,0.30907099340510574,0.11912372473022982,-0.19076396018510833,0.0002037879907235,0.05215201871902908,-0.00365305458275964,-0.00100226156556284
3,0.45,0.0282661435215804,-0.1549079827287866,1.6238970696012762,0.6313025116063706,0.9233750413046612,-0.9841821666311468,0.16369134372670457,0.012209640526357275,-0.2845284526417057,0.2514904694340956,0.2830547088884002,0.0530835718227356,-4.658470763811012e-05,0.49352553144866323,-0.12697496354678717,-0.07022968796612145,0.25372340417112454,0.10546018096754255,-0.15819047077741405,0.0002037879907235,0.05212804112764662,-0.0036292610725011,-0.000997925552331925
3,0.46,0.027938194244026264,-0.15499966798245035,1.6231407645387328,0.6300773276201791,0.9222802089340824,-0.9850095159648434,0.15150984520042232,0.01207281661825724,-0.27965545884269777,0.24828853019043143,0.2916179050103053,0.04914875397787973,-4.658470763811012e-05,0.4914197546567319,-0.12615999498942113,-0.0876608230042334,0.20453066171317338,0.09667030070196567,-0.11530935784455912,0.0002037879907235,0.05210287661058733,-0.00360700614068135,-0.0009936962174241699
3,0.47000000000000003,0.028430273778978443,-0.1552247508809561,1.6209458948768922,0.6288182078344389,0.921081118645394,-0.9859563362283876,0.1404898724068969,0.01097601930599744,-0.28112245436824723,0.24774748599267188,0.301472953966603,0.05737396731186036,-4.658470763811012e-05,0.4898416286312477,-0.12649132098971355,-0.10715650295034285,0.1619966033986881,0.08992630458841935,-0.06975255693091158,0.0002037879907235,0.05207829507918799,-0.0035859097809400695,-0.000989512794333
3,0.48,0.02823762498526239,-0.15765339014604807,1.6197214818079562,0.6271448464747812,0.9196574729778009,-0.9867321137924717,0.13116261478240415,0.009394789187479094,-0.28096363008936276,0.2459090647710472,0.3107179419216808,0.061229214731816556,-4.658470763811012e-05,0.49144499194827507,-0.12491188471547382,-0.12441951473707878,0.1275013121785655,0.08281373360459576,-0.032786343536470086,0.0002037879907235,0.05205457367335866,-0.0035669543352645403,-0.00098550592335324
3,0.49,0.02666006130299495,-0.16015899081156998,1.616518158607071,0.6251388050246464,0.9181940934361215,-0.9877233064655503,0.12214183494605366,0.006073419819185583,-0.2780175860499905,0.24513228667317677,0.32042667441866873,0.06344838999744709,-4.658470763810119e-05,0.49278557365287207,-0.12234426297715607,-0.14296917279211624,0.10121968383166399,0.07779990058584928,0.0010365943184341584,0.0002037879907233,0.052031201000788285,-0.003549942797288835,-0.000981628079960435
3,0.5,0.0274059226913924,-0.16181960444861276,1.6135678928516954,0.6232804627083559,0.9167670560720009,-0.9890987171003254,0.1119140434570165,0.004595526360497901,-0.27874857563647765,0.24415061455443526,0.3288305753976042,0.0706446628049007,-4.658470763810119e-05,0.49387004671582296,-0.12239101574919806,-0.1585593631410817,0.08453992341975315,0.07342325137285535,0.0303422773727834,0.0002037879907233,0.052007862877147495,-0.00353343559287955,-0.0009777555320766
3,0.51,0.02902232773311568,-0.16406743979043187,1.6097105618207488,0.6214118059736431,0.9152832122849355,-0.9905666968969549,0.10237315433727216,0.0034955978147476214,-0.28039334960378726,0.24320180787110182,0.3372996795446597,0.081805789965563,-4.658470763810119e-05,0.49722122726008966,-0.12405271825436898,-0.16854766682800523,0.08142621850075549,0.07089935930468824,0.043754680640961,0.0002037879907233,0.051985395333942384,-0.00351810925773116,-0.000973948391504515
3,0.52,0.029199630623141397,-0.16414224780247857,1.6054453607675532,0.6190968026702796,0.9139554709239452,-0.9927536677041157,0.0896343416889901,0.0019034108920832024,-0.27296340942252134,0.24114232061144864,0.3441318434187432,0.0791570731999217,-4.658470763810119e-05,0.49688010981778313,-0.12405189807227414,-0.1689668315912227,0.08693384366696091,0.07210820651451258,0.040183606014703804,0.0002037879907233,0.05196227495524364,-0.0035048451334502998,-0.00097031066936908
3,0.53,0.02774150700906863,-0.16558544372205508,1.598995711965754,0.6163433436569554,0.9125451657056742,-0.9949066354259849,0.08054696454496278,-0.002792261888230502,-0.2647411468601354,0.24396447743079183,0.3529713569430021,0.07780387986303891,-4.658470763810119e-05,0.4960920243465695,-0.12226568893253759,-0.16111248320613195,0.09844212361061937,0.0720014803858282,0.02124971070166171,0.0002037879907233,0.051939727400445,-0.003493365340232035,-0.000966791117458365
3,0.54,0.026816926973977934,-0.1635092987809007,1.592766017005396,0.6133664144109277,0.911378118443246,-0.9980967110075475,0.06449444195268947,-0.006305957818936485,-0.2563875057490065,0.24057372700701926,0.359383145466609,0.07621557195455558,-4.658470763810119e-05,0.48840711936423,-0.11973522178339994,-0.1469585125969032,0.11143887959762243,0.07039284953271681,0.002792690561023614,0.0002037879907233,0.05191586130993337,-0.00348348095295843,-0.0009633807044178899
3,0.55,0.026466242576008225,-0.16435284212339427,1.5834981695284007,0.6104017174767806,0.9100213511305376,-1.0009361819431073,0.05331147785257987,-0.0114353322785106,-0.25530527515333196,0.24107111169782774,0.36349094053795794,0.08841715080997331,-4.658470763808792e-05,0.4810427882271411,-0.11806992827125687,-0.1369753936081392,0.12197118731378086,0.04924733917116043,-0.00488756248897875,0.0002037879907232,0.0518924339942778,-0.0034753638068294,-0.0009600780855636
3,0.56,0.021553205305988424,-0.16439682455383647,1.575543607850609,0.6063212164138909,0.908874145356387,-1.003849438036489,0.04345182434356804,-0.021626608407616002,-0.2475547382979172,0.2458166278482963,0.3644303092862032,0.08875938132910159,-4.658470763808792e-05,0.4716505812571897,-0.11067789139643489,-0.13384027201613247,0.12177434317442459,0.0016162131301139604,-0.000570195187663296,0.0002037879907232,0.05186839349561542,-0.0034703357295764203,-0.00095704485651164
3,0.5700000000000001,0.013419275810491477,-0.16141934359086002,1.569728142681721,0.6013534886493174,0.9083330175598662,-1.0072944334400367,0.03216312199785818,-0.03575345819637922,-0.2409581800222865,0.2537601975714641,0.35965849736580957,0.08467703634632874,-4.658470763808792e-05,0.4589747295752708,-0.09996165055816753,-0.13365577006367427,0.11814336403879341,-0.0363404050548059,0.007579100999340422,0.0002037879907232,0.05184376492246877,-0.00346771425301978,-0.0009542311631327199
3,0.58,0.0041028130384920345,-0.16058818707878117,1.56670557366155,0.5958203438431275,0.9081833232480971,-1.0103645003959945,0.024903741004387078,-0.05123644151201982,-0.23720093226833774,0.2652440134800758,0.3538067768292532,0.07648967081817856,-4.658470763808792e-05,0.45292575769750987,-0.08801185992164141,-0.1367887966819965,0.12826289195925228,-0.06234332160837895,-0.006390630948975692,0.0002037879907232,0.05182060446121469,-0.0034673090591995,-0.00095161963726798
3,0.59,-0.006234775956197579,-0.15892402183919915,1.567093827023132,0.5896859006132891,0.9086500366456275,-1.013644679974272,0.01804630392338889,-0.06745184585802538,-0.22637983145898738,0.28018581474764614,0.34392091409019565,0.056411258132156,-4.658470763808792e-05,0.4472814892456219,-0.0740238051227533,-0.13770763157367805,0.14495615249845634,-0.07100510649597999,-0.038054651494310004,0.0002037879907232,0.05179747829082345,-0.003469565849826875,-0.00094927967298791
3,0.6,-0.0157888918620629,-0.1590382876970823,1.5694579845120635,0.5833203552826537,0.909521143514398,-1.0164902547512988,0.0162196188047897,-0.0843846742485899,-0.217345070390962,0.3012476919278429,0.3301647509989656,0.0404709722409335,-4.658470763808792e-05,0.4441806643878332,-0.0600844055854392,-0.1363865415665635,0.1609303409051529,-0.0649053628402703,-0.0549962655243571,0.0002037879907232,0.0517750460989205,-0.0034731965641352,-0.0009470335116784
3,0.61,-0.026276381122312727,-0.1597717987527535,1.5727955522809296,0.5765146895562491,0.910867524988924,-1.0192580538849803,0.01868441659154915,-0.10289940094533133,-0.20769802420032124,0.3288276426840024,0.31546409940068515,0.02263436506870313,-4.6584707638083445e-05,0.438656068390463,-0.04269983296255809,-0.1253013284461476,0.1723021643339433,-0.05808045767865807,-0.06536349404385539,0.00020378799072316998,0.05175294712172289,-0.0034788754020118897,-0.00094494348933851
3,0.62,-0.0317004449142017,-0.16116671440054106,1.5751863852966446,0.5705853402608032,0.9124758039183024,-1.0218625463023108,0.025219447277109723,-0.11603247584039264,-0.19134814871189243,0.3608445849607054,0.29198226962741397,-0.0021150535026444647,-4.65847076380581e-05,0.4330948052380059,-0.030119893033771675,-0.11353284636669075,0.18314218628508241,-0.04993980260466301,-0.0770547420545531,0.000203787990723,0.05173108834701999,-0.00348492072167177,-0.00094282559021549
3,0.63,-0.03559942557773896,-0.1619570644429172,1.5762866662397015,0.5650527720313615,0.9142443988770638,-1.0245054446934192,0.03426243876184507,-0.12659310127561052,-0.1685492766949609,0.39728489885982865,0.26397697865703484,-0.03418737322392243,-4.65847076380581e-05,0.425652745082493,-0.019067352057225134,-0.10578251774923196,0.19012585478105032,-0.042211511404240024,-0.08758417157686607,0.000203787990723,0.05170867505114499,-0.00349196339774923,-0.000940743791363185
3,0.64,-0.03826131067272698,-0.16519079691184935,1.5742779553635675,0.5599615419149431,0.915830219139329,-1.0265813234489731,0.05138463059697024,-0.13642352650135042,-0.14458003751336718,0.44127773685278526,0.23299922961200176,-0.0642348447714802,-4.65847076380581e-05,0.419309846111854,-0.0098809885077155,-0.1027736183244506,0.1936489273056229,-0.03682402139564334,-0.09698098942027128,0.000203787990723,0.05168689823890916,-0.0034997837592754,-0.00093866686005804
3,0.65,-0.03997292952365008,-0.1640710064988031,1.5724413620381796,0.5551280490843151,0.9175887004415305,-1.0293616391743838,0.06573451721178097,-0.14485174954249053,-0.12461773580700762,0.4872699132724167,0.1968433778369501,-0.09986442055578057,-4.65847076380581e-05,0.406995069676068,-0.002434537541844875,-0.10782930581793099,0.19480953158070907,-0.032140399036096154,-0.0961683656190427,0.000203787990723,0.05166348172946145,-0.0035084596654468,-0.00093662896446575
3,0.66,-0.041825337215836714,-0.16018543787318995,1.569688871047114,0.5505594454286005,0.9193724710545468,-1.0325431607045048,0.078547677272446,-0.1515422374901157,-0.10643774415585588,0.5336777170346315,0.15741237135657568,-0.14171486672596723,-4.65847076380581e-05,0.3907446383824466,0.0041753677778384336,-0.11762016100865544,0.19421991544292563,-0.025384388484037155,-0.08839836415037433,0.000203787990723,0.05163853454164935,-0.00351859424893229,-0.00093466408915545
3,0.67,-0.046286860120829686,-0.15688806080964884,1.568168799053891,0.5454249839060555,0.9209059266838778,-1.0354216080620433,0.09480331919710054,-0.16317070734646497,-0.0971218319855772,0.5861371034967475,0.12114146954670352,-0.1766542625204518,-4.65847076380581e-05,0.375332248114463,0.01391440837567088,-0.12544059059474755,0.19358026321650915,-0.014214512870927846,-0.0788763398728582,0.000203787990723,0.051613922354817515,-0.003531195456820035,-0.000932911203662195
3,0.68,-0.05033597990670983,-0.15492633568098096,1.5666827515695163,0.5405792942909855,0.9221297185226763,-1.0378264440723086,0.11536900787141921,-0.17302799413987902,-0.08527750325374438,0.6439143622424539,0.0926907300773121,-0.2077647425584188,-4.65847076380143e-05,0.36223056825730293,0.021904585744948517,-0.13357437006922224,0.19487344199616308,-0.003289389433146277,-0.0687221839871826,0.0002037879907228,0.05159051381605774,-0.0035445377864704,-0.0009311867825721
3,0.6900000000000001,-0.055143982163246195,-0.15529072550099168,1.5643031133453529,0.5359211532332303,0.9230415397849824,-1.0394724149497483,0.14174594832806012,-0.18142404639369986,-0.0705749703597458,0.7037493475361317,0.061200290680618635,-0.24431295367581998,-4.65847076380143e-05,0.353245061380472,0.029371069941923005,-0.14301211276161413,0.19862256225435923,0.00815927465248757,-0.05694737010260128,0.0002037879907228,0.05156827774856386,-0.00355932425127328,-0.0009295483365634499
3,0.7000000000000001,-0.061530918147321124,-0.1555416419639848,1.5607242235670669,0.5312146906234602,0.9238484180172583,-1.0408387700627018,0.17108658412950878,-0.19198242850215314,-0.06001763917400676,0.7638229801371559,0.03212714120874049,-0.2770015651162805,-4.65847076380143e-05,0.34364257094608086,0.03800940549750826,-0.1534159193011777,0.20134565618583733,0.02122761819527689,-0.04282313202668463,0.0002037879907228,0.0515455813351939,-0.00357573529306195,-0.0009280130634158
3,0.71,-0.0673723354404234,-0.15553120372185975,1.5572950060264064,0.5267176310449678,0.9244811339610345,-1.041975852374399,0.20176844667494143,-0.20203350443321508,-0.05166518919189591,0.8227333976429465,0.004959612014623265,-0.30850622909447256,-4.65847076380143e-05,0.33315726012611835,0.04687562130566055,-0.16136088356172315,0.20169169570016846,0.03206186642652783,-0.03328265462359029,0.0002037879907228,0.0515222482258394,-0.0035924124251170402,-0.0009264769155125551
3,0.72,-0.07099275189616917,-0.15459772017626483,1.5540146856630883,0.5228386511294946,0.9249923421775481,-1.043052098371552,0.23112905288437996,-0.2087985583430912,-0.04671606126009626,0.8759612339052808,-0.01953454118586333,-0.3356847482902016,-4.65847076380143e-05,0.32060200430589647,0.05409859134408579,-0.16607630179968358,0.19889075750258883,0.041225263142747645,-0.025808550342822322,0.0002037879907228,0.05149748997612408,-0.0036087847048510598,-0.00092486758735146
3,0.73,-0.07424122742640317,-0.15392927448973528,1.552095615421876,0.5190830641705583,0.9254151590070574,-1.0438232269097973,0.2602061375147463,-0.21599318937118486,-0.049208506070834226,0.9227154505178924,-0.02755150646493035,-0.34176591317758076,-4.65847076380143e-05,0.3078271079759946,0.0627175489211509,-0.16280038057243018,0.19356526591336648,0.04735483549949714,-0.034801052806487015,0.0002037879907228,0.051471986682225135,-0.003626275281727325,-0.000923348807261735
3,0.74,-0.07614870146407475,-0.15051052855892336,1.5494154257327506,0.5158242349353716,0.9260124443606325,-1.0448940918559395,0.28545580619316724,-0.22229605486585072,-0.05225667916603745,0.9624414500555398,-0.011339603232219109,-0.3408733354774151,-4.6584707637965e-05,0.2905881282839957,0.069198520695435,-0.16484006269049128,0.18567697700580463,0.05282713385855816,-0.0351646606024831,0.0002037879907226,0.05144497333214655,-0.0036444166965075,-0.0009218494157875101
3,0.75,-0.07627142169652096,-0.1477172039746979,1.5476118320126284,0.5131034496991665,0.9266526018600642,-1.0456279415128245,0.30998895935350834,-0.22450596073536316,-0.055270670252015174,0.9929731018727582,0.016089361202675727,-0.3408465992448549,-4.6584707637965e-05,0.2742271079716208,0.0736002053091338,-0.16612563654785037,0.17893380245067117,0.0645890165817005,-0.026542509436356998,0.0002037879907226,0.05141744890913895,-0.0036629559747912753,-0.000920364374729
3,0.76,-0.07435429689901381,-0.14720384555652763,1.5453800657343242,0.5110228301251807,0.9272305901944953,-1.0457026403684162,0.3361342983108985,-0.22298206513528349,-0.057991955735430215,1.0143790092690128,0.042835953999653856,-0.3407675351233601,-4.6584707637965e-05,0.2608435337119439,0.07524532662212806,-0.16800365434483686,0.17153872132859468,0.06998407471515951,-0.023094981640795043,0.0002037879907226,0.05138994576794464,-0.00368145212651698,-0.0009188205729946201
3,0.77,-0.07043048515148778,-0.1492866649130775,1.543501660578887,0.5095471822631086,0.9277003343621604,-1.045139597523469,0.3632637585852438,-0.2171652637142151,-0.060139108192896404,1.025716729680689,0.06085713136706126,-0.340687064521285,-4.6584707637965e-05,0.2508474337066253,0.0738675440814966,-0.17252539094169722,0.1653630694172892,0.07622975266497208,-0.012615792023230035,0.0002037879907226,0.051362706276824904,-0.003700075121452535,-0.00091724330318262
3,0.78,-0.06626148666999478,-0.15162482194292798,1.5419991585080397,0.5083147332125313,0.9281551067414516,-1.0443843169309046,0.388659048158251,-0.21005044287096608,-0.06284374307047044,1.0277894009775443,0.07487449545875367,-0.34061097580904326,-4.6584707637965e-05,0.2416754483887687,0.07197157583250588,-0.17701788549900133,0.1603532990313967,0.08278783341319057,-0.003322337219920474,0.0002037879907226,0.05133457778339513,-0.0037196540263974304,-0.0009157353569899599
3,0.79,-0.06201769659489908,-0.15275672922125555,1.539859854698027,0.5073815474607792,0.9286221917115696,-1.0436836565995204,0.41097405089538397,-0.20210766188022136,-0.0669385584806179,1.020632752506349,0.09310165145211459,-0.34053972767606905,-4.6584707637965e-05,0.23162635213576746,0.06940184509602071,-0.18345195067003917,0.15594869460737942,0.08961428953826929,0.00553498050231992,0.0002037879907226,0.05130434771879963,-0.003740191537946805,-0.00091427987940201
3,0.8,-0.0566260385484585,-0.1544614881476962,1.5393831637092346,0.5067248627748583,0.9289482980405004,-1.042749716665533,0.4313195792394279,-0.1927477400837509,-0.0733809777034884,1.0048162927832889,0.11004465565655,-0.3404536023889994,-4.6584707637965e-05,0.222903772053084,0.065298459960129,-0.1889786731058022,0.1524875559142227,0.0963630424855321,0.0169140284465992,0.0002037879907226,0.0512731116854664,-0.003761164291342,-0.0009128582577277
3,0.81,-0.05042358063430162,-0.15733862944488936,1.5412754044249943,0.5061835613569929,0.9290727646341429,-1.0414673434526978,0.450247294026531,-0.18341285709265853,-0.08305456202018432,0.9806983019533664,0.1242498815631548,-0.3404479276054352,-4.658470763791342e-05,0.21677168985323064,0.06007054245674646,-0.19367399312721403,0.15094475565201074,0.10466258017214673,0.030648021378829396,0.0002037879907224,0.05124130954659862,-0.003782924670985715,-0.000911501613433035
3,0.8200000000000001,-0.04621099973279423,-0.1587500468101848,1.5408667851934759,0.5056579550593739,0.9291792475842565,-1.0404269741477292,0.46570487083638645,-0.17557088523210743,-0.09141937065205084,0.9486690768461239,0.13747987328286632,-0.3405646630652422,-4.658470763791342e-05,0.2083448527722897,0.056404416428527414,-0.20137132687831544,0.14890410151447334,0.11206464300719696,0.04464662994783907,0.0002037879907224,0.05120797357340818,-0.00380660321330799,-0.0009102446220164
3,0.8300000000000001,-0.04333886920765842,-0.15929170157246655,1.5384542931245198,0.5051865468955303,0.9292328428087542,-1.039564851137781,0.4780091970556919,-0.1687911451144266,-0.09758083595529099,0.9096577473216682,0.1482922655860988,-0.3323896214656229,-4.658470763791342e-05,0.19780550466675384,0.05418996268539897,-0.20890497489982088,0.14485406561489192,0.11875034141258722,0.05662848803509954,0.0002037879907224,0.05117332171390016,-0.0038314553837049,-0.0009089637193316951
3,0.84,-0.04129035835371577,-0.16014153086404906,1.5358717515981182,0.5047108755034725,0.9291542189479273,-1.0385726599868672,0.4888388587862649,-0.16320986829479892,-0.10295964096804655,0.8645563197807309,0.15605420331742362,-0.3168450874911568,-4.658470763791342e-05,0.18809048867879957,0.052694871025663725,-0.21678255839610755,0.14133664069299962,0.1264095548049426,0.06791994474414038,0.0002037879907224,0.0511381299158403,-0.00385764271552812,-0.0009077598788128801
3,0.85,-0.03890181261052088,-0.16087728712196972,1.5326951429723148,0.5044651037715602,0.9289774262157501,-1.0375784690645729,0.4974978930898416,-0.15763217092771845,-0.1092121600432608,0.8141128763409817,0.1612069102515878,-0.30112180527799387,-4.658470763791342e-05,0.17808044509502693,0.05080364183457777,-0.2238374248720952,0.1374442468334942,0.1330273684125106,0.0782787228637326,0.0002037879907224,0.051102073116407846,-0.0038838628741209753,-0.000906476736269775
3,0.86,-0.039004933814874805,-0.16148185858087744,1.527228389561048,0.504143343864018,0.9287136509366001,-1.0365669416161991,0.5048530561314425,-0.15369306481767728,-0.11365784851140386,0.7589773661844548,0.1612964905135205,-0.2866942590977248,-4.658470763791342e-05,0.16835350654075046,0.051059069459177785,-0.23299833551431565,0.13457903309407887,0.13964061701579195,0.08707268219411961,0.0002037879907224,0.05106550164863761,-0.00391186118226376,-0.0009052949943211201
3,0.87,-0.03805262319701512,-0.16331093444267497,1.5242111479842955,0.5039475145377232,0.9282917094825052,-1.0353210880781294,0.5112246759814136,-0.14942731009326127,-0.12182093029128636,0.6998504222012742,0.15611314644367752,-0.2716356223596122,-4.658470763786207e-05,0.1602445835174926,0.05074642451933569,-0.23794626346438352,0.13181719840758166,0.14619690650150324,0.09219494591940999,0.0002037879907222,0.05102869367659137,-0.00394069185020086,-0.000904170878570345
3,0.88,-0.036662995697349855,-0.1654954636161681,1.522234992400935,0.503918230644669,0.9277704057646942,-1.0340650407384897,0.5159998685731328,-0.14461158429192064,-0.13185829904241883,0.6382684731182444,0.14364237713524583,-0.25110134205692264,-4.658470763786207e-05,0.15194348000262342,0.05046934079281713,-0.2384215525049595,0.12782454369134205,0.15316238710527197,0.0921311171849567,0.0002037879907222,0.050991693466530916,-0.0039705709937482405,-0.0009031070615253801
3,0.89,-0.034604605822696755,-0.16860745258113488,1.5208499859556035,0.5042228711429867,0.9270794841775708,-1.0325582677187881,0.5210378938064979,-0.13844093107950092,-0.14365448996554944,0.5765561070223839,0.13227494501649176,-0.22208949865195204,-4.658470763786207e-05,0.14693116679870058,0.04827668168178112,-0.23926964520807106,0.1283854498570469,0.1628512867352148,0.09372227363264748,0.0002037879907222,0.05095502541918105,-0.004000963376043275,-0.000902050269111745
3,0.9,-0.033547134434439296,-0.17102421803660667,1.5204988369853334,0.5044525405340735,0.9263324109229603,-1.0312138685382939,0.5245195623912295,-0.13338958982119314,-0.15713033852056296,0.515797670608952,0.1212649051819703,-0.18423503723496681,-4.658470763786207e-05,0.1414218123014307,0.0473877944856392,-0.23787680926253355,0.12930754386787996,0.17120657273484274,0.09210859286965176,0.0002037879907222,0.05091716181642305,-0.0040331505414776,-0.00090114947460915
3,0.91,-0.032308031667955636,-0.1725607867344066,1.5203348070001472,0.504867096231224,0.925524995802225,-1.0300668133024145,0.526732301000439,-0.1285783871344413,-0.17389067524770985,0.4572244003133439,0.11014340969495377,-0.13876741688287972,-4.658470763786207e-05,0.1352500841839777,0.0460495691412589,-0.23587812939999558,0.1313282847179799,0.18092187990262437,0.09075345456523204,0.0002037879907222,0.05087801799446897,-0.0040659267043149545,-0.00090024370276093
3,0.92,-0.03055117834594467,-0.1757442291542761,1.5213599463763,0.5054528268452915,0.9244999311588271,-1.0286773235458255,0.5305427969995239,-0.1231552545094935,-0.1905141188522769,0.40186935027731246,0.09956474409268866,-0.09237560172650708,-4.658470763786207e-05,0.13143709035311693,0.043864203227431765,-0.2337894807716121,0.13458550494209617,0.1903904997503383,0.0890337632622992,0.0002037879907222,0.0508391516434029,-0.004099108276466,-0.0008993276948404001
3,0.93,-0.02885394773589159,-0.17954884335774005,1.5226897650769768,0.5062050318945367,0.9233224300444149,-1.0272342822180018,0.5350220173196389,-0.11755359791501967,-0.2078466850608166,0.35016697972462585,0.09361954847190294,-0.046441208580249,-4.658470763781777e-05,0.1288325553327506,0.041099180881102364,-0.23337446187602778,0.13889343855307,0.2001379617203927,0.09077235250250411,0.00020378799072201,0.050800268013275654,-0.004133147551834805,-0.000898416695831475
3,0.9400000000000001,-0.0263222199262343,-0.18302186890053493,1.5242734846053396,0.5072434131957103,0.9220586558699437,-1.0260147392962509,0.5390318604143847,-0.11059095108774938,-0.22356306646131271,0.3026319682359199,0.09051988112799855,-0.004016302231548201,-4.658470763781544e-05,0.12435016673717082,0.038221537727846235,-0.22735743646138812,0.1406871101978323,0.2107748344692789,0.08537227770660992,0.000203787990722,0.05076065698548046,-0.00416735946665186,-0.0008974582496744499
3,0.9500000000000001,-0.024309203832529328,-0.18632996166824906,1.5257531517507816,0.5083900563563666,0.9207129770076802,-1.0249455707721744,0.5430945417558166,-0.10394720516489829,-0.23593086849708622,0.2606148780528367,0.08836376777088417,0.036665102169924885,-4.658470763781544e-05,0.11986495212768952,0.03551491097968279,-0.22137491561281306,0.14327131361209472,0.22174551823710612,0.0794638294974092,0.000203787990722,0.05072089162786862,-0.0042023685785656005,-0.00089649798059115
3,0.96,-0.02243543737450785,-0.18969920638932655,1.528719332446087,0.5095553268850295,0.9192974537396237,-1.0239806603984105,0.5472729787572564,-0.09848759131555314,-0.24808181241545785,0.22464667324751242,0.08509699331474246,0.07809905842118453,-4.658470763781544e-05,0.11615971457568502,0.0324972820387681,-0.2183243224077502,0.147608501693924,0.23260090055106566,0.08027531169348762,0.000203787990722,0.05068072417595696,-0.004238374774866219,-0.00089562703749992
3,0.97,-0.020370330428516735,-0.19493966760417575,1.5323105553627003,0.5108995624972602,0.9177214330387113,-1.0228376406945636,0.5534555121425303,-0.0930785308607702,-0.2578984592989126,0.1948147269453333,0.0809420204614518,0.11579885064496515,-4.658470763781544e-05,0.11463153070931734,0.028773147526868874,-0.21466006658958545,0.1522203837850176,0.24352181506677836,0.08079686731163743,0.000203787990722,0.050640917280492824,-0.0042752758434672,-0.000894789843270855
3,0.98,-0.017839277693494644,-0.19917904711620515,1.5374983919590675,0.5123528537246038,0.9161948284672509,-1.0221143635677317,0.5578122516643577,-0.08844725716282618,-0.26615408600472673,0.17134097066926313,0.07912920249786828,0.14830785425531579,-4.658470763781544e-05,0.11124434602086355,0.02465919528069812,-0.20922693133051917,0.15563653919066042,0.2532908036469845,0.08034256904741996,0.000203787990722,0.05060023637788376,-0.0043128938921649105,-0.00089398508684379
3,0.99,-0.016336618633672452,-0.20049293188171838,1.5426242771499405,0.5137700152508582,0.9148332937373935,-1.022083326968454,0.5592795930205974,-0.08586235451093523,-0.2726071499477707,0.1560453526046489,0.08157496146066597,0.1725561997377908,-4.658470763781544e-05,0.10523616334885766,0.021414511916634918,-0.20540313681084071,0.1606855422088676,0.2642075960292879,0.08340820465090948,0.000203787990722,0.05055772648727588,-0.00435197928141994,-0.000893259593659025
3,1.0,-0.0167089364395462,-0.2026267043863041,1.5471914277687795,0.5150462320148714,0.9134185172964232,-1.0221506934993687,0.5623581782600047,-0.0859868953427212,-0.2768256847475366,0.1504652224259645,0.0870261912587092,0.1869852358196977,-4.658470763777112e-05,0.099012023798898,0.0200970231998261,-0.2000188444197301,0.1637953153998002,0.2744165924703611,0.0848876740224878,0.0002037879907218,0.0505147009960886,-0.0043927845852393,-0.0008926405914607
4,0.0,-0.0165798406250712,-0.2028041641312982,1.5491550222735748,0.5154936396639219,0.9130080863391036,-1.0223195196093415,0.5625107145967423,-0.0860884710449684,-0.2775887524174751,0.1502223472312659,0.0889137799819141,0.1885708341467686,-4.658470763777112e-05,0.096386898941082,0.0193964048665673,-0.1976751047107241,0.1645663509053816,0.2774058999949617,0.0851619841735704,0.0002037879907218,0.0505006107772195,-0.0044058872638587,-0.0008924482528986
4,0.01,-0.014616740370065337,-0.20118502168319935,1.5589197328651923,0.5170062355082289,0.9118946881276632,-1.0233478338227338,0.5593254608434735,-0.08639805570425689,-0.2781344211718949,0.15292890270583073,0.09227072272194228,0.18287846757561912,-4.658470763777112e-05,0.08700905814897426,0.015233096931324774,-0.18911849557051807,0.168800243242999,0.28717022821036825,0.08649528743988893,0.0002037879907218,0.05045526890133669,-0.004447393365461128,-0.000891915175250238
4,0.02,-0.017003695849444358,-0.20118996524805083,1.5661393559870591,0.5181239305765799,0.9106689728441367,-1.0242823630949103,0.5585876353836984,-0.09019875211738798,-0.26811655414187513,0.16316443732799377,0.09307725619537732,0.165470881595134,-4.658470763777112e-05,0.07952134652345144,0.015651435697725046,-0.18130622156448,0.17360391193094382,0.29608488230199725,0.0836557167029576,0.0002037879907218,0.05040975298622359,-0.004491019377166042,-0.000891544176281932
4,0.03,-0.018555352074881126,-0.19902030054211148,1.5734712424029966,0.5195609171305077,0.9095676196414783,-1.025989501153395,0.5530234510897413,-0.09282799589061815,-0.2538810311528939,0.17729705267439397,0.09598236206623979,0.14420895340819267,-4.658470763777112e-05,0.06833359857586523,0.015437286021040903,-0.17209722728242813,0.17758763676689138,0.30559598102278723,0.0781154124073044,0.0002037879907218,0.05036308934210332,-0.004535776291388217,-0.000891219519755243
4,0.04,-0.016904174429010464,-0.1934960328512725,1.5830251806329823,0.5216190983651325,0.9086265225314634,-1.0285344365549132,0.5417270370517988,-0.09232800091217336,-0.24320082883191563,0.19310832153318286,0.09361147994421547,0.1210161369099931,-4.658470763777112e-05,0.05350816708434301,0.011324172651495984,-0.16033703568656651,0.1816725316669926,0.3149582940858523,0.07156521249039338,0.0002037879907218,0.050314868235670246,-0.004581614612872348,-0.000890945403951436
4,0.05,-0.015438711060974344,-0.19170666590244353,1.591419380767066,0.5239103878360014,0.9074638498749534,-1.030371031310429,0.5357841675017748,-0.09077644819038122,-0.23678054777891122,0.20426813921476134,0.06151727135383282,0.091938667580204,-4.658470763777112e-05,0.043940731134899894,0.007422036321304737,-0.1458978507404641,0.1877854333496214,0.32231737337023825,0.05826528678668734,0.0002037879907218,0.05026661816536476,-0.00462855571222206,-0.00089071954914952
4,0.06,-0.00825795771990224,-0.18763175275697766,1.599822694793463,0.5274304248695603,0.9067015256705434,-1.032514941197947,0.5269214465738444,-0.08296038195419365,-0.2374548562462383,0.20658769811000902,0.02536394147135528,0.06648256696101074,-4.658470763772844e-05,0.03596119967480626,-0.00444927620240095,-0.13975364404131368,0.20116320337190552,0.3272118346671656,0.05266264213046503,0.0002037879907216,0.0502171552091657,-0.004675561568125252,-0.000890431190461152
4,0.07,0.0008325480232773113,-0.18341943129113983,1.6045512646480031,0.5317730854589003,0.9063643061634142,-1.0347520574968543,0.5196837358303131,-0.07190696581873475,-0.2352005786649541,0.2146789026833059,0.005193127317988714,0.0460748845487883,-4.658470763772844e-05,0.03057937315566737,-0.018724217957184795,-0.1348362011559011,0.22023613547768228,0.3323170765062299,0.03859778126749735,0.0002037879907216,0.050167506223860424,-0.00472366371829843,-0.0008901646542859961
4,0.08,0.005987956694123888,-0.17637690055754854,1.6071739289577376,0.5356234054179515,0.9066991998780255,-1.0376782890896568,0.5114740616668765,-0.06581794768918998,-0.23192887833568118,0.23394922798808318,-0.007198945306608284,0.027817660124731212,-4.658470763772844e-05,0.020816237688648626,-0.02744880467680148,-0.12036341620183384,0.23759926241007842,0.33365793261797605,0.01138173813195056,0.0002037879907216,0.050116896703464434,-0.004774389037553292,-0.000890099542819556
4,0.09,0.00936876670177257,-0.16984172937152953,1.6056794639126102,0.5395995725020202,0.907459245941042,-1.0405599753240364,0.5052097369666724,-0.06074445771687984,-0.22751660507586619,0.2570749661743183,-0.009075275206734462,0.011626650234302292,-4.658470763772844e-05,0.011667817579636816,-0.03432527103679547,-0.10623029999172055,0.2557551957191734,0.3293744228069802,-0.01984836751397751,0.0002037879907216,0.050066233446534075,-0.004826636546174782,-0.000890075956659342
4,0.1,0.013249076973593062,-0.16405001167795905,1.6027737320709015,0.5440053027637805,0.908626343959182,-1.0432909051737862,0.4981124781058135,-0.053199261105439814,-0.2205136960961813,0.2757195416951267,-0.0057219329329427585,-0.0010614475409775135,-4.658470763772844e-05,0.00689360875545007,-0.043134125872520176,-0.09189318180503268,0.28076647784643144,0.3222199944850532,-0.04836407860571375,0.0002037879907216,0.05001503509229445,-0.0048794786138537495,-0.00089001546151108
4,0.11,0.017275963702765584,-0.1608421752692131,1.6006442535926382,0.5485507193940633,0.9100152131688357,-1.0456750865968762,0.49012562327218623,-0.04365661992614675,-0.20982606413544072,0.28821460371967794,0.001718263451732034,-0.013382742792376327,-4.658470763772844e-05,0.008318094070890288,-0.05291445351223164,-0.07507582808699008,0.3124303546370864,0.3120107903874509,-0.07547191401258535,0.0002037879907216,0.04996386883662399,-0.004933629580397289,-0.00089004431225005
4,0.12,0.02032396616315176,-0.15882819936589893,1.6000628743719547,0.5528680010285009,0.9115828982666562,-1.0478112063647917,0.48088994050497263,-0.034886752550196486,-0.20347402347702806,0.2955379523221214,0.009141102554102202,-0.023870283910254572,-4.658470763771192e-05,0.015217656280021604,-0.06239024614931715,-0.056900447221864284,0.3507613030698023,0.29799134335170363,-0.099414022206687,0.0002037879907214,0.049912699007891484,-0.004989742160528292,-0.000890237833031984
4,0.13,0.0228883845930297,-0.15778309129639673,1.6015768725910604,0.5569368122453717,0.9132212795737876,-1.0496638080169682,0.47087338860255695,-0.02702048184871657,-0.20132546968706272,0.29971670866326283,0.01787759063769823,-0.0333706791425505,-4.658470763771192e-05,0.028013191019648012,-0.07206297469942395,-0.04030442888542563,0.39636607076204167,0.27877014235074266,-0.11967737200870816,0.0002037879907214,0.04986174819609579,-0.005047835794601744,-0.00089061860519622
4,0.14,0.025714689424543646,-0.15806503072642233,1.605115305900771,0.5607433840616046,0.9148127305925401,-1.0510981072507815,0.4610447778673339,-0.020188252651701055,-0.20273299281774437,0.3021537709100294,0.028251661586761817,-0.038561505222912386,-4.658470763771192e-05,0.048007016357634956,-0.08131027611228527,-0.023489900781066202,0.4509869710514209,0.2552145700491073,-0.1389436706619265,0.0002037879907214,0.04981109316149759,-0.005107308792515086,-0.000891101849513396
4,0.15,0.030562251655327756,-0.1565766068989795,1.6095244362591448,0.5647305800543152,0.916510836823166,-1.0526469063589707,0.44789893477669535,-0.011920564558649361,-0.2085248833538919,0.30184900520462526,0.03949762696986348,-0.03805170063652808,-4.658470763771192e-05,0.07095183310580859,-0.09312553983762936,-0.01171649134187137,0.5125792918928729,0.22467955199709688,-0.15581595647523752,0.0002037879907214,0.0497593112359626,-0.005167312440034435,-0.00089157472670196
4,0.16,0.034844918796034824,-0.1541055414644504,1.6148087986485307,0.5683975346483734,0.9181765810143375,-1.0541035473016784,0.43391076084084906,-0.0056645717681833695,-0.21793066103839082,0.30161676148787336,0.05187283901392061,-0.03226509538325861,-4.658470763771192e-05,0.09643598308207911,-0.1044201828212363,-0.002681877439388573,0.5774838135178925,0.18654059756401553,-0.17225970963095286,0.0002037879907214,0.04970616993258692,-0.005229234641012356,-0.0008921932744071119
4,0.17,0.037927146278769246,-0.15076187288777196,1.619952062076702,0.5716279553610122,0.9197009181549841,-1.0554827508038782,0.4196591048356659,-0.0018085478578632895,-0.22872089219337477,0.30240294922455585,0.06504483005465796,-0.022350395074319487,-4.658470763771192e-05,0.12274598876254585,-0.11279753439289976,0.007650802344249169,0.64434860211042,0.14665360617855794,-0.20391998521010413,0.0002037879907214,0.049651688042028214,-0.005293011589564938,-0.000892938937129576
4,0.18,0.03877051755142634,-0.15019620261357955,1.6236927159197618,0.574392568783789,0.9206910845010107,-1.0560144118931485,0.41074824063436066,-0.000899819551392547,-0.23832594949358718,0.3068753671660354,0.07870963843766406,-0.009885600692710262,-4.658470763771192e-05,0.1542266069260419,-0.11778067641341082,0.017052441399713437,0.7142492900519419,0.12605213623189152,-0.222586674981737,0.0002037879907214,0.049597495080946276,-0.0053590945372920095,-0.000893845596733136
4,0.19,0.04183341671630237,-0.14936176252593167,1.628935761310372,0.577199658527466,0.9213451670407101,-1.0562426207444653,0.401917391607437,0.0020399534232318902,-0.248023039243621,0.3109261854133951,0.09204354874010881,-0.0010441177389462002,-4.658470763769534e-05,0.1879691646547407,-0.12315803227948513,0.02893861601110762,0.7842537161906844,0.1162820847317555,-0.2508103793635018,0.0002037879907212,0.049542477249574356,-0.005425888748493078,-0.000894763226273123
4,0.2,0.043831671530651185,-0.14871835120981172,1.633106203929022,0.5796898312705706,0.9218006230737713,-1.0560783685343937,0.3939690742257259,0.004356379823723702,-0.25500076569912805,0.31455779089683883,0.10441082445037425,0.005393709223014085,-4.658470763769534e-05,0.2226657483996096,-0.12623593384591694,0.037001069121014724,0.8492058160537531,0.11514182421448237,-0.2996037874337218,0.0002037879907212,0.049486772230965204,-0.00549446706990582,-0.0008957778433394
4,0.21,0.04739673154127399,-0.14257103412168168,1.6353692330111933,0.5825022962783841,0.9226331924312406,-1.056784535438692,0.37832658542144243,0.01043170898977239,-0.25981718541877424,0.31456536488971143,0.11494234674380313,0.011773123957534099,-4.658470763769534e-05,0.2494543857440858,-0.13395361227719116,0.03558362405668289,0.9056385460237206,0.1224083094876785,-0.32333494041232397,0.0002037879907212,0.04942865531554493,-0.005563841527035901,-0.000896802386799666
4,0.22,0.04970673583879829,-0.13587264505041927,1.6354778900621467,0.5851528668145103,0.9235749803965944,-1.0574131498424326,0.3616925326289272,0.01681752523532002,-0.2601672953262443,0.3128580216080237,0.12323271657458065,0.01351681477031725,-4.658470763769534e-05,0.27403724603602847,-0.14217172183849164,0.028834563692527505,0.9530087031871206,0.1346473707565564,-0.32196755706091235,0.0002037879907212,0.04936914357766305,-0.0056345580256947116,-0.000897886005774242
4,0.23,0.045526223181695955,-0.13320903633982156,1.6333953292513106,0.5865755921841093,0.9243153951968632,-1.0571032307063746,0.3505366266529596,0.01620882199465126,-0.25691221623045707,0.3128331579645969,0.13091272138613946,0.015498629025194794,-4.658470763769534e-05,0.3006896536036914,-0.1415031613802427,0.020839813587327408,0.9902444853923001,0.14801178399628176,-0.32175003028279947,0.0002037879907212,0.04930922097069584,-0.005707998571314261,-0.000899177302944325
4,0.24,0.042222761373542674,-0.13107859318696646,1.633163827684443,0.587796363177375,0.9251248012717517,-1.0565894316973454,0.3393714794369095,0.01593663490003693,-0.25752258377820775,0.3117934597990313,0.13558277509157657,0.018598345894939583,-4.658470763769534e-05,0.3266796092455258,-0.14034955825899467,0.0166533761361149,1.0176396450937664,0.1588748226123114,-0.321689212712574,0.0002037879907212,0.049248132462278014,-0.005782591861598852,-0.0009005353776855919
4,0.25,0.035704987306169014,-0.13112856867882117,1.632089394771184,0.5883237289018279,0.9258377730157816,-1.0555385267400943,0.33111227716622715,0.013010156589866748,-0.2509409578149634,0.3112512243304443,0.14118543842437095,0.013502075707116245,-4.658470763768228e-05,0.35349939140065983,-0.13413847006356197,0.012202845537649372,1.0363071258948646,0.16577343404456177,-0.3215798399350244,0.0002037879907211,0.04918635235175005,-0.0058598383475307,-0.000902097039777375
4,0.26,0.029645797905863556,-0.12793607959352768,1.6321480592295752,0.5886365199145072,0.9268130451204062,-1.0549982116538945,0.31840705207003456,0.011459017019711268,-0.23976984963812675,0.30896648186685627,0.14735768155269408,0.001738737772846096,-4.658470763768228e-05,0.37519440054622405,-0.12662989218227544,0.010249659651002788,1.0460156676183676,0.1731409528861425,-0.32147830087349827,0.0002037879907211,0.04912200413184988,-0.005938350331261258,-0.00090373352948448
4,0.27,0.025353259283328787,-0.12660211190696852,1.634539408459956,0.5889323684489474,0.9275731144042596,-1.0539879218922767,0.30790577863252727,0.011707947944529357,-0.22827305332479342,0.3060341879368878,0.15371193433222835,-0.016119512460384774,-4.658470763768228e-05,0.3991583018903805,-0.11949949852723112,0.011066669436598129,1.0498488943699775,0.18302553090517135,-0.3213772812244046,0.0002037879907211,0.04905704509482278,-0.006017744546505322,-0.000905424615906269
4,0.28,0.019329657437815596,-0.12780690267813966,1.635162060907658,0.5888080203566413,0.9280679320933535,-1.0524231048992763,0.3019216992805241,0.007902882518105492,-0.2219988075078371,0.30710963983869016,0.1612385956749621,-0.023748789603991877,-4.658470763768228e-05,0.4231749394744754,-0.11014532990965994,0.009232313872436232,1.0436714751640892,0.19102913556954734,-0.32127731351064887,0.0002037879907211,0.04899161927592022,-0.006099300037642764,-0.000907241859458588
4,0.29,0.014988830940356954,-0.1278127820853831,1.6358100504610162,0.5888326825331469,0.9285343360840699,-1.0510885179809952,0.2942476579983259,0.005496334651687206,-0.2175594377700656,0.307943631323396,0.16871617652238446,-0.02831363637761005,-4.658470763768228e-05,0.4434347637558801,-0.10266356095062015,0.007642862193203024,1.0287022962924726,0.19869002780049427,-0.32117847732262916,0.0002037879907211,0.04892415278529319,-0.0061816493831696176,-0.000909068022313466
4,0.3,0.012492490067543133,-0.12835225459284047,1.6382388040685998,0.5889062720221689,0.9288111471910123,-1.0496358638603487,0.28702813400558025,0.004295804164250072,-0.2152246411018246,0.30836314270096615,0.1754874708616527,-0.03217955510477936,-4.658470763768228e-05,0.4629351782814643,-0.09656113623735028,0.007655543610523821,1.0066049226750926,0.20479576556662873,-0.32108080408500067,0.0002037879907211,0.04885585512523518,-0.00626508097884151,-0.00091097482317972
4,0.31,0.009681404676977028,-0.1288454282771304,1.640242438403563,0.5888689497849858,0.928959927892966,-1.0481936163016787,0.27997341077638516,0.0024306993589941267,-0.21388704867023406,0.309249352611067,0.1843202595947234,-0.03394699355358129,-4.658470763767793e-05,0.47986990562987064,-0.09097600774971853,0.0058961329849124494,0.9764833462787758,0.20909000890758803,-0.3209843306452557,0.000203787990721018,0.048785868907588605,-0.006350769688352603,-0.000913037765532835
4,0.32,0.006174749523893812,-0.12837161241378878,1.6385242582256587,0.588978186366559,0.9290904448144661,-1.0470379726753796,0.271422386097377,0.0008018772123254471,-0.20963209364515886,0.3094000203592842,0.19250076168975216,-0.03448215990290592,-4.658470763767168e-05,0.4917156480222952,-0.08746366146907018,-0.0009121833068562503,0.9378045927907966,0.21121571223037733,-0.32088909380673136,0.0002037879907209,0.048714076116745254,-0.006438052880281713,-0.000915137968388036
4,0.33,0.005121281362284057,-0.12933219811657043,1.63670114225382,0.5894118594774824,0.9290059890408175,-1.0457048732364105,0.26430752720476486,0.0014416554008299847,-0.20597634492300196,0.3089957294982693,0.19957523683419923,-0.03489683077039204,-4.658470763767168e-05,0.5027864869177774,-0.08703905388941288,-0.008604136832860229,0.8926649661646054,0.21033197318553884,-0.32079511068234573,0.0002037879907209,0.04864137536241221,-0.006525876337473767,-0.000917220026741331
4,0.34,0.005994588605597585,-0.13166195744508616,1.6361230913186824,0.5900103130299975,0.9287208315400327,-1.0442054797995475,0.2580651855497721,0.00412084065740706,-0.20341524260512395,0.30691496045344185,0.20583274294436632,-0.03530760180919683,-4.658470763767168e-05,0.5135251782657939,-0.08859964869222942,-0.0160346626087668,0.8418888965099361,0.2050269935848742,-0.3207021071286794,0.0002037879907209,0.048567727521005764,-0.006614796058551972,-0.0009193638109033101
4,0.35000000000000003,0.007829038017433116,-0.13303006251119046,1.6349715663430628,0.5907670485167624,0.9284434763898507,-1.043025794476736,0.24996684253697843,0.008330783922923288,-0.20024096255180127,0.3034889397091302,0.2109202339328684,-0.03633593750738428,-4.658470763767168e-05,0.5199899108171098,-0.09202474958830908,-0.024589149797133072,0.7843849017666183,0.19545297891065902,-0.3206110011658599,0.0002037879907209,0.048492170807541514,-0.00670462691232571,-0.00092153764523474
4,0.36,0.010255751757714543,-0.13537773261856484,1.6338444732764892,0.5914597933373068,0.9280360289027336,-1.0418111999451487,0.24216406747525884,0.01275922627131177,-0.1977461886487488,0.2990141983490801,0.21731111922778543,-0.03749224500008899,-4.658470763767168e-05,0.5247658283049349,-0.09500343640646401,-0.03181634984847377,0.7208809594545613,0.18348962772164173,-0.3205240877095638,0.0002037879907209,0.04841616122784821,-0.006795664044941868,-0.000923770125049156
4,0.37,0.01355102238269335,-0.1375467969996606,1.6333040261349903,0.5921360266347063,0.9275526302472514,-1.0407697208213482,0.23356874409103318,0.01783165454979936,-0.19704769302195296,0.2940610626881397,0.22577715058621342,-0.03498322118277412,-4.658470763767168e-05,0.5275245041839771,-0.09868940816155886,-0.04056657896876944,0.6547467176179809,0.17005304383191036,-0.32036368648946467,0.0002037879907209,0.04833919233375282,-0.006887529824913213,-0.000926054823557049
4,0.38,0.017930538537313905,-0.14015042101403333,1.6340903260121598,0.5927488247600355,0.9269576350447299,-1.039819973791156,0.22498583972807507,0.023386432769283812,-0.19973873417750093,0.28881173420172596,0.23328741027162822,-0.03009313562505014,-4.658470763766292e-05,0.529013760040295,-0.10217872562343717,-0.046887927834170895,0.586740415385021,0.15587684818784645,-0.3208654487600864,0.0002037879907208,0.048261435582729544,-0.006980420113882515,-0.000928420920947592
4,0.39,0.02073377669145385,-0.14379581097264107,1.6338809473529672,0.592925828606368,0.9262219553818795,-1.0388513109346114,0.217622364458181,0.02635044918051108,-0.202341864184608,0.2845453411037687,0.24149158096186435,-0.023134525005652606,-4.658470763766292e-05,0.5292232387534952,-0.10250985415161963,-0.05112437376930978,0.5165595210974356,0.1429553026023593,-0.31794145841603483,0.0002037879907208,0.04818340465892527,-0.007075803135518052,-0.000930963824156402
4,0.4,0.021792113909918785,-0.1482454601469057,1.6314729766610663,0.5928303494696128,0.9253399295038309,-1.0378995656608256,0.2111896389460846,0.027117424123098668,-0.20488686584814508,0.2808330249629865,0.2517626517333929,-0.012154122713850237,-4.658470763766292e-05,0.5287495793671076,-0.10219036902505627,-0.059790835748199635,0.44708644443050094,0.13289622685396635,-0.287073711982164,0.0002037879907208,0.04810495103328098,-0.007173662049599181,-0.0009336752606733399
4,0.41000000000000003,0.02561794246861686,-0.1493544112902227,1.6308149149401396,0.5929905280242681,0.9245761647681499,-1.0377610888609976,0.19977224206630695,0.031098875056527118,-0.209757377845069,0.2748407208113014,0.2594336087944707,-0.001740613458172704,-4.658470763766292e-05,0.5246655244295907,-0.10473073219558575,-0.06629921083201142,0.38061046494434236,0.12322736504391103,-0.24013640247749365,0.0002037879907208,0.04802453025082451,-0.007272232904975554,-0.000936410497592181
4,0.42,0.02759713299655166,-0.15029333538061493,1.6298640701132163,0.59267772754533,0.9237148545405899,-1.0378459635684878,0.18825496646343623,0.032684418285886696,-0.21483816044597234,0.26984715826038647,0.26699997079327853,0.00972404380731547,-4.658470763766292e-05,0.5193730091386667,-0.10483250879463762,-0.07211870037920297,0.3163427097113904,0.1099420386553617,-0.1958992516641381,0.0002037879907208,0.04794321453743738,-0.007373286453648334,-0.0009393484951820439
4,0.43,0.030116131883458613,-0.1534534800338428,1.627286457634584,0.5924924292799582,0.9225576565918296,-1.037697307457304,0.18015164341301088,0.03503376238609193,-0.21675010583400817,0.26683413681248747,0.2755990919907878,0.018944163190400747,-4.658470763766292e-05,0.5167430762412052,-0.10627725396038598,-0.07892231882070885,0.25723993050498684,0.1018582741137819,-0.15339495359809216,0.0002037879907208,0.04786208677027193,-0.007475655028087575,-0.000942359026590543
4,0.44,0.0320439835267436,-0.15745825745409944,1.6251953517849906,0.5920093790371187,0.9212251256002666,-1.0376349731490233,0.17228757678618972,0.03664947151938208,-0.2177609665113752,0.2632168081378137,0.2840224804440958,0.025598162696277224,-4.658470763765832e-05,0.5152197585582966,-0.10678267790327853,-0.08767298516960871,0.20400464620103329,0.09779194536228078,-0.11144107818229568,0.000203787990720632,0.047780214864076936,-0.007579867391363644,-0.0009455224434599801
4,0.45,0.0345095760855492,-0.1585881694924104,1.6248199400868701,0.5913209250065243,0.9199719615147788,-1.038298081958635,0.1601805358364882,0.03894170630334239,-0.21979554940460141,0.25824727560588395,0.29179429303441656,0.03175056619367954,-4.658470763765745e-05,0.5120480119876347,-0.10744975002194722,-0.10173084245042008,0.15928911434664256,0.09661364075961835,-0.06348570752891682,0.0002037879907206,0.04769627463354058,-0.007685505278605585,-0.00094878860850229
4,0.46,0.033690552366565915,-0.16301694450180493,1.6208268729743924,0.5901371503187927,0.9184030748708221,-1.0384890657230903,0.15381938958364036,0.036719103651679956,-0.21904359275866234,0.25787121833763477,0.3024042695312106,0.04051614760880189,-4.658470763765745e-05,0.5131087423257039,-0.10574696300117199,-0.12422736806153825,0.12389893857607118,0.09445653900702812,-0.017724231821500902,0.0002037879907206,0.04761250639527168,-0.007793521094797992,-0.000952221458344098
4,0.47000000000000003,0.032754319347424725,-0.16767865051886477,1.618267293869148,0.5886330472864617,0.9167657443326325,-1.038905216193781,0.14729019449717962,0.03402267741172621,-0.21945711947310947,0.25726421107376796,0.31304732958534764,0.048042601171854625,-4.658470763765745e-05,0.5151072094760009,-0.10316447548041512,-0.14546849496411424,0.09813228570908096,0.09132941473619616,0.02299346761754177,0.0002037879907206,0.0475278990436444,-0.007903275311869599,-0.000955835788397475
4,0.48,0.032899931762598165,-0.16966671103793754,1.617010636950823,0.5870531735615142,0.9152832902829318,-1.0401001519125623,0.13652488139608238,0.03304643615901365,-0.2187308719646163,0.2541708415482525,0.32183868407602134,0.052448586389578396,-4.658470763765745e-05,0.5150793825024301,-0.10136054108385063,-0.16150859799246362,0.08369284279256686,0.0896498774032148,0.05443161846917458,0.0002037879907206,0.0474411581130871,-0.008013793464406057,-0.00095951777823934
4,0.49,0.03397217391381302,-0.17169913205491497,1.6145449708978235,0.5855734140568502,0.9137918150148461,-1.0415453723705541,0.12603201954662147,0.032937876827964035,-0.21682243969492354,0.25188862640075316,0.33079548807041703,0.05796094482619313,-4.658470763765745e-05,0.5162667070033089,-0.10164863118088113,-0.16994225554827883,0.08317212618962717,0.08728463139598593,0.06733512709434145,0.0002037879907206,0.047354314643040823,-0.008125134709401757,-0.000963224178993887
4,0.5,0.03571687990493305,-0.17263659905837947,1.6114811662405195,0.5840235747837541,0.912381811998356,-1.0434811247665468,0.11455737776070316,0.032942861481146044,-0.2152594827059801,0.2506654378720376,0.3398672172120446,0.0632357228182383,-4.658470763765745e-05,0.5159692023965209,-0.10276162782483975,-0.1635179398175437,0.09341323148989619,0.08316404326814886,0.0538337945036657,0.0002037879907206,0.04726663164949195,-0.00823738622086735,-0.00096696801490965
4,0.51,0.037581583936421546,-0.17229796786174165,1.6076246026711962,0.5823350550767858,0.9110665538487663,-1.045952616361946,0.10167727980587163,0.03300376047420752,-0.21220203427009626,0.24937555643190562,0.34834476132183195,0.06803781266041704,-4.658470763765479e-05,0.5121977486489717,-0.10378719866688399,-0.14538003591865759,0.1086915190762268,0.07839914980498358,0.030141954485830732,0.0002037879907205,0.04717738122114888,-0.008350808056593639,-0.000970783477690672
4,0.52,0.03889024904458543,-0.17251072046566726,1.6005183775641538,0.5805432860688727,0.9097294750397554,-1.048616040191791,0.08972532535074963,0.032022554448462,-0.20659213582091762,0.2490473325413094,0.3563809536958869,0.0738501225885491,-4.658470763765479e-05,0.5052483161848031,-0.10423461682204807,-0.12617121154092253,0.12290603803281851,0.07099508437650011,0.007320705022319484,0.0002037879907205,0.04708696743876822,-0.008465463992977956,-0.00097464762356886
4,0.53,0.03733734972258523,-0.1723204638104353,1.591648913680101,0.5782645145848877,0.908434203775394,-1.051364844609395,0.07703730532345303,0.02831406539804825,-0.19799198079813932,0.24794766056736614,0.36002131417374766,0.07603011268718417,-4.658470763765479e-05,0.4967943765933126,-0.1023577243142711,-0.11839061952126043,0.12913441391494862,0.03337250841778115,-0.004932881459373196,0.0002037879907205,0.04699455447907888,-0.008582237264331065,-0.0009786655943328391
4,0.54,0.03207810694472654,-0.1778433108608669,1.582382363264838,0.5753193320579262,0.9070237756542401,-1.053023028069511,0.07247651176206205,0.020755535803951983,-0.18736943443306012,0.2491993713739546,0.35970680988015646,0.07341990959740947,-4.658470763765479e-05,0.49296591907030557,-0.0974378716943837,-0.11981370290189372,0.12190957208326433,-0.02070397587750782,-0.0020998285241477163,0.0002037879907205,0.04690155495468594,-0.008701081701285784,-0.00098286058297404
4,0.55,0.025149437732123418,-0.1781807070839922,1.5759902118753728,0.5716671254327745,0.9063178767837374,-1.0557187414080833,0.06268727942834877,0.010926213395962305,-0.18140072157365775,0.25238592509245644,0.3567451760209858,0.06938097232419904,-4.658470763765479e-05,0.48439509474218173,-0.09038338840089248,-0.12538773721164026,0.11874594131447666,-0.06469189977467735,0.0012571237968559224,0.0002037879907205,0.04680627487627907,-0.008821323980742877,-0.00098717677135159
4,0.56,0.014880509471420184,-0.17473798404947952,1.5720129134943024,0.5669354787558145,0.906258050150347,-1.059231586239034,0.049297293291800735,-0.004581066247485278,-0.1832358020062443,0.25862440728808866,0.35519636432820345,0.07148780750642385,-4.658470763765479e-05,0.4733432774510013,-0.07866276092623813,-0.1313930217661065,0.12656361416844192,-0.09916368912006472,-0.023188862479516317,0.0002037879907205,0.04670966318292919,-0.008943277556251997,-0.000991638286431688
4,0.5700000000000001,0.005135665887742623,-0.17416600288419795,1.570097770369074,0.5619899514438872,0.906438466459507,-1.062177358809126,0.040322079664839076,-0.020196981717702213,-0.1866156060429648,0.2670128590888698,0.35068184205415115,0.07280791264513822,-4.658470763765037e-05,0.46744215134210293,-0.06713434123014775,-0.1391719005448415,0.1385920934589371,-0.10807939185683138,-0.04580807803468296,0.0002037879907203,0.046613017567328774,-0.00906667866379344,-0.000996213957279267
4,0.58,-0.006021081174407878,-0.17659730684440905,1.568219128551767,0.5565569086570692,0.9069717159821188,-1.064483412729304,0.0374718840547792,-0.0381971533401354,-0.18345072274079416,0.27973026956590885,0.34077111379725156,0.06981783673179817,-4.658470763765037e-05,0.4650372951225855,-0.05283279653367916,-0.143031653536598,0.1500271273178878,-0.10330238933148281,-0.052300663767392966,0.0002037879907203,0.046516321306180976,-0.009191740281553716,-0.001000907477703104
4,0.59,-0.016785587197796,-0.1780648817354953,1.568969319346817,0.5508254461434926,0.9081863442978728,-1.0670634843209752,0.0352730481284781,-0.05585257035693761,-0.1793782509415589,0.2955138446184018,0.32642466781571927,0.06281373923713335,-4.658470763765037e-05,0.4588865779156741,-0.03607721884646409,-0.13393917492644627,0.1587848161881678,-0.09624211167219432,-0.06024888247641083,0.0002037879907203,0.04641804715131381,-0.009317996952737473,-0.001005740673719109
4,0.6,-0.024771694591419004,-0.179260117575618,1.5702078115991787,0.5454688406754883,0.9099079283180227,-1.0696617664916224,0.03529606823426011,-0.07097760902411109,-0.1732450180581761,0.3153488630816428,0.3068834207164809,0.05204313303365367,-4.658470763765037e-05,0.4509249040845378,-0.021422401631755367,-0.12171187706440773,0.16479808170806706,-0.08572934322532892,-0.07627973409871361,0.0002037879907203,0.046318381477494786,-0.0094444886566766,-0.0010105608030783401
4,0.61,-0.029424301484834114,-0.18147830175904733,1.5692095838375693,0.5408652920284794,0.9118926197933644,-1.0719563635477445,0.04119055744236744,-0.08337560074194905,-0.16159236603860055,0.3421657707390943,0.28399950255300677,0.039501009363920044,-4.658470763765037e-05,0.44193539222311656,-0.011992061364457357,-0.12093003735146282,0.16613808052310347,-0.07741543532405706,-0.07854976038809443,0.0002037879907203,0.04621810965423799,-0.009570884993552258,-0.0010153096865668418
4,0.62,-0.03319534046683076,-0.1833685364860874,1.5649635627625331,0.5367546655783534,0.9140386777057079,-1.0742478285527217,0.05030856724099473,-0.09465472505569335,-0.14786703749315017,0.37374804299078296,0.2606459841079309,0.027915875699536935,-4.658470763765037e-05,0.43061367415900254,-0.005524302164643854,-0.13199630316497318,0.16442817062855108,-0.06851721847316279,-0.06630666944608639,0.0002037879907203,0.046117097433492335,-0.009697252675386138,-0.0010199517219250458
4,0.63,-0.035466780988123774,-0.18251956223089422,1.5601318729928348,0.5330171548632094,0.9163284447303629,-1.076946763426168,0.058861122390182055,-0.10390552444398182,-0.1312577208186086,0.40854817989639225,0.23080245744939998,0.008625612885889075,-4.658470763765037e-05,0.41551903511362154,-0.0013196345944623533,-0.15052253560147952,0.16104796426845175,-0.059598826928170416,-0.04088837513726331,0.0002037879907203,0.04601416542402457,-0.009823721502136664,-0.0010245488746807219
4,0.64,-0.038407936110509695,-0.18140668903282484,1.5535574132076881,0.5292505795465033,0.9184620502056833,-1.0795536265133558,0.07128828163834687,-0.11520708257532027,-0.11642548364474131,0.4506562396589059,0.20243462381358704,-0.001702949187430517,-4.6584707637640366e-05,0.3993168519754548,0.004088750775664589,-0.1658642962578123,0.15585799128610045,-0.05243061218213552,-0.022431959463771533,0.0002037879907201,0.045910428279250126,-0.009951019974294217,-0.001029158512755196
4,0.65,-0.04298322153317194,-0.18458106004114425,1.5463642243374196,0.5254819835548131,0.9200525859139874,-1.0810852381588605,0.09190885252100146,-0.1255618130080413,-0.09993611866150577,0.49571462100008995,0.16853996228865056,-0.029409489919123746,-4.6584707637640366e-05,0.39054680049589224,0.010310660551284276,-0.18249380124729003,0.15486692606363237,-0.042765186835579005,-0.004552818191440172,0.0002037879907201,0.04580686182003657,-0.010079658381256434,-0.001033868643797325
4,0.66,-0.047174992228818824,-0.18520931706620905,1.5406203236613236,0.5217359449783573,0.9214600379273707,-1.0829031377607605,0.11094879422589758,-0.13618318187807527,-0.08932137934826745,0.5424818342708312,0.13354989708017412,-0.05438191595451722,-4.6584707637640366e-05,0.3793915760635095,0.0167034491796879,-0.19491755083709353,0.1540330972191687,-0.032332526650057244,0.008757245411950691,0.0002037879907201,0.045701218930308915,-0.010209048473975775,-0.001038631503554008
4,0.67,-0.052001755768803934,-0.1829484375221615,1.5366170846658176,0.5177624341040238,0.9226955545966065,-1.0851131710580704,0.12784200811879853,-0.148871634534597,-0.08432681376237669,0.5919688521243396,0.10509080018707573,-0.06648848854547906,-4.6584707637640366e-05,0.3634262778354036,0.025668892187748028,-0.19880430464944782,0.14871397445606951,-0.02260999325605571,0.011097319260409128,0.0002037879907201,0.045593086970362795,-0.01033968538569358,-0.001043512457739513
4,0.68,-0.056850406710751894,-0.18197665445470965,1.53451459638745,0.5138041918907644,0.9235034704964598,-1.0866974897022073,0.14863253518262592,-0.16192524975298347,-0.07879493478352287,0.6460415025151189,0.08396032614568845,-0.07720921469586577,-4.6584707637640366e-05,0.35161367970138424,0.0331217394734899,-0.21312403005878872,0.14757595128086445,-0.014049848095403652,0.032817276902260994,0.0002037879907201,0.045484851707519695,-0.01047132404948639,-0.001048539973993812
4,0.6900000000000001,-0.06146243616113685,-0.18099261391820345,1.5336243381347423,0.5100850614446509,0.9239777038522349,-1.0878602220467075,0.17085283928940906,-0.1725389396557817,-0.07352720418147059,0.6995410002742268,0.06463514883246645,-0.09904569464533855,-4.6584707637640366e-05,0.3427401953582745,0.03995101980744747,-0.2246709543147718,0.15138015040075425,-0.002604713696637552,0.050642567294311804,0.0002037879907201,0.04537540346344174,-0.010603657889701922,-0.001053631923273879
4,0.7000000000000001,-0.06709302776882496,-0.17793236788648253,1.5322543167815479,0.5063298849238318,0.9242931053829139,-1.0892317448251934,0.19232691931806226,-0.18434933394505737,-0.06914922397022633,0.7535266600261951,0.051189040122562174,-0.12151027522565004,-4.658470763763732e-05,0.3278484416496913,0.05010904261720368,-0.22257729293045797,0.14659812327015492,0.006516610632198605,0.050351199977044764,0.0002037879907199,0.04526380745713322,-0.0107365039509835,-0.00105873941695711
4,0.71,-0.07376307471760675,-0.17524000498359807,1.5316158144406797,0.5024986039641793,0.924406691543695,-1.0901392988724485,0.21540836400782573,-0.19773310463235658,-0.06727554244141577,0.8053526562916544,0.04286063593732676,-0.14310851875898614,-4.658470763763732e-05,0.31579724338823434,0.061009205751145115,-0.22362269417216718,0.14633164664971504,0.017353226349867253,0.05228331202017861,0.0002037879907199,0.04515160211843674,-0.01087031810650012,-0.0010639341491864131
4,0.72,-0.07882849825445859,-0.17066398890518744,1.529688511484172,0.4992737572787222,0.9245892705245352,-1.0910322742032668,0.23673343940536562,-0.20921479545792707,-0.06790867082717378,0.8504643834893926,0.046457847411719135,-0.17197956641494527,-4.658470763763732e-05,0.30244758721724774,0.06947822218688969,-0.22609203005757608,0.14708184130945254,0.027145317324192883,0.05435493842249893,0.0002037879907199,0.04503745499596896,-0.011003888103923812,-0.00106906685252628
4,0.73,-0.08203180994342726,-0.16792066641649345,1.527192353901403,0.4965806477577555,0.9247160965826382,-1.0913430138543547,0.26063928469087794,-0.21695742270561666,-0.06658927162019325,0.8895594327130519,0.05957023609890823,-0.2113155815747669,-4.658470763763732e-05,0.28951354429652104,0.07699735475111033,-0.22199197346807553,0.1434561627383208,0.0362617209420028,0.04755297218722819,0.0002037879907199,0.04492235500893892,-0.011136782003473336,-0.001074095328308824
4,0.74,-0.0834494840956081,-0.16495692710025028,1.5236721399727569,0.4945077899687988,0.9249813459025189,-1.0913775763184563,0.2840813821040538,-0.22233709864216306,-0.06500313164792233,0.9211309008467813,0.0763327463626667,-0.24330938971583263,-4.658470763763732e-05,0.2782442502035293,0.08079930135726193,-0.226101370541535,0.14417773820122148,0.045435238172830336,0.05179707012770427,0.0002037879907199,0.04480589322788355,-0.011268783558291006,-0.0010789964748064802
4,0.75,-0.08222287246799286,-0.16441401672606193,1.521080441645638,0.4929870790105451,0.9252699420863517,-1.0907485793338711,0.30941158671511715,-0.2232960037302718,-0.06328705214557995,0.9446134196452035,0.09061117862863444,-0.26838714748671905,-4.658470763763732e-05,0.26951228513478614,0.08269734164387507,-0.2210156226462204,0.143766577446198,0.053294516801844855,0.04389521055005626,0.0002037879907199,0.0446885930646253,-0.011399992909918725,-0.001083787787564325
4,0.76,-0.07805070258716898,-0.16385506365292538,1.5198504405752253,0.4921268251506419,0.9257119643375331,-1.0898280285050386,0.33329891715948134,-0.21965975399880788,-0.062029636930815146,0.9596856455064552,0.10026935044171596,-0.2877249267709052,-4.658470763763491e-05,0.26335425078633495,0.0806316284729446,-0.2164556361850797,0.14852991500851873,0.06438236342399606,0.03613221483535222,0.00020378799071979202,0.04456972320810628,-0.0115299708424225,-0.001088432381949048
4,0.77,-0.07393865537149846,-0.16319827954905464,1.5179086445628744,0.49148649588205007,0.9262780826219151,-1.088756124476886,0.3566156260859358,-0.2147466839943164,-0.05990457475324191,0.9674958456614458,0.11107223631876256,-0.30039617362447535,-4.658470763763063e-05,0.2566506028574815,0.07917480585957802,-0.2078691577237988,0.15170576000985994,0.07367998206662377,0.019344213644601815,0.0002037879907196,0.044449393951207915,-0.011659434728444301,-0.001092997803682736
4,0.78,-0.06851705200253873,-0.16286748924439343,1.5156467293362095,0.49130882107329493,0.9269039071918784,-1.0874821652516216,0.37889266883584777,-0.2070265860797879,-0.05814724640874695,0.9664648829460573,0.12233298810977507,-0.30702261012283166,-4.658470763763063e-05,0.24996534503100498,0.07605399903461114,-0.19934091371197005,0.15400745338612512,0.08220616807925887,0.0036392920423498703,0.0002037879907196,0.04432727091305193,-0.011788234593628105,-0.001097491156413782
4,0.79,-0.06118236726215906,-0.16353145673597272,1.5130751235500701,0.49167277105820345,0.9274935786989748,-1.085925653157502,0.4006034352199291,-0.1958113122814526,-0.05677825862394962,0.9570977681245888,0.13300046262421272,-0.30905671561532233,-4.658470763763063e-05,0.243672504184582,0.07091167359328132,-0.1873665241197578,0.15484849999482508,0.09105514995865123,-0.01673917293768132,0.0002037879907196,0.04420410860599823,-0.011916446702328469,-0.0011018985228637029
4,0.8,-0.055339034739771836,-0.1638582746545027,1.5092544579576277,0.4920201362895498,0.9280786435278857,-1.084320547227823,0.4212809205910312,-0.185651822616772,-0.05559736620865328,0.9411262916357855,0.14498270448797484,-0.30808789218453336,-4.658470763763063e-05,0.23640627535703082,0.06701889907439734,-0.17797171344855486,0.15434365674930553,0.09828581910967359,-0.035161453669076984,0.0002037879907196,0.04407937253709786,-0.012045536150484521,-0.0011063659165644
4,0.81,-0.04866692343417689,-0.16456066810948763,1.5067561513938346,0.4925724208419795,0.9285859704276734,-1.0824911568322675,0.4404767387578689,-0.1750025714798255,-0.05763114321364992,0.9179351065642604,0.15494135914240026,-0.3038449362404879,-4.658470763763063e-05,0.23078590746626432,0.06113479941378747,-0.17429255542532363,0.15628154516439602,0.10563444034940617,-0.04217689422060251,0.0002037879907196,0.043953331328282004,-0.012174122538673154,-0.001110801182687396
4,0.8200000000000001,-0.042271885578195355,-0.16456782715842827,1.5041294033455757,0.4932273466173134,0.92906017847534,-1.0807558478272814,0.45637521189803637,-0.16464752666730587,-0.06225257227422277,0.8866435366419964,0.16249721912680457,-0.29769377539036657,-4.658470763763063e-05,0.22400282499093438,0.05523195003543718,-0.1735685288246977,0.15811981147376963,0.11420071808429505,-0.04543541970239635,0.0002037879907196,0.04382545034548972,-0.012302917475922803,-0.001115230038199588
4,0.8300000000000001,-0.037999434392796086,-0.16398366596241032,1.5015788340802194,0.4935454002589136,0.9294445547130267,-1.0791630601401871,0.4695322441904059,-0.15840513906793977,-0.07169764171421948,0.8489201779190809,0.16887838673919775,-0.2821451000909606,-4.658470763761325e-05,0.2148255703963556,0.051989441007932485,-0.17259296227513937,0.15641643448081863,0.12084142866959284,-0.04815491531169867,0.0002037879907193,0.04369609621884245,-0.01243314100533649,-0.001119778300370279
4,0.84,-0.03425341914757303,-0.16631881962133752,1.5007501778368957,0.49375462516765956,0.9294937846007226,-1.077016826449656,0.4833619572651644,-0.1528465286784876,-0.08368342334245026,0.8050297888078574,0.17022391807524873,-0.27099727565691045,-4.658470763761325e-05,0.20951035128010323,0.0487182422430905,-0.17375445486197386,0.15578661690328996,0.1271420547653747,-0.045777555784470486,0.0002037879907193,0.04356684637363291,-0.012563903491485989,-0.001124376071618688
4,0.85,-0.031076801366864644,-0.1685425196651085,1.5011419880823749,0.49384954288190563,0.9293908953207468,-1.0749103546738956,0.4947639061363321,-0.14856694267589265,-0.09836857816792932,0.7556969722645945,0.16975830357379623,-0.2579993167547365,-4.658470763761325e-05,0.2035313526640399,0.046287790512674294,-0.173290639532254,0.15409482430495677,0.13358801113558605,-0.0439310126660213,0.0002037879907193,0.04343605591963832,-0.01269529260224656,-0.00112905463347571
4,0.86,-0.02828985478178708,-0.17101111449587872,1.5044297564487463,0.49370308880632646,0.9291090649797283,-1.072748168791178,0.5044925551848467,-0.14635044344518913,-0.11735230706590313,0.7029857513694837,0.16447102616933304,-0.24249691743262028,-4.658470763761325e-05,0.19820394931643967,0.04457867589998789,-0.171661176096994,0.15253067133071108,0.1405322419955068,-0.03735255444164054,0.0002037879907193,0.0433044805379025,-0.012827400872579114,-0.00113386212115228
4,0.87,-0.027396100550771206,-0.17096959118326388,1.5045849461340195,0.49363925317535745,0.9288226663986306,-1.0710705432259209,0.5107132366770865,-0.1442485484098878,-0.1333588472018596,0.64767072809025,0.15886611573808512,-0.22397151965680256,-4.658470763761325e-05,0.18928470104154005,0.04434259139305301,-0.1737218599165713,0.15022428611570163,0.1474399890465883,-0.031127384788857414,0.0002037879907193,0.04317111689434705,-0.012960326738094675,-0.0011387073092927128
4,0.88,-0.028387357206206075,-0.17081123830047068,1.5039788660284543,0.49348391091124516,0.9283971637647562,-1.069402124363819,0.5159385055693935,-0.14296827807007506,-0.14863090578732868,0.5903779640818848,0.15249602229813944,-0.2002381266521154,-4.658470763761325e-05,0.1810578405522155,0.045256644785467606,-0.1802616007256059,0.14980431817845086,0.15445835721326562,-0.019471316089961225,0.0002037879907193,0.043037310835203894,-0.013094447019640673,-0.001143655555457052
4,0.89,-0.029701719713319884,-0.17042516912017447,1.503862576267283,0.4933355999169888,0.9278603840649746,-1.0679200168930814,0.5197823589127303,-0.14158046481435824,-0.16406988130752145,0.5326241196724912,0.1468521388599853,-0.169164792264621,-4.6584707637599207e-05,0.17017823730990736,0.047640053587065995,-0.18076520394166612,0.14470490814348172,0.16114025647948277,-0.014768991357351456,0.000203787990719063,0.042902968127585865,-0.013228652794381,-0.00114860426915632
4,0.9,-0.029299608592758257,-0.17295981847465167,1.504299758919324,0.4936003260479667,0.927028200134971,-1.0659168323679065,0.5262861973710712,-0.13801344077629546,-0.1799139255915546,0.4765337194389886,0.1372629696366778,-0.13133360017831466,-4.658470763759547e-05,0.16398381236114695,0.04709930186825725,-0.1836821435214255,0.14303568088221316,0.1690676606124298,-0.006837715598894584,0.000203787990719,0.04276921290645701,-0.01336225769582787,-0.0011534663854134801
4,0.91,-0.029203437791370673,-0.17545973049352337,1.5044419409236962,0.4940377435283417,0.9261156667155227,-1.0639526430165813,0.5324831976075526,-0.133325978435146,-0.1913203744409479,0.42187051289680755,0.12238388978475472,-0.09189682831374403,-4.658470763759547e-05,0.1585993822165661,0.04611550803290261,-0.18943761453575036,0.14321426112104776,0.1774095942049009,0.004134693284933156,0.000203787990719,0.04263485626582102,-0.013496188241550348,-0.0011583473672229921
4,0.92,-0.029336952519410174,-0.17791818958925742,1.5053394792821322,0.4945287043858219,0.9251289494119068,-1.0620581325852754,0.5380951370358286,-0.12911952620535724,-0.20617240637216805,0.36937532630584186,0.10705691208357,-0.04838944384555951,-4.658470763759547e-05,0.1542002786708462,0.04507469939637419,-0.19465516516771875,0.14589897053710818,0.18698569559373618,0.015460668518306984,0.000203787990719,0.04250058694489577,-0.013630222077063029,-0.001163230269261092
4,0.93,-0.027558711334941706,-0.17935947308995154,1.506646568090685,0.4954606935569268,0.9241463535980338,-1.060516227111672,0.541681413492368,-0.12288883524811609,-0.22070648345456267,0.32031756709283304,0.09536082457210515,-0.00015251296916647238,-4.658470763759547e-05,0.14783434434815626,0.0424056618581428,-0.19595462861379448,0.147408859713461,0.19615585292664642,0.02135661876616611,0.000203787990719,0.042365430162895706,-0.013763107237376079,-0.001167963770239841
4,0.9400000000000001,-0.025317098030902978,-0.18079131801562742,1.5085989261727177,0.4965764820456694,0.9230877473913844,-1.0591196147114963,0.5452312504187447,-0.11634242040325635,-0.23537218799801385,0.27609919768995567,0.09044932826854289,0.05200223583233952,-4.658470763759547e-05,0.1410161533898014,0.03926486064189611,-0.19510714170423857,0.14817472227501075,0.20574930784294926,0.026914084905559858,0.000203787990719,0.04223030755113945,-0.013895796778009088,-0.001172666032228946
4,0.9500000000000001,-0.02255312479654777,-0.18345012136678976,1.5112626593745055,0.49790387353188703,0.9218880419037969,-1.0576380876278337,0.5499510939175452,-0.10909915763423833,-0.2474931044636665,0.23689635406575835,0.08971586721624628,0.1032038619801574,-4.658470763759547e-05,0.13621557501602172,0.03519493890479828,-0.19361031992775354,0.15061223493295503,0.21651725209326553,0.029658242757708553,0.000203787990719,0.042095877612896224,-0.014028140247182226,-0.001177318727224445
4,0.96,-0.020569870511039277,-0.18632988739752562,1.5138644375782886,0.49925740795915985,0.9206121867623396,-1.0562715375217349,0.5550850965703584,-0.10260441045615265,-0.2537333037997922,0.20356666066938395,0.08942530242795792,0.14874418541306947,-4.6584707637578126e-05,0.13216957046669406,0.03161305787618604,-0.19299045964793932,0.15425230853649524,0.22710113949232436,0.03296571263740198,0.0002037879907186,0.04196204766691131,-0.01416092046302262,-0.001181989961073132
4,0.97,-0.01897200223826038,-0.18885519401236056,1.5166807200436803,0.5006723368166381,0.9193008540615192,-1.0551785259704543,0.5596961804838714,-0.09676125513215934,-0.2556358548194735,0.1765702030376301,0.08839532644155357,0.18373839483197926,-4.6584707637578126e-05,0.1277171306415889,0.02852352355494223,-0.19088532433888777,0.15858485357728094,0.2390268937916693,0.03476369340414178,0.0002037879907186,0.04182852935125689,-0.014293890391023942,-0.001186657502791577
4,0.98,-0.016126398906549124,-0.19017200419887853,1.521528209867866,0.5022757416403338,0.9180154607728694,-1.0544924188768414,0.5627382758058602,-0.0914230559179315,-0.25785884429034217,0.15718120648873873,0.08863324016751346,0.20524576863715666,-4.6584707637578126e-05,0.1224964400403251,0.023969825409047303,-0.1874547091462347,0.16410959016183654,0.25176212386474955,0.037563255476452645,0.0002037879907186,0.04169414769164328,-0.01442646521418217,-0.001191271412751584
4,0.99,-0.0152344658605913,-0.19113200871393943,1.5262129387579202,0.503660308972433,0.916678353509327,-1.0540936481411218,0.5666709573043142,-0.08951356203312223,-0.26058622954243055,0.14868476262828786,0.09167933154692058,0.21671705048594694,-4.6584707637578126e-05,0.11639152063978968,0.021283845233760933,-0.18549375462210566,0.1687725076142103,0.263535470042965,0.04232631635648635,0.0002037879907186,0.04155958175895114,-0.014560115781757272,-0.001195981039571201
4,1.0,-0.0148850169577338,-0.1921287751380494,1.5302142061300388,0.5051281668642158,0.9152916353251658,-1.0539165199050315,0.5706581344871184,-0.0891947052977692,-0.2608987230470162,0.1488905554645908,0.0941620137965182,0.2169311060513063,-4.6584707637578126e-05,0.1112946351242805,0.0183337495845543,-0.1860967363261836,0.1765888585349999,0.2771116069130684,0.049623949966388,0.0002037879907186,0.0414252192420492,-0.0146937540801433,-0.0012006408046682
