inDegrees=no
num_controls=117
num_derivatives=0
num_input_controls=0
num_iterations=362
num_multipliers=2
num_parameters=0
num_slacks=0
num_states=158
objective=8312.127165
objective_excitation_effort=8312.127165
solver_duration=814.963254
status=Solve_Succeeded
success=true
DataType=double
version=3
OpenSimVersion=4.5.2-2025-05-03-6a4c6ec41
endheader
time	/forceset/addbrev_r/activation	/forceset/addlong_r/activation	/forceset/addmagDist_r/activation	/forceset/addmagIsch_r/activation	/forceset/addmagMid_r/activation	/forceset/addmagProx_r/activation	/forceset/bflh_r/activation	/forceset/bfsh_r/activation	/forceset/edl_r/activation	/forceset/ehl_r/activation	/forceset/fdl_r/activation	/forceset/fhl_r/activation	/forceset/gaslat_r/activation	/forceset/gasmed_r/activation	/forceset/glmax1_r/activation	/forceset/glmax2_r/activation	/forceset/glmax3_r/activation	/forceset/glmed1_r/activation	/forceset/glmed2_r/activation	/forceset/glmed3_r/activation	/forceset/glmin1_r/activation	/forceset/glmin2_r/activation	/forceset/glmin3_r/activation	/forceset/grac_r/activation	/forceset/iliacus_r/activation	/forceset/perbrev_r/activation	/forceset/perlong_r/activation	/forceset/piri_r/activation	/forceset/psoas_r/activation	/forceset/recfem_r/activation	/forceset/sart_r/activation	/forceset/semimem_r/activation	/forceset/semiten_r/activation	/forceset/soleus_r/activation	/forceset/tfl_r/activation	/forceset/tibant_r/activation	/forceset/tibpost_r/activation	/forceset/vasint_r/activation	/forceset/vaslat_r/activation	/forceset/vasmed_r/activation	/forceset/addbrev_l/activation	/forceset/addlong_l/activation	/forceset/addmagDist_l/activation	/forceset/addmagIsch_l/activation	/forceset/addmagMid_l/activation	/forceset/addmagProx_l/activation	/forceset/bflh_l/activation	/forceset/bfsh_l/activation	/forceset/edl_l/activation	/forceset/ehl_l/activation	/forceset/fdl_l/activation	/forceset/fhl_l/activation	/forceset/gaslat_l/activation	/forceset/gasmed_l/activation	/forceset/glmax1_l/activation	/forceset/glmax2_l/activation	/forceset/glmax3_l/activation	/forceset/glmed1_l/activation	/forceset/glmed2_l/activation	/forceset/glmed3_l/activation	/forceset/glmin1_l/activation	/forceset/glmin2_l/activation	/forceset/glmin3_l/activation	/forceset/grac_l/activation	/forceset/iliacus_l/activation	/forceset/perbrev_l/activation	/forceset/perlong_l/activation	/forceset/piri_l/activation	/forceset/psoas_l/activation	/forceset/recfem_l/activation	/forceset/sart_l/activation	/forceset/semimem_l/activation	/forceset/semiten_l/activation	/forceset/soleus_l/activation	/forceset/tfl_l/activation	/forceset/tibant_l/activation	/forceset/tibpost_l/activation	/forceset/vasint_l/activation	/forceset/vaslat_l/activation	/forceset/vasmed_l/activation	/jointset/ground_pelvis/pelvis_tilt/value	/jointset/ground_pelvis/pelvis_tilt/speed	/jointset/ground_pelvis/pelvis_list/value	/jointset/ground_pelvis/pelvis_list/speed	/jointset/ground_pelvis/pelvis_rotation/value	/jointset/ground_pelvis/pelvis_rotation/speed	/jointset/ground_pelvis/pelvis_tx/value	/jointset/ground_pelvis/pelvis_tx/speed	/jointset/ground_pelvis/pelvis_ty/value	/jointset/ground_pelvis/pelvis_ty/speed	/jointset/ground_pelvis/pelvis_tz/value	/jointset/ground_pelvis/pelvis_tz/speed	/jointset/hip_r/hip_flexion_r/value	/jointset/hip_r/hip_flexion_r/speed	/jointset/hip_r/hip_adduction_r/value	/jointset/hip_r/hip_adduction_r/speed	/jointset/hip_r/hip_rotation_r/value	/jointset/hip_r/hip_rotation_r/speed	/jointset/hip_l/hip_flexion_l/value	/jointset/hip_l/hip_flexion_l/speed	/jointset/hip_l/hip_adduction_l/value	/jointset/hip_l/hip_adduction_l/speed	/jointset/hip_l/hip_rotation_l/value	/jointset/hip_l/hip_rotation_l/speed	/jointset/back/lumbar_extension/value	/jointset/back/lumbar_extension/speed	/jointset/back/lumbar_bending/value	/jointset/back/lumbar_bending/speed	/jointset/back/lumbar_rotation/value	/jointset/back/lumbar_rotation/speed	/jointset/walker_knee_r/knee_angle_r/value	/jointset/walker_knee_r/knee_angle_r/speed	/jointset/patellofemoral_r/knee_angle_r_beta/value	/jointset/patellofemoral_r/knee_angle_r_beta/speed	/jointset/walker_knee_l/knee_angle_l/value	/jointset/walker_knee_l/knee_angle_l/speed	/jointset/patellofemoral_l/knee_angle_l_beta/value	/jointset/patellofemoral_l/knee_angle_l_beta/speed	/jointset/acromial_r/arm_flex_r/value	/jointset/acromial_r/arm_flex_r/speed	/jointset/acromial_r/arm_add_r/value	/jointset/acromial_r/arm_add_r/speed	/jointset/acromial_r/arm_rot_r/value	/jointset/acromial_r/arm_rot_r/speed	/jointset/acromial_l/arm_flex_l/value	/jointset/acromial_l/arm_flex_l/speed	/jointset/acromial_l/arm_add_l/value	/jointset/acromial_l/arm_add_l/speed	/jointset/acromial_l/arm_rot_l/value	/jointset/acromial_l/arm_rot_l/speed	/jointset/ankle_r/ankle_angle_r/value	/jointset/ankle_r/ankle_angle_r/speed	/jointset/ankle_l/ankle_angle_l/value	/jointset/ankle_l/ankle_angle_l/speed	/jointset/elbow_r/elbow_flex_r/value	/jointset/elbow_r/elbow_flex_r/speed	/jointset/elbow_l/elbow_flex_l/value	/jointset/elbow_l/elbow_flex_l/speed	/jointset/subtalar_r/subtalar_angle_r/value	/jointset/subtalar_r/subtalar_angle_r/speed	/jointset/subtalar_l/subtalar_angle_l/value	/jointset/subtalar_l/subtalar_angle_l/speed	/jointset/radioulnar_r/pro_sup_r/value	/jointset/radioulnar_r/pro_sup_r/speed	/jointset/radioulnar_l/pro_sup_l/value	/jointset/radioulnar_l/pro_sup_l/speed	/jointset/mtp_r/mtp_angle_r/value	/jointset/mtp_r/mtp_angle_r/speed	/jointset/mtp_l/mtp_angle_l/value	/jointset/mtp_l/mtp_angle_l/speed	/jointset/radius_hand_r/wrist_flex_r/value	/jointset/radius_hand_r/wrist_flex_r/speed	/jointset/radius_hand_r/wrist_dev_r/value	/jointset/radius_hand_r/wrist_dev_r/speed	/jointset/radius_hand_l/wrist_flex_l/value	/jointset/radius_hand_l/wrist_flex_l/speed	/jointset/radius_hand_l/wrist_dev_l/value	/jointset/radius_hand_l/wrist_dev_l/speed	/forceset/lumbar_ext	/forceset/lumbar_bend	/forceset/lumbar_rot	/forceset/shoulder_flex_r	/forceset/shoulder_add_r	/forceset/shoulder_rot_r	/forceset/elbow_flex_r	/forceset/pro_sup_r	/forceset/wrist_flex_r	/forceset/wrist_dev_r	/forceset/shoulder_flex_l	/forceset/shoulder_add_l	/forceset/shoulder_rot_l	/forceset/elbow_flex_l	/forceset/pro_sup_l	/forceset/wrist_flex_l	/forceset/wrist_dev_l	/forceset/addbrev_r	/forceset/addlong_r	/forceset/addmagDist_r	/forceset/addmagIsch_r	/forceset/addmagMid_r	/forceset/addmagProx_r	/forceset/bflh_r	/forceset/bfsh_r	/forceset/edl_r	/forceset/ehl_r	/forceset/fdl_r	/forceset/fhl_r	/forceset/gaslat_r	/forceset/gasmed_r	/forceset/glmax1_r	/forceset/glmax2_r	/forceset/glmax3_r	/forceset/glmed1_r	/forceset/glmed2_r	/forceset/glmed3_r	/forceset/glmin1_r	/forceset/glmin2_r	/forceset/glmin3_r	/forceset/grac_r	/forceset/iliacus_r	/forceset/perbrev_r	/forceset/perlong_r	/forceset/piri_r	/forceset/psoas_r	/forceset/recfem_r	/forceset/sart_r	/forceset/semimem_r	/forceset/semiten_r	/forceset/soleus_r	/forceset/tfl_r	/forceset/tibant_r	/forceset/tibpost_r	/forceset/vasint_r	/forceset/vaslat_r	/forceset/vasmed_r	/forceset/addbrev_l	/forceset/addlong_l	/forceset/addmagDist_l	/forceset/addmagIsch_l	/forceset/addmagMid_l	/forceset/addmagProx_l	/forceset/bflh_l	/forceset/bfsh_l	/forceset/edl_l	/forceset/ehl_l	/forceset/fdl_l	/forceset/fhl_l	/forceset/gaslat_l	/forceset/gasmed_l	/forceset/glmax1_l	/forceset/glmax2_l	/forceset/glmax3_l	/forceset/glmed1_l	/forceset/glmed2_l	/forceset/glmed3_l	/forceset/glmin1_l	/forceset/glmin2_l	/forceset/glmin3_l	/forceset/grac_l	/forceset/iliacus_l	/forceset/perbrev_l	/forceset/perlong_l	/forceset/piri_l	/forceset/psoas_l	/forceset/recfem_l	/forceset/sart_l	/forceset/semimem_l	/forceset/semiten_l	/forceset/soleus_l	/forceset/tfl_l	/forceset/tibant_l	/forceset/tibpost_l	/forceset/vasint_l	/forceset/vaslat_l	/forceset/vasmed_l	/forceset/reserve_jointset_ground_pelvis_pelvis_tilt	/forceset/reserve_jointset_ground_pelvis_pelvis_list	/forceset/reserve_jointset_ground_pelvis_pelvis_rotation	/forceset/reserve_jointset_ground_pelvis_pelvis_tx	/forceset/reserve_jointset_ground_pelvis_pelvis_ty	/forceset/reserve_jointset_ground_pelvis_pelvis_tz	/forceset/reserve_jointset_hip_r_hip_flexion_r	/forceset/reserve_jointset_hip_r_hip_adduction_r	/forceset/reserve_jointset_hip_r_hip_rotation_r	/forceset/reserve_jointset_walker_knee_r_knee_angle_r	/forceset/reserve_jointset_ankle_r_ankle_angle_r	/forceset/reserve_jointset_subtalar_r_subtalar_angle_r	/forceset/reserve_jointset_mtp_r_mtp_angle_r	/forceset/reserve_jointset_hip_l_hip_flexion_l	/forceset/reserve_jointset_hip_l_hip_adduction_l	/forceset/reserve_jointset_hip_l_hip_rotation_l	/forceset/reserve_jointset_walker_knee_l_knee_angle_l	/forceset/reserve_jointset_ankle_l_ankle_angle_l	/forceset/reserve_jointset_subtalar_l_subtalar_angle_l	/forceset/reserve_jointset_mtp_l_mtp_angle_l	lambda_cid39_p0	lambda_cid40_p0
1	0.02065968901432122	0.01557526165505945	0.02942013080262292	0.02730725682814939	0.0253096202525969	0.03691489217882389	0.1005208586046065	0.1386554058157949	0.1469992057486124	0.07957092526311051	0.06791313447946995	0.05779985359659284	0.04499154235401879	0.01018372786446646	0.0845479220722022	0.06506044169122099	0.04734795206351466	0.01724711575886035	0.02745645711255549	0.04381587118966573	0.03197059032345099	0.04229531861628774	0.0344732029469686	0.05085033913077946	0.09041691877422249	0.1235676981909818	0.1804011275723797	0.03296647182611247	0.3914077921829666	0.1431345534214685	0.2368206127451593	0.1796230177020293	0.08164385681965107	0.01626339976983993	0.1280805341595596	0.3809308747436868	0.03108698894496736	0.01817037152245194	0.01318398118905053	0.01549114951391411	0.02212970081463575	0.2509219200021687	0.01284341958756718	0.01193162873102351	0.01474464221316233	0.02549186453830835	0.01218765551142009	0.09724050891398199	0.9999268671647543	0.01008297505917707	0.01007081508837531	0.01004610967759143	0.01178590029421585	0.9998788521570529	0.03069025176764258	0.1060584816717649	0.01148030194911244	0.01186052639674896	0.01382862801682553	0.0154403006296234	0.0178516093783128	0.09782565915995907	0.033354276494592	0.1108640274276763	0.6665802247817648	0.9999803013952757	0.9999896360905347	0.3708805236049825	0.9240529782259672	0.2309940305906554	0.4911122117844469	0.01295386438541966	0.013922207171994	0.8368304895552858	0.7893888077183021	0.01001322644985915	0.01001240295195066	0.01163264238093665	0.01051029260817183	0.01105242217691811	0.04213246620466907	0.0355601122555454	-0.05650214909790458	-0.1631786939672793	0.03064148231012293	0.3895990402467948	0.8579623075406029	-0.009030784915186761	0.9634343557188516	0.1397796110141045	-0.477261776157879	0.1786303817649066	0.2443689345596274	-1.619702803867611	0.01001796511908118	0.4635968941880448	-0.2858972288984252	-0.4233748253402848	-0.112545546484693	2.663338067391435	-0.1505379557336562	-0.2908799672806927	0.05712469888331655	1.372535875647616	-0.1525019329999859	0.01437973339478112	0.06739581104170109	0.221361125395998	-0.09642963087733791	0.4978880852769051	0.3221597888430381	-0.6827744438116947	0.3221597888430381	-0.6827744438116947	0.7578161423456221	5.042499487114398	0.7578161423456221	5.042499487114398	-0.1199712353215064	0.7314074023712752	-0.1104801341749596	-0.2955853167017769	-0.09512105436123409	1.485023590460487	0.09588739271208287	-0.8060972237405555	-0.1552495783076534	0.5875705756440146	0.06332011122702948	0.007618820503605885	-0.101193298122355	1.195564084466106	-0.2886297273432362	-1.817772361601039	0.3986278846273623	0.3733461091565159	0.7387061575777094	-1.892431511192945	0	0	0	0	1.570792543730581	5.23378105028628e-05	1.532061463755178	0.6310397909087149	0	0	0	0	0	0	8.994478972983369e-11	-1.325605385181051e-08	0	0	8.994478972983369e-11	-1.325605385181051e-08	0.388067935478742	-1.323331173771372	0.3618695406717938	0.08785138446001846	-0.007519929954715679	-0.002552402235153491	0.0829786067955133	-0.001598331947071319	0.002964680418772199	-0.009655931745400668	-0.01587942092671858	-0.167423462004316	-0.03319823687580663	0.06600918527429693	-0.003124206765095719	-0.001052979775033061	-0.007200533218835098	0.02065968901432122	0.01557526165505945	0.02942013080262292	0.02730725682814939	0.0253096202525969	0.03691489217882389	0.1005208586046065	0.1386554058157949	0.1469992057486124	0.07957092526311051	0.06791313447946995	0.05779985359659284	0.04499154235401879	0.01018372786446646	0.0845479220722022	0.06506044169122099	0.04734795206351466	0.01724711575886035	0.02745645711255549	0.04381587118966573	0.03197059032345099	0.04229531861628774	0.0344732029469686	0.05085033913077946	0.09041691877422249	0.1235676981909818	0.1804011275723797	0.03296647182611247	0.3914077921829666	0.1431345534214685	0.2368206127451593	0.1796230177020293	0.08164385681965107	0.01626339976983993	0.1280805341595596	0.3809308747436868	0.03108698894496736	0.01817037152245194	0.01318398118905053	0.01549114951391411	0.02212970081463575	0.2509219200021687	0.01284341958756718	0.01193162873102351	0.01474464221316233	0.02549186453830835	0.01218765551142009	0.09724050891398199	0.9999268671647543	0.01008297505917707	0.01007081508837531	0.01004610967759143	0.01178590029421585	0.9998788521570529	0.03069025176764258	0.1060584816717649	0.01148030194911244	0.01186052639674896	0.01382862801682553	0.0154403006296234	0.0178516093783128	0.09782565915995907	0.033354276494592	0.1108640274276763	0.6665802247817648	0.9999803013952757	0.9999896360905347	0.3708805236049825	0.9240529782259672	0.2309940305906554	0.4911122117844469	0.01295386438541966	0.013922207171994	0.8368304895552858	0.7893888077183021	0.01001322644985915	0.01001240295195066	0.01163264238093665	0.01051029260817183	0.01105242217691811	53.86051877098726	-11.86691995661807	-1.236310613590328	28.64354584796878	26.73927828789037	-4.957725529815713	0.384697357161372	0.1987239045319948	-0.01715241773691932	-0.1879020595195928	-0.05790713797482623	-0.002245141441022241	-0.009969117405457015	-0.7041400112435779	-0.3245792444617842	1.689655493026771	0.1758078883312385	-1.997598976926633	-7.441238992110581	3.167332534003017	-2.068874705353349	-3.894909646926407
1.01	0.03162127394456405	0.04082514389708339	0.02555049535953642	0.02299474725374294	0.02713293087627279	0.04210091485772086	0.06742277807735908	0.1078910880004963	0.1154391375836431	0.06087049273087732	0.05238653215601545	0.0436811458705362	0.03212559242310784	0.01015236911959785	0.05776930567451766	0.04461109983100692	0.0335012760104968	0.02622171510065214	0.03716066678207508	0.04982063014571507	0.03241907549781259	0.04438997620797817	0.04780598693028617	0.04798129880581514	0.08502271262202653	0.09797785096891112	0.1437082614395557	0.05932482405546642	0.305693375085196	0.0962849986759448	0.1795418599513518	0.1205151266819036	0.05692196453540717	0.01390367421663025	0.09323555197786448	0.3030584776002276	0.02368397332546334	0.0160921973358123	0.01230778762005068	0.01412661855067595	0.04653873075267667	0.2173217214217408	0.03421979811643791	0.0282344340180447	0.049900218980048	0.06427947395901107	0.03430982125069	0.08201105799340637	0.9999225567663991	0.01009440660840287	0.01012288646479294	0.01009104554185056	0.01146484553734925	0.999806771503256	0.05544515922864184	0.07925096225315456	0.03603179774947474	0.08862270470323952	0.08257324374438575	0.0938358756316328	0.03935431357643505	0.1078610109769342	0.08603385280449354	0.1010755265708178	0.5095008651675458	0.9999741543887548	0.9999865656110637	0.3373528466413271	0.7275125988978542	0.265255943658894	0.3626203088181899	0.0318587232535022	0.03790328877524336	0.7078392287770441	0.610545196571848	0.010021096141968	0.01001466530266741	0.01543052019341434	0.01338783648052279	0.01461234525244472	0.04252487957887477	0.04329967649076036	-0.05761175999315069	-0.05778950710030334	0.03434573352913502	0.3476027063302052	0.8577598707817569	-0.03117357009186541	0.9648243292975612	0.1382734463579069	-0.4754922330115083	0.1754145697048125	0.228080890625934	-1.635385130081407	0.01418741153885132	0.3691502941229259	-0.2900378815334856	-0.3984891584117785	-0.08565800460859153	2.706820139405795	-0.1528785513894596	-0.1789003606847572	0.06959635553206718	1.112249845349681	-0.1526452125484566	-0.04313930591573417	0.0688615134464528	0.0709549362647748	-0.09119074457398305	0.5497514008174264	0.314901184042352	-0.7633960441605728	0.314901184042352	-0.7633960441605728	0.8074224157000917	4.86364559438049	0.8074224157000917	4.86364559438049	-0.112050206364488	0.8531505768489686	-0.1133114279033819	-0.271348450022083	-0.08042262490166005	1.455703610881009	0.08813561602100362	-0.7484400367888404	-0.1496919762911853	0.5236945227370952	0.0634133124389106	0.005250297404995731	-0.08968373537070497	1.103746561021244	-0.3036271848306214	-1.17365893320472	0.4022136842817839	0.344371210011473	0.7195305710111954	-1.93686244212595	0	0	0	0	1.570792909496995	2.080426724626345e-05	1.537957555491032	0.5488807375369951	0	0	0	0	0	0	3.928785480575786e-11	-3.886487220515766e-09	0	0	3.928785480575786e-11	-3.886487220515766e-09	0.4386239466917296	-1.30737966457993	0.2133597729384246	0.07727958335354762	-0.0003786124529216282	-0.002683600945675945	0.08249788151029087	-0.001669906455922237	0.003046209953072115	-0.009729834448888794	-0.01000113136984878	-0.1698763997566601	-0.03376274542548417	0.06859959270366875	-0.003224210093447308	-0.001096267404732502	-0.007839045371915753	0.04627595182768419	0.07589990331741182	0.01933680500874129	0.01633978256233064	0.02885404508741402	0.04842269597789685	0.01348667597315521	0.05330314679190038	0.0591950944614263	0.03067620386131278	0.02742318791761896	0.0211537795951682	0.01179722777644408	0.01010998691771973	0.01466720421756602	0.01227535695280864	0.01212136345080148	0.0379356433223406	0.04988801546421746	0.05775475687525043	0.03212087626824155	0.04596467808422241	0.06597247245424115	0.04259882596603594	0.07727587781803009	0.05228513631907349	0.07152808094464699	0.1002421712102108	0.09546155067604006	0.01235032479583381	0.06254582672941171	0.01239972600956291	0.01764692228322009	0.01035870608169696	0.03322303510624447	0.1174528719667072	0.01230480575623098	0.01292362461991616	0.01099017083017132	0.01205014180106405	0.09259333440735111	0.1558042993650509	0.06330633117362505	0.05011290482584009	0.09957948681896994	0.1201289824908957	0.06442469187981859	0.05218954826487243	0.9905389363799494	0.01011833470611794	0.01025647513342409	0.01019834707090736	0.01101725584326957	0.9995499651920127	0.0893360316425803	0.02974377560374667	0.06965730196473253	0.2257887751155787	0.1872330037179125	0.2158018944196068	0.08633007749830651	0.1165028254145571	0.1651680588369953	0.07656964856369014	0.1110691882517018	0.9999496803386086	0.9999742653139387	0.2257001665709843	0.1336774514142697	0.3685882530632335	0.03210144350707396	0.05736468900379006	0.07074472301738872	0.3059262738940058	0.08274240706868301	0.01003413220025462	0.01001979146432491	0.02193266023937706	0.0176946797392845	0.02179660491919507	42.06331812112126	-10.89973527146863	6.513073896511723	14.62473969183764	4.271994531318491	-9.463688272407712	-0.1915106483802924	-0.1040233585446774	-0.001946530423551554	0.09223982481376007	0.02784373759339132	0.0004156066337548481	0.003276630469714943	0.3623955755312884	0.156657179249966	-0.8697036304179828	-0.0834354431521834	0.5108082209619028	-1.57769124930409	2.989916848236252	-1.585708442211159	-4.66470677100842
1.02	0.0344368797002291	0.0498129919464983	0.02015423882633522	0.01789215783433097	0.02484894758782146	0.0404153750729783	0.03813438692073803	0.07949141781757683	0.088037422679781	0.04359953588608197	0.03670348888110183	0.02840062738128052	0.01685726954863977	0.01013372717144424	0.03265606716036104	0.023955378801408	0.01929650663686778	0.02799336053959772	0.03803313323153817	0.04970680442738627	0.02900780743284754	0.03992216672174293	0.04999256691075173	0.04197572449114863	0.08489051455023247	0.0704720086017985	0.1008737241746999	0.07904352987137316	0.2019601185142942	0.04495340018756729	0.1198069384372691	0.06466399115549887	0.03533201102706102	0.01117149274902251	0.06168924747761169	0.2205340932804593	0.01519985707924104	0.01356563827053481	0.01126501873630222	0.01244147542657832	0.09994828661217474	0.2117208552735445	0.04115373881403168	0.03349687534196866	0.06203157615495144	0.07523195974817101	0.04152430099444817	0.05339378752814094	0.9811768689765058	0.01013631135599505	0.01041555277136977	0.01031060235904681	0.01122361766177597	0.9996535621462705	0.05814334902866794	0.03869482710292351	0.04434747532897779	0.1869990400386871	0.1101897644507614	0.1257949097315057	0.1137603019612959	0.08668031560169251	0.1009184808076158	0.06698259449286466	0.4278047266150782	0.9999559413210605	0.9999773174141672	0.2287124064602478	0.5076175090436205	0.3724040718164251	0.2145618719694027	0.03766354659510924	0.04545247036093657	0.5323252192414919	0.4051599506314655	0.01003572709288547	0.01002458017523435	0.023014823240371	0.01668890150186866	0.02623615838290524	0.04300190641062776	0.05204769391232514	-0.05764464235583504	0.05158334583911764	0.03752819394018664	0.2860840419877898	0.8573450725193822	-0.05144945909847594	0.9662013053390923	0.137201443500222	-0.4737509619556626	0.1729516866414184	0.211710346372642	-1.636318893834194	0.01738337560829835	0.2694251835925541	-0.2937520894819109	-0.3392313605184076	-0.05854209289502637	2.710493827205001	-0.1541575346454538	-0.07934787821498299	0.07920671364145394	0.8032141539670455	-0.1533601664570341	-0.09926060939087883	0.06880725589602997	-0.0817429881989644	-0.08544344314701248	0.5989483038756676	0.3069958301738412	-0.8128635028176621	0.3069958301738412	-0.8128635028176621	0.8548006617907812	4.598379951232777	0.8548006617907812	4.598379951232777	-0.1029067129245288	0.9753127427040842	-0.1159204100869908	-0.2510781052399725	-0.06598807928149346	1.431950983044708	0.08083238699228656	-0.7165762759875047	-0.1447772160322949	0.4593395488428801	0.06331140471032781	-0.03112696693477019	-0.07915710101995069	1.000273780280634	-0.3120305516526835	-0.5079662027709674	0.405530939639871	0.3201065888736437	0.7000837190802346	-1.946896107552013	0	0	0	0	1.570792943333396	-1.612092790060692e-05	1.543053123310429	0.4709113348608917	0	0	0	0	0	0	3.50790721377418e-11	2.899274301177714e-09	0	0	3.50790721377418e-11	2.899274301177714e-09	0.4873727311878363	-1.235074104583189	0.07717172217263302	0.06621721160512241	0.004931880589550575	-0.002864733444095213	0.08198600528549886	-0.001742686190935221	0.003152056743467175	-0.009808375533631161	-0.006966535789469046	-0.169534471430161	-0.03356513273699747	0.07068459006266899	-0.003289537260685242	-0.001036808686318785	-0.008345041392725778	0.01770863461489321	0.01517847853736449	0.0171282253718788	0.01633500527921286	0.01661024223505629	0.02611105197158653	0.04600854783998714	0.08483380679546347	0.09758855419386754	0.04659242131501297	0.03638098574719695	0.02605142812326718	0.01213332541596956	0.01015830311169019	0.03605589898594962	0.02354258228143864	0.01858834612220997	0.01342766555173146	0.01974232314332875	0.03670254736183152	0.0211883377297322	0.02627744639439911	0.02626620938381875	0.0354275814057791	0.09690010075086292	0.06621837668376508	0.08639040616000586	0.06403096655898442	0.1519401724277319	0.03553072396963449	0.1138176098342755	0.07180055930714904	0.04176425756773593	0.01044975017303725	0.06887236221390054	0.2073373727982119	0.01308326923772483	0.01269147444519697	0.01094216481816656	0.01181819856560372	0.1677675828439697	0.2897425806947923	0.01099779828705111	0.0108630973107175	0.01161488541572456	0.01252850084989489	0.01036798741821201	0.02467006001342555	0.9062109462700014	0.01019520277356377	0.01088083232797612	0.01064821027135112	0.01137831423599144	0.9993290473417359	0.01025396073352292	0.01015256489956975	0.01018916332614633	0.2453096945446855	0.01085606185831782	0.01038375745787357	0.2400598330967001	0.0146901831114561	0.01123717574985412	0.01319147676707124	0.6841146077330224	0.9999076770763861	0.999952606544467	0.01029946983208939	0.4230044115063997	0.6103097329288164	0.1593145851868745	0.01053551966636668	0.01079418242873518	0.361147761363285	0.3147296416177942	0.01004879036274466	0.01003936501104509	0.03056588155816183	0.01752094773744649	0.04243121219286591	41.22937902461405	-8.769992126157524	-0.6895269405069232	13.6366798544952	-4.313100243143145	-14.44501878527695	0.3930945879289824	0.2048456730398098	0.00211592538579012	-0.1784062602083092	-0.04701910672335519	-0.01129678359542845	0.03216357496977488	-0.7195274137981383	-0.2964316502119947	1.635504158746489	0.1772136512113001	-1.143506802259743	-1.70724323300942	2.748289346723992	-1.06341102064182	-6.29327153791076
1.03	0.03519706231725481	0.05618111689214501	0.0183215169855593	0.01611333075499354	0.02371501952947863	0.04395426808123171	0.02873574257818165	0.07424223290317558	0.08123372919645488	0.03909916599867414	0.03515521827359708	0.02707470378725651	0.01362843827888732	0.01012039724853068	0.02483982389427492	0.01831515118510975	0.01575314492033433	0.02404499612143844	0.03379024999106718	0.04391524708550931	0.02718218418266632	0.03956312098489992	0.05073459690864624	0.042442339186241	0.09224358739588662	0.06488974332588847	0.09027321351586756	0.07846260488420885	0.1683131872454738	0.03068826029194692	0.1035887311393814	0.04394731752416918	0.02833721583682175	0.01065385880460163	0.05359166679724486	0.1950553501249504	0.01347118040498703	0.01324515420536981	0.01112083985005558	0.01222236552543166	0.105693732777465	0.1876791238596005	0.04393123963928892	0.04558030025379759	0.05688249238070844	0.05781826710952642	0.04310256289992038	0.04638567302098102	0.9737342108737785	0.01015483724910224	0.01024483131446742	0.01093420794127265	0.03301161772627367	0.9996721520444024	0.02771341470336542	0.02077564674691974	0.02530890325167714	0.241443272854952	0.104467148914626	0.09680490220320238	0.153108033145341	0.07315941173126242	0.08081056267720191	0.04812461369132939	0.386379190797745	0.99994756142204	0.9999730247686741	0.1838963970758623	0.3725746459172172	0.4038034315079401	0.1315470480428848	0.05762150316386104	0.05218533636582422	0.4053975254940498	0.2853970298306412	0.01004621438999029	0.01002722438677797	0.03438520298342502	0.06135032349589571	0.04429584584808133	0.04355965226547746	0.05894074117248482	-0.0565786947407466	0.1613744867078165	0.04002235492620485	0.2110847275035013	0.8567380124015417	-0.06958846867890696	0.967569783971204	0.1365488949713954	-0.472031328360844	0.1710482996736528	0.1954018239378691	-1.623060706617281	0.0195688458965381	0.1675806243122866	-0.2967350573705594	-0.2537950756033867	-0.03154858837561258	2.684039152266383	-0.1545205697571762	0.003736986782195952	0.08556230073383879	0.4647265758177769	-0.1546108264807061	-0.1495018951270828	0.06723685070292197	-0.2313874868025246	-0.07923323263756997	0.6417333354642233	0.2987316738627632	-0.8360188289905894	0.2987316738627632	-0.8360188289905894	0.8991362133530807	4.257048670930156	0.8991362133530807	4.257048670930156	-0.0925557703402709	1.093905036632784	-0.1183443053892735	-0.2341896135153864	-0.05177521617755115	1.410655387378526	0.0737175553843432	-0.7106041543163314	-0.1405009457920971	0.3962391926571717	0.06268761376112221	-0.09836276677398705	-0.06969291975184404	0.8923631843284628	-0.313895403586348	0.1252865832880686	0.4086416614963937	0.303600065731748	0.6807008130782476	-1.924532767752484	0	0	0	0	1.57079249386728	-8.288329918375246e-05	1.547388739845645	0.3968380932693018	0	0	0	0	0	0	9.942033878985196e-11	3.557198037701766e-09	0	0	9.942033878985196e-11	3.557198037701766e-09	0.5279491463418536	-1.106748529807999	-0.03540742747522357	0.0557329715678379	0.008331918160619024	-0.003144483794971928	0.0815128973423149	-0.001826145111514283	0.003274597092197319	-0.009890815102588971	-0.006327307270811845	-0.1666801142500463	-0.03273900484466409	0.0722403473316012	-0.003316848853772817	-0.0008959449634678438	-0.008725660434062237	0.04490259660944365	0.08326334154100061	0.01745154817040936	0.01467544370365974	0.02631243976135601	0.05608511691624467	0.01246889830542849	0.06367725366725677	0.06646949636998575	0.0315957843936434	0.0331147410529612	0.02639169273329769	0.01186467559528477	0.01009764608115292	0.0130848617208114	0.0115260822183536	0.01163214709225155	0.02610330448948091	0.03734449199184325	0.04271327584051589	0.02906615486343831	0.04611018850111247	0.06385457595193178	0.04639412122059419	0.1002284313461859	0.0586676218513645	0.08070793987250562	0.08617348987965544	0.1318433799988098	0.01519993663196294	0.08014561087427537	0.01176735742399237	0.01603570751176181	0.01036202547673652	0.03936951796695996	0.1538920990863203	0.0123462474716013	0.01325751140296269	0.01109446199746061	0.01224550427624305	0.06618180796054186	0.07802407982737851	0.06294995525715505	0.07422693998934915	0.07412802092389906	0.06239710761348065	0.06090276935486553	0.0498853553393926	0.9997158717929346	0.01016887916439776	0.01595010795599617	0.03568497962356615	0.06256315362367093	0.9997809734061238	0.01310003026847678	0.01121174465889751	0.01600038644336946	0.2966381804761288	0.1541927427033018	0.1191801238626561	0.1326239122822951	0.09640314790346233	0.1005077012484891	0.04689845420369939	0.1136480255833992	0.9999477150797709	0.9999730607791157	0.2013651751171006	0.07454124932526308	0.3401320243845111	0.01870450873428664	0.1007293787324957	0.0793651837346252	0.1687123328386481	0.07136637186902213	0.01006281755246714	0.01002824482202033	0.04865223170527162	0.1324755123948563	0.06400772390681424	42.26783607576224	-9.778006638731318	-3.398094436066546	15.92894099167003	-10.96020362427933	-13.44684883578011	-0.1907364056865648	-0.1040995379451579	-0.01184027142389038	0.09801468602809932	0.0338808799384003	-0.00328133896103358	0.02460711873583498	0.3851484767613723	0.1313342831989995	-0.7272374988829567	-0.08902575735156416	0.36255410932882	-1.102505174071985	2.55324790261197	-0.929409627138707	-9.707428535823643
1.04	0.03664066704320224	0.06013789994776838	0.01785089170943876	0.01598469434377695	0.02335297872784949	0.04512439492791922	0.02673740786691714	0.07218830101783261	0.07987354036371352	0.0383790146940254	0.03432504810774479	0.0263458100470601	0.01292731576346564	0.01014373068191154	0.02371359051302629	0.01817463157795038	0.01522456095466878	0.02320745439302069	0.03356899923733082	0.04381088121825549	0.02834959667666227	0.04036342129098017	0.05182107825754204	0.04270374501401146	0.1041093513430265	0.06245759966174624	0.08558862407548472	0.08217422781240971	0.1541211293074224	0.0232081140205974	0.09578247890370162	0.03806272945812131	0.02720311472019481	0.01054576643813211	0.05420178542268779	0.1840177473911301	0.01317307064551829	0.01310478633202204	0.01106651380148435	0.01213074438137296	0.06038278153391322	0.09902315692154579	0.04498909249048743	0.05021082161312712	0.05459752115945878	0.05050409887840576	0.04375747588351224	0.04116426580423616	0.9879582851310931	0.0102422252005021	0.03568339339444927	0.1109854399051514	0.04035881240131225	0.9994723304715942	0.03378547948531863	0.016857955433374	0.01847804423455475	0.2080855988555602	0.1370077704489794	0.1327243797159736	0.1044621041058831	0.09938836835680498	0.09981610276717257	0.04056060820047176	0.2523268186465857	0.9999415039879113	0.9999698491473203	0.1594003930862052	0.2457215231724486	0.3884908835541023	0.1085732212169333	0.06566818028476804	0.05488899838686526	0.302623475876983	0.2252438552940641	0.01008956855240372	0.01004883874085188	0.0484135843481136	0.1026279218234134	0.06156070087288399	0.0441648704324495	0.06110485129526895	-0.0544277497403182	0.2679923595386238	0.04172877242165531	0.1297386129846538	0.8559610946837405	-0.08539059769540577	0.9689328363223183	0.1360569998421031	-0.4703289516387221	0.1694588055716681	0.1792944379195896	-1.596234131440564	0.02073856270237819	0.06680862448847139	-0.2987736359595288	-0.1520547841115102	-0.004928309884365462	2.637428259296745	-0.1541463035423151	0.06782390528387169	0.08847246001059349	0.1175537309803815	-0.15631553299357	-0.18937573845971	0.06420695463026649	-0.3728166712357046	-0.07264042386514544	0.6750844170883883	0.290345348202582	-0.8382104710115803	0.290345348202582	-0.8382104710115803	0.9397298003315732	3.85220021927622	0.9397298003315732	3.85220021927622	-0.08105614061029962	1.204230024910041	-0.1206122657866553	-0.2197218495888585	-0.03778286789951073	1.386996030992877	0.06654023621457353	-0.7285924235330499	-0.1368441382915203	0.3356143773968831	0.06126039972339258	-0.1906582456626275	-0.06130438869912766	0.7860451607053598	-0.3097928367261534	0.6786387736321136	0.4116393977654447	0.2980127401322939	0.6616894783765245	-1.87329081632759	0	0	0	0	1.570790876323592	-0.0002830472785907451	1.551002352040357	0.326515260372993	0	0	0	0	0	0	8.487991459352004e-12	8.754597451230619e-09	0	0	8.487991459352004e-12	8.754597451230619e-09	0.5565661079058511	-0.9303205784531544	-0.1161613378695906	0.04653334186325026	0.01005597709474665	-0.003477759814491662	0.08102845538735406	-0.00191501010731757	0.003415260742449541	-0.009956999100333158	-0.007259094204607233	-0.1619152289207306	-0.03148926689800931	0.07330149027361361	-0.003305265913562314	-0.0007098929941399414	-0.008998550811767401	0.02123892353557186	0.01944582997438668	0.01752670167501155	0.01767137262129782	0.01668768667350322	0.02567421261133062	0.04926575098995806	0.08455814173986147	0.1015541401098987	0.04915021569071663	0.03547637754915624	0.02520953752608293	0.01317125189414976	0.01023916250599765	0.04039141487567089	0.02860356960985172	0.02042284471315836	0.0150317857586963	0.02371699903239089	0.04290694449778416	0.02659738435768754	0.0291201871373101	0.02873644082286419	0.03571538617146552	0.1272283961327996	0.06515039664591391	0.08507215449046537	0.07683841433687966	0.1578249118974276	0.02780409474314803	0.1096619233919968	0.07535015457848572	0.04530240943721879	0.01061751157871946	0.07988874613634789	0.2103768281804882	0.01385361877026875	0.01258239679465909	0.010917888572478	0.01175561136817875	0.01226456541392045	0.01246968949744886	0.01093710341002435	0.01077357579771051	0.01117622457766397	0.01266326563002854	0.01049760315860503	0.01695277968952678	0.9996590992630393	0.01043424656730266	0.08860531382620285	0.3455744419142747	0.01042785462781703	0.9982741698121192	0.06328727121166387	0.01735497165149058	0.01052318546965436	0.02099942967178733	0.1298136842496563	0.1785922815539817	0.02069288919542908	0.1194012362696433	0.1029148840874143	0.01343841829626111	0.2013575818059704	0.9999025296028159	0.99994960637418	0.01529783053807192	0.2012590349026167	0.4757410206771779	0.2045288984367339	0.01045752616982601	0.01078897608233665	0.232780985037896	0.3189085051781969	0.01016614320936092	0.01010027731441395	0.06204034462745335	0.09562840159021921	0.07737385260251876	27.4061613135327	-5.96567557123787	-0.7568095239758448	3.355222876306213	-13.39261422445147	-14.99839877481763	0.3968918153751357	0.2024955609435088	0.01159613605954261	-0.1861385343481876	-0.05241044501570856	-0.009173312417039935	0.03158733226249204	-0.765476095398833	-0.2444444637578139	1.500041092617044	0.1853473365005774	-0.8164211542639065	-0.4187626723301778	1.892907306564004	-0.8615036745273672	-12.57742234201675
1.05	0.03719662625168928	0.06308592541455414	0.017780430895549	0.01570723601903343	0.02388826094220121	0.04707890623633569	0.02539215180284207	0.07116956199276184	0.07731140704219566	0.03747654836265606	0.03454632888096539	0.02711387114019061	0.01356438595718332	0.01015559425947447	0.0223561806338335	0.01728680200778119	0.01477326393745727	0.02069422396960131	0.02894376063375396	0.03767033654016327	0.02732686899701577	0.03894887783858374	0.04874083986314389	0.04399955856914808	0.1078737654987312	0.0613524955846385	0.08374211937765816	0.07572968476186029	0.1490930337239859	0.02249085579080134	0.09230072482512955	0.0342441169387351	0.02615230366239393	0.0105322636658231	0.05294181635231403	0.175348106682224	0.01315968658829111	0.01315839894534158	0.01108458457218789	0.01216487404870202	0.07343811283628185	0.1130847358131373	0.02304527865419752	0.01604028365734161	0.05231492267282049	0.05208798812771685	0.02347428283831911	0.03970631845463624	0.9926467196654384	0.01025721407934063	0.03901769991884357	0.1317154066457055	0.06118483030695922	0.99939385521031	0.03273471814014679	0.01459303483723591	0.0134859594511031	0.245702254771516	0.1418430280693168	0.1230191724441511	0.1266602691689237	0.1179252659292867	0.1045171998142091	0.03983699673078282	0.2323518632954034	0.9999441759348194	0.9999711492170974	0.1290119189185001	0.2044633529723638	0.4238822585106204	0.1030391958987905	0.05949296119261238	0.03507503238988571	0.207510711168733	0.2179214555300625	0.01008815266340322	0.01004853691140423	0.07090206533484551	0.1680287077167984	0.0928437761724511	0.04475877194616357	0.05641952527914541	-0.05124086636342905	0.3680160383759369	0.04261891591632407	0.04888485791281916	0.8550385750929012	-0.09868117867911028	0.9702900780892832	0.1353091581784109	-0.4686418922767833	0.1679485044149874	0.1635182163836845	-1.557118724524382	0.02091920555187459	-0.02971365747454217	-0.2997553182982947	-0.04402953442138002	0.02116106664111777	2.579050360229362	-0.1532306000582076	0.1120144203494588	0.08794946398025018	-0.2189101623582462	-0.158351922346455	-0.2153842947898782	0.05982334160216763	-0.5014262177783014	-0.06576759483375405	0.6976907702730826	0.2820190842221664	-0.8249058094042451	0.2820190842221664	-0.8249058094042451	0.9760136771042257	3.397385017652202	0.9760136771042257	3.397385017652202	-0.06851520364591684	1.301360139749685	-0.1227436912514511	-0.2067512069408372	-0.02405912516737564	1.356239692052887	0.05907807067128041	-0.7668245615939064	-0.1337775613770766	0.2783117099117179	0.05881654663510991	-0.3002931693882738	-0.0539505977075018	0.6861154326037955	-0.3007007927162596	1.119156385180126	0.4146471910427976	0.3059687710619969	0.6433151470416275	-1.798034715057026	0	0	0	0	1.570785011275701	-0.001027407850799324	1.553931937730477	0.2600608432740157	0	0	0	0	0	0	4.035659625639592e-11	-5.113479273374578e-09	0	0	4.035659625639592e-11	-5.113479273374578e-09	0.5716746854588175	-0.7212896533923012	-0.1613292212712303	0.03880524804240972	0.0106824256105975	-0.003723345085287081	0.08034736218427138	-0.001989465308610443	0.003585599930840576	-0.009965452862470425	-0.008678202414658543	-0.1559245174778326	-0.03002035090156055	0.07399327977462747	-0.003260568343066025	-0.0005142506450496451	-0.009193781630302177	0.04591057151093644	0.08825658110311517	0.01783183289057637	0.01455558026575807	0.02791742115202939	0.05950132710011401	0.01228223754270312	0.06321244137727948	0.06302924539048779	0.03097043642329756	0.03421299872538593	0.02862595211118438	0.01471204925084257	0.0101282655961736	0.01255433387363486	0.01127858650582939	0.0115612353394876	0.02189389366144779	0.02846036248402547	0.03052012029415335	0.02749878293509858	0.04312382964213177	0.056308569389729	0.0491481165812394	0.1033303447333691	0.05846899662887985	0.08132649115847433	0.06912266855547482	0.1378592087186128	0.01891709144973304	0.07947412802047184	0.01155163365950834	0.01577112833433476	0.01047821954567971	0.03878296119534277	0.1472791733357209	0.0127934713101875	0.01348341074735289	0.01118101118199793	0.01239349422842333	0.1186391289007041	0.1800572755550474	0.01883576635483072	0.01476944660652862	0.07072422095958504	0.07317182977182823	0.01233185238308245	0.04954281800876729	0.9999503807686354	0.010168601199314	0.01011552548941082	0.01008324129447466	0.1073197912755816	0.9999082569308754	0.01206711501006651	0.01082717860857915	0.01099709201147577	0.4503856499909174	0.1427099500378372	0.06861878259897003	0.2163337160530279	0.1281682764606221	0.1021307224377843	0.05220123407873117	0.2110330968023356	0.9999772591743578	0.9999880303129181	0.1444069484557653	0.1280787296966805	0.4163191139479165	0.02890284095147088	0.07762630976116096	0.02914652499259973	0.04584832457341946	0.1268802069319112	0.01004184698770716	0.01001825221900646	0.1008634679439741	0.3058598898511127	0.1400161805516515	32.67065318691861	1.083994740748042	-1.617377982986798	13.09876663158264	-14.00292499655936	-18.04262828900736	-0.1925465569048805	-0.1029196740667897	-0.01365959283959004	0.1022645611448978	0.0367044778073765	-0.004413706747371723	0.02379014508803216	0.3938741480951314	0.09979827908365152	-0.7811377582221968	-0.09806059996439466	0.3278891173821145	-0.5573363842066505	1.660232761757727	-0.8577721632245168	-18.14677254425445
1.06	0.03837009084888771	0.06599020100926983	0.01768337064288969	0.01583464235200274	0.02399420892805608	0.04747915797691924	0.0247627905023405	0.06987932530116528	0.07781764998565027	0.03763806110033126	0.03438651806140026	0.02701734664175344	0.01559059111351162	0.01018067427846148	0.02324034099658977	0.01848413385512355	0.01451871820364454	0.0217290708973502	0.03091913744988406	0.03897803167939346	0.02965570227712495	0.04053320355120463	0.04953122718321917	0.0438119816084679	0.1129223304525712	0.06122244995137355	0.08359526786165025	0.07501443291039252	0.1448952173357721	0.02094816873110015	0.08930398854305435	0.03729554597038846	0.02611123302428448	0.01052462809673683	0.05435552591691103	0.1737477183514532	0.01312012569449432	0.01315243579428127	0.01108554547851857	0.01216327386786909	0.08249708289505174	0.1199593562420736	0.05124781146692203	0.1077375161786531	0.05216746824308357	0.05239951235494248	0.01698991088751651	0.03853355922469109	0.9955135714458476	0.01021290857229332	0.01445579600081634	0.0390468663055871	0.06983801387200082	0.9996168743917688	0.01496137425448804	0.01151989377035153	0.01212043807179073	0.3609040807293303	0.1089490091609723	0.06863842034907609	0.1682248731205322	0.09313517797424302	0.07823635989625177	0.03910133001673321	0.2040464015121993	0.9999580082942957	0.9999781682867185	0.1115786726800648	0.1311192509703209	0.3340167733928204	0.04332019434910815	0.05731647787237178	0.02921782241232501	0.1348614354805547	0.1306240649383513	0.01006203690229951	0.01003114380622105	0.09241477825426157	0.2518999652918738	0.128790641787157	0.04526743750245101	0.04403698786555172	-0.04709975793613558	0.45835467085682	0.04272686365321023	-0.02591295802880556	0.8539963348411634	-0.1093149212837837	0.9716365542099028	0.1338222770339601	-0.466970393467571	0.1663155601404659	0.148185633407961	-1.50796422172246	0.02016845363220951	-0.1190000697534398	-0.2996635829830449	0.06124762571550531	0.04663269335109547	2.514565797969307	-0.1519699790575713	0.1370662319067177	0.0841836875927172	-0.5287036864585636	-0.1605709686458192	-0.2257902528262081	0.05423392649080704	-0.6134164215819282	-0.05872020391574467	0.710278092869966	0.2738816539454639	-0.8012470058547484	0.2738816539454639	-0.8012470058547484	1.007555811555444	2.90602733217095	1.007555811555444	2.90602733217095	-0.05508796616120058	1.380820241436916	-0.1247503081605033	-0.194702505305782	-0.01069301578074043	1.315060206000717	0.05115320765416507	-0.8201878485095487	-0.1312646999252833	0.2249687307955614	0.05522552768080997	-0.418641502901235	-0.04754837300055232	0.5962706687209918	-0.2878378919462226	1.431788752182586	0.417809090699913	0.3289750530118503	0.625789579360135	-1.704554976991473	0	0	0	0	1.570769132790772	-0.002089901680821876	1.556217066193629	0.1976587434272083	0	0	0	0	0	0	8.265695035402662e-11	3.784619679223624e-09	0	0	8.265695035402662e-11	3.784619679223624e-09	0.5730416716527336	-0.5002831710494294	-0.172398104577536	0.03229092922528428	0.0111157137103329	-0.003689023921573553	0.07923257318064583	-0.002009801342152076	0.00380469788285038	-0.009867997562900971	-0.009330568202611141	-0.1493692427245388	-0.02850836481973949	0.07452706351407083	-0.003193594342797704	-0.0003371988889187499	-0.009350735579074116	0.02418777173089701	0.02469393087941272	0.01730692229654499	0.01831416034527802	0.01645867979741203	0.02463073525005159	0.04861334344966902	0.08159001190726535	0.1062928999839096	0.05058451798016596	0.03475673691548495	0.02413655709310327	0.01855721773256469	0.01030165924906418	0.04436004576743582	0.03302720351946071	0.02009193404193821	0.02064668057741977	0.03455940403750438	0.05350092548450602	0.03469191751024547	0.03553097763365452	0.03480358434507596	0.03369347719069222	0.1394936066486884	0.066029301357835	0.08695300851163783	0.08258574642403158	0.1506543390009229	0.02388105114642174	0.1041275681297679	0.08859205202042456	0.04618666590425149	0.01060771925121645	0.08575807940026733	0.2184089410117646	0.01374961602649632	0.01251395346640271	0.01090376605862906	0.01171869806399154	0.02296744282603018	0.01225176935229687	0.1232048657806045	0.3588085417285717	0.01356593311910616	0.01166475799571705	0.01299277000790441	0.01506050358038647	0.9999286286560186	0.0102903051157893	0.0104562744467425	0.01038223262642062	0.01073828815318216	0.9996246914659015	0.01050460594575013	0.01044276036635006	0.01134045517225665	0.3981738765223569	0.01113580372878097	0.01042509203968962	0.1266417403783624	0.01183048853644542	0.01098370795837509	0.01204467132241732	0.1327445670780761	0.9999636755594382	0.9999808015129503	0.01026335739411949	0.01259220380043793	0.01048647158615985	0.0145548680652402	0.01178416251535234	0.01602797433224338	0.1350974685531594	0.01306676364490456	0.01009088132373796	0.0100495589552243	0.1050787868666575	0.2974245131515036	0.1582608062199949	20.19296037157485	-2.882457137386276	-5.504778732064293	6.020022317888473	-6.850700453653806	-9.149090529081045	0.4019090781683443	0.2005202449654063	0.01142036373459329	-0.1945586698679041	-0.05954200572055606	-0.00624085970376305	0.03067781773963184	-0.7252254180230502	-0.1953886456262026	1.492198843841304	0.2017087509029989	-0.8918874077852355	-1.806548312128479	2.124206948575708	-0.8471932812464922	-24.13791589371372
1.07	0.03820518259298026	0.06689985032785482	0.01784432922379747	0.01590783614067643	0.0243034579129682	0.04703457155655862	0.02459538517217475	0.06850810988082898	0.07597416258301476	0.03724691977598575	0.0345566667587572	0.02777708885025979	0.01731980686002892	0.01022211959605724	0.02299887496788012	0.01843349268892832	0.01453431550327394	0.01954975115259019	0.02743926845086214	0.03483849282092842	0.02960002039824892	0.03909638250309815	0.04608628125415965	0.04446043219364239	0.1164311816000379	0.06104290336260228	0.0839963966380745	0.06918310997713752	0.1434360817306386	0.02278481390113038	0.08703109159209858	0.03695770392358522	0.02586086807363032	0.01057514292333969	0.05593176977642999	0.1699407982965292	0.01330504110428146	0.01325403438386322	0.01112580179272701	0.01223301670232706	0.07033503697211838	0.1013644644835351	0.0668872308962486	0.1429222981408032	0.05211377222068247	0.04811404510067152	0.02808349772476456	0.03899156980916205	0.9972694604567118	0.01020688765727103	0.01167553646349873	0.02071657994786063	0.03332315477563016	0.9770222886639781	0.01639879401867818	0.01236907443989604	0.0142427845210359	0.3540679189906662	0.1011449219760547	0.06920852160315301	0.156941853118745	0.08466943761616599	0.07014229775934298	0.04006571559813155	0.1578912531429089	0.9999666048632748	0.9999825619240386	0.1105898151816591	0.08731344401376584	0.3262867255321522	0.02419137846739371	0.08004734098775972	0.04325342769076695	0.09067815421630551	0.08704073337280774	0.0100568667480109	0.010027542677264	0.1107518112242313	0.3098908138138788	0.1588163554172234	0.04561572579168055	0.02456347861705795	-0.04211503513155722	0.5363317018391797	0.04213342524925256	-0.09095903738453789	0.8528614018256712	-0.1172148014291279	0.9729624883195161	0.1311275349715548	-0.4653165674922777	0.1643877040520929	0.1333819118345606	-1.451934421766605	0.01857200112027719	-0.1984685794479229	-0.2985639796069784	0.1565273689319485	0.07144087383736279	2.446527574889082	-0.1505456611337356	0.1452453944533931	0.07750237949573721	-0.8005864413693385	-0.1628167490658533	-0.220970974677708	0.04762021938535494	-0.7058767322022212	-0.05158724326868806	0.7153459912106783	0.2660141079739291	-0.7715561270703593	0.2660141079739291	-0.7715561270703593	1.034053851186601	2.390495787903117	1.034053851186601	2.390495787903117	-0.04096900581890493	1.439276053025752	-0.1266404508777252	-0.1834839670622215	0.002201901919434258	1.261885770688034	0.04264382711933142	-0.88268966540432	-0.1292630341367144	0.176174843415956	0.05044254686218841	-0.5373909100675028	-0.04198194469506927	0.5193770259123369	-0.2724871559721134	1.618199737795548	0.4212776569297507	0.3672317254530687	0.6092639866293483	-1.599093166611738	0	0	0	0	1.570744763055921	-0.002718282846026902	1.55789949149926	0.139573649271509	0	0	0	0	0	0	1.285603342557367e-11	9.832319984058952e-09	0	0	1.285603342557367e-11	9.832319984058952e-09	0.5619776156284478	-0.2894425636985171	-0.1561046402145794	0.02661926605548264	0.01231764660445124	-0.00325727940219715	0.07756370684528696	-0.001969850658566278	0.004077833418753212	-0.009642165636258309	-0.008019144121898277	-0.1427944343369802	-0.02707484122097114	0.07513380493097199	-0.00311594672765573	-0.0001943394369557106	-0.009505958760218978	0.0450702133954493	0.08890337207255096	0.01817780477526252	0.01470945354092136	0.02844226726834744	0.05770043730252865	0.01221005836560389	0.06096903183335294	0.0587604821057017	0.03024497507333449	0.03450829500651814	0.03018690301189384	0.01770393386147967	0.01023458419646758	0.01223183191305934	0.01114157636506164	0.01158585510872685	0.01866310587230325	0.0224125419152375	0.02306245066421973	0.0277623304067904	0.04048552262902717	0.04938263917734038	0.05035652863484195	0.108953256744402	0.05823596614549131	0.08285416250075282	0.05712356596571508	0.1373995402996706	0.02308587305094185	0.07613722955145638	0.01147775645102591	0.01563414156095034	0.01060603331181483	0.04252673088607998	0.1402688527894242	0.01327290723560882	0.0136735625633823	0.01125724360803835	0.01252403929634079	0.07994817873738358	0.1228279965899998	0.04251836255890971	0.03276749124483022	0.0710278583618075	0.06209721292001989	0.04487203266328129	0.05122867701492972	0.9999833461155055	0.01015306400346347	0.01003632579337508	0.01001886363359623	0.01004160789298941	0.9136904482316871	0.02058639420869393	0.01402838857006528	0.01731726218009337	0.3222074766292447	0.147133154538482	0.09929934177047406	0.1595314295564833	0.1178147682044633	0.0921696965271325	0.05489233167248837	0.1220871344554822	0.9999902231318596	0.9999948012198276	0.1590225890294799	0.08406960013969866	0.4703236788733577	0.02213733975080992	0.1383951165986257	0.06927227754150382	0.01000996275289165	0.09559184204033593	0.01003067715724264	0.01001055610231195	0.1392492959881337	0.4277725841899878	0.2047821707148999	10.79857701758427	-6.048721473879958	-0.8405232614760726	2.90740583821663	-1.492368417832626	-0.1542656505076435	-0.1955067030209598	-0.1022404916798305	-0.01133166844790057	0.1062866059619774	0.04056437144592128	-0.006216679436213933	0.02399637667966443	0.3304441432642016	0.0927772535550716	-0.6204345494706227	-0.1076170679373743	0.2708475169639419	-0.4763246645095083	2.196499893680397	-0.8690036973322988	-29.10322777359033
1.08	0.03821449219523757	0.0675371027082073	0.01762903456519316	0.01571319993068038	0.02424453394919612	0.04654639021181975	0.02372718018582623	0.06924770880458767	0.07460153757058953	0.03717478541679014	0.03423953666608134	0.02781334805718159	0.01629330028553981	0.01031686607220445	0.02346842639115591	0.0186564151172198	0.01380284041278137	0.02468564882018168	0.03207152207781346	0.03775135342894504	0.03256748448503621	0.04202538707201239	0.04811190009423767	0.04440843288418654	0.1184461225900368	0.06045968529692684	0.08387988386776858	0.06832448738649123	0.1407655812186239	0.02071930128059756	0.08620444216931583	0.0398744754434538	0.02644141986721649	0.01062211025554578	0.05699777765900602	0.1667987725878536	0.01354166621797225	0.01315771810743891	0.0110919396558756	0.01216722733260855	0.06162705787846411	0.09208971398244906	0.03630770327204269	0.05172229029989994	0.05129094059034001	0.0464502361751714	0.03106979694110007	0.03872672328067142	0.9983328900031381	0.01017439080336853	0.01063336765455078	0.01409535125071657	0.01887963212682745	0.9633341603123349	0.01717210201084514	0.01273277323221737	0.01462369974611112	0.3557584635445555	0.1344839696862932	0.07057417126156031	0.1584574963641703	0.1042586019922693	0.07156236442975646	0.04032114708242629	0.1762970406538609	0.9999765258207121	0.9999877055552512	0.1104046974765707	0.1060364083901506	0.3341824210579486	0.05678387481912864	0.08962220912367179	0.04674901354145596	0.0344915366293494	0.1471689799041498	0.01003399553404056	0.01001333759749855	0.1362111688050021	0.3854116069769121	0.1984108674102847	0.0457413733785787	-7.857518824036904e-05	-0.03642159290408904	0.5997906145914296	0.04094508262670581	-0.1448647627322596	0.8516610610092766	-0.1224126885611032	0.9742537688434514	0.1268363064682757	-0.4636841058468447	0.1620202748730296	0.1191575041155757	-1.392737118744615	0.01623837189431804	-0.2661814616012446	-0.2965823803712485	0.2371015486199538	0.09555024141461253	2.374506735096712	-0.1491095576006106	0.140115244914355	0.06831816904603527	-1.028789350284517	-0.1649474015236541	-0.2033067233783248	0.04018810950757807	-0.7768560955521334	-0.04442584728590667	0.7166610727293982	0.2584602827197954	-0.7388876535494971	0.2584602827197954	-0.7388876535494971	1.055320531979349	1.86132630299759	1.055320531979349	1.86132630299759	-0.02637808224221737	1.475113579034687	-0.1284241051218442	-0.1735173823675024	0.01450516145933847	1.196913358360641	0.03348972325465532	-0.9481141996946889	-0.1277237896578918	0.1326111302573426	0.04449945625621613	-0.6496950645058694	-0.03711016960541075	0.4576637612149519	-0.2558483076015142	1.692519442512158	0.4252014049365573	0.4197572464939399	0.5938268245467795	-1.487883744023361	0	0	0	0	1.570715996023066	-0.002970150329650488	1.559024099257095	0.08615676419465325	0	0	0	0	0	0	6.523107970090614e-11	3.189654783474992e-09	0	0	6.523107970090614e-11	3.189654783474992e-09	0.5412106078491696	-0.1088035639709119	-0.123462434711572	0.02150905104301831	0.01514445935452656	-0.00236425199646778	0.07540533174011434	-0.001867912765595404	0.004404371731520721	-0.009298854123047819	-0.00377085687876513	-0.1365665491243173	-0.02577176689685797	0.07602295421391206	-0.003037858138752057	-8.507621139937802e-05	-0.009685912432531809	0.02439851973436209	0.02550199348031881	0.01651157414872703	0.01766723282482024	0.01596651752020874	0.02365331249723679	0.04612276315738952	0.08560489371911331	0.1039413917424067	0.05076424407693499	0.03361084832260969	0.02346560276856189	0.01385645548993173	0.01054094577750169	0.04601490197101205	0.03374439269497152	0.0179100381697783	0.03823680310720746	0.05223068200153105	0.06675265649515537	0.0438020146412245	0.04611731119128098	0.04502122914016328	0.0328039875041149	0.1416606449978383	0.06438212393487204	0.08605980382093516	0.08675584625107603	0.143429104485515	0.0159058556862027	0.1042427125247117	0.0981708757978572	0.04819867473272491	0.0106983578382036	0.08748547837972002	0.21273764945086	0.01427261205105621	0.01213374535326496	0.01076656275791877	0.01145934008040123	0.01218976564271403	0.01167916488952391	0.01105502496674347	0.01104317127891175	0.01111421962266135	0.01181086345281537	0.01040465223770587	0.0137398825777622	0.9999781393773549	0.01020060852711339	0.01003688282384559	0.01001961217415982	0.01005754822078105	0.9989504216488621	0.01138314373703016	0.01070764182769112	0.01043346117494465	0.4205282101394834	0.135855904199185	0.01390987149550711	0.1508550432806332	0.0882666290386159	0.02657687911621228	0.01170790369667135	0.2795201253283804	0.9999874906396886	0.9999933387570537	0.01126201301944573	0.1422616033519061	0.06249500108202989	0.1381817666597439	0.01032533407801891	0.01069013040399783	0.01001638513840701	0.2905308835207226	0.01002863827227353	0.01001126544082236	0.1676923603689743	0.495152726920891	0.2573455921027442	10.87750306018975	3.92979907015145	-2.589002701222694	9.86603932167341	3.987618732890708	-5.467995381709406	0.4083827846473612	0.2000011735364447	0.00765188564983793	-0.2038104521282857	-0.06941388917175551	-0.001499903884541363	0.02297892693213888	-0.6424868786911646	-0.1608218971480065	1.232792603521508	0.2223597614097821	-0.5758801381793401	-2.408246989798894	2.235372722515806	-0.8529289054302798	-35.65382467911638
1.09	0.03716412303687992	0.06605649165271427	0.01781499869552078	0.01593745783006257	0.02409781346344824	0.04389208310888087	0.02376286044865814	0.06714421915781645	0.07593765972148851	0.03671578652765634	0.03489142608187485	0.02878272111944653	0.02594062588104299	0.01034995170972716	0.02329831781988963	0.01854890135865167	0.01383262476217936	0.02326742178140866	0.03039264570765283	0.03575268943148995	0.03350789257725705	0.04109133930657661	0.04520848498361148	0.04387571646129045	0.1216001315911711	0.06420190399952093	0.09218243331050364	0.06345418099504047	0.1374778518885779	0.02607923625169834	0.08322224487169319	0.04037702330610698	0.02644514511270648	0.01062983618517872	0.06027056927611759	0.1800718429244	0.0134817277875875	0.01341671968444442	0.0111884357720043	0.01234924316016271	0.06601060359874088	0.1087084791621781	0.02781309695114707	0.01934300974010194	0.05793774075200071	0.05374800259338899	0.0315747677206174	0.03964537413022096	0.9989859412564627	0.01014085355959535	0.01023103188189351	0.01142624612659916	0.01313081594261302	0.8880293038843128	0.02600939312651543	0.01595703636784668	0.01627180593086806	0.3047215797092976	0.1298156415388086	0.07054666275416747	0.1344468798499012	0.1046137897246769	0.0699460154422429	0.0499636411465151	0.1674002965435023	0.9999828783843259	0.9999910075829055	0.09812094639714326	0.1121150347657564	0.3083501281030266	0.06717088058204465	0.1258702650048176	0.04805214559795141	0.01887555051412153	0.1635407428953901	0.01002229771712095	0.0100087384077932	0.1538752612252019	0.4395689934925777	0.2284898821811373	0.04560634368508569	-0.02705471250134863	-0.03017266155133469	0.6472439696985232	0.03927041053816094	-0.1885444157621617	0.8504215982210795	-0.1250814125907348	0.9754930015115936	0.1206860286123975	-0.4620780787858759	0.1590769337206019	0.1055253171934599	-1.334073057157652	0.01329106467578064	-0.3211237705631824	-0.2938775439494561	0.3010748153234031	0.1189085626912999	2.295713830290006	-0.147772342424361	0.1263123392404354	0.0570739952033227	-1.212919669062784	-0.1668528935853982	-0.1766687253960395	0.03215793439912215	-0.8254169018691118	-0.03725240265067154	0.7184427974007849	0.2512410035391681	-0.7047755619594258	0.2512410035391681	-0.7047755619594258	1.071262591131558	1.326744029438738	1.071262591131558	1.326744029438738	-0.01154061431823096	1.488864059539842	-0.1301179970012277	-0.1657264927217229	0.02610766647956011	1.122263168258963	0.02369116121260006	-1.010685459490201	-0.1265905389529781	0.09513589686158964	0.03748555974486543	-0.7510169059809041	-0.03277247784339378	0.4127864044325645	-0.238940151272875	1.675880699380387	0.4297136390442194	0.4844995317928262	0.5795060638924008	-1.376721776097338	0	0	0	0	1.570686846895478	-0.002774473720943521	1.559639317610706	0.03773950094249973	0	0	0	0	0	0	1.62235312594095e-10	-4.110832411645997e-09	0	0	1.62235312594095e-10	-4.110832411645997e-09	0.5140954907699447	0.02667097118893082	-0.08756115566888641	0.01683032194481283	0.01992532677083638	-0.00102642445632474	0.07294005194451221	-0.001709110069482655	0.004767611446761725	-0.008871734637817092	0.004001300843050997	-0.1308999117860402	-0.02460019032858084	0.07734246894638439	-0.002967866522918264	3.100249105602001e-06	-0.009903403095873974	0.04249963257692313	0.08445542896897458	0.01858068571675318	0.01521097574443631	0.0280139324197865	0.05142839776482069	0.0122895669995949	0.05595063184589918	0.06420717366473419	0.02907209796769097	0.0362795079722057	0.03233248286804349	0.04265131913185651	0.01029158049200453	0.01208533526319319	0.01109909452614416	0.01172089922462524	0.01717543136195301	0.01949522642607568	0.01934671206248971	0.02991505849383662	0.03866367349189368	0.04345154288510434	0.04883568094212148	0.1138755076949457	0.06914381586786568	0.1071321780957367	0.04688893517515903	0.1287589144410665	0.03548611072200376	0.06929998310607981	0.01154890613662832	0.01568193935713916	0.01059027082245152	0.04937683414406509	0.1876957854125564	0.0129683385294659	0.01424394067669969	0.011467948706804	0.0129243097337878	0.1029040944512812	0.1774248162391565	0.03307401521271433	0.0150938698681336	0.08817455147398205	0.08180704737213336	0.04262949682538433	0.05340304180256979	0.9999930298766424	0.01007636281294993	0.01000986486701902	0.01000476868134918	0.01001376476244494	0.6421125536226326	0.04074796905027402	0.02116050483054261	0.02056761171074029	0.1992863422516754	0.1098894566630922	0.098343313380253	0.1147099285129174	0.1065072876105255	0.08848575806088303	0.07831158427515875	0.103283589769484	0.999995834226277	0.9999977834239596	0.1263246198096884	0.09204885931633663	0.3766109679366453	0.02959016461742559	0.2285759027178192	0.06807750552946296	0.01000357062168359	0.09413604625954924	0.01000839260387962	0.01000326179785456	0.1682507213263773	0.5144689482775269	0.2577196873514292	7.72050653221763	-2.666716232455167	0.5430355768230732	13.04724380073192	4.33433488965944	5.450536566109536	-0.1990207160945785	-0.1028239868041691	-0.008836334878484724	0.1116122335539961	0.04433448914517794	-0.007766259683013041	0.02113226587638569	0.3242177527540164	0.05455193074446194	-0.5879237047774354	-0.1202481167846419	0.116155353591855	-3.125006050041133	2.276248558681623	-0.9106501227840895	-39.75885114870869
1.1	0.03642592760469562	0.0645390783842061	0.0177248927167149	0.01584130475545974	0.02396326288723345	0.04259922682012294	0.02261843247651309	0.06666693894630572	0.08004545640825374	0.03573835967265523	0.03581533688677715	0.02936326345843558	0.03935441894708119	0.0104066163373185	0.02450342029311474	0.0195197480850574	0.01345057324619245	0.03304878334960524	0.0355177142669094	0.03830432232848129	0.03679501235769071	0.04428310909947932	0.04719704835066357	0.04338032431000129	0.1188300848143083	0.07076893978456145	0.1061729568768439	0.06071512596752329	0.1303844478743425	0.02704438757800096	0.08082475882076055	0.04005776721571595	0.02700693870428846	0.01058525128398524	0.06050419377229364	0.2065478536278759	0.01317424349355804	0.01341490304147954	0.01118814665491095	0.01234892505379568	0.08834413047207196	0.1190066022570982	0.04220485976739597	0.08801632495466828	0.06172305804056187	0.05675981036761956	0.0319514286468001	0.03998909550636432	0.9993801139680211	0.01009584103733139	0.0100944511956405	0.01055867797365603	0.01122285196434076	0.8075225176320328	0.02879134658592267	0.01690818183564141	0.0169757727535411	0.3706120180337105	0.09116783705894561	0.06947293024431526	0.1797147681752443	0.08227246304873286	0.06443794453225417	0.05384190441968592	0.1739651041506608	0.9999879920691405	0.9999936823285454	0.09190954437656704	0.07617376413097386	0.2791166737186314	0.03130703741516166	0.1442410256318866	0.04922494392933945	0.01341774520751788	0.09790621085679996	0.01001211790900183	0.0100047660087806	0.1605616354543385	0.4742127149758289	0.2459535684629251	0.04520291221309033	-0.05325246852502707	-0.02353253077837507	0.6779799468908291	0.03719959363266712	-0.2246343382959861	0.8491667373346599	-0.125563841229108	0.9766608771662629	0.1125568353100662	-0.4605050038378542	0.1554023815512583	0.09246397086202601	-1.278993353489379	0.009858344002886023	-0.3633658011170661	-0.2906150025609129	0.3488635503624005	0.1414288422832157	2.206226796066447	-0.1465946206105805	0.1091106965048375	0.04419360994994966	-1.357004548885729	-0.1684660974944204	-0.1456214121583868	0.02375446340752224	-0.8516018394912077	-0.03004298304276511	0.7243849808511399	0.2443691413302023	-0.6693163623950967	0.2443691413302023	-0.6693163623950967	1.081857466843143	0.7927176094979568	1.081857466843143	0.7927176094979568	0.003334612647084852	1.483300352578217	-0.1317504602696338	-0.1614910450081694	0.036932070526776	1.042168548546891	0.01330177152470994	-1.065573989947104	-0.1257973244874531	0.06478604689686697	0.02952221127116837	-0.8394930051082063	-0.02879490415917811	0.3857429746711917	-0.222556956821173	1.5912924838027	0.4349220299643075	0.5584060629339934	0.5662754546990072	-1.270603976276572	0	0	0	0	1.570662432771507	-0.002001203500846687	1.559795971435751	-0.005566939735529514	0	0	0	0	0	0	4.740191893567866e-11	2.584268331473676e-08	0	0	4.740191893567866e-11	2.584268331473676e-08	0.4838147017980355	0.1088629236835207	-0.0605300058018758	0.01254505997007165	0.02620556529816574	0.00064603348070311	0.07036440640997464	-0.00150550244113795	0.005130847868910896	-0.008401270059254867	0.01529234063381227	-0.1258765712291766	-0.02352762053486468	0.07912721554456095	-0.002912006352291032	8.866171779612816e-05	-0.01015443463336253	0.02331158365420584	0.02268602148803278	0.01606323316681376	0.0171679485583753	0.01571526434517792	0.02276413779792489	0.04260972534120107	0.08650658856148163	0.1159461564315573	0.04821873433123806	0.03574397309819775	0.02421090754136468	0.0445895764304392	0.01067634484409186	0.04984929288197509	0.03676747265810108	0.0167520362842928	0.06966500067951789	0.06976215673287035	0.07670346110037682	0.05296806606082657	0.0570373346235614	0.05443706912547645	0.03188108437344892	0.1276827086536212	0.08104244002945643	0.1219568415563231	0.08347248630366885	0.1235532593250366	0.01328649538847385	0.099993936529459	0.09668792927323598	0.04991382000520262	0.01056028193750695	0.0846466210940395	0.2915402949116794	0.01342245522099761	0.01188189756576345	0.01067513061268105	0.01128629869413145	0.07764385068862936	0.01890207097367503	0.06439951592229728	0.2737715442280581	0.01434640994076205	0.01202160304081966	0.01098068335824609	0.0137302368738016	0.9999898507182603	0.01009987902982421	0.01001235170328104	0.01000598792116625	0.0100180647281618	0.8221667568187526	0.01055783928421636	0.01038990607912546	0.01090287815386836	0.8116663694902951	0.01336276196904838	0.01059802256133891	0.3553387805711622	0.01500041597795214	0.01151589113384877	0.01192593317583664	0.3172045273422204	0.9999940013729225	0.9999968064022901	0.01040101202535508	0.01582986095793971	0.01086251344787905	0.01450933161311035	0.01068587542789387	0.01268828054466686	0.01000498368141629	0.03858863353432541	0.01000969368415886	0.01000390481110795	0.1647641727405403	0.5220568195297215	0.271889665719633	-2.195347452449338	-6.765441382050068	-1.618251310337424	8.368233799885886	1.832518194220091	11.82424195495229	0.4155775165138053	0.2014953180905356	0.006487084864643966	-0.2168276574822998	-0.07833285273221115	0.001535522836908175	0.02685052595633215	-0.609498344383573	-0.09639564024997463	1.069464692659648	0.2474684202083909	-0.580318382450392	-6.912440078758374	2.324642400076006	-0.924171092415675	-41.53749142811908
1.11	0.0357142453234402	0.06134133526207394	0.01871978531502914	0.01658322562969972	0.02491733092511621	0.03900206804034743	0.0230173717102417	0.06328765279482726	0.09291949524609347	0.03436553617535643	0.04001337531424831	0.03376608082038854	0.07531394154917308	0.01042894257383141	0.0241230239695247	0.01872023181001897	0.01347394930432665	0.03321170688275422	0.03524256217505261	0.03772620358059593	0.03860378392646091	0.04336085808215506	0.0441357994868733	0.04200633206115346	0.1167290340701926	0.08845189296650434	0.1383547409010416	0.05434575727431215	0.1200253961308919	0.04109453249461788	0.0749940500370064	0.04167365320894372	0.02787171610070944	0.01046682370019415	0.06180693223339877	0.2699679343980667	0.01259044692119016	0.01471090120213888	0.01166619221730159	0.01328497741900733	0.07561863523184492	0.09933445879078309	0.0307536231042596	0.09184550861173969	0.04254580079581122	0.05150838794147133	0.01849190607219218	0.03915985677947872	0.9996222999947785	0.01007535155015886	0.01003778806197096	0.01019451621760133	0.01042836626335203	0.7196669648688608	0.02847518777848838	0.01513724140597061	0.01157295539674091	0.3638504635436068	0.08252098674243905	0.08118681180865905	0.1773330976794426	0.08005795079153064	0.06949215691688881	0.04987215133912271	0.1811835618219025	0.9999912093293996	0.9999953663010026	0.09980606658291059	0.07476631618757944	0.262930472337605	0.03680822790209119	0.1323925689081961	0.02537287848000555	0.01118470950377653	0.09208043573533065	0.0100082405141017	0.01000329992838057	0.1670480059318319	0.4970059520950815	0.2579394135781046	0.04455337109936221	-0.07584357285833902	-0.01666847333275793	0.6921231541204593	0.03479121806639972	-0.2566796818113137	0.847916015744957	-0.1243380375798831	0.9777376085327292	0.1024739208434873	-0.4589729935216859	0.1508412335195027	0.07992662710895508	-1.229534174723881	0.006062635240837955	-0.3939642576440919	-0.2869477163951324	0.3824545977249453	0.1629848253372635	2.102291665782461	-0.1455844826400405	0.0935528933834042	0.03004363669042347	-1.468235933659448	-0.1697654635338843	-0.1145912069628932	0.01519724782986051	-0.8564157243389432	-0.02274235302257336	0.7369846437787644	0.2378622892250155	-0.6315594515709086	0.2378622892250155	-0.6315594515709086	1.087132827120119	0.2634155051199234	1.087132827120119	0.2634155051199234	0.0180760746155853	1.462967212416556	-0.1333649839130074	-0.1623974175628153	0.04695278997530585	0.9626254477387842	0.00241710678831048	-1.109292185498862	-0.1252675025418079	0.04262345213461124	0.02073689678524998	-0.9156652283350041	-0.02499745481644188	0.3767157854870437	-0.2072699222511463	1.459886318013285	0.4408996545835225	0.6376722324845038	0.5540639356633604	-1.173460212101436	0	0	0	0	1.570649140660254	-0.0005382181882333477	1.559544100051865	-0.04405131746354656	0	0	0	0	0	0	1.234030862984061e-10	7.106279782936812e-09	0	0	1.234030862984061e-10	7.106279782936812e-09	0.4548895344073254	0.1373874000427994	-0.05056766732253785	0.008752930428412083	0.03298583752727645	0.002478961042909252	0.06787847053318635	-0.001274423509044329	0.005451710848965158	-0.007928870176400957	0.02933221368589185	-0.1213715357264413	-0.02248344632827006	0.08125415623286418	-0.002870566477152285	0.0001936952553740059	-0.0104154978816778	0.04127703233584838	0.07709819809337719	0.02098455245717168	0.01712552224625058	0.03039209215041911	0.04370304418724349	0.01296234958297265	0.04651503783823117	0.1005037878650249	0.02569497426334919	0.04767133653399209	0.0433136901320819	0.138558225080365	0.01028668665985973	0.01214826790045537	0.01117534570187411	0.01210739698786895	0.01813150180108062	0.01831491584731034	0.01710090984026107	0.0337815818884367	0.03591807231323713	0.03602579470820833	0.04538641014404814	0.1053846417160706	0.1171449074389083	0.1966248945700137	0.03146523204342567	0.1015988930891667	0.06786703506962095	0.05442586733604569	0.0121410794341875	0.01708683481982685	0.01029952862598877	0.05096618858890894	0.3825144295367099	0.01154615542982931	0.01725027871358762	0.01257127064601805	0.0150887617690239	0.05683780595378074	0.1150571507785447	0.01328578857922303	0.01158519342639997	0.03863043536295381	0.06599326525784208	0.01278528853431183	0.05110426166933433	0.9999958797072809	0.01004457838106477	0.01000588777054875	0.01000247992288785	0.01000725467999367	0.4623505334288918	0.03725678122139808	0.01623732216408065	0.01195796179021882	0.1126224983704956	0.1112089681207237	0.1291519094137077	0.07747252166856995	0.1101642586186157	0.1036948328325064	0.06491592750189672	0.09849736977612802	0.9999973594475939	0.9999985978200872	0.1534056850082789	0.1021906225727606	0.3579000870544093	0.05280274913836443	0.176712348997904	0.01561750914910319	0.01000193083291426	0.1102967810282663	0.01000420178310823	0.0100017586341939	0.1751688803988996	0.5289028075271605	0.2681778022899553	-1.738364251454226	-5.588938738784083	-0.5156490595981401	13.09632732283181	-4.216439967344523	11.10145172841957	-0.2031941247997985	-0.1043288523147344	-0.007990204231962294	0.1182535080246058	0.05020860510513672	-0.0113209960155756	0.02950412239627218	0.2853450736435063	0.04432829348560479	-0.4109759179487913	-0.1322312904656808	-0.1271814095391408	-9.649254316029259	2.382232589856287	-1.092273332882305	-42.03201232243811
1.12	0.03548585296043733	0.05919696890071073	0.01954869787523202	0.01778936701942841	0.02552127340120635	0.03723518324104969	0.02092821407499301	0.05499768585692798	0.1183650841520423	0.03171992676769955	0.04839691419666813	0.03892221542134874	0.1325364009059304	0.0102867882178334	0.02893050682432177	0.02709260589455965	0.01452656122941563	0.04535558226834177	0.03762478560362127	0.03538293002094282	0.04235445091781651	0.04389276099487355	0.04224617166890574	0.03988568223392697	0.1043939872241672	0.1185727737226837	0.1901902353532245	0.04295696189555049	0.1004481387065175	0.04665609038377257	0.06469852483234642	0.03013761961716983	0.02642063800659883	0.01031540542717298	0.0600590751967843	0.3776580202961344	0.01172356969591737	0.01547794310466702	0.01194939685145921	0.0138265234301498	0.05376482117774196	0.08810783912491975	0.06198062368446237	0.1253985566744511	0.03682225579541825	0.04950857563089126	0.02159724420945792	0.03899000225101854	0.9997682661573447	0.01005875088259331	0.01001907323436502	0.0100778508034766	0.01017244375857496	0.6478890437033547	0.02884009656653969	0.01523327477644944	0.02782659130931859	0.342006034456593	0.09319992467120015	0.08666778892794447	0.1578967823114583	0.08009339644874229	0.07195139943736502	0.04847765138821663	0.1182097615206698	0.9999934325682762	0.9999965335506305	0.1036765524997885	0.07305206639277963	0.2528792385293452	0.03848318240955286	0.1263094904037973	0.0370814168383877	0.01046417237627975	0.08340218939043044	0.01000588428508843	0.01000246480732949	0.1657711242443499	0.5083284743885738	0.2612025057386274	0.043705915625613	-0.09249354163902623	-0.009742002382708906	0.690719923417906	0.0320672196033801	-0.2883374574773334	0.8466840232708222	-0.1218961838014408	0.9787044225458852	0.09061599338539768	-0.4574914661206793	0.1452972716941574	0.06785039208122931	-1.186923771574712	0.002012121551159641	-0.4146573855711156	-0.2830031539373421	0.4048922324035646	0.1834172246809236	1.981181118360789	-0.1447058464008286	0.08323042197162395	0.01490791542410153	-1.555786987083944	-0.1707704322529052	-0.087278769676277	0.006690746479442098	-0.8418858423111982	-0.01527730731863284	0.7573322117967987	0.2317502182283897	-0.5901288114236106	0.2317502182283897	-0.5901288114236106	1.087151556997707	-0.2581665904157637	1.087151556997707	-0.2581665904157637	0.03256255869990419	1.433209312405164	-0.1350201509777434	-0.1698065707005928	0.05620901533218928	0.8904035499840401	-0.008840559535058291	-1.140011250040997	-0.1249146906675015	0.02949648458955633	0.01124276114184066	-0.9817013221004688	-0.02120308608604089	0.3849014170639694	-0.1934569064791471	1.299038656878309	0.4476797532375636	0.7182312286390367	0.5427670408997711	-1.088042970448448	0	0	0	0	1.570654226298112	0.001674329527514047	1.558928677979996	-0.07842423780405458	0	0	0	0	0	0	8.755085140054465e-11	-6.232682986246999e-09	0	0	8.755085140054465e-11	-6.232682986246999e-09	0.4334448900323657	0.1198851114415789	-0.06039089647654726	0.005692630378369745	0.03905944031685385	0.004278876239731334	0.06569405872829993	-0.001035738179697348	0.005697252689883059	-0.007495461872206434	0.0445190758779943	-0.1169292733936861	-0.02134311998911628	0.08341708573475398	-0.002834317744949042	0.0003452805702886307	-0.01064069330530572	0.0233957400969309	0.02011513122842477	0.01755100399963831	0.02003673543168465	0.01653814545234321	0.02143163191458774	0.0359122484199351	0.06382875012267174	0.1872386518971917	0.04149507893738743	0.05717709771066903	0.03521551044728292	0.1915228428549154	0.01023844768162516	0.06499224009910946	0.06305925143096307	0.01984672827437298	0.1079961895485539	0.07749152662793117	0.06991865713477134	0.0627774039392389	0.05967572717815629	0.05184860485363611	0.02692384702322765	0.08874304670128326	0.1599478593289823	0.2613902395437083	0.0543777635302237	0.07221386900873954	0.0142875325097141	0.07347842326604866	0.05897233654814055	0.0446522401983303	0.01022666653217715	0.07757782781374378	0.6233930484511451	0.01142158446881464	0.01290048464769228	0.01105705994425615	0.01199016550887992	0.02418107279835887	0.01326221539577791	0.1771404756137435	0.394745768064892	0.0198853229243853	0.0124236896397352	0.03410638155050393	0.01416378526611116	0.9999931235297582	0.01007030243002915	0.01001030610742593	0.01000409732991584	0.01001190516231086	0.7232764043732444	0.01198694855416997	0.01239996528696957	0.06519450580301298	0.7259599080086964	0.06036648555506964	0.01126789435965136	0.2846112350905521	0.01825917164024804	0.01236371471547723	0.01254330108785141	0.07982712136452458	0.9999954657865296	0.9999975907330582	0.01066837044318376	0.01239929472916292	0.01099206330809081	0.01345318072097169	0.01118785106320836	0.0748936257900439	0.01000328960232571	0.01915886879505955	0.01000639888797149	0.01000282257454259	0.1495979314731498	0.5157494910680402	0.2616891908132585	-11.06189598461418	-11.01845252778779	0.6746672927962405	6.706604813464054	-8.297397545811954	15.15008199805476	0.4220957634931839	0.2054810876752666	0.01155740586917442	-0.2325365185124334	-0.08535482600016167	0.0005926681852603602	0.05167233705908424	-0.524372673193869	-0.08725373899951561	0.7228739008169928	0.2693428353803534	-0.6776393964804646	-11.8812641663749	2.445577399791595	-1.173729996935163	-41.0526122600639
1.13	0.03612406636352943	0.05814717862561031	0.02137058322431673	0.01937881146161677	0.02724795234381673	0.03450323782420798	0.02156720209749988	0.05140803375679975	0.1574046373357982	0.03052840259128624	0.05956916451626081	0.0460065292949953	0.2058711202491831	0.01019763905660214	0.02917433627273889	0.02716699964760404	0.01467767786966926	0.04751370057471656	0.03746837249203287	0.03459190298143505	0.0447082766019098	0.04263765498452438	0.03910601548446103	0.0388947855899999	0.1004522284969842	0.1555236002818095	0.2485374956587122	0.03678827868757258	0.0876495555755039	0.06176120376855105	0.05816153221570082	0.0303485729627419	0.02780282325379948	0.01021163759146576	0.05943683483560353	0.5046744829519094	0.01120710842184272	0.02069212507313961	0.01505143491303633	0.01857089403276345	0.0520318862823692	0.08155125115908002	0.06685209659556691	0.136899469293455	0.03321248026977539	0.04167067861615524	0.01971328482984844	0.03138696982471437	0.9998580043471431	0.01004986016361434	0.01001107918023718	0.01002850934194896	0.01006434904999132	0.5781202284309748	0.01869334421985481	0.01266407966836759	0.02617668338471823	0.3378322088075183	0.07217446667405425	0.0554039580874774	0.1549089539418807	0.07338936776412698	0.05945472307897322	0.03884011139388208	0.1085683302927387	0.999994858032488	0.9999972826445609	0.06671225300439822	0.06629282697444137	0.2203143629723853	0.03288964001094904	0.108405071381243	0.03463506213795383	0.0101609034442887	0.07736519940334174	0.01000469913209662	0.01000203890570592	0.174021054171531	0.5257352316921173	0.271011181970782	0.0427289957213119	-0.1015246453478865	-0.002899303318363374	0.6757693172588277	0.02901546320549734	-0.3226628209893973	0.8454806817782669	-0.1186747432078415	0.9795450654689488	0.07730209123859248	-0.4560703592028426	0.1387617497456083	0.05616323204780386	-1.151769371906894	-0.002204596030808714	-0.4275781220041945	-0.278875080456968	0.4197621166452308	0.2025475886523929	1.841876613100089	-0.1438975995473732	0.0795255698127946	-0.001026554661548791	-1.62967024528337	-0.1715324018192061	-0.06633360990444488	-0.001585979510189802	-0.8110269704567217	-0.007570725424522541	0.7851358570010227	0.2260760516956604	-0.5438193388888271	0.2260760516956604	-0.5438193388888271	1.082003585385964	-0.7695277367151567	1.082003585385964	-0.7695277367151567	0.04672630797417709	1.399235471059666	-0.1367855518018228	-0.1845263919426826	0.06480723991741968	0.8320710644360103	-0.02033889781724501	-1.157506652525552	-0.1246458735096719	0.02586614032303229	0.001127237536819747	-1.040425680451072	-0.01724826013053582	0.4084048699535609	-0.1813426068753554	1.122030142474642	0.4552557476408164	0.7962485737870332	0.5322583594486153	-1.016006777103764	0	0	0	0	1.570684911824874	0.00465413318283574	1.557986093129365	-0.1096555469446102	0	0	0	0	0	0	5.178859399144593e-11	3.612355860130907e-08	0	0	5.178859399144593e-11	3.612355860130907e-08	0.4236128563999384	0.06879825326846985	-0.08880460753912189	0.003176539759563582	0.04352393329911212	0.005931895390797446	0.06385048577397621	-0.000797164237175712	0.005860873072472616	-0.007111785446179945	0.059011697973076	-0.1120630576129867	-0.0199908974138395	0.08525071391124915	-0.002788982353805567	0.0005653337300161243	-0.01078013417570366	0.04291476945695497	0.07579741594998925	0.02490328478516553	0.02068445803346098	0.03410435254270457	0.03842310296784551	0.01460856999115134	0.04095360472265141	0.1940352477687803	0.02383933382429915	0.07313412843734893	0.05900999720114222	0.320343972364002	0.01010559909010723	0.01219625457220422	0.01126706962037663	0.01253820317169923	0.02126316074882972	0.01741953960447017	0.01541611603107856	0.03853311206331746	0.0331263498336144	0.02968424930076404	0.04375206644550457	0.09964389379969781	0.203657632648814	0.3357409674917424	0.02114014209316059	0.07850217357838832	0.1005520443734598	0.04303689394568613	0.01448124570724002	0.02044712942315864	0.01011843381023178	0.04951484710394031	0.7058145311616101	0.01066662213971359	0.0290195730809385	0.01958926399003332	0.02582752388551643	0.06408664679885483	0.1081053150200198	0.0138099135027969	0.01213567573049678	0.03684763454101427	0.04883891969474557	0.01164684966610486	0.03319290824317821	0.9999969860798588	0.01003137749917211	0.01000514724418705	0.01000200179684451	0.01000568085153412	0.345613368509154	0.01392694579487279	0.01165451228436027	0.01105803896423942	0.1304937671921286	0.06746955892447257	0.04504027855674161	0.08693576838223367	0.09595440554004078	0.07006451906487579	0.04295768130483929	0.1109638618860962	0.9999978931927054	0.9999988840961676	0.05422261436672959	0.0859267333992887	0.2699391060159111	0.0375443348326774	0.1342331992311488	0.01316671122251003	0.01000145008869883	0.1013647821856832	0.01000278649159705	0.01000127019000354	0.1968667487969266	0.5642653544700721	0.2899601483664642	-10.48602477025723	-17.77200118230784	-1.243378490768027	9.377089517727629	-15.07019423768735	19.12603599367454	-0.2091625270333707	-0.1054889263463531	-0.006603949366374293	0.1221726787562363	0.06690924842056095	-0.02427283595064635	0.09776566749693807	0.2384205368107986	0.04258917448095937	-0.2783394770508817	-0.140925831074896	-0.3594253384487442	-15.19650607868566	2.511707573010035	-1.545472639757671	-40.18696899735926
1.14	0.03583548079755638	0.05689807214789832	0.02244704180293108	0.02127704219897179	0.0279545485523772	0.03287239991579891	0.02062147199453362	0.0466031605445358	0.1894665999658318	0.02937024786036325	0.07039881037294927	0.05289128375403025	0.2664196659781293	0.01016242747643068	0.03247482852842187	0.03538506794478682	0.01606339994580154	0.0573511061400869	0.03817214023826044	0.03130464987617788	0.04860756368677459	0.04269628139295877	0.03688653372582219	0.03767234694372815	0.09104118004097607	0.1885206742160254	0.3012826874613676	0.02886504007911028	0.07193092673509101	0.0678695772175649	0.05099383673714334	0.02383742509468264	0.0280625127970678	0.01016114710852083	0.05829390708735137	0.6199175364880914	0.01093572428802912	0.02295734966709366	0.01626307886178079	0.02051264431165813	0.05082926226659163	0.0787121531859182	0.06402196806364176	0.1325584935880797	0.03268076558147828	0.03869726658448011	0.02174415722569943	0.02868202953739671	0.9999121342422596	0.01004170088176109	0.01000833462115074	0.01001278217964657	0.01002967498278089	0.5112472089090677	0.01686078252209634	0.01557008695262094	0.04863441613032356	0.3358848832121917	0.1039886918434201	0.04244406342104629	0.1576175379617286	0.07917842881381162	0.05456992915379971	0.0352524178243542	0.1018233496601598	0.9999958342501175	0.9999977972605497	0.05025644855064251	0.06340301462890348	0.2008532975171658	0.03082467239568976	0.09950045407868657	0.03684941347787855	0.01006414239550149	0.0808102522494267	0.01000377022635634	0.01000172593411192	0.1770206585132156	0.5316855511609062	0.2730798840917562	0.04170367525635645	-0.102107157066107	0.003736949901833434	0.6498929611878503	0.02559805638102311	-0.3617225064086391	0.8443119461173431	-0.1150232300896914	0.9802469669213023	0.06294010187336141	-0.4547193824315037	0.1312815426066356	0.04478990268413999	-1.124137991794786	-0.006520889085849322	-0.4349225934846984	-0.2746214623164411	0.4305491699689724	0.2201966382373481	1.685180768430451	-0.1430949622780315	0.08188947351419738	-0.0176732074390565	-1.699846617968282	-0.1721232409872844	-0.05319018714227824	-0.009487184042116702	-0.7673830624520093	0.0004455567514643104	0.8189573594609182	0.2208919715011259	-0.4921036154547118	0.2208919715011259	-0.4921036154547118	1.071802654942057	-1.268399327027917	1.071802654942057	-1.268399327027917	0.06054778591324417	1.365367256322591	-0.1387357928619232	-0.2067613704406464	0.072916210059564	0.793421166383137	-0.03195003977575722	-1.162838481681467	-0.1243654324461561	0.03180561230926755	-0.009550837138239137	-1.094665134347203	-0.01299334455630333	0.4443787253828062	-0.1710376688163663	0.9385267606265983	0.4635852145970312	0.8684439873439618	0.5224000911707489	-0.9579801243661801	0	0	0	0	1.57074697579181	0.008115986504063878	1.556742569137142	-0.1387830557786432	0	0	0	0	0	0	2.967191296560117e-11	4.730325161885784e-11	0	0	2.967191296560117e-11	4.730325161885784e-11	0.4259569580490036	-0.002555509740962682	-0.1329916932482712	0.0005130214462902428	0.04605176790401617	0.007410612398101708	0.06220073979884639	-0.0005694984409722372	0.005958318640915237	-0.006757932201722472	0.07155983504434905	-0.106615785789594	-0.01840520934999863	0.08654078301185035	-0.002726557060234096	0.0008574802851682595	-0.01081050705504274	0.02182454998019009	0.01757656328864211	0.01894891935177834	0.02415711362459132	0.01685519062305796	0.01948410339822863	0.03245760253228132	0.05271340405326088	0.2476905371262959	0.0391587120332498	0.07884307407194033	0.0486396645020466	0.2992763676736521	0.01021834751237413	0.07503682072121944	0.08866976848895998	0.02382318282804864	0.1380393760621604	0.07985602822016653	0.06045874906765382	0.07257970949756753	0.06117425937841983	0.04826709167863816	0.02429688559008189	0.06308876238059723	0.2240364626429104	0.3652731928427905	0.03637301737598444	0.03869714620128495	0.013978086682717	0.05817772289664258	0.03884979225389045	0.04410517261074252	0.0101754127220405	0.07462349197216626	0.8573858833537272	0.0111089421197366	0.01444225050049485	0.01164905015845354	0.01308235054057217	0.0225698182596815	0.01373171977256223	0.1631108078943274	0.367216979182875	0.02220752980493324	0.01263593372447634	0.04202377128824455	0.01438991475649299	0.9999945584399977	0.01005466513965	0.01000970947046533	0.01000398308669024	0.01001104930936837	0.5929819790020265	0.01685784939053208	0.02345701215860974	0.1383410547238539	0.724555411266442	0.1950860095674497	0.01232571903554494	0.2987586682259288	0.0459005156154807	0.01360635745092816	0.01287569184231836	0.07143389113847501	0.9999960704820428	0.9999979165312111	0.0108457895750321	0.01249721606430744	0.01150853943930104	0.01343910569152311	0.01128272181336213	0.08418281239094773	0.01000276578964508	0.03857491575310142	0.01000477987593445	0.01000230187143048	0.1465031103108037	0.4972993407602841	0.2502037449704482	-15.10726956195575	-19.62011590552421	-2.532913535585123	6.086670135014134	-17.46678895016887	16.87321052860691	0.4314131918948251	0.2094991399795062	0.01744343567311332	-0.2413346724831074	-0.08120837166945444	-0.01115543243509095	0.1236745633852792	-0.4410032582995416	-0.0827095611822944	0.5057077780269257	0.2820031315017284	-0.8540372280734149	-18.13174729996066	2.577659939980596	-1.708471453458732	-38.12958432423779
1.15	0.0379613483531575	0.06032196410454214	0.02347603531756689	0.02213317555076982	0.02930197521371758	0.03208184333732396	0.02125725377394028	0.04546289023618461	0.2209321830975258	0.02755904274674142	0.08163779033239042	0.06221818715446799	0.3286209622467253	0.01015069266134406	0.0326359335986964	0.03569738233321498	0.01596014898733604	0.05949253237435266	0.03792991100788479	0.03077077589790416	0.05049058024573423	0.04181018817716507	0.03505694876539618	0.03766933134661105	0.09186165942909247	0.2212490572855943	0.3522982626566313	0.02628848452144073	0.06670387491354791	0.07521994597004741	0.04821535623781289	0.02631124509182655	0.02928968488933745	0.01013605473905693	0.05807859768914874	0.7331803165546775	0.01079751882111766	0.02673752331445001	0.02220535889535731	0.02511030147378875	0.02776030818052902	0.03780789081507217	0.06037847046397088	0.1276106521164823	0.02332556929242363	0.03364712955804552	0.02236572589346957	0.02443899011016484	0.9999454195958545	0.01003770476482107	0.01000706731347523	0.01000621045844171	0.0100151601673754	0.4510478978535972	0.02414744579488897	0.01886125902388752	0.05344050731578108	0.287707755324575	0.1026572653528969	0.05288751939825188	0.1259982604276826	0.06866899828844031	0.05542494521078819	0.02891559240621912	0.06254989144884728	0.9999964608405761	0.9999981278863813	0.06108399853795109	0.04902137415836139	0.1728261508365363	0.02985734848062321	0.07613217585506342	0.03413225565029166	0.01002324473119954	0.06679489260694751	0.0100033252096551	0.01000157928653237	0.1727723629108545	0.5211749256778561	0.2648070129426132	0.04071515443797454	-0.09422238731941414	0.0100714462449372	0.6158805833251891	0.02176209268470642	-0.406406466705553	0.8431809165697779	-0.1111573523730545	0.9808018551698933	0.04797414561451041	-0.4534476453487353	0.1229263894856193	0.03365598905515256	-1.103850017235167	-0.01089086503398103	-0.438597515769699	-0.2702678740912042	0.4401654373480903	0.2362003450492182	1.513262601622266	-0.1422456005398866	0.0884988167217475	-0.03504211322202185	-1.775557584803512	-0.172623243801328	-0.04812657476841975	-0.01690277906400069	-0.7144694288088445	0.008820962259880084	0.8565133262035084	0.216250466875869	-0.4354752033396845	0.216250466875869	-0.4354752033396845	1.056684113614406	-1.752718630587935	1.056684113614406	-1.752718630587935	0.07404380065223395	1.33448857263769	-0.1409446079812682	-0.2361216680139443	0.08075581092910945	0.7787324298986879	-0.04356176869736673	-1.158018842395368	-0.1239787367253465	0.04703753740723987	-0.02075952096058272	-1.146918913395255	-0.008330814553967267	0.4893027366174537	-0.162569923067394	0.755618399649718	0.4725971472266913	0.9324331638793033	0.5130533089118609	-0.9135510401839508	0	0	0	0	1.570795023938731	0.0002167459971446779	1.555214202649362	-0.1667734769101763	0	0	0	0	0	0	1.032254895578443e-10	-1.030170038786106e-08	0	0	1.032254895578443e-10	-1.030170038786106e-08	0.4392892219003465	-0.08080957043090548	-0.1888288617006334	-0.002861945510173317	0.04659358909993832	0.008639610035655698	0.06062456811575549	-0.0004142372362152883	0.005999902436727861	-0.00642036176432433	0.08158131595526336	-0.1006165386929724	-0.01662882338308834	0.08726911997819407	-0.002645353936023323	0.001212557959162476	-0.01074117133169363	0.04777047537591918	0.08488463020969296	0.02675114591045844	0.02247272552425529	0.03668771815914748	0.03751020832494198	0.01618587906725997	0.04019820224078915	0.2615315979838049	0.02122350478522334	0.09760067447308168	0.07912087047563245	0.4545876347722619	0.01009950991178047	0.01204260221046303	0.01122911372688227	0.01246738004427454	0.02357158327693236	0.01646817805729164	0.01445035937072416	0.04191484457911457	0.03124980258872189	0.02639507568985562	0.0441605570290903	0.1054983236225256	0.2699298382950762	0.4371960807717389	0.01817014381185663	0.07391490306815345	0.1134709665216999	0.03975891218808519	0.02154673510573121	0.02317970873058559	0.0100908858552115	0.04934687445760012	0.9306503118339869	0.01050248155485231	0.03635504075629252	0.03254216824348246	0.03520315806453563	0.02088414314550086	0.02356041892123832	0.01341777077713897	0.01188486971135724	0.02207199974782493	0.03959231235052357	0.01216402319528334	0.0258077357780483	0.9999974872629939	0.01002512308443537	0.01000461953251455	0.01000219191275646	0.01000580541895052	0.2513891180514047	0.03347930366638006	0.0182454760428943	0.01192163980900997	0.015031289407711	0.05508581501332026	0.08318091768984935	0.01863473422368557	0.07350592533105502	0.07701496776022103	0.03140688950257482	0.03028161260500576	0.9999981503864741	0.9999990225313843	0.09701725289064732	0.05301797282951137	0.2107075672985654	0.03710959577471402	0.08237534637925306	0.01253498815588583	0.01000141545491723	0.07027096475149762	0.0100021522916214	0.01000106824575632	0.1827700478792883	0.5168123251710987	0.2620619653779604	-18.97146985990021	-22.11812334161453	0.1911062334173566	3.22392820842401	-16.51343812160265	14.82268892728064	-0.216061976105994	-0.1071446916801578	-0.00582572266068629	0.1251332565197008	0.07725148814657894	-0.03039020307860228	0.1316230940208526	0.2000942088206941	0.04069785257230371	-0.1800276863481781	-0.1480019996830997	-0.5496134632512418	-19.2913908525406	2.64108522995534	-2.100530864746998	-34.61329795340721
1.16	0.03811171336241184	0.06114707599713474	0.0244303227327961	0.0250156695937401	0.02978417121912316	0.03115798767352528	0.02155790979250266	0.04274433487726201	0.2645017059085978	0.0308463855863022	0.09700770497125805	0.0697101391649509	0.3802955723562805	0.01011323651357521	0.03500425044355261	0.04334177397543069	0.01806651494610113	0.06720306969466379	0.03713777488589164	0.0267416584522627	0.05420796081363691	0.04119334640435237	0.03258124105323566	0.03696732852981507	0.08667279277908922	0.2478233633321892	0.3897903634013027	0.02175337213132345	0.05949702825807344	0.07823651995881477	0.04366447248755499	0.02507171425114307	0.03085099902869638	0.01010406289430853	0.05710872217065705	0.8263396710208072	0.01062710771220552	0.02902110971624246	0.02465252175337878	0.02743833340205613	0.06288413753136257	0.0726888451084404	0.08888842985530281	0.1647003578358694	0.04458519617451059	0.03192169305503929	0.01917913859875677	0.02289816596034889	0.99996555236023	0.01003242937956042	0.01000611434964914	0.01000421066303428	0.01001043637571127	0.3903474495243399	0.02504627908908549	0.01602457134677528	0.04548957876884616	0.3246449208273668	0.1038353452138921	0.05678701682969809	0.1583853587059652	0.07995739273243833	0.05554249209568159	0.02696604547707059	0.08958688463783941	0.9999969432120044	0.9999983833178907	0.06553100898304565	0.04329996068142274	0.1569770017493919	0.02916066487763218	0.06610907212076339	0.05574391009127625	0.01001028501087626	0.07521360652592439	0.01000278374405142	0.01000138878730696	0.1785689027019525	0.5265238879469053	0.2685165580775997	0.03984518470107058	-0.0785760932133809	0.01603652288796898	0.5764524854482564	0.01745311521763713	-0.4560747408694237	0.8420892203925372	-0.1071621818164055	0.9812058948256209	0.03283995919519233	-0.4522635268620312	0.1137687577820023	0.02268931036103652	-1.090632118038354	-0.01528560811989757	-0.4400902456281983	-0.2658158264996987	0.4504328166850718	0.2504219589225758	1.329404783827028	-0.1413186758744386	0.09700941021845089	-0.05322859182440366	-1.864456842559355	-0.1731105032615068	-0.05045384467504713	-0.0237564057651322	-0.6554936484209603	0.01757801638890096	0.8947006908733218	0.2121939492347422	-0.3754295195565409	0.2121939492347422	-0.3754295195565409	1.036803453236442	-2.220479498496826	1.036803453236442	-2.220479498496826	0.08725194982075007	1.307877715054254	-0.1434784756254551	-0.2715327502344981	0.08857715848651491	0.7898272049089246	-0.05508506700707735	-1.145596675038216	-0.1233960301411044	0.07084836941151533	-0.03248887884839589	-1.199044732579271	-0.003190335071293637	0.5393111246972331	-0.1559047168401443	0.5788576500312944	0.4822021645450061	0.9869472518893276	0.5040886383347721	-0.8812169353957408	0	0	0	0	1.570795839685371	-5.998132314381683e-06	1.553408179078037	-0.1944341353407724	0	0	0	0	0	0	4.346711554770886e-10	1.454717428917464e-08	0	0	4.346711554770886e-10	1.454717428917464e-08	0.4609798466777176	-0.1532695567570024	-0.2508998211204417	-0.00782587770126314	0.04571808826651048	0.009862299619632364	0.05890264296374078	-0.0001725388690654518	0.006063519286887318	-0.006053507290866479	0.08905275554482406	-0.09417297089034181	-0.01473881080365792	0.08759560476769195	-0.002548909026762279	0.00161431475966041	-0.01061074998340223	0.01992976617075946	0.01576868247268923	0.02076562335497558	0.03198192099653799	0.01687774720155003	0.01755179487129099	0.03275614011237855	0.04550531211528795	0.3642213086798151	0.05100974481401637	0.1155450875349221	0.06123345879406922	0.3818773661538989	0.0101194443447513	0.08231569356251309	0.1127912952041025	0.03021363829985857	0.1616841455286499	0.07759566333463258	0.04857401932376513	0.08239261598808136	0.0601673741846314	0.0425313764052339	0.02216836643404492	0.04510075613452792	0.2681909194339703	0.4138052338193186	0.02524097989576592	0.02280004723804644	0.01332005582274457	0.04702281373952763	0.0326963270198398	0.0476777456132013	0.01010499379706979	0.07177289483645234	0.9967489665882479	0.01073787355723027	0.01734549257666006	0.0129300498985878	0.01529665712997899	0.1602713696039977	0.1768942945238954	0.2654285474846994	0.5171079381980002	0.09784658066354571	0.01307231682999443	0.03182470853950576	0.01420542072033654	0.9999953662013018	0.01004292170960327	0.01000809648222419	0.01000424438017474	0.01001072745582976	0.4644365199278526	0.01221891259919113	0.01190470053206704	0.1080829238724502	0.9637022702208752	0.2007618312238801	0.01149446532748905	0.4605031917741825	0.09601277633446532	0.01289503880326361	0.01388945218353166	0.2116319329759769	0.9999966025678082	0.9999982018112636	0.01067278457309596	0.01283499057303461	0.011697363830651	0.01239337837184822	0.01323486039760532	0.1568006728395951	0.0100028919659888	0.08386184041400441	0.01000360705989445	0.01000188000672199	0.1749395191400929	0.5500356659989459	0.2817224853461713	-20.07416103513862	-23.26272278404113	-4.110040490693414	3.073114578976663	-15.40830336841939	11.26942355738108	0.4456839640088408	0.2131945078375528	0.01878744617017361	-0.2470344666045365	-0.08559259867286619	-0.02479339641527883	0.1791737081745606	-0.3739282268168816	-0.08891780899503392	0.2720379462385798	0.2946766117952258	-0.989031953252461	-22.5275276325863	2.69994295765235	-2.29410214386623	-32.25486805429312
1.17	0.04231283766468474	0.06833795059970385	0.02611890579507688	0.02657689812085079	0.03232627471776055	0.03177932744572187	0.0216985916903484	0.04121823075003807	0.2963257495796935	0.03216113470093341	0.1080092901419784	0.07586770069688518	0.4215043965096429	0.01009490492075043	0.03518239036889111	0.04417814860985916	0.01819131647975354	0.06866028853978956	0.036611612878126	0.02604068402810275	0.05536429926084074	0.0398191781922702	0.0308784659836131	0.03735436060431081	0.08891151472234311	0.2661252337612881	0.415955383529219	0.02025987188934263	0.05787303130510666	0.07982766196957725	0.04137643021108917	0.02795944961794305	0.03119010770083767	0.01008785779707569	0.05599965300414291	0.8938559391216579	0.01054969453588852	0.03109135691969586	0.03035328204659641	0.0303108951637616	0.07046742391467425	0.07385296664185557	0.1035837607161825	0.1848084978087716	0.06029531920010694	0.04594959883611459	0.02442329084737995	0.0206407383325867	0.9999779370688721	0.01002972164083212	0.01000562085726898	0.01000333045727005	0.01000828875002112	0.3427228131389367	0.02990181717086233	0.02650923358121667	0.05498191831007884	0.3396900424380207	0.08740089921642114	0.04636011335627344	0.166326011116696	0.05763389289117946	0.04411382717961145	0.03056851804695817	0.08544059978936497	0.9999972640602366	0.9999985533414104	0.07462681881707137	0.0390769074054045	0.137196314148428	0.02799834195317349	0.04719023097421022	0.06461314784239716	0.01000487450832757	0.05078684153346779	0.01000251070304559	0.01000129234614728	0.1762695273006064	0.5203963248987422	0.2645085341962913	0.03916474450552242	-0.05661772151228706	0.02159110882214451	0.5342023501745702	0.01263161114849227	-0.5083950819594726	0.8410381279630276	-0.1030271879996496	0.9814593853868379	0.01792231609451614	-0.4511747707946742	0.1038599135647005	0.01182134279836887	-1.0840086304369	-0.01968909234683333	-0.4404963477622924	-0.2612552416596529	0.4618619767314415	0.2627632926407858	1.138033422065587	-0.1403063001448236	0.1052748073674458	-0.07239311619347337	-1.971825456848275	-0.1736518943216031	-0.05862757661717416	-0.03000197752453001	-0.5933032736486361	0.02670433093268233	0.9296867445853506	0.2087456022189969	-0.314288777946421	0.2087456022189969	-0.314288777946421	1.012337020854967	-2.6694766689507	1.012337020854967	-2.6694766689507	0.1002149925808485	1.285312847644702	-0.1463895807067904	-0.3112205640036532	0.09663433898870688	0.825407162901695	-0.06645721895092285	-1.128223703332581	-0.1225371140102768	0.1020419609666963	-0.04474361578871004	-1.252102689024733	0.002459222807586922	0.5904691902728362	-0.1509566072454946	0.4129278074537665	0.4923040226454331	1.031876354886038	0.4953969299004207	-0.8584743108156402	0	0	0	0	1.570796074085285	3.006095863802215e-06	1.551324607924544	-0.2223547249898243	0	0	0	0	0	0	-6.88357524254371e-11	6.840948263112076e-08	0	0	-6.88357524254371e-11	6.840948263112076e-08	0.4886691504082054	-0.210702751270625	-0.3131988815378741	-0.01384253964769465	0.04338511712460529	0.01080658999687411	0.05719699872001922	1.424869546105035e-06	0.00611064184515175	-0.005692070356565605	0.09430063359083847	-0.08752106685549224	-0.01283971179482999	0.08775641838583012	-0.002444209737172925	0.002039793456586397	-0.01047003947030383	0.05720357977798594	0.1018666723522699	0.03023502312544117	0.02554090646153946	0.04222756980883525	0.03931755087903037	0.01685196607345568	0.0378238505887993	0.3089094530854551	0.0237949386483042	0.1154580387627508	0.08916746915077219	0.5163294054270734	0.01007338701893339	0.0118640876396226	0.01117343388651765	0.01249365051117563	0.02396700164581937	0.01536151967103114	0.0136260273667343	0.04340371908760751	0.02839618395639541	0.02334604540243661	0.04520367651197542	0.1123625056352677	0.2928124904385248	0.4652653668141815	0.01626015201325082	0.07334488034181436	0.114483086457326	0.03630111417728612	0.02944931144521244	0.02412832881041406	0.01006776463249558	0.04688635601766944	0.9957461185843078	0.01040227158799304	0.03965786388121036	0.04397016925069046	0.04022811889941823	0.02565432884914718	0.01911262356865149	0.02293657255133488	0.01375120208245953	0.05091693382729037	0.07562008836082239	0.02341714026476289	0.02208010161716865	0.9999977356972513	0.01002045091516014	0.01000391252713918	0.01000216171852364	0.01000526920096926	0.1847710846011784	0.04419589476535955	0.04529128577051256	0.03694017213754854	0.01138720372369607	0.01390387200617308	0.05385031533030963	0.01247503262472308	0.01837589866687968	0.04900729500250478	0.04216735912962804	0.01367614339097842	0.9999983667832468	0.9999991383420004	0.1162487655958281	0.04845325729272871	0.1730380772672061	0.03492820743767864	0.04527480729346002	0.01404340883512522	0.01000167662581761	0.01594765811909806	0.01000169640301068	0.01000090398445219	0.1724796358106519	0.4889911929759941	0.2473078928883201	-22.99333383663284	-27.47097139342981	-5.265137460894893	1.189711387397509	-15.4618611685041	11.70165511863694	-0.2251513092534233	-0.1087149075124074	-0.003276688128323243	0.1258085207131453	0.1018910303260614	-0.03859563401432751	0.2057774231364968	0.1679398195184909	0.05114853913474777	-0.03599941010235453	-0.1570850338349349	-0.781099715245397	-24.60628462932309	2.752549807339359	-2.593648289555088	-29.23261773462826
1.18	0.0433180110381219	0.0710367233044366	0.02674134840534291	0.02855792096724387	0.03304333294469122	0.03156984309665398	0.02405937688148614	0.04110060472170873	0.3042634440441186	0.03253108959684295	0.1097417406399544	0.07725804156822387	0.439621163941199	0.01011032868254589	0.03619991692624386	0.04794824898868239	0.01913730341237384	0.07306329900346774	0.0356051988881275	0.02364382857769533	0.05781853061382713	0.03921804137457379	0.02928913194472885	0.03719344650000396	0.08706549278971328	0.2739409934218994	0.4295718943483851	0.01860450781383843	0.05586409953651805	0.08024517295832967	0.03975457154434269	0.03464078438487824	0.03489922264517769	0.01008762329221801	0.05491920408051067	0.9334066087421696	0.01055612150634857	0.03140461433080073	0.03216794500409344	0.03099470353690452	0.05139698572820381	0.06154088567215677	0.07046893575753339	0.135851690925396	0.04919997227269159	0.05191256202679275	0.01979795909222419	0.02031637525524966	0.9999854246235106	0.01002659581265094	0.0100051181722641	0.01000296159672723	0.01000712587278603	0.2816120460748816	0.0364998646758148	0.04047111858418181	0.06009914650297498	0.3006879685446923	0.07998376861177707	0.04324353660436776	0.1398533323231105	0.05276139285782086	0.04089008604654389	0.03233219057741091	0.07047153773547694	0.9999975246208999	0.9999986917183651	0.07899066063166534	0.03833334753940989	0.1288664263431449	0.02820765608810206	0.03878537200914871	0.02602046032092772	0.01000337790337779	0.05778684214594321	0.01000220857889031	0.01000118341845478	0.1709832652977214	0.5078042006446662	0.2561513231912453	0.03872699728994944	-0.03042199046591322	0.02671921607355699	0.4915354676783811	0.00728836389556989	-0.5597503383046131	0.8400294781978401	-0.09864991345621688	0.9815660876007247	0.003525273998547261	-0.4501887553198818	0.09322246052971904	0.0009893781800010752	-1.083305722342829	-0.0240942585575951	-0.4405051284061639	-0.2565760412304042	0.4740446263331409	0.2731753058430534	0.9444850674294436	-0.1392192110012613	0.1117578837876528	-0.09273558622774979	-2.100242660447249	-0.1742950081174755	-0.07037358702146405	-0.03562003532517938	-0.5303669548736719	0.03614753686298481	0.9574237635349319	0.2059019983367419	-0.2550086134003458	0.2059019983367419	-0.2550086134003458	0.9834851278814412	-3.097090065306702	0.9834851278814412	-3.097090065306702	0.1129666344292158	1.265243891194911	-0.1497094634559616	-0.3528729776809889	0.105152134071454	0.8809420794536057	-0.07764130045384995	-1.108360977549462	-0.1213358817615246	0.1390201217087388	-0.0575348764339121	-1.306314708734644	0.00861023825975403	0.638995061256314	-0.1475963285071993	0.2619270609677907	0.5028107984441713	1.068166648613826	0.4868974769539761	-0.8422339258609775	0	0	0	0	1.570796167479638	6.831645608502199e-06	1.548959542414976	-0.2507146712723168	0	0	0	0	0	0	9.127795453320436e-12	-1.348947151276683e-08	0	0	9.127795453320436e-12	-1.348947151276683e-08	0.520213479066156	-0.2478250154113058	-0.3698408298216694	-0.02051272561785504	0.03992484613712485	0.01143426550911207	0.05560369471753446	0.0001223855853169898	0.006146568450249084	-0.005349427277978042	0.09767418113245077	-0.08097094575424493	-0.01102714419291816	0.08791373489566678	-0.002335278378087987	0.002464757526684537	-0.01035616710405467	0.01820472441999855	0.01464108855932409	0.02090763644644122	0.03643149311765554	0.01629735391027485	0.01625391002518481	0.03975717706536629	0.04678216177369778	0.3344836371899365	0.05085220362949271	0.1065568189147774	0.05789790846445637	0.3608058687657503	0.01018176643569557	0.08535685772631578	0.1242447714023609	0.03293615985461981	0.1751546683096918	0.07493909728887296	0.0419360985563191	0.08901470262940871	0.0597040653508215	0.03939159979851588	0.02125290780540103	0.03601822807090639	0.2632942341621174	0.4110152219923943	0.02174588996699567	0.01861998015961777	0.01238042764988191	0.04446520892778066	0.05020776162303356	0.0587803388532761	0.01011941459384995	0.069575394722838	0.9939236376779311	0.01082906256375956	0.01607711067697484	0.01228492794787864	0.01428655624735205	0.09025057492480061	0.1344344829549862	0.1366198278331009	0.3061724598454089	0.04641181879921577	0.01489693541534304	0.01293198046992849	0.01551499417266963	0.9999956498485797	0.01003628022507698	0.01000708254032051	0.01000398319038118	0.01000931942287727	0.3080140866451462	0.02691736220912764	0.04333497099852916	0.1153143403299357	0.7680076878148734	0.1926539975663537	0.01468221001844523	0.3497266753724078	0.1050176408020202	0.01678667320801756	0.01532586438190902	0.1643685041832725	0.9999969428264278	0.9999983836254784	0.01180020306952647	0.01544499938824621	0.01901142081656992	0.01425743186719747	0.01091795367645141	0.02584657443450553	0.01000354632826378	0.1335554012357176	0.01000297570739993	0.01000165051477439	0.1594783063988028	0.507783704912264	0.2563194293239326	-21.8725209907902	-25.95244169974673	-4.485116874239028	3.867203692022149	-9.719061602561453	7.056656679675226	0.4644505090519792	0.2176840829595467	0.01689699833192576	-0.2506533432919277	-0.09565150824798777	-0.03444124666985722	0.209827740457632	-0.322007576964279	-0.1005741526811499	-0.01326653988381101	0.3110573809143827	-1.104613680993184	-26.17993923541631	2.797580352132878	-2.699820825118026	-26.2840864267012
1.19	0.04908847290050205	0.08043636616050748	0.02949828001530173	0.03148563398906778	0.03696365205956811	0.03281314097337558	0.02399799633647849	0.03976069604450019	0.298631726450937	0.0315359989063114	0.1067013710027983	0.07898947964192367	0.4513058200105062	0.01013396790345048	0.03622424356172643	0.04846889427203595	0.01933933967725499	0.07316452938342982	0.03496405913933857	0.0230576344307212	0.05846318578629782	0.03749836344946524	0.0276646746626758	0.03812546711335743	0.09034268841856272	0.2770392774291705	0.4371263427347297	0.01762811827230709	0.05557500683189177	0.07612005701658169	0.03775079153504275	0.03535042548113627	0.03545223004581964	0.010093938965917	0.05296099693655473	0.9536096900206676	0.01057680286991836	0.03233051273952492	0.03550220642914818	0.03246308122878923	0.04589551307967427	0.05637356100200202	0.06812867251497998	0.1324802484432849	0.03978557582061736	0.03375301064775888	0.01996566508905314	0.01802073377422716	0.9999900324535839	0.01002480921810255	0.01000482308762191	0.01000274576343408	0.01000650846470819	0.2323782770572252	0.02947430487575428	0.02900508197177767	0.05324231036949375	0.3524414367350909	0.104962407487682	0.03987688942405872	0.1541852665253835	0.06671356000400389	0.04031400081837126	0.02366747755352273	0.06906180501014272	0.9999977060798052	0.9999987880709067	0.04216224489618876	0.02567855770687428	0.1035949397216618	0.02204128243295753	0.05255136194630291	0.02319060387525228	0.01000275191962116	0.0625993383833567	0.01000203576746394	0.0100011193774961	0.1739101032090449	0.5110821520062763	0.2595566283487833	0.03856215480532976	-0.002484463005582222	0.03142743299915975	0.450537132590558	0.001454022619489465	-0.6058717654543199	0.8390664330277222	-0.09388411974000352	0.981532320112769	-0.01014708119612096	-0.4493127339342818	0.08186117250301511	-0.009861475905289895	-1.087593203183601	-0.02849877276983214	-0.4403740040119945	-0.2517745439055212	0.4861561954651302	0.2816656057439907	0.7547465026572825	-0.1380795643505137	0.1157513047320349	-0.1144671909810294	-2.249303798530244	-0.1750622930663442	-0.08299289015810719	-0.04061361014852716	-0.4687010637638612	0.0458163866124175	0.9742568190081803	0.2036285923910636	-0.2007672937672547	0.2036285923910636	-0.2007672937672547	0.9504772336383884	-3.500070014212669	0.9504772336383884	-3.500070014212669	0.1255199391656162	1.245186355607503	-0.1534449995872524	-0.3939118033864747	0.1142955048070104	0.9491101218675193	-0.08862266615807488	-1.087935596338811	-0.1197436066388977	0.1799233112222646	-0.07087168139705891	-1.361027081246049	0.01521882032595695	0.6814480939625187	-0.1456567094088981	0.1293016435547537	0.5136444125502274	1.0975884401864	0.4785409637020829	-0.8293949468002321	0	0	0	0	1.570796207878899	4.884102209148061e-06	1.54631038412519	-0.2790229682412435	0	0	0	0	0	0	1.027119362227076e-10	2.023893129918038e-08	0	0	1.027119362227076e-10	2.023893129918038e-08	0.551812496327304	-0.2641475115333489	-0.4157417873067612	-0.02710217979399646	0.03555357095153733	0.01163907725060682	0.05427507093678002	0.0001701099359618129	0.006152330461780501	-0.005050829981780277	0.0994389558373161	-0.07480692929653639	-0.009359027010275528	0.08812114553450598	-0.002219883967503829	0.002870073640174855	-0.01028589499960436	0.06990229100002972	0.1233336899417007	0.03609879052152538	0.03153162005249866	0.05075923273054591	0.04211506786430822	0.01679099237911846	0.03524589610550181	0.2660650136211383	0.0197430993040231	0.1011139945077575	0.09127840080518297	0.5161011386026942	0.01016863607811175	0.01165907380858004	0.0110924087001017	0.01264914102729771	0.02230711058979449	0.01423897449622186	0.01285915193339925	0.04409093426190946	0.02489723451944182	0.02032663559073266	0.04730505727468101	0.1205997764371215	0.2881722720154615	0.4641652590030755	0.01466446679977809	0.07354857975087369	0.1032030678222066	0.03265964489468985	0.03138208225833112	0.02495688761926707	0.01009560927925516	0.04283075739818953	0.9797045908751517	0.01050507943016856	0.04122255871280046	0.0500671878060371	0.0428024296270932	0.01803551355009659	0.0133678232679192	0.02800609336821281	0.03082743861306365	0.02832666898174744	0.02687745782573421	0.02358616368310072	0.01765729432192886	0.9999978298173187	0.01001732722220916	0.01000341049762286	0.01000193198516787	0.01000451863770596	0.1115561201392539	0.02792661743016312	0.01810541532488979	0.01703855687832989	0.1868057697747046	0.07682191921504057	0.04977245261661776	0.05878322351159182	0.05670065650841383	0.05175454689976793	0.02076504188360204	0.01669401900149376	0.9999985289839225	0.9999992245591129	0.02154200045884611	0.02023745276404628	0.1206075313031028	0.02099767095899467	0.08661628350290629	0.01881597591141835	0.01000187105439517	0.0301252294040956	0.01000140051298155	0.01000079215744711	0.183475525799188	0.513569859601326	0.2635544784218901	-25.42396247301911	-19.27223931063878	-7.409152543258009	2.149860549950233	-5.041666408553484	-1.746033063731339	-0.2358166798799421	-0.1110366405353335	-0.0005921532498192325	0.1275905193509347	0.1062444619271132	-0.03357799276053902	0.1846048520196214	0.1513839035903415	0.05391603480885274	0.05604559977802868	-0.1653122999239085	-0.9839606231027839	-29.29172233383116	2.834188602757441	-2.835445121369939	-24.663638949109
1.2	0.05101848306810089	0.08446617388007525	0.03019735008333838	0.03261130786957317	0.03820566575629317	0.03301553371867322	0.02692805875564112	0.0399878639784552	0.2817153830666992	0.02619116251736493	0.09781758674722499	0.0795551632610783	0.4511189105650319	0.01030715496171924	0.0367631163245487	0.05033131966933615	0.01923866637421717	0.07569151617827158	0.0343342737758409	0.02181224087375882	0.06006755025776178	0.03692736761225106	0.02667996156432472	0.03814676783329623	0.09042499814407529	0.2768825441492183	0.4403509486165162	0.01684087069516123	0.054970122304553	0.07422260453679747	0.03714857157908093	0.04675047212042082	0.03850409402997054	0.01013508499140733	0.0522177057099634	0.9654368856182602	0.01074116476733178	0.03251742471908842	0.03665816371336798	0.03287197722176021	0.0409480093352381	0.05775909695802699	0.05486699634025251	0.1010397392443752	0.03748814768535932	0.02851462304889178	0.01989162510539496	0.01834020272575533	0.9999928132557573	0.01002281147214898	0.0100045162220826	0.0100025702932817	0.01000589743782134	0.1801085556517332	0.03990671671183481	0.04881549101462662	0.05475342363288808	0.310612978124177	0.08647517178330578	0.04040166219174147	0.1272327172910982	0.05883483878553728	0.04104165650555935	0.02208829163596807	0.05817263375102477	0.9999978627990408	0.999998871191725	0.02905060032411643	0.02313120533328003	0.1115603319884153	0.02109810585788425	0.05796478242498517	0.01947047291127587	0.01000258292598019	0.06101373243005073	0.01000185758154945	0.01000105168847891	0.1707095760230395	0.5001738594641739	0.2535286307205769	0.03867354917797165	0.02431469107306828	0.03574094450899578	0.4128123343634576	-0.004796618941447668	-0.6422686864142089	0.8381533719391122	-0.08865019249906947	0.9813658538442016	-0.02301155999674375	-0.4485539469235414	0.06977529616963718	-0.02077412530544415	-1.095345085615075	-0.03290086524757191	-0.4399717115696737	-0.2468571381049949	0.4969851023978735	0.288305282724255	0.575542665979064	-0.1369112950222419	0.1176593933031354	-0.1377774226079928	-2.414951585415716	-0.1759482670371565	-0.09363402814910123	-0.04500330546081403	-0.409788453798442	0.0555862521264007	0.977193648883765	0.2018603253242947	-0.1543960907822969	0.2018603253242947	-0.1543960907822969	0.9135793145269258	-3.874348686120558	0.9135793145269258	-3.874348686120558	0.1378611234859624	1.222368654369223	-0.1575769344031933	-0.4317300973704617	0.1241459579412534	1.020755579548345	-0.09940171054553738	-1.067986233258951	-0.1177311422887272	0.2227056322542618	-0.08475191753697976	-1.414658359633435	0.02220924929961212	0.7149436213507069	-0.1449405921188648	0.01754378777153798	0.5247469832461594	1.122332580391299	0.4703071911963244	-0.8172980724218598	0	0	0	0	1.570796226220115	-3.91842931338345e-07	1.543383779846658	-0.3058834322541075	0	0	0	0	0	0	4.917910552685129e-11	-7.135395426598437e-09	0	0	4.917910552685129e-11	-7.135395426598437e-09	0.5779606418839971	-0.2648172581439989	-0.4475738461605351	-0.03280619067431042	0.03059869332164292	0.01136405098178804	0.0533652197522098	0.0001339986655616314	0.00611097164556706	-0.00481903700701671	0.09979257313687491	-0.06936927180429718	-0.007855764087647562	0.08833037410657361	-0.002088553438226248	0.003242306089093427	-0.01025638359073765	0.01725087897320686	0.01413510168011529	0.02013159738121074	0.0368851006499167	0.01569816597001627	0.0155139492698067	0.04874141799086121	0.04890591162393998	0.276966183178769	0.03551207376411417	0.08099440952659627	0.05746122292810938	0.3298177403397583	0.01066775578584781	0.08703598123626795	0.1298457432418459	0.03244385987299287	0.183675284124817	0.07357522950680405	0.03871557769512395	0.09348683029684325	0.05966609449355632	0.03800531283726048	0.02028194562109409	0.03159872658119218	0.25632819992086	0.4065875990717263	0.02034008957817788	0.0171157581506901	0.01221423116209667	0.0447202291535743	0.08519704733582341	0.06773438219540308	0.01023419140213284	0.06937443946807025	0.9925373151891459	0.01129231558920257	0.01563689195248417	0.01205811806248427	0.01391840605815279	0.08005008204753063	0.1440398121701101	0.09563117440791012	0.1965007198851903	0.04945916376301653	0.0196604284830798	0.0125447264966987	0.01872322111637386	0.999995730369227	0.01003208784407489	0.01000645782732119	0.01000366986407636	0.01000810330906162	0.1952673999839719	0.06645152774535251	0.1176027943932526	0.1271108399698375	0.5009731701898249	0.1020293843182823	0.02014888559156474	0.2332570404868541	0.06473593172076167	0.01965500373105577	0.01962565107402937	0.1294580770229985	0.9999971820458891	0.9999985101719463	0.01714360231967466	0.02127003821435697	0.08567746149204168	0.01777569018204773	0.01070965123012429	0.01753777502898626	0.01000363421671736	0.1235448726605445	0.01000261432633604	0.01000151173692892	0.1429477629408963	0.4490274766650122	0.22581872473933	-27.82461023414885	-21.32395572376713	-6.176817794946325	1.819446071595695	0.7993022651335011	-0.3055399959088278	0.486403585115519	0.2240965439028247	0.01587087082377266	-0.2552347282558113	-0.1315998189344302	-0.03264361669552762	0.1432909342917337	-0.302829687675544	-0.1096547899328183	-0.1284204953972782	0.3238021014312947	-1.248827566686682	-30.16324800014778	2.862121325858813	-2.8886351270394	-23.00921622018887
1.21	0.05623067526583532	0.09240284908846026	0.03296390987685344	0.03539949667322653	0.04209233795812728	0.0342842925819364	0.02675337820468543	0.03955121045524858	0.3107168077610379	0.02585755349006185	0.1108656289970896	0.09326940670338772	0.3068252014183315	0.08869214134122867	0.03658502072747712	0.05032894262296159	0.01928635048149642	0.0741293931918168	0.03364692846249309	0.02139748975048328	0.05987253508853457	0.03532035959171062	0.02549894538840027	0.03946041295753989	0.0944998168103318	0.2706609085564308	0.4247933382008369	0.01632279601562601	0.05570292754842902	0.06619072115321351	0.03603804945301418	0.04421340430844525	0.03918640674344381	0.01014083428897102	0.04992373250904628	0.9777653135720261	0.01078877149943078	0.03272993993108703	0.03945318725021531	0.03360009167599206	0.0434331158565605	0.06289426386632521	0.05387631299501906	0.1042941603613882	0.03516344251151108	0.0232854486889326	0.01643677172291184	0.01669118211508534	0.9999945424598362	0.0100220311972266	0.01000433935723204	0.01000247309491544	0.01000581738111009	0.1256036963050925	0.03451996908361477	0.04778746418429415	0.05622472142680137	0.3662041140990542	0.1058656320047986	0.03090947791756488	0.159327195826843	0.07527189366644185	0.0413276669803399	0.01989098673011035	0.06794434435702103	0.9999979766034743	0.999998931424892	0.01743952961946557	0.02122555371977768	0.1055098132905946	0.01824416701051432	0.05085292573287927	0.01874206522670016	0.01000264936133966	0.07843405852220935	0.01000173336581162	0.0100010124995256	0.165220709032669	0.4882102035924515	0.2467299412892825	0.03903410068342813	0.04681120675612681	0.03969778787196121	0.3792891926024399	-0.01134520463431486	-0.6648747074993931	0.8372948422635961	-0.0829955856248035	0.9810746349954405	-0.03511629476914122	-0.4479196537418583	0.05696163012134565	-0.03177237779788269	-1.104280414305282	-0.03729597233852508	-0.438895477307257	-0.2418446151055625	0.5048742359451376	0.2932357284054891	0.4141054253488929	-0.1357274444181334	0.11930084704162	-0.162794628053946	-2.588987812034868	-0.1769190149200271	-0.09949702745086275	-0.04882141370721971	-0.3544583723235546	0.06530701765113939	0.9642132522505915	0.2005075521222477	-0.1179257240789377	0.2005075521222477	-0.1179257240789377	0.8731017753763463	-4.215166892648215	0.8731017753763463	-4.215166892648215	0.1499498023660261	1.194320282211291	-0.1620610700743605	-0.4640138751824876	0.1346907586302434	1.086502070311683	-0.1099843235677849	-1.048592694460759	-0.1152902696092433	0.2652629308170859	-0.09915312051182018	-1.464755027780953	0.02948090149781799	0.7374421074134001	-0.1452320891287041	-0.07214076379560788	0.5360825764224322	1.144510660570198	0.4621989197716155	-0.8040606998564198	0	0	0	0	1.57079624302715	-8.537873360310649e-05	1.540205871389865	-0.3287511145032169	0	0	0	0	0	0	4.265553171055638e-11	2.091479924508002e-09	0	0	4.265553171055638e-11	2.091479924508002e-09	0.592919581171605	-0.2608853415822607	-0.465175828640979	-0.03711383903663264	0.02566116383746299	0.01067327711719863	0.05293541229606599	2.051639304236486e-05	0.006020826383907595	-0.004658632892655991	0.09903622677987792	-0.06529999891048104	-0.006540314124928035	0.08843509257804313	-0.001928119925339044	0.003566314250850896	-0.01025123380405092	0.08073620301088424	0.1402638412523848	0.04172373889911755	0.03707581158331637	0.05880621452838686	0.04473535374287926	0.01610108542202197	0.03434524572082628	0.4088123749363307	0.02569658476195253	0.1518019742440332	0.1325598260348566	0.01038669524325538	0.2260878429128668	0.01144888685291887	0.01097735584951622	0.0126827883626802	0.01886668340054893	0.01334053355043031	0.01230966677072367	0.04342925183676127	0.02188312888001235	0.01821606871177826	0.05009968840957287	0.1301764615047034	0.2683226420342103	0.3970560280657722	0.01380562060399913	0.07554935728610859	0.08456769069264988	0.03066033431379487	0.02434680359668726	0.02559619949650365	0.01008548499593774	0.0384784361452902	0.9994204633810394	0.0105156002098878	0.04169339619336546	0.0557858618109302	0.04424708892449305	0.02201847633804535	0.01566088439253893	0.02560455824565534	0.04563489903020974	0.02341421178391366	0.02068308443958122	0.01550174696645359	0.01557204720513869	0.9999979870137985	0.01001519007486111	0.01000309047563372	0.01000177502013943	0.01000480645818753	0.01011694236877774	0.01689404907221282	0.01333214667138054	0.01358423095671218	0.3705100434002148	0.1278450954402438	0.03267481927198002	0.1486742537492928	0.09658123267542083	0.0539807296107272	0.01829866052696275	0.04168096882557303	0.9999986597257857	0.999999292834467	0.01367938435435425	0.02059404705239058	0.1160363839748055	0.01816465858962583	0.06376474009491045	0.01847145112474693	0.01000240134492336	0.07357695998505934	0.01000115697478063	0.01000072023969095	0.1666997899304009	0.4775462138699033	0.2434667683051915	-28.56476508183868	-13.25407116357658	-9.355908338430599	3.179937674098365	7.861800885145605	-8.420491057259319	-0.2477436160192512	-0.114362355312991	0.0009283200525467315	0.1301973929116365	0.0984276147977434	-0.02372391940917316	0.1173934150777965	0.1458490768524553	0.0578203654862593	0.09190270253351462	-0.170902813032721	-1.133883284038732	-32.58633609871259	2.88184736065414	-2.943009561026023	-21.87215145280185
1.22	0.05813460710466307	0.09600640544657206	0.03363526077313785	0.03636003822627883	0.04337803972573558	0.03456263076605062	0.02873985048552166	0.03885956264116393	0.4114601830703861	0.04544009606936942	0.1538937866176062	0.1214799015214706	0.1446671372451041	0.1804513446809806	0.03806680352505359	0.05336765875780336	0.01909316720697937	0.07940927177309569	0.03467604750461257	0.02095507653008109	0.06206021124044143	0.0352861282975079	0.02492401039801214	0.0394601618172696	0.09570932073966813	0.2684262371611812	0.3992956723382036	0.01578017427874832	0.05569426424679386	0.06295075968937176	0.03538471960963113	0.05439450305458454	0.04002041224911396	0.01008810074389083	0.05052124796269036	0.9865528812362832	0.01056089313590718	0.03377521032945591	0.04091105504755849	0.03456902713783306	0.02470905736707615	0.02581300184370101	0.02972015223521761	0.05429655401074075	0.02428370148220552	0.02150687058969945	0.01507170695711793	0.02115648707629145	0.9999957026608361	0.01001681072977457	0.01000407216996207	0.01000234502485409	0.01000659868346756	0.04889993747795652	0.04405206726772908	0.05353609087507689	0.02668557328583134	0.3446382888380343	0.1101937776883866	0.04641802983736121	0.1393282935331153	0.0801912312006824	0.04752327397189302	0.01949956861136174	0.05676737423226511	0.9999980930727771	0.9999989920584285	0.03671899112859957	0.02448223639694407	0.1282257836603046	0.02550242226639598	0.04790021485454148	0.01738072290668802	0.01000346683750947	0.08967454442120215	0.01000153445363616	0.01000095072757435	0.1552953399607502	0.4673943062667752	0.2342990765355682	0.03958504781681392	0.06190831735362119	0.04334099209842589	0.3500185367457007	-0.01803946332746927	-0.6711672930693453	0.8364943904865294	-0.07706298873226468	0.9806655157108165	-0.04662716482061977	-0.4474171518216575	0.04341733129652468	-0.04285446947491591	-1.111634303371106	-0.04167485534776438	-0.4366486911413286	-0.2367756990972889	0.5079582769299529	0.2966694487567013	0.2772354576964075	-0.1345151251103862	0.1240249665910882	-0.1895450598293375	-2.759280481193431	-0.1779138575863612	-0.09807442483893329	-0.05210462851906197	-0.3027538908488179	0.07481592198950321	0.9349270148743802	0.1994653820192122	-0.09234188753081551	0.1994653820192122	-0.09234188753081551	0.8294040470302313	-4.517572249631061	0.8294040470302313	-4.517572249631061	0.1617239210018792	1.159216161339546	-0.166833331514915	-0.4891664351913906	0.1458302188990176	1.138610499389556	-0.1203733418829865	-1.02911928299985	-0.1124329546845491	0.3057153569574013	-0.1140254969279517	-1.508399256725077	0.03691843405160614	0.7480886967082058	-0.1463104679317951	-0.1399816599601683	0.5476338717719452	1.165659185261445	0.4542327624549923	-0.7888256959017882	0	0	0	0	1.570796159073866	3.051702505277429e-06	1.536834915940391	-0.343724934267838	0	0	0	0	0	0	6.847679944175243e-11	3.126831233753503e-08	0	0	6.847679944175243e-11	3.126831233753503e-08	0.5923328494248581	-0.2667697911034039	-0.4714436523844108	-0.03998596921784443	0.02151587524432745	0.009748805915279329	0.05289556604546245	-0.0001451928929559471	0.005895757715881479	-0.004548372565082999	0.09759210702928556	-0.06350531018565544	-0.005460869588449851	0.08831195315372829	-0.00172721791544504	0.003821678651495731	-0.01024712332445143	0.01663951997571431	0.01384630514522338	0.01919012277429519	0.03690835324492014	0.0151348110161342	0.01495944538230311	0.05500220204976959	0.04722707142226915	0.6475756611721414	0.09685270890499068	0.2124498593398493	0.1330569825884222	0.01022342295224471	0.2167526815130511	0.09189307009501751	0.139830174922926	0.03181862969631057	0.2033707289720975	0.07744538470637762	0.03776827441747092	0.100785643891364	0.06115665812597825	0.03741419158165248	0.0188064609713256	0.02953198438270935	0.2600415652010293	0.3327256826550414	0.01922206759509433	0.0161748443750822	0.01294596836450893	0.04386378197556155	0.1205336650421443	0.06966596273601885	0.01007418757653233	0.07374296851641708	0.999500311308425	0.01057884626603238	0.01855449930841872	0.01327318858728065	0.01603552242757056	0.01997356424521825	0.02180564758263303	0.02136852061965867	0.02759232967384906	0.01877133645157919	0.01966816218678576	0.0119052543878287	0.03367481504677196	0.9999963437619908	0.01001750857921098	0.01000583927711384	0.0100033849535582	0.01001046864774467	0.013738241444307	0.101899424466701	0.1373625497564028	0.03252601189809967	0.2938165621467969	0.09035575281538551	0.07852588125407291	0.1171452864118815	0.06025949305751224	0.03833974464813835	0.02062578389269082	0.0830391141684112	0.9999974229791019	0.9999986326401278	0.08806365390984992	0.03294748773633557	0.1726170963420601	0.04242176538729021	0.01053431643131511	0.0142117475019166	0.01000596908081722	0.1418224850245352	0.01000214689099677	0.01000136714764713	0.1166539947508131	0.3857137058271413	0.1908950274317164	-28.17155593628248	-6.249808130953476	-7.070567990951023	5.513918311188902	11.62296531503287	-14.50023244810874	0.5110517869594698	0.2326277614546933	0.0167934831279316	-0.260328756241376	-0.1399540802896558	-0.03215269340459066	0.173168067206948	-0.2944468867385762	-0.1150644329081644	-0.1591586910082378	0.3335811288040602	-4.090266822862064	-34.95255104381317	2.894511913756695	-3.004803926814847	-20.51220342490902
1.23	0.06143816446819408	0.1006922338479269	0.03556279870863013	0.03890758906716028	0.04560726619322691	0.03393776869773737	0.02805805130678602	0.03842326742159867	0.5366465983216608	0.07599620414150625	0.2038456469877749	0.1508786524612406	0.06805093322647938	0.2379148937414509	0.03794971115836686	0.05346126917359519	0.01904730696664499	0.07836949019149554	0.03405862516851487	0.02060849126684157	0.06315527079385495	0.03390405206052939	0.02389923977110435	0.03981704194330728	0.1024642757642581	0.2753156528625852	0.3811021655180641	0.01533102983351482	0.05639633492373073	0.0546261504714378	0.03445446050903565	0.05094246012555302	0.03979110815315378	0.01006231312750393	0.04954315968106848	0.9917379364243377	0.01043785013097886	0.03507505974444506	0.04776838945396585	0.03706636424881117	0.0268746601457227	0.02563670039939759	0.0348231755021261	0.06742547937345797	0.02633956509529692	0.02064405506404631	0.01592236938573902	0.02020679486674842	0.9999965165260563	0.3058974028178499	0.01000384675829805	0.01000218853838553	0.01000527668796769	0.02538270498718935	0.05346316570682873	0.06519767169411966	0.02877807403273713	0.3773023085994221	0.1246656396646785	0.05145296548418762	0.1561848561407683	0.08951493760367142	0.04846824925727711	0.0189094368047382	0.05605245981569838	0.9999981640721767	0.9999990275789176	0.04010228292190303	0.02249404321049145	0.1301806011053466	0.02411055729300029	0.05766994395226245	0.01812370456917046	0.01000284647461202	0.09790060264650589	0.01000141868717486	0.01000089737576329	0.1522935465422017	0.4612092182181046	0.2300959351166521	0.04023891885957963	0.06702852827542635	0.04671004836384527	0.3243066110305441	-0.02471313693397389	-0.6609023474212973	0.8357539064690277	-0.07103373340535471	0.9801432803229035	-0.05778182910169097	-0.4470536908082737	0.02915964515346969	-0.05399023333992237	-1.114541798472342	-0.04602384827547725	-0.432884821868073	-0.2317069930765228	0.5045959111440207	0.2988805428251632	0.1703386406647637	-0.1332220988391327	0.136201074737295	-0.2179167669075328	-2.910445400134436	-0.1788496762006881	-0.08743034696151185	-0.05488679465726699	-0.2541402020417657	0.08395657408451893	0.8910029280764441	0.1986251948155103	-0.07736412857507532	0.1986251948155103	-0.07736412857507532	0.7828942915291205	-4.776795132880549	0.7828942915291205	-4.776795132880549	0.1731070582340151	1.116019532173638	-0.1718183213031555	-0.506521593931316	0.1574004852233893	1.17206450160459	-0.1305629742042541	-1.008518158154178	-0.1091877929944997	0.3426325275924474	-0.1292900421226904	-1.542734993454809	0.04440455605899462	0.7473358772848995	-0.1479632930067302	-0.1873080907531835	0.5593944201748396	1.186367672529867	0.446428353164083	-0.7718361647928187	0	0	0	0	1.570795390288499	0.002909042795698926	1.53337500012221	-0.3455840715490023	0	0	0	0	0	0	3.708249287584477e-11	1.540933773927409e-09	0	0	3.708249287584477e-11	1.540933773927409e-09	0.5743779146259532	-0.2942090813448071	-0.469190907394682	-0.04164742717674649	0.01873820920173145	0.008864042548027532	0.05304440184042956	-0.0002784109565331391	0.005767646372637542	-0.004445578597495023	0.09561564923440612	-0.06449970629293886	-0.004628967003217941	0.08780766512678022	-0.001476379999805203	0.003997245090554082	-0.01021403426364802	0.08700803757750296	0.1491980770298484	0.04533857905821699	0.04204902230243355	0.06283746091055618	0.04279397937614512	0.01446602643779762	0.03350554403889688	0.7487652427117948	0.09960544109565068	0.2774314236007336	0.205176358686228	0.01008681193631785	0.333199067377708	0.01120356283667921	0.01082519456605871	0.01237971681526479	0.01700301850931735	0.01257541733491086	0.01177530414602196	0.04643398858951774	0.01944962374930859	0.01629217570949482	0.05050300161438289	0.1466993914540029	0.297720605924761	0.3722610376148531	0.01293805601562038	0.0770511436507489	0.0671480760528804	0.02892187190161436	0.0161828293398055	0.02459248697678643	0.01003440218192491	0.03744921411969948	0.99980131875151	0.01025732884935351	0.04490863825845982	0.07174440048692012	0.05017027552433539	0.0320618040481474	0.0272013057325172	0.04581900010218024	0.100362417649023	0.03178129151158663	0.02028785870269773	0.0185822629347806	0.01334640019908681	0.9999986282111557	0.9999867000421409	0.01000253321375636	0.01000135718070529	0.01000084438338705	0.0100003402997909	0.03121800815270391	0.02909406905860757	0.0271451598403979	0.48826074912745	0.1584281461772366	0.03767407063613464	0.202436639816781	0.1160502079507197	0.05363335869018977	0.01767678346408373	0.04449877404182306	0.9999986884848362	0.9999992978124315	0.01368540763720601	0.0158223180322801	0.1118316185025333	0.01418514746387384	0.09087616471810669	0.02072034211020577	0.01000033129159388	0.08738900303055153	0.01000151927157749	0.01000058733820242	0.1710177611926717	0.4981461784274068	0.2505016711620586	-35.30436235019478	-2.578509297461586	-7.669699561482189	0.009270998017818619	16.95423967512377	-17.22831963745188	-0.2611199171692531	-0.1188773779179157	0.001599533672101737	0.1322517556743039	0.1513054514938179	-0.04150389752388361	0.2915386190871556	0.1463438060500585	0.0546668567489434	0.08607431337571968	-0.1724284096122304	-1.560423806757844	-36.7306890827297	3.396629211950756	-3.231031982424191	-19.21301310599859
1.24	0.06256496589373466	0.1028451751292343	0.03580005948132356	0.03936729220035325	0.04623789824388964	0.03351606767049507	0.02973812773065914	0.0377710067934172	0.6588982986736985	0.1057518368410915	0.2587330125301252	0.1927849354023514	0.0327393344410698	0.2697932801308365	0.03986991304573622	0.05700486237210033	0.01808374184648369	0.08863739927085615	0.03710156813123481	0.02066914152819712	0.06782897039990431	0.03489958477534744	0.02355987083244103	0.03949167150903089	0.1061540182079027	0.2890895268566887	0.3722587929203033	0.0148273677492317	0.05647664912816262	0.05180684699590285	0.03404782358996253	0.06198853726849627	0.03968011655958086	0.01004689009305501	0.05265069640183938	0.9948880826847453	0.01034349172120418	0.0372174317857533	0.05141595254999032	0.03936378786876112	0.02720844925362609	0.02477613622966157	0.0357465735186382	0.07189407940197549	0.0267011382471402	0.01982331762699584	0.0160519677502163	0.0225134760218051	0.9999973116713095	0.6842845534331146	0.01000319324267323	0.01000168149925261	0.01000154538734921	0.01556754142431514	0.03434896267322178	0.03342942319533241	0.0234698563695655	0.420253633674728	0.1294208364181909	0.03572164950185171	0.1802067753423299	0.1000168608006566	0.04589537356838725	0.01914624599472778	0.06558108199581883	0.9999981878068227	0.9999990310251993	0.02175980309912808	0.02259051593041545	0.1333825405095918	0.02517932976257408	0.06167719505622201	0.01850772151134296	0.0100007138503581	0.1117438286062368	0.01000368208267523	0.01000074246844802	0.1659898725153807	0.4841010932062161	0.2480702199473839	0.04088635409874797	0.06040093698932434	0.04983576672046375	0.3011927453185911	-0.0312078820679128	-0.6357874377766312	0.8350733727187275	-0.06510818111719927	0.9795102294976447	-0.06883007273231516	-0.4468361210723454	0.01425568917898664	-0.06512121127091959	-1.110228682750494	-0.05032744371123015	-0.4276023562952824	-0.22670924132133	0.4936127332413907	0.3001885709271149	0.09708641157957904	-0.1317516574366387	0.1601792497270474	-0.2476304921068225	-3.024502089516097	-0.1796278155422533	-0.0664235713495307	-0.05719580018983439	-0.2080509190207776	0.09259822399505711	0.8357799871675518	0.1978883573283936	-0.07126307728213377	0.1978883573283936	-0.07126307728213377	0.7340273489488033	-4.988264125118972	0.7340273489488033	-4.988264125118972	0.184016526010583	1.064513125863832	-0.1769380525802235	-0.5161796909241099	0.1692013177782647	1.184538178089456	-0.140535715690268	-0.9855167190766333	-0.1055955241476364	0.3749924749054445	-0.1448406603289293	-1.565227601842798	0.05183218878934268	0.7367168834915233	-0.1499942617523667	-0.2159257565108201	0.5713581502860279	1.206121485211765	0.4387982410125653	-0.754197943869771	0	0	0	0	1.570433831268443	-0.0800716113896224	1.52998686317468	-0.3283668647195315	0	0	0	0	0	0	5.692244781707012e-11	2.075339199245372e-08	0	0	5.692244781707012e-11	2.075339199245372e-08	0.5392048954687617	-0.3494424343747662	-0.4599767495071301	-0.04172874730689152	0.01718747380538374	0.00796915580692493	0.05334874474689667	-0.0004645936455480281	0.005618945685209026	-0.004346609155274689	0.09304166908250186	-0.0681397821118002	-0.003999828678031139	0.08681163046350242	-0.001172078141004391	0.004097643427442988	-0.01012846186579031	0.01588788271326965	0.01355156799071667	0.01779490086894968	0.03558773617637258	0.01442692222176794	0.01437793462179789	0.06082922594139783	0.04567189621748236	0.9146776869213809	0.1619564807743979	0.3406031314640587	0.2397353537598094	0.01012996862290392	0.2335843925702895	0.09810926639533774	0.1514799051467101	0.0289719264495928	0.2403037515514233	0.08760453537862006	0.03827617859479752	0.1148676792587817	0.06560410286563467	0.03737535057599838	0.01741579829205003	0.03129927024268014	0.3016229369950603	0.3381413497567093	0.01815451693019213	0.01554127717031249	0.01481942887584313	0.0435716162010964	0.1603891115065245	0.0695469368682181	0.01005300416031282	0.08467087383622306	0.9996966677910738	0.01041689885864534	0.02361747190475106	0.01624184360333508	0.02020731979460327	0.01874749197918837	0.0194063584740415	0.01865997817083449	0.02478022507930344	0.01774097964709791	0.01807552989399792	0.01146233773113983	0.04154593367688262	0.9999978778925968	0.9999906292084976	0.01000413328409594	0.01000204418971182	0.01000076074142732	0.01000029884157984	0.03271822636958891	0.02524229527695873	0.01447620701207341	0.4017673093815789	0.08470126598474918	0.0244191663129997	0.1758465976939224	0.08208677483629256	0.02932363425477249	0.02190556951693312	0.1147108971097754	0.9999973286541333	0.9999985433100692	0.02830147849869575	0.03516520970287078	0.1812503885470737	0.04700516243541508	0.01052228760972513	0.0146209904502521	0.01000029452940492	0.179442112527591	0.01000889087379853	0.01000096269257895	0.1706963044096371	0.5055855907220669	0.2690526154686355	-35.70207705302165	0.1189704013661947	-10.66253514356586	1.146653997137056	19.70825724887269	-19.10939362094266	0.5385926576015088	0.24305600329978	0.02220454123440151	-0.2643683193153273	-0.1166636959934137	-0.05252719970642388	0.327489493792341	-0.3003661904563383	-0.1051620447317486	-0.135381929459498	0.3333083176298346	4.178222187573181	-38.30886349757688	4.035277549157039	-3.400315142664466	-18.69346693131272
1.25	0.06428392441849809	0.1048949292816467	0.03642306674778498	0.04084903001773795	0.04677097362957238	0.03153780547771586	0.02906764183876596	0.0372286011761349	0.7752837895476347	0.1410977527768166	0.3052845250508117	0.2237992145417649	0.01825922124369042	0.2977656458880773	0.03979903698796479	0.05713278332515052	0.01786483221411533	0.08886428190832939	0.03675708038436912	0.02042504991005754	0.07066330489179104	0.03387844873396607	0.0228217332189589	0.0387829799551281	0.1156553299881111	0.301456362438808	0.3643166725561135	0.01449566411840838	0.05769850523024918	0.0471744776453974	0.03336930058761013	0.0611239532836654	0.03833565919748635	0.01003858570907968	0.05324430603744564	0.9968274411886631	0.01029360377691851	0.03901453912904464	0.05815902525768247	0.04237685657138624	0.02358168067991168	0.02142659075321736	0.03297137912130707	0.0700504298911357	0.02375994825584784	0.01917672521712396	0.01679578365537866	0.02234412291453581	0.999997822557204	0.8118688528727586	0.01000286099886182	0.01000144909061942	0.01000085932721383	0.01193627336498483	0.05493674447279952	0.06590524046104698	0.03463135697410374	0.4379245749995535	0.1421622614606113	0.05746007739182776	0.184820762025866	0.1062369294004329	0.05552537015365584	0.01845572628947433	0.06253624015213949	0.9999982141542055	0.9999990384202059	0.02592368229814295	0.02219156712799284	0.137482806424598	0.02503085839982106	0.05369432727598315	0.01707601234176583	0.01000037183394039	0.1196798248116285	0.05429631733880563	0.01000066448229004	0.1609334458930538	0.4776624759322869	0.2424126932009562	0.04140494279603889	0.04121365532552004	0.05273978418949329	0.2798563177712431	-0.03738899329238082	-0.5987253934670629	0.834450672271961	-0.0595031004325732	0.9787663244388251	-0.07998162664888026	-0.4467702864875425	-0.001158800206561216	-0.07616233158141378	-1.096195512072882	-0.05457214567917064	-0.4212091186848614	-0.2218623326012146	0.4743750818286078	0.3009407003862066	0.05928746798491628	-0.1299675659385546	0.1993893898362388	-0.2782170393252584	-3.081610876374554	-0.1801428808116179	-0.03487388098170152	-0.05905558705013735	-0.1643138962033064	0.1006485289460719	0.7734696407422392	0.1971804709896555	-0.07096956859530175	0.1971804709896555	-0.07096956859530175	0.683302590651478	-5.14767752179394	0.683302590651478	-5.14767752179394	0.194371356719374	1.00523613254518	-0.1821182277753743	-0.5187420369319561	0.1810210869797572	1.176028933585087	-0.1502607423815737	-0.9587481838498272	-0.1017056132701878	0.4020610201966269	-0.1605484461551603	-1.573908973734524	0.05911331924576003	0.7184302241316665	-0.1522257065164609	-0.2277071126108446	0.5835088654494991	1.223461085110281	0.4313416277492111	-0.7373841339350355	0	0	0	0	1.569548518815687	-0.1040893900841676	1.526889909055339	-0.2865481593733437	0	0	0	0	0	0	1.639539620526113e-11	1.457277228829626e-08	0	0	1.639539620526113e-11	1.457277228829626e-08	0.4882571048310292	-0.4330685542762666	-0.4452035196809133	-0.03963225019941494	0.01594802254759383	0.006678418790492822	0.05376197635692963	-0.0009294725506481029	0.005339932023346055	-0.004257914680157696	0.08996021067362144	-0.07379051588268262	-0.003513672861082085	0.08536395310595386	-0.0008265256694018057	0.004137599683444083	-0.009989681203473376	0.09004117180824864	0.1525069985361311	0.04616820126686796	0.04469294093323435	0.06332715110200927	0.03829180401649207	0.01300729233928401	0.03244023770146096	0.9688444879385053	0.1763101914522726	0.3665006369075828	0.2631699090218136	0.01005862161402354	0.3763382791687436	0.01097203194338039	0.01066961638589091	0.01189136818091683	0.01580124340921389	0.01199591199087167	0.01136333264505707	0.05272975472907048	0.01758899093357163	0.01488313681361826	0.04869379905814567	0.1695830567477585	0.323514358523762	0.3628802894108489	0.01231487032712639	0.07984563789984027	0.05905230227144767	0.02770735133235502	0.01313742967019351	0.02165523001974849	0.01002424195662864	0.03919807623000084	0.9998563641477283	0.01018802720848968	0.04850701710345862	0.08592404410425628	0.05640294908609164	0.02267190312237781	0.01918807187692717	0.03752069000829936	0.09037235622239545	0.02418283271869904	0.0191417710703852	0.02006495558767207	0.01308810602839659	0.9999989789503366	0.9999961743948514	0.01000192612989425	0.01000095585117694	0.01000038521976143	0.01000012572680751	0.08463340621870728	0.1176612169366643	0.05443400358961582	0.4945763607887097	0.1863741409381276	0.09425673667388508	0.1971532266783385	0.1262362889576142	0.07757029962530275	0.01627709218601126	0.0321140128020955	0.9999987549036456	0.9999993239429469	0.02708845127570925	0.01500440496649353	0.1216828548576903	0.01422043212267773	0.0671507851015931	0.01733064427788552	0.01000015000201286	0.09890656268897287	0.179027707309683	0.01000044553554806	0.151695028231857	0.4554163166340004	0.2233921424095511	-43.18216674245639	2.817541903488146	-9.298420125844535	-5.19978613722135	18.39574182895714	-20.88166282913735	-0.275984940452907	-0.124710426965714	0.0005337626773922542	0.1338477026266897	0.1910257064025568	-0.05611840225445753	0.4360429744820363	0.1504574671731352	0.04963273493967649	0.08128965074910066	-0.1730205891679253	11.53134555134432	-40.92113849675081	4.250037355522321	-3.666215269716387	-16.34433155959912
1.26	0.0647485961951816	0.1057764424739231	0.03622668095243939	0.04093448682631802	0.04675325548867749	0.03062309090520116	0.03054052940242557	0.03669159523962642	0.8574686479845074	0.1711804646127541	0.3412285741514214	0.2486989805660948	0.01322987317648408	0.3140102242515161	0.04209503302984039	0.06148015571996901	0.0168317239567303	0.1022579149028783	0.04093146278610596	0.02066560848541214	0.07754851098207577	0.03542695919447549	0.02238320552634085	0.0381553853754263	0.1220923175238588	0.3128970956541872	0.3593473284441442	0.01403460988254475	0.05802325986278919	0.04624327282939469	0.03323820808331702	0.07177638397705458	0.03836464191215989	0.0100333737933213	0.0579215010719474	0.9979971456131946	0.01025803982022579	0.04037395507303797	0.061571550569552	0.04422118462400886	0.02129702971162795	0.01845453150566309	0.03148385365697475	0.06837422674182034	0.02237095178155707	0.01873794184214121	0.01703324246959641	0.02431285433072749	0.9999981471352833	0.8856709951260681	0.01000259729641981	0.01000131958580408	0.01000070175465398	0.01075517436166176	0.05972095374164375	0.07669017230887641	0.03818227946963622	0.4590895997527853	0.146742478016776	0.06356038427999881	0.1918131391502885	0.1120482406854686	0.05810093808631467	0.01866278096383491	0.05636937822210562	0.9999983047634817	0.9999990847755248	0.02290164054694102	0.02059273563462088	0.1437597296717595	0.02628900502241598	0.05042036847513606	0.01739568091068687	0.01000029511057965	0.1252254162734758	0.3030447575682583	0.01000060372991205	0.1650567665556949	0.483932640789165	0.2471818301196828	0.04166975694218111	0.00980946866257801	0.05543727674807741	0.2598498916879478	-0.04315430891082574	-0.5532442212941959	0.8338815872694716	-0.05441226810186076	0.9779098353618958	-0.09135731508417132	-0.4468603289648032	-0.0168812510596617	-0.08700655315140336	-1.070631649524437	-0.05875062011010433	-0.4145256859388415	-0.2172491858504583	0.4469255011976246	0.3014912773592305	0.05648428409413885	-0.1277065896579659	0.2557185208567274	-0.3090051926817438	-3.061523312793165	-0.1802930902373703	0.006297667633126453	-0.06049119208636693	-0.1233288733299966	0.1080587130701601	0.7084752218357346	0.1964628794131244	-0.07249000765249076	0.1964628794131244	-0.07249000765249076	0.6312598217571198	-5.251318177767542	0.6312598217571198	-5.251318177767542	0.2040989449434625	0.9392761705109669	-0.1872922428214652	-0.5151108850606781	0.1926581144598338	1.14841792743702	-0.159693807455095	-0.9269266365866944	-0.09757349304180714	0.423381104396509	-0.1762693287348312	-1.567777280150918	0.06618313310371211	0.6948366055304597	-0.1544980448812273	-0.2243732651268376	0.595812597728737	1.236364807563317	0.4240433716516172	-0.7227032615489051	0	0	0	0	1.568376064857861	-0.1309766589150203	1.52434961231868	-0.2167468734828755	0	0	0	0	0	0	8.200753360750036e-11	8.685184387934891e-09	0	0	8.200753360750036e-11	8.685184387934891e-09	0.4232303932557799	-0.5396632482489871	-0.4261971245106662	-0.0373495272194331	0.01571365921159591	0.006008916876296094	0.05373144526601002	-0.00108479072044411	0.005147517383585985	-0.004060091869293683	0.0868955080625064	-0.08066981716557224	-0.003142834137825134	0.08372045275286802	-0.0004747131963546798	0.004132305183771691	-0.009830038839464502	0.01508254135871019	0.01318008211707862	0.01651091797448603	0.03423225683414633	0.01373738190555884	0.01378315622806795	0.06602101488372328	0.04458391949586756	0.9886199323134186	0.2199663267867848	0.3962665559910689	0.2812839317068194	0.0101177991947512	0.2390052060517026	0.1055188708076346	0.1658986964735139	0.02608869913240655	0.288126153313095	0.1011973636644558	0.03923109249166368	0.1345714916991754	0.07142059003986698	0.03675474504077116	0.0163156682169074	0.03747881321451529	0.3228273049062634	0.3353472823050064	0.01710283105953528	0.01499765321562118	0.01755112006867964	0.04386146557547414	0.1973527197609539	0.0709685576973287	0.010045462496752	0.09908150234727642	0.9997271563562696	0.01035912131625302	0.02576274035760609	0.01831183507379888	0.02239197824610011	0.0156266808682566	0.01391267394739648	0.01719644136692255	0.02197484064664969	0.01660075599778335	0.01740530316334217	0.01143578759657653	0.04769299697005677	0.9999979681253089	0.9999930341606607	0.0100036697525291	0.01000188107675243	0.01000093809890867	0.01000028481802994	0.02359560024356451	0.01867101027169924	0.01308101893914757	0.4524282129369959	0.07973167794345122	0.01716180179983356	0.1938693417225101	0.09273303504734746	0.02576172878186919	0.02318983926611971	0.09787260209507034	0.9999977026583651	0.999998752901644	0.01512411724387026	0.03073058274450481	0.1979318713456654	0.05099110999234303	0.01058965055927096	0.01696797702025406	0.01000038831086678	0.1887229826501298	0.9153305584082418	0.01000085724800226	0.1937812966272552	0.5505341942481119	0.298522496012908	-48.92719403814756	3.591655688439961	-8.71678161302799	-9.88881238127539	17.05623242273052	-21.00259003931285	0.5692059530400957	0.2557716011577988	0.03243867132821558	-0.2682907780949964	-0.07813680122497862	-0.07698975562444149	0.5032458905557041	-0.3100536621141008	-0.09907746644271856	-0.1391937399091076	0.335009124895138	11.52995756340803	-45.49635244927823	4.37044996479964	-3.825276269017462	-14.92304695148512
1.27	0.06660993073237763	0.1076703063210823	0.03595355728515	0.04110060322614514	0.04656638317913242	0.02860673223597368	0.03020203577958334	0.03656657574399991	0.9082401740738187	0.1842519210896972	0.365298478149413	0.2723556147276502	0.01117539219393149	0.3283848773483814	0.04206680177944486	0.06176147160722201	0.0165623924967134	0.1037999218394751	0.04091802908936591	0.02053846076726232	0.08199617312878309	0.03470340982987626	0.02189443845225417	0.03715884311333093	0.1342361779015561	0.3218187763692217	0.3621187210668528	0.01380306420513242	0.06055963772533169	0.04556262653034134	0.03312185654887732	0.07263599577690243	0.03720443150883497	0.01003220413957324	0.05934765472755288	0.9987119299297896	0.01024944403763521	0.04164154003934488	0.0654316405297809	0.04621218381810276	0.03764090892719646	0.05665144954679701	0.04481776082702492	0.09502781108497681	0.03063749059831668	0.01885618304376774	0.01735180532192972	0.02411355899294597	0.9999983657202701	0.9309220642173848	0.01000247596232467	0.01000125784137926	0.0100006230578356	0.01025983056399481	0.05569196107167536	0.08138420024668107	0.05382901116885954	0.49480331621794	0.1442373581672751	0.04679507104953775	0.215937281232717	0.117310032801495	0.05028385640651817	0.01967443628870052	0.07819314763792606	0.9999983579699081	0.9999991112809891	0.01963832014469369	0.02062220074056158	0.1304345607087235	0.02581372722980716	0.05708454352739542	0.01699053781331494	0.01000025757179352	0.1396642316089348	0.6050460658636785	0.01000057562289904	0.16596913333149	0.4864352636051034	0.2490157582381686	0.04156576997400187	-0.03215781173974862	0.05794111424152527	0.2411545949537475	-0.04843812753035	-0.5030277543508327	0.8333603263149509	-0.04994694343501319	0.9769384347783027	-0.1029511067186548	-0.4471081065591533	-0.03266151388906642	-0.09753428964355119	-1.032921217458751	-0.06286551679051888	-0.4087044946696862	-0.2129489661149478	0.4119485488697912	0.3021768130997339	0.08551075878411529	-0.1247960192216612	0.3291304044899205	-0.3391283026376118	-2.945828764387151	-0.1799916595475013	0.05501243025535105	-0.06153435902820996	-0.08601290667994502	0.1148225977312479	0.6448205363105144	0.1957391300298047	-0.07148471624985785	0.1957391300298047	-0.07148471624985785	0.5784713302674646	-5.296472024280109	0.5784713302674646	-5.296472024280109	0.2131390493281322	0.8679638714104931	-0.1924030231948209	-0.5062484966946577	0.2039354169672148	1.104607093093036	-0.1687789615156129	-0.8890260851996276	-0.09325789342065768	0.4387345623515205	-0.1918549186538844	-1.546945809414027	0.07299943984906829	0.6680394109938892	-0.1566678360306808	-0.2074320893753596	0.6082142442151183	1.24270477713162	0.4168781610737071	-0.7108116025379031	0	0	0	0	1.56694180886726	-0.1546300667354979	1.522647423125774	-0.1193641596551553	0	0	0	0	0	0	8.426856350986978e-11	6.687348458291477e-09	0	0	8.426856350986978e-11	6.687348458291477e-09	0.3483959143688257	-0.6610729961447165	-0.4052921203623094	-0.03468419777654948	0.01568093627052946	0.005617981610761826	0.05331146551542792	-0.001122687432607543	0.004972485427575706	-0.003784190834785271	0.08474254709618857	-0.08816111050196813	-0.002889689263726816	0.08230422308458314	-0.000165579865227888	0.004093319412929643	-0.009708893934065032	0.09407025004232909	0.1566412158144948	0.04532046538499773	0.04469265304965662	0.06268214939974237	0.03419092366477161	0.01218830453214627	0.03232609992454205	0.9841071782876295	0.1842264457116373	0.3915792180365592	0.3058061115927637	0.01008091881660629	0.3978634565382397	0.01077910505407709	0.01053594320123145	0.01142621489920935	0.01506305605734266	0.0115788690171352	0.01106611850553795	0.06172094510025757	0.01612153743135031	0.01390116436214557	0.04656652076370647	0.1983573907582631	0.3358436808941397	0.3804277727064796	0.01188312397398086	0.08572974897787378	0.0588187127084251	0.02755819761246868	0.01222390559778467	0.01937885147964998	0.01002472737378821	0.04189409583757368	0.9998444298234944	0.01018823278112561	0.05067227303058597	0.09279820610894746	0.05993036016035817	0.0630556399977162	0.1141581440564159	0.07114731290530477	0.1618242569441029	0.04488979477620653	0.01995068399217012	0.02065977518322886	0.01282037609946447	0.9999991219117704	0.9999977678784479	0.01000173780979443	0.01000086464752738	0.01000036810257882	0.01000009597259396	0.06947589898954312	0.1202323842627457	0.08947632131684818	0.5763129284605104	0.1722843909513554	0.04537527648643155	0.2539941041754274	0.1334255268582446	0.05503540449454277	0.0191747529650132	0.08282433773020545	0.9999987606311557	0.9999993199054558	0.01899347894794697	0.01518823054637991	0.07935165792248804	0.01299944887015364	0.08693188596675187	0.01864628699387587	0.01000014738030279	0.1241041838004077	0.9999989296020215	0.01000040192078424	0.1536299384866686	0.459271602665458	0.2269471511227303	-53.9640263862696	-0.8781643816022792	-11.64833171978463	-13.67374406762222	18.74823523787634	-16.28829332808928	-0.2925875012588944	-0.132017419223144	-0.002118422888868484	0.1353738304873776	0.210458825584677	-0.06138292668378306	0.4958132410424491	0.1556068313642527	0.04503714261966586	0.08081251388025043	-0.1740576835151836	9.119730015151239	-47.9419863513141	4.439219295256641	-4.004702193562124	-13.87037094148537
1.28	0.06710283016305439	0.1084340407218487	0.03552877176048835	0.04120235911266951	0.04629818539112242	0.02768998748812499	0.03108447316152141	0.03606105139058841	0.9387697702005434	0.1927843483020888	0.3775105834870597	0.287633312338418	0.01054030142742653	0.3367135698051961	0.04480413292430357	0.06656814228335252	0.01585310601276601	0.1180304009971595	0.04491094632294646	0.02048957857119247	0.09025664747416415	0.03625380240086584	0.02111601009356245	0.03648490764684888	0.1424957744213534	0.3253333374956421	0.3636684151383963	0.01337773169608436	0.06139111423899447	0.04509335713082881	0.03274105587325414	0.08070520818806506	0.03721193560583236	0.01003212124784731	0.0643443411158454	0.9991330225878342	0.01024826314280835	0.0419035957330685	0.06690038168942759	0.04685637535122391	0.04314284963486773	0.07092986102532214	0.05064759349339362	0.1087098976181749	0.03389617929550892	0.01999905152927536	0.01782952628739878	0.02681305693279459	0.9999986061683629	0.9579635041635648	0.01000224646952614	0.01000110091674109	0.01000045012448801	0.01010183580083676	0.06076539494764511	0.092573955598053	0.06067566092851216	0.4911700212949704	0.1407279818308916	0.04072508504006001	0.2066832811394554	0.1121091095699426	0.04759605840765215	0.02177186171418745	0.06284941594054473	0.9999982951551547	0.9999990641287202	0.01776498832001422	0.01903266606483816	0.1188354891475043	0.02645084512873397	0.06004040201568422	0.02488484406676634	0.01000018193442478	0.1218982235860317	0.7631997318717832	0.01000052176721068	0.1677575685027525	0.4880811653556931	0.250151568454511	0.04100126275106735	-0.08168451505883703	0.06026577724208677	0.22408764801255	-0.05321045612991457	-0.4514669568923529	0.8328806379540207	-0.04607831678436874	0.9758505722531629	-0.1146124371848909	-0.4475128501490654	-0.0482295681313256	-0.1076277447960632	-0.9841066425592595	-0.06693193419009853	-0.405049056816275	-0.2090315244493473	0.3705848220866895	0.3032876474009925	0.1402908591937172	-0.1210738519065547	0.4175141087348037	-0.36755634411843	-2.720763033020912	-0.179178174464616	0.1080977643340975	-0.06222777693404192	-0.05359642406414459	0.1209702515908173	0.5856635767835556	0.1950550845660622	-0.06394228384712868	0.1950550845660622	-0.06394228384712868	0.5255301907987748	-5.281727098237185	0.5255301907987748	-5.281727098237185	0.2214445858205034	0.7925496525291486	-0.197402623354079	-0.4930044017579879	0.2147070718389937	1.047846928535454	-0.1774521085369622	-0.8444832701108423	-0.08881900035397175	0.4480294399378785	-0.2071617194993651	-1.512148913138623	0.07953839671410252	0.6395584262511909	-0.1586056890733373	-0.1781840892963979	0.6206386933851554	1.240662597010055	0.4098185427520021	-0.7014703788486857	0	0	0	0	1.565310476610787	-0.1698853151846669	1.522038524392305	0.0007423667103707374	0	0	0	0	0	0	9.052616189940053e-11	8.140565550147425e-09	0	0	9.052616189940053e-11	8.140565550147425e-09	0.2693041959169313	-0.788047660501603	-0.3850663447659749	-0.03200492933112491	0.01537742232671105	0.005400493033501435	0.05247979604801791	-0.001093275825586128	0.004800614914331986	-0.003441837740671794	0.08422566935726862	-0.09579832805267183	-0.00272785667042536	0.08148225702424809	5.988683168890042e-05	0.004034194204069073	-0.009678243540083262	0.01414900425675511	0.01264553708337637	0.01553212087560742	0.03436182313788396	0.01314364723224302	0.01319247447426567	0.06907893176648014	0.04315963285636315	0.989918411945332	0.2307884365978341	0.3950187963556859	0.2960621872998519	0.0101960861033762	0.2405181983223231	0.1143587341057575	0.1818877159812634	0.02422627462566633	0.33908626307658	0.1140439677892523	0.03920177570221454	0.1574338435275463	0.07696860228046329	0.03486919816459397	0.01539658453906215	0.04494240279899962	0.3182063761439475	0.3355582226230642	0.01606348059323763	0.01431319352487226	0.01692157958699316	0.04281275935948212	0.2245324079677682	0.07212558610165173	0.01004630959839046	0.1138336933729502	0.9996882689638742	0.01036367576013507	0.02513792762270569	0.01784270352303394	0.0220449132822841	0.01442387650773474	0.01240244486633055	0.01969447367557676	0.02719661360142997	0.01768920284644904	0.02069204865647493	0.01253488302869179	0.0561457675964418	0.999998514610813	0.9999968068182972	0.01000310997141521	0.01000147852795714	0.01000050441257465	0.01000014474888991	0.04444119279244768	0.04790287635171644	0.01504057850609361	0.3425941296149354	0.07180538804987147	0.01897830848400411	0.1152734897726247	0.06750703687616764	0.026880172880935	0.02849166470267469	0.02376785971033295	0.9999972289653186	0.9999984376239071	0.01282628181968268	0.02593698824627107	0.1749450020091387	0.05339095069929661	0.01125478548173454	0.0410637940763855	0.01000020153189425	0.1065485877666923	0.9999989415079285	0.0100007255412464	0.1988968664548137	0.5517937197318821	0.2996335037073605	-61.01747479868613	-7.914324423180028	-10.70289945813046	-19.13347181878826	15.23692889818745	-8.711946091744737	0.6042975581231727	0.2713210855203192	0.04707547031007224	-0.2716632489872454	-0.09637349389336744	-0.08023914866655625	0.4989175642778288	-0.3190558059035505	-0.08043219626073773	-0.0997924722498123	0.3348290390352741	13.97964534254745	-49.17979051934243	4.474053255219423	-4.070809735358955	-13.28034335339022
1.29	0.07064073949780514	0.1125362267006595	0.03513064014588157	0.04100183304122805	0.04655810740688753	0.02635636161786986	0.03092973446779475	0.03635357554714271	0.9565090762614293	0.1991018329654573	0.3830299162816078	0.2956329748691112	0.01027457866882308	0.3490441423236673	0.04484416123333015	0.06701771219991572	0.01565565193138924	0.1205592131178297	0.0451146165392539	0.02042756447274405	0.09569414752619655	0.03568950261223303	0.02075645845591247	0.03574795902542775	0.156521140779475	0.3277718496594396	0.366819649160234	0.01321402799029294	0.06526414867121746	0.04800269094991808	0.03286061051219074	0.08208683143276556	0.03638163606589224	0.01003172467400353	0.06528122574281243	0.9993872443103768	0.01024475426142201	0.04296716555235371	0.06905686414858363	0.04797622556973118	0.0394178731066632	0.07836282481947725	0.054290415621922	0.1179213746780029	0.03229012957053758	0.01790610357460928	0.02271094444667997	0.02708971045278311	0.9999987819730671	0.9745619278071648	0.01000210725148277	0.01000100396319156	0.01000035662636554	0.01003502451222008	0.07477316852236829	0.1149810826981556	0.07870126662287572	0.4951058802192964	0.1405705447299286	0.04648468809205106	0.2069380812466317	0.1130254548215789	0.04932177498856052	0.02080995435402201	0.05835010112555863	0.9999982099098345	0.9999990055426563	0.02412597104949976	0.01684112741513524	0.0913085078116451	0.02659886490369704	0.04773310483530623	0.02283910748281433	0.01000014108596091	0.123589150800813	0.8578560413560151	0.01000048899887021	0.1588798340957452	0.4727385297391086	0.2387353470475583	0.03992088269822103	-0.1345407550085134	0.06242993090170197	0.209140031440884	-0.05747224240816604	-0.4013110124404521	0.8324374668267444	-0.04259120925266931	0.9746469168595966	-0.1260507634123384	-0.4480711349822892	-0.06333022446048192	-0.1171890591509544	-0.9271413266944275	-0.07097794542854359	-0.4048212887582444	-0.2055541308257582	0.3241616631715659	0.3050394120548677	0.2120389082048039	-0.1164092867541164	0.5167769854998107	-0.3931574157897063	-2.380200010250074	-0.1778285430165975	0.1615157090120982	-0.06262690558696189	-0.02735899303294457	0.1265575438872501	0.5329639580338311	0.1944925672705804	-0.04675845844824877	0.1944925672705804	-0.04675845844824877	0.4730368592409227	-5.206994288283351	0.4730368592409227	-5.206994288283351	0.2289795640987859	0.7139797432026477	-0.2022508355761552	-0.4760701738189002	0.2248605134003087	0.9815297633262968	-0.1856468477058339	-0.7934345956059889	-0.08431768109178225	0.4512115581750738	-0.2220532632753021	-1.463937183938587	0.08578758840134251	0.6101451787860142	-0.1601941895342605	-0.1377377434145593	0.6329951323642494	1.228929271000464	0.4028437775145195	-0.6936003523404236	0	0	0	0	1.563584128232091	-0.1731339036230617	1.522708900494324	0.1347417890257176	0	0	0	0	0	0	6.455502487722298e-11	1.592919077840059e-10	0	0	6.455502487722298e-11	1.592919077840059e-10	0.192861532424092	-0.9122946785528416	-0.3682274688088022	-0.02979709274552417	0.01448420105423958	0.005323359733593154	0.05122904812496886	-0.001003053880736514	0.004634261204135536	-0.003043054410586255	0.08565404027144863	-0.1032666591075025	-0.002598436646164617	0.08145911457537335	0.0001781498393054197	0.003968436840210969	-0.00976705507300463	0.102355272652135	0.1668986945650437	0.04447481953612392	0.04424099620251574	0.06339351256823329	0.03172201515197213	0.01178165992796434	0.03319086549955316	0.9759566276790115	0.1888498318022746	0.3848057476747424	0.3100278284472816	0.01015030079185278	0.4240193384850893	0.01063434229675874	0.01043693517221274	0.01109708079866526	0.01476539603694798	0.01129141489402591	0.01085892472412045	0.07195760067761638	0.01491645165918753	0.01320707048887459	0.0451615843099808	0.2306134871031017	0.3360216423921815	0.3887481929384271	0.01158774290490309	0.0945185365997417	0.06597604211818618	0.02788676017713726	0.01203607363172068	0.01814867159073213	0.01002496930105149	0.04311043347020045	0.9998077682587445	0.0101883645748994	0.05253162119256614	0.09651696229101811	0.06167934802662168	0.05165600385051306	0.1229104067417467	0.0762316056621713	0.1783370661497799	0.04031198767547594	0.01638634178953807	0.03186874457863233	0.01313529887870553	0.9999993552871804	0.9999988235212884	0.0100014638333562	0.0100006656789533	0.01000019225454096	0.01000004674947241	0.1016408670714077	0.1717629530065026	0.1295864048896385	0.5851336526675786	0.1695571511467696	0.0650305505635467	0.2582196077073978	0.1353272284040362	0.06117990975792929	0.01839109273947212	0.07721299916212306	0.9999983459166349	0.9999990355736137	0.03497649485184853	0.01318014904822345	0.02436821109469247	0.01297974373515349	0.05675600470998839	0.01751086236557328	0.01000007135996956	0.1329855779205132	0.9999996804830084	0.01000033716939909	0.1299960885731566	0.4063815774476167	0.1941860197674251	-67.4003293568136	-10.92131342147147	-9.671003083244152	-23.12689906270817	15.17428519831651	-5.626241601236251	-0.3116362030119055	-0.1409831495526246	-0.006376538995931364	0.1368311873797419	0.2248328271773861	-0.06188348623717505	0.5175641277692836	0.158510832364741	0.03643167616642218	0.05391143368927759	-0.1734166857709034	21.48560879011829	-48.89120088378864	4.488183517988337	-4.214145401755723	-12.4539686151903
1.3	0.07184947062927305	0.1143658411462068	0.03470540334443533	0.04132566760180127	0.04647022702477961	0.02567389124351774	0.0314512972973368	0.03641349015960562	0.9579490209510755	0.1935785516461074	0.3808008472109449	0.3039925359674607	0.01037722893126701	0.3538782641206266	0.04798140088654676	0.07187135202011731	0.01513579769822905	0.1343389106494726	0.04813149185844035	0.01996783266068412	0.1042935144142909	0.03721047789947118	0.01987072095735599	0.03520925124215341	0.1636574339439511	0.3273485164679249	0.3702251628923206	0.01286843650976531	0.06662404997315238	0.04804463737126743	0.03253656272914434	0.08686528258651133	0.03770171205521167	0.01003511043181106	0.07067711352987728	0.9995124302130621	0.01026774882333313	0.04216791557026038	0.06906550863962163	0.04732672809378791	0.0505134844034269	0.09493106782618385	0.06003385929914245	0.1362234642150208	0.0401855588595562	0.0236016214222519	0.02432915206445846	0.02878568352626195	0.9999989580202223	0.9845160664264374	0.01000192683328742	0.01000086974211595	0.01000025585790219	0.01001375705508829	0.0709659631210679	0.1149859908492797	0.0860828303843746	0.512090384180364	0.1248270131138287	0.0464539734737842	0.22304655638276	0.1087208864225175	0.04631487969645191	0.02939049503271099	0.07937444834368267	0.9999978419602003	0.9999987320300775	0.0257199806770656	0.02688594284515521	0.09135393355131062	0.02547374177099991	0.05393782264004533	0.0440366133952929	0.01000009716988841	0.1207280432551912	0.9135699551172772	0.01000044602935456	0.1619499659064732	0.471575092341616	0.2408370444607829	0.03831628894816275	-0.1856344829736856	0.06445733616983707	0.196816731062004	-0.06124804274695067	-0.3545525616951404	0.8320288650760418	-0.03908414457417116	0.9733316300686901	-0.1368652270342089	-0.448777169590765	-0.07774594678343498	-0.1261587484821976	-0.8666605650791448	-0.07504340668824627	-0.4091000616822881	-0.2025606018153668	0.2740608647033517	0.3075492754484826	0.2900145935702761	-0.1107211128699369	0.6211575238585976	-0.4147880873142963	-1.928385448907928	-0.1759617411569874	0.2107724321061893	-0.062799282271591	-0.008411159174490104	0.13165345384609	0.4874143742644484	0.1941585833076882	-0.01801238813740512	0.1941585833076882	-0.01801238813740512	0.4215871613111528	-5.073223123278389	0.4215871613111528	-5.073223123278389	0.2357156605553639	0.6328433268983243	-0.2069133406373179	-0.4559217997391848	0.234316771581519	0.9089325192307611	-0.1933021907264405	-0.7368280137970125	-0.0798152831324468	0.4482410715680562	-0.2363953937704874	-1.402179951062276	0.09173822814256941	0.5797914317826882	-0.1613268956611949	-0.08724560551955328	0.6451823421501557	1.206733054731656	0.3959472978984236	-0.6854895712952284	0	0	0	0	1.561896766557254	-0.1617515328957121	1.524740910427843	0.2709601042563197	0	0	0	0	0	0	6.318628032274617e-11	9.992713884914771e-11	0	0	6.318628032274617e-11	9.992713884914771e-11	0.1266853045722861	-1.027844498313194	-0.3575572655511116	-0.02837448226592377	0.01279406492668591	0.005317754705430429	0.04964106401106005	-0.0008712507406988064	0.004469806989338202	-0.002610297362931696	0.08900001840704462	-0.1104279457819698	-0.002441140967628074	0.08229305139571759	0.0001811398195941526	0.003904047264240844	-0.009983951184412056	0.01313961997613482	0.01197193544077185	0.01469129458994338	0.03557686221625263	0.01256559840621312	0.0125573464961857	0.07084663623211894	0.04303924902984175	0.9439755998223873	0.1993499064692179	0.3725680498811718	0.313680962505855	0.01074550037685089	0.2315096349554409	0.1245004769617726	0.1980647441411069	0.02286387901253014	0.3887135378039911	0.123641906254397	0.03787080905472206	0.1806741593982616	0.08228767161350777	0.0325423687316682	0.01459210603849835	0.04445197670274077	0.3110871487031532	0.3428077196003647	0.01519693842396398	0.01344321941204698	0.0135883413275905	0.04169931184175735	0.2400421081584528	0.07706983382780613	0.01005660661897762	0.1306316241757828	0.9995515334445109	0.01043440293987591	0.02149116591235331	0.01499201960356384	0.01873556609991117	0.0529091185333574	0.05500831877304747	0.03302628108556654	0.07376376735268567	0.04350741090959419	0.03984238255408305	0.01240702255042333	0.06111352365261403	0.999998867432476	0.9999981237293569	0.0100027107394051	0.01000117535571702	0.01000029610036117	0.01000007906926564	0.01447029551993389	0.01364163236652928	0.01339590479645411	0.4096388735992848	0.01887181861123469	0.01216036510777863	0.1752035180393542	0.05181274471779341	0.01564266947601027	0.05551653993110429	0.09672655143890314	0.9999956449531079	0.9999972458192044	0.01109278398376631	0.0584889966949392	0.2076232249294602	0.04980615334261924	0.04565028075102832	0.109340730049542	0.01000011084103057	0.0942600950968393	0.999999534090151	0.01000063009565054	0.2237992759792767	0.5844732275090109	0.3286967075031851	-71.23665716256741	-16.67845869332573	-10.52949893551179	-23.56390964741771	11.72394015310931	0.09134361088961448	0.6451321485925986	0.2907112689471725	0.06651749298317206	-0.2744377180885083	-0.110236587444868	-0.08644228283706164	0.490253991231167	-0.3286191073869537	-0.06901822754104397	-0.05658576409651622	0.3350722620229866	30.51838894648359	-47.18166189398157	4.488227709173219	-4.207913838546394	-12.34370444645121
1.31	0.07722619479140426	0.1215833279002893	0.03468490099476425	0.04156925614093878	0.04765286714552404	0.02507053937122807	0.03132473002792629	0.03691930481398475	0.9514681552586	0.1842153381866684	0.3773814664849711	0.311091862866238	0.01060635342617112	0.3626336961334634	0.04806309050291394	0.07240561346708464	0.0150126663316514	0.1374912458576225	0.0483229898257115	0.01988630838904987	0.1101960538081992	0.03673221982448776	0.01958439234022042	0.03484162942635769	0.1789016065163276	0.32780389736616	0.3778855921658085	0.01275346949991255	0.07142600595302234	0.05362698297645049	0.03272157486131076	0.08795386679958153	0.03719196322540424	0.01003761731918065	0.0707859060550653	0.9995801267006034	0.0102823575270418	0.04246755985820929	0.06913679947904221	0.04731139503268675	0.06562367395554333	0.1258368346205302	0.07851799630874542	0.1613704540461655	0.05537884625024923	0.02361090554994227	0.04111529752781153	0.0289345809265915	0.99999907936066	0.9906279647116164	0.01000183199632486	0.01000080074954053	0.01000021058377233	0.01000475371864555	0.07135059885308319	0.1223323851411771	0.1061512640516148	0.5293228922523159	0.1138194717097497	0.03027881964046062	0.2345887631460734	0.1056547199546796	0.03503080896895401	0.03729647586383466	0.08580172157918237	0.9999975030073871	0.999998533613629	0.01755873332279237	0.02547262995905009	0.07853931086139308	0.02401712404683922	0.07031767587564025	0.05983805827808072	0.01000007746199695	0.1217188330828324	0.947739095921593	0.0100004234022927	0.1543621267661333	0.4574868714339201	0.2305413963308612	0.03623204992675111	-0.2295842577032249	0.06637643094253166	0.1875394719865542	-0.06458015293687862	-0.3128696065155685	0.831657626381831	-0.03502268311496212	0.971913217684667	-0.1465984514851036	-0.4496230873553017	-0.09126965748046974	-0.1345290305025407	-0.8082011062276918	-0.07917787749001017	-0.4187531780410579	-0.2000789662746466	0.2221921701331606	0.3108219482312592	0.362682729138845	-0.1039923866200391	0.7236366564569707	-0.4314090216240645	-1.382207076141646	-0.1736416871140134	0.2514761194446497	-0.06282242217843814	0.002351960817875135	0.1363294700933446	0.4489639441086543	0.1941737477060406	0.02313646329504993	0.1941737477060406	0.02313646329504993	0.371764098952254	-4.881943226364034	0.371764098952254	-4.881943226364034	0.2416288357256695	0.5494209924807427	-0.2113593549659149	-0.4327907194416575	0.2430281240949907	0.8330107166318015	-0.2003704404334337	-0.6763496260764984	-0.07537336072222177	0.4391227698082461	-0.2500490114725992	-1.326057115782775	0.09737845997581784	0.5479444401538677	-0.1619112433393055	-0.02843765136141458	0.6570940795148627	1.173839980951263	0.3891417114788164	-0.6750570159364074	0	0	0	0	1.56040178191771	-0.1346367118594307	1.528092077009308	0.396388059772936	0	0	0	0	0	0	5.747618655805781e-11	5.407768461237097e-09	0	0	5.747618655805781e-11	5.407768461237097e-09	0.07807101128280645	-1.131629196852895	-0.3556244342684297	-0.02787847326945158	0.01019336266000549	0.005293638736891007	0.04787499153130977	-0.0007258408243134368	0.00430029170705504	-0.002175730370793191	0.09400532104450175	-0.1173205808760149	-0.002222279427501565	0.08393473433996158	7.360580148412688e-05	0.003840218211292978	-0.01032347911614306	0.1147987516727409	0.1847900610038818	0.04457018865637244	0.04486039857008585	0.06621155999508034	0.03075087416369526	0.01158103507137194	0.03445975870270521	0.9440699797547423	0.1652187338503327	0.3745257273810815	0.3221557029958472	0.01076421658142107	0.4441813171406819	0.01053062754843475	0.01036758673353389	0.01088352797153383	0.01503728553480541	0.01109421358440769	0.01071526473591628	0.08302498182088781	0.013965166304806	0.01270607042056278	0.04454110536576614	0.2661974487750783	0.335879642006424	0.4086558832932672	0.01139091314893901	0.1052469396657694	0.0788843833869648	0.02829931732127006	0.01228143394114769	0.01756317985396847	0.01003008083356324	0.04217096101311169	0.9997499508336071	0.01021782170538915	0.05285912507559012	0.09590819672405088	0.06123687618904129	0.08631455533483824	0.1994841527679146	0.1191378389803808	0.23355813994335	0.07358387519742855	0.01546669016919202	0.07063826165576062	0.01333297033761642	0.9999994832988652	0.9999992114672704	0.01000129201337716	0.01000054262806111	0.01000012562932949	0.01000002842603587	0.0998657208370618	0.1851783806232755	0.1758430485803081	0.6313437571170032	0.1475303310223069	0.02470842175006946	0.2840797694014628	0.1324167123969051	0.03469937476698129	0.03346712088002442	0.09205330747757959	0.9999972501852814	0.9999980969579888	0.01401623888332768	0.01197289237952808	0.01203977006020259	0.01222622885491983	0.1087198988345732	0.04171649392435857	0.01000004232218532	0.1409242635494003	0.999999818324005	0.01000029604780563	0.1114873187342398	0.3662051354857689	0.1676147214906001	-78.69030931330616	-25.78064820623448	-11.79891150390542	-26.7317163734261	7.572715521370287	8.929360248129077	-0.3345726175345508	-0.1523641770992064	-0.01287740134543823	0.1379365198713702	0.210962454993634	-0.04861494759639017	0.4448102961892891	0.1663828493239727	0.03677255508109951	0.04302301620624394	-0.1726960202431311	39.25754650310225	-44.45125361975602	4.479566737950094	-4.283952497186592	-11.7372887871293
1.32	0.07934358528319106	0.1250712665935823	0.0344142434347642	0.04195346010080592	0.04794689659042876	0.02466400793181927	0.0321478452544218	0.03772454917761085	0.9550863957319199	0.1832426967309346	0.3777139467741136	0.3163109225823269	0.01087523847975115	0.3693996336145424	0.05182283663907635	0.07730911017142875	0.01455622940694742	0.1507366593979437	0.05077550925206266	0.01948549319723845	0.1198445955681548	0.03864996535128887	0.01884962800780061	0.03444261096661104	0.1846589245559706	0.3254104806591356	0.3806472505789173	0.01251309210359865	0.07324470160696867	0.05530664757869447	0.03244830771472031	0.09124870690619873	0.04025004150985119	0.01003838124842109	0.07595779163374256	0.9996203957816872	0.01028709181528535	0.04125125340378629	0.06846285905389134	0.04618174539855614	0.07005047811379254	0.1435793237208147	0.08098804694725414	0.1589997536501364	0.05366547099994114	0.02353853801121149	0.04708992754635676	0.03069630521053115	0.9999991899471355	0.994294950496138	0.01000169319277508	0.01000070960566393	0.01000016848053736	0.01000188402349303	0.07102992771808955	0.1256076743305806	0.1153164884422479	0.5550124068462322	0.110044998810439	0.0243275368522944	0.2475385627268335	0.1164518008110587	0.03208427816778028	0.0346190742502203	0.1062881772971949	0.9999964951201493	0.9999971661737177	0.01488477093820663	0.04173266617419309	0.1110309755819354	0.03278034093930914	0.1118769957424506	0.03943609129531527	0.01000005879375371	0.1364112820888074	0.9681940994139452	0.0100003902722563	0.1550191096982969	0.4490520347454912	0.2290414733824397	0.03376517289059493	-0.261399109877387	0.06821931730066631	0.1816134338756454	-0.06752933006693843	-0.2783782481885076	0.8313322153812398	-0.0298210829136431	0.9704047658577306	-0.154802501339666	-0.4505987337998056	-0.1036425420559644	-0.1423475174507504	-0.7571276830703795	-0.08343874441503019	-0.4344808877775485	-0.1981120317300391	0.1717922325764759	0.3147485287177523	0.4191016352641078	-0.09628063662420863	0.8164365107570249	-0.4422181659836427	-0.7722237518597942	-0.1709730633206946	0.2799706033202486	-0.06278210215546438	0.004163476266213413	0.1406566458744408	0.4177080267901168	0.1946629144710134	0.0767486228782483	0.1946629144710134	0.0767486228782483	0.3241346357308908	-4.634747734995783	0.3241346357308908	-4.634747734995783	0.2466966405284251	0.4637603927768139	-0.2155592519016959	-0.4066834418616217	0.2509745136259579	0.7563316163348265	-0.2068236676420154	-0.6142237878470033	-0.07105305021009137	0.4239429398186404	-0.2628649799904818	-1.23448536994268	0.1026896207062591	0.5138506908133231	-0.1618776207775261	0.0357167664162925	0.6686243774939452	1.13053371052434	0.382461226467221	-0.6601108776104163	0	0	0	0	1.559253333521529	-0.09281389144029509	1.532590840308745	0.4985530332749976	0	0	0	0	0	0	1.059818906230429e-10	-3.231249154973541e-09	0	0	1.059818906230429e-10	-3.231249154973541e-09	0.0532494966388399	-1.223485614135827	-0.364356027236094	-0.02826670521019427	0.006643270150272634	0.005149048845085244	0.04614891138757564	-0.0005998156488308355	0.004117113556801682	-0.001777367900003559	0.1002971851387519	-0.124131583804991	-0.001953049215153248	0.08626789854493477	-0.0001291091125487285	0.003766833605945151	-0.01077122538620739	0.01229098223696207	0.01139983392884548	0.01389901003035891	0.0364900963896462	0.01203972748433298	0.01197463428960827	0.07353139118386025	0.04498840363938199	0.9814849617353584	0.2114862279005579	0.3819659844986876	0.3201975269396766	0.01132095630569555	0.2388067738676216	0.1367310926893713	0.2145185054130648	0.02162256471937641	0.4368015731255803	0.1314762203308993	0.03673749369005722	0.2073932625790599	0.08879797815426738	0.03060553836185883	0.01379771268928471	0.03556042614541926	0.3001045763862294	0.3366295434794633	0.01459576799926662	0.01260792964491647	0.01185137710990147	0.04067516994793537	0.2506981892620417	0.08720954939801749	0.01005651007132449	0.1477998077934783	0.9995497893926975	0.01043466429412488	0.01744773642986992	0.01279481583176787	0.01530463858740449	0.04882228005846564	0.06638427145316876	0.01620261644090157	0.02156658773420858	0.02079168287154387	0.03961412279196332	0.01160590837949312	0.06643002951482133	0.9999990563435407	0.9999986276272741	0.01000239215889816	0.01000097242490469	0.0100002148488506	0.01000005612346923	0.01294466173633185	0.01216156468291421	0.01179890802872223	0.4819500406459696	0.02441778537148647	0.01230510504756531	0.2023975471796716	0.0925583329033064	0.01946469575970174	0.0394147897797717	0.1578175217182159	0.999991622375359	0.9999910038689933	0.01139128698991802	0.1109867513323897	0.3373984174727567	0.078289262926096	0.1628945543779151	0.02930801909789466	0.0100000744733941	0.1436342432827613	0.9999996897672194	0.0100005540477809	0.2372799785297555	0.5799243900081507	0.3404994603395429	-83.14934692322367	-28.95760481913281	-12.6379451145385	-25.94302799593142	1.962478170075013	11.33258622387213	0.6940050173640915	0.3153334673924092	0.09237154060977321	-0.2769239513194536	-0.1384380145929245	-0.09087802921973226	0.4424484775504512	-0.3499379804849882	-0.05786161096273854	-0.008139809416902146	0.3313933751231484	48.58863499461279	-42.29311875894253	4.466083137730527	-4.263718982512803	-11.5563286228735
1.33	0.08612472906291177	0.134485280213544	0.03505025139818809	0.04353440910372348	0.05019748452532134	0.0245795804428686	0.03195932334381929	0.03762982557338325	0.9681284598458737	0.1896194634481345	0.3837162695636875	0.3241629963155441	0.01105575934849328	0.3837846441057786	0.0519529600991335	0.07794037017464321	0.01450934161396868	0.1544960282900051	0.05078645799944599	0.01931196879626105	0.1268473001415932	0.03821561221775822	0.01854385695869448	0.03427247322968939	0.2012237249922228	0.3260269002807291	0.3872824013122413	0.01240330377433341	0.07872543470852669	0.06216172775522387	0.03200910161317902	0.09188149820710059	0.03974195113538791	0.010038621066592	0.07477979025856846	0.999648000248912	0.01028711636488348	0.04205418325913099	0.06814449989444199	0.04651166366144164	0.0579255471365528	0.1286115554381537	0.08273130961248848	0.1645837748549146	0.05077314636287279	0.02233767398683284	0.04983098484985128	0.03095077559569978	0.999999265284194	0.9965466075996976	0.01000161862146203	0.01000066221970706	0.01000014824567066	0.0100006694614825	0.07786933328951602	0.1317069168137979	0.1188088319601898	0.5734767433681847	0.1122008213368582	0.02127569970883018	0.2530528396425535	0.1207572105162815	0.02996390603516663	0.03461799818829248	0.1033437697154703	0.9999956305537605	0.9999979047414367	0.0129712702757457	0.04239570841153389	0.1144024987281533	0.03354011107429714	0.1223907970191454	0.05295940090669634	0.01000004981992929	0.1433948208600132	0.9807514940426391	0.01000037248269211	0.1433209574864927	0.4277300274345784	0.2158013442917772	0.03105778896718889	-0.2771532027156348	0.07002026247031158	0.1791448414857545	-0.07018062588997181	-0.2537525004437064	0.8310668572325008	-0.02292800208285183	0.9688235520904873	-0.1610945843291118	-0.4516910665027346	-0.1145553349173577	-0.1497105939531555	-0.7176976611823228	-0.0878892875508845	-0.4567298995302892	-0.1966229342034959	0.1274595805215864	0.3191200546770229	0.4504645738462548	-0.0877220476186048	0.8917512936526629	-0.4467818567537051	-0.1409960611608866	-0.1680910364873489	0.2938916083905273	-0.06277087107428964	-0.003521929454469547	0.1447095526438351	0.394227859866524	0.1957487533137381	0.1423603403318312	0.1957487533137381	0.1423603403318312	0.2792514029843184	-4.332857553777344	0.2792514029843184	-4.332857553777344	0.2508961632469363	0.3757331825223511	-0.2194826305589709	-0.3774576715538088	0.2581593089109918	0.6810010716898498	-0.2126575013314445	-0.552862312560252	-0.06691388456163071	0.4029602407955766	-0.2746854342151775	-1.126993076266534	0.1076455864713849	0.4767939235440891	-0.1611948514299705	0.1004127168048707	0.6796725436275621	1.077578744883454	0.3759611486849141	-0.638691863438982	0	0	0	0	1.558583292399811	-0.03973409917984196	1.537952185091755	0.5675906341200609	0	0	0	0	0	0	8.521723689334261e-11	1.27836015387112e-09	0	0	8.521723689334261e-11	1.27836015387112e-09	0.05619371495308656	-1.305233433723144	-0.3847666680836478	-0.02934060461722212	0.002183555735174771	0.004781942507129881	0.04470998502664775	-0.0005268546678528677	0.00391164263388039	-0.001454289359034345	0.1075826745948836	-0.1311016683332655	-0.001703236590731298	0.08916639703954618	-0.0004054705216134468	0.003667113460399093	-0.01130864568842955	0.1302982618548537	0.2075070265904746	0.04610074905314734	0.04824679716525496	0.07133732515951702	0.03076048276455108	0.01144013148609157	0.03447841036664281	0.9928081079436653	0.1898172625186968	0.3983689671419194	0.3415348751690794	0.01116827477955961	0.4826369306996067	0.01045131498967683	0.01031555725882654	0.01074574777872081	0.01609538208606526	0.01094593297742948	0.01060235174009492	0.09629075064617332	0.01319742899232875	0.01225988111121498	0.0442705683964865	0.3069833464846228	0.3393228718397478	0.4250566539831014	0.01120743757394822	0.1174703145940589	0.09410457306883853	0.02751048677100717	0.01294787972200643	0.01697113147760988	0.01002993860492889	0.03873730972479109	0.9997656649506316	0.01021368438162968	0.05474723170125144	0.09516060024237892	0.0621335124565711	0.0557256218871983	0.1523005699053452	0.1176000924376063	0.2429091478723315	0.06299464043580497	0.01348582210171802	0.07156186067373678	0.01383164102528539	0.9999995512066319	0.9999993753915508	0.01000116209796665	0.0100004624418269	0.01000009665806523	0.01000002382585177	0.1174648791632787	0.1985891850165055	0.1760259246074964	0.6676321004454649	0.1588241450547229	0.02318338394594121	0.2908542500116166	0.1424299839583686	0.03360750535460436	0.03339781349996751	0.07897837960611395	0.9999943834538265	0.9999924420496534	0.01225740602930993	0.01144844780007451	0.0109065695479026	0.01210418511640954	0.1284693362708402	0.07996400059179143	0.01000002926086174	0.1548632816349012	0.9999998655131709	0.01000026500788836	0.08320645851286945	0.308175076515032	0.1343341739156813	-85.70022624728006	-29.99028354665827	-12.41161992881755	-22.55935741896561	-1.343564023775093	10.89887029718396	-0.361982380370106	-0.1666244873567437	-0.02175859452410007	0.1397303441254362	0.22284947638633	-0.04390098081864611	0.4530677789895095	0.1809924079738861	0.02922533070032786	0.01824204028013718	-0.1692998324934749	57.30336842816259	-40.45414583657489	4.45213408046608	-4.356750254684225	-11.36414495918831
1.34	0.08904790942917272	0.1392904423546239	0.03501104444852951	0.04317175852378253	0.05094938289462068	0.02439380909806881	0.03397417255846239	0.03997317656127936	0.9787112835599641	0.2003258968135578	0.3939809731645176	0.3336802098215671	0.01153867419778736	0.3929764049894322	0.05660926160778011	0.08268033275019732	0.01381268421735623	0.1670025213185895	0.05419368669343944	0.01990538266981759	0.1376586252272767	0.04112915402378259	0.01844733306801562	0.03397816545967276	0.2085100905445247	0.3246209772587312	0.3918444988957717	0.01231634288429387	0.08098058893849648	0.06478473194759117	0.03269541175902419	0.09712715706064887	0.04544267259799436	0.01003900358204603	0.08107583487276855	0.9996747009334508	0.01028846543361641	0.04113501196053478	0.0675281384928514	0.04574702077138043	0.0721821933892815	0.1591861750399852	0.08328992793974624	0.1678057536639924	0.04999644808836835	0.02505105583477206	0.05109750814478653	0.03297748069483467	0.9999993268401829	0.997897630588214	0.01000154822582908	0.01000061603729889	0.01000013180150138	0.01000028405846676	0.08066614116871074	0.1347544538359346	0.1205080133843277	0.6053864977145488	0.1151005675742991	0.02021958057694615	0.2668697924182004	0.131000543002389	0.03020986076773921	0.03922019308550265	0.1228473114773846	0.9999925864410463	0.9999771242145507	0.01246272903605034	0.05447363894703962	0.1415815965745037	0.03555772304558465	0.1749517657873193	0.06709456098076728	0.01000004201871602	0.1562149311152333	0.9882837150012062	0.01000035547479294	0.1412077692085216	0.4092038635817131	0.208824210183253	0.02828350486097735	-0.2745544457534808	0.07181305762793261	0.1799178777380873	-0.07264562859632562	-0.2414631719994989	0.830880749219698	-0.01391227947481357	0.9671902078573905	-0.1651902400937859	-0.452884065509747	-0.123740557553465	-0.1567489086754032	-0.6924315591531026	-0.09259506804346662	-0.4854766829661741	-0.1955261100414664	0.0941123503354456	0.323656319510072	0.4515233582236532	-0.07852688335442688	0.9427538437729288	-0.4451330965605884	0.4617118745008245	-0.1651464609484619	0.2925030859770418	-0.0628843160469105	-0.02071442290193336	0.1485690415937717	0.3790738730599129	0.1975474836777396	0.219173473569055	0.1975474836777396	0.219173473569055	0.2376571751373164	-3.977062951296924	0.2376571751373164	-3.977062951296924	0.2542026934930512	0.2851207005620641	-0.2230974434445741	-0.344944754954438	0.2646043520437983	0.6085928205207706	-0.2178905614653767	-0.4943738265534248	-0.06301123742866678	0.3767740745494794	-0.2853560476579096	-1.004944057883963	0.1122135034150302	0.4361386161696011	-0.159890660282075	0.1586497834487313	0.6901476914151944	1.016153291028108	0.3697133513585706	-0.6095153916901664	0	0	0	0	1.558477236982468	0.01887542303497866	1.543813879264887	0.598167866644166	0	0	0	0	0	0	5.61328800303983e-11	-9.055828045812146e-09	0	0	5.61328800303983e-11	-9.055828045812146e-09	0.0875183711914413	-1.378873030815515	-0.416813996721065	-0.03081766615120499	-0.003071486704156737	0.004106906076080949	0.04378422292504115	-0.0005347947506974148	0.003677170256974252	-0.001238989735805563	0.1157023100412802	-0.1383535628244876	-0.001579320728268023	0.0925099394083143	-0.0007316435045382069	0.003525545412347687	-0.01191252016408976	0.01170642018038845	0.01102337762563759	0.01307567458121438	0.03362164898926816	0.01159118188828132	0.01150936849829124	0.08001467088014382	0.05233010067289531	0.9952881860678983	0.2411386189673568	0.4126034932626279	0.3429555649015852	0.01257155384714826	0.2422721547624103	0.1520122951387145	0.2304900028310243	0.01959978967208338	0.4823132440211251	0.1426775721082423	0.03868933066094097	0.2373220953847755	0.09847039272850891	0.03060362707372702	0.01310042178460973	0.02791827038858374	0.2928908794968335	0.3404531123273261	0.01444232729359059	0.01199686539240175	0.01108075602956235	0.04322194928337358	0.2688647954009549	0.105894642114882	0.01005740813753612	0.1703803539324465	0.9996004794130712	0.01043859908623933	0.01373571290807978	0.01130486871208687	0.0125840576705598	0.1095366541614517	0.1988389441556804	0.01547988974914575	0.02215312598644651	0.02190459873946746	0.04900812956575475	0.01213607425374034	0.07250184022854	0.9999991381123099	0.9999988343318188	0.01000225525873256	0.01000088118161954	0.01000018549307154	0.01000005802191064	0.0121779794774607	0.01175763968898019	0.01158543828998844	0.5816762297748458	0.03051499387478948	0.012279333930295	0.2456985474088706	0.121291737584919	0.02245889519779812	0.05359618183791663	0.2302300415780137	0.9999789955109541	0.9998848855314052	0.01172274995207508	0.1498613918046461	0.4378428587521967	0.08392758959078586	0.3415962510737799	0.05768538348129283	0.01000005996372672	0.1787441613327066	0.999999746128055	0.01000052076040514	0.2455567367848768	0.545986957530216	0.3346274824893485	-90.71544199367402	-33.56112946125975	-13.95108395948589	-21.43569972822771	-4.692665039531295	12.42396736832553	0.7537952132556603	0.3464441043571683	0.1248234231664401	-0.281205548793871	-0.1581983545833798	-0.1039961170423462	0.4473495697315775	-0.3827242871571114	-0.04472570116774867	0.04708530075590248	0.324031060689509	64.41792893646355	-37.68557259508538	4.442312397396013	-4.362021062742846	-11.8377974634257
1.35	0.09644627815906451	0.1495168577585599	0.03660455936651004	0.04618214433093651	0.05408890338976646	0.02443330101609841	0.03384988144788697	0.03958841626326883	0.9860755556908049	0.2306088979557898	0.4108928594966864	0.3414869626135054	0.01136451016055997	0.410380895845631	0.05678698110249625	0.08312405737868558	0.01374872828625523	0.1707357382577015	0.05429957872870517	0.01978984638025328	0.145988791977508	0.04094625771238973	0.01820662090740941	0.03382678376331255	0.2284692321236633	0.3269203953733673	0.4034277832585408	0.01220950623498141	0.08683003431652007	0.0699157680855213	0.03204667073479964	0.09815985978630622	0.04530617726632675	0.01003850566564557	0.0793632418290757	0.9996999497507031	0.0102839175400871	0.04178805720842492	0.06770165207198121	0.04644163591784073	0.06844298571921864	0.1471480440200428	0.08634456484139549	0.1772573881137264	0.04855188268413096	0.02531204160705108	0.05368184290730961	0.03319658058042717	0.999999369028197	0.9987272123489448	0.01000150564597445	0.01000059099752257	0.01000012401598063	0.01000012281581738	0.07732713144645995	0.1403556046801192	0.1225607897949764	0.6407998277491067	0.121861491051692	0.01573402818031101	0.2802147765223682	0.1395991185041	0.02323234480043673	0.04291199149958397	0.1233210636613132	0.9999901888798264	0.9586385633164259	0.01142336556308572	0.05635492491815503	0.145711323627119	0.03500613146389155	0.202568110846069	0.08387434869549644	0.01000003823618633	0.1613974702383681	0.9929086237734051	0.01000034529712759	0.1268379343415628	0.3812885664772655	0.1916724665735126	0.02562927672122473	-0.2532472214351748	0.07362764793402796	0.1833932771918935	-0.07505576930878849	-0.2428811072562718	0.8307966032792664	-0.002504803801398839	0.9655276677999165	-0.1669129083895587	-0.4541596781319361	-0.1310726573022801	-0.1636084463702279	-0.6818676847593305	-0.0976185436235746	-0.5201233564501668	-0.1946906245771614	0.07572309934805649	0.3280457670428523	0.4212926470151906	-0.068964226219243	0.9646798643496414	-0.4378108078903964	0.9856965060541207	-0.1622888178215763	0.276815603788708	-0.06321452111504555	-0.04669247976611469	0.1523183267217951	0.372068983053555	0.200166209198769	0.3061798594858129	0.200166209198769	0.3061798594858129	0.1998868272851626	-3.568306866827667	0.1998868272851626	-3.568306866827667	0.2565890326845052	0.1916432412245784	-0.2263701159077937	-0.3090096704636937	0.2703439820010833	0.5400019955393105	-0.2225596471552349	-0.4402642707475051	-0.05939244880292681	0.3463842084290696	-0.2947477249205749	-0.8719694467666723	0.116354259535283	0.39124911041335	-0.1580734099052163	0.2013737247543162	0.6999720433826896	0.9476551770435544	0.3637980996946147	-0.572189209443461	0	0	0	0	1.55895579900266	0.07599524159567513	1.549785512828391	0.5898543921134658	0	0	0	0	0	0	8.625329903301636e-11	-5.532498727418366e-09	0	0	8.625329903301636e-11	-5.532498727418366e-09	0.1444675732153834	-1.444789793082331	-0.4591815539885054	-0.03244232700869304	-0.008959869221877366	0.003072155676218822	0.0435032316101291	-0.0006363860958484373	0.003410049747693115	-0.001146072918796238	0.1244796382515389	-0.1457555707345871	-0.001651481232059597	0.0961772782754788	-0.001085351621749837	0.003341177387035316	-0.01255596106451104	0.1470030760194425	0.2316634115471661	0.04972696663537621	0.05504417431255918	0.07830584747806348	0.03088865660052098	0.0112964266594663	0.03350987541097141	0.9987406324744326	0.2838659667287748	0.4481926298145822	0.3536733485109289	0.01044197263257288	0.5288054455843521	0.01037939145227538	0.01026686994809623	0.01063327869769859	0.01711729784116701	0.01080556886145244	0.01049911614074974	0.1124544095272021	0.01256481237006678	0.01181940684012101	0.0439718628831034	0.3582737407789045	0.3469835146631483	0.4565801770841633	0.01099939177471123	0.1304807767014301	0.1045312567469988	0.0260884887771267	0.01412476761306014	0.01628382799108908	0.01002760142930516	0.03366440726320351	0.999820766085822	0.0101955253593591	0.05626411180656783	0.09584365811669232	0.06388526102798749	0.03929863825477469	0.09938331669321467	0.1247154619104901	0.2665484946967515	0.05983116210989949	0.01263957567958281	0.07709710074249883	0.01436023788192478	0.9999995878889415	0.9999994457125064	0.01000107997524317	0.01000041955115554	0.01000008653305456	0.01000003055678998	0.1060556519739135	0.2112411501434688	0.1799340729596149	0.7482190936712221	0.1841091152142353	0.01481303417608014	0.316344546680892	0.1619881506300928	0.02267121971511703	0.03885035331538651	0.06884971026975374	0.9999906724838855	0.8033602078826166	0.01095220440257477	0.01113560866488164	0.01047034183843079	0.01186859005673841	0.1825887060035224	0.1139123978773178	0.0100000239223601	0.1627239552509006	0.9999998836174792	0.01000024554701127	0.05138968217964311	0.2431827600031186	0.09540714215544999	-93.20132786109201	-33.91119964431038	-14.72574808148415	-17.66805737924846	-3.833784713405177	9.813989634660267	-0.3958875275604141	-0.1847894988966242	-0.03446701008065491	0.1432641279556263	0.234744732578626	-0.03709704939211173	0.4592417329664088	0.1998987473226658	0.02433132071693242	-0.004714634231823533	-0.1629444095348753	69.54926154029633	-36.35529433683046	4.441733559999816	-4.46489774061973	-12.09631821934305
1.36	0.09983371342914212	0.1549567408114807	0.03698070871653871	0.04656895854275468	0.05525129710635785	0.02432898224380153	0.03679502309122285	0.0419137451543271	0.9911655732807979	0.287513119071527	0.4363209257235587	0.3443180492375318	0.01055906736027454	0.4255483455934287	0.06286323142542365	0.08950829390003541	0.01316588011142143	0.1836718307511128	0.0584270615667702	0.02085805847839411	0.1591743362345633	0.04372965308969359	0.01818223007387684	0.03355797679525478	0.2391829218959778	0.3260337621022382	0.4103787385711634	0.01213802399208355	0.08937584915448478	0.07203728418612083	0.03256325142829833	0.1058709981379147	0.0513976293752146	0.01003394819354163	0.08545127001108115	0.9997411168190015	0.01025152001422832	0.04161441068333471	0.06762507422363474	0.04641888879314426	0.04919411920899265	0.1193109831986929	0.08703858369981443	0.1804291689090722	0.04565896564621755	0.02142516123155783	0.05545828976383303	0.03614544182074575	0.9999994070817424	0.9992249787984687	0.01000141975587097	0.0100005552187339	0.01000011889524791	0.01000007897720991	0.07615149876522183	0.1434193458704791	0.1235635096445186	0.6648137752804403	0.1536127893403008	0.01838907544102821	0.280613369832984	0.1521742556543458	0.04061149109749462	0.03668634221295958	0.1208040444828929	0.999989552963952	0.8546801834751631	0.01315376162583829	0.05893451468903049	0.1838840458495418	0.04229339121165809	0.2602774866837091	0.08856703969998025	0.01000003503045286	0.1744283709601143	0.9956834635113491	0.01000032534422786	0.1219928791993799	0.3537581352462939	0.1789299898896889	0.02327595258628736	-0.2147748977822707	0.07548756640256565	0.1888646459116902	-0.07754827016289653	-0.2577485302305769	0.8308389615889958	0.01138867862857421	0.9638601402904241	-0.1661805213939709	-0.4554995493623383	-0.1366203451277413	-0.1704308583396529	-0.6846245694756939	-0.1030136345814161	-0.5595926652280078	-0.1939540979292718	0.0745352717338527	0.3319876400492435	0.3628035070145466	-0.05933664824397578	0.9557131514395292	-0.425827497465811	1.387635671179371	-0.1596493154356061	0.2494142931097363	-0.06384290126741972	-0.08007986216614447	0.1560333396402377	0.3719010132523252	0.2037014566521112	0.4023079803962424	0.2037014566521112	0.4023079803962424	0.1664602623934127	-3.108877198466313	0.1664602623934127	-3.108877198466313	0.2580249651629019	0.09499118604238857	-0.2292658510373229	-0.2695380610383603	0.2754174822184118	0.4753096505161291	-0.2267133296574106	-0.391375785926495	-0.05609325286699364	0.3130897471185479	-0.3027761823518931	-0.7332361015174534	0.1200218389397527	0.341356828322507	-0.1559495449049524	0.21818297922165	0.7090816821895214	0.8734124025451343	0.3582952486316238	-0.5271911652857975	0	0	0	0	1.559969449284635	0.1248587584600268	1.555493018208176	0.5462468047446694	0	0	0	0	0	0	5.936852737380383e-11	1.88454180172816e-09	0	0	5.936852737380383e-11	1.88454180172816e-09	0.2205016566602746	-1.501199048833598	-0.5092561987343339	-0.03405173055206849	-0.01528929006282684	0.001673162907383384	0.04388264312970704	-0.0008276556925241262	0.003111350907848255	-0.001169982317635461	0.1334080994359487	-0.1528279238080724	-0.001913527945088246	0.09992967185670763	-0.001436947228612009	0.003130483596725291	-0.01319328012781588	0.01132583614821068	0.010785991339276	0.01242346820446441	0.03140267824018519	0.01124131655040717	0.01115801609752713	0.0894135230248346	0.05996470442928762	0.9986478446031917	0.4133946482612433	0.4848999755432796	0.3376059824819656	0.01036816197506992	0.2635488468172176	0.1722096964773013	0.2526446536955982	0.01793397284511	0.5303969015483201	0.1562881109882521	0.04202763923359131	0.2747317289198331	0.1075595549308268	0.03075623609785792	0.01245960789290118	0.02388785211799987	0.284088961465098	0.3424266876651206	0.01433169689203828	0.01153684611945464	0.01075139365882918	0.04546089554481706	0.2958273928277852	0.1257734205858331	0.01004450918573454	0.1930832244026926	0.9997305683009279	0.01034780340711493	0.01245326030187796	0.01083342123499293	0.01168521486779757	0.05198240462061627	0.1180841843473722	0.0132473031952217	0.01478088697221788	0.01477500862523765	0.03695511871975846	0.01437425104437871	0.08154165276568318	0.9999992018159946	0.9999989244444601	0.01000204311705977	0.01000079961625726	0.01000017773492917	0.01000007975401618	0.01319288183273481	0.01208571047497521	0.01143716246955827	0.5967866838736609	0.1283856958248912	0.02457537575084379	0.2195651965522393	0.1523595595137539	0.08318440641809553	0.03054946628228975	0.2206227909468212	0.9999830086152421	0.6050521179958965	0.01780451705449968	0.1567296529757485	0.5870009178699988	0.107625345382796	0.5330916825776062	0.05082141560204226	0.01000005408977753	0.2183650661343477	0.9999997672573412	0.01000047174500981	0.2459235467343599	0.4859697975807709	0.3112297165237084	-98.79746280921864	-31.43387038177746	-14.26421896040591	-17.39515021523287	-9.065083835599982	4.291844463574658	0.8275552670465209	0.3860376881338146	0.1662833479418946	-0.2898850066106582	-0.1641132315571478	-0.1309239065142987	0.515565017131946	-0.424799615584909	-0.03015742441700244	0.1220667576104189	0.3104249019974037	74.03163891173776	-38.65613484217612	4.45534120922878	-4.507949942452822	-12.7642169143823
1.37	0.1073567482927173	0.1645729973227743	0.0396926703690985	0.05161163199218741	0.05910874813518796	0.02391567001485111	0.03669821181024067	0.0416261489060232	0.9943165868835326	0.3625380928344102	0.4682203015868392	0.3532389470481125	0.01034839049687374	0.4485312102134258	0.0632189615008094	0.09005068649003692	0.01310750260695328	0.1866212268736032	0.05857444376918209	0.02081035482096237	0.1690704315660152	0.04368328330332697	0.01800974620122691	0.03357716108409558	0.2662067003000149	0.3193048550728744	0.4349998185542909	0.01204220088419093	0.09577917080078564	0.07294003879473654	0.03150366903089611	0.1072841262128198	0.05126122618275662	0.0100315427382111	0.0821726444684437	0.9997724290084063	0.01023663089120969	0.04278151711268619	0.06947573843963759	0.04800767377733827	0.04175466810220356	0.08964947532285425	0.09479410721601637	0.2034965060008696	0.04527450359336764	0.02130614142874565	0.06250342994257391	0.03674120081056584	0.9999994332666242	0.9995306281741707	0.01000137980744145	0.01000053860036383	0.01000011710153395	0.01000006135741901	0.06488150649107223	0.1480373518407999	0.1287552783943526	0.7201047473842942	0.1749214090792024	0.01661965956670674	0.3033474301575363	0.169428509874877	0.03832294844274169	0.03974955318011637	0.1099469180268594	0.9999892107667979	0.7659814658002138	0.01304290188576165	0.06010527241662647	0.1916614724827427	0.04362855064240337	0.3138986912276906	0.1133569595809586	0.01000003360050702	0.1780387617515831	0.9973873062118447	0.01000031610086697	0.1097432155879633	0.3221021417050715	0.1610814469716901	0.02138079927575406	-0.1622291460739564	0.07740951014984865	0.1957197803812831	-0.0802493068829911	-0.2841363913190737	0.8310323593807861	0.02767059868197235	0.9622123036732712	-0.1629751343983248	-0.4568869763049979	-0.1406403731662856	-0.1773351676519192	-0.6976053935345486	-0.1088221778472127	-0.6026009943220686	-0.1931411906855185	0.09090685463389223	0.3352275331064071	0.2820737487845716	-0.04994796380895109	0.9174629734526422	-0.4105666944602915	1.637609169557993	-0.1573274542336285	0.2139487723869437	-0.064835124209179	-0.1191728721559115	0.1597710413967259	0.3761074121990574	0.2082400094448698	0.5067507782228188	0.2082400094448698	0.5067507782228188	0.1378616648257663	-2.603871690814861	0.1378616648257663	-2.603871690814861	0.2584775430794486	-0.005047086078094308	-0.2317486281352525	-0.2263882889931902	0.2798607329860269	0.4137601101229845	-0.2304051046026971	-0.3478463614190556	-0.05313549506716089	0.2783417395623689	-0.3094123696950059	-0.5944719075824739	0.1231613291413235	0.2854321044284074	-0.1538314987001219	0.1985142230998572	0.717424578202643	0.7944392268722266	0.3532751818153096	-0.4759525461784921	0	0	0	0	1.561407557846991	0.1601734726216625	1.560616020191478	0.4748317371182795	0	0	0	0	0	0	1.052355203704192e-10	-1.385160558944167e-08	0	0	1.052355203704192e-10	-1.385160558944167e-08	0.3055402085789761	-1.544849825334584	-0.5634701028587548	-0.03560734884519128	-0.02184330203645097	-4.447647284911692e-05	0.04483230789322446	-0.001091888764611906	0.002787483356192223	-0.001287922119930968	0.1415567325744995	-0.1587889432712332	-0.002286074274971068	0.1033559468381023	-0.001738032477028946	0.002922953438086867	-0.01375347605701644	0.163930918587189	0.2538148046617418	0.0557388402751939	0.06643666408496988	0.08678507349995343	0.02990842145548779	0.01111457793971013	0.03262747085319478	0.9994583515536873	0.4862158297934666	0.5286233282359197	0.3776098941715214	0.01015911031010777	0.5879364368567622	0.01030810998807581	0.01021668014053162	0.010528426261106	0.01494266304621098	0.01065216575186156	0.01039985854693727	0.1316131562047048	0.01198317232337413	0.0114057125642132	0.04407550919632151	0.430616716903299	0.3166567721280966	0.5332024148946055	0.01078967497116384	0.1449205062012497	0.104753692456295	0.02377485061055279	0.01492607304626517	0.01546527465091748	0.01002254824055423	0.02533527635601897	0.9998723998979683	0.01016475576464902	0.05894365920940332	0.1005342894959599	0.06759001503599868	0.02975247940123172	0.0464073424380572	0.1441302438603299	0.3314562071852273	0.05999731245051151	0.01216110351452804	0.09786487684788693	0.01497152432425925	0.9999996136230125	0.999999478370683	0.01000101036299427	0.01000039264863134	0.01000008598485253	0.0100000393969091	0.07871319055460653	0.2212937217739937	0.193342119389512	0.9146884043375623	0.235600362135663	0.01205154752478951	0.388948134716483	0.2056284629940894	0.01754302121530624	0.04692831999576375	0.04736093050488107	0.9999915489211452	0.6373729869770647	0.01049609646048171	0.01088695103092102	0.01028030476685381	0.01162766065011516	0.3033194838671451	0.1776478114334567	0.01000002217041276	0.1708084581589064	0.9999998917775221	0.01000022960639033	0.02780058895594347	0.179053086334503	0.06094711670733972	-105.1959601390727	-29.0855776691322	-15.01615487751487	-18.37987532808364	-10.72141639589218	-1.262851272671416	-0.4387870910599939	-0.2078837589031381	-0.04977913559158957	0.148930290539238	0.2785978907101331	-0.0404160579120902	0.5550010647638733	0.221735210512307	0.01084572934064014	-0.05584252502784448	-0.1530890876973277	76.56075338041698	-39.93666971835159	4.487368486579262	-4.653355959503455	-13.11350598436742
1.38	0.1109544451623601	0.1698518907503306	0.04054211046240898	0.05335969473111544	0.06062253640438686	0.02368001859321548	0.0406533039350303	0.04322414070696574	0.9963276384900454	0.4568797293853538	0.5021356509618597	0.3602916205469381	0.01022397520479441	0.4684118450216744	0.07073282935564483	0.09922539206640624	0.01260313569296525	0.1985756394551938	0.06382409735594899	0.02186271172313752	0.1857109007241602	0.04571260140601068	0.01761791627250557	0.03339244080180739	0.2829258031184008	0.2935981364369805	0.4604394615127849	0.01188027933361142	0.09870061530470409	0.07328378142609501	0.03175856203436028	0.1170186054808181	0.05841449410477789	0.01002819150497565	0.08930723208586352	0.9998052613254899	0.01021285174796348	0.04307514918270212	0.07022419812853382	0.048528128082311	0.0382188569509176	0.08644564689050679	0.09830725582910324	0.2170720241911679	0.04473504036905495	0.01640781392749177	0.08109852172070385	0.03798771362522466	0.999999457789244	0.9997140275739288	0.01000134035058529	0.01000052333140962	0.0100001190434968	0.01000006012639818	0.06014930271366199	0.1505711505875694	0.1314032255955057	0.7747081875137025	0.2124477278531921	0.01941892594568997	0.330974830106113	0.1933964277424715	0.05173381008623231	0.04021272963358217	0.1210466819214184	0.9999890537125524	0.6975237742154319	0.01269085674517345	0.05575560139019185	0.2433287744582469	0.04090187779994887	0.3927004963325312	0.1385309799201076	0.01000003288055751	0.204642843642024	0.9984096090494109	0.01000030726697107	0.1035725471449078	0.2858112223934058	0.1450169109155251	0.02006476580632522	-0.09967499595984218	0.07940571342082764	0.203718508794092	-0.08325817774844885	-0.3186384854400691	0.8313994074568648	0.04605765627900926	0.9606088466077406	-0.1573069517625533	-0.4583086021040965	-0.1435371410449249	-0.1844023633488868	-0.716377357257065	-0.1150735516318308	-0.6479904858983022	-0.1920819335414413	0.1234354288364205	0.3375801101018772	0.1866432024860997	-0.04106852738147149	0.8549694533395504	-0.3936236213843172	1.72376625363854	-0.1553837639804956	0.1744454811947056	-0.06623997622244791	-0.1623651294603908	0.1635585918449964	0.3812187749510467	0.2138636978957199	0.6193978182993084	0.2138636978957199	0.6193978182993084	0.1145048547732267	-2.062410466034778	0.1145048547732267	-2.062410466034778	0.2579127427910697	-0.1084602043111597	-0.2337805696778377	-0.1793195328251726	0.2836982548907633	0.3538620742680926	-0.2336863426633833	-0.3091232294409711	-0.05052654033237081	0.2435471476789639	-0.3146839196105524	-0.4611607928500131	0.1257057323535061	0.2220645036043294	-0.1521315824940195	0.1332667501880132	0.7249565555756722	0.7112754932703156	0.3487893807384394	-0.420771616241781	0	0	0	0	1.563117229955835	0.1788709566847672	1.564922142532512	0.3848118803878066	0	0	0	0	0	0	3.536471192227736e-11	1.787869916919321e-08	0	0	3.536471192227736e-11	1.787869916919321e-08	0.3877451561055825	-1.571654163779764	-0.6179554384312735	-0.03721653957246852	-0.02840110392643163	-0.001986540275879695	0.04617590459391627	-0.001402977010289716	0.002450796702520881	-0.001464313469371353	0.1480725862031479	-0.1629810646906656	-0.002697854337128095	0.1060937865498435	-0.001960466991986131	0.00274144858068423	-0.01417865211772547	0.01105293585738902	0.01062132434427383	0.011891401144877	0.0308902534192929	0.01096450959837326	0.01088566927030698	0.1020867240646891	0.06526083514100886	0.9992502509068417	0.667970448887457	0.5598526211942627	0.3473619662754074	0.0101999799526189	0.2909315155691606	0.1974661638954844	0.285094084962483	0.01649779862360786	0.5761108030639323	0.1737853650049255	0.04526495757505242	0.3237880928572044	0.1141461705178025	0.02974334083506899	0.01188362147837889	0.02439401256785192	0.1939587776114315	0.3931449165211853	0.01394426101952231	0.01118287434080994	0.01058024721393874	0.04730387874920505	0.3303458976920856	0.1494836198313054	0.01003692506289544	0.2212793699613468	0.9998007933179816	0.0102919419408884	0.01198044508769412	0.01065635394294257	0.01135431003617904	0.04900488281006934	0.1456329263036084	0.01282714097372891	0.01540919943305025	0.0135880924804733	0.02238067846433305	0.06408372806697239	0.08491220363300025	0.9999992458744488	0.9999989734734976	0.01000196466132294	0.01000077033585672	0.01000018510014459	0.01000009256471949	0.01358250376062752	0.01225696360905207	0.01131819406010774	0.7023410728174169	0.2305163184833874	0.03464130119624716	0.2825740300542418	0.2119217705106749	0.1285202881644986	0.02861430790283031	0.2734891742412541	0.9999832499354763	0.5326955587860752	0.01686740684576069	0.1411900021659414	0.7987129002588574	0.09766057399047162	0.7830462863355498	0.09822524442650621	0.01000005331152608	0.3136071486378998	0.9999997806431239	0.01000045445879343	0.2376005432426496	0.3958476139391695	0.2750910851880926	-112.1096654079298	-24.37232948237551	-16.72297033037322	-20.49746386230257	-12.63283720335442	-8.582041703292251	0.9211385835841752	0.4359126640886583	0.2172175881810195	-0.3028337730319728	-0.167926173537609	-0.170158152731465	0.6341447733961683	-0.4771301591126091	0.0003201751126180314	0.26273713505338	0.2891679322068132	78.25127933661237	-40.76748792118538	4.540418341481216	-4.723190638825165	-13.53431857304842
1.39	0.119138309345097	0.1783821299645997	0.04615970765350973	0.06171146699596776	0.0663897990703452	0.02361455690807797	0.04057674503801517	0.0417522983376568	0.9975879225890139	0.5831346842973372	0.5468095050439855	0.3896655541691761	0.01016853883737023	0.4969132432879698	0.07125306012869956	0.10037138442137	0.01260127890509428	0.2015776354536404	0.06385576557498503	0.02166649265805618	0.1963855333280431	0.04541003666533763	0.01746047799337933	0.03444499749701033	0.321666550497933	0.2234883390846222	0.5353970567688875	0.01180602459236798	0.1059166783527896	0.06969893736929812	0.03005776093881355	0.1176428157599499	0.05847225709815666	0.01002676190722908	0.08587274778685812	0.9998294780975355	0.01021531695598673	0.0455375072718438	0.07267957325695838	0.05149270917894068	0.02984387444616907	0.06677980013155986	0.09426749757001261	0.2121214129682944	0.03347890677530249	0.01624692191447661	0.09915119862980062	0.03915016671590866	0.9999994749021195	0.9998266422297516	0.01000132035740145	0.01000051547663825	0.01000012062148389	0.01000005959705767	0.09322174974287323	0.1903312241353302	0.1554744739353178	0.7805392564633843	0.2371214173249494	0.03434153450107209	0.3199962796030497	0.1915695686137849	0.06438587283568449	0.03307509222735786	0.105772252611059	0.9999888333871204	0.7441726032561904	0.01307021076354703	0.05607889680257874	0.2621530275176741	0.04154283983402321	0.3993429297132186	0.144617740994104	0.01000003259155658	0.166791957945699	0.9990373389511545	0.01000030286910234	0.09737112527730979	0.2386666187580029	0.1264631448675039	0.01940601031363973	-0.03149759585117876	0.08148855800627366	0.2131356629000635	-0.08663394578035664	-0.3566769018489707	0.8319590974254668	0.06611676319593747	0.9590743397897461	-0.149185766523171	-0.4597556320531779	-0.1458088602438869	-0.1916644791436782	-0.7356669278096887	-0.1217871278838379	-0.6949329739992522	-0.1906282006777534	0.169213755169042	0.3389368579680427	0.08411280349470636	-0.03290318180338247	0.7761557819057957	-0.3766128573462147	1.654094430201687	-0.1538394915058572	0.1346287013567744	-0.06809197292438332	-0.2084360451106236	0.1673843667567958	0.3830031005510244	0.2206584583458745	0.7412382154463822	0.2206584583458745	0.7412382154463822	0.09669036205706746	-1.498006623469069	0.09669036205706746	-1.498006623469069	0.2562980135181923	-0.2149614550175683	-0.2353207253371407	-0.1279603661605205	0.2869366147863641	0.2935436214628644	-0.2365998866074025	-0.2740832388938123	-0.04826093506773247	0.2098203109691139	-0.3186685027304938	-0.3376507759035459	0.127571337226513	0.1492851625720907	-0.1513371925027769	0.01690863556086182	0.7316363019571946	0.6239633016805859	0.3448639617919678	-0.3643183001236897	0	0	0	0	1.564927848488551	0.1805165854362485	1.568292645556483	0.2791973686511179	0	0	0	0	0	0	1.086167866964532e-10	1.158440584065966e-08	0	0	1.086167866964532e-10	1.158440584065966e-08	0.4558166894297715	-1.576424358380407	-0.6688742843916444	-0.0390576008948271	-0.03475064707661024	-0.004028261848646585	0.04769824816790032	-0.001729228683570514	0.002117740794805614	-0.001659786486453483	0.1532197202510798	-0.1667517353336539	-0.003777902389835665	0.1083335978341186	-0.002591684057293845	0.00242459715297388	-0.01453822701206842	0.1827807416499559	0.2732415947838298	0.06851630569239925	0.08484525503667208	0.09991260575582731	0.02989246903202474	0.01092170500031432	0.02955112723361444	0.9996827988917827	0.8260548661522686	0.6447352973683828	0.4774950497798644	0.0101084698140087	0.658767508662871	0.01024103590700538	0.01016919894456588	0.01046062168182439	0.01176387407037958	0.01049261421515008	0.01030981717987099	0.1529914404009782	0.01143311900265389	0.011059891071853	0.04659781635747755	0.5393493896981559	0.1125916138434349	0.7783798248635223	0.01061925387651252	0.1614451537582687	0.09519208547763636	0.02056306557343664	0.01319100667540672	0.01436704377497207	0.0100206723213162	0.01603852126110899	0.9999043533665801	0.01020763641350889	0.06453750748295109	0.1060774800419532	0.07433004827838571	0.01267553078944862	0.01125006475041636	0.1298359307515759	0.3007280127278669	0.03308752317627937	0.01255896954181308	0.1497592814596843	0.016463086697081	0.999999629450421	0.9999994889662852	0.01000098898255056	0.01000038434657979	0.01000009222569708	0.01000004419466727	0.1699141972792829	0.3367281048101602	0.2595987742271299	0.848919383156536	0.2816860085925352	0.04706431878292747	0.3287053015457343	0.1832345469946497	0.04425755614977905	0.02865926703271507	0.01198142867143574	0.9999908178647745	0.9996609813088179	0.01128324097992371	0.01077068204651776	0.01021185278951497	0.01192657678349592	0.2312949622871987	0.1774551229340353	0.01000002245243737	0.05722362534533079	0.999999895852595	0.01000022529743674	0.01782430303190169	0.08631396776103308	0.02786430635685	-114.2871513668257	-20.74752396381842	-14.17274427797015	-18.37121604272387	-11.79616108166574	-13.5364163667317	-0.4935317585793388	-0.2369193532992517	-0.06571581047531797	0.1560196654298297	0.3295591110029346	-0.03860468204117565	0.6373969795090015	0.2486859942598863	-0.004689280401339856	-0.1085988652817123	-0.1407219052914232	81.51995576870235	-42.42734438172586	4.614487290681904	-4.887510565829464	-13.15767347101021
1.4	0.1231942340637419	0.1831742544110581	0.04817536899934031	0.06313507551969652	0.06877617938653464	0.02351055779675642	0.04593119546211885	0.04456104733331517	0.9983988890455753	0.7198531440505535	0.6015495335550765	0.4376196816477733	0.01014742966519913	0.5184291322813307	0.08089061493947018	0.1116068266769987	0.01181960657456231	0.2083193138278918	0.07234303646053949	0.02415094411930623	0.2232471855008791	0.04887774728783313	0.01690541307528366	0.0346614909752361	0.3515969092762313	0.1360518210142825	0.6207649581999153	0.01153976607056652	0.1093504845088066	0.06808059104207952	0.03172253656561048	0.131020253811984	0.06538282128561822	0.01002677620897331	0.0919291264934025	0.9998536767692092	0.01033487165085345	0.04630262746162157	0.07369594744162106	0.05255179756686609	0.02498761180405119	0.0681494508958598	0.09228592953751745	0.2095168948956807	0.02904778511640439	0.01419807111074226	0.1520598319349559	0.03710621011554853	0.9999994865195502	0.9998942083352697	0.01000134073585132	0.01000052316371634	0.01000013191485778	0.01000006562600152	0.1083389524413228	0.2130288676001595	0.1684998184665827	0.817018044502683	0.2631621861127578	0.04025207152780634	0.336488511292011	0.2034080893185713	0.0727301179455811	0.02918522010689055	0.1214963051659669	0.9999881001925122	0.8667381584872628	0.01242396581444953	0.04673233968908938	0.2939011817073116	0.03456610654081312	0.446100196692808	0.1539464041537579	0.01000003435278873	0.1838333608753654	0.9994139769093479	0.01000030839488161	0.08709992477958853	0.2033633098862695	0.1084629050526772	0.01943977940669701	0.03819317626649966	0.0836754925238138	0.224678833991172	-0.09038587259216894	-0.3929579208370675	0.8327255332363007	0.08731091660025356	0.9576333153767668	-0.1386091962523418	-0.4612244652375006	-0.1479851909518113	-0.1990986497545452	-0.7498404770286141	-0.1289756273232874	-0.7429038803320196	-0.1886665327916285	0.2243189165958607	0.3392606159369008	-0.01900247315917608	-0.02556736824802878	0.6907711260652973	-0.3609755736026474	1.454726034456437	-0.152682532858073	0.09736924656661304	-0.07041559665433907	-0.256585685475843	0.1711922908685039	0.3768853550812616	0.2287267080574586	0.8745975161344606	0.2287267080574586	0.8745975161344606	0.08456390262411762	-0.9279267748939621	0.08456390262411762	-0.9279267748939621	0.2536050943522312	-0.3239790870640147	-0.2363240278338295	-0.07187987136284918	0.2895596354379915	0.2303776676589417	-0.2391753475450487	-0.2412401979064478	-0.04632446179451694	0.1777758133106309	-0.3214772767339071	-0.2261536808902661	0.1286508987680582	0.06430706498625684	-0.1519634329694886	-0.1501883098509204	0.7374209279329996	0.5321799389357329	0.3414990358545189	-0.3090357091929181	0	0	0	0	1.566677929826521	0.1673210597553895	1.570661636254912	0.1172172019019869	0	0	0	0	0	0	-1.66586211960283e-11	2.294631255875972e-08	0	0	-1.66586211960283e-11	2.294631255875972e-08	0.5014869427832522	-1.550132879991641	-0.7129800695452748	-0.04128616955950175	-0.04070083067825669	-0.006032376896136272	0.04920503242876221	-0.002039470863874032	0.001807405726646303	-0.001841591065514977	0.1617343285723052	-0.1804692055336568	-0.009769195537740206	0.1123921374990832	-0.00672832765337662	0.0008826541165289287	-0.01541704272031605	0.01080776187504517	0.01047751052108303	0.01136261319398033	0.0249683591197648	0.0107127946462255	0.01064430599561083	0.1194035530614204	0.07560782881611504	0.9995242433998498	0.9952834862643879	0.6995265625378476	0.4882288724689766	0.01018978072398281	0.3104517636674952	0.2304420134491965	0.3251941856384999	0.01419387260536838	0.6007024693901144	0.2027233761021353	0.05302356720239738	0.4134151741978102	0.1256867808501119	0.02822935684726213	0.01136671179789361	0.04622739813127539	0.01088014090731952	0.5879215316047431	0.01322970124453865	0.01090601665298899	0.01043357284590229	0.05410190294957284	0.3801012138430582	0.1726035868100638	0.01003829939434216	0.2460442334482159	0.9998491363601929	0.01064037747026266	0.0113844130812619	0.01045355365973052	0.01094762543720216	0.042480842293789	0.1710495789254965	0.01261410487422456	0.01657469017553186	0.01288745739045666	0.01645435078355623	0.2220495066722669	0.07736852271402181	0.9999992526229761	0.9999989600414995	0.0100020430409183	0.01000080019354406	0.01000021674069651	0.01000011073429304	0.01374064900118994	0.0125531118194008	0.01132881432255916	0.8655317977568924	0.286438993674885	0.03753652676741893	0.3760508426348818	0.2598554090242417	0.1435120312256987	0.02446860676583669	0.3476293779445317	0.9999802449387304	0.9998718826671127	0.01460521857676369	0.1103520853224538	0.9183556583522089	0.07500610178351093	0.9851813114103146	0.1210374874487797	0.0100000587446087	0.433974524456867	0.9999997820915262	0.01000047475824201	0.2078772081259474	0.3354122864145958	0.2319706014488792	-119.8263537833195	-14.54105230023469	-14.62004731625536	-20.43549412819299	-6.454555092893626	-19.78415359026039	1.043327894960499	0.5019531077941795	0.2745344205653735	-0.3198577059487161	-0.1844148984997031	-0.1100595518662621	0.5559098915013397	-0.5400187189057981	0.01759916459319043	0.2987950805932718	0.2671488790528946	82.93440229596658	-40.31675376461547	4.70591088038034	-4.964108603862672	-12.91869887382499
1.41	0.1310016967005305	0.1878217326298025	0.0602192212660513	0.07313649674111815	0.08028933724211988	0.0314000250887821	0.04437880581662046	0.03679825958092762	0.9989193338192135	0.8301705089316951	0.6474441400072194	0.4982398334610062	0.01011290570069122	0.5134595149438281	0.08195941122034535	0.1153045623856239	0.01189300903669927	0.2132075671696163	0.07120653529456974	0.0216656633144484	0.2390800505717299	0.04664746711865515	0.01577085712796117	0.041626711193912	0.4067821295087872	0.3552164443513357	0.7079687458001652	0.01143820599921928	0.1184158745378695	0.06281517923829472	0.02630647630249244	0.1295135135537139	0.06281036809948967	0.01002532201174416	0.08955277951126954	0.9998669175830112	0.1705079412237782	0.04891327168819835	0.0678525127753048	0.05356521232320319	0.02378772909777578	0.06620214228509418	0.1054584565157222	0.2259859206846854	0.03600356238917712	0.01406627535724411	0.1769843211767453	0.03854639241557273	0.9999994922257909	0.9999356904230368	0.01000135655783088	0.01000053048701567	0.01000014050378631	0.01000007022711485	0.1131498912745874	0.2266425988035041	0.1934318778142137	0.8528123910239181	0.2709919594652499	0.03363699278139103	0.3505351496043536	0.2065569270272092	0.07169370629897323	0.03366090364132375	0.1237724031456395	0.9999882804961685	0.9195168772035163	0.01205599605913185	0.04462225708612728	0.3142768927211679	0.03362071823009192	0.4945974952901708	0.1767089913100441	0.01000003591912023	0.1738465204946743	0.9996452447723316	0.01000031264192309	0.08588974427024532	0.1658600600880515	0.1014312111627833	0.02016338159655794	0.1059643980125105	0.08599219244488288	0.2392337306629369	-0.09446912183335607	-0.4220615838815981	0.8337070979138448	0.1090384979516409	0.9563103600569275	-0.1255722705259227	-0.4627166806943742	-0.1505617353410607	-0.206625402181549	-0.7532527322846931	-0.1366472203255489	-0.7914719996212775	-0.1861249690137553	0.284492142838086	0.3385710382915509	-0.1179089160142523	-0.01907547604075462	0.6090387287192119	-0.3478195378682099	1.165230984077354	-0.1518777309295909	0.064383296080695	-0.07322879393594366	-0.306266252603627	0.1748811026369219	0.3585035283195095	0.2382008326530095	1.023119222985527	0.2382008326530095	1.023119222985527	0.07808572176098834	-0.3716811368283549	0.07808572176098834	-0.3716811368283549	0.2498128535151138	-0.43466125575569	-0.2367414720504906	-0.01075464428360878	0.2915265702011144	0.1619473965355337	-0.2414265377392206	-0.2089515257541635	-0.04469957989789703	0.1474664271423493	-0.3232306018416466	-0.1262829517874524	0.1288039836592719	-0.03676348043234656	-0.1544834318256225	-0.3597192882893078	0.7422635709729569	0.4355048161436066	0.3386732234442636	-0.2567315234602027	0	0	0	0	1.568238154850185	0.1434585149770361	1.57079914694882	0.004511411336119611	0	0	0	0	0	0	2.632280774085984e-11	1.539143188720306e-09	0	0	2.632280774085984e-11	1.539143188720306e-09	0.5159788527821835	-1.510601419301877	-0.7447301759449502	-0.04398375924619445	-0.0460787547502244	-0.007855785348785581	0.05056896203407601	-0.002306024429872805	0.00154195745472328	-0.001990759048733924	0.1520708771277156	-0.1614184766464649	-0.002670155771823795	0.1084219478794037	-0.001490029808635435	0.002684150178890374	-0.01440454052746774	0.2004258880176454	0.281755762810823	0.09659222723219964	0.1064848524289021	0.1274102772277229	0.0486673239906051	0.01077604366810252	0.02085643876946067	0.9998396010292295	0.9940594314120798	0.7222221256720397	0.6304688523252727	0.01011993563140656	0.5818149264570557	0.01018611241337882	0.01013098690416603	0.01054733365414583	0.01055414765573379	0.01034370250674643	0.01023750162626085	0.1919144260264522	0.01095270558003539	0.01079612530138719	0.06314037014232698	0.7116554594222518	0.9997620055803761	0.999909090419032	0.01052282723779938	0.1828655331244388	0.08332916407780062	0.01586766315049655	0.01126491809110346	0.01291139829417862	0.01002581208149872	0.01174382334458712	0.9999073785391269	0.5278914457731028	0.07003008839847742	0.09009670677602639	0.07570548466612187	0.01341089337737544	0.01136936014146578	0.1672030853483193	0.3549021487279301	0.0538123983873863	0.01293178494040994	0.1906203150233619	0.01901031055632204	0.9999996205264278	0.9999994491978006	0.01000103527758712	0.01000040721631265	0.01000011578759257	0.01000005731890671	0.1681978893310841	0.3532677790979512	0.3202809371832339	0.9225596077371991	0.2679665332077761	0.02634186523440087	0.3595455161145549	0.1794840633543432	0.03216014140451025	0.0419674733663272	0.01173582547943217	0.9999937800247215	0.999995212502743	0.0109391275783731	0.01069654419160058	0.01019719346729181	0.01178522194946859	0.3252214402190545	0.2312877732708921	0.01000002710436729	0.02996474572877835	0.999999889243211	0.01000023748771167	0.01969151028612952	0.03499313273819574	0.02598904603819775	-122.1083162144727	-11.06885825994805	-14.89850193477493	-20.28567755645922	3.736668305074573	-20.5783657332091	-0.5663228384391722	-0.2775314009699464	-0.07674322445999275	0.1664678206981866	0.3736765062405135	0.1011875506069445	0.4086124666243743	0.2793938580362192	-0.01594990180145162	-0.1155057748607637	-0.1296527645142743	82.06341691579509	-40.69690398050562	4.806830316654312	-4.782970209492123	-12.37732130467335
1.42	0.1349784235128019	0.1904538013604324	0.06499718667487243	0.07338944816890103	0.08537287533065141	0.0341698727204633	0.06484011259915497	0.07317125798204259	0.9992830004321986	0.8950751969337851	0.6795479650363371	0.5498770020739735	0.01040228320421003	0.4625803797005874	0.0924949333966382	0.113505743941764	0.01087520018905233	0.1981024824144854	0.09556147175206486	0.04603105153726699	0.3012751418551541	0.06871261733190311	0.02421464523976844	0.04417832511509447	0.4919230148466043	0.7014140731226827	0.843355411816791	0.01165541828688055	0.1229351427335526	0.06049541212461243	0.05592514469738192	0.1677008379939512	0.09072069905951105	0.01005847936564412	0.1026679577244913	0.9998770950176249	0.480040948638005	0.04962221115959658	0.06519771089519279	0.05375436570121541	0.02325263472645093	0.06539058335234608	0.1119518609028255	0.2358880952801708	0.03867321630309052	0.01469906585027903	0.2027009595406357	0.03429930329264322	0.999999486399287	0.9999605492405634	0.01000140114869746	0.01000055699666685	0.01000017084117764	0.0100000871653234	0.1154684322554187	0.2347864338735121	0.2078431822232627	0.8634827141939405	0.2550685880339792	0.03299151577623999	0.3519323318267271	0.1949459791173606	0.06292347631603365	0.03445955610822006	0.1270595904691976	0.9999905227812106	0.9510322182110407	0.01378486777811665	0.04756173109379531	0.2960145956402432	0.03229255589589314	0.5120067021109175	0.1762076642179806	0.0100000420888167	0.173265103194655	0.9997839996848484	0.01000032464840925	0.07447754940775894	0.1511890435301109	0.09106727920975156	0.02154388025426206	0.1692058838142581	0.08847264078171685	0.2575113292470214	-0.09878671605915626	-0.4390874550015475	0.8349059512172234	0.1306595581619329	0.9551300019037804	-0.1100978900243171	-0.4642383822997373	-0.153937705422102	-0.2141095345943317	-0.7404229548575288	-0.1448049316635774	-0.8399791124817921	-0.1829729295176703	0.3458277497910907	0.3369267091180939	-0.2095834942454413	-0.01334331092647726	0.5402121115715897	-0.3378162740148152	0.8321429438350033	-0.1513786481803115	0.03623031468816226	-0.07654409615661302	-0.3568858313514794	0.1783094916889907	0.3243059963774401	0.2492551239136742	1.191464768059072	0.2492551239136742	1.191464768059072	0.0770186485810516	0.1511514618472565	0.0770186485810516	0.1511514618472565	0.2449100377006146	-0.5458828182622526	-0.2365221993352817	0.05543132188581157	0.2927743927394113	0.08629058144739586	-0.2433507536541119	-0.1755802226745956	-0.04337075745297522	0.1184585651699936	-0.3240326584759003	-0.03527121990539629	0.1278448571919646	-0.1591095849910384	-0.1592423871359018	-0.594323670084549	0.7461139025555331	0.3337052291467565	0.336351107828675	-0.2083854378588902	0	0	0	0	1.569524437796898	0.1135754502342586	1.570796202397224	-0.0005689172957923337	0	0	0	0	0	0	7.427628351620255e-11	-2.56404826589581e-09	0	0	7.427628351620255e-11	-2.56404826589581e-09	0.5024023393509294	-1.432177644135953	-0.7640977643348829	-0.0471502241613152	-0.05076348741735576	-0.009380292167501662	0.05173523550733572	-0.002518086750929591	0.001340694850789086	-0.002103390516308554	0.1480837398211627	-0.1583023773623699	-0.002629382934128744	0.1075963265559493	-0.001365745410467886	0.002680001597302548	-0.01425966177218299	0.01054825284906498	0.01033237319783329	0.01075239211755747	0.01245370624720434	0.0104619328255113	0.01044736477333526	0.1888673575916711	0.2033569679902774	0.9997812430229427	0.997924626391161	0.7270793396635684	0.5706794265005063	0.01107101078009372	0.09451883091644364	0.2668280014939329	0.3149926461504282	0.01113145501781125	0.5328686091470088	0.2898998482741393	0.132395598062834	0.647985655555923	0.201632201145691	0.05484347069676847	0.01106847861499894	0.266659401626861	0.9997619934896028	0.9998926204863398	0.01396406483110788	0.01075372571251835	0.01022367616723902	0.1541930222227902	0.5315264787857347	0.2722946484057847	0.01013687907998599	0.2955189886324115	0.9998603010918965	0.9994917898578066	0.0103822884167931	0.01012861206757981	0.01026207861540638	0.04199581127731265	0.1701545374887109	0.01302135293399876	0.01686189003716458	0.01323665815854573	0.01845216055753368	0.2802202022992383	0.06270984784580684	0.9999992063717348	0.9999988078662276	0.01000215903275674	0.01000087109273555	0.01000029768295788	0.01000015610769088	0.01352234476935158	0.01247301284752316	0.01158039514556629	0.81233512810703	0.2078293731794507	0.04251406600673705	0.3509825596685298	0.2105202349555584	0.1155571346788454	0.02213229616551555	0.3577664242092347	0.9999909154529706	0.9999949507312722	0.02006050914185719	0.1218448039771245	0.8105609697305369	0.07174250530644105	0.9651130693059705	0.07949879043787821	0.01000007537389162	0.4436636973365841	0.9999997531332652	0.0100005060022812	0.1698426868736086	0.3308805875157713	0.2030809494191957	-122.4330480157876	-8.302723914529752	-15.2908069339506	-19.05067344948319	19.51916806729288	-18.77597596882395	1.204507193723587	0.6050921376909855	0.317335955739415	-0.3605957089135944	-0.2613373650817483	-0.007159069806762504	0.2849879700299447	-0.6075626172714238	0.04525136504443415	0.3240599553408072	0.2484114833475102	79.33798506557555	-41.75831348163922	4.905635348285863	-4.711726905594012	-12.01363539717773
1.43	0.1349445672744443	0.1764680919429617	0.09053361961876837	0.0894048528528637	0.1124033436803459	0.08445869788735316	0.06570541793547277	0.0775870629978213	0.999520647098826	0.7896004436805399	0.6817969142172891	0.630342761961305	0.01005249736559873	0.3927566875874208	0.09400042527045381	0.1117876530655361	0.01120253532150866	0.1934041630005309	0.09864324529153932	0.04813778912347616	0.3734391612421824	0.0706076975280865	0.02390460241309795	0.0778856395380188	0.5886702334256639	0.8217071175047267	0.9054932065806268	0.01164134676073916	0.1233113798896036	0.06158279784356709	0.05879920433980327	0.1765932097719136	0.09291461578659127	0.01001174290936852	0.1052489483207558	0.8863033723127697	0.6336485419995922	0.04372969131074569	0.05569274190136198	0.04643943287137144	0.02523251848878099	0.06652950706931909	0.1244622090852872	0.2598890208155843	0.04679691201438781	0.01402904698564088	0.2208823768572836	0.03572496143291312	0.9999994778528886	0.9999757972598781	0.01000143225463223	0.01000057501216412	0.01000019049057497	0.01000009813706558	0.09961457270660196	0.2238181179786096	0.216563733167816	0.8942488760416806	0.2511040896629546	0.02645710098753052	0.3848531860974594	0.2033234696227372	0.0583397392206404	0.04112137157932265	0.1303444622224095	0.9999920041730058	0.9703696834651754	0.01306029306007896	0.04732227622475366	0.2968035425997868	0.03187041746097682	0.5756700478055436	0.1953919008370728	0.01000004612398761	0.2000158255929864	0.9998691970972026	0.01000033287996591	0.07680418028964164	0.133942076316925	0.0908269019121597	0.02352621605191723	0.2260824344147646	0.09115538446028998	0.2796473623965122	-0.1031979232569916	-0.4402857559299019	0.8363177083946227	0.1515054589223862	0.9541162384406501	-0.09227622875242636	-0.4657989320370142	-0.1583559564700237	-0.2213622938699336	-0.7061354049069711	-0.1534424985689475	-0.8871634430435651	-0.1792143142626943	0.4054486468600895	0.3344087609596533	-0.2924768152954171	-0.008204772765665183	0.4912092905508523	-0.3311655318139221	0.5022040678946295	-0.1511382794350925	0.01250978109946239	-0.08036643077771735	-0.4074578264786436	0.1813069304070198	0.2720787343990403	0.2621131427904036	1.384699183770182	0.2621131427904036	1.384699183770182	0.08093907324520279	0.6232181968922036	0.08093907324520279	0.6232181968922036	0.2388981156198314	-0.6562175008348743	-0.2356174026612829	0.1262314353499205	0.2932246547296387	0.002360326660994212	-0.2449295094847177	-0.1396285109298994	-0.04232862290563794	0.08998071932993898	-0.3239506863764869	0.05137229276381465	0.1255294239378227	-0.3092011003171276	-0.1663674781589431	-0.8279862636860152	0.7489209618382251	0.2269054882516104	0.3344921099069101	-0.1640231170381355	0	0	0	0	1.570503398802048	0.08204232000188912	1.57079626297196	-0.0001590857327277737	0	0	0	0	0	0	8.877232220695824e-11	-1.911656919457401e-09	0	0	8.877232220695824e-11	-1.911656919457401e-09	0.4637210551542997	-1.322595039632799	-0.7695916793178168	-0.04978275441037285	-0.05514947189328063	-0.01112525485303636	0.05293677069970306	-0.003009735151555312	0.001101973169976868	-0.002246500564054084	0.141731899607911	-0.1550161164311283	-0.002679003306020311	0.1062735438075374	-0.001364987406484418	0.00261800934536778	-0.01408273149641802	0.1961743106756706	0.2373056645810326	0.1587884135631552	0.1455629001149887	0.1956105437213207	0.1749361490053112	0.01068539717012953	0.02224422889672616	0.999940878688894	0.4262469947949635	0.6909104796240899	0.8727988349784908	0.01139741231679108	0.3914010549583034	0.01012893918110805	0.01008691587004535	0.01150529586341902	0.01017170008074541	0.01021230891236377	0.01018340129261226	0.3781509844768145	0.01059041011865795	0.01065518010157902	0.1467561424062184	0.9903365799749627	0.9999678173043719	0.9999839236741682	0.01067116674570012	0.1792907655534818	0.08820903048957995	0.01503165875732074	0.01051063900861993	0.01195926989349455	0.01031057972536885	0.01055773350412272	0.5689172115286243	0.7513745122416163	0.05468620184692681	0.06868708565477573	0.05733564989037565	0.01823334869788127	0.01327873373338593	0.1954954697059224	0.4193500649407714	0.07134748382584803	0.01215574774048308	0.2134119180014029	0.02239687590839218	0.9999995810122128	0.999999322655961	0.01000111054521663	0.01000045086770786	0.01000016194623329	0.01000008330509849	0.1231477070483983	0.3094065925777461	0.3307378041553908	0.9974662380745187	0.2549736694447544	0.01291036911652722	0.4545023178920192	0.2028488183452662	0.02193166463797767	0.05672087093165527	0.01313778236938391	0.9999962258899924	0.9999982626675927	0.01050617885713574	0.01064378087165779	0.01019072443671601	0.01157477147628129	0.4843269546445764	0.2772849114965726	0.01000003672993464	0.0960634853727665	0.999999866052298	0.01000025717986115	0.02814592541530337	0.01765960499837854	0.03173740674730292	-122.2423683054113	-3.269467791543037	-16.42757096860393	-18.64843897816585	38.3294696777714	-17.165995471867	-0.6573284599194735	-0.3498500253600696	-0.08615542852008229	0.209513060083417	0.4178394767604944	0.365504068419779	-0.173256417517526	0.3134785460532966	-0.02945706457798531	-0.138341854497977	-0.1220618016569348	75.2936207391253	-42.54875216808393	4.988659915400508	-4.197382530681887	-11.7017764764115
1.44	0.1348418729694306	0.1684563117530688	0.1021310798577448	0.0965295318631009	0.1255744674733614	0.1062604621242348	0.0905167927746317	0.09564846230254696	0.9996711196890347	0.6873612669956721	0.7388670112913653	0.7652050350400114	0.0187538840560809	0.3278010934893344	0.1049147684549783	0.1242892674700571	0.01134519782595864	0.1863509554873713	0.1223899647450185	0.05980937672531288	0.4805067473732906	0.08903207727379699	0.03389248277075044	0.09230700896749827	0.726557098542013	0.8916258664409337	0.9424963255834408	0.01247219661134977	0.1233788563332405	0.06201419122444858	0.06748946109342129	0.2080825124518701	0.12366084348698	0.01164520564201821	0.1072444401077865	0.8186573290504611	0.7122950730073073	0.04137324273503751	0.05171001549440534	0.04349110902314789	0.02505043357972904	0.06066297495755837	0.1311474532262654	0.2751406762009647	0.05045886779291631	0.01738330121812019	0.2215284954299939	0.03238690513245203	0.9999994468759774	0.999984866581166	0.01000151372433575	0.01000062118808849	0.01000023666715236	0.01000012460424009	0.09192886201633331	0.2172018092870587	0.2218695572807994	0.8963163442389883	0.2177111674626728	0.02398770666305387	0.3865415747502705	0.1828309437312302	0.04383282205000287	0.04379948493514186	0.1202884824444004	0.9999934333197632	0.9819644100458073	0.01906749080633171	0.05151831039809189	0.2527159732296821	0.03206595266582488	0.5724008833848677	0.1959223118842038	0.01000005596406957	0.1825110974920416	0.9999203013992174	0.01000035374113119	0.06454463701436007	0.1347534267867143	0.08402594282612101	0.02604014117129493	0.2753548814486443	0.09407600000803817	0.3048723585422052	-0.107532497569713	-0.4235683571477691	0.8379311614951274	0.1708812475243175	0.9532916586070491	-0.07230498998754892	-0.4674091372362241	-0.163857755058731	-0.2281445352035476	-0.645554399115729	-0.1625366453839706	-0.9308471317209649	-0.1748740752039962	0.4620997829795886	0.3311080255692285	-0.3661400736536369	-0.003440744270871232	0.465593168547113	-0.327623675520512	0.2164714720275597	-0.1511170615151577	-0.007800006289411022	-0.08468761969367174	-0.4563136473184956	0.1836890479849396	0.2013067580130165	0.2770474941631993	1.607399819252099	0.2770474941631993	1.607399819252099	0.08926878577888646	1.031187818848525	0.08926878577888646	1.031187818848525	0.2317944661323712	-0.7639081519203876	-0.2339854620969339	0.2006444776722059	0.2927947395417498	-0.08957628921637759	-0.2461306218999955	-0.09988057912042633	-0.04157252259386004	0.0610885950741825	-0.3230018481110196	0.139023844636866	0.1215434796593056	-0.4945116206161883	-0.1756921097747811	-1.028608974089115	0.7506370982176119	0.1156446947239627	0.3330608611482153	-0.1225580534173658	0	0	0	0	1.570794675944627	-0.004022147726230179	1.570796304381854	9.682074153006452e-06	0	0	0	0	0	0	5.43864694454448e-11	1.089334803978695e-08	0	0	5.43864694454448e-11	1.089334803978695e-08	0.4051753134417163	-1.182252293827689	-0.7613046213681729	-0.05677165151731768	-0.05728060307814886	-0.01017031801598556	0.05297108242464003	-0.002237714618643055	0.001380697703153236	-0.0021350434276639	0.1332371921992736	-0.1515354471616922	-0.002579993756933208	0.1045976882739045	-0.001308589480092207	0.002555994198172012	-0.01389357882099775	0.01026476024122721	0.01015416906019912	0.01043951997668228	0.0117291621866159	0.01025628606640694	0.01026758510565827	0.2750026629036275	0.262746942100723	0.9998206660544321	0.7992298233994037	0.99983317002304	0.9999109622945742	0.03728137290766799	0.01016503850398472	0.3049957952828862	0.3633466130302661	0.01124377124298063	0.5096226519054904	0.3751795207332583	0.1692230738043575	0.9984382955611771	0.2645566295290326	0.0861734813264106	0.01057319573223912	0.6439834458163686	0.9999075916433409	0.9999555460498147	0.01642729103369861	0.01033997598787608	0.01013677801301536	0.1807913224052911	0.6526370074210855	0.3840442705302521	0.01498253736319531	0.3003587273674566	0.9999287294989159	0.9999526787628645	0.01026700121755605	0.01008818240804029	0.01018311970147823	0.03955209258178094	0.1494018967616231	0.01411487542143402	0.01877738745471415	0.01479886083037464	0.02907122872199763	0.2516004996841601	0.05098793269905004	0.9999990771263751	0.9999984104147437	0.01000236890687898	0.01000098968749871	0.01000041475691615	0.0100002234822919	0.01352366974544636	0.0123906336901099	0.01202091248335946	0.7304244824382655	0.08842251847970405	0.04142041186272327	0.2804951757348815	0.12011174150867	0.0736703327213195	0.02283430371734744	0.3168457192575658	0.9999936170113717	0.9999973239231876	0.03870054953124129	0.1357811405646513	0.6185012038866955	0.07274587904327365	0.7963761097801813	0.04434303769521469	0.01000010046367095	0.3411097959699578	0.9999996824096828	0.01000055949421366	0.1264159883045466	0.3535374733108732	0.1798091782325192	-121.6068650409623	-1.307815617520048	-16.45290978158613	-19.49626958379324	61.77956048626736	-10.64904292561783	1.457556478385265	0.8095392948902228	0.142790688039667	-0.4485761029064746	-0.5444161426027765	-0.3598579194331318	-0.9828192618718917	-0.6767892930509427	0.07965383112083337	0.4175455842708897	0.2374200167489636	70.15748727069165	-43.89613400453118	5.04276066252157	-4.012721536249689	-11.34152242155278
1.45	0.1293271821214617	0.1408864966151585	0.08769069835713034	0.1972773914366087	0.09344405425153383	0.06340371501221022	0.1063192496629977	0.1161010930635924	0.999769809474957	0.5378466801884318	0.604221945907621	0.6204891179619419	0.01998876089366752	0.3755925385068035	0.11911821788892	0.128625331485954	0.01082248656952371	0.1677072669524788	0.1107549947631739	0.06816784342573619	0.7005325936582718	0.08129846425487204	0.0378027000731674	0.06253402981035264	0.7790942600227475	0.9344933648873829	0.9652025113693773	0.01252827057537845	0.1161202413542151	0.03669250916171892	0.07501080804268152	0.2107146964813134	0.113718781071351	0.01001820492756379	0.08694661826311847	0.6536314188803243	0.5879002924267728	0.02817029078932746	0.05761946403499087	0.02587844519148356	0.04674147752020413	0.1138128234324097	0.1488587356275567	0.3136654106442898	0.06165312701280153	0.01533113088069213	0.2525638711309701	0.0341299573471068	0.9999994163032019	0.9999903971134166	0.01000157092052515	0.01000065213829807	0.01000026514486146	0.0100001410079181	0.05375332028119243	0.1934996694276656	0.226595135868724	0.9047318081323233	0.2093300275654152	0.02128425233649106	0.4459499232226309	0.1979257568776037	0.03830136357248199	0.05434659366074403	0.1492230720065361	0.9999943535113613	0.9890834945713577	0.01702615087462735	0.05072995328053783	0.2362907052372099	0.03102647971516632	0.6631691041840225	0.224136040322796	0.01000006209976771	0.2322773161964665	0.9999516747805182	0.01000036809718366	0.0687202837552382	0.1326493676444765	0.08811228669771404	0.02900504693323885	0.3161520011532771	0.09725731062454257	0.331412295389122	-0.1116087662816596	-0.3887601817692142	0.8397280730258536	0.1880793094467491	0.9526761935123975	-0.05052284236464297	-0.4690791481327534	-0.1702712558771199	-0.2341713697293851	-0.5543898376378579	-0.1720373482733354	-0.9678797616172098	-0.1699801926667802	0.5164516046403657	0.3271156639186429	-0.4309095753929567	0.001184833726974055	0.4631817889116849	-0.326584824609556	0.005654844221549033	-0.1512870062748496	-0.02591989858241353	-0.08947897852361084	-0.5010324831917622	0.1852753569567045	0.1132798301751176	0.2943700889449666	1.862718076787365	0.2943700889449666	1.862718076787365	0.1013208698752189	1.366744538022724	0.1013208698752189	1.366744538022724	0.2236356513024914	-0.8668791592185142	-0.2315976687677515	0.2770939823174447	0.2914122188746924	-0.1877360608171199	-0.2469117802050768	-0.05554866318866757	-0.04111143358434122	0.03082668804475109	-0.3211489910187686	0.2330049202430623	0.1154957864231596	-0.7228144880992374	-0.1867188559421389	-1.163201337308656	0.7512219942966981	0.0008325622228989647	0.3320385189732423	-0.08179013928391174	0	0	0	0	1.57079565414559	-0.0005690974644558262	1.57079632469521	-0.0001015025064964737	0	0	0	0	0	0	-6.428017895994571e-11	-2.433600769552024e-08	0	0	-6.428017895994571e-11	-2.433600769552024e-08	0.3417260376666578	-1.015710081819404	-0.7425915303555324	-0.06089822238963387	-0.06042042336659311	-0.01078529361271053	0.05362216520221019	-0.002523707480085266	0.001363139159885484	-0.002218365436728636	0.1232894170877585	-0.148447781537472	-0.002397677971204375	0.1028726827002075	-0.001220476406278644	0.002481604334670302	-0.0137471067021104	0.1807806908749066	0.167509183013836	0.1092097127741502	0.4571585017799727	0.09616690405023899	0.04334955827787928	0.01018817755094728	0.0387290329363715	0.9999881047547229	0.01006848220706004	0.01004375659194328	0.01002598183811996	0.01005378676484848	0.7319854058309616	0.01004408905745696	0.01003012729759688	0.01009918486822666	0.010059484769135	0.01006993465217167	0.01005075112287313	0.999120835123293	0.01018740738162504	0.01015103717904677	0.05654331150513237	0.9998022659115923	0.9999944744832735	0.9999971269654815	0.01009257326353996	0.1591540778418456	0.02591596337434576	0.01286490188149587	0.01017021130452356	0.01061229590577667	0.01001210680499051	0.01017873923268027	0.01000747815794266	0.01000784717100832	0.03013660533844403	0.08773467645032786	0.0238762909825491	0.07066005615704932	0.1470639330935394	0.2393700732572745	0.52707526167826	0.09670951474426248	0.01120575013571444	0.2824067434133529	0.02630631354851728	0.9999994845384805	0.9999990012033935	0.01000125106195654	0.01000052467152111	0.0100002242951313	0.01000011949148592	0.03441931966838415	0.2458174897710624	0.3391766313691534	0.9993473133750388	0.2494733703524789	0.01092780998418909	0.631592257023611	0.249000603890521	0.01479468703690635	0.08044881381124179	0.08178744053859183	0.9999968768904421	0.9999987962493243	0.01027034937674208	0.01052766058202097	0.01016313532902378	0.01116037607883025	0.7591132946840643	0.3541423358531352	0.01000005032801098	0.2226911980894574	0.9999998131823172	0.01000029180900295	0.04091110028049485	0.01605059472534283	0.04248524443423182	-132.7150230677281	-5.954638402773393	-19.38406613239254	-26.67171621163972	91.67357440027848	0.9216150731285978	-0.8452561031852455	-0.4939417983229478	-0.01833043553140932	0.2669518213120841	0.8959882206970322	5.098416966964534	-0.08889320276583265	0.3481454531943	-0.04696388499144419	-0.2074110909676452	-0.1172163626320569	64.20957638889395	-43.21643483571701	5.058016915269476	-3.484875850433033	-11.30929577450829
1.46	0.1263805474414137	0.1259849176686641	0.08077170220825935	0.3200907971098605	0.07780862071733546	0.04429318287331152	0.03087940463498922	0.0502457749188121	0.9998624974835297	0.2734506902993635	0.3086767513175034	0.3196067057130236	0.01131260998511886	0.6221778292456672	0.03543655105285012	0.1237581034399399	0.01023802526828292	0.2769110163090407	0.2570584568100547	0.02041658115626415	0.8177010688924726	0.1798748850142452	0.01403729369594243	0.04933077914453943	0.8822596788593619	0.9601381766885001	0.9788211773403359	0.01036892617450276	0.1123518446737919	0.02676019481134035	0.02401527756303577	0.2904162893261059	0.2573563539256358	0.02501105747218986	0.2515219725249609	0.3417941855548506	0.2976504495344967	0.04241629088393963	0.06209299969298662	0.04251844159787185	0.05815855148583913	0.1231368399478618	0.1586478149493002	0.3378900914532252	0.06791029524746985	0.03252190583889703	0.2210564810392983	0.03140804418046369	0.999999335888035	0.9999934964656966	0.01000173105881899	0.01000073252477964	0.01000032233210351	0.01000017461682204	0.03798877406515954	0.1795903324762768	0.2295178643166696	0.8863258246012485	0.1850810732359697	0.02805853524480021	0.4528223144954041	0.1788236961915094	0.03235818204382065	0.05923327493355351	0.1222341519964117	0.9999949830031407	0.9933546380645141	0.03956768942863269	0.06329193263808011	0.2110570250811191	0.03830436805948802	0.6528714086675151	0.233122838496543	0.01000007481080118	0.1952130938770616	0.9999704656883378	0.01000040641911514	0.06095047669004974	0.1281866417315176	0.07881225345774871	0.03233251954771338	0.3477498400439635	0.100699951696155	0.3566459381487859	-0.1152531875858941	-0.3376610415950551	0.8416831700966955	0.2024060807301145	0.952285579152346	-0.02743350467244827	-0.4708163991309046	-0.1772309898232731	-0.2391180668900136	-0.4289696007185191	-0.1818593410422651	-0.9944369585218822	-0.1645444946350192	0.5710153874612277	0.3225165807169341	-0.4876694325016865	0.00588834412244775	0.4803166094368855	-0.3272027724411669	-0.1133446594709609	-0.1516315217971356	-0.04283746428717531	-0.09468453142706923	-0.5386207594558885	0.1859069630004591	0.01099703410437457	0.3144146887872258	2.151808706273275	0.3144146887872258	2.151808706273275	0.1163511145962537	1.626673111215403	0.1163511145962537	1.626673111215403	0.2144804854934994	-0.9627620223681488	-0.2284436676638421	0.3535062905161483	0.2890299735795513	-0.2888695188863715	-0.2472254472067482	-0.0063939962983102	-0.04096326358858858	-0.001606525376336923	-0.3183062806237974	0.3375567642967277	0.106920771579425	-1.000959002860113	-0.1986453269946772	-1.204982412150227	0.750645626690056	-0.1164168327526955	0.331433111693649	-0.03858467448644189	0	0	0	0	1.57079626608868	0.0001030374340560356	1.570796160100324	-0.0001141017899513515	0	0	0	0	0	0	7.862053413572799e-11	-2.308574822178202e-08	0	0	7.862053413572799e-11	-2.308574822178202e-08	0.2831234209931688	-0.827714277792669	-0.7163439089598593	-0.06612803984769389	-0.06314657339258267	-0.01060205923384156	0.05386871364796298	-0.002552938549977066	0.00149663278858765	-0.002257160093464129	0.112666933518686	-0.1461821861242687	-0.00220871213746821	0.1013653797489231	-0.001118202688954844	0.002387267464216391	-0.01368631930077625	0.01003075550886461	0.0100167518610493	0.01004920236447359	0.2757726034834782	0.0100249102758319	0.01001973581251884	0.01017172091334245	0.02106485035637249	0.9999880367438007	0.01003951220646003	0.01002187541578113	0.01001326668368331	0.01031612591110496	0.9999718171864125	0.01027434770986811	0.340796430597875	0.01001751337939414	0.9999749637418045	0.9997197527728641	0.01003759627045474	0.9999211681287609	0.6555443271355048	0.01006766781141404	0.01003920620494442	0.9995435565712424	0.9999948134369538	0.9999972912607892	0.01002034002407794	0.01003560324986902	0.01002263698704455	0.01067407619487334	0.999924248002276	0.996571818522844	0.06167188315221427	0.999885516926082	0.01000442130668009	0.01000462681577808	0.06859109367987425	0.01637115099429533	0.08081051386753307	0.05159472502840146	0.1164994047687857	0.01527647033517478	0.01781175673508999	0.01991308877347079	0.08371526414163914	0.07223895234278702	0.04089712854494324	0.9999987667688682	0.9999973155793924	0.01000278511681791	0.01000119653053684	0.01000055588597609	0.01000030673372425	0.01473052669739118	0.01202418844271802	0.01232110314024274	0.6132470145323694	0.0175628682315374	0.06471800223934605	0.1542876025350497	0.02338661110874615	0.06058215017249152	0.02521683004114499	0.1853338469187354	0.9999940038954744	0.9999977980989844	0.1107949957815944	0.1784138705088723	0.5349938673977557	0.09664201076705985	0.4978921030638961	0.01720303697122662	0.01000013201331557	0.1201839887740267	0.9999995168050498	0.01000065847201946	0.0965775588714083	0.3389342267405842	0.1437906402121141	-123.7411385121719	-5.186227576484698	-16.28446475062179	-32.33978169862251	3.793418878383421	-3.819861202491892	2.77285984435127	1.786106384738	-1.351211255340775	-0.5258650728292088	0.4149312149745135	1.292138324183818	1.65798484628765	-0.7522231306023738	0.126788499165006	0.6544179868572901	0.2309694650452428	56.87911901304378	-42.50674105248471	5.029547796610789	-4.194014468979033	-10.56037774094321
1.47	0.0433830318040686	0.03360166361225007	0.08763833214089296	0.2182511180295826	0.1479912494227234	0.1017466436247029	0.0474148050765018	0.08660534448076029	0.9999140823843222	0.13861207783342	0.1596090808704571	0.1662352129584471	0.01624637396473643	0.7766252288193655	0.01941763221449791	0.135255427835762	0.05437760960162485	0.3262450145362074	0.3327324816165034	0.05305076265541034	0.6533912216917808	0.3032288577649075	0.1210715843125938	0.1138385696811593	0.8575282811620043	0.9758768765302758	0.9871813503931955	0.2896889056256653	0.2111501031281774	0.1247392048755408	0.05394199749684744	0.3912999432919393	0.364896060516276	0.05999666095088357	0.3909104045304185	0.179834096121625	0.1529687801225591	0.03642431959061882	0.03140322113810174	0.03949732886212243	0.03921127742894012	0.1518607064895017	0.1668738823588516	0.4035737520274105	0.02990058415479424	0.02414295852756333	0.2520576332517081	0.03285112470772597	0.9999992621063464	0.9999953043138825	0.01000184002502893	0.01000078602870411	0.01000035799098961	0.01000019554255939	0.0164020951055747	0.1614497958779073	0.2209844458180235	0.896188189867692	0.2243954739289193	0.02195349847019507	0.5642954157846125	0.2359303519973607	0.03129987651423932	0.05476895238904951	0.1982304252268227	0.9999953467767867	0.9959772433540042	0.03118919586926715	0.05867773674283002	0.1970289768195014	0.03547580116888988	0.7372514212993291	0.2851037960138762	0.01000008277264939	0.2878925432932211	0.9999819894255607	0.01000043229281425	0.06375963154601491	0.1283910774315288	0.08002513758738704	0.03592697673545554	0.3694287885216996	0.1043754344413172	0.3774420021951493	-0.1183197342651306	-0.2739394818105408	0.8437645003652924	0.2132284741389065	0.9521296405349307	-0.003714138952569028	-0.4726239086212761	-0.1842308899805178	-0.2426266904594929	-0.2663643382109684	-0.191877903460494	-1.006559663491977	-0.1585462606052466	0.6296888313234807	0.3173845291693547	-0.5377728748755232	0.0108355532877156	0.5107269251321598	-0.3285389595401796	-0.1389990028961851	-0.1521411438944498	-0.05894692568883534	-0.100216800573799	-0.5658401300119593	0.1854624526427869	-0.1011055822573259	0.3375152458231065	2.473508808642095	0.3375152458231065	2.473508808642095	0.1336049186879565	1.811851511564463	0.1336049186879565	1.811851511564463	0.204412643477982	-1.048971954646123	-0.2245357027646445	0.4274665424560044	0.2856395423287675	-0.3885686255657582	-0.2470248343139437	0.04718831474255333	-0.04115242727184867	-0.03668316728583275	-0.3143550618037195	0.4548525315720421	0.09529560182813586	-1.333259940493263	-0.2104595924140683	-1.139604965584942	0.7488892090644726	-0.2350085522909281	0.3312874701555903	0.01081984530742081	0	0	0	0	1.570796252828916	2.634577337775827e-05	1.570793564974931	0.001482396379290751	0	0	0	0	0	0	7.501098445372039e-11	-1.682842704156564e-08	0	0	7.501098445372039e-11	-1.682842704156564e-08	0.2405046246224255	-0.6262295419998366	-0.6871220634569223	-0.07169405368241673	-0.06597663357672159	-0.01004964083692408	0.05382085378316648	-0.002489196437251395	0.001695240830262532	-0.002289813573932987	0.1019375891596811	-0.1444429548547988	-0.001877947785602212	0.1001602170765512	-0.000854835128997679	0.002326647071283696	-0.01370717901953771	0.01139112210198223	0.01076488731250448	0.133941011997554	0.01141876782109123	0.3082520668814437	0.2285136742075318	0.08158409001334889	0.1692697525414046	0.9999964859189773	0.01001315033509033	0.01000632634603557	0.01000382804090358	0.02317320992651305	0.9999890658110251	0.01033051126935813	0.01020743798413317	0.1178627968324932	0.01028570549207898	0.01085422460225299	0.1072080415403494	0.01322557137452245	0.2101301250336003	0.2996515705143198	0.2533458451917334	0.7298215766874528	0.9999983087688809	0.9999991196270127	0.8646794137362983	0.5340134113282047	0.3343880857608479	0.1373840119804479	0.1071755025168139	0.06405360675859051	0.0862936464070018	0.2002491393765123	0.01000135565973402	0.01000141257983947	0.0102943162545478	0.0100967605981223	0.01019867530285354	0.03133570841773776	0.2139806708534352	0.2548277635071074	0.7204739798762025	0.0178399792307396	0.01043418767234484	0.3861189432657222	0.02960780393166287	0.9999992610209577	0.9999981232475639	0.01000152345470909	0.01000065539225713	0.01000030216404203	0.01000016488274367	0.01141257645114855	0.2092312833825907	0.3148791245811425	0.9997470561042007	0.3873886039849042	0.01039803191968256	0.9904191347905532	0.4303744281651537	0.01423591471585948	0.0694400623131136	0.288148162559812	0.9999967280754553	0.9999988457992621	0.01012565990200223	0.0103170409233757	0.01012828484844752	0.01071604876971397	0.9980037823625983	0.5058590862351828	0.01000006784672098	0.5134545384475709	0.9999996846534367	0.01000035540483792	0.04690055067297158	0.01543308170640559	0.04467926267377716	-137.7112760546376	-9.597004548913848	-22.36117183698221	-55.98306758084073	-22.94773028746135	3.196020198526435	-2.579495142051194	-1.786404674836988	4.199876084112006	0.2553705867747338	-0.6615001197543562	-5.259508223329692	2.58198366487707	0.3908136039132259	-0.06862997099988109	-0.3706324305460989	-0.1150143483305444	49.6224213279409	-39.75372293658197	4.957643520294948	-3.954623667914348	-10.39684491888218
1.48	0.1493782130913082	0.2198513693668751	0.09107707193804168	0.09456041041717783	0.1853741733801815	0.1835586645681624	0.05386773760207027	0.1404836127068335	0.9999465042112006	0.06475570657477847	0.07529715667395467	0.07870951206946229	0.01777421985920386	0.8642872746302396	0.01392701993093184	0.04172106556180714	0.07127749241884009	0.300260270768724	0.2177985162782923	0.07246937755636525	0.3458497322303068	0.1828756810413944	0.17089458183967	0.1853620914885819	0.8424214463100073	0.9853162275954862	0.9921970837622428	0.4468277736211095	0.4921389422454389	0.2951870586740293	0.1913721096349198	0.1863810906184443	0.1552253643511486	0.05554580078643278	0.3127524530721396	0.08583552280434383	0.07191364623299908	0.01538141068408665	0.01774627365987073	0.01547115573864248	0.0914464764103439	0.1916504333116778	0.1766356585039699	0.4454261644506952	0.08582045292601018	0.1120460371834323	0.256871102571189	0.03159617276928381	0.9999990597248456	0.9999957220540113	0.01000216669910441	0.01000093826631782	0.01000043208999101	0.01000023749939491	0.05910684700525067	0.1522610154355725	0.231781380719981	0.7813504007208317	0.2459742711647157	0.07890463312352401	0.6052646230031433	0.2665808399537133	0.02508442452916974	0.06923572423966802	0.1849781589462785	0.9999953113982278	0.9975507332969449	0.1285634019690069	0.116424931633811	0.2038795399721132	0.06680506467164808	0.69112995102397	0.3162909894683832	0.0100000995928696	0.313350865299227	0.9999888123119232	0.01000050640633237	0.05387436132492383	0.1118488514024225	0.06512128680801353	0.03968580156106	0.3805296237660271	0.1082236448843081	0.3907200203287563	-0.1207073637136522	-0.2028798892021692	0.8459343081369745	0.2200263344533046	0.9522106654781601	0.01981327202103327	-0.4744992500168079	-0.1907009145837039	-0.2443150814748911	-0.06472854419200405	-0.2019312031693781	-1.000936550597677	-0.1519217823131464	0.6970389575925381	0.3117768541659122	-0.5831850366223368	0.01612219470985477	0.5469461931394148	-0.3297125106678104	-0.08393492441117897	-0.1528068189689938	-0.07394690921462395	-0.1059568702232127	-0.5797556294410955	0.1838702661937985	-0.217561288742707	0.3639815480552283	2.824128298279272	0.3639815480552283	2.824128298279272	0.1523492583311788	1.925372856042721	0.1523492583311788	1.925372856042721	0.1935422531455999	-1.122818812223379	-0.2199109653778728	0.4964438036892577	0.2812800237581199	-0.4818484319763344	-0.2462701390914477	0.1042214594022739	-0.0417058460929627	-0.07441907486936149	-0.309168396930196	0.5842976572958017	0.08007446443375484	-1.719686900242032	-0.2210808379768545	-0.9677262449457226	0.7459438764592136	-0.3540886013901615	0.3316832873258874	0.07034359252908	0	0	0	0	1.570796228310974	-4.715103675276275e-06	1.570682813000443	-0.0368695475685506	0	0	0	0	0	0	-5.719629093338619e-11	3.217034950550158e-08	0	0	-5.719629093338619e-11	3.217034950550158e-08	0.2213245192826255	-0.4187357701571345	-0.6599144463020481	-0.07706767774929027	-0.06918257693971104	-0.009387583411887838	0.05349935067577252	-0.002378117132967958	0.001903681023943789	-0.002330615170668013	0.09314797947464101	-0.1456310473497142	-0.002477467159904847	0.09994229262979237	-0.001158968942216501	0.002051209747284245	-0.01395237381127674	0.5039230837973681	0.8488637893883952	0.01088398873671623	0.01058310389944327	0.01365547265406344	0.2052699491885637	0.01032719620154857	0.1501287810371341	0.9999953911765959	0.01002319454532012	0.01000799958207626	0.01000471875600054	0.01004656039578179	0.9999665042090127	0.01063377210745163	0.01019350213135327	0.01016064058297334	0.8249749309948972	0.4200668227392376	0.0312253798470538	0.02578286581959975	0.01903563915935552	0.01219611637441233	0.1543533360770815	0.9973033905002532	0.9999975133925249	0.9999987014162446	0.0108346229107886	0.9826906060879215	0.4907467505202178	0.4609559447874861	0.01019288881797932	0.0106339448878322	0.01000741749352841	0.467032350582029	0.01000198479138226	0.01000185232834197	0.01050133006990222	0.01015144813452197	0.01034507850888447	0.2471540158369265	0.2144106317896101	0.03351620355226322	0.01274902951463779	0.2490522220318388	0.3975503179771698	0.02186994687252503	0.03559998955035861	0.9999979762064307	0.9999939807354788	0.01000364135093436	0.01000159301664414	0.01000073990657258	0.01000041024637867	0.1730036219394225	0.01505830547599214	0.07104126723298551	0.01077346297850728	0.01132534636139108	0.2596668013908276	0.01135667757078536	0.01131106899344044	0.0425213636981502	0.07649672921758829	0.01164146413502148	0.9999927356817424	0.9999975316818919	0.4667117234359932	0.3903579627096729	0.579882189100166	0.2028992877441684	0.01922606615573753	0.01240477684314116	0.01000017390890521	0.01101434126530727	0.9999990600252016	0.01000085165405654	0.06186344742564443	0.2776105481406572	0.09320232546320628	-68.32359053934628	-9.195730772475596	-19.77358355787947	6.540617551893209	-14.99145385976774	6.779972835236062	5.355476333134149	3.649661393948889	-8.650611647491521	-0.458409071019109	-1.419442087203028	-7.687436484892494	3.148013712318978	-0.8602114463249538	0.1627518441657766	1.287460293508049	0.2267892224115273	41.21583695380272	-37.14137808158323	4.846600457828819	-4.315392833259557	-9.153468304305161
1.49	0.1523975756216084	0.2632584121285234	0.03851888954781651	0.04530912496335392	0.05926577368340426	0.09758318164059746	0.04831660174130959	0.09563283916360756	0.999966485143172	0.0309961367451214	0.03548112666593051	0.03696118025669796	0.01001699002204017	0.9180594152259932	0.05425004212574046	0.07944297085813996	0.03117508624994215	0.4939645730218346	0.2436118040874542	0.0109567997616489	0.3463757388059249	0.2523404507799947	0.0520422609129149	0.08774652989609115	0.8521790147973647	0.9911120938327672	0.9952769043060719	0.352042334733924	0.4215249285378693	0.223535430286405	0.2247221469510512	0.3246965994467412	0.1509067501766626	0.2339086737665793	0.5154153382774581	0.04009579216419023	0.03402354199908612	0.01375887331121523	0.01376283928116681	0.01351024995381712	0.1395514606815096	0.276219199487113	0.2187787357494169	0.5379175645874766	0.09769983607828858	0.140123007749738	0.3381906190251841	0.03352482233871933	0.9999989080085181	0.999995887874329	0.01000239399257116	0.01000104066000919	0.01000048354276509	0.01000026671851395	0.06541439346334126	0.08168423073588928	0.2367202876489789	0.7338624549930972	0.3082780562882923	0.09114642397565598	0.6320595895900099	0.3726388981890377	0.02081764463038531	0.08525276506929823	0.3078985464777019	0.9999951306260461	0.9985168457422894	0.1560986893048948	0.1384000157768107	0.2085121638420867	0.07790996013901362	0.6856770315782456	0.4294621190232453	0.01000011117866946	0.4630952828335055	0.9999929763534977	0.01000056141754098	0.05510669914430782	0.1102683275723777	0.06617907452508945	0.04350108829819961	0.3807092562558494	0.1121568976840972	0.3941635993937939	-0.1223748879517156	-0.1311175587438404	0.8481503474219829	0.2224261868515184	0.9525222722470029	0.0422511946210599	-0.4764342708894559	-0.196076510793984	-0.2437899859871877	0.1762146488379182	-0.211831419082903	-0.9758250779231545	-0.1445616540793262	0.7775052681147971	0.3057272831643927	-0.6266895212437212	0.02177016658111947	0.5819338055630656	-0.3300249515912612	0.02876104550516791	-0.1536137754193265	-0.08705296753572311	-0.1117610653362377	-0.5784735837205071	0.1811171024211625	-0.3322487255462202	0.3940735669536752	3.197383710018732	0.3940735669536752	3.197383710018732	0.1718851438025947	1.970701989487214	0.1718851438025947	1.970701989487214	0.1820065544954168	-1.181581045910453	-0.2146313660722154	0.5580749002475296	0.2760399488392721	-0.5639517171292973	-0.2449333132307269	0.1633804931690089	-0.04264815930220065	-0.1143462430488803	-0.3026401248441481	0.7223519041448814	0.06074117371512983	-2.154067499745657	-0.2295068687743505	-0.7040453438166846	0.7418072765318181	-0.4732350079273221	0.3327398012427082	0.1434703520450311	0	0	0	0	1.570796194483325	-1.161689701851287e-05	1.570376738811539	-0.02059035007265491	0	0	0	0	0	0	7.175731092997745e-11	1.07565689601271e-08	0	0	7.175731092997745e-11	1.07565689601271e-08	0.227210165370903	-0.215669578281512	-0.6386087092322521	-0.0816411441343044	-0.07284035490677301	-0.008848535013255242	0.05293659652051208	-0.002237172173866808	0.002071475604525399	-0.002389802406820117	0.08471434291751269	-0.1452207824600494	-0.002288694721902741	0.09969872591343135	-0.0007419995649568036	0.002022072407758409	-0.01415310336668568	0.01011558316777973	0.01007661289504453	0.01025142506749472	0.01274925696736973	0.0101106080863317	0.01009738941449428	0.06201747001014282	0.08207532562717115	0.9999981481014799	0.01000644346613703	0.01000266010895649	0.010001609017695	0.01011044028477434	0.9999926860443361	0.1161853458560568	0.1539260922230541	0.01016583248509083	0.5722161539092542	0.2210736042395887	0.01026446893270589	0.501729312849278	0.5597997749228126	0.01106122459244669	0.01018717703462744	0.8017938049254076	0.9999990295303408	0.999999497719573	0.4246568322188772	0.01043679528104837	0.01028373512419328	0.1884301113571452	0.7259373805890019	0.2140528834143356	0.6259196140739239	0.9244790331233961	0.01000057636650533	0.01000062995661422	0.01404357415987667	0.01233307136172501	0.01348896856208234	0.1238941219472606	0.4313626172831759	0.3773836328566558	0.9978140851479065	0.01857730792182018	0.01032100217436554	0.6433096997198177	0.03372746834753845	0.9999985759382362	0.9999954613518901	0.01000229671683054	0.0100009983259629	0.01000044335244619	0.01000024435132938	0.01045160215232192	0.03210884369553747	0.3212266156848009	0.9998772092024932	0.5722510105869992	0.01020249089094999	0.9995389821110851	0.7548626952074453	0.0111276364874312	0.1062251871509894	0.6708271902585841	0.9999949426610605	0.9999983765543168	0.01008009545076937	0.01024110835859339	0.01009913697085875	0.01047699372252091	0.9996493132835583	0.8607117175302056	0.01000010135255597	0.9911187091155934	0.9999992645294863	0.01000052929343797	0.05173243640684799	0.01855527416308443	0.0516812038732127	-84.94824931598787	-25.33469947516108	-5.803896321029404	-23.88175979234058	-31.49604090654412	25.3487201506098	-2.60823890106327	-1.827368237461808	4.258640241149898	0.2552504678657202	-0.3719295946771998	-17.72593229587061	3.472217417435147	0.4576650087055504	-0.08143221271815429	-0.8599965391833027	-0.1137877789395612	33.69741156243734	-31.56632770516158	4.703670443717888	-3.440651512581901	-9.009523584888919
1.5	0.2686369742589567	0.3065110828988405	0.05451013256071323	0.02467989104329503	0.2582574738312878	0.2628725117256649	0.04693006689517046	0.2887321112029591	0.9999787933654001	0.01801954940594107	0.01972935895936907	0.02029633125606751	0.03351027048832227	0.9501398450024049	0.07816247469831708	0.0957923236167125	0.03982823786622716	0.3999017145947883	0.3433786715327408	0.2418797130160113	0.3429473808629505	0.5170255830594673	0.2562263430577842	0.2616748871723554	0.8583950786180722	0.9945895619180086	0.9971248514727891	0.5158695353947694	0.3960171186500987	0.2477951933191763	0.3596984129925661	0.411849792493331	0.1489321090317894	0.375496626219675	0.6191891193016793	0.02150299799514891	0.01917039281080352	0.01307579543737013	0.01240468923355602	0.01276419076389759	0.1219822289516608	0.3012649911275524	0.2496181301431766	0.6121163710590699	0.05880265474663878	0.07812681205414286	0.3924367887778791	0.03253880512331574	0.9999979189311767	0.9999924644093303	0.01000390795588753	0.01000170904273325	0.01000069718398494	0.01000038567257856	0.04683363605485663	0.04947183253289996	0.2259888166846714	0.7474504271306965	0.3676027353617723	0.07681356246590745	0.6623052568564148	0.4511346399463897	0.03795823459188342	0.09181047443170552	0.390169835595406	0.9999930828404984	0.9990961510849584	0.1332036780146386	0.08710859946080533	0.1816097103796367	0.03426399989982108	0.6857292401251757	0.5073203302147855	0.01000016643092678	0.565960063006303	0.9999949802108813	0.01000086816960743	0.05130843431347652	0.09380326212755398	0.05952399254640901	0.04726460091632869	0.3703064965972281	0.1160707424607908	0.3868085051145531	-0.1233523264509282	-0.06613577146376423	0.8503674929142816	0.220231526106775	0.9530491232778919	0.06272343925044548	-0.4784154713245767	-0.1998639711287328	-0.2406660960105378	0.4544621065959854	-0.2213840388478372	-0.9316904517882824	-0.1363162792315411	0.8745197070509747	0.2992374818825449	-0.6718830599214475	0.02773891623526938	0.6104205671413337	-0.3290401179007751	0.1706063893353089	-0.1545387244355336	-0.09742662163405222	-0.1174746546643233	-0.5617476802631931	0.1772520734143112	-0.4389258183431379	0.4279749629317675	3.584264245135996	0.4279749629317675	3.584264245135996	0.1915458275927781	1.950780187464297	0.1915458275927781	1.950780187464297	0.1699698263429599	-1.222592666065426	-0.208780372561613	0.6104583796408017	0.2700507897379483	-0.6311716558785112	-0.2430000955673776	0.2232746800261794	-0.04399718979685628	-0.1555914864953226	-0.2947126682402852	0.8629614467365638	0.03687796279350553	-2.622720455791165	-0.2349406789941371	-0.3742677261351993	0.7364786342057853	-0.5925607871019971	0.3346063595323445	0.2326450355439476	0	0	0	0	1.570796113367584	-1.139928381132382e-05	1.570277188997503	0.0008894820059678077	0	0	0	0	0	0	5.064941729632664e-11	-3.483817056363053e-09	0	0	5.064941729632664e-11	-3.483817056363053e-09	0.256046534010721	-0.02256341165499644	-0.6263696731575059	-0.0846361386402241	-0.07684383367232245	-0.008665870849897884	0.05223656099172799	-0.002091831159459336	0.002149404117174996	-0.002483517926444482	0.07894375335122461	-0.1465132375774237	-0.002911039511843818	0.1001843813302986	-0.0007529463428138588	0.001843461524191154	-0.01448259943826318	0.9997623486487005	0.9999106901931981	0.1272127502899054	0.01021591343866491	0.9995842722308308	0.999832176483395	0.01289763385005827	0.9975879687327175	0.9999969894918683	0.01001049332206865	0.01000413465226744	0.01000251420289045	0.08916707495431213	0.9999869980927785	0.03722632623299311	0.01015418662114548	0.08409799125545543	0.01016670386385061	0.8041605761072481	0.9997796345017961	0.01040040184562423	0.9974042927226948	0.9996291354263273	0.9997180793332567	0.9995255204983446	0.9999983373965734	0.9999991372439365	0.9998597324483219	0.9998617196149459	0.7027734259961083	0.999069027011217	0.01022875677975472	0.01190399680556247	0.1815014226373409	0.431590078707993	0.01000090187851717	0.01000100073954649	0.01005431076999662	0.01001805601247788	0.01003796468076588	0.1280337180104216	0.1408122677176414	0.05817652428492059	0.07469795166055551	0.1051752830474151	0.1484886075967047	0.03204506870746351	0.03060225202741356	0.9999934859687063	0.9999763659495329	0.01000786835890677	0.01000345723466366	0.01000131833361422	0.01000073177898033	0.1059749085699186	0.01881030436368779	0.02050691880687382	0.2252479938403385	0.09332475405468986	0.1985342173064136	0.07288790007350116	0.05399097543878074	0.09988993898524379	0.07749076891412496	0.0345428843340498	0.9999830390705499	0.9999957260340763	0.3535015318405648	0.1833132435627735	0.4652898478233701	0.05011327413397099	0.03654399808142055	0.0283175327241348	0.01000032510635936	0.03111642462270148	0.999996587187396	0.0100016997575379	0.04853953342880003	0.2203479928266175	0.07060076856794094	-85.42534565474374	-11.83521836564357	-38.90182249863766	-38.70187260696	-41.85873385654914	7.685495621078958	4.697488566609893	3.421760253546502	-7.485639949723314	-0.6661396522887876	-5.583863481949545	-29.64423589896933	3.664220949339893	-1.038665588879111	0.223884092016418	2.715774065668912	0.2272254080745364	21.96617019360459	-20.72532129470816	4.538673511425102	-3.590689247158825	-7.693518542389402
1.51	0.3191462034270278	0.4014583448644765	0.04599185412482442	0.01046957016291978	0.3285148156456167	0.3179308575599029	0.0152570850791934	0.5650452789533347	0.9999863850296473	0.01280917405598781	0.01341689989659546	0.01361975719414523	0.01001011801650624	0.969827786219418	0.03137894664671528	0.03600197430257059	0.02881177910384473	0.2947535961229396	0.312132723587592	0.3095583973023439	0.4342864619714157	0.6188577212075806	0.3892788912308802	0.3219398192184706	0.9169120059010237	0.9967248401775713	0.9982595564737301	0.4530094509834382	0.6606244632304447	0.3459934950558839	0.6599982939033232	0.2239703147600671	0.06341194961770358	0.5041655308645159	0.7064216163373093	0.01405392475293943	0.01321539156427918	0.01041924360647209	0.01010244874132306	0.01023371537827886	0.0760553313689895	0.1585069049566646	0.1360391745375129	0.3777866433863999	0.05275087257767198	0.07018155862520402	0.2806960263457497	0.03464004275095066	0.9999987885119712	0.9999955136159452	0.01000264808465795	0.01000117510042954	0.01000059973816534	0.01000032932869778	0.05184056300921194	0.07157816351115522	0.1468351743955335	0.6054023853514224	0.2112439306820562	0.08257868695684611	0.4165795568067343	0.2491226718731768	0.04847916533160638	0.05766635941403049	0.1882340767897463	0.9999966262668243	0.9999891262825449	0.1421658180160773	0.08213717310553398	0.1889817045455121	0.03096890209154765	0.5453292149233512	0.3449799624934277	0.01000013772675919	0.3192477056880825	0.9999978008855203	0.01000065526731214	0.04701642570467195	0.08735230926296615	0.05346629471220383	0.05087616268019533	0.3506199715406779	0.119858836595439	0.3692243760516033	-0.1237449530224094	-0.01532034208462515	0.8525396887035409	0.2134577382776025	0.9537676523134017	0.08047582346529572	-0.4804250247933253	-0.2016986052279969	-0.2345928356382181	0.7649680804043864	-0.230410536047777	-0.8711988888177676	-0.1270113775364684	0.9893947378338778	0.2922706710663273	-0.7227480358514848	0.03394722648632881	0.6295761511032595	-0.3266117501108082	0.3129103004188146	-0.1555516126449001	-0.1046133423676345	-0.1229495266989186	-0.5311203619876339	0.1723839102810231	-0.5320535060465472	0.4657649983060113	3.972898704023076	0.4657649983060113	3.972898704023076	0.2106923614886469	1.86837833803632	0.2106923614886469	1.86837833803632	0.1576220065835571	-1.243430703206619	-0.2024571164586146	0.6523944984893291	0.2634731628045364	-0.6814642180030213	-0.2404695478170469	0.2826615419438259	-0.0457607374138088	-0.1970626797419637	-0.2853975727270747	0.9985647792555216	0.008244213680510242	-3.10387612976487	-0.2368794335332087	-0.01070249048823936	0.729953513629473	-0.7126588097698874	0.3374494129343722	0.3387673110223596	0	0	0	0	1.570795814908181	0.0001382902222273733	1.570394274367044	0.0220637626829631	0	0	0	0	0	0	5.523712121944796e-11	-1.214699665067871e-09	0	0	5.523712121944796e-11	-1.214699665067871e-09	0.3031383822284209	0.1543601934561389	-0.6240678221441704	-0.08524197322378321	-0.08093366506566931	-0.009007107437652328	0.05157726744043411	-0.001962831666972742	0.002104314826981271	-0.00263267714815189	0.07529959520990154	-0.1477358815475704	-0.003880703816261932	0.1009106707357245	-0.0008814838250114259	0.001643834980667823	-0.01481839324271303	0.01064227219529432	0.2217980714481469	0.01010895154639457	0.01010431113097861	0.01018914284245904	0.01030625718908269	0.0100835907061492	0.7368941106781375	0.9999984597456203	0.01000569325585894	0.01000190280635491	0.01000114358229152	0.01002406173324509	0.9999940492538472	0.01004391161799325	0.01002450138362083	0.0100260411564776	0.2839146425098136	0.01027731708350944	0.01014078439001668	0.8250913456848622	0.5601619537963753	0.2005627231232776	0.01234946403789259	0.9998418835005412	0.9999992019704369	0.9999995902614616	0.01107521964969844	0.9997631027466936	0.2310332398397542	0.9969037032382041	0.01034247484628474	0.01031456122620717	0.9999957548068332	0.9994759868123658	0.0100004262690487	0.01000045987242255	0.01004555822371836	0.01001513867483689	0.01003159100947582	0.01163048942773776	0.01089709723585825	0.02972853792080228	0.123299185599117	0.01332700432231651	0.01130055708713822	0.2027740562747441	0.03803754633955601	0.9999948361506354	0.9999807701085108	0.01000553851463085	0.01000243284981896	0.01000089624131486	0.01000049483287534	0.02060466367586635	0.1200400043101833	0.0963682422299791	0.5542713310848314	0.05350324316233086	0.01208427325996198	0.1710768446966681	0.05053354551602476	0.02415801378736102	0.01521905150700594	0.01249814774101041	0.9999870136482066	0.999995995095581	0.01048638661148714	0.0109738837657531	0.01044954389227463	0.01534363273258896	0.5610031251867409	0.2219042217913138	0.01000022065249058	0.07545769192472342	0.999996833465175	0.01000116293409861	0.04461561625893261	0.01620479800426937	0.04239755309552955	-21.77386214836197	-35.10371222560926	4.598574402297533	14.05228676636239	-13.62107190239153	35.77842643913914	-1.978907872882175	-1.613205995570461	2.82810108680713	0.5239239612694343	-1.155650003794753	-33.54106922795376	3.795069338344873	0.5220587061586418	-0.1036932567961975	-1.324859245087629	-0.1143425196378243	18.39638081824713	-21.17598956405647	4.363968361552277	-4.233769186607717	-7.172127384642648
1.52	0.3217884944488447	0.4331236441722142	0.08903646538463653	0.05117099475317784	0.2428215743857233	0.3146492631631331	0.08815960225200602	0.5238080056009607	0.9999907722668296	0.01109659421948972	0.01132928004928304	0.01140692237313197	0.2368908288303175	0.9816334097190372	0.1092245562248763	0.08839921645565176	0.09535449820087939	0.3405124636407547	0.299492005695061	0.3160423635545878	0.4950655277851332	0.5263442500874448	0.3333370316717473	0.2937004270056516	0.9328641487558201	0.9980060296301524	0.9989403970557053	0.3239154805091813	0.7926210654999856	0.2130364783416724	0.6783649628184336	0.1103701109410482	0.08568510687782557	0.7538417308518791	0.6817980603624746	0.01157347120974471	0.01125041908047755	0.01595054494781777	0.01634178399350427	0.01644575267674864	0.08720699776165031	0.2181402708078674	0.1099339184622194	0.385862785357989	0.02192713708348436	0.02415442060089409	0.2146136537282084	0.03359232519531183	0.9999821029228564	0.9999346821082046	0.01002911654544172	0.01001267274295452	0.01000360087010297	0.01000201301131349	0.02267048583400889	0.07839637424779076	0.1010373787701193	0.6792114917970155	0.2196911830247452	0.02596048390984988	0.4734992404270424	0.2795565602481671	0.02462605721724686	0.04704409030299018	0.2706471230796099	0.9999496401280114	0.9964375631315103	0.04482505837846967	0.02694389377246978	0.06423155287788818	0.01704070910446629	0.6201335821228902	0.3344361251084765	0.01000095317949324	0.3793067637347198	0.9999833696481498	0.01000554381817182	0.05418004829057625	0.09312745612382442	0.0628752739299462	0.05425349747226324	0.3239074108847605	0.123426887398007	0.3431541998248117	-0.1237270986580793	0.01504761095542827	0.8546221598610926	0.2023444500371568	0.9546476953030417	0.09495324127408468	-0.4824421626593333	-0.2013519766762135	-0.2252867992641461	1.099352048649466	-0.2387672679564334	-0.7984954441282903	-0.116474171079038	1.120422480814925	0.2847515864722699	-0.7828508401812175	0.04029690632151357	0.6387115133294253	-0.3228638347008553	0.4308544697914294	-0.1566208650658226	-0.1087856760970927	-0.1280603193131074	-0.4894913912192798	0.1666702566209075	-0.6074598078241856	0.5073906514619474	4.348782221436969	0.5073906514619474	4.348782221436969	0.2287177175020287	1.727360948811309	0.2287177175020287	1.727360948811309	0.1451748180052083	-1.242216913316968	-0.1957686444449737	0.6835101214637271	0.256478415968902	-0.7147495907104904	-0.2373516499797275	0.3406287892965533	-0.04793568160225306	-0.2377177256855941	-0.2747836132809	1.121555347040562	-0.02514350851626247	-3.567994544576335	-0.2351552542243975	0.3528185246612838	0.7222201418236806	-0.8343456427594148	0.3414349452154963	0.4607878729320249	0	0	0	0	1.570795088078084	0.000235081716873978	1.570709210420676	0.03408048645537233	0	0	0	0	0	0	5.445955345024422e-11	-7.114821322559404e-09	0	0	5.445955345024422e-11	-7.114821322559404e-09	0.3636390343317756	0.311950028255581	-0.6302691687755319	-0.08267930196411233	-0.08483460722824294	-0.009993316189483159	0.05121659201874896	-0.001893889032049299	0.001916853417753564	-0.002866551278960397	0.07405136578522002	-0.1492602816645051	-0.005646216280945788	0.1018230858176612	-0.001521454494287417	0.001308654051906465	-0.01515716127319601	0.9546213518480564	0.9996029810060429	0.2832297538522942	0.1519121432253408	0.5465268201067431	0.9238754819144191	0.2883428715243222	0.2448284514598067	0.9999961506850403	0.01000707327841106	0.01000362219125644	0.01000227753462866	0.9999802678791538	0.9999947370104004	0.3590294172377079	0.2601996883302569	0.3218782597325842	0.4618116774503348	0.7958707280368951	0.9606093816804995	0.01293270078554949	0.3086385791030541	0.5693484780982981	0.8056542026784296	0.9048833365667242	0.9999985036623813	0.9999992332076471	0.5431261709317216	0.9989308330826824	0.01061790294078668	0.3696777801866987	0.01101161268688185	0.2098249480951108	0.9999980021573396	0.0498975867859803	0.01000064624127138	0.0100008913889046	0.02895064608934749	0.0306814587397074	0.03084315193781915	0.2223815303951345	0.6332439295174135	0.1650729031736728	0.7224714615686084	0.01540679574979878	0.01076082830115959	0.04514625267756413	0.02520071286866682	0.9999074492807475	0.9996630607909492	0.01008664933394112	0.01003766553266538	0.01001020822647557	0.01000572069722824	0.01069371335050919	0.01103765884912254	0.01177418981360621	0.9995756657132557	0.4505120003544708	0.01047269748246979	0.997709516802328	0.6386617354191647	0.0160867366606318	0.08353682195913395	0.7948608545382695	0.9997374780974894	0.9795589691357806	0.01018455135107168	0.01087935332954082	0.01054866232953715	0.01135406880707101	0.8077691789281917	0.40403255745033	0.01000274268798864	0.9136832466786911	0.9999159689766266	0.01001623105691413	0.07591510951403287	0.2472565646000303	0.1076585564779375	-41.57115126654899	-10.85574950927134	-25.35080546265474	-21.10946235886526	-5.471304420082821	5.894169811221095	4.373762218710293	2.940161603490282	-5.202293391074388	-0.7223318990254765	3.177593363017567	-37.38205830790211	3.886128887775988	-1.064124438850524	0.1869436596655966	2.585379375010211	0.231383833833341	5.642357268599511	-5.732872359499705	4.193391341311911	-3.508803422067082	-6.295945908575301
1.53	0.3431274749025737	0.6693859045800378	0.09684235389594589	0.05831283141454086	0.2185006315399417	0.3323454187537215	0.1088569952467883	0.5685605031968596	0.9999947305032986	0.01038008496551725	0.01045943385652671	0.01048566305781692	0.6010739371301941	0.9888826694686222	0.1345370352089396	0.1016824864066236	0.1080806504755139	0.2670260456068534	0.3005964258292242	0.3314353802374169	0.4865248657459647	0.5236278368206604	0.3899360861441463	0.3108780703196327	0.9443761053659395	0.9987927319673098	0.9993584618748741	0.2899896095095785	0.8750627894583178	0.2301723302341658	0.726130317095326	0.05159436644527389	0.0879108086095988	0.8523461597570141	0.6848651242457525	0.01054244096651526	0.01043094841730926	0.01581456950975155	0.01610654071978248	0.01628900683780833	0.1042940553885682	0.2312770013506125	0.09273135170495797	0.3259390616176006	0.0535972716092518	0.07554641323427795	0.1630798463425792	0.03758834397315245	0.9999643175290627	0.873567537184931	0.01063568965493854	0.01004720764447884	0.01000655644822985	0.01000371187950153	0.05279985501606407	0.06837388302442603	0.1013515601243601	0.5357906354396527	0.1885128765130932	0.04826771890442103	0.4199461475414725	0.2565292071200164	0.01885273633390616	0.0533916682769063	0.2859957141188386	0.990111154584473	0.9858026527063117	0.113793136779648	0.05416213817580073	0.04132216207655407	0.04366682051556878	0.5243108122664195	0.2488567981116139	0.01000158844532098	0.3604257289203099	0.9999868754399774	0.01001053923441777	0.04486945807234242	0.09568384871164713	0.05357747107999437	0.0573408350610314	0.2931671240147912	0.1267011548382485	0.3108486772140414	-0.1235270815351156	0.02058423968646369	0.8565735806661304	0.1873383725066388	0.9556547489613539	0.1058496466681616	-0.4844443402203848	-0.1986906394603045	-0.2125640711556284	1.446166018548124	-0.2463549254018977	-0.7181123805642132	-0.1045655683410351	1.262536779665459	0.2765748915255163	-0.8545225471455761	0.04668977350050638	0.6383529478624778	-0.3181379722956609	0.5060858218767652	-0.1577201023524734	-0.1108140519880871	-0.1327144606391853	-0.4403885560511987	0.1603023655136436	-0.6626370541465303	0.5526434508834493	4.69547662303218	0.5526434508834493	4.69547662303218	0.2450652218715587	1.534158750734751	0.2450652218715587	1.534158750734751	0.1328545516376915	-1.217983024708309	-0.1888215573466611	0.7042555100621372	0.2492288337386458	-0.7328911674835513	-0.2336632560049201	0.396728048001299	-0.05051005757485	-0.2768850094863211	-0.2630283014560145	1.226116410554114	-0.06293910068694712	-3.978989175402509	-0.2299257961493664	0.6857672204793794	0.7132591568793377	-0.9582416025462011	0.3467076804986964	0.5954907138642708	0	0	0	0	1.57073929844872	-0.009340418210805659	1.570793941175685	-0.0004270519167987161	0	0	0	0	0	0	-9.837802738414479e-12	-6.538289511152967e-09	0	0	-9.837802738414479e-12	-6.538289511152967e-09	0.432242109826036	0.446262658128847	-0.6404152676248714	-0.07668062095351652	-0.08823059422302343	-0.01149023645538602	0.05136033085845126	-0.001841727290577688	0.001621201332028208	-0.003196337278711839	0.07160989766044017	-0.1452669650429334	-0.005960956857534286	0.1013612791338472	-0.001186665000313314	0.001400406944680228	-0.01513814330167333	0.0108761066939013	0.9685989380411477	0.01009796783612009	0.01007601343318596	0.0101693278194425	0.01039677722163741	0.01007586766522819	0.8118651208049855	0.9999965909328722	0.01000215643204551	0.01000210210790059	0.0100014569231178	0.9999967928432097	0.9999984050606254	0.01004058112765874	0.01002107525386403	0.01002426593880837	0.01081133755212919	0.01023679403576477	0.01014055012223192	0.6976471601984727	0.6092848878319627	0.3894825683924437	0.04409073808756515	0.9998592286637165	0.9999992624311188	0.9999996280625403	0.1223166637994019	0.9998378059516424	0.3913844024866019	0.9990105957500747	0.0101754088207673	0.01025806554281548	0.9999995093740074	0.9996268360098721	0.01000023745166201	0.01000050949695066	0.01003388073054369	0.01001113576514492	0.01002341057806576	0.05012914912449556	0.01359380466352161	0.03846159752301786	0.01162673154237554	0.102746438210614	0.1605262196294814	0.1513856505349636	0.04719092520028229	0.9227608215370208	0.4186823876867044	0.04410087883847487	0.03642729143111893	0.01001694624271108	0.01000919729376201	0.1024539387863694	0.08639475471722671	0.1478161322362473	0.01036502625587061	0.0109909513892527	0.08809193602558948	0.01073226062742668	0.0110974451320138	0.01667893126916327	0.04132333702210274	0.01115266693955853	0.9082450284385203	0.942425770528282	0.2460037037005833	0.1018678958201032	0.03452106854472099	0.08404427148131001	0.1514981958159327	0.03213323153884821	0.01000479649220893	0.01086653419814637	0.9998976569183139	0.01003662905477973	0.01998937182283986	0.0119686208707166	0.01591533997764567	-18.59366406573341	-11.76058763787472	-12.08947207729444	-11.1162019973353	-10.100876504222	2.99370586586529	-2.20158765705372	-1.434824036158679	2.460364095099909	0.3564377743257994	-6.143124129192462	-42.52360489470176	3.944838725211686	0.5153557300056861	-0.08304154831171207	-1.001519334232118	-0.1182251264446299	1.51665113534261	-1.11285994135602	3.851483402543379	-3.64020554562683	-5.70814021037509
1.54	0.2594636398233156	0.7903459925035466	0.1056770433008438	0.03574701238945525	0.1849155095673953	0.2578184317320489	0.03134532680691123	0.5707095373346206	0.9999840385983119	0.01014984947482435	0.01018196052409236	0.01019186138272035	0.7513555483979032	0.9932323894007443	0.03949730567349976	0.02966476427007093	0.1142283211087411	0.1134301999720775	0.2208474381127724	0.3165917167039609	0.4805998842503663	0.489342118661971	0.4050488920380828	0.2415824368885231	0.9698954606435281	0.9992647593206827	0.9996093069181331	0.3073372078558094	0.9239075177448544	0.3148270559031239	0.7331458946844333	0.02609129270694966	0.02740363739457288	0.9102259917781382	0.6829569880412567	0.01021245776191673	0.01016923609204684	0.01946286203317567	0.02169654568447007	0.02091520198077191	0.07506509037342976	0.1734477230163859	0.08489765423602459	0.2598099373575739	0.06653912984570332	0.09715228624302508	0.1469137154861206	0.03843855004190172	0.8455716307185016	0.5949696131895719	0.1464821190069979	0.1194052236825467	0.01004848236344677	0.01002560912602866	0.06476816753590711	0.06502622057361084	0.1075970471312231	0.4641060177258303	0.1596068582729089	0.05700291145161088	0.3584937331917288	0.203466508616516	0.02187967955830727	0.04596936360310566	0.2240766008852711	0.8753646094331723	0.9353439197833847	0.146380833551962	0.06495057925034828	0.03218669509323124	0.0537245158999891	0.3961764379419109	0.1817581167737452	0.01001540173725635	0.2800250612694846	0.9997235087659959	0.01011572492531733	0.0374776597947549	0.06666640639660597	0.04211225763321367	0.0601148590566728	0.2618342163780625	0.1296301376668695	0.2744016106894235	-0.1234039719206044	-0.0003286990298494558	0.8583580469894772	0.1690733459846992	0.9567526316455068	0.1131386910116423	-0.4864080740109032	-0.1936624627000592	-0.196368542549405	1.791402260151527	-0.2531169125090941	-0.633895333405593	-0.09121495879569816	1.407074842951804	0.2676204382737032	-0.9383385692405325	0.05303531165378429	0.6293898816408171	-0.312918997481838	0.5285677999018952	-0.1588351034762118	-0.1122482257285675	-0.136854476013321	-0.387169371434689	0.1534869711560286	-0.6970510860691007	0.6011450163364342	4.995632368721663	0.6011450163364342	4.995632368721663	0.2592598300480257	1.298761412734783	0.2592598300480257	1.298761412734783	0.1208908410107228	-1.171102461873299	-0.1817144490979244	0.7157365300353448	0.241859586560516	-0.7393689826899515	-0.2294231041619874	0.4510456168024103	-0.05346823392039184	-0.3145299625656962	-0.2503311442577538	1.309842670713463	-0.1044113707618566	-4.296359108266378	-0.2216205778738693	0.9648398837191189	0.7030481570060082	-1.084240405728096	0.3533695802116171	0.7375838568780244	0	0	0	0	1.570667619121431	-0.005250886094111246	1.570796333179872	0.0003385179400161592	0	0	0	0	0	0	2.913201094843925e-11	2.746755024230597e-09	0	0	2.913201094843925e-11	2.746755024230597e-09	0.5056221582883234	0.5606022823814981	-0.6480986258161981	-0.06696645450263342	-0.09115490903040899	-0.01348601997740193	0.05228466012445091	-0.001886275790375828	0.001235736245307748	-0.003653158309294075	0.06946562175515418	-0.1397571097215122	-0.006693034880413583	0.1002246018877821	-0.001353755593589397	0.001412480587621236	-0.01496119432408245	0.558124590563438	0.9995289729586901	0.3083743929090969	0.07264212274825563	0.4424988845627272	0.5735387621875078	0.01153119360089624	0.1234173848959168	0.9999308164507005	0.01000284439893047	0.01000525360644542	0.01000449907735097	0.9999960545899078	0.999997680543306	0.01075144819535606	0.01023923924571513	0.3333587587058529	0.01095291095694243	0.4560990580812905	0.87277895960976	0.01174917636153802	0.1599148180330558	0.5173218869311867	0.4851039321638294	0.9979018449454956	0.999998536101969	0.999999264368986	0.6775653872735333	0.9993434532358947	0.3036331839697783	0.2590996202211741	0.01028304263114885	0.01139507949591349	0.999999362210407	0.03104227983795991	0.01000036506369183	0.01000127382763127	0.04004103876992487	0.0477733691408934	0.04493640424462109	0.1046466981823838	0.383398801326346	0.1586864730878074	0.5407942003031881	0.01790861542349093	0.01124357541869661	0.0850011338412396	0.02342787646936089	0.2279813512112451	0.01184992883768088	0.4825585079575246	0.3803079936318646	0.01013038610368423	0.01006834072805243	0.01154247852459733	0.01428615271602606	0.03158230660421667	0.9989148958423424	0.3775135972028807	0.01094666995842518	0.8161860467382631	0.451296793986229	0.03090920437024443	0.05349097303044975	0.5117565777762185	0.4558129848964463	0.7592334501352964	0.01032954182493175	0.01119239695857084	0.01047971686564334	0.01189886856001598	0.4551429443899733	0.28927355137774	0.01004265091214047	0.5894540459449193	0.9985886182289302	0.01032002651541279	0.06236140717366977	0.1446702489406337	0.08041466139279363	24.62618997446714	-8.009509246017069	-2.001062832931962	22.13824639932004	23.61919630334205	-1.221644351137631	5.042893156427755	2.594284479578314	-4.62781114929698	-0.2573572683559981	-5.364769401507992	-40.05950945665861	3.968093923613261	-1.016248584291717	0.1689045635941857	1.739533652350728	0.2431938562998816	-0.4312559432241954	0.6824145219212613	2.018289710205309	-4.946506222578469	-4.106844873342641
1.55	0.2110622173932437	0.6050107103877036	0.09601842702183663	0.03506961734026992	0.1512828345355443	0.2137222868627867	0.038077190346704	0.4434068814278486	0.8095346387197312	0.01005268536099668	0.01006498525305077	0.01006814986304115	0.8508840284124419	0.9959032296257598	0.06916932339174366	0.06174583954837717	0.1298727184322049	0.1206804354700351	0.2342112362789992	0.342973409769989	0.3316175348650844	0.4091739279765679	0.4260764890024835	0.1864344704406368	0.9761273895615824	0.9995545989299932	0.9997633341704867	0.5286602253583135	0.9524248289084363	0.1866203297331397	0.6310157696502923	0.07562330333544647	0.05119002335360093	0.9457214773981564	0.6611886979020722	0.01007313052814007	0.01005871341621672	0.01918312710319998	0.02140341881196989	0.02071745547224122	0.08743069993309031	0.1636889810182896	0.07706022198646614	0.2293136821235091	0.07240940771087104	0.1044318867255423	0.1286650943834004	0.04284744994008475	0.5803436048934389	0.344165602950113	0.215331923067497	0.1837587685764176	0.01009563276643809	0.01009359772234119	0.05076818206946194	0.03363984350240472	0.06398504893507011	0.4180901820587971	0.1501662704691119	0.03515428991455553	0.3342061285852439	0.1854220651108858	0.02107768792845129	0.05292596108307235	0.2050001214777723	0.6702361060278447	0.8021439376416918	0.1410449991662767	0.06665520152100364	0.02760149429635117	0.05277351405183316	0.3476248639646566	0.1548094132464315	0.01002207695234253	0.2506579215436965	0.9233708393612755	0.01010323077690166	0.03361121906919819	0.06309397419934963	0.03865374944643191	0.06258717379023736	0.2333824391532712	0.1321801111611772	0.2351954433919479	-0.1236161043540133	-0.04585529383866591	0.8599467868633566	0.148332524622577	0.9579063291763638	0.1170782040023581	-0.4883098688978657	-0.1863227479971708	-0.1767935868932399	2.119358497233774	-0.259027923200875	-0.5481336970239529	-0.07645607518774995	1.541930250984642	0.2577718707955161	-1.032970183516455	0.05925115264220771	0.6124794971048868	-0.3077461396157613	0.4974831990503831	-0.1599700224292317	-0.1151781623827628	-0.1404523806747746	-0.3322596564258715	0.1464253918772557	-0.7123166937889915	0.6523441083799225	5.232248331301486	0.6523441083799225	5.232248331301486	0.2709446918856146	1.03472204960824	0.2709446918856146	1.03472204960824	0.1095012178252322	-1.103670559570166	-0.1745330262983781	0.7193525943849025	0.2344653946654801	-0.7386717823738513	-0.224645779019132	0.5043641590226371	-0.05679750171392998	-0.3512392271857021	-0.236897552580369	1.37380534069336	-0.1484145646148586	-4.478311397446797	-0.2108558698388462	1.176172657963435	0.691571740237601	-1.210965414004169	0.3614609632596409	0.8801248760621538	0	0	0	0	1.570632350922478	-0.001899604546564704	1.570796314124966	0.0001007927910959637	0	0	0	0	0	0	1.901382503392466e-10	1.233727042735204e-08	0	0	1.901382503392466e-10	1.233727042735204e-08	0.579783177629175	0.6573723786976363	-0.6451635310375646	-0.05411060528340107	-0.09375247737056588	-0.0156898903726684	0.05404772938129129	-0.001986459205514174	0.0008300022900759205	-0.004228746467734452	0.06572538767792958	-0.1298278368215622	-0.006707635414021272	0.09778667275122846	-0.00132394119880372	0.001613771675146752	-0.01447537299654554	0.01010099341094191	0.01019068835797214	0.01015331558272179	0.01032869604767009	0.01008821603795166	0.01010690532356015	0.05731438752892325	0.3332368780679965	0.2795098960207382	0.01000138361109779	0.01000326713606284	0.01000318930959559	0.9999980028655301	0.9999988107949721	0.1285974742285955	0.119102413426743	0.01031913001946806	0.1839353931702005	0.09377644324912655	0.01193041804367595	0.2004765228576055	0.3563877317914143	0.3674503682998732	0.01023664454896159	0.9797692572358869	0.9999992504312847	0.9999996263866369	0.82570890623761	0.9944836237192191	0.01005004453021334	0.6595718748848337	0.1590840949780694	0.09349212000738022	0.9999996913784204	0.9938193059016368	0.01000016979315006	0.01000073898844103	0.01010048207026908	0.01003317484070235	0.01006989295773008	0.094786265658325	0.03947441389369074	0.02959032621994	0.01154013233816104	0.109524934139506	0.1593615853005698	0.1309641334240447	0.05642445156761281	0.1509710597363894	0.01283727718924842	0.1199559758881822	0.1281871636051382	0.01102066049970025	0.01015901865794885	0.05654588886188126	0.01980155935917647	0.045197758506038	0.0103882519855992	0.01106851992221528	0.02684060733192786	0.01087229706408999	0.01130772231365777	0.01494550363910411	0.06021370871951558	0.01164113194467604	0.2897124806682012	0.474712792388841	0.1982158119110286	0.09601175079640119	0.03211086894630222	0.07219041153341012	0.1770557962069131	0.04624091576112497	0.01067169779301659	0.01105278774315408	0.6686514703122725	0.01181853217004366	0.01521880055499795	0.01117281576324709	0.01295325605302011	1.70297621517084	-13.08176587578563	-13.48918470400623	-13.29698389908504	22.56488281534756	-0.2541367844947637	-2.359097372266961	-1.277966418385648	2.222257727387102	0.1493504434325527	-20.17773339950835	-42.01482613083138	3.187040716390187	0.4945265520172963	-0.07980894000566723	-0.6995061656577756	-0.1247184116066198	0.4493990287996864	-0.5229001237097518	0.3851777058792767	-4.064837136272889	-3.715006235810115
1.56	0.2973803563188248	0.5062208612583554	0.1988048927667707	0.01425909810850757	0.273070604048985	0.2978632309608876	0.04009387990192816	0.3544819177880408	0.6977475123482227	0.01002184166009321	0.01002863502327776	0.01003001727189104	0.9093377527539364	0.9975056419711558	0.08138965613602296	0.07466236954693448	0.03913098430384516	0.1240766283805623	0.1188830986545257	0.1367784931791908	0.2349208460189982	0.3230341888708914	0.3182675836803361	0.2887335493542841	0.9802682013457984	0.9997284808714796	0.999855739822503	0.5666663456441028	0.969623928921538	0.2985668829495999	0.7209963743579879	0.09632035123527356	0.06000235922998048	0.9669665107305532	0.8062368583982491	0.01002880343703145	0.01002368180576628	0.0255386745499801	0.02970909754197179	0.0273183192850701	0.1041965643389684	0.1575690704109206	0.07804932516560247	0.1684931881584139	0.08872051260126174	0.1083057135709301	0.1307088375255717	0.04384310237060951	0.3823547576175684	0.1845939653582417	0.1429736600861347	0.1351689098922407	0.01385935402684847	0.01011296965041469	0.04585296618444401	0.04444589404359384	0.08678591533906727	0.3374650673636112	0.1085038420691753	0.02696960088749193	0.2381153013122632	0.1310616082349967	0.01856453244415466	0.05972673659657034	0.1635226760438282	0.4923976534712472	0.6320990751032205	0.1382486551681273	0.06748660755340775	0.02592635236604458	0.05248720929141566	0.2437425132292348	0.1172389183609591	0.01273519644815141	0.1717829293987957	0.79443626239692	0.01769084198417438	0.02946483263181682	0.03434504421094183	0.03051963281890561	0.06480222245435739	0.2108077983119629	0.1343260911176347	0.1935669181592033	-0.1243854765576691	-0.1105973051616493	0.8613192772129591	0.1259634543752734	0.9590847050650891	0.1181763000087961	-0.4901274493132954	-0.1768643773476364	-0.1540923434368107	2.414083717162725	-0.2640753439981202	-0.461027870735999	-0.06045679230816584	1.652634771607226	0.2469351899498138	-1.13530023914581	0.06525861922546682	0.5876590767441183	-0.3031228193023983	0.4205750577315338	-0.1611514749542966	-0.1219433772459339	-0.1434974459423238	-0.2766293818567595	0.1392927414534289	-0.7120006387788692	0.7055270064177355	5.390083569823412	0.7055270064177355	5.390083569823412	0.2799121981765016	0.7580871065926142	0.2799121981765016	0.7580871065926142	0.09887299093426674	-1.019623927259442	-0.1673493561696924	0.7163645631437616	0.2270943473537755	-0.7354931881172027	-0.219333555842557	0.5583974308050051	-0.06049293755815037	-0.3879230080208257	-0.2229105545331473	1.421127912039809	-0.1933962116148943	-4.486131303871154	-0.1983385059267526	1.315355968588796	0.6788362997025004	-1.335398860556354	0.3709471472794173	1.015180878885463	0	0	0	0	1.570626796100248	0.0006497206369859843	1.570796310001375	-2.143943237714915e-05	0	0	0	0	0	0	2.550898762778945e-10	1.726119407417568e-09	0	0	2.550898762778945e-10	1.726119407417568e-09	0.6503010100937177	0.7421354393052944	-0.6238690563491092	-0.03915575929203872	-0.09637135511089813	-0.01778687408793717	0.05657234578213832	-0.002110347178836709	0.0004777619940907593	-0.004900515564621172	0.06058977124465813	-0.1157043822382736	-0.006142946494634105	0.09435118546646037	-0.001236566936744389	0.001958801514766772	-0.01373661866800704	0.9999303364320333	0.9999618247328083	0.7270224606862128	0.01008063324058586	0.9999074276076285	0.999925215158071	0.01003385341276208	0.08965083534432694	0.999930369076664	0.01000301814088484	0.01000777097507802	0.01000807811164484	0.9999956105858652	0.9999973269457356	0.01001769469728464	0.01001035756923682	0.01002875025776391	0.0100293003111554	0.01004092001409143	0.01004404940398672	0.01018694785240066	0.0103541398819071	0.01100136809750261	0.999821201354242	0.9999164578711092	0.9999984271157097	0.9999992108921475	0.3345508658237546	0.9999405935144611	0.9999764740932051	0.999049738036464	0.01003609315264247	0.01007387477637317	0.9999993387133177	0.8090393741066042	0.01000035839995722	0.0100016344919004	0.05968248836264138	0.07362556667226236	0.06534940350997859	0.1458570496386008	0.3717026395652117	0.1704697264296344	0.3404238793774217	0.06205077773215077	0.01234568282256578	0.1211012302369857	0.02147115121571805	0.08699304014969939	0.01765034405806207	0.1279056338912696	0.1261375379485314	0.02118793397475967	0.01006176096706527	0.01403195520020796	0.08452557666120872	0.1659163569384959	0.7174491270497725	0.2336347961902699	0.01162981980401782	0.4432750909737027	0.2655702403727417	0.0241474549352294	0.06714051580291922	0.3714730453755837	0.2107254111591735	0.3217005928102361	0.01051208571745149	0.01149813840626063	0.01040771663900525	0.01220456103942896	0.1327531796972403	0.1888376912815515	0.01802519324602369	0.3144783501474671	0.5851774829271685	0.03284847255119501	0.0533214210163224	0.05579330767241488	0.05836102840445154	34.70302645821461	-10.33919876139237	-9.080651855995942	11.54484092969607	36.47064743821664	-3.453281942975571	3.607507505189687	2.098614340483102	-4.127697696475664	-0.1399729208134337	-17.91506676921405	-39.8517621911847	2.692831224729018	-0.9824250212957346	0.1718998463952189	1.244491769438231	0.2548866088347669	-0.7931079946171056	0.9092224722029278	0.06165298517537218	-6.459122832120006	-2.422620223035999
1.57	0.3288062895203501	0.4328141660407488	0.2446579692991294	0.01164287155357741	0.3193246489225743	0.3289465316765153	0.02280307517936668	0.2870230233435441	0.8196190697316121	0.0100087910516621	0.01001376153016983	0.01001446624245756	0.945184902121705	0.9984895926904187	0.07832056477069749	0.04284794659672481	0.01005559971847911	0.1282138941989703	0.166587381246782	0.1034297713558376	0.1804120434631121	0.2830741181435305	0.1981018589913872	0.3268344822637477	0.8520010418303479	0.9998352352326804	0.9999124722315954	0.3491288999698838	0.7892842286056233	0.329329436955405	0.6871375034089581	0.07274945649065909	0.03922215892214643	0.9800087142416908	0.7717247586169047	0.01001004728894154	0.01000891770882036	0.02686539970213421	0.03182710171980686	0.02891281122474761	0.1177510933405565	0.208644876364229	0.06968375242821212	0.1434739484748877	0.05198776331422947	0.1593244156519228	0.07376847879830689	0.09157591766654075	0.3310661269278114	0.1128499909804852	0.08624027554564159	0.07880694532525458	0.01007686321906435	0.01006191786686127	0.02444482106284882	0.03796624237657541	0.07079808901944147	0.3011182395560676	0.09764613859805335	0.06937146840118966	0.1984514150977911	0.1145229522843395	0.03452093301737687	0.07190989118225621	0.1818963042589978	0.3691656627055582	0.4994271450707038	0.2767823563200588	0.2257021142095651	0.09618982027086449	0.1449294007293445	0.1291581736705209	0.08518262178782132	0.01002522922691853	0.147173052623917	0.7590082509035746	0.01016451222398632	0.02792609783760527	0.03020730620687139	0.02953479359109014	0.06682944034396965	0.1960133697801198	0.1360411596637746	0.1488295124457363	-0.1258642278429452	-0.186132552675416	0.8624632889309667	0.1027603751428355	0.9602626393034298	0.117111868228595	-0.4918412308181239	-0.1656329681253277	-0.1286703321806866	2.66140979294422	-0.2682379771442492	-0.3707248597498679	-0.04353402140887466	1.724207449840845	0.2350558082933936	-1.24060804530952	0.07097576614946953	0.5542517241282682	-0.2994401738452018	0.3121252494835769	-0.1624287586614636	-0.1346384331873687	-0.1459807870178654	-0.219705485651269	0.1322207303976857	-0.7010965773004404	0.7598428890158958	5.457203309777003	0.7598428890158958	5.457203309777003	0.2861205991505185	0.4856606615895772	0.2861205991505185	0.4856606615895772	0.08914579696667915	-0.9245010389503434	-0.1602250406617864	0.7075632942413043	0.2197501523141964	-0.733884727701134	-0.2134665017516069	0.6158517450607603	-0.06455884898239511	-0.4254613464533422	-0.2085183371099026	1.455420806167278	-0.237454675632161	-4.289685981281644	-0.1847783049185221	1.385861969137665	0.6648867988185166	-1.452877082094968	0.3817125646454634	1.134656997628324	0	0	0	0	1.570642444305646	0.002337484580923694	1.570796594755858	-0.0008533884096559955	0	0	0	0	0	0	2.352251749567093e-10	2.558941860424685e-09	0	0	2.352251749567093e-10	2.558941860424685e-09	0.7126546204818949	0.8205025050363783	-0.5783809916500021	-0.02349499473570696	-0.09943952149809014	-0.019471273401686	0.05963848731084303	-0.002223060900239277	0.0002455337524145121	-0.005630034156519768	0.05454449126188996	-0.09785249276575542	-0.005107465307440092	0.09037617712776981	-0.001132938380256836	0.002413696857530037	-0.01282577531126197	0.01044311518110967	0.01037931692026213	0.01028687410954257	0.01044548985221761	0.01027333243475898	0.01035285354989259	0.01536663066600672	0.2634253010552121	0.9999940227190157	0.01000202366838685	0.01000520390194279	0.01000528603887744	0.9999969301311111	0.9999982480138527	0.1088439687081692	0.02796535236688066	0.01054010729431237	0.1918733863690139	0.3103700232174863	0.1654343444600929	0.1813344278555687	0.3564066679892588	0.1743218269791404	0.01114548459773894	0.4475093879185186	0.9999991278199276	0.99999956196623	0.0163601736055363	0.273576792716443	0.01065474903118341	0.3869898463656205	0.07785747404040609	0.03399899545328349	0.9999995517816023	0.5940130419379256	0.0100002210428273	0.01000099601541287	0.01015312046763867	0.01005130446346478	0.01010727805694312	0.1191815559826352	0.1811612203292345	0.01093945075299098	0.01044215277676019	0.01559222051260143	0.3020353298563462	0.01074507076864368	0.1865954949318473	0.34797738519364	0.0682608750078082	0.01174118858786403	0.01059476723052509	0.0103375704714658	0.01003416278926737	0.0118010010096872	0.01043774261306529	0.01039644769362268	0.01024812225414622	0.01085321311901542	0.141080202101971	0.0105368720264995	0.01117839246693937	0.05329498170143102	0.09318699096786313	0.09236792945063231	0.1903227637345038	0.275782816773209	0.6383351021807495	0.5678071317844091	0.2156279634618224	0.3283362987018347	0.01051560779196018	0.01103056735065217	0.01004728483573235	0.01126937746331172	0.7478222724782957	0.0102383497865415	0.0103775740713578	0.01011688478984708	0.01024680191882441	66.11746567131561	0.2867682880565141	9.085620934485435	27.27668487507863	70.84801629267672	-8.964100611236494	-0.5672431747833752	-0.7088961481133834	1.65089529696955	0.07560697361051784	-20.86229990467842	-40.41672694205202	3.095682133150666	0.4743726841561697	-0.07786178406002456	-0.5033109032292074	-0.1338248328955323	0.4292874576579328	-0.4922531094748949	0.2716957648278452	-7.496055232290121	-2.831062830888344
1.58	0.3370615036379999	0.4019198197243739	0.1799476493372651	0.01123120040478947	0.3305751556606614	0.3372789125038199	0.02172301032407009	0.2427048181359205	0.8903738766498808	0.01000704922171616	0.01000949744132413	0.01000878623064392	0.9666357064548257	0.999078842700576	0.0771347378362657	0.03012897494815465	0.1014240673251486	0.1303842753817855	0.1928260000476802	0.280746986073046	0.1490098331089797	0.289287271419833	0.3478083293543667	0.3278912676565539	0.7022554933789456	0.9998991948556504	0.9999464607265846	0.3842121541783342	0.6837838774567834	0.3377056795297084	0.5270016812273086	0.06219004455189145	0.03137682407157229	0.9878311028110917	0.5866069332484458	0.01000424776210473	0.01000428920357709	0.02217350492940363	0.02287408321853563	0.02242531219785673	0.1252408515233095	0.2102404206101374	0.06572628055998858	0.1174375402924969	0.05336663820541013	0.1884455676528526	0.1185308552071267	0.1412767169285058	0.2812996839434276	0.07966499339359816	0.08755374437385903	0.1057892716031755	0.04510456295737805	0.01009626512668667	0.02072100422552857	0.04076222499189523	0.07317189381927025	0.2308577949799905	0.06909322674804708	0.0875757043119048	0.1454302025898771	0.07645424874379798	0.03940445200022599	0.1012778646106972	0.1482745065673397	0.2453573686941361	0.3463581865159487	0.3611107261669874	0.3159356443066446	0.1272324219383333	0.1928140747173178	0.1713747832690914	0.1062368582109054	0.03454858619413522	0.06625652111636841	0.7018728053559218	0.07892510589754835	0.0133831007782987	0.01379486700577227	0.0134063868552347	0.06874980405004223	0.1893563180393054	0.137287910196442	0.09965784785878241	-0.1281102276090538	-0.2622985105876343	0.8633739983401765	0.07940791442245843	0.9614222256575315	0.1146311495788447	-0.4934357926626451	-0.1531097504460476	-0.1010575012312217	2.850904796674663	-0.2714686292557895	-0.2740565782789676	-0.02614744681101416	1.743477239933479	0.2221326520416201	-1.343012152113836	0.07631119462628419	0.5111043089262131	-0.2969261238980865	0.1899349770194202	-0.1638681420086866	-0.1544531346750167	-0.1478815765410141	-0.1597725134366079	0.1252877226443667	-0.6850976797113902	0.8143432676305046	5.426152202918167	0.8143432676305046	5.426152202918167	0.2896918154932584	0.2330584084056969	0.2896918154932584	0.2330584084056969	0.08039744774215786	-0.8250603787115699	-0.1532168410185929	0.6931166739540509	0.2124019183136372	-0.7366460928629762	-0.2069939681256521	0.6800709492921881	-0.06900687582631508	-0.4643931261177773	-0.1938357803556812	1.479577964880455	-0.2784551521118861	-3.873492691765241	-0.1708201078411715	1.396826755270596	0.6498217756395483	-1.557423623011009	0.3935635592878842	1.231158324937215	0	0	0	0	1.570670866452996	0.003223266137613833	1.570795523249757	-0.0006880624462131785	0	0	0	0	0	0	-2.480062802790437e-11	-2.396514584308852e-08	0	0	-2.480062802790437e-11	-2.396514584308852e-08	0.7637527917060327	0.8958293770987589	-0.506322535306308	-0.008624350103990548	-0.1033150831491176	-0.02051480944742076	0.06293944507023415	-0.002292645082602637	0.000177159867655159	-0.006372239189700001	0.04824958866026256	-0.0772671848496687	-0.003773462153563383	0.08637879640204166	-0.001029891169719369	0.002928955081231382	-0.01183917664372536	0.998504429044259	0.99960127829947	0.4134575334087924	0.01135841643304224	0.9982720522680495	0.9992276400975753	0.02526139802308378	0.07516662164152564	0.9999958030516443	0.0100100742961036	0.01000913128343408	0.01000591857327439	0.9999774536271061	0.999991730094023	0.01065468889675457	0.01054128978897366	0.347504073133265	0.01012309883467422	0.01064160310043311	0.7544940676728511	0.01044763578161348	0.1325731822004875	0.8953201962702654	0.9583060117003739	0.6379516587488898	0.9999979621536844	0.999998956140825	0.9996580591058954	0.9991189962807967	0.999786069433891	0.3271592438592086	0.01032295022434973	0.01105149755915086	0.9999971570973311	0.01446211356190409	0.01000083577978732	0.01000182421399049	0.04411224169017017	0.04411422962144695	0.04398793730230788	0.1536506592488626	0.3058492827427417	0.1653854695986919	0.2733129133794949	0.1099180413810742	0.01861462124073482	0.3521269898393352	0.1192798046568345	0.01629003152873486	0.02855922945109014	0.2060701941770433	0.2925145348186104	0.133886396758311	0.01021008087134397	0.02589302056331767	0.09964839732230303	0.1905140244634722	0.4766419548868402	0.1465229372271022	0.01409880256474181	0.2925427563349947	0.1505184076864854	0.02228052741875471	0.1496562951554039	0.2212147521158108	0.01305182055918886	0.01193200664159269	0.01162977035572723	0.0167868849788069	0.01028845198990819	0.01752231778239196	0.4795394524522364	0.300154207591379	0.09566758982109763	0.06209583114745758	0.4107857550958898	0.2656778439060174	0.0110266323129239	0.01029501728131422	0.01066210596354975	46.81045763289269	-4.288841026700537	-9.928278851829583	9.492110468718414	57.80809825035323	-12.33531060891703	0.9961642096539146	1.230005390639326	-3.061069196126263	-0.04278109923135532	-22.27346940031281	-32.43650879988344	3.248971405243201	-0.8669289812094242	0.1391763362988817	0.7090804689917029	0.3205680800655688	-0.7043388485432942	0.8193216890919067	-0.03748652553051335	-6.770630838611839	-2.045707643291053
1.59	0.3581226186972153	0.3775106272157455	0.1577051101827709	0.01071826794307173	0.3511868234602834	0.3547085674349408	0.01023641616478476	0.2232465046744157	0.9337542613257508	0.01000946528431184	0.01000703562406398	0.01000535826642733	0.7456458605625679	0.9994389539213989	0.03157672046493562	0.01051963416842943	0.1042164251027854	0.1853525871103978	0.1069364996969799	0.2867821643369157	0.1900537376333591	0.2517496521132004	0.3508132037013373	0.3504362711083411	0.7687825821788487	0.9999384332187855	0.9999673108216901	0.3777167958451864	0.660997825942547	0.5401177071605733	0.4504431010248872	0.03021125369791721	0.01257426994824645	0.9779289870133806	0.5394267198167865	0.01000195509501011	0.01000225365910197	0.02294856465655769	0.02316278987522905	0.02299093083815506	0.09163416299307969	0.1666683305978945	0.06569078795904601	0.1095754528896991	0.04896294452090109	0.1343501017575015	0.1253054375504156	0.1328529109375763	0.3022957610930014	0.09021300330292727	0.08089740628794084	0.1055782242451772	0.04825970977868939	0.0100906746089327	0.01774777377422899	0.04152521570478326	0.07480902954949273	0.2014631057364255	0.06220215252675206	0.06522389257719678	0.1255084558226935	0.06758723946198446	0.04598018120342709	0.08548454937783941	0.1663422894492769	0.2199723398079114	0.3217675838235513	0.2904644055744823	0.2833312376705291	0.1382782800488097	0.173582657377692	0.1721696698806676	0.1096957764594782	0.03768712152490233	0.05347448329938558	0.6758430960296172	0.09532769274920802	0.01182564798439058	0.01148912194731544	0.01158559019314598	0.07063947087772213	0.1895188399782853	0.1380147290498537	0.04462134922954911	-0.1310782641766035	-0.3289429254089918	0.8640528975802938	0.05648800275449568	0.9625529239004511	0.1114447036971093	-0.4949010182758574	-0.1398655368893168	-0.07186320905033537	2.977310475422064	-0.2736870997631155	-0.1678378962228786	-0.008869831468473793	1.701332888322739	0.208226560519463	-1.436122444633182	0.08116127411914949	0.4569953908377822	-0.2956271770973976	0.07193701785682755	-0.165540843291556	-0.1811149954614492	-0.1491588950783201	-0.0946422427895381	0.1185192772056854	-0.668897700539503	0.8680301147031675	5.29452626926505	0.8680301147031675	5.29452626926505	0.2908908838248481	0.01305869878755138	0.2908908838248481	0.01305869878755138	0.07263398801985184	-0.72880450192667	-0.1463828691948564	0.6726082827461783	0.2049981261856988	-0.7450897849787704	-0.1998314626026996	0.7543455372787986	-0.07385130709941935	-0.5046815301928671	-0.17895469506217	1.495335180648071	-0.3142056011751622	-3.242447189333483	-0.1569987302118354	1.360742817589883	0.6338038928644298	-1.642299374069753	0.4062386036907276	1.298580358074354	0	0	0	0	1.570704692314336	0.003444237410599692	1.570776229331103	0.01431601495754457	0	0	0	0	0	0	-9.730195450548294e-12	-8.523599515064781e-09	0	0	-9.730195450548294e-12	-8.523599515064781e-09	0.8012376271775853	0.9643779967181709	-0.4095986658236236	0.004017667857721768	-0.1080407571183277	-0.02078604996617963	0.06613659989137129	-0.002295870079035351	0.0002883585208252728	-0.007082140337896449	0.03922647571257647	-0.05150322946784514	-0.000393668438905026	0.0816759159369352	0.0003841821132490572	0.003905686366626891	-0.01060176261630677	0.01088347275505685	0.01069187845337444	0.01023843051483459	0.01032044606317318	0.01029270806002608	0.01034208129247744	0.01030483801570228	0.2695746964704214	0.9999981834823423	0.01001266876678523	0.01000404655695171	0.01000234111647613	0.01006526179801847	0.9999895932169314	0.01014079766405709	0.0100707305417062	0.01005510759734176	0.3514927591205292	0.04404339620045205	0.01030210729038779	0.3390686807769588	0.2376975623463095	0.01116748543521878	0.01092471124110985	0.9351510340010563	0.9999988770710526	0.9999994205575905	0.01013585526438203	0.3993241004494886	0.6503513949715038	0.3303598607737517	0.01077709386523436	0.01082988419918832	0.896166948894374	0.6906605540766199	0.01000087061445329	0.01000089024966806	0.01016933727535087	0.01005614779556236	0.01011731865702881	0.02133809215828757	0.03348691861552214	0.01114042135931788	0.01067320355976372	0.01258153056866416	0.1184147867299245	0.01088787613487888	0.1294230153735004	0.4799099818709225	0.1317897745104776	0.0109701436376605	0.01038785276151424	0.01009433335665068	0.01002884529847509	0.01206874634641981	0.01061025283901823	0.01051671164526392	0.01054905791725214	0.01205387196208922	0.06785219381487563	0.01125719372740127	0.01392889933408011	0.06506644189546018	0.03630681750548129	0.1515094682661491	0.2811559333576483	0.4274484035360858	0.2983042572724392	0.3552731606457486	0.2160262396719179	0.2223616728775888	0.01072722416906082	0.01148355710781898	0.01002429146217865	0.0333054573079153	0.7415512475302083	0.01015039808837167	0.01102871778954363	0.01026569467071842	0.01063087657856404	69.22941116923728	-14.59708745789654	5.987238431264162	26.59349803551652	40.12654087494439	5.0578793142636	-0.3092352625485018	-0.5173280911194236	1.127183951755963	0.02275670441704371	-3.459161880749203	-32.95714492920927	3.250808331664886	0.4281509555429776	-0.06375889362262478	-0.306820677213117	-0.1445536654069197	0.3465834176189405	-0.3725796725620016	0.06329840280149615	-8.621376065556316	-1.982885988421622
1.6	0.2766628855581857	0.3632413969136097	0.1735592938773656	0.01190119725466785	0.2960961420120221	0.2963885747143667	0.07506944723514718	0.2238388714118964	0.9596858715315405	0.01001691355843466	0.01000620911266285	0.01000406691515828	0.4027454428479914	0.9996525642004602	0.05777386705740628	0.06817737206334208	0.2005907346927455	0.2162635619123086	0.06298382501833265	0.1890200361184234	0.2134608212027056	0.198950379810599	0.21352231868186	0.2402162981265416	0.709734706690901	0.9999618964061973	0.9999797752322813	0.3053951264467214	0.562656698952953	0.6264456969620303	0.3424464758360951	0.01895491278530694	0.05954834053755706	0.8760817279467192	0.5077752173536026	0.01000186320211636	0.01000168184473024	0.01204021999942297	0.01192234132361009	0.01197255159361243	0.06439235564401433	0.121184118968965	0.05108341953507172	0.08097958716965978	0.04028605001746461	0.1067714284611869	0.1141492664652259	0.1292120107808721	0.3171462961689557	0.09202475080172846	0.0772271447546288	0.1075308371723468	0.05895055222653874	0.01009825263341612	0.01999222703367786	0.03314025681629685	0.05051076426614225	0.1517928461321532	0.05436535018564616	0.05935752255355058	0.09103211822290413	0.05088976477080636	0.05276705202070178	0.07555232825060743	0.1456965554319252	0.2074824360582136	0.3083203303623374	0.2461598926078084	0.2630642451961832	0.1441219490684328	0.1637164435452221	0.1631688956642782	0.09792166291655006	0.03495433673781553	0.03457653030190546	0.6444905961372386	0.05898437640472179	0.01149192625245271	0.01079640776762214	0.01112051340318201	0.07255360019401014	0.193670961241457	0.1381570436740477	-0.01738015538981088	-0.1346288446481079	-0.3776154554167648	0.864506895396582	0.03450796705782577	0.9636507484319542	0.1081406548009346	-0.4962327340387813	-0.1265101818993498	-0.04171991278069907	3.041326129101472	-0.2747877702020904	-0.05043206106886833	0.007662248933842412	1.594313161093358	0.193462085359411	-1.513694788942817	0.08541161002699361	0.3910664529730881	-0.2954223289896958	-0.02670411355760338	-0.1675067666036085	-0.2126192809466319	-0.1497502123208131	-0.0222720421117866	0.11189881274829	-0.6559199885444787	0.9199068485192896	5.064965307425555	0.9199068485192896	5.064965307425555	0.2900917482341147	-0.165460507002947	0.2900917482341147	-0.165460507002947	0.06578525829559832	-0.6433590490004076	-0.1397875264423925	0.6452430049506319	0.1974814291377046	-0.7591071039415969	-0.1918654030514863	0.8410598911802895	-0.07910283816553794	-0.5456519514494652	-0.1639538667928801	1.503639239734298	-0.342682643164979	-2.425817797801733	-0.1437162784690924	1.291331953240708	0.617063956928378	-1.700752862152857	0.4194236526100177	1.332633211187329	0	0	0	0	1.570738063691527	0.003156791994224574	1.570040496845784	-0.2287410064662184	0	0	0	0	0	0	6.807733354792027e-11	-1.741714699605013e-08	0	0	6.807733354792027e-11	-1.741714699605013e-08	0.8273542297702465	1.025504664124966	-0.2956341034698942	0.01322040993246516	-0.1131548145941074	-0.02024716312182361	0.06891412092264533	-0.002222066183704386	0.0005682207257900669	-0.00771961259432568	0.03761301697289583	-0.03579059391089454	-0.00184057278660902	0.08011511987143623	-0.001401950985742031	0.003741078887898169	-0.01005936647887598	0.6072979743971193	0.9738426431585226	0.5020789325754299	0.01531971849162681	0.72270446810727	0.7132296244868298	0.2475644969176324	0.1182908817391067	0.9999956542935765	0.01002966085824968	0.01000900225912262	0.01000532706417342	0.01010979588211899	0.9999794480885806	0.148620209020229	0.2157496182364078	0.7323743343979107	0.01015866812877099	0.01059871097986759	0.341777707531343	0.01055658475592442	0.0151172820261176	0.3085184212417517	0.4485210049379836	0.150364608893503	0.9999975630016762	0.9999987279085147	0.6852656304317503	0.5880607206468217	0.9943650471562759	0.06091009322630631	0.01311680436268686	0.1793934612347677	0.520927038483483	0.01213099859477889	0.01000270294348878	0.01000204466842886	0.0107854829411813	0.01024834600661153	0.01052996854416694	0.1035716597806705	0.2001158704114206	0.1170627798384681	0.1805494397084248	0.08640671409410172	0.02224100775007122	0.3040936206934262	0.1195299725688787	0.0224693808900823	0.01921990745763289	0.1999461511548835	0.2998537135787983	0.1665147896470533	0.01023751510872939	0.03547196664564187	0.07245304405754729	0.1079920574284712	0.3212891780872024	0.1274167062262697	0.02605789925647841	0.1917409482066061	0.1045837225243506	0.03557471748258313	0.1346090967272457	0.1201438729478877	0.02293776549837278	0.02140422238352283	0.01392582628742638	0.01779579844375048	0.01036222502335582	0.02081382762661548	0.4430294459007874	0.2541865837846246	0.08418983410276516	0.01812971062885977	0.3368375982276196	0.1262951730454429	0.01152029505868031	0.0104465928816925	0.01101930481364475	56.3999517010544	1.334412707138763	-3.039358740378934	8.640641027245561	10.63937428787903	-8.629480656743585	0.6522177295818304	0.8561756788666898	-1.842907682037138	0.06304568134878397	0.2130159436989357	-27.70861165672917	3.1454032004763	-0.8045088685613395	0.1085878237334334	0.4700246523667015	0.3189310468049075	-0.52898088367059	0.5715847817847768	0.1210543368674353	-7.587030480741737	-1.971707003737929
1.61	0.2302691065914169	0.3520316040842837	0.194626033072418	0.02864654784261169	0.2649953846679645	0.2630136896860389	0.09384299153944908	0.1379096117294847	0.9756032880361047	0.01001819243917514	0.01000600068603059	0.01000370185582485	0.2180842362387884	0.9997844542321285	0.06217073976850358	0.08312523511138956	0.2292263331553898	0.3452968560702154	0.07459332409110599	0.1428078349003268	0.2781938618966605	0.1153174278527922	0.1342855452973834	0.1777114186920926	0.6949680180240437	0.9999762841929432	0.9999874179440016	0.2611594530623345	0.389943962909529	0.6334373282164187	0.1570748859456055	0.02126505847022504	0.07102562896773455	0.6508471902170598	0.4676132457485762	0.01000179609002665	0.01000146500811713	0.02071527465054774	0.02379254085355679	0.02048722888540863	0.05420435112611122	0.1035122745427815	0.04900911086802152	0.07447816877208843	0.03833826971962134	0.08111367498644971	0.1133328250035362	0.1224971501393205	0.2921992284131071	0.08300318266797542	0.07690027109464288	0.1096323713109892	0.06071710431073092	0.01010138149812083	0.02021092529892066	0.03320409662959863	0.04803636252037814	0.1337905011661457	0.05368684508604597	0.0559639883638897	0.081907437549489	0.05079263525983239	0.05584807382792453	0.06922819906628704	0.1568939427733771	0.1833866764912768	0.2760939693872402	0.1998433948612061	0.244379442241295	0.14183024932532	0.1520284790546428	0.1610666859152554	0.09612583419701022	0.03537759303354437	0.05339045138085893	0.5990771636733276	0.05473827905200093	0.01137637428508221	0.01053965317118386	0.01096024559937494	0.07451325574485027	0.1979185672253843	0.1376424949474599	-0.08673153334117921	-0.1385518746683171	-0.402798506044341	0.8647477393547796	0.0139308596987963	0.9647167093001607	0.1051203493919284	-0.4974328461275239	-0.1136390414557084	-0.01122369217192317	3.049386618368109	-0.2746618196214778	0.07705631688658035	0.02280888908348125	1.425230735823465	0.1780228045732473	-1.57027134336979	0.0889429532081927	0.3132853182443361	-0.2960611241697892	-0.09549589460117576	-0.1697974916501783	-0.2453675181658696	-0.14957560194766	0.0586734903357777	0.1053847472751682	-0.6477211945850223	0.969026027142132	4.744494300102212	0.969026027142132	4.744494300102212	0.2877354657918305	-0.2979877283382439	0.2877354657918305	-0.2979877283382439	0.0597071834858894	-0.5757536551641407	-0.1335036693976016	0.6101932566371578	0.1898010236669275	-0.7776055960573406	-0.1829661091124289	0.940951342305814	-0.08476268885392041	-0.5861145767619935	-0.1489052726078662	1.504916131380712	-0.3622817073792948	-1.477817543231952	-0.1312388751200644	1.201829294170823	0.5998968008965128	-1.726873276613893	0.4327737920240602	1.331543385772168	0	0	0	0	1.570766462656297	0.002449354123974899	1.567395799607425	-0.3174205936668634	0	0	0	0	0	0	7.883954772476446e-11	1.341062193791078e-08	0	0	7.883954772476446e-11	1.341062193791078e-08	0.8378489432348469	1.063053315938591	-0.1735840919196093	0.01823250649166655	-0.1179378086387374	-0.01899508697771659	0.07099829768510173	-0.002078234436806006	0.0009754078935451679	-0.00825226252315666	0.03334802894908784	-0.01926100405295114	-0.001776485055829587	0.07800268426439776	-0.001871652596355107	0.003890871390025642	-0.009343007623154577	0.010394661936842	0.01026054875730355	0.01035440064309192	0.04900423414631672	0.01020394948677778	0.01016126461187188	0.0101875308365176	0.02700243175975964	0.9999974062183516	0.01001509574724302	0.01000449887614618	0.01000269860065715	0.01005623565817947	0.9999904000280696	0.01010214353363446	0.01005303356066397	0.01005852471863679	0.7464568840654705	0.118764009869961	0.01012521967195556	0.5201587419482235	0.05474574200217122	0.01022188544312599	0.0102456099670424	0.996484815265594	0.9999986694805491	0.9999993038856123	0.01004755555710483	0.01105373764979695	0.4649577990526638	0.01123921564453604	0.02700376766351665	0.01081030728267194	0.1690880115133871	0.6294755171236464	0.01000147247500876	0.01000104334836138	0.03893800844083957	0.0568895177456207	0.0413440837813908	0.01835124730181732	0.03058611522801911	0.01122369286879143	0.01078658782687862	0.01232188836278126	0.08216383845957222	0.0109291399230577	0.1153086449690716	0.3788909443548448	0.1044962408832596	0.01140479073331997	0.01054746270738189	0.01012077738254583	0.01003574098075893	0.01239989604821144	0.0107284195369092	0.01059775491562835	0.0108235863059011	0.0137768009903152	0.06867232079625234	0.01207048504605423	0.02092095535893196	0.06951139795946218	0.02968555839453249	0.1826272735497065	0.2275544942920651	0.3463873830957137	0.2189205817519403	0.323803772140498	0.2034763399017404	0.2006647420065549	0.0106857289648019	0.01153421616558616	0.01003122280497292	0.08866726241422594	0.6222413591651638	0.01019680987904622	0.01126866711178507	0.01040680584166874	0.010844137389922	43.25687178534648	3.565645100072421	-1.418246825380109	-6.933221874206246	-8.547330680188686	-7.297881123926215	-0.2171918030633661	-0.3496174046178811	0.5795698405022328	-0.006112043754597269	-2.422332964918933	-26.08795058000396	2.966712865569869	0.3983012937934385	-0.05281049099200687	-0.2060432022902407	-0.1450484309615529	0.2684268903458704	-0.2809555680761816	0.05201874384133836	-8.75940626796689	-1.917699393876698
1.62	0.3049521274634731	0.3540164778167821	0.06484324140639322	0.03262048272614371	0.3174414802839896	0.3169090105432554	0.02641761712923954	0.07035965738734544	0.9851487313499353	0.0100253673919762	0.01000660704054363	0.01000398182600329	0.1067298190668896	0.99986377957443	0.0195028947257656	0.02369260843905824	0.2835685322506096	0.4276922731075922	0.0795284372108549	0.1866424549609393	0.318330270440433	0.07067498060012546	0.2732662614384233	0.2864018546051769	0.8285096008527525	0.9999847824299315	0.9999919289448596	0.3175807960836007	0.3956382494976937	0.6383215608399163	0.295515153905034	0.02101709830719544	0.02115250340159511	0.4274324423571441	0.5004235832329819	0.01000253024277287	0.01000155432915835	0.04833699493541636	0.0938053354262042	0.05922609256298094	0.043525042693365	0.07687801997810548	0.04186107194000441	0.05759615247516576	0.03682473897688147	0.07207539028125329	0.09983075083020294	0.116978182234632	0.2765291592816015	0.0788137344150746	0.06715136441909596	0.09819202567830095	0.06694030469086872	0.01010226583270458	0.01891042712554564	0.02229560508204108	0.02789279811186265	0.1007017456774695	0.04557834540994561	0.0589543290325244	0.05861920813412606	0.04062900107575625	0.05917213944998131	0.06427010110378079	0.1404415819549557	0.1739708351912823	0.2634330946472097	0.1742336907394675	0.2330641906530843	0.1406318170592516	0.1463992091917782	0.152457028736884	0.08743675543157808	0.03113935760556718	0.05954571136359796	0.5559234772752625	0.03558086756617137	0.01156819760213263	0.01055126701810713	0.01107300640184702	0.07649790439526633	0.1979582749500372	0.1364002648236641	-0.1626838880146696	-0.1425995705677857	-0.4025345459415517	0.8647915489514074	-0.004839082649219947	0.9657546882796723	0.1025518434380219	-0.4985088273186023	-0.1017556788023757	0.0191169700874254	3.012269526310655	-0.2732255887236328	0.2107980863224962	0.03598855457834808	1.20281773130879	0.1621404669502293	-1.601769186596186	0.09164164167099235	0.224845644817029	-0.2972158745873509	-0.1295688383882129	-0.1724029270578059	-0.2747554889033454	-0.1485478363231657	0.148237275978094	0.09892905267671591	-0.6440737484937128	1.014527796819531	4.343418121608733	1.014527796819531	4.343418121608733	0.2842863846327626	-0.3843253235205641	0.2842863846327626	-0.3843253235205641	0.05419175037142619	-0.5316024150735746	-0.1276107901350635	0.5670305436571623	0.181918824621735	-0.7992664123362201	-0.1730065636396948	1.052716567752968	-0.09081841527943056	-0.624558131447973	-0.1338793379615571	1.499031234390253	-0.3720481656091488	-0.4728814868063107	-0.1197077422689297	1.103834998788018	0.5826486308166127	-1.716434930681677	0.445941007144845	1.296501270249261	0	0	0	0	1.57078506170405	0.001173804896396478	1.563736570327434	-0.417136103890369	0	0	0	0	0	0	3.171393947317819e-11	1.060710926227365e-08	0	0	3.171393947317819e-11	1.060710926227365e-08	0.8297480380437298	1.072871148267323	-0.05462218447853102	0.01888544580772407	-0.1216993776111879	-0.01725471466524962	0.07217252368000969	-0.001886139857564125	0.001444436878453559	-0.008655863769241167	0.02862544346678806	-0.006496309387095887	-0.00190294808958672	0.07616098084457783	-0.002086641056451753	0.003961173187949124	-0.008694565533279864	0.9997031968486544	0.9998827154109799	0.01155562273837391	0.01009568683241053	0.9997099909283838	0.9998401695453997	0.01009700408731937	0.02932443113203926	0.9999934326648975	0.01004950630470259	0.01001097429332806	0.0100064881212906	0.01010830815563069	0.9999804047182211	0.01019864394474984	0.01019154603478989	0.9436015810428512	0.01004247201557457	0.0100846082270332	0.5734371225423452	0.01014219357793178	0.01075319621125144	0.9993908633994595	0.9996267436321381	0.8529401559011376	0.9999968908263972	0.9999983547776466	0.9999422420741727	0.9998289519496322	0.9999374949538486	0.9986860457040434	0.01006189200898532	0.01013750274896367	0.1228376885093417	0.277450803058339	0.01000491796088307	0.01000250862183641	0.08694533579478689	0.2255300415683183	0.1227864936417399	0.07994226903581883	0.1295907105883286	0.09601964782582512	0.1303740169843124	0.08346886063950174	0.0304305429908523	0.255887331560182	0.1104031682780971	0.02266124877054687	0.01890119988032223	0.1669846028765876	0.2563752170524342	0.18596197789854	0.01023719249213534	0.03135496458727092	0.03885009084064499	0.04702200673185115	0.2212865636021506	0.1017679546513572	0.03957380223448573	0.1226807734008333	0.07231409643118776	0.04226774828962791	0.1249342157914648	0.04465700692843364	0.03785354668305279	0.04986294641731823	0.01965081376353157	0.01814160987996403	0.01045005506503609	0.02308432621738271	0.4116489306691019	0.2251593716570056	0.07052361690257627	0.0145537397765279	0.2659922556597531	0.06907185056325468	0.01219272988504872	0.01072086885113119	0.0115007022072221	59.41604665665698	-6.994207709137674	7.024098642241748	10.78490140631606	-16.94528022398883	7.061904600517388	-0.1185029274774921	0.3449836302563226	0.9700215272399368	0.01231261782651102	-0.3124669540296092	-24.10533654692677	2.737853389178044	-0.7502179866552448	0.086069707777177	0.3062348414552155	0.3181104693699369	-0.4081291317000211	0.4317122838339346	0.1068266126649697	-15.56622813236964	-1.897491782755246
1.63	0.3495791689948756	0.3562161638354657	0.03370536475054926	0.06700103330110267	0.3560590011372256	0.3474394909752655	0.02915976792044445	0.04752433310626863	0.9910095696592796	0.01002945338436508	0.01000690449188116	0.01000411062429772	0.04964455696178748	0.9999126091093991	0.01925285841392757	0.01517311487897647	0.3412702821640892	0.445328406281148	0.1823534886843537	0.2718724522920883	0.276706586761748	0.1172134218981557	0.3699330785568016	0.3437560806292952	0.681015297396776	0.9999899667863804	0.9999946798593252	0.3508421007128562	0.3816835673099148	0.6022494054430045	0.3495846752341676	0.0987261796348594	0.06062624689319667	0.3103530178198995	0.3739134954914835	0.01000297822210633	0.01000159278912566	0.06048568817190499	0.1631863903196882	0.08763388270887615	0.04145290220206734	0.07531326872293684	0.04051337564185881	0.05413745675197796	0.03612139443718275	0.0580752561859128	0.09761923024413385	0.1098773331146348	0.2499000601131393	0.07116420234219328	0.06606809898241216	0.09660437190668225	0.06662867635528308	0.01010897783491516	0.01920122465339252	0.02139315638003459	0.02523178620812465	0.09153850292159131	0.04683814385262772	0.05852637590218576	0.05495070745736151	0.04620293612901561	0.05912760737090319	0.06158826271335528	0.1476690731730045	0.1551741632472021	0.236427306787503	0.1452783560033634	0.2192469823846885	0.1352795224414159	0.1357235454035911	0.1507476866649873	0.08596548734301504	0.03142515311429311	0.07485274051619467	0.5153903831142588	0.03296744352970259	0.01152020696713645	0.01052159509015448	0.01103802162092563	0.07844514616400647	0.1898542888582791	0.1343733642302455	-0.2432405031301251	-0.146523196957593	-0.3785687606948326	0.8646579789363027	-0.02150769225089574	0.9667690514048489	0.1003687494973792	-0.4994723750868461	-0.09118928121612227	0.04891464223115193	2.943033681037299	-0.2704439356872035	0.3450906380436307	0.0467320988710514	0.9405531118103643	0.1460785503493	-1.606005423172033	0.0934124434469116	0.1282103864549526	-0.2985388896402573	-0.1297183482299553	-0.1752656705087185	-0.2960973936110404	-0.1465869825036582	0.2449192031454753	0.09249357074202857	-0.6433105592794651	1.055667519005855	3.874328123497054	1.055667519005855	3.874328123497054	0.2801913637812917	-0.4280341457006466	0.2801913637812917	-0.4280341457006466	0.04898546579955445	-0.5142524955875766	-0.1221891781695784	0.5160596459691071	0.1738084653601553	-0.8231054445289648	-0.1618832185246311	1.172989771176024	-0.09724160923012916	-0.6593304324254404	-0.1189512401581797	1.485139763714639	-0.3718279025510227	0.5057090295086654	-0.1091590091840273	1.006711108678098	0.5656961713574995	-1.667677814633875	0.4586043560736301	1.231714819278172	0	0	0	0	1.570791376831863	0.0002787542285346768	1.559063269902615	-0.51548102195394	0	0	0	0	0	0	9.223828667636524e-13	6.902457781308201e-09	0	0	9.223828667636524e-13	6.902457781308201e-09	0.7978958100956048	1.055470657838865	0.05088395835552012	0.0156455111980245	-0.1238586259781818	-0.01527498038079774	0.07233330978507423	-0.001660105343659363	0.001911012282726039	-0.008915921978334657	0.0232274668480132	0.001398047203839129	-0.002485585344170341	0.07443819350150792	-0.002173052913442569	0.003893925617057885	-0.008127545742215806	0.01381039113688122	0.01137389207771163	0.01582252482483461	0.1301030438397572	0.01201547797097376	0.01127650195469157	0.041102833443245	0.03406910211104817	0.9999965352988058	0.01002330364439509	0.01000496257386503	0.01000293292182036	0.01004084159967428	0.9999913390585842	0.02359415830645303	0.01069748514247107	0.01054360693602202	0.6925729179840596	0.4113651547261395	0.1663512787086519	0.33284059836638	0.2262995373927125	0.06031833634202236	0.01197202442249847	0.184497177710967	0.9999984072027674	0.9999991569557828	0.01068450172956751	0.01236210490081	0.2961515542683156	0.0129257007891491	0.2278749880697921	0.1242495368685059	0.1770993633007974	0.1528010474383926	0.01000243396773716	0.01000113323128749	0.06619175362066912	0.236454038036758	0.1103015916064563	0.01907015330910823	0.04216651974196502	0.01132962168891837	0.01092885982051041	0.01224600165223952	0.0584989227414566	0.01102736228268653	0.1001865579315587	0.3157287319178478	0.08891176016282343	0.01198978680568916	0.01074524702414848	0.01015733885271238	0.01004649646424324	0.01294963204026955	0.01090895401765231	0.01071968778926854	0.01132293228481476	0.01758047443552045	0.06689769712224275	0.01400274417189415	0.03614948958791606	0.06739117207381139	0.02642394947177741	0.205936410976492	0.1882768801695179	0.2865263902333282	0.1676098036687771	0.2954190693152603	0.1896698394365076	0.1771284290698943	0.01072327095287096	0.01164710874238222	0.0100395160125102	0.1210365345137684	0.5470821450236157	0.01025352417581807	0.01124555531310035	0.01043210653315713	0.0108460559283812	41.50817688199188	-1.069610107575004	-6.429883233694881	-4.713273290829486	-33.77252286105625	0.0884948920332755	0.5913774793202353	0.0334985436664843	-1.710573913764344	-0.007401927075194535	-1.529386690374353	-17.09952458269081	2.488745405579553	0.3722817716124866	-0.04287539452556426	-0.1373894070022303	-0.1463436889047038	0.2078286246069311	-0.2174751683931917	0.05077877295180825	-21.96356280392186	-1.84103023126805
1.64	0.2458723830323577	0.3394916793906467	0.02287365923771233	0.08137604398439115	0.238147679885168	0.2842071544200827	0.03027364591562398	0.03708475457617181	0.9945257094278983	0.01003353573812647	0.01000641814246531	0.01000377905096393	0.02525659882661228	0.9999425464778825	0.01927915022663659	0.01249855894321935	0.1507520156492859	0.4570401059720873	0.2382698911324184	0.1548904957125445	0.2505384437664009	0.1399086899777987	0.1584784189052322	0.2270438423042252	0.4264056954338378	0.9999930342333774	0.9999963053126992	0.2653917048726848	0.3239128224543153	0.5224479910019819	0.2177969504804524	0.133144127768891	0.07647749725035648	0.2098840471171372	0.2333682134439642	0.01000342832164723	0.01000147332332536	0.09395874131925619	0.2706785073386524	0.1426190569835456	0.03584259007125744	0.05933666982398652	0.03959640967406555	0.04638215746404708	0.03789180407543537	0.055089125739446	0.08374059154958267	0.1021935055735823	0.2331301154032415	0.06774510690773211	0.05833254587869009	0.08607340797005816	0.08220476965595587	0.01009605185374317	0.01768766099118131	0.01703557058792766	0.01870127874363066	0.06871389621210801	0.03721669881577376	0.05590365824103177	0.04029889783801983	0.04127944943336548	0.05872239070821551	0.05756483053985902	0.144214934969228	0.1492060387495882	0.2282786229723754	0.130626774158151	0.2106937863041619	0.1324843952821552	0.130080721215479	0.1383766712024847	0.07785140167008986	0.02381186634271734	0.08128558921532154	0.4775657574241079	0.0226316486747733	0.01191526130692862	0.0106505506327546	0.0113032884052048	0.08025835177014054	0.1708195734075538	0.1315297589077	-0.3254972027691551	-0.1501080440821754	-0.3357925735914206	0.8643689189347028	-0.03592323312292128	0.9677625368346249	0.09832467058258883	-0.5003373889392766	-0.08204892146085743	0.07791414739236732	2.854666529555723	-0.2663435568549976	0.4734622087202469	0.05472058624224727	0.6545757286523975	0.1301111262915299	-1.583095749234467	0.0941897457023279	0.02675499712612006	-0.2997150887612272	-0.101414173707322	-0.1782855120393787	-0.3056980100893978	-0.1436348797446049	0.3459534511474718	0.08606123221306822	-0.6430447544158769	1.091834126002542	3.351174081395699	1.091834126002542	3.351174081395699	0.2758469358144384	-0.4354239443319503	0.2758469358144384	-0.4354239443319503	0.04381562346967206	-0.5241171920235345	-0.1173120188899379	0.4583828048133012	0.1654519795523542	-0.8483525348896367	-0.1495353574865273	1.296646547135105	-0.1039873923444435	-0.6888205358080707	-0.1042087917534609	1.461543309088603	-0.3622803843877352	1.381049795203098	-0.09954699381979946	0.9174728611315635	0.549418998216189	-1.581849036640405	0.4704991353164187	1.144148553385967	0	0	0	0	1.570792919402235	7.637503590868567e-05	1.553472073204968	-0.5995761714458552	0	0	0	0	0	0	6.505859178268745e-11	-1.116059190000761e-08	0	0	6.505859178268745e-11	-1.116059190000761e-08	0.7370334353735931	1.017503003230022	0.1344036924585271	0.009866817982405067	-0.1242275159690807	-0.01335726424872747	0.0715986134752911	-0.001451339609995257	0.002307197059268301	-0.009045125760162798	0.01708963832436749	0.004400506534458951	-0.003603111444987326	0.07270651267223284	-0.002216700890998539	0.00368367014472836	-0.007645392273087743	0.488457331818932	0.9202662247829594	0.01512917576337721	0.01059644568812146	0.4350485268411916	0.6769755862716198	0.01048527099283597	0.02461814211071809	0.9999927360767326	0.01005766812362975	0.01000927114246921	0.01000539594347957	0.01005273005275392	0.9999836029564341	0.01052739774800676	0.0107453620747306	0.09277612775485894	0.01016957232835151	0.01028937359138463	0.01041990204593361	0.01045148022449754	0.01076568334347507	0.01176588168087004	0.4240341765005148	0.07265094891004682	0.9999966749920367	0.9999982293011201	0.5779286704738388	0.7610659789196572	0.7111231683173426	0.3635359823006089	0.01026757942527438	0.01060202479772774	0.01003217900796341	0.01275454456175344	0.01000582014129505	0.0100021225174745	0.1854054164264967	0.5522910078094858	0.2830862456790914	0.06438621776100628	0.07910715578405507	0.09436210705876426	0.1084432377914246	0.08972151337418838	0.03868706235532734	0.2090788949304688	0.09441394896801375	0.02085918558605126	0.01859478267304077	0.1421548798264642	0.2206430668560532	0.2402456756293293	0.01019302917832019	0.02654730680994466	0.02659828703213509	0.02978765092330021	0.1522656967998083	0.07005949001440936	0.03190974026374011	0.07918544062844145	0.05122049725977242	0.04105109098186065	0.1145023819573822	0.02024280013385309	0.05159592506524198	0.07869878467762532	0.02258955103026776	0.01695212006646652	0.01055248092430971	0.02276336481901128	0.3659351312668929	0.1983468528901164	0.04680331520599415	0.01390557352080455	0.2081058427460069	0.03977813463390525	0.01340028055932773	0.01112713907640283	0.01231314462905279	33.92472504282573	-1.249063994786188	5.821869360676323	-6.687163509923931	-32.66179546810703	2.032371367206643	-1.262429994228858	-0.1348617912208075	3.784279154955636	0.01820562064874643	-0.7754362161241619	-23.03142508092448	2.256940854044555	-0.7025279809278303	0.06589083942751936	0.1964459350627286	0.3182209102907801	-0.3112311013027606	0.3327390479877099	0.08645796270743246	-32.13181549212879	-1.827337630478904
1.65	0.262070214602862	0.407096524060909	0.03688644352479171	0.0297469456709427	0.2390499112991935	0.3042089540953541	0.01748125590345974	0.03122376876382713	0.9966846895443696	0.01003499532839664	0.01000636568435988	0.01000374253794626	0.01544942185681515	0.9999686761281138	0.02581543983107413	0.01247292775788892	0.08997182324642045	0.2889098742247049	0.2287727051248652	0.1846338659133619	0.1891337727077959	0.1619924425876343	0.1495488559201619	0.2109556152335191	0.2956952512708441	0.9999948897977053	0.9999972882433971	0.2962825854445097	0.3434884877442435	0.587698905077212	0.1832164443184109	0.1098577222569051	0.04732220627868831	0.1053421124253831	0.1790548012349437	0.01000368249209857	0.01000145592143947	0.124561397411526	0.3669665164900313	0.1906063219824729	0.03634171349185589	0.06290293614628367	0.0402936671597833	0.0462579341007765	0.03856616301018859	0.0463568380436545	0.08089188225934946	0.09238956122280972	0.2148388763718733	0.06377408339654234	0.0575433179918906	0.08411495841016374	0.08754009927060068	0.01008337281265569	0.01832926430592398	0.01700459602990477	0.01820943614173947	0.06494506001952186	0.03970880835854745	0.05316460166703066	0.04083587122565563	0.04548491517912037	0.05603235521952889	0.05511876981683773	0.1471602278176171	0.1355881889682292	0.20792048598889	0.1111871206360257	0.1966652596966592	0.1250349506286793	0.1176669508553107	0.1343784289696431	0.07591827233256075	0.02283718198055096	0.08736571449564677	0.4498302402259399	0.02124564139543344	0.01216146319940452	0.01073692340084679	0.01147653756788195	0.08182152181308236	0.1398520844805045	0.1278683714011215	-0.4062807369502854	-0.1531985552220315	-0.2808711385100423	0.8639471382564572	-0.04805399381406091	0.9687348834931754	0.09608245888028298	-0.5011178320644492	-0.07424831380957431	0.1059799994848293	2.757768025594768	-0.2610149284832787	0.589806299814664	0.05979847642264718	0.3609726425480341	0.1144986768039544	-1.535655657084417	0.0939438899983991	-0.07580274906556654	-0.3004996405011031	-0.05286739360985082	-0.1813344680432068	-0.3018375200179058	-0.1396645875818851	0.4479909400522328	0.07963773684476647	-0.6413121543382486	1.122557953321611	2.788065137787341	1.122557953321611	2.788065137787341	0.2715777803488924	-0.4143595112641821	0.2715777803488924	-0.4143595112641821	0.03842133790156677	-0.5584167001740469	-0.1130382163793282	0.3957079293657426	0.1568403831735186	-0.8738811477035945	-0.1359599300578395	1.417398244651493	-0.1109957053742392	-0.7116271567796603	-0.08976126093926491	1.425654685598285	-0.3447462490153757	2.095464781663018	-0.09076688802338501	0.8409697408217611	0.5341685653357142	-1.463300230660395	0.4814413989757149	1.042838026443957	0	0	0	0	1.570793326654629	1.390682354081426e-05	1.547146385801718	-0.6612965321496319	0	0	0	0	0	0	5.066299938606391e-11	-6.015435412346774e-10	0	0	5.066299938606391e-11	-6.015435412346774e-10	0.6438239966725406	0.9693438595594802	0.1902095152515137	0.003596614422216465	-0.1229349383451412	-0.01171718170416755	0.07031214723073567	-0.001279992940678018	0.002589490898431891	-0.009080116616337165	0.01045879449717669	0.003625631753119095	-0.005059608486280262	0.07092368915588174	-0.002206650488109901	0.00339084451524824	-0.007240788187909516	0.1207561304440515	0.1489761115579119	0.06082937511758361	0.0112953689194653	0.09808952552482333	0.07071674860808978	0.01240960108721854	0.0287668898766926	0.999996308447008	0.01002642435243775	0.01000483005729289	0.01000284942740643	0.01003803303137951	0.9999917019628722	0.03917353838096805	0.01335020654477581	0.01289816373557488	0.1783095470874471	0.3336003602607571	0.3140098387494247	0.198284159368397	0.2675447537824841	0.2049125734978574	0.04083166969577051	0.1614595535154089	0.9999982277317654	0.9999990578456183	0.137964624960953	0.07794984074718522	0.5887645767261447	0.01473952404712907	0.1300405750709636	0.03840424318013901	0.01732056744168016	0.1790908477631785	0.01000292829471725	0.01000109927833843	0.1324126084011275	0.43937751210228	0.2091919383612225	0.0217156744836348	0.05621889580273971	0.01156301090499587	0.0111859794136574	0.01241081575214545	0.04270445236236848	0.01119099955103999	0.08295090010597324	0.2805414733984434	0.08209110948734009	0.01267396000844522	0.01095173424335458	0.0101885390945111	0.01004938057684423	0.01412298703929213	0.0113488961843824	0.01100326387989288	0.01245253440094021	0.02476563703610768	0.06075910096232078	0.0199712990668845	0.04594508419087615	0.06118873618186373	0.02372143675772759	0.2138060141408193	0.1603922019987637	0.2423011579325562	0.1312913134521787	0.2636113251137494	0.1718506994414284	0.1500305958672823	0.01082539831975031	0.01186268257317639	0.01004671325072046	0.1306666267201397	0.5052602065177051	0.01030906688002141	0.01162526079345982	0.01057295563984465	0.01111775801524419	44.79870610022314	4.744005950099364	0.2106871570211995	12.35418674193586	-26.60709862987841	-4.48058647272656	0.6839439504970516	0.09850983797635356	-2.054980763931423	-0.01243879246436202	-1.284163484923234	-17.03232463729225	2.074938216096934	0.3486230652129595	-0.03259094544764041	-0.08911639108267977	-0.1491410360491613	0.1587679785611361	-0.1705976938994461	0.05184080288622708	-42.78224966536181	-1.772316224494549
1.66	0.1425009793264589	0.2160928840717233	0.04437236842331112	0.09116244185024437	0.1250274609881932	0.1410749673968312	0.02192880544088916	0.02673032757648519	0.9979801379673243	0.01004217007932358	0.01000617608911729	0.01000357451245158	0.012122783449873	0.9999251360250865	0.02869481684795276	0.01260501343321779	0.03835296437335109	0.3445453723099364	0.2614326453152513	0.2016135706132797	0.2017314045194238	0.174708067873284	0.1444416949263804	0.09065897917201117	0.2005621436389811	0.999995928602845	0.9999978367827714	0.1627782589254221	0.1638461414799283	0.4728839242090536	0.07073950698508931	0.09861700723899296	0.0426925766135351	0.0517618287161614	0.1490072135474295	0.01000424075619737	0.01000141022898445	0.1556218733569434	0.443714099914745	0.2295794548380918	0.03274160231386949	0.05714492753817227	0.03255392159658212	0.0325184566937595	0.03509195259954676	0.04565822191684135	0.07275091607125841	0.09568887496820702	0.203423592128533	0.06196456650309242	0.05198862862583984	0.07652204877145807	0.07489961595103177	0.01020678052290284	0.01607646767964862	0.01362815417484221	0.01393545857885359	0.04541109065210009	0.03356202606445946	0.05077122538155979	0.03317069916792355	0.04531201294998792	0.05605552209279484	0.05669958347383854	0.1490621003457069	0.1317068733498819	0.2017270250435641	0.1029358821619707	0.1896779853536482	0.1211822057318275	0.1150570691014127	0.1308877853712308	0.0745146186210669	0.02255725681720694	0.09023999073017097	0.4160672589484981	0.01863660522544837	0.0117825001137905	0.01061253518447362	0.01121437009799776	0.08301907296862258	0.09805745439141138	0.1234185976225079	-0.4827527359735698	-0.1557077472564174	-0.2205895249869676	0.8634153134762056	-0.05794399982250697	0.9696824085515745	0.093309835357645	-0.5018261587486261	-0.0675883084941456	0.1330634596946651	2.658896094015607	-0.2546038835655715	0.6892743588590236	0.06196061828075679	0.07341001813882721	0.09946325183644425	-1.468710226854781	0.09268189715084695	-0.1759162993883182	-0.3007343808585295	0.00713766414541734	-0.1842798932376141	-0.2853539996588277	-0.1346825150945647	0.5478133795695286	0.07324175126894492	-0.6376181110546478	1.147505617941776	2.197933952567728	1.147505617941776	2.197933952567728	0.2676267806323673	-0.3731703219498316	0.2676267806323673	-0.3731703219498316	0.03258469883928065	-0.6114173714619264	-0.1094077828642626	0.3300580250496616	0.1479796799659517	-0.8977852582756812	-0.1212192833800748	1.528601933116548	-0.1181940136533523	-0.7266701509933804	-0.07574773513324015	1.374144421825712	-0.3210177294293795	2.616735204684967	-0.08267519786001126	0.780131318987769	0.5202386872928925	-1.319111860620079	0.4913435974810622	0.937830823094195	0	0	0	0	1.570793284922367	-2.041970477439864e-05	1.540339673486764	-0.6950822218344693	0	0	0	0	0	0	6.366026371488851e-11	1.867082216151908e-09	0	0	6.366026371488851e-11	1.867082216151908e-09	0.5198707542463213	0.9214619854892362	0.2160343048455004	-0.0007770075730896066	-0.1202848704167905	-0.01049828640715739	0.06900085478115274	-0.001162993027254589	0.002733836281668612	-0.009080149660343151	0.00405315087813108	0.0008040388072209652	-0.006581305430356919	0.06921966700223067	-0.002147853716472909	0.003092885270724005	-0.006917847733812831	0.01094913813956176	0.01050597019209879	0.02250007955464054	0.2780123321548666	0.0107911424953794	0.01058415905094989	0.03685961309662815	0.01732311287670196	0.9999930934797103	0.01007734526099363	0.01000876414769774	0.01000493733255499	0.01001082277073067	0.9996875134907068	0.01232665223857348	0.01115817734369099	0.01070376074615989	0.6591612812018808	0.1556280997379726	0.01077025854817314	0.1841701787913003	0.01286953964845734	0.0108832387883523	0.01084680392298394	0.0176725351900591	0.9999963023247511	0.9999980232058988	0.01019791889894441	0.01080354015341819	0.01034399854118961	0.01326234959732056	0.01179191522607401	0.03299468311210598	0.01000258195248672	0.01672483127105969	0.01000722006623907	0.01000200476820958	0.2584677406080144	0.7043473881404806	0.3631897557732595	0.0527415768242443	0.05673526940535761	0.06934266467533824	0.06506858877479882	0.07813582340706533	0.04651881247868722	0.1837938695065575	0.1185310013625777	0.01870011011211557	0.0181579055320073	0.1246326184107594	0.1961751083729875	0.1912895042449883	0.01056681970234085	0.01922856967821168	0.01659405434612702	0.01752049493641009	0.09208266280738667	0.04852032671434778	0.02778373580068181	0.0547380739067488	0.04614788172339366	0.04434080400578611	0.1221236641686334	0.02139511089370475	0.06139948006427556	0.09709405047248867	0.02691994897824039	0.02105546477072398	0.01054429277380193	0.03455990807430555	0.3568561286008669	0.1953661562639073	0.04685803047733481	0.01417622352850866	0.1353498302547556	0.03320808173030958	0.01205396341908846	0.01068129140340345	0.01138029913589039	14.46512210304353	-8.674289634650377	1.804589055632907	-10.08582875562897	-29.47917137566645	8.508022255867067	-1.266641584826681	-0.1541973213175575	3.958254835387991	0.02544276613567784	-2.568255199837484	-21.33036643919131	1.954451608104288	-0.663217176888922	0.04792361396362325	0.1260712220407146	0.3145770883618595	-0.225088148602623	0.255668920363619	0.07678757233955542	-49.21666332634167	-1.729964995082652
1.67	0.1679413792268926	0.2844418454350418	0.0116566224008544	0.07586744016626851	0.1232698698970946	0.1587365466798898	0.01875972590815057	0.02414738312568491	0.9987756765304178	0.01004918116333404	0.01000590936906881	0.01000335418776627	0.01073671337231713	0.8089769859073024	0.03343390054536503	0.02497032863110814	0.02359381037695974	0.2755069159268158	0.1315977762484527	0.1602262289210033	0.1021822276570234	0.1484397982697158	0.1537283515938148	0.1021399130940994	0.130913175804579	0.9999965635235383	0.9999981716672879	0.1936841007560478	0.2083910574183337	0.5550504455815977	0.0737138858148892	0.02641520709755528	0.01370027155895589	0.02564070501402648	0.1709892718775184	0.0100046280056025	0.01000134936048418	0.1642036292007704	0.4833453866863381	0.242088488655272	0.0331839104763815	0.05880269879078739	0.03206187165877275	0.03114702848587137	0.0350812437469584	0.04042620138091597	0.07121695664185257	0.09085055049612525	0.189574665437411	0.05963504302680008	0.05162486947705384	0.07526722265775929	0.07300440343115114	0.010161860911478	0.01630350891243697	0.01357865515710635	0.01361504574652432	0.04365396652220405	0.03626500915057984	0.04696037115724323	0.03750587862274326	0.04793129881517022	0.0537530685283699	0.05637727128365132	0.149703813235259	0.1203287856316399	0.1843003802004102	0.08973256559913191	0.1768474002721614	0.1136900658076838	0.1054605515025897	0.1300539497327577	0.0745795475439358	0.02267035743894212	0.09090996854587817	0.3917953599510668	0.01838383875238181	0.01198811279938964	0.01068654035624313	0.01136046576730108	0.08375683657217392	0.0485654107204122	0.1182348975352351	-0.5527784691267357	-0.1576111126273811	-0.1604630244738285	0.8627954217725761	-0.06568634000079629	0.9705984579694076	0.08975465283319681	-0.5024726712289186	-0.06185204356249933	0.1591582046038957	2.559965800483475	-0.2472962386177999	0.7687668265812001	0.06131991635886141	-0.1983306848991942	0.08516638481230653	-1.38922929635138	0.09044390392969566	-0.270551283462148	-0.3003443435681361	0.07098365863088738	-0.1870105791879394	-0.2596480997075771	-0.1287245306305656	0.6427983787917327	0.06688733377265933	-0.6333944076521846	1.166462321648906	1.591408595692452	1.166462321648906	1.591408595692452	0.264154896557949	-0.3197896176988725	0.264154896557949	-0.3197896176988725	0.02615706672526029	-0.6751581369040592	-0.1064400205820381	0.2635134350188489	0.1388990747798093	-0.917347302085062	-0.1054400980831363	1.624195420296168	-0.1255008829961691	-0.7332616915618808	-0.06234243349758777	1.303440731090897	-0.2930819777042493	2.937546607758614	-0.07510769485721486	0.736214932721485	0.5078414641511284	-1.158429059987129	0.5002186473359838	0.8389661755543262	0	0	0	0	1.570792929796003	-5.090125084786965e-05	1.533346520111716	-0.6984510840558188	0	0	0	0	0	0	8.478701015603601e-11	-1.226772105323753e-10	0	0	8.478701015603601e-11	-1.226772105323753e-10	0.3726513853416201	0.8808790338475035	0.2136314440520164	-0.001311319702829847	-0.1166115107546461	-0.00972944447724349	0.06813147495344413	-0.001106129238747001	0.002740082440192249	-0.009093469261358631	-0.001173799973442959	-0.001932733999817934	-0.007831160438512766	0.06785677881150726	-0.00205162337253445	0.002878144025038121	-0.006688699601839663	0.2896732815881805	0.5367181279237407	0.01093719058526383	0.01024231773759236	0.1765844840375911	0.256240605632944	0.0103733549813859	0.02503854858045177	0.9999967908684009	0.01003987200903653	0.01000417830081647	0.0100023343716025	0.01000421562091557	0.2667445653902943	0.047998670827168	0.04215487985433105	0.01711354603419384	0.01016720395789893	0.01068135738261659	0.1739095081006597	0.01043127185031459	0.1962302459262162	0.2368227095261935	0.1609216305277315	0.1681710273903874	0.9999981767023903	0.9999990284566779	0.3300910357975005	0.373720978857101	0.997951561925851	0.1066792328883866	0.01023423577388118	0.01045114476382142	0.01000097215749483	0.2824696084302989	0.01000355361422133	0.01000095265476364	0.1357424944522993	0.4702816469703312	0.2122698394123672	0.02329449286861624	0.06098006331119352	0.011785170926959	0.01145923776113225	0.01259270238812528	0.03293655377136274	0.01132424269988615	0.07240732130444372	0.2523969484581529	0.07789484726496423	0.01341251206451236	0.01117175348786619	0.01022084054265014	0.01005721591600386	0.01487686537448618	0.01188841348644367	0.01128720747860696	0.01547975247452792	0.03165920696957163	0.05283002439571646	0.03183251688990958	0.05115937770330116	0.05636996312619514	0.02276947373802497	0.2143135035598273	0.1363204132732996	0.2039127386213345	0.1060097821696814	0.2352279923590584	0.1552449395189952	0.1302100071180792	0.01095854204336807	0.01214860752561071	0.01005536386936455	0.1297871657113608	0.4657711200347031	0.01037817084701579	0.01208746612380486	0.01073773035765756	0.01144538612975706	28.74604457186151	-0.2599760195583801	-1.425229627133535	15.06297435904952	-10.70301891628337	0.7008984377313955	0.5493870443096792	0.03618683438981233	-1.761097778886312	-0.0203724311423723	0.2004515779714422	-17.55424021219202	1.891630886570007	0.3313991251396499	-0.02447881427026628	-0.05965015603257397	-0.1441723957666443	0.1142127773282627	-0.1330977275000989	0.04605349555954327	-53.21716063828316	-1.676905024731584
1.68	0.2080139072258108	0.327295474993657	0.1306430538098011	0.2477578657856774	0.1226191369521298	0.1683406778686488	0.0307035375632806	0.02195251383809039	0.9992531721354049	0.01004840396716831	0.01000543321902154	0.0100030544842414	0.0102911861496302	0.675144565947007	0.03444635621334939	0.02883604454750523	0.01814209663534785	0.3272604365243059	0.2543381665172085	0.1369257035379362	0.2659931190589972	0.1895972179010229	0.1586366632525426	0.1075740683111628	0.3380057516936005	0.9999969889996821	0.999998397246613	0.2114212852034414	0.2343338062136305	0.6093041923198572	0.07416664690490057	0.1761495230595214	0.1267906621131699	0.01598311528544283	0.1961348910360659	0.01000441135111638	0.0100012419398922	0.1949204096226327	0.5592807822410386	0.2859264400427388	0.03154587524838739	0.05779974224727975	0.02742093498326486	0.02469020781574704	0.03184607535700144	0.03942326044997392	0.0654360690163952	0.09054080760503569	0.1814329759617289	0.05864459704802372	0.04754195378316494	0.06908474914133106	0.06839949360291879	0.01069839816461258	0.01578336890460855	0.01297734609659251	0.01301887818637815	0.03421758056909933	0.03414049135170161	0.04515428328290523	0.03613767066903063	0.04864078543421464	0.05329551815472785	0.05560016823625259	0.1516738817767057	0.1172979829909365	0.1794307041862895	0.08447981123278459	0.1717306288920444	0.1099349468265503	0.1045945256160837	0.124032721610882	0.07043431716754668	0.02041224304869225	0.09156141625257291	0.3662977408481237	0.01677012962175348	0.01192893767253637	0.01067026109418382	0.01132293047330555	0.08398020421298592	-0.003956101987630816	0.1123890015770659	-0.6150362639137318	-0.1589289247982291	-0.1038252294665293	0.862108287894313	-0.07142071631236918	0.9714744315119002	0.08528223120599504	-0.5030657117114479	-0.05687179064401889	0.1842553398280124	2.458709099757032	-0.2392993865755504	0.8270676547999261	0.05806516332371465	-0.4488609475334649	0.07169354559122211	-1.305281919190463	0.08729702717520212	-0.3573656167048526	-0.2993200927669081	0.1333044390646268	-0.1894599493415573	-0.2301000931442314	-0.1218490297734931	0.7310584717370697	0.06056540130239651	-0.6317351337973345	1.17930509216807	0.9761746347762078	1.17930509216807	0.9761746347762078	0.2612484362791176	-0.2611245893104183	0.2612484362791176	-0.2611245893104183	0.01907592735125093	-0.7405903472645632	-0.104134017113943	0.1980095534056784	0.129658433357468	-0.9291918160310793	-0.0888027466956729	1.69965798974957	-0.1328303604554474	-0.7312091735656167	-0.04975237676963179	1.210776061025683	-0.2628943291682642	3.07054530976728	-0.06789496319839571	0.7090398435103832	0.4970900865376778	-0.9917717579268499	0.508171851487351	0.7547014883761609	0	0	0	0	1.57079225119194	-8.594822236649615e-05	1.526469264470003	-0.6723516002174341	0	0	0	0	0	0	9.337341653628476e-11	-1.655529057841344e-08	0	0	9.337341653628476e-11	-1.655529057841344e-08	0.215437827421195	0.8489623550492645	0.1892880831194612	0.002782193091587297	-0.1122741187629525	-0.009312690212528127	0.06785509246789186	-0.001096727791819205	0.002630964897224842	-0.00912273878285071	-0.004377707383601477	-0.002406160966004096	-0.00844503902069931	0.06715521689558801	-0.001929595132596937	0.00283491725209657	-0.006568800984317964	0.1046759697300707	0.0113229742195838	0.4723533725799233	0.998288208345652	0.01161880662856665	0.0104164478296737	0.07651142687547596	0.01342714516101435	0.9999939585959305	0.01006853172341403	0.0100076166688662	0.01000426394917708	0.01000779209519852	0.8934550506008467	0.01018548864620943	0.01009971230727946	0.01020494498270524	0.9998420468447475	0.8702817546963024	0.01022846087321123	0.9992409729363396	0.2095809721079936	0.01041059083860723	0.01055489668326424	0.991804387839504	0.9999965249433908	0.9999981464489747	0.01007812562135211	0.01068517247832248	0.01024789445292443	0.01058784149311425	0.6531587136439092	0.4572704442913115	0.01000193435728038	0.06312798724610544	0.0100062239662165	0.01000174654447095	0.3633010649180116	0.9677031363053811	0.5218677759951622	0.04726553876756932	0.05163689401385693	0.05544384470770899	0.04649736670667319	0.06803692035478739	0.04903675963918636	0.1656521679243426	0.1235725008991866	0.0180216990879629	0.01806717060472064	0.1117092264298103	0.1762380448707111	0.1773769015343575	0.01218402467759324	0.01746908124842005	0.01486471800955717	0.01605913603683425	0.06407256513318203	0.03924359376363538	0.02668077260886446	0.04614470040030119	0.04543709522702671	0.04560521860191704	0.1199017898794606	0.02695650363618477	0.06916420369150758	0.1120952253171468	0.02944208355667171	0.0283508756913763	0.01059240413516149	0.04654701997561069	0.33507480207225	0.1811193618985117	0.03990193381663502	0.01526000284775699	0.09150862345821698	0.02860607792178982	0.01168644488928871	0.01056430805013473	0.01113295128500945	12.36753995006371	2.474517856432738	3.810676578691506	8.250224520017674	-6.414792323500491	-1.746491707128071	-0.8935057381364798	-0.02714056583257233	2.79887162913741	0.04288180809180916	-1.564272439105639	-23.058701344849	1.877282004633833	-0.634580899327266	0.03322783457988736	0.08419963054495355	0.2997033066581651	-0.1474943499645143	0.1953700808473569	0.06524189274145301	-60.26204848566098	-1.647854231336981
1.69	0.1941063256155644	0.3901201173486739	0.1569143061456047	0.3133804336324388	0.07407426397457575	0.2760926493268221	0.03386592127805424	0.02708379042432449	0.999546412634556	0.01004754420323577	0.01000530617989464	0.01000296975638621	0.01010346977455046	0.5418447869083945	0.03097105581203714	0.04251625923859541	0.01325191844302593	0.3412073064979134	0.292444372815807	0.1497446028486042	0.3166224539593209	0.1236885667606024	0.2147546019999527	0.1666181788403891	0.3964890203946411	0.9999972526696144	0.9999985373793501	0.4126776921877777	0.389212166155491	0.6359431934791643	0.2051481850921764	0.2158725604423734	0.15370792878281	0.01208344816284777	0.2156054700809953	0.01000429691940937	0.01000121304262399	0.2127087243828279	0.6178478862149714	0.3201698203195606	0.03135228080514998	0.05508284315684961	0.02699413153315687	0.02392058032205725	0.03166883253891332	0.03632046839835112	0.06445492766629446	0.08789272089096578	0.1725550292771776	0.05733822082325259	0.04742459034183644	0.06814645719029411	0.06683188907569231	0.01063699477956819	0.01564559723393167	0.01297102175736365	0.01289844984278823	0.03662180729243002	0.03557375008810539	0.04084741669805869	0.04081239243144429	0.05015746099048337	0.05165894844666017	0.05578145199975179	0.1482270419793643	0.1091846593244894	0.1666665021316118	0.07425251209889742	0.1595457536815183	0.1031393103809201	0.09697916246730853	0.1229814399081832	0.07045002373714482	0.02050970675455493	0.08902001296792961	0.3510553944578847	0.01673611877036466	0.01207437110065618	0.01072183230509953	0.011425374002445	0.08368550272337304	-0.05415310219621391	0.1059621777238057	-0.6689070930591207	-0.1597022395530017	-0.05149750609120047	0.861373011989888	-0.07535673333904309	0.9723009519874218	0.07986678434547803	-0.5036122778720469	-0.0525437202530972	0.2083078149612392	2.350049929182801	-0.2308238055872244	0.8647420786565414	0.05241822905678356	-0.6768367226367034	0.05904886708756466	-1.22485251626496	0.08332797805616103	-0.4347895906733951	-0.2976927300803879	0.1913635599948198	-0.1916205776516393	-0.2029284928004196	-0.1141302100594807	0.8112695319570078	0.05423135988684114	-0.6364298627929417	1.185972943886483	0.3570005707290781	1.185972943886483	0.3570005707290781	0.258931732563865	-0.2026030081057014	0.258931732563865	-0.2026030081057014	0.01136906057229765	-0.7989391748317604	-0.1024706460382611	0.1352561690093825	0.1203527017457885	-0.9298369343775732	-0.07152150716188815	1.752849246783454	-0.1400977185064317	-0.720979898678367	-0.03820219371358273	1.095652613527134	-0.232210836116461	3.041855033307431	-0.06087549665233777	0.6972586833377261	0.4879890022443959	-0.8302041506262207	0.5153820664118357	0.6911509968984202	0	0	0	0	1.570791191841024	-0.0001263432821399738	1.519983423607436	-0.621177847779971	0	0	0	0	0	0	1.228910074364312e-11	2.374210630053621e-09	0	0	1.228910074364312e-11	2.374210630053621e-09	0.06765892155060284	0.820888135470912	0.1547746165347671	0.01143767978708438	-0.1076409729673347	-0.009104239236162029	0.06811164347626202	-0.001113653990087151	0.002439314388326349	-0.009144215811078039	-0.005317082184368761	0.00109202912830538	-0.008115004145312113	0.0673514944706283	-0.001792880080209536	0.003030108298473211	-0.006567173413595461	0.2339515122756799	0.7145098928870084	0.01036109415071261	0.01017317341767807	0.05590651248970124	0.588027019267629	0.01015093049336506	0.03838003047954994	0.9999971841634864	0.01003572573405307	0.0100040244669254	0.01000223902698464	0.01000393268758227	0.05513042853913176	0.03825126002487365	0.07132942718815237	0.01091496621507465	0.01007971089521911	0.01025556386154378	0.235986539535757	0.01024172287134277	0.01135393210800449	0.4019114878852879	0.3255011471283951	0.1356812527329926	0.99999824524894	0.9999990674868133	0.9996695268328238	0.8711282257020134	0.999710134591158	0.4912524453255718	0.01010363079455061	0.0102083066467844	0.010000891563044	0.326859220491615	0.0100031695671326	0.01000091763843469	0.153836987789506	0.5521514906122068	0.2656230267962205	0.02306265152230233	0.05446611115660811	0.0119769784791946	0.01170371686901249	0.0127624910365313	0.02726815761617555	0.01136405433412024	0.06615821717374035	0.2355807051320243	0.07557294502535671	0.01418059401195639	0.01137158875625605	0.01022182198474211	0.01009062707830599	0.01468523750444601	0.01204654166430786	0.01130296164254871	0.02411005292849239	0.03494066380907445	0.04419137927018119	0.04211015867189887	0.05393796820489626	0.05317932719701725	0.02261362660134966	0.2043504838451001	0.1203670592821395	0.177955639549328	0.08577561976968973	0.2078528233878186	0.1406777682988243	0.1135501888153613	0.01102824015908657	0.01243256100499606	0.01006166836793486	0.1228555077348715	0.4473872844519456	0.01043972858140875	0.01239727046136225	0.01084626827122304	0.01166203447488391	9.150361155388147	-1.100929396640672	-3.673739801128859	14.23853789401351	0.4097569291205002	1.619990912932917	0.3135060685737695	-0.003640757478179874	-0.6858668664219204	-0.03667364483606118	-0.1481026052743927	-20.79532084787927	1.902321214371104	0.3188890330722409	-0.01768823786033211	-0.04102092251017821	-0.1359819595922691	0.07444155556931301	-0.1035870380960203	0.04361374615821262	-64.19839568944555	-1.599196183380579
1.7	0.2333306726439386	0.4740023469581042	0.1433238617708836	0.3044262004469016	0.07220085085862046	0.3424818938829202	0.01609811201161189	0.02919384863837064	0.9997225398702161	0.01004457818344609	0.0100051546465911	0.01000287164684068	0.01004366458679081	0.3961136102708424	0.02977516440937813	0.04774958375267838	0.01201696101403951	0.3453221722244797	0.2505566002992636	0.1567505645685325	0.3283537724759663	0.1196852339789018	0.2478408401806808	0.1990174069417914	0.3390246897579661	0.9999974554223133	0.999998646132953	0.5427981598958724	0.4900628371780035	0.6534131612270981	0.2780365034695017	0.1821962693459248	0.1285264272167997	0.0108128594391733	0.2447755565091449	0.01000395374279635	0.01000117904475962	0.2054791010759908	0.6349723770504817	0.3248820738815002	0.03068221392567348	0.05496842983466121	0.02528993422480061	0.02256811940919276	0.02968309789399032	0.03525312889015657	0.06048581485113654	0.08296060138135909	0.1676325670794213	0.0568286299159932	0.04460223880112269	0.06357852988089893	0.06908399392950197	0.01175620037241946	0.01585440855154401	0.01308246220821339	0.01319149043160541	0.03450383071010679	0.03590985148082119	0.04013362856493025	0.04188798924754065	0.05076146041065539	0.05118093977596719	0.05213359130028219	0.1496244642176583	0.1081495887466631	0.1648633536218938	0.0706401906777907	0.1554640902715606	0.09986010206349163	0.09438390580427111	0.1155769982693373	0.06358173767716128	0.0173002256299827	0.08853086049707751	0.3369965165150296	0.01540237691419679	0.01217772279800859	0.01075932482630016	0.0114976163979619	0.08292173353689986	-0.09701620722075797	0.09903945731202168	-0.7142011477976262	-0.1599685940911232	-0.002026733273252597	0.8606061592703252	-0.07779446636114418	0.9730687472061496	0.07354541102470437	-0.5041185096908668	-0.04879213902154755	0.2312115202548304	2.227976920389294	-0.2220666469782724	0.8838180334957946	0.04459785316940353	-0.8840541536452783	0.04716239605432499	-1.154570373461924	0.07863533259928573	-0.502004902737727	-0.295508340212927	0.2448310014392409	-0.1935452180980913	-0.1836979753682135	-0.1056543009687959	0.8822727056040303	0.04780540434668621	-0.6504688401385723	1.186440243465273	-0.26367971130237	1.186440243465273	-0.26367971130237	0.2571833847604807	-0.1479175872174216	0.2571833847604807	-0.1479175872174216	0.00314473080773313	-0.8431096553503105	-0.1014144629866028	0.07683316075645982	0.11110692395188	-0.9170056740182674	-0.05381767603951024	1.78457364172779	-0.147226896241674	-0.7038628175902277	-0.02790394744626075	0.9613069025926987	-0.2024849082374611	2.884926932368358	-0.05390557879552357	0.6987269783850664	0.480433813960632	-0.6842358109032007	0.5220745625576891	0.6513932282176	0	0	0	0	1.57078974041828	-0.0001614568771578479	1.514104432934307	-0.5524685788586223	0	0	0	0	0	0	2.233643429464879e-11	9.051294308343045e-10	0	0	2.233643429464879e-11	9.051294308343045e-10	-0.0462282648648597	0.787555897083608	0.1276838642398777	0.02418773949924377	-0.1031616837824715	-0.009003017050734575	0.06876722440367476	-0.001139496161985653	0.002192853972085788	-0.009131671122288977	-0.00475013766258919	0.009219039980202069	-0.006695157193571236	0.06844450692376836	-0.001652606688478583	0.003483253977094694	-0.006675583561700531	0.2802540564867191	0.1999826347040811	0.3956242617927133	0.8891137365251373	0.07609684262350057	0.01164767838279834	0.01942106908558887	0.01438666505883601	0.9999948734163523	0.01006063621209148	0.01000729077391256	0.0100040552589038	0.01000759567346456	0.5452329598035287	0.01042045681787248	0.01023577943436237	0.01130374431696774	0.999676132406603	0.6436444041945182	0.01056142111502787	0.996251319798274	0.286270109739177	0.01124624323074516	0.01186342541691532	0.6405316477311156	0.9999967476970898	0.9999982698187783	0.01024991180136618	0.01356600309687067	0.01071734785551428	0.01160301228718796	0.4765747874094485	0.3363075556341732	0.01000173301719927	0.1320757662805667	0.01000532443853022	0.01000167379537278	0.3081017888918237	0.9017417308474931	0.4785419875128274	0.04540392057907017	0.05443560309297342	0.05061849399467523	0.04310583654271562	0.06204387939303983	0.04894803761053024	0.1532728340846385	0.1103353825602535	0.01817873840973479	0.01813944388081206	0.1027301971167044	0.1617051694137509	0.1865115082959377	0.0155357939349057	0.018219708499243	0.01519954985707585	0.01703785900798833	0.05514407563445903	0.03877800253681905	0.02935370480337507	0.04452798804385371	0.04559916512960475	0.0459965947163781	0.1078612835142966	0.03795111721412429	0.07780223510700081	0.1279423619615868	0.03191645682595075	0.03697001985590997	0.0107397791302591	0.04921557707377356	0.3086453778984943	0.1578972340623072	0.03015194750751868	0.01745502933146019	0.07279116021763607	0.02465726680898712	0.01185332442642833	0.01062609589616235	0.01124898242744359	14.37470231080354	-3.72039199502253	-2.636426218468148	27.14737206393913	12.23380288714919	5.433069405768419	-0.3328239460502516	0.01598824929593401	0.3729198601279784	0.07813524629329346	-1.378896682842354	-21.23091480098506	1.958825723158727	-0.6135045461204173	0.02039578485083115	0.0569234100464967	0.281844443302705	-0.0744627543462177	0.1459924419656802	0.05814818777667199	-62.82882128308122	-1.579525566105757
1.71	0.1775138404954617	0.3382300391981503	0.1495724636880016	0.3294854836474371	0.04824665215646528	0.2285674304041839	0.01273992982035789	0.02882244369673847	0.9998307544137754	0.01004131469738907	0.01000492980735282	0.01000274102109276	0.01001843648089846	0.3565562568804344	0.01808863194491931	0.02422233869020328	0.01036493821604361	0.352652449435523	0.2510937845394067	0.07983802275887586	0.3604700519639715	0.1159931555380881	0.1530485803377716	0.1185792807112684	0.3215926984874548	0.9999976134788066	0.9999987310236222	0.4341912552830625	0.355209285720186	0.5681604876977289	0.1931468700206957	0.1902949345547625	0.1315024504124513	0.01028033649614109	0.1780600040509201	0.01000362381984324	0.01000112890591376	0.216578914213452	0.663654285182487	0.3431851091940715	0.03014363119205809	0.04968241480246577	0.0252377864954645	0.02247568952541976	0.0296380390381967	0.03326357951455772	0.05988435386022208	0.07992894797053365	0.1623155961086774	0.05617456777362317	0.04467369208163184	0.06293643450982689	0.06884241101906011	0.01200651020168503	0.0156699130213473	0.01305344931302085	0.01311669462385362	0.03998552473181478	0.03614931215186885	0.03619846451918669	0.04512798354947153	0.05131264623815915	0.04967140711811738	0.05175726723384079	0.1427878952843162	0.1029542348411538	0.1562996996792024	0.06227064445645576	0.1431788213839367	0.09330265544965957	0.08774145787746629	0.1138007381939016	0.06300661452263784	0.0171019900298811	0.0846195854654406	0.3297779879669599	0.01536998689579804	0.01234684488517965	0.01081944889172756	0.01161688617483672	0.08178235535745115	-0.1287865926124276	0.09170705499300452	-0.7508195794336531	-0.1597418042353423	0.04776555924843075	0.8598207961251206	-0.07913211273059682	0.9737689859964299	0.06636061796398619	-0.5045897452102209	-0.04552659851187722	0.2528052584217221	2.087348438757707	-0.2131995202488451	0.8872852643206219	0.0347935978584664	-1.074365679252411	0.03590917170555174	-1.098679742951412	0.07332265432104766	-0.5588011506860285	-0.2928063615187327	0.2952610240179026	-0.1953332598225474	-0.1759899841372536	-0.09652007570065868	0.9426655846595463	0.04118783659568739	-0.6746504729587678	1.180697686179955	-0.8848761882900997	1.180697686179955	-0.8848761882900997	0.2559540859572679	-0.0989678608620785	0.2559540859572679	-0.0989678608620785	-0.005431377484743237	-0.8688736980591126	-0.1009142286996278	0.02433892943693319	0.1020565255986876	-0.8911164983590056	-0.03588875036490678	1.798774929131045	-0.1541592022816334	-0.6820387451472727	-0.01901386298180334	0.8157861919920805	-0.1748209419994007	2.635336967524642	-0.04686533209901094	0.7108793491397107	0.4742226677830174	-0.5626598927545194	0.5284885937592726	0.6351235703004938	0	0	0	0	1.570788048042058	-0.0001713674245996622	1.508959514029603	-0.4761612578786854	0	0	0	0	0	0	3.39085038107705e-11	6.07921312825578e-10	0	0	3.39085038107705e-11	6.07921312825578e-10	-0.1011436396745466	0.7393707574013006	0.1288174427030596	0.04039632417766077	-0.0994909474688376	-0.009000170845035078	0.06968233578039774	-0.001167050246572781	0.001903422260129721	-0.009070248106572799	-0.004405089793847066	0.02114016864940556	-0.00427820667307961	0.07011998937506994	-0.001519225795114717	0.004149918457832503	-0.006862288348396819	0.04051724131174016	0.1496428235370074	0.01111481707899276	0.01061645326135506	0.01557229507323607	0.1437693395642154	0.01050373546033626	0.03586468474555292	0.9999976729465533	0.01002825721795497	0.01000354025000818	0.01000196257761912	0.01000416665133356	0.1683962267417779	0.0130982348312759	0.01147995073791571	0.01541417863384391	0.01032432255296753	0.01091197356895984	0.02377697238342687	0.01103793852724066	0.01317276829810809	0.08569463680224876	0.0652891705616583	0.08694739425049383	0.9999984342248001	0.9999991701619521	0.4139764540090869	0.2569110906289189	0.6504571021270286	0.1491364354344063	0.01035167210014321	0.01065300982600608	0.01000081436906144	0.09805762494814538	0.01000242887488409	0.01000081006594575	0.1759167201045917	0.5800360971649139	0.2911560651128885	0.02202191917208286	0.04302482276267242	0.01218025846234024	0.01193097918476942	0.01295601424121398	0.02376049503574565	0.0113583833573859	0.0605258507983004	0.225719785710443	0.07446044331408	0.01494244141724237	0.01154248872080231	0.01028224552738952	0.01010382926065985	0.01433591336463652	0.01200866554519652	0.0112158642058398	0.03687685661023597	0.03523807197098184	0.03649444798185274	0.04837483156938542	0.05477358375039443	0.05017757344365335	0.022285408837555	0.1871012659665265	0.1104245380992904	0.1608624196238503	0.06911607366475696	0.1803419958624923	0.1265077135926564	0.09967379094172701	0.01102885723001039	0.0126795972431632	0.01006518357225348	0.1138717538823598	0.4412620656367984	0.0104896967918337	0.01275090212729901	0.01097180940850993	0.01191113372672018	-0.09448597382868966	3.146110092594546	-0.7122600322727751	16.32649952451496	6.628221612643068	-2.217145278049101	0.1362603263315612	0.0001873859350323323	0.07419297173699391	-0.04872157827545356	-0.4704365564329256	-24.76338979083531	2.039816625889461	0.3093244582396099	-0.01150470210648548	-0.02792017098486969	-0.1288322690610997	0.03765149634882951	-0.079869517375233	0.04339295905557582	-61.2466314849351	-1.533325288327962
1.72	0.1161095347919118	0.2476418454819459	0.09622723901526033	0.1981793517587883	0.05183652554472953	0.1604106002129188	0.02711384112642078	0.02933104037380942	0.9998958523185094	0.01003681130375072	0.01000472271548918	0.01000262129015079	0.01001081652131989	0.2768430666302372	0.0181736710580423	0.02021943131010342	0.03805465738156513	0.3316890807435211	0.1549388273657699	0.04381706894732768	0.2361122927928389	0.0745344994409891	0.1011171195246351	0.07817191801423432	0.2059904216620619	0.9999977569631039	0.9999988085327606	0.3625752596063737	0.2681732962985867	0.5128987771148169	0.1436694192060009	0.0750304028967871	0.07291659341414879	0.01011046311149512	0.1205830683831266	0.01000316321349703	0.01000108366612923	0.1948508264325196	0.6291547903947388	0.3184937554122285	0.02986024507199806	0.05004579144393372	0.02409358404826939	0.02193331729315787	0.02814996123009575	0.03275997378184012	0.05687188524510464	0.0748023466913212	0.1595525461643038	0.0559515498456218	0.04262628548417691	0.05965308002463453	0.07360931581329218	0.01071069560604456	0.01597396215712545	0.01325593249902651	0.01358497321060118	0.0409337548563484	0.03698836877075994	0.03629071451151101	0.04635497030762566	0.05185649392408436	0.04939480499034133	0.04828844551641531	0.144488413587106	0.1034937824999012	0.1570763352449701	0.05968923955242925	0.1405350900545063	0.09026072052634133	0.08518470053289692	0.1086821413558024	0.05620725055646596	0.01564197814472946	0.08406452403771107	0.3233704649457342	0.01452121655523119	0.01249660856262568	0.01087313188053935	0.01172121904500933	0.08038983843799082	-0.1474712469834679	0.08405276975577322	-0.7785196472695697	-0.158998656859164	0.1019386113230901	0.859025691011753	-0.07981486518776369	0.9743931244132032	0.05832390353187283	-0.5050302429265667	-0.04262030148220558	0.2728862269520536	1.925134255478578	-0.2043615676685787	0.8785647970805366	0.02315108894151048	-1.252499072516031	0.02513559978592471	-1.058665577648464	0.06749344031962808	-0.6053643779989821	-0.2896043705245823	0.3453204668905916	-0.1971065227830852	-0.1806354397650337	-0.08684227137586871	0.9906699544590891	0.0342851907368702	-0.7069182816825058	1.16874248725799	-1.506134143400681	1.16874248725799	-1.506134143400681	0.2551835913611785	-0.05611682027103791	0.2551835913611785	-0.05611682027103791	-0.01416853426221908	-0.8754826529606851	-0.1009024032477371	-0.02057262080605658	0.09331537909353524	-0.8560912188097696	-0.01787894096191459	1.801975062852603	-0.1608615557885829	-0.6583866580898269	-0.01158314048788136	0.6718848061807086	-0.1499742411084225	2.326766909335376	-0.03966130865970759	0.7310420507443275	0.4690787114094206	-0.4715458066223306	0.5348438466622646	0.6388215476568243	0	0	0	0	1.570786431414204	-0.0001465881144229291	1.504569444571116	-0.4033711669293264	0	0	0	0	0	0	3.834576367163042e-11	2.153624307267424e-10	0	0	3.834576367163042e-11	2.153624307267424e-10	-0.07930791568889499	0.6706741000362686	0.1746163147387093	0.05935142669966301	-0.09744393715772284	-0.009187606611791179	0.07078039854404586	-0.0012026579493982	0.00156471508424461	-0.008968874352645687	-0.006433733788458861	0.03460497277059588	-0.001189257547821197	0.07178685056026926	-0.001400664157742634	0.004928921889489812	-0.007068156342684658	0.1421098783927505	0.1558305550237634	0.1931613917515579	0.302703969714506	0.1139941929400191	0.0160981135657021	0.06613417698539843	0.01630627927190892	0.9999957193164033	0.01005047341482036	0.01000689312705983	0.01000382594930029	0.01000876890786194	0.2903595104261246	0.02259872667524273	0.02385308637200555	0.09766651608253246	0.8936639702982341	0.2589703036275937	0.01248844326292536	0.4121008016863452	0.1446145902406865	0.01430792134539812	0.01703848647083025	0.198348002760277	0.9999969909490963	0.9999984026924619	0.0109644219604558	0.01636165085562825	0.01417755567167891	0.01304129639575574	0.04902718995036152	0.1257372835167163	0.01000164344737424	0.0492475718767253	0.01000428143687629	0.01000158788115752	0.2068163213611587	0.657721728251192	0.3369322969002325	0.04506970133295006	0.06151037761853459	0.04717324677782482	0.0415468875498563	0.05749298532328385	0.0494026135124199	0.1438234102903453	0.09706242586591667	0.01872367019448732	0.01826951830516323	0.0961100409423381	0.1513284048184582	0.2030891220058843	0.01148908902668165	0.01929764464312572	0.01582469625180902	0.01849308581883079	0.05247149573856043	0.04109980762168981	0.03390951083623049	0.04478019232877081	0.04666607518378892	0.04684832181393882	0.09705860241276495	0.05576248341374674	0.08702950772571817	0.144892634072847	0.03447161867254205	0.04957863359206934	0.01098254026314749	0.05021376125113202	0.2916380618814819	0.1358437433818052	0.02597315658099351	0.02134772570299198	0.06503307769373375	0.02216275637686762	0.01213430990019323	0.01072739285663638	0.0114434595456438	1.867570012789982	7.121205341850158	-1.542297989709656	19.06894993655878	7.584111720133854	-6.599075720302278	-0.2023894460284873	-0.007948801965870205	-0.3648382932748763	0.09883452255240838	-1.482371275881908	-24.77970769691995	2.138650865107901	-0.5980013565106707	0.009042226046826285	0.03699045110752588	0.2660587087634087	-0.004021732583130773	0.1047780851792184	0.0546502013672032	-53.68851497032422	-1.516861391117442
1.73	0.08243022688900348	0.1557289095361593	0.08305157685299421	0.1501044180504814	0.04892600381327516	0.08457301573887521	0.02872267036945669	0.02128005201887567	0.999935871605745	0.01003405181454873	0.01000458842973509	0.01000254626027733	0.01000762585529513	0.2154194687919134	0.01249856459018793	0.01173213069022474	0.03602450629677806	0.3307988052503676	0.1215164977246831	0.04072633639317257	0.1911294218555873	0.09115175779530403	0.1019036510995823	0.03880688399796702	0.2264975252644126	0.9999978633747331	0.9999988660034604	0.2895152474451543	0.2404162672336385	0.5127251382861997	0.1350036841840435	0.04353206057842934	0.05964476090975322	0.01003865998133519	0.1709794185061312	0.01000288624645111	0.01000105435040763	0.1998459374759604	0.6256900477128361	0.3173387712059469	0.02944181467913237	0.0455531646037682	0.0239246529490122	0.02180877182443448	0.02795232519357784	0.03126811714161599	0.05667596882182042	0.07182477353394676	0.1561401744929281	0.05548023888691019	0.04287157986276806	0.05931180667209957	0.07327644445412884	0.01060853506272832	0.01595980497922554	0.01329682245265185	0.01350267496060459	0.04703816277788768	0.0369824726545807	0.03343783222691069	0.04863385532348187	0.051597295854757	0.04778611417344612	0.04776433748228807	0.1358147712249159	0.1003307561775325	0.1518098149687279	0.05253048703478359	0.1273391794729529	0.08380582105974535	0.07904116366334087	0.1078979123066012	0.05569511221141411	0.01574819426775193	0.07962132196242787	0.3214294396824557	0.01454641302890992	0.01270235603808231	0.01094669900736206	0.01186734991259876	0.07887687488626344	-0.1530444904061721	0.07616781352884464	-0.7968733767230479	-0.1576754113806737	0.164358117393325	0.858225436341255	-0.080209860456967	0.9749325338018016	0.04940691854178385	-0.5054428186172599	-0.03991363921207051	0.2912347741954634	1.741077561633905	-0.1956572762422611	0.8611275236783673	0.009769563610690453	-1.422795754031303	0.01468617145216177	-1.033482506763166	0.06124815838635511	-0.6420974004323082	-0.2858917045336481	0.3978289007048043	-0.1989806550367917	-0.1956081647108261	-0.07675414981691782	1.024456044223305	0.02703596179550291	-0.7432717297158391	1.150577007143366	-2.126759328478349	1.150577007143366	-2.126759328478349	0.2548134038762097	-0.0187565201621223	0.2548134038762097	-0.0187565201621223	-0.02288460112749683	-0.8651998918892049	-0.1012950466306567	-0.05630085690240562	0.08494312241619774	-0.8185343668044629	0.0001382200796905363	1.801325671030021	-0.1673311183407609	-0.6359754083973488	-0.00551974811572678	0.5448208017123799	-0.1283845812833281	1.98829860088095	-0.03222623766719312	0.7566914490383961	0.4646801941417453	-0.4138092146667289	0.541312918658441	0.6569053732431719	0	0	0	0	1.570785196137926	-9.807067776170046e-05	1.500844275448981	-0.3448621397577663	0	0	0	0	0	0	3.929014422031433e-11	4.20539311819867e-11	0	0	3.929014422031433e-11	4.20539311819867e-11	0.01574603379741893	0.5836675529740882	0.2640791923418831	0.07984287818929994	-0.09764518318988322	-0.009687802537450651	0.07198940442627202	-0.001261085263541084	0.001167541400282671	-0.008849954192414137	-0.01228454776072349	0.04672354686604992	0.002122717367099336	0.07279017313539367	-0.001300600406573922	0.005698431467711882	-0.007216616158777288	0.01395241623061924	0.02985757788708053	0.01064490254421597	0.01044433296640239	0.01121973740888697	0.02863102763902596	0.01022295814203548	0.01702051096704411	0.9999980639552969	0.01002286363834837	0.01000328620253976	0.01000182339970724	0.01000451651371066	0.08164138754131212	0.01098804374542553	0.01042018141020901	0.0102906871592719	0.0111397053864957	0.01327098777097387	0.05546039920872738	0.01347888031127774	0.08026650438898088	0.1476564590212943	0.01240636300636541	0.2611223965335515	0.999998570943106	0.9999992441608564	0.2928401455665442	0.303506585667693	0.7599702064761874	0.1836656927464167	0.01016317438846318	0.01037087596304919	0.01000085131365973	0.3055946985488507	0.01000189451065462	0.01000075500247692	0.2000481571505707	0.5916927087957466	0.299416379833292	0.02134348129536588	0.03378485716168601	0.01243238623497581	0.01222161385710954	0.01317293281223849	0.02107105306095565	0.01142160418271748	0.05465178243279344	0.21914236025838	0.07355306778337706	0.01582362368232296	0.01171752005645765	0.01028808729335129	0.01010705658065156	0.01436435540249776	0.01212846596151531	0.01120098707667823	0.04952398735886059	0.03481243395840316	0.03070007592856294	0.05261608249048041	0.05371116345152718	0.04654337640726873	0.02164286659750859	0.1645800603087622	0.1043672509879144	0.1502755828816209	0.05423120379867079	0.1491320049723856	0.1126218129221131	0.08629943862673171	0.01107899158853818	0.01303558011936494	0.01006771373049628	0.1040339059207704	0.4442650802785538	0.01053473618851146	0.01322272682647516	0.01114016694885928	0.0122450042290472	5.465192304719475	-0.05221846435493178	2.069090995788046	20.45675766314733	6.4127962544175	0.313948001197729	0.08591927342216842	0.01419251807873451	0.2523057697618518	-0.05558311775327589	-0.7212962843810874	-27.68443526558625	2.248665374957538	0.3024945678528548	-0.006047668478511755	-0.01862717796552105	-0.1230448726998277	0.002199654154424894	-0.06025517758678892	0.04283386381639007	-49.34585329972528	-1.472398781163609
1.74	0.05426420365078925	0.1051267249728819	0.06333578993980774	0.1124168134961129	0.0387785995647276	0.0494955943226352	0.02534900464965105	0.01870746227378517	0.999960026867128	0.01002980789198592	0.01000436118434662	0.0100024222945945	0.0100064642099466	0.1639195561970903	0.04363867706547785	0.05609610636925426	0.06226941748907065	0.2769600018956806	0.09979687677769591	0.05325531097650153	0.147888724416149	0.09643566408773925	0.1073225719660166	0.02597760443014277	0.2102138109415441	0.9999979804393256	0.9999989291244546	0.2435070064969629	0.2234254166624876	0.5264106424028482	0.1306997479333848	0.0275638230850295	0.04019471297383027	0.01001588082555928	0.2136711387383342	0.01000247959948944	0.0100010053072065	0.1929448606555849	0.6014962159308885	0.3010835375636146	0.02961729971265294	0.04490852691425425	0.02507864257521623	0.02340169048968578	0.02870752418508591	0.03132207309749402	0.05280780840210132	0.0649087298493787	0.1546889277946847	0.05537497682813635	0.04123642116090516	0.05641667956240662	0.08473156181512044	0.01065488215406713	0.01630404511267046	0.01357105112919073	0.01454367572563318	0.04813381203092267	0.0365728568622443	0.03237509051882066	0.0492972287495212	0.05109827565325243	0.04632705341215718	0.04430662753583293	0.1325291022219862	0.1020865897558566	0.1545823661007706	0.04830040247547481	0.1209355092277767	0.08096714801883492	0.07446846992755252	0.1004909529026995	0.04908794671993334	0.01315172452212093	0.07897363088012878	0.3231795241582646	0.01365609040811531	0.01306846628603606	0.01107701973984393	0.0121206315774811	0.07736588828672052	-0.1476032911143777	0.06814799692957908	-0.8054231469290136	-0.1556747197477228	0.2377524280111692	0.8574218025436972	-0.08050632756072064	0.9753781185234508	0.03954575193600086	-0.5058285920301523	-0.03722989500478748	0.307644444814498	1.538131942509	-0.1871566145929472	0.8384081401950805	-0.005288329499920414	-1.588063215755001	0.004427333564794014	-1.019819259122595	0.05468220594557752	-0.6696250003564528	-0.2816324778756352	0.4548879834174871	-0.2010387833429551	-0.216562010203204	-0.06640454713425033	1.042862343278293	0.01941691078556912	-0.780585717505598	1.126214757826629	-2.745086547713707	1.126214757826629	-2.745086547713707	0.254793597440148	0.01414839417229584	0.254793597440148	0.01414839417229584	-0.03142761984148162	-0.8414173818874666	-0.1019931586892154	-0.08146524774169797	0.0769312515519337	-0.7849090105011757	0.01815067257921613	1.80144902504193	-0.1735941773099141	-0.6174679319724322	-0.00058771127859603	0.4472095604880394	-0.1102302344448104	1.643037372957369	-0.02451665544385542	0.7855971951654225	0.4606902154099382	-0.3897022911754311	0.5480125838575536	0.6842724382669122	0	0	0	0	1.570784487268633	-4.417018081364391e-05	1.497594550076653	-0.3095478163772412	0	0	0	0	0	0	3.978645679294756e-11	7.940731009252377e-11	0	0	3.978645679294756e-11	7.940731009252377e-11	0.1532535307173414	0.4880560890666508	0.3733112914660867	0.09991334507915656	-0.09998172693939997	-0.01052325849421548	0.07319261601143642	-0.001352844534202854	0.0007284113055077974	-0.008732828209493459	-0.02153615973368882	0.05529473479904584	0.005237183814884539	0.07282159438437998	-0.001223879478467433	0.006366351457179208	-0.007257481284186639	0.08905683679618183	0.1292185916517722	0.1400266833052933	0.2283995830347093	0.08428905112726207	0.01965439935673861	0.05426359612557563	0.0168452816452419	0.9999964377619738	0.01004060176627018	0.01000635200300869	0.01000353241334198	0.01000833655456892	0.2015106733163603	0.1248841994302338	0.1726834458572279	0.1858825065013231	0.6576416620969355	0.2215282298111252	0.05476882597727395	0.3078471728367692	0.143360861464871	0.03070208310310352	0.02508146474108919	0.09875778843395797	0.9999972570371721	0.9999985458853338	0.01262342116970812	0.01614510150922478	0.07719168920921327	0.01389899117241687	0.03552136826248896	0.07667051370271261	0.01000180180894448	0.1096119914580464	0.01000334729038969	0.01000147141046714	0.1723575167457519	0.5517819160534694	0.2723139826765005	0.04601886732179171	0.06430391470268396	0.05085528636444651	0.04650327799221059	0.06000716055606779	0.05104547185674772	0.1312559373034376	0.07810435552253005	0.02009527942996588	0.01853191211251414	0.09066893830385545	0.1420378328383839	0.2434024273202754	0.01172050001399112	0.0203334940196129	0.01659651684257319	0.02165650624018298	0.04927499929594243	0.03984887516247908	0.03366908789611926	0.04428351160877113	0.04540532048785725	0.04411332507984876	0.0865386267292612	0.05913094246062597	0.09729729248725448	0.1632065687761224	0.02992294368414129	0.04974872836800048	0.01142183722111902	0.04377265710688338	0.2655643124364881	0.1147309023716123	0.01816237435199976	0.02554163909882176	0.07696106912582824	0.01949799198646653	0.01301788101275294	0.01104115036386378	0.01205072045944861	2.049281023160403	0.005269406717525071	-1.848379377294773	13.08849319667007	-0.9984055846431101	-1.700710774732471	-0.09850163186139811	-0.06505800366177805	-0.6130306601856097	0.1006023032781626	-1.682980401935627	-29.19325371700319	2.363154465072147	-0.5880043748638052	-0.0006526198721245682	0.02406546684399441	0.2530721547097783	0.06465615555578771	0.07021757417337574	0.05473549525619811	-43.19942321120306	-1.46491964884154
1.75	0.06295952756357784	0.1261166156083217	0.05852415867006013	0.09623057063820858	0.03767030105056925	0.03593573258513657	0.02487506247326015	0.01612290102449322	0.9999748983155708	0.01002802964732028	0.01000425709470449	0.01000237177424948	0.01000614928901812	0.119930688641221	0.04634461695743888	0.06096145546814696	0.06801916163597936	0.2903220097014841	0.08817006186051309	0.03475948596016736	0.1609470795300762	0.1028693976854575	0.07048935038314269	0.01958856369258307	0.2375453930353982	0.9999980666205941	0.9999989754920309	0.1224242082971162	0.2124907017765193	0.4890549798475484	0.1007740252317419	0.02023663853129939	0.03498417658821623	0.01000636689646398	0.2236691923865965	0.01000224548255561	0.01000098317180334	0.2012785356371596	0.6092294550983191	0.3065910940357355	0.02979171512823334	0.04264642304322391	0.02552519167608779	0.02405117074128052	0.02895545087717419	0.03015899970007116	0.05245680737440581	0.06048691908183901	0.1526048424597698	0.0549392286795291	0.04199373558304681	0.0564867798228035	0.08936667114606385	0.01017359807760149	0.01687911874729462	0.01403586243128504	0.01480859446659681	0.05444399212235135	0.03667282576296348	0.03037662098048458	0.0508596966119719	0.04953231264369909	0.04384890172811608	0.04304792838393921	0.1224496863295394	0.1012279558274911	0.1533637036842015	0.04115110145385764	0.1057978065968096	0.07373489201672916	0.06745084491735692	0.0986430962966751	0.04822861681333811	0.01257036934538311	0.07388314561768224	0.3280892061303485	0.01354359939041763	0.0137072455568277	0.01131513144141855	0.01258249266999158	0.07594829430271784	-0.1351487214291156	0.06009321525222491	-0.8038162619787206	-0.1528800932288355	0.3231644357134294	0.8566155746973473	-0.08071895793913128	0.9757200068779602	0.02865209720893053	-0.5061868995548371	-0.03439127015038931	0.3219546688103745	1.322439539266283	-0.1788956832571493	0.813699583776117	-0.02197672257675087	-1.748740331214695	-0.005731561727924717	-1.01253702222124	0.04788354986933348	-0.6887831527051755	-0.2767758139470447	0.5173381420149537	-0.203312623194309	-0.2377205408525533	-0.05594858070726345	1.04579136115446	0.01142255951647886	-0.8184652292809715	1.095694291284338	-3.357617173195706	1.095694291284338	-3.357617173195706	0.2550853552581776	0.04374294327080091	0.2550853552581776	0.04374294327080091	-0.03967767441918191	-0.8070368345116192	-0.102885900305878	-0.09511340377546665	0.0692184720891181	-0.7591540402764486	0.03617126349165596	1.802678264200699	-0.1796996084569403	-0.6046655556491172	0.003542725109044227	0.3848537786756311	-0.09548878173609743	1.308127788349072	-0.01650999896170384	0.8157972844220108	0.4567797923319101	-0.397433017884665	0.5550202396873756	0.71827711697981	0	0	0	0	1.570784284444936	1.50257269849573e-06	1.494555795825361	-0.3033669231636366	0	0	0	0	0	0	4.101646595224681e-11	1.627873532907257e-10	0	0	4.101646595224681e-11	1.627873532907257e-10	0.2994643065013103	0.3943692222906744	0.475525452503235	0.1177247435162668	-0.10351323114125	-0.01157399718468489	0.07435754070762697	-0.00147774262255958	0.0002959490816546876	-0.008641509451528312	-0.03270870282336665	0.0595724577037066	0.007878081716909851	0.07196935557262689	-0.00117484135178453	0.006893030722014353	-0.007184710896942264	0.05577798549122696	0.1446254769231738	0.010905094952876	0.01064374012155284	0.011922995563101	0.03156673120334948	0.01021453133142126	0.0138920445557834	0.9999984054590101	0.01001865206526692	0.01000307828580681	0.01000173010097656	0.01000502858384946	0.01512446529201119	0.01055510903471163	0.01028918292524244	0.01030842287936533	0.119861266969888	0.01440089148127967	0.01151976513361081	0.1021733138076966	0.0930694562087015	0.05187299525647291	0.01221487065221395	0.3497557688997991	0.9999986970849565	0.9999993112840552	0.01208030139861527	0.2912091665991322	0.6156328253395817	0.1072513030664567	0.01015005346183867	0.01038775903072162	0.01000142164618541	0.3001655956295547	0.01000143308225188	0.01000071055541898	0.225674068418576	0.6504112865666544	0.3302351406084935	0.02180328137260512	0.0299829354168879	0.01291196168484901	0.01285894131005212	0.01353783214169004	0.01909509884241991	0.01166234553882127	0.04786053283322063	0.2150928950220782	0.07270132751715633	0.01715086732247388	0.01195636623297352	0.01036983442424361	0.01008642779900017	0.01541410069229175	0.01294938237155199	0.01143279554326725	0.06202585174395371	0.03478822853600942	0.0268647084218224	0.05549604610837898	0.05024259665948542	0.04151737542623201	0.02050782223909388	0.1421975669878838	0.1022797294823216	0.1472666073241219	0.0402445903904565	0.1168650899178931	0.09676327138565446	0.07254245093808186	0.01128406124943543	0.01369794125266337	0.01006835112476192	0.09272121020741061	0.459949579247452	0.0105589069815776	0.01451054802609652	0.01162230146305632	0.01318011194790457	5.83879868565323	3.881450215968822	6.417200774311233	13.54042624709003	0.8266317964581751	-5.86464810621013	0.04081593239908217	0.0366946904466116	0.33211420541177	-0.05807515631698607	-0.964846709829521	-31.09432667603996	2.47576366371667	0.297495282347203	-0.0007276057555844466	-0.01205056449710472	-0.1198048835705027	-0.0317537397898117	-0.04434931687808574	0.04341338252459921	-38.90807304236171	-1.428984409756411
1.76	0.05829275103198567	0.1220167822056508	0.04846408347421435	0.08060944181360583	0.03196344754550377	0.0306482397720353	0.02658609200499034	0.01617937469034694	0.9999839662551115	0.01002043816932983	0.01000401809457364	0.01000226571048466	0.01000695975395487	0.05637439322125373	0.05359330230151609	0.06983149059069466	0.06018211932838842	0.299675538761418	0.1003594376519709	0.03965269599323256	0.1696762093663947	0.1182256129141351	0.05986508965217011	0.01996011112201407	0.2552595294514255	0.9999981732408231	0.9999990319990777	0.05867788415419801	0.2057130200185902	0.4767049128973472	0.08601009167587161	0.03198373194053774	0.03583356007435492	0.01000430927274404	0.2428353743653814	0.01000184848169406	0.0100009300117874	0.2002624672802496	0.6052590738304097	0.3027458172864712	0.02983802525025658	0.04252715936886663	0.02461341807351638	0.02244641650883351	0.02891812593065536	0.03123739418364327	0.0497174331161254	0.06025443869227571	0.1518336819676561	0.05503850336545851	0.0384876910311398	0.05154210262376787	0.07525558011263091	0.01442209630494491	0.01625637631128482	0.01346828937663962	0.01424566357387245	0.053343540781658	0.0352204001100629	0.02907738729651392	0.0510295807404838	0.04935175736850737	0.04313836941730975	0.0441203553448275	0.1202866543308767	0.1009795943473038	0.1539074241100943	0.03873666501020155	0.1028278220612228	0.0705030372731605	0.06628061742972936	0.09631671577912707	0.04689885187931185	0.01548239334345615	0.07263598264253095	0.3314254022639989	0.01385037200320794	0.01370503593356433	0.01131828371933776	0.01258791276463488	0.07466976312628856	-0.1206305097049412	0.05210639475284044	-0.79179691928854	-0.1491738937402445	0.4197788403129742	0.855808084013858	-0.08073027322917449	0.9759474370580608	0.01664320889689425	-0.5065153280848	-0.03122619071436603	0.3340786127765348	1.102387798369266	-0.1708799554526504	0.7897603562009333	-0.04024009988259895	-1.902405602048745	-0.01582520898722023	-1.005821658229899	0.04093178345349262	-0.7003587682624689	-0.271269501255663	0.5846095077622622	-0.2057732455849705	-0.2529215335139438	-0.04553803485862411	1.033941052097614	0.003041111737084959	-0.8583008989397505	1.059102103303656	-3.958127620860025	1.059102103303656	-3.958127620860025	0.255660708993143	0.07099550183286393	0.255660708993143	0.07099550183286393	-0.04754112196926391	-0.7644831013553747	-0.1038556424229061	-0.09684399312245896	0.06171554381824009	-0.7431736113337923	0.05419801469450769	1.801984587490371	-0.1857092888562599	-0.5983745779576596	0.007224447654063349	0.3568766523748935	-0.08399195304589212	0.9958191949795958	-0.008202373154609486	0.8454992474979141	0.4526479711799362	-0.4331726661195788	0.5623987487915246	0.7585100836852244	0	0	0	0	1.570784468403824	3.269246308694351e-05	1.491421980166949	-0.3286307454626227	0	0	0	0	0	0	4.289246163885302e-11	2.011528813024058e-10	0	0	4.289246163885302e-11	2.011528813024058e-10	0.4318515560971954	0.3122587173002149	0.5544707077983053	0.1322683922474197	-0.1068635433129202	-0.01267373480656327	0.07560442502009071	-0.001634028362783164	-7.140513594034238e-05	-0.008612400861545997	-0.04443912515254103	0.05983631795881045	0.009933917010036084	0.0704619027950082	-0.001147715689489741	0.007277313648248361	-0.007011924927112291	0.06458552281904388	0.08540058056216009	0.1117491514119875	0.1911128662606525	0.06744862071051537	0.01894062734509698	0.05996117655476361	0.01951051726963434	0.9999971631143674	0.0100200006089253	0.01000574827496066	0.01000326852370195	0.01001100627448003	0.04521658458903766	0.1462324322647141	0.1985300265453257	0.1542701984794419	0.6776487386109631	0.2769416158764692	0.08945293297047652	0.3239232567652969	0.1885323605820159	0.04739747257425261	0.03245418070110447	0.1085271068862912	0.9999975315945112	0.9999986893178396	0.01389658956987683	0.01503767251783402	0.1303764180105352	0.01359533230952989	0.07873225447822715	0.08432241305625991	0.01000463570428976	0.161988568413691	0.01000240149384188	0.01000133617828554	0.1535390115599039	0.5111920782813718	0.2446917492809597	0.04598904366072865	0.06627891733875634	0.04765146034471083	0.04101838456519206	0.05965913542665228	0.05550162100814555	0.1226292329021331	0.08239421436285393	0.02128950265608983	0.01937868236450033	0.07885291745321846	0.1257140971703003	0.1898825880787992	0.02472900882256465	0.01793565942830334	0.01448160853441299	0.01973835394081868	0.03862042706111384	0.03529788594074594	0.03177670385184114	0.04302821949684608	0.04662176901782176	0.04463863700595131	0.09118542969767839	0.06791815138676854	0.09763882608133075	0.1670602181231146	0.03058126841577263	0.06294331481653714	0.01139326217706934	0.04901500578457137	0.2590212643509026	0.1112420856500308	0.02735529742697153	0.02852331530080892	0.07817632892104272	0.02051214921903738	0.01240421716254412	0.01082692760441189	0.01163022820116813	4.583588716423942	2.968038344900849	8.403875963219336	9.805179990563694	-2.393916893857059	-6.350243510690681	-0.02455231011676725	-0.08945833532999517	-0.6625549208231325	0.09656126297762697	-4.107417129754719	-33.44695131099194	2.581007630803075	-0.5834247324783626	-0.008676722584407048	0.01902140758693365	0.2422698902547843	0.1344689256956254	0.03897050728913153	0.07316108793962424	-33.85142448115366	-1.404266860875747
1.77	0.03769239449100463	0.06610780692845812	0.04551581953434398	0.07366775416205228	0.02960155827908667	0.02117651305408249	0.02795940251094908	0.01576062180791065	0.999989598322226	0.3058980557842199	0.01000381642668309	0.0100021354337086	0.01000563079327451	0.03590789974644289	0.05796224201110872	0.07475817616520573	0.05976362016992938	0.2702436221083169	0.1284086130951812	0.07101586599697476	0.1428691848013867	0.1365613025980252	0.09791686249111543	0.01844631667957037	0.243421782808284	0.9999982420579423	0.999999067353742	0.1050509514522184	0.204102057092025	0.4887657235237471	0.1083874003770488	0.03352745258284597	0.03623374521807069	0.0100028087319204	0.2670102950935815	0.01000171663112464	0.0100008834557617	0.2016374210391687	0.6105935242211555	0.3050779690112703	0.0303302727525222	0.04304686131456336	0.02404436551485605	0.02192991224204174	0.0285139844778051	0.03071912657776434	0.05022348271280668	0.05909303878870456	0.1404541071733421	0.04962952322384212	0.04040617111618505	0.0523036040238028	0.07555927124117112	0.0110661257344799	0.01696241872431046	0.01414066755817621	0.0140159093785507	0.05936335735573655	0.03547765784639021	0.02795800830549984	0.05222956461359912	0.04750691184874101	0.04087759082502158	0.04437123062107052	0.1123852009280894	0.1002330291506204	0.1559793144660107	0.03272972056175414	0.08995486893328902	0.0638787588248122	0.06110796595085199	0.09794168513642791	0.04787241045345309	0.01622438622027809	0.06732012550429425	0.3350160391825324	0.01405391453576577	0.01396230538358699	0.0114077798226653	0.01277650131159651	0.07352670281590189	-0.1087659731881725	0.04429238226075122	-0.7692555072737507	-0.144455572651925	0.5250249080769931	0.8550023320418529	-0.08033145771547609	0.9760490433371192	0.003489285787548269	-0.5068097983936914	-0.02757431495869585	0.344018735922443	0.8872143704534095	-0.1630915961083714	0.768448897212915	-0.05998370934290975	-2.04363686682764	-0.02583275627226549	-0.9945973314134329	0.03389994311092228	-0.7048515674802068	-0.2650736094372838	0.6548494884091869	-0.2083330793688787	-0.2567917877402139	-0.03531514369348196	1.008485761292629	-0.005755636200869071	-0.9017583814586527	1.016603354521615	-4.537030068351042	1.016603354521615	-4.537030068351042	0.256499069309617	0.09636552968897218	0.256499069309617	0.09636552968897218	-0.05494777515896503	-0.7160615603777115	-0.1047834819399434	-0.08680553648427343	0.05431793627373027	-0.7383173392084866	0.07218879641460804	1.794637761465704	-0.1916886966262265	-0.5985400862197208	0.01077748862684538	0.3580043605945664	-0.07546771833402202	0.7148389993938101	0.0003924691346522063	0.8729437942670627	0.4480420310759224	-0.4911545910850446	0.5702139922165754	0.8058185546823893	0	0	0	0	1.570784887847591	4.885768395568794e-05	1.487882548093954	-0.3839774948578449	0	0	0	0	0	0	4.480111270612862e-11	1.980696841676407e-10	0	0	4.480111270612862e-11	1.980696841676407e-10	0.5375991764022198	0.2515358970748865	0.6037962367778887	0.1432392098478769	-0.1086660339564326	-0.01365599893549253	0.07708841143517563	-0.00181801563702742	-0.000320146854103241	-0.00867812611941989	-0.05574114145051316	0.05682626106088314	0.01141852527107841	0.06853866882154343	-0.001126883807934866	0.007538830769259731	-0.006756925650305236	0.01186128020428951	0.01179044105370852	0.01060730517786672	0.01044754169227543	0.01092896246827932	0.0152558837227329	0.0101794146894864	0.01345583707981087	0.9999988646171173	0.9999823993887824	0.01000260466095974	0.01000139271206076	0.01000108683280887	0.01000045257309094	0.0109576767302566	0.01041949684227627	0.01030329340317532	0.02183286695285983	0.07063597716931357	0.08463821112643195	0.02348085131118686	0.1286398643720759	0.1633364630526998	0.01119577819439844	0.2926218006394122	0.9999987466759102	0.999999330051922	0.2039413307547642	0.2943912984785694	0.6913468097503606	0.1821484653091208	0.01010755454759045	0.01030033065656388	0.01000036869932755	0.3574363762842383	0.01000159392069731	0.01000059972074989	0.2306507924367955	0.6795094659426862	0.343295427259782	0.02316490838655674	0.03120513374296444	0.01341555970190613	0.01371468978880028	0.01386609742659757	0.01784452719711313	0.01226716182408183	0.04413373709711788	0.1850825713214439	0.05970290139707205	0.02123722104913545	0.01299964725579115	0.01038309754794287	0.01016939216700017	0.01700186382084719	0.01449250274633445	0.01171498176155608	0.07492278725123033	0.03494535392329946	0.02428954603507916	0.05784190370989419	0.04561529631666136	0.03609581075893609	0.02009003175978462	0.1228952174649909	0.1018053984751055	0.1553859476138779	0.02769416872034366	0.08678942609394445	0.08306973124346698	0.06069704007467675	0.01201800876843857	0.01530960581950083	0.01009197558102239	0.08105205790277142	0.4831589788475041	0.01076432165869177	0.0152260801933716	0.01187413484296624	0.0136928794863467	-0.7408691557522852	-3.205803186900886	5.446193109772122	3.565194511202214	-2.198011233549022	-1.485895656324232	0.003693145421657869	0.05069296008910722	0.3683349678877083	-0.05572389492707579	-1.667064949195099	-36.66358220286426	3.128640289814902	0.2963108422488014	0.003308571681432412	-0.01125080772544454	-0.1137803779794652	-0.06714515227047847	-0.02855057720246254	0.02317274557685984	-29.73193448831146	-1.358189292059624
1.78	0.05254215161144066	0.08927756074175834	0.0480809991245434	0.08005563409391267	0.03768236887457792	0.0216869825269441	0.01728239451064134	0.01524237005548221	0.9999931674356937	0.6842826545767199	0.01000338919765518	0.01000178753831775	0.0100018375213286	0.01703894588205171	0.03725488186049818	0.05620808602345132	0.05491977371872012	0.2664777301632104	0.1066224405775311	0.05969207510051985	0.1396992634770833	0.1359795403579534	0.1093122463942045	0.02189856276126372	0.2414679199698379	0.9999982655619695	0.9999990732955423	0.1266966428579636	0.2036438161659004	0.5020447580845634	0.1192865240331946	0.02651547946014975	0.02837468005207474	0.0100008832157688	0.2787321280229569	0.01000301274788529	0.01000078225804393	0.2113952623155625	0.6307849082402397	0.3173484747322087	0.03155312856032708	0.04077034431940112	0.03051696332094526	0.02885295775919474	0.03356928483919885	0.03048574334160306	0.04350760039847652	0.05058427698679675	0.1381937456329974	0.04846564665010383	0.03544687449737804	0.0417815209019793	0.04931386781100176	0.04526497936842382	0.01701574733165216	0.01430047843156095	0.01699128741469819	0.05926659842813723	0.03227069978029785	0.02436070542116532	0.05224961583495383	0.04442295466916354	0.03667809373959755	0.04086402039684962	0.1013594019172923	0.1036426674738397	0.1642053401551914	0.027309634871831	0.07607723809348374	0.06124083103969605	0.05411475792639379	0.08078172741695495	0.04279654682693453	0.01179891405185066	0.06491547224613074	0.3778641872715772	0.01322426351497746	0.01518969680935948	0.01187074673546068	0.01363220153571208	0.07247356347835532	-0.1031088987416569	0.03675582505129966	-0.736365997937825	-0.1386581572053691	0.634802620861323	0.8542036510415413	-0.07927414356025153	0.9760136116621192	-0.01074399083492696	-0.5070647255250176	-0.02329711164985573	0.3518687590105179	0.6857543946910496	-0.1554994739785393	0.7505514848143896	-0.08104408899115439	-2.16416432517646	-0.0356909541351643	-0.9755903448525852	0.02685783636541945	-0.7024095175500501	-0.2581722472100273	0.7251426570816366	-0.2108590809055052	-0.2457399212046772	-0.02540873697107451	0.9709123540990565	-0.01500891059595497	-0.9496183145376729	0.9684772440652378	-5.081091881540013	0.9684772440652378	-5.081091881540013	0.2575810707933118	0.1196292302568157	0.2575810707933118	0.1196292302568157	-0.06185048751983074	-0.664079663479723	-0.1055549796241753	-0.06575796369593778	0.04690744145241795	-0.7459814058518272	0.0900519978156438	1.775689969849492	-0.1976992308713822	-0.6044310846872073	0.01445733772179838	0.380973921267284	-0.06956922980504832	0.4715909297645294	0.009242944763987068	0.8963206274604246	0.4427748434796337	-0.5641164521300177	0.5785426871019357	0.8613833382201075	0	0	0	0	1.570785404613899	5.277806714243847e-05	1.483657017390264	-0.4648673849051136	0	0	0	0	0	0	4.627530042196295e-11	1.341374067494837e-10	0	0	4.627530042196295e-11	1.341374067494837e-10	0.6117980866574302	0.2209140425863913	0.6242930953163702	0.1507949344320854	-0.107833375388663	-0.01434778678050356	0.07892642061679009	-0.002018035174758177	-0.0004041442178912143	-0.008857906924897862	-0.06599337636183272	0.051406133418903	0.01242938999051829	0.06641011190130604	-0.001091351568468184	0.007707699042726834	-0.00643645490951518	0.1339330346859837	0.2353620623588811	0.1228403906975255	0.2199901947958197	0.09504768859248262	0.03008998232313862	0.02628424909310373	0.01837105282386899	0.9999981124803629	0.9999879328515721	0.01000468360942944	0.01000236993044867	0.01000112315830599	0.01000043621500098	0.0753705194047935	0.131559021318153	0.138588921226053	0.7043155821590279	0.1688613613507526	0.01921991790066922	0.3448968082512487	0.161409833442865	0.03132976089033123	0.04430525802682442	0.126345994186418	0.9999974426632887	0.9999986129628479	0.01387470706821045	0.01678109633637095	0.1556523915168381	0.0138948150849477	0.05555432997198445	0.05943847766428081	0.01000038863158679	0.1562661395665829	0.01000632447598154	0.01000108286174858	0.1875723157211641	0.592583860081909	0.2899747038231009	0.04925351466270936	0.05862959537216093	0.06811476892425539	0.06270140228871385	0.07575179783707439	0.05528329347501671	0.1004604245141305	0.05667268017436608	0.03385424488675012	0.02235266182348505	0.06147256884141779	0.09106700338359011	0.1022849616845192	0.1346298655196023	0.01741498802324111	0.01431494550855132	0.02881423200971869	0.03104662795834409	0.0252756640450962	0.02206881241435632	0.04170369924706711	0.03912128957483747	0.03415964917989581	0.07981873009273206	0.0433190077238066	0.1101229608337589	0.1936428973198633	0.0205549220026439	0.0359367992945126	0.01202529534844069	0.0333769046470191	0.1970605875951469	0.09402735025802267	0.01354538697359038	0.02793414460906123	0.2479929618731974	0.0178651229720984	0.01578305500334425	0.01210366631929491	0.01397277121497149	5.710967006259325	-1.7408176191529	7.556979233550945	11.21446038302858	6.80938600843379	-3.013424313277323	0.05892586401722833	-0.1529854240860003	-0.8155950287785031	0.09118715300642462	1.909002411711013	-37.52070330116673	3.820337327238688	-0.5841570985280224	-0.0154882976568364	0.02233875724845524	0.2315175791190674	0.1873317891051166	0.01957060303487731	0.08039994443047385	-27.38973714486462	-1.382247903115633
1.79	0.0583604345353172	0.09575161755503034	0.05336002430704415	0.08947561724224652	0.04280790145660315	0.0218702553508762	0.01686169137593672	0.01496481759830383	0.9999953876435013	0.8118672977790458	0.01000313125619472	0.01000159645089265	0.01000106792473535	0.01245615615681371	0.03422676018316129	0.05411059688975677	0.05884505301401733	0.3743192488040744	0.1338913115196248	0.04156345535733406	0.1775685107842218	0.1253603052578522	0.07450885038066368	0.02343369132936524	0.1795887963516394	0.9999982867806561	0.9999990790514199	0.05511456822316034	0.1211126208897642	0.3946246438314693	0.05916792251478108	0.02742871224563706	0.02927804736610129	0.01000045645661267	0.2157443644937286	0.01000308787692715	0.01000072218526518	0.2153990092866419	0.6450108600072639	0.3251913484608123	0.03283939298244604	0.04154280869287482	0.03129683877490653	0.03015524063774366	0.03418317131774227	0.03001728331674451	0.04382165602648182	0.04729454635491263	0.1387031948464955	0.03718420152381714	0.0473721616695546	0.04717733641760069	0.04743030601693435	0.06341945742212463	0.01813084820996047	0.01641285504120336	0.01708803220253052	0.06621801963090218	0.03042089189965681	0.02175168955037257	0.05347308323057267	0.04074427827812874	0.03241993725918563	0.04021437459141194	0.09097567478493354	0.1229732832086409	0.1977994549288463	0.02136631082641963	0.05906329895130627	0.05971893191291548	0.04691054382056218	0.08007387933236557	0.04447512133090072	0.01156735792495799	0.05788372325511386	0.463026838452836	0.01346815974208733	0.01853787282992139	0.01300584130291038	0.01637649425110438	0.07143727310237659	-0.1055692851958896	0.02959763809029732	-0.6937216236769063	-0.1317618678247502	0.7438594315860068	0.8534198438425646	-0.07732031622142077	0.9758311609594373	-0.02587407338738652	-0.50727332627454	-0.01829807203272854	0.3578049074328486	0.5055565223177992	-0.1480700863672702	0.7357661736957937	-0.1031628595632425	-2.25340800089354	-0.04531501238686274	-0.9477931522867489	0.01987525887718118	-0.6929140404718724	-0.250582762213981	0.7918274415540367	-0.213193494846878	-0.218450398532458	-0.01593162049718903	0.922928140197792	-0.02476035904368544	-1.001133739297928	0.9151530285050917	-5.57360557340067	0.9151530285050917	-5.57360557340067	0.2588818085634521	0.1399223663601993	0.2588818085634521	0.1399223663601993	-0.06822508408335318	-0.6108052856825457	-0.1060666439240532	-0.03513214034016713	0.0393525973617217	-0.7673292816864138	0.1076501562307814	1.741063117240265	-0.2037923504767814	-0.6148218467372077	0.01844521937683287	0.418460281914479	-0.06589396312577404	0.2708767626063288	0.01829927107951022	0.9138184580635386	0.4367369456360755	-0.6439009060926228	0.5874719287634039	0.9259993405966217	0	0	0	0	1.570785915981666	4.845949183246635e-05	1.478523077526047	-0.5643405028096083	0	0	0	0	0	0	4.770894609810681e-11	-2.729504656058994e-10	0	0	4.770894609810681e-11	-2.729504656058994e-10	0.6566705570370862	0.2244284148523097	0.6207875995660698	0.1553962496342302	-0.1035762021554735	-0.01457065633866049	0.08120217123679753	-0.002213763207703843	-0.0002848878367665888	-0.009158695252955214	-0.07482768495994106	0.04433406033869819	0.01310435275284756	0.06425411838372612	-0.001019477675314392	0.007817374812218621	-0.006066075368543969	0.0151424569206087	0.01276744985860997	0.01329567833957148	0.0129276405296913	0.01395155791691029	0.01741694069097932	0.01057231243100843	0.0131616946878391	0.9999991666312346	0.9999961854733711	0.01000206391077659	0.01000100898623235	0.01000039911440955	0.01000012899175592	0.01230764502446395	0.01101581371628828	0.01111987758083655	0.3258111991729252	0.1401208472402388	0.04241071592038709	0.1143863119373938	0.09337480353920122	0.06496421022191787	0.01221944545129064	0.117907833342447	0.999998792673623	0.9999993434864733	0.01216768837766511	0.06659674599166529	0.3241118369031598	0.02007143509312795	0.01026733818263744	0.01087465655983961	0.01000014537840647	0.159578193959838	0.02384008165987649	0.01000047457493025	0.237544255878247	0.70859080081109	0.3600331349032906	0.0261014912188295	0.03370978796503812	0.01469046554054674	0.01646503609050986	0.01465802717893904	0.0167869038726678	0.01402604557048037	0.03861843861776346	0.2121123104079509	0.03481214040556291	0.05494661015898333	0.0305020305055564	0.01030845497790559	0.06233690254615369	0.0192794702618785	0.01911095455362856	0.01235387169138091	0.09035963936724394	0.03091653984593196	0.01905671392246924	0.06060237758270325	0.0377868055090378	0.0272833844414019	0.01929348163129382	0.1026333187614973	0.1631790815083254	0.261614101904434	0.01654363864807787	0.0527900003872706	0.08193508497630508	0.04639563419084528	0.01566637877783213	0.02011157737121661	0.0101137200306175	0.06586740923014148	0.805287285742369	0.01088696721593855	0.02449479497380704	0.01597624108007118	0.02166355037994082	-8.303848950861299	-1.73827044059619	11.47120806691883	-1.03761446634687	7.751259391984125	-3.738257919130577	-0.02984032614318447	0.08170510395814946	0.4348952498588831	-0.05524474722852538	6.756908411966862	-39.61899935179249	4.116667168021062	0.2951154823660409	0.008559995313275053	-0.0106920343570081	-0.1120900760500108	-0.09230434997523422	-0.01916999255467923	0.006238570873478671	-25.61178859897271	-1.496807318550037
1.8	0.02348191105365999	0.03735711029091801	0.01996923590621234	0.02858627777387275	0.01862711319494471	0.01996836514081621	0.01169534320592042	0.01537457718029375	0.9999967896245987	0.8856703354400071	0.01000268118058619	0.01000132504579922	0.01000066729521411	0.01095665018801347	0.03807976176650103	0.0452085046952225	0.02058136071575586	0.3203942545476161	0.1226193594217303	0.06109642770368202	0.1307909010475785	0.1154195380809803	0.08485095227335969	0.01601361218283857	0.1486761035762792	0.9999983695744762	0.9999991188094434	0.07234124920428499	0.09002041017666852	0.3855804220745879	0.04424161321651222	0.01275534972616224	0.01383391823618664	0.01000027804758889	0.2115898672550468	0.06737746536489662	0.01000061959589028	0.2244383183519086	0.6672590106329336	0.3392489759031295	0.03485289093284933	0.04202200112045771	0.03648378371415859	0.03685401474208545	0.03777214904011014	0.02919087013089348	0.03810845125616517	0.04235323645267785	0.2062075830332653	0.03517229188337937	0.06721515679722138	0.05201981909430959	0.01703783195984837	0.1400285589092722	0.01802823988401682	0.01687685718162344	0.02143181444365597	0.06748373927016042	0.0279160318471321	0.01938392003366856	0.05427395620008273	0.03766652572731899	0.02869957366899005	0.03818745822272831	0.08526198409626988	0.168932865180551	0.2613436435278228	0.01828731996473096	0.04969475551296672	0.05933060641660444	0.04235119475008567	0.064339939484596	0.04184695044270672	0.01033045840611877	0.05539360774643842	0.6720434134647185	0.01119041550270716	0.0271665208957781	0.02002050958806588	0.02490824591194496	0.07033436241110014	-0.1163160127541215	0.02291024643809396	-0.6424392983009932	-0.1238025269852761	0.8464594295194237	0.8526608538885756	-0.07428650215697755	0.9754941270311017	-0.0416017926747418	-0.5074281875101322	-0.01255210054407676	0.3620698757819975	0.3522715276320185	-0.1407778542812935	0.7228469116998443	-0.1259685719984305	-2.29955781908294	-0.05462143436479907	-0.9124528932682665	0.01302365349904421	-0.6761948597637452	-0.2423606047132256	0.8510558487019337	-0.2151770407654585	-0.1759202234831855	-0.006978529458014755	0.8664465331007491	-0.03503642408528311	-1.054066162274624	0.8572417414737387	-5.995081329696525	0.8572417414737387	-5.995081329696525	0.2603650572568432	0.155863662486941	0.2603650572568432	0.155863662486941	-0.07406917249759315	-0.5582912618092446	-0.1062324860893451	0.003017144098143465	0.03151406592970964	-0.8026688139904377	0.1248123399111207	1.688223807419315	-0.2100056003485424	-0.6281887931994152	0.02285417794794516	0.4642975319030928	-0.06399857678714538	0.1160422304253217	0.02749406957020169	0.9237520730137809	0.429901819089275	-0.7222061545377733	0.5970927289332196	0.9995927788164349	0	0	0	0	1.570786359058925	3.968455435836749e-05	1.472336711237026	-0.6738389477483531	0	0	0	0	0	0	4.242216818421939e-11	3.997819727229376e-10	0	0	4.242216818421939e-11	3.997819727229376e-10	0.6795829005793943	0.2620194767575149	0.5998796085794843	0.1576254151872424	-0.09558701086734277	-0.01418403231704749	0.0839232246612503	-0.002380297398641011	5.876325425860903e-05	-0.009572468574128908	-0.08204294578475575	0.03618878054713625	0.01357826939041486	0.06220956387651921	-0.0008937833474174734	0.007896021665139202	-0.005659930222329621	0.01881299893779877	0.03588734044950411	0.01381624771933171	0.01288059554534801	0.01585244440043597	0.02421041299998943	0.01137112550528449	0.0198493664393622	0.9999984617624271	0.9999939053405348	0.01000360440306382	0.01000175227080645	0.01000066574409043	0.01000021376514239	0.09038873726804555	0.1046182969229318	0.01472328800941148	0.2847736409985717	0.09250645972783085	0.1024543788024253	0.1259412768227326	0.1416026382486789	0.1139095544840526	0.02057329121674234	0.1273999595301857	0.9999977929763292	0.9999987944853311	0.1684273599195284	0.055174004911484	0.3975776208121199	0.04900891043489519	0.01057373768438011	0.01200099059793438	0.01000026325284094	0.2640093333445426	0.1925893262156839	0.01000083806141422	0.2145895484782975	0.6594900036318354	0.3313572947391916	0.05417860341472962	0.05932204193183665	0.08362409662583845	0.08239576284438274	0.08646828434631081	0.05319046994111887	0.08200645702692518	0.044884022086457	0.2777182245879084	0.02893073342887325	0.1124712171987203	0.1012719901794013	0.01030017211549666	0.3906352204563711	0.01602770803380354	0.01365037942121451	0.04180373633995457	0.02615531837233417	0.01966841652208575	0.01759704522196948	0.0427733400987905	0.03368846689684093	0.02731624315832031	0.0740734805439713	0.03974856243216921	0.2459905220753254	0.3829957982081494	0.01733312651218219	0.02805038379841384	0.0127931299123089	0.02768925292153067	0.1443891102674747	0.08405514823247542	0.01012682809690244	0.0289723331133076	0.9962045340414664	0.01092297931339923	0.03841023268086865	0.03189336021209145	0.03684837686592601	-6.314065067464181	-5.44984517051216	5.880192451889657	4.038307510625408	18.04575952134187	-0.3447481161387755	0.06493344043477943	-0.175725509984323	-0.853380546354454	0.08936221682010745	15.54053459851322	-42.37594742819187	4.309724779401412	-0.5878561469634387	-0.02275774386359737	0.0312642482112369	0.2267066491240304	0.2102754293401152	0.007136208102954957	0.1107220098828189	-25.87229558627731	-1.979761174751098
1.81	0.03128443941578365	0.04338951222041078	0.02265523072350636	0.050531925007076	0.01952525900015973	0.01723768676057365	0.01122971962193402	0.01476143195512271	0.9999976517031886	0.9309217549557002	0.01000248167378242	0.01000122163820938	0.01000054109778237	0.01032926029285034	0.03551159193931732	0.03949942883248841	0.0145607816571931	0.4332633412477778	0.1597191393272588	0.047788053027295	0.1936181132923444	0.1460553547250867	0.07562562436852227	0.01555755122890817	0.1595523635766723	0.9999984471460545	0.9999991584123981	0.06427282185743736	0.05388052617292013	0.3344031979782328	0.02980720570502669	0.0113246439465693	0.01270114033385539	0.01000022021317047	0.2219729575331137	0.3671134585192843	0.01000057434837234	0.2341007835454677	0.6905763310739877	0.3538805885596404	0.03551731782372611	0.04184248983859595	0.03760873108225942	0.03913445710253904	0.03845538448935254	0.02865611544132665	0.03819716848902355	0.04050821874110504	0.288782768928142	0.04453990263220992	0.1020713722716363	0.07327487128486224	0.01257328489922789	0.1814506878963395	0.01767169522750503	0.0174806036520074	0.02167104584619367	0.07446490764011969	0.02604232746826228	0.01761953758733946	0.0564882583734129	0.03533987234981834	0.02589002528377357	0.03752698458738742	0.080913024731035	0.2035652951020099	0.3034179385594789	0.01607214660130507	0.04089749785171157	0.05734417721215044	0.03857836795512223	0.06783988116486107	0.04390568801913788	0.0101639223509756	0.05155452915352783	0.8040944835016622	0.01079337787808032	0.03304390259787529	0.02659505146786603	0.03210794440794821	0.06908836543013468	-0.1337843646610891	0.01677222028452792	-0.5841585854876232	-0.1148724263224945	0.9371688022941037	0.8519380776251744	-0.07006541975760192	0.9749984461426929	-0.05753129974738572	-0.5075220640760548	-0.006117074313738612	0.3649509647810736	0.2290759509964626	-0.1336132797141113	0.7098788428419215	-0.1489717976184279	-2.291112331726819	-0.06354997334349111	-0.8729457591109316	0.006375498532212867	-0.6522457214794979	-0.2335980143340413	0.8993994697867894	-0.2166714866619029	-0.1213283126584625	0.001376199318763649	0.8036392933133067	-0.04583553117110922	-1.105135673129115	0.7955585122597448	-6.324422428969856	0.7955585122597448	-6.324422428969856	0.261978726309784	0.1656959491074188	0.261978726309784	0.1656959491074188	-0.07939908167525635	-0.5082168967288136	-0.1059897486237379	0.04612060730247539	0.02325573193643092	-0.8510110674644222	0.1413514947686258	1.616506430485894	-0.2163605820024561	-0.6428931137698508	0.02774412650374849	0.5140882954182882	-0.06341443496348285	0.008742789346432486	0.03674437078012059	0.9247202603555035	0.4223237193015481	-0.7912791842865436	0.6074897821424174	1.080944860076253	0	0	0	0	1.570786704460811	2.931191450469711e-05	1.465043723528817	-0.7841228565864967	0	0	0	0	0	0	4.279383032483782e-11	8.513722352478412e-11	0	0	4.279383032483782e-11	8.513722352478412e-11	0.6898044473723547	0.3334224438579391	0.5691061345930045	0.1581135137567406	-0.08433752825816006	-0.01315120019322571	0.08698577180789806	-0.002495690653578456	0.0006159563344085885	-0.01007661052217169	-0.08759743205721929	0.02749234668553282	0.01397043941897454	0.06036169193612419	-0.0007046438622262799	0.007962868805235479	-0.005227797686328992	0.04383116924523321	0.05059124736620343	0.02928454394701833	0.08999172971077259	0.02206211080878249	0.01362473236156146	0.01088458552837671	0.01236008215210876	0.9999992426737766	0.9999975032404469	0.01000172934440359	0.01000086147221212	0.01000038127499882	0.01000010181925485	0.0115666722471057	0.01080163938948167	0.01138247531356592	0.6948378869120241	0.2342982201460926	0.01392124562577908	0.3026464373696847	0.1737883055167223	0.046772436137648	0.01283908003224876	0.1791746046126515	0.9999989719092649	0.9999994415206318	0.01070733406104202	0.0189619942839454	0.2112462624667859	0.0123122646196087	0.01056735517446321	0.01214457765471875	0.01000015571562408	0.1986035502122377	0.9999977212237677	0.01000039921291946	0.2557760981997656	0.750108950982481	0.3870776453859308	0.02726173373101791	0.03393361453954346	0.01556893533816184	0.019557347018366	0.01502347500999045	0.01595069061297453	0.01549437015490244	0.03643878159529693	0.4393130422980673	0.06220339676114448	0.1385754260278058	0.08269515769642682	0.01011510840573091	0.1257714883691823	0.01818801434884789	0.01988087218405344	0.01235016013112756	0.1055593805769123	0.02752389587948618	0.01617933113326536	0.06550888667529996	0.03399829671723788	0.02273503852021155	0.01850155726972067	0.09793527268908322	0.231131046294111	0.3304461085038308	0.01370164059268394	0.03962748941004965	0.0775135301842648	0.04060669067168345	0.02957353093947589	0.02479570862339178	0.01004912586706276	0.05941155011798722	0.9994307027990965	0.01039663433816787	0.03556144099357302	0.0301544786031426	0.03620255475168878	-13.78422549692304	-15.25317345311226	9.897789364796639	-0.4900206842404918	22.83032843145705	9.364423626432643	-0.02504880747618113	0.08265391619336948	0.4164230357702135	-0.05475619835588934	11.95628894933103	-48.34427801049402	4.435575403628785	0.2950417492113371	0.01406907305724576	-0.009702262649915406	-0.1127131478773215	-0.07137672468854715	-0.04149413495784251	0.1510616809512641	-25.40187155315635	-2.376475536751746
1.82	0.03229272993919795	0.03792100302472871	0.02342121923485891	0.05870162301995842	0.01967355600718388	0.0247742937209103	0.01146476156487705	0.01714792762633496	0.9999981953892442	0.957963080679103	0.0100022753524013	0.01000113180059046	0.01000050704890042	0.01012903204648273	0.05699207901565604	0.07129607479482812	0.01985060016632251	0.4372684105407833	0.155716132293262	0.0628210815979609	0.193174239822006	0.1235619320393027	0.07008131113803293	0.01604252184153681	0.1323775536696432	0.9999985322164369	0.9999992022899798	0.08378901819713651	0.0443513273130413	0.2993308803192986	0.04217883378450541	0.01086830546419568	0.0123183608048177	0.01000021166891962	0.1794436963127951	0.6902684150959997	0.01000052768360626	0.2322130907080193	0.6893297488649225	0.3525905298778885	0.03781497995996087	0.04563841477596268	0.03867924976327702	0.04099163840938621	0.03930312433300374	0.02863203670521635	0.03534533274081503	0.03893234999322	0.3759179208437659	0.05298734895854681	0.134292505645273	0.09349830157361923	0.01108791202954408	0.2144723005344057	0.01749307904916599	0.01765424235114568	0.02408104135340808	0.07632822816887082	0.02498155708442691	0.01697835783089494	0.05750204716176693	0.03405170265335947	0.02464596903385336	0.03686415224833269	0.08348713159061627	0.2275880712567438	0.3275050468734122	0.01554815356976783	0.03929651258860298	0.05662016101551652	0.03723266675561071	0.05919979727859192	0.04201127789446813	0.01010018077448162	0.05120153030636829	0.8808433237133536	0.01058698779111155	0.03584731621204518	0.03187151032342034	0.0360253297707289	0.06764668616971999	-0.1548086969736764	0.01124380913037805	-0.5208568735387726	-0.1051137244076767	1.011562559805919	0.8512636815265121	-0.06460385533232323	0.9743443285003688	-0.07321296591784339	-0.5075486342160903	0.0008856832666794663	0.3667529217223973	0.1362384875058199	-0.1265877057983106	0.694693588494289	-0.1715770634874806	-2.218668653922924	-0.07208364472896958	-0.834466649374883	1.817135101816331e-06	-0.6213882079127124	-0.2244179157882389	0.9341810449851237	-0.2175799228524671	-0.05966845470407707	0.009081079811979639	0.7368768477808388	-0.05712026550172829	-1.150545054200883	0.7311309384985442	-6.540535651151591	0.7311309384985442	-6.540535651151591	0.263652526822939	0.1676069674396533	0.263652526822939	0.1676069674396533	-0.08424610810662189	-0.4619155566167272	-0.1053032185896067	0.09127960478177446	0.01445791881251443	-0.9101044080983148	0.1570833694483094	1.527114473684441	-0.2228625048205432	-0.6573143242876747	0.03314077712437345	0.5653897751518531	-0.06366650753827047	-0.0514809634720151	0.04595556783998195	0.9158434447204029	0.4141293629938145	-0.8444673158419783	0.6187295913451286	1.167654558714426	0	0	0	0	1.570786946191559	1.918064951458277e-05	1.456681287659108	-0.8863475720375199	0	0	0	0	0	0	4.293929026949709e-11	-9.578463920330212e-13	0	0	4.293929026949709e-11	-9.578463920330212e-13	0.6962796809392175	0.4374023362627079	0.5368454031127347	0.1575969289452458	-0.07122857236820807	-0.01158648606010678	0.09019167131900432	-0.002548542110734256	0.001331640621936725	-0.01063779261777938	-0.0916064561528559	0.01886088866375549	0.01438618687905085	0.05876006482338934	-0.0004539435588338116	0.008030815445679497	-0.00477784722077115	0.01363395172039373	0.01261940462099848	0.01337542588569224	0.01190221497297116	0.01540662884545701	0.04959107856189857	0.01249931882381299	0.02753512569703262	0.9999985939569361	0.9999960709173973	0.01000318540874821	0.01000158524132523	0.01000068352004359	0.01000019300713169	0.1627322238261622	0.2160837242147159	0.03637871828924379	0.01197570593844881	0.01620314129555073	0.1654925000390479	0.01254437175507198	0.0189707819988779	0.1064089736075712	0.0224466688936518	0.01586963169479179	0.9999979856135063	0.999998895064376	0.2436766211302842	0.06853564709203287	0.3601266464751973	0.1025722541990532	0.01058405437512383	0.01195018506543024	0.01000029209803638	0.08733252699855495	0.9999978652670867	0.0100007434110898	0.1889284583550395	0.586344661727368	0.2925878479829707	0.06063706608606984	0.0714133668275424	0.08594668942657099	0.08609299763185327	0.08850896996489369	0.05362837670698272	0.07296312776382641	0.04200087118515516	0.4761885272560289	0.04451944521527998	0.1790399167063398	0.1447274926007873	0.01022549510772471	0.4710112503436473	0.01584559231685038	0.01357391291220416	0.0489107255114748	0.02265576520452226	0.0184239869515718	0.01741073365110606	0.04332259964726428	0.03223557587798474	0.02641232482022141	0.07263606004104861	0.05400280474081966	0.2810257206273776	0.4010952899232975	0.01791330825372241	0.03311258467230533	0.01309543506189324	0.02776159508062924	0.1123614500265415	0.07603948533504094	0.01009531322741504	0.03247533754675175	0.9991551947194495	0.01068883056273598	0.04100828657672891	0.04144670118536408	0.04153835291854735	-22.87742453089878	-10.29826078750055	4.99234408561299	-6.927505567064212	23.39282109156963	3.086103335698324	0.04467651809803642	-0.1636367378114673	-0.7127381710689789	0.08208024442664791	8.797482216387941	-54.43571243594748	4.510467136322262	-0.5921687276741506	-0.03242139343958506	0.04063939028993064	0.2255422925617238	0.2545107224259695	-0.002396758694686041	0.2155272074067983	-22.75836892045975	-2.64415000488363
1.83	0.05184972898306608	0.07813491988261385	0.03878128606268241	0.1027228753242464	0.02280272933477533	0.01659874441834602	0.01158402357994545	0.01690041478351841	0.9999985579033528	0.9745615288323775	0.01000213159397453	0.01000104735215666	0.01000043321510813	0.01004438173355264	0.0571722276965184	0.07314390856634938	0.01677281886670836	0.5252194334258175	0.1796876648832719	0.05842849559407073	0.2419858291570521	0.1488748968092738	0.06977203706550633	0.01662669459908573	0.1505955299154196	0.9999985653483436	0.9999992162900246	0.06869233846930901	0.02715371303857612	0.2457747213889318	0.03496648440225393	0.01159119617915253	0.01478941634690736	0.01000018081492114	0.1900795240815992	0.8153153600645054	0.01000049443780894	0.2346787349635366	0.692562561389373	0.3556255729688736	0.0370673755348718	0.04212043750369495	0.0393492022675449	0.04250738718531557	0.03962611962194262	0.02810735464666931	0.03491301884190757	0.03854298508722943	0.4565285141940091	0.06851191612531218	0.1686428427072394	0.121045269230296	0.01047088986986713	0.235749940295007	0.01624881802790627	0.01610296392156114	0.02398663260801059	0.08267151600581052	0.02292432985046979	0.01565640497385754	0.06048755079769	0.03269379294925371	0.02264742703484406	0.03642687735239451	0.0815894097657467	0.2457925395212865	0.3417661585829673	0.01451569106596354	0.03381333928589268	0.05127455783569999	0.03563400302177955	0.06192374142667639	0.04342884197684428	0.01007374407404589	0.04942639247096234	0.9278231281278557	0.01049561364345934	0.03822666035565706	0.03730442193108029	0.03932958013563159	0.06599478395918813	-0.175038449564703	0.006365231911960715	-0.4545004243393762	-0.09470509738618622	1.066838560839032	0.8506502696941179	-0.05786103514231766	0.9735364813573398	-0.08820878340356286	-0.5075029313605961	0.008315308524291026	0.3677683677599776	0.07111302909444256	-0.1197330516463577	0.6754391904208538	-0.1931125370530461	-2.076603480429239	-0.08026384311445497	-0.8033542220675436	-0.006031723388032749	-0.5843839660742183	-0.214965900480265	0.953532262576669	-0.2178615527274289	0.002978358286741069	0.01610826673277447	0.6684622027817779	-0.06881489105210706	-1.186501112641493	0.6651893982671387	-6.624301760420062	0.6651893982671387	-6.624301760420062	0.2652996740858945	0.1601893315558436	0.2652996740858945	0.1601893315558436	-0.08865376268147454	-0.4205212410005896	-0.1041671027910063	0.1355641253778095	0.005027846240538932	-0.976938919431937	0.1718441875936993	1.422884057969556	-0.2295008950411735	-0.669948225267251	0.03905460149726032	0.6175376569024819	-0.06429705729058367	-0.06770087862586235	0.05502801049512742	0.8970274615338351	0.4055044395779122	-0.8766999739291058	0.630849635626949	1.256372727754911	0	0	0	0	1.570787092365815	1.03192218034889e-05	1.447368492044259	-0.9731262842434764	0	0	0	0	0	0	4.292023377636015e-11	-1.750242621720899e-11	0	0	4.292023377636015e-11	-1.750242621720899e-11	0.7068453123070644	0.5700217858999305	0.5119888593223461	0.1570306031184214	-0.05847530109372785	-0.009760161649866888	0.09333399866239576	-0.002544070947775983	0.002105722811272831	-0.01122374458267346	-0.09434165115729837	0.0109657491007455	0.01489417355998643	0.05743058234429099	-0.0001563241026240329	0.008104530686305437	-0.004320252255950102	0.08945330602220558	0.1528045222608914	0.06514548447298657	0.1984203278586807	0.02919553247345735	0.01148831051534121	0.01116688165205811	0.01213287840975542	0.9999994148259037	0.9999987177582059	0.01000143408353386	0.01000067302955889	0.01000021877229642	0.01000005390760493	0.01128438327205853	0.01076292524949962	0.01122192454123182	0.9624818106361697	0.294424662102729	0.0116871256157852	0.4336750072442754	0.246244465905484	0.04557330990698872	0.013933302436557	0.2413231885525606	0.9999988808129811	0.9999993729682635	0.01036027414229355	0.01195867480745359	0.1260434565073209	0.01120072038439888	0.01263343920494686	0.01808494527172944	0.01000008681724735	0.2490073620166952	0.9999995685185388	0.0100003301711697	0.2582303280265748	0.7446230125916833	0.3883463547618665	0.0251584483841083	0.02610410278198069	0.01591070916083117	0.02130774287647717	0.01495914306395097	0.01507013859241846	0.01513435467965743	0.03631088520088199	0.6168319887152015	0.09972329306140416	0.2127019004958804	0.1431494796877261	0.01010600251161806	0.1481285768674357	0.01559938552149955	0.01621601587356419	0.01188362990393661	0.1193845689740985	0.02364089188796078	0.01399595476142511	0.07199382593380652	0.03191974405844592	0.0194494593056421	0.01777046691833981	0.09601065434681509	0.2573389746579038	0.3367819630563076	0.01228616831615434	0.03087819011713223	0.065192543998368	0.03831236293188799	0.0376652000569906	0.02724875249095048	0.01004012940790589	0.05690064978435515	0.9997201204830114	0.01031238566711945	0.03920203252349143	0.04076413069746029	0.04163480244849043	-28.53368150407037	-12.59359560747905	9.145649721917939	-9.999345377489639	24.23123019214146	5.495744975322486	-0.01558191095053237	0.07379403921697689	0.3116556827987577	-0.0479706326666045	14.66680175635168	-55.37995789761741	4.548969807613356	0.2973632377545158	0.01911789315313069	-0.01284671613162638	-0.1127817694895671	-0.06272610885282295	-0.05413091171534103	0.2325011897007951	-19.62287632653765	-2.857950969760141
1.84	0.05902230028544659	0.09485368152591063	0.04393571019098728	0.1229058078203788	0.02419263900791977	0.08631132969722698	0.01140161322077699	0.01988606958356168	0.9999988577456036	0.9845158196701503	0.01000184627331138	0.01000085837572469	0.01000027976103187	0.01001742331390872	0.0846358131284988	0.1050790798560138	0.04301056311478311	0.5830476356892602	0.1916191626043745	0.0979063484509755	0.2709278126038301	0.1599124406848404	0.04986479274390058	0.01580625976743064	0.1589566936584266	0.999998484015154	0.9999991524206744	0.2183889319748657	0.09911979970253387	0.2673508766083167	0.09493489990930754	0.01168840273304338	0.0151627389762432	0.01000011236938772	0.1743661800412004	0.8877627714835117	0.01000042710294578	0.2277518850838846	0.677915207980834	0.3473390194108565	0.03893192597069769	0.04751833578109438	0.03744325888638394	0.04088120892308787	0.03843434807673871	0.02869890777650416	0.03358885725533444	0.03779102587471862	0.5434524728116057	0.08832141751596007	0.2028404106650424	0.1444151523732486	0.01026630393219809	0.2597002471459217	0.01647607329912103	0.01603605874525914	0.02585197759980354	0.08530310794259502	0.02300945351911125	0.01636837775180046	0.06172213760901273	0.03290616414967096	0.02333898075841912	0.03587958395102984	0.09032740636911145	0.261425267461658	0.350984866790257	0.01538211598442416	0.03784316894128533	0.04985014924762771	0.03570948635361902	0.05801366314719818	0.04001213224164232	0.01005668032445925	0.05139182850329152	0.9559603102838098	0.01040525994483949	0.04014078321251812	0.04235747263467472	0.04242142596097531	0.06416473303204448	-0.1896351679846847	0.002158213191607551	-0.3868159775409594	-0.08384466282882654	1.101829582353566	0.8501109020133713	-0.04978574782321019	0.9725836803873524	-0.1021492359116564	-0.5073812776338078	0.01606226130735964	0.3682512996340188	0.02878541339323001	-0.1130966329800093	0.6508842237288038	-0.2128744110677975	-1.864319937375555	-0.08819703707745674	-0.786102008042033	-0.01166942665254649	-0.5424632919344738	-0.2054027857731263	0.9562458154430671	-0.2175378391621713	0.06040871310079574	0.02245156585012812	0.6004132717655668	-0.08080681450542306	-1.209415080370551	0.599137313623463	-6.560533145237755	0.599137313623463	-6.560533145237755	0.2668232167798127	0.1428819932596115	0.2668232167798127	0.1428819932596115	-0.09267620675722309	-0.38502073756516	-0.1026038025122574	0.1763022659193695	-0.00509658582648956	-1.048502119110252	0.1855049266430898	1.307833708323585	-0.2362509107363999	-0.6794154715620103	0.04549621621293011	0.6711055310501842	-0.06489307731190411	-0.0457707371840242	0.06386541978312804	0.8690231300927178	0.3966759622910841	-0.8848246431743718	0.6438505583023237	1.343133719351131	0	0	0	0	1.570787158464853	3.213507504939577e-06	1.437288430162023	-1.039064913492976	0	0	0	0	0	0	4.271510939228059e-11	-2.510576260879759e-11	0	0	4.271510939228059e-11	-2.510576260879759e-11	0.7288732020195612	0.7221385676662549	0.5009582766314147	0.1572506887616558	-0.04823308937519863	-0.007989129995503899	0.0962520421778026	-0.002500386173709406	0.002824187457085754	-0.01180881834161708	-0.09612352000099993	0.004106438803617672	0.01547743904103957	0.05636041785099949	0.0001660162862321679	0.008174122358465763	-0.00386488476757719	0.012225959980328	0.01112231283274109	0.011928297714549	0.01073351068066863	0.01639398094631678	0.2897844410752228	0.01185119735399562	0.03673137944212384	0.999999005625864	0.999998075588025	0.01000248284293484	0.01000110987778425	0.01000030241331839	0.01000008244069125	0.2574145679878767	0.3289375006021625	0.1212819721236864	0.01030870034422319	0.01086129794416611	0.3081457652866231	0.01051692353077501	0.0110008483147816	0.04313685080904642	0.01945542947567769	0.01117898851876249	0.9999974795518377	0.99999853371749	0.856247903390124	0.3312145605491708	0.5463079559989863	0.3152108551038985	0.01018940890776639	0.01068436284624948	0.01000012017527331	0.01147807863077716	0.9999994488186585	0.01000057697354356	0.157628349508279	0.5058398332261308	0.2505856437709325	0.06720169075171481	0.09212654486908978	0.07929765048655216	0.0794782199726104	0.08443249901470377	0.0559472866527231	0.06923922778667972	0.04010249049911405	0.677570152347187	0.0890754057539824	0.2520136041943284	0.1899015466692097	0.0102030800945206	0.5383730603674017	0.01772245289923078	0.01488510450440758	0.05470742596574135	0.02209188153949465	0.02076152705336362	0.02079134378986457	0.04358835356361835	0.03430353337402593	0.03046806744069878	0.0713450900711198	0.08507376233358174	0.309446425573145	0.4098638576785222	0.02146221954213925	0.05132982647685352	0.01534855986845561	0.02971958486247922	0.09680878126135881	0.06389332703555131	0.01006992355116939	0.04064863727809658	0.9995207880219384	0.01050902902203845	0.0443872109312296	0.05137557846444227	0.04757273133533219	-34.77582394715137	-14.54149347200086	4.401838196221082	-13.8880297325834	21.46946799309369	7.427321957106766	0.008545908551183043	-0.1291599168729723	-0.3078686263843369	0.06336869863256581	25.03222866792521	-58.19286797549496	4.560653666644117	-0.5992300534147064	-0.04280072907806341	0.05502241337642118	0.2252610077965945	0.2941473193242728	-0.004630716353121884	0.2985495641845843	-17.37437988282086	-3.081004006382311
1.85	0.06659396753746064	0.1219597193292121	0.05958827635333121	0.1742365096681782	0.0260976746849915	0.1059224445061334	0.0110848290938359	0.02024815055860633	0.9999990532255197	0.9906278087793771	0.01000171267885056	0.01000077080678878	0.01000022098472498	0.01000601346005439	0.094422050714683	0.1183718400568204	0.04647361490912185	0.6199758934460562	0.2255603920858381	0.1110467524572829	0.3393139847251802	0.1914087404469062	0.045198903287501	0.017500604786912	0.1741178058393728	0.9999983906425856	0.9999990832276074	0.288651519039725	0.1224267631200716	0.2637386676043873	0.1160343810069441	0.05155489870099269	0.03208172423077757	0.01000008617233016	0.1928439505467315	0.9321828443596611	0.01000039545298362	0.2257274900071066	0.667160609685323	0.3435594769588473	0.03680547893506751	0.04288239700450369	0.03756742250138049	0.04182190806923373	0.03822767863289037	0.02803913486858264	0.03259648535513612	0.03778753037808	0.6164706538140967	0.1061671255303926	0.2323617435638031	0.1689219229303169	0.01018169736556964	0.2756103390189286	0.01518617262609823	0.01437493751426971	0.02576992797027632	0.09282865953802982	0.0202986476507868	0.01528089193859861	0.06648017043692972	0.03130121312783217	0.02149436732337351	0.03524605204594368	0.08951262077664136	0.2719298827927787	0.3549304943307452	0.01471664442343149	0.03260340197140751	0.03683252754685486	0.03456136494776903	0.05318210983016782	0.04037121136569264	0.01004938075240229	0.05127189308716195	0.9732316599616858	0.0103661415210886	0.04183247697818418	0.04811198958679706	0.04508169894107969	0.06223597831347056	-0.1940996695830167	-0.001371981593870651	-0.3194016950773114	-0.07273712319153663	1.1162395123182	0.8496591768452035	-0.04032441168490492	0.9714979715458714	-0.1147498710896735	-0.5071807889253055	0.02408099995369513	0.3683998782172165	0.003195973218859431	-0.1067357700869377	0.6202185428410828	-0.2301817761018763	-1.587097311610155	-0.09605079091513748	-0.7882568721449908	-0.01687008127043602	-0.4972823084371935	-0.1958987917713618	0.9416322904487565	-0.2166888489818294	0.1072523858021652	0.02812379658200294	0.5345421642060227	-0.09294786479021225	-1.215729954786128	0.5345030603356651	-6.339715685270655	0.5345030603356651	-6.339715685270655	0.2681262091213327	0.116289005640085	0.2681262091213327	0.116289005640085	-0.0963763822686813	-0.3561737757813803	-0.1006605365380003	0.211209329569602	-0.01594837299078759	-1.121885899080352	0.1979799275020003	1.186495491757309	-0.2430741652123892	-0.6843690601229718	0.0524848456600366	0.7271005349888384	-0.06511319193351564	0.005851627200776391	0.07238236475193237	0.8331949011222279	0.387891883715006	-0.8678477070386207	0.6576914801986056	1.423643963929786	0	0	0	0	1.570787163004317	-1.988496914366062e-06	1.426668894791211	-1.080529029135251	0	0	0	0	0	0	4.246052297522526e-11	7.917601912223167e-11	0	0	4.246052297522526e-11	7.917601912223167e-11	0.769003060015268	0.8801818635650926	0.5056937263585655	0.1580538298530839	-0.04176023425110199	-0.006441312344556426	0.09862893177270542	-0.002424240993486609	0.003407317303600152	-0.01234005767879495	-0.09733636740019405	-0.001911865564774817	0.01603950113565902	0.05546326908018163	0.0004912875070570677	0.008216847314562263	-0.003414072906614174	0.1018569225552233	0.2107936612808886	0.09985370125538828	0.3280162349151178	0.03395430366214091	0.01145436594342454	0.01170144626956093	0.01246645661750832	0.9999995423565938	0.9999992204303276	0.01000120271709612	0.01000051750072028	0.01000012678104714	0.0100000285784682	0.01196104494782432	0.01151089985830499	0.01205723966892823	0.9991771825685494	0.3865803936604705	0.01168526764078596	0.6269463130899978	0.3276124942082704	0.04338171623179479	0.01829250054870762	0.2763659862973167	0.9999985041094187	0.9999990979863319	0.01046444925153955	0.01171007184785405	0.07773730197883369	0.01139090608080057	0.1093212067552545	0.0577275287007737	0.0100000450148051	0.3101932009661331	0.9999998008070378	0.01000027494260537	0.2550418712865843	0.7172050803882712	0.3799890111042941	0.02068949468914123	0.01691057327968632	0.01594384876391364	0.02285550312457687	0.01449164067392613	0.01389602617220352	0.01381103190712767	0.03655738249396642	0.7431852469143505	0.1337875959864187	0.2673002240520004	0.193195859880012	0.01011072512112374	0.1666319526036778	0.01319283898729211	0.01305977008711958	0.01144032849932621	0.136670369066989	0.01843224626138125	0.01226239177622074	0.0827780682497427	0.02886227211151271	0.01611632276460917	0.01657106574347468	0.09466927242425953	0.2709971264214469	0.3374131356898287	0.01138515269390931	0.02131136224150913	0.03757782694038689	0.03621270829719817	0.02840316865475656	0.02805942519313885	0.01003403687293187	0.05740592216188826	0.9997889786897114	0.010266282171157	0.04221239195742631	0.05208096754238398	0.04655464814370532	-45.94394873242844	-12.49552723080893	3.827245892821218	-23.01069620635759	15.06372358911353	6.080189995003223	0.01347964854258296	0.04938724758719776	-0.02094511639272669	-0.0365362631297359	35.20131525873659	-58.0748342665851	4.554489053919298	0.3018518690687918	0.02387896596134677	-0.02052758031354117	-0.1130969773799343	-0.04691633532277679	-0.07105026995764997	0.3340997736622088	-16.42285374246248	-3.212665295412187
1.86	0.07119550029646773	0.1361253168360113	0.06940811551652504	0.203921444616647	0.03227940225726127	0.0535994680976559	0.0161428416802245	0.02112604141961651	0.9999992019683474	0.9942948689384987	0.01000158692105112	0.01000068044762903	0.01000017167098081	0.01000237717077514	0.07086137534132017	0.08726612461637841	0.04961356764822285	0.6457403217660861	0.2509547912385626	0.08186634784691268	0.3844917292723998	0.2113742907553294	0.04894822999245171	0.01969511799322649	0.1833840623093018	0.9999980799757771	0.9999988400072064	0.1676100365073972	0.05017410377581993	0.1686380699080275	0.0527016443222695	0.06698185918947981	0.03916543497751426	0.0100000628866071	0.2051502979870623	0.9587310629961813	0.01000036497678664	0.2206305456432792	0.6474584529895329	0.3341225792519548	0.03970132955668309	0.05168383369694841	0.03471845569632063	0.03891318706011158	0.03690516871264215	0.02939288958165668	0.03396582139432996	0.03751829156293243	0.6674873511992769	0.111354226923369	0.2534436978559239	0.1919799966573178	0.01018015717373636	0.2919776144487854	0.0160292698881435	0.0149482014853903	0.02677362368191326	0.09690920062753156	0.02181674768825906	0.01740296614137741	0.0687723105381991	0.03247856456641381	0.02337482203265634	0.0349692968517599	0.1023917681417196	0.2816732495214811	0.3649866817097981	0.01684129608728785	0.04073282169145761	0.04001839033818181	0.03509979403237963	0.05688860604823725	0.03732886640556292	0.01004976390600022	0.05477028548452564	0.9835947586613107	0.01036323965716573	0.04300890351824518	0.05163989412898231	0.04725864207824531	0.06032806409651589	-0.1850227650260442	-0.004236185333419411	-0.2539010783625751	-0.06158883532432884	1.109957926251049	0.8493091586325509	-0.02944088577011504	0.9702938424932431	-0.1258047380711524	-0.5068986575009757	0.03240211301964374	0.3683503772057549	-0.01182301617444115	-0.1007142607383394	0.5829703450282936	-0.244437443676715	-1.256395720510815	-0.1040392277567776	-0.8134375391410701	-0.02161089371072034	-0.450856652351177	-0.1866286918377028	0.9094700393101736	-0.2154408775755063	0.1397414919292722	0.0331555157232689	0.4726034580818173	-0.1050542761563625	-1.201915728112049	0.4728744463732341	-5.959764619810322	0.4728744463732341	-5.959764619810322	0.2691244326681275	0.08237530338655519	0.2691244326681275	0.08237530338655519	-0.09982358250885158	-0.334485560218669	-0.09840542254967244	0.2383879847483724	-0.02752807808869681	-1.193360783277478	0.20922834378677	1.063178432971522	-0.2499185961708154	-0.6834106814347688	0.06004850394578132	0.7861378029518344	-0.06471420750737551	0.07591610960092324	0.08050866241476509	0.791166653008069	0.379398512914758	-0.8270884323810851	0.6722881153582768	1.493568081995438	0	0	0	0	1.570787124834916	-5.352241667168208e-06	1.415768065305926	-1.09493283146277	0	0	0	0	0	0	4.314390928520196e-11	6.379031483520362e-10	0	0	4.314390928520196e-11	6.379031483520362e-10	0.8316737011482089	1.029537538458874	0.5244753477713521	0.158347550172995	-0.03942197304946794	-0.005121087648620082	0.1000342812691151	-0.002306991823395603	0.003819087394155819	-0.01274410527722843	-0.09854003363035763	-0.007497249206461372	0.01645602269072961	0.054563268841297	0.0008037912753533242	0.008204826586528413	-0.002958100319640747	0.0165273319909101	0.01302808382454992	0.02258312535856733	0.01551380286686732	0.03305965742522637	0.09279148189361384	0.02713299923738892	0.03904414793229175	0.9999991629002534	0.9999986789423108	0.01000223862998094	0.01000092655912417	0.01000021260402015	0.01000005485080621	0.1664789429901378	0.2045787414068367	0.1283692508992639	0.01800452198138984	0.03015198540527571	0.1920589513179065	0.01536207305498729	0.01800735280499301	0.06006302005854203	0.02436894774611077	0.01385159156812023	0.9999962063354997	0.9999975251946853	0.2839261785178683	0.06112226711315387	0.1774458782909088	0.07792640606158094	0.01117267523839846	0.01397913233304949	0.01000007631690779	0.0174675571562751	0.9999996770849295	0.01000051711496292	0.142332308016067	0.4422407692558724	0.2201352516101484	0.07838654092222595	0.125072652118902	0.07024896351698387	0.06940782495145695	0.08045783650615032	0.06074590092806097	0.07445376136190937	0.03927964474857296	0.7239019073309172	0.08167702930080144	0.2810596657112339	0.2369046125648758	0.01027749662048363	0.5819056228933485	0.02145572229275649	0.01817051809741262	0.05786809652425996	0.02412251181466273	0.02798686603938404	0.02814611938587865	0.04489556077472786	0.03954969798780824	0.03793064251606661	0.07108797256837122	0.1293071731361138	0.3284642138096402	0.4444930179854422	0.02841905385882231	0.08199585816015824	0.04002879524927856	0.03258471920494361	0.1138560654111293	0.05406558392375405	0.01007785100811233	0.05172408078483837	0.9995516419574012	0.01053702760502334	0.04620618102005307	0.05610497856142405	0.05144657584552525	-50.10828313369304	-5.930617739329417	8.789214134423553	-25.02646597650855	7.075560002315917	1.064561875412179	-0.04302302815216293	-0.08003713136885796	0.2971596256829257	0.04040459479593687	45.22203210580362	-54.1973719878497	4.538157130735724	-0.6107630857688379	-0.053028388280194	0.08004260563878406	0.2262044358787783	0.321903777522583	0.004041848992449047	0.3231686942291732	-15.85181841995351	-3.395051389191555
1.87	0.04116532250726129	0.08042702504045104	0.05904950437605908	0.190459040926495	0.02692521730957182	0.04604515689123063	0.016596145118823	0.0218540376460625	0.9999993003819426	0.9965465734955404	0.01000151394807175	0.0100006314147578	0.01000014839700977	0.01000083793265621	0.07286887320302698	0.09598386885217812	0.05552493981697203	0.6436111718860521	0.2440611483403427	0.07963394004178284	0.3500832792122148	0.1946871836306684	0.05890973438198265	0.0203920574718304	0.1452502606772541	0.9999978090567609	0.9999986280792282	0.1350995550895764	0.03737699632718047	0.1227840569483822	0.04220869978379183	0.09803390912363741	0.04471330010837734	0.01000005184036893	0.1873880670107616	0.9750268711191229	0.01000034738732564	0.2060538226312111	0.6074722796759516	0.3125709258984585	0.03765507926774502	0.04984508949176083	0.03451594902794083	0.04154944921329987	0.03622349240102486	0.02870525642319068	0.0331459481773169	0.0370742440800801	0.7242636924309452	0.1255663104957307	0.2761410664625324	0.214372941794241	0.01017238224934659	0.3046739776321691	0.0152331215969183	0.01406220108311466	0.02667775938947363	0.1061954908786107	0.01947874910271999	0.01674358085885656	0.07705527575086571	0.02971898451686832	0.02199618937190643	0.03404527078138117	0.1044460326631815	0.2867019172961991	0.3673788687009218	0.0164591988095316	0.03768867038871213	0.02664104818085092	0.03320787267090407	0.05339510677513538	0.03852269042908667	0.01004836682629085	0.055119343978527	0.9899623867295066	0.01035385812421898	0.04416554121589924	0.05725282443943653	0.04923425880061957	0.05858676717594652	-0.1606375664750586	-0.006462223821492865	-0.1920683980562367	-0.05060742845305303	1.082841042909285	0.8490751011013373	-0.01713662560818449	0.968987513656274	-0.1351698736799258	-0.5065314161339093	0.04112374271171429	0.3681801721518021	-0.02177447768919343	-0.09509823730182748	0.5391853742131698	-0.2551882405135054	-0.8894078522583394	-0.1123998333390094	-0.8626030602795259	-0.02589063900086043	-0.405461020005796	-0.177766951951341	0.8600640598279907	-0.2139477008260474	0.1562018951796203	0.03759481819772991	0.4163484146353058	-0.1169085181034896	-1.164836638111427	0.4158165726185665	-5.427493152360041	0.4158165726185665	-5.427493152360041	0.2697604989614482	0.0445425649940369	0.2697604989614482	0.0445425649940369	-0.1030905435241589	-0.3201158363953757	-0.09592352631895565	0.256359337878643	-0.03979304259740476	-1.258047730455699	0.2192483828331571	0.9412777634447851	-0.2567177163242666	-0.6750506879779492	0.0682159532762627	0.8476142797902035	-0.06358113120970943	0.1500046189168241	0.08819016156265046	0.7444626496477706	0.3714183725697907	-0.7658991842839762	0.6875141098318279	1.548898830303161	0	0	0	0	1.570787061390904	-7.088064045470496e-06	1.404868479811563	-1.07984351093224	0	0	0	0	0	0	4.71986674019568e-11	1.897176603379185e-10	0	0	4.71986674019568e-11	1.897176603379185e-10	0.9174495791958748	1.1573364733332	0.5533706173822196	0.1571709119209344	-0.04091775352307113	-0.003977737256804947	0.1002413265732851	-0.002142681985340345	0.004054618410748847	-0.01297586551393942	-0.1004085556998051	-0.01304745887629839	0.01659709717341387	0.05343890334438549	0.001093809644618568	0.008108741707991897	-0.002481457609390011	0.02475451310404243	0.04932433524473079	0.06733072440854009	0.2585585599708758	0.01915601915267377	0.01159889541665295	0.01298354178658424	0.01387127518541925	0.9999996036391811	0.9999994114652966	0.01000108075237892	0.01000043640229546	0.01000009545700522	0.01000002221974466	0.02362900120542371	0.04387539143764316	0.01903507390219152	0.9965730292460957	0.3529776673178796	0.01672607396930365	0.4638764324504049	0.2647818126545167	0.06934777615779955	0.0190289921201621	0.1577192170554053	0.9999977698485496	0.9999984504338002	0.01061802858098515	0.01165672863781522	0.03857325789004847	0.01207885195526468	0.1853349444829513	0.06704248399590967	0.01000002943964838	0.2478664041626323	0.9999998647404974	0.01000024541473319	0.2148411059923327	0.5954159690070744	0.3176000530056305	0.01689866371719815	0.01329107299133244	0.01622249593542955	0.02936314405208089	0.01375924889733882	0.0126932890378293	0.01299416512498069	0.0355397459443705	0.8640478853461343	0.167944408909766	0.3135537310170927	0.2382938962580916	0.01010974879017941	0.186536979782042	0.01180354216435565	0.01163518190538513	0.01117014518698804	0.1581345365494692	0.01407131430387305	0.0112655839774312	0.1018963402218196	0.02291188810196987	0.01343601557721508	0.01494522600882399	0.09784823225333153	0.2756933646973368	0.3350198923397078	0.01084386398361424	0.01510701258462833	0.01394706024226505	0.03201892765245599	0.02382332890151617	0.03144670145168232	0.01003150718424743	0.05760988996039424	0.9998189142711474	0.01024808461896963	0.04416691735500362	0.06308832227792037	0.04985538353568112	-59.18454653886303	-0.05967568173573192	5.005054756931258	-32.29552028839746	-1.177000503073433	-3.248599225182411	0.02211203620828341	0.03675235957450672	-0.1832273785711976	-0.02448721623362688	55.58823701057067	-54.09533494051415	4.520065779734106	0.3091276656044909	0.02810624371139649	-0.03512333294762642	-0.1135230822834712	-0.05876839496248974	-0.07921956872778856	0.345165220832841	-15.23855571509881	-3.495339000551975
1.88	0.0304280553094215	0.05472742200240929	0.05718834986489438	0.1908118176173386	0.02439331852011872	0.02679183043107472	0.02204783434131276	0.02228153768150786	0.9999993757603491	0.9978976324499458	0.01000143431507505	0.01000057860714833	0.01000013029436887	0.01000034793977408	0.06049670648968059	0.0809514799821426	0.04003081722374503	0.7569062952645578	0.2836138874173351	0.06520705447045222	0.3711189539521844	0.2115795168028345	0.06868466503699759	0.0208572000925757	0.1267418012428939	0.9999972115951414	0.9999980176157418	0.08165693868294846	0.02254821109280633	0.09227438423909388	0.02682459233041552	0.142121672476738	0.05372979104455562	0.01000004211769776	0.1888606730915543	0.9847994729795696	0.0100003280684339	0.1943470356259757	0.5681638725142346	0.2917404242696193	0.04244943757451787	0.060289849391605	0.03375878674707494	0.04067189971278415	0.03730905608035186	0.03097027556491069	0.0378656338798137	0.03675711897371093	0.7872448688317789	0.1433579390578287	0.2993672351022315	0.2366625871425713	0.01015345766367371	0.324101386491995	0.01627379606816642	0.01513758936237181	0.02754882466585263	0.1113827459428907	0.02172316399013803	0.01960249953319175	0.08107462411956322	0.03054472367207448	0.02370037013580103	0.03479014171409522	0.1176034174211936	0.2944862625259389	0.374143642260468	0.01908925866785793	0.04525094747419967	0.0431578775725828	0.03311882225830352	0.06677425173689849	0.03770013895921531	0.01004369228290395	0.05697568363152761	0.9937964325555402	0.01032265715005413	0.04450427286547724	0.05920877980735073	0.04963562955816163	0.05716606649737355	-0.1210902397064197	-0.008095770032520046	-0.1356959323314792	-0.04000154365425072	1.034880832849848	0.8489709781582148	-0.003469285667302954	0.9675964260517568	-0.1427412660767326	-0.5060743876972214	0.05038410365882696	0.367917318285258	-0.03094247827674231	-0.08994979817653755	0.4896564786813459	-0.2621762469706252	-0.5076859325579665	-0.1213646735365642	-0.9336828937284956	-0.02973137527053323	-0.3634364405676719	-0.1694814815131579	0.7944726392056889	-0.2123686435528745	0.1571891116095998	0.04150703993653682	0.3674512589250434	-0.1282661719347355	-1.10236016997918	0.3647790222111746	-4.759188601356271	0.3647790222111746	-4.759188601356271	0.2700179431135726	0.007544133348365282	0.2700179431135726	0.007544133348365282	-0.106249265241063	-0.3127363807766663	-0.09331217646283486	0.2641697074461649	-0.05264777243932885	-1.310351992770104	0.2280652813274432	0.8227322905316745	-0.2633897267014749	-0.6577267113492815	0.07700073106486247	0.9089973176787149	-0.06175771660622201	0.2109842334021154	0.09538599444797183	0.6941546601263281	0.3641328219965402	-0.6890460138757341	0.7032065869873489	1.586421513689287	0	0	0	0	1.570786987503781	-7.497006932933239e-06	1.394279318064995	-1.032294998064718	0	0	0	0	0	0	5.069180910060838e-11	4.503071698085676e-10	0	0	5.069180910060838e-11	4.503071698085676e-10	1.021743385859297	1.254565698723214	0.5873041822484896	0.1540270686350008	-0.04539932064236198	-0.002934757675526103	0.09928995023615655	-0.001931667439654887	0.004138314943367981	-0.01302758143437399	-0.1035420713908742	-0.01882198314442709	0.01634228597135059	0.051905288077382	0.001354273436818747	0.007902321001425631	-0.001974547240950102	0.01987167761332991	0.01455916100709424	0.03000938649160055	0.0443280627233401	0.03080639918427642	0.04019804779356759	0.04312247602873316	0.0396534995760443	0.9999992445514999	0.9999989231192665	0.01000207315719965	0.01000081742614185	0.01000018121791416	0.0100000526738685	0.1232225144201206	0.1437651913650821	0.07306167487784622	0.5760543514241723	0.1992825956805059	0.1453792163477185	0.1947089408478345	0.114228617382034	0.07986797277596773	0.02508460920177365	0.02107038670992115	0.9999940317844506	0.9999951086611872	0.1350317795872059	0.0287731450805132	0.1354263326596273	0.04077976413837607	0.1112306660130043	0.03516523424179542	0.01000005810500076	0.0588100244428049	0.9999997526757475	0.0100004768655011	0.1266723604373505	0.3709555695984606	0.184523992540676	0.09555460030797794	0.1613504104139737	0.06808106466118803	0.06401303670557074	0.0845223461142032	0.06841072863140885	0.09008081176257357	0.03877696520570419	0.8695434742850982	0.1211266719265715	0.3300121193797012	0.2839768801045595	0.01022924232203808	0.6439173960139978	0.02530415911477125	0.02219671056437866	0.06064101873278414	0.02665459889478893	0.03699063678385336	0.03734952755616042	0.04687915133024732	0.04485543677452595	0.04441107653163094	0.07429675943357973	0.1720507439451762	0.350343710310397	0.4685833865916277	0.03666992201939739	0.1090343520286862	0.105381075573855	0.03430138388895074	0.1616364422336749	0.05029540589123584	0.01006544653109485	0.05716690617970505	0.9996204458452146	0.01045424054175478	0.04599667133159244	0.05582242983712069	0.05050553662128008	-67.37485109332209	-4.78108506734834	7.627729717766023	-38.92092133822513	-11.52637925098683	3.706111935170648	-0.06047849537215599	-0.06759283533923932	0.5193122048983303	0.02368723674883519	64.10081041165115	-50.9260744309581	4.508922102787163	-0.6297031903344847	-0.06197631075218978	0.1244644161574792	0.2269151930843917	0.3702205161962545	0.01229447160363088	0.393272667381743	-14.80615268041947	-3.69945532879493
1.89	0.02462226594811417	0.03736176920205789	0.04871197637697879	0.1754366784605262	0.02310708693973174	0.02385354203285718	0.022976267726026	0.02368124810076302	0.999999425101101	0.998727236445728	0.01000139797982517	0.01000055355327272	0.01000012223347103	0.01000014228697664	0.05896555773116527	0.07529720740022422	0.03817999926781832	0.780967421954314	0.2819336308264779	0.06531040110377588	0.3479301071277174	0.2000463040860514	0.07019838903341367	0.02204184145035372	0.1134140185699881	0.9999966966214325	0.9999974677655886	0.06748890242314814	0.01974321451103066	0.0697725830023089	0.02448650537494634	0.1551171231620091	0.05760953083891342	0.01000003755632383	0.1836484336531953	0.9907998896971253	0.01000031921997142	0.1755966174576256	0.5156466187850177	0.2632986651541936	0.04124309028897337	0.0606240647371272	0.03379410998564673	0.05063338632227879	0.03653262285752031	0.0301910411114701	0.03805521961072428	0.03571928081364446	0.8467011865207754	0.1605813260551731	0.3260530333022518	0.2646524241249819	0.01014789636951045	0.3368104671998179	0.0158887928724143	0.01486151613603887	0.02774667032482881	0.1209102340939711	0.02053425978326478	0.01912404494264132	0.09606205935892159	0.02734617262793181	0.02274345738626785	0.0337470678196914	0.1274367433699715	0.2948201932982797	0.3787235108156905	0.01862143353825874	0.04413792363878997	0.04122977230543477	0.0302592900539491	0.07656391520958691	0.042826432955377	0.01004229185199888	0.05648273181098238	0.9961495957707442	0.0103123305820133	0.04506685050069538	0.06333663649315904	0.05065440461650755	0.05620890658673029	-0.06841350383911741	-0.009199854253196421	-0.08642365996632738	-0.0299779495261506	0.9664982114436268	0.8490098292459515	0.01142949566591881	0.9661389572447452	-0.148431760928779	-0.5055214433477769	0.06033143053245026	0.3675548052788107	-0.04200525042203559	-0.08531879967680467	0.4360499021167533	-0.2653715460400607	-0.134796280847946	-0.1311299997535276	-1.021630959909765	-0.03317771625506199	-0.3268973977465446	-0.1619246118589302	0.714783461524153	-0.2108471295499766	0.1452635803613206	0.04497307691251479	0.3273049985434666	-0.1388689444459996	-1.013910380232119	0.3210033358386085	-3.979963891854966	0.3210033358386085	-3.979963891854966	0.2699335161328536	-0.02279257055057394	0.2699335161328536	-0.02279257055057394	-0.1093656367540508	-0.311448065067096	-0.09067516596967255	0.2614921957122217	-0.06593965100943226	-1.344542480495722	0.2357150267103736	0.7077252653629631	-0.269837263879279	-0.6299136876826379	0.08638001444237192	0.9655492358372268	-0.05946482582154046	0.2410367692737318	0.1020622141471222	0.6404980526335634	0.3576713766106933	-0.6020175786822033	0.7191766001634867	1.604221922379967	0	0	0	0	1.570786914693682	-6.933225846094276e-06	1.384342555496378	-0.948759847286089	0	0	0	0	0	0	5.557532131300329e-11	5.165610646542128e-10	0	0	5.557532131300329e-11	5.165610646542128e-10	1.134874957585864	1.316771300278613	0.6207832083307182	0.1488303217398512	-0.05169006368680562	-0.001908952181701384	0.09740612853686091	-0.001679299921678636	0.004116523457978386	-0.01291840105265942	-0.1082551612693402	-0.02486197383121231	0.0156091618322645	0.04991279876926109	0.001576652418817921	0.007571985929827718	-0.001445707605322686	0.02256623662578571	0.03307514453654416	0.0507011016155392	0.2248288436628546	0.01813655071730972	0.01196257521700623	0.01529485935552544	0.01683536183579709	0.9999996317542799	0.9999994878070358	0.01000103099749681	0.0100004000301267	0.01000008674181805	0.01000002784205623	0.02283023781310355	0.0337220042814854	0.01724505763559052	0.9706273801837485	0.329697415567257	0.02061549279236691	0.3970061837726885	0.2343147803444778	0.06745453474529282	0.02185420518770703	0.1465199783652377	0.9999966041461497	0.9999969238623118	0.01069694848453677	0.01233079852525124	0.01478129113260932	0.01337081495074855	0.2207088603963191	0.07854913435171848	0.01000002334921933	0.2446894725194734	0.9999998878112613	0.01000023320847026	0.1722390039810617	0.4707982849107986	0.2529683943312863	0.01438946170889376	0.01187359820779435	0.01680105960222299	0.05189319026623348	0.01281664711114631	0.01169301081900946	0.01281873085313793	0.03339189689722975	0.9815640746802087	0.2067723843902461	0.3736207402746488	0.3008882441792219	0.01010089455875068	0.204593510915068	0.01108589711715323	0.01104085581963279	0.0109897556724006	0.1789060367484213	0.01200853149760679	0.01073983465254298	0.1373325164055519	0.01639995516337854	0.01186574608297456	0.01327603086680822	0.1187339254505252	0.2675727230464068	0.3459682260162066	0.01052016093383938	0.01254637846487119	0.01129917656474641	0.02602168636723977	0.04492823851461739	0.04324823925216784	0.01002908583499265	0.05526316895850525	0.9998238422410938	0.01022929173566899	0.04510224231092083	0.07128779881565279	0.05156423224421899	-66.05311295547467	-2.214318390589545	6.231942417626676	-35.89864449079271	-17.01330678485356	3.215239807711082	0.0283115087383248	0.03158546026955773	-0.2619931565404882	-0.01502130111499799	72.04373298245397	-49.92118291589208	4.513301347218033	0.3204418519906769	0.03218514072387507	-0.06011717283961961	-0.1143494993015058	-0.06126009666508202	-0.09522415913338349	0.3981562012070868	-14.2232397858222	-3.829504989532099
1.9	0.02467447799488492	0.03298751059523489	0.0483444273055653	0.1883483508818153	0.0224437725155818	0.01768004464979912	0.02997787729303288	0.02423491861595214	0.9999994604948503	0.9992250146413392	0.01000138270580515	0.01000053755838157	0.01000012100428618	0.01000008528849815	0.04963168098291172	0.06709279854281744	0.03039507860220652	0.8635385085519417	0.3062385807336087	0.04961986203484526	0.3739200424350843	0.2193014439089836	0.07298557015559552	0.02388620184860103	0.120313818460463	0.9999959067287207	0.9999962202552464	0.0277785464445819	0.01633145777520162	0.05941476482040312	0.01956631229880669	0.2455272554755547	0.08128755752495796	0.01000003463331696	0.2019531881429576	0.9943999044065372	0.01000031537308039	0.1608700285673509	0.4684842860764353	0.239292283789871	0.04653625830260773	0.06794821645450298	0.03457442476764786	0.0505327848521035	0.0403829222817042	0.03518038530537302	0.04118406352485292	0.03577706868312253	0.9052686804276878	0.181761083491419	0.3523171929932332	0.2876498626079908	0.0101379943612996	0.3573505969350856	0.01664495980445104	0.01505527607621924	0.02623648184837003	0.1239495750019987	0.02285773636009887	0.02353441608121804	0.1028854164405578	0.02816012039052506	0.02545154781816301	0.03637179685949875	0.140188906822954	0.2953225343362627	0.3917915494032232	0.02378924746764483	0.05152660885343797	0.05580854565126163	0.03018183703271671	0.08893744604692871	0.04321889234204548	0.01003965110053481	0.05477460233986094	0.9975564036136433	0.01029259836348828	0.04523375824938051	0.06556073830971164	0.05062141343658375	0.05582959761081362	-0.006234099400899453	-0.0098521568411362	-0.0455081283465761	-0.02073643198569044	0.8786819004946639	0.8492029743097455	0.02734750925756321	0.964634369693703	-0.1521476252727504	-0.5048650012193964	0.07110502141234584	0.3670676335390367	-0.0558925774058289	-0.08123396505740171	0.3809220616556458	-0.2649762070145795	0.207055552730341	-0.1418285475800757	-1.118894717320028	-0.03629291324297372	-0.2974106763171038	-0.155222373046434	0.6241602617328702	-0.2094929830488834	0.1244824086854608	0.04808519722152214	0.2967532533775977	-0.1484615814162611	-0.90067943140314	0.2854423782579116	-3.122124350897044	0.2854423782579116	-3.122124350897044	0.2696058596068385	-0.03999091078986556	0.2696058596068385	-0.03999091078986556	-0.1124937550577187	-0.3148029688159963	-0.08811626296923107	0.2486554401062722	-0.07946058503566648	-1.35535732130929	0.2422264000119499	0.5946508691641081	-0.2759485935988283	-0.590290177735061	0.0962735892481013	1.010624186906999	-0.05709144719924018	0.2249534890607897	0.1081822298169147	0.5826867347764947	0.3521077903855535	-0.5103769381490176	0.7352245403964444	1.602143454612836	0	0	0	0	1.570786850884591	-5.754448929199661e-06	1.375435134779372	-0.8259779895544954	0	0	0	0	0	0	5.96365090139075e-11	2.280236683715858e-10	0	0	5.96365090139075e-11	2.280236683715858e-10	1.243702929832008	1.343450606720173	0.6484523563651197	0.1418008727962857	-0.05851899132431811	-0.0008339540526489473	0.09491308363095864	-0.001395380342005665	0.004045314110873734	-0.01268351394182186	-0.1144343797390192	-0.03095392890302492	0.01438338451082752	0.04761804027591562	0.001747031387864419	0.007126937913450112	-0.0009272454376960927	0.02600881972569192	0.02141246030778949	0.03890341621171624	0.120381876486697	0.03006640283913167	0.02443082932889537	0.06372333440854325	0.04000098726878198	0.9999992734979913	0.9999990052573523	0.0100020622362328	0.01000079387845053	0.01000018512603946	0.01000007720855125	0.09448394098039091	0.1225979101449971	0.05069537711671895	0.91339531935308	0.3014850175921118	0.09397249074569192	0.3617312884914692	0.208769669868231	0.08710303381379042	0.02946310203950351	0.06578889405138826	0.9999916272420193	0.9999905206599357	0.02388892325201579	0.0212718905366882	0.1258923812470878	0.02817811603001371	0.4337577446977488	0.1065149257094846	0.01000005378578579	0.1355274632352426	0.9999997773672827	0.01000047383270001	0.1070047725999769	0.2997428829237182	0.1511667258706313	0.1136938141840647	0.1857967485875539	0.07048107032847804	0.05304225728427805	0.0974637367110143	0.08475311989317585	0.09986114431917299	0.04004484175985402	0.9851130037749648	0.1688543867694255	0.3831307362596319	0.3225494905714884	0.01020538734917144	0.7114295124933203	0.02792156008607031	0.02303108052552432	0.05580823129977842	0.02114886449212709	0.04515115967325275	0.05118250256783222	0.04778312206225951	0.05047154993010963	0.0535760234374969	0.08352302012911372	0.2040592474027161	0.3517434321635599	0.5156976436684456	0.05279487210578709	0.134101991072387	0.1548283248635201	0.03700048973882551	0.1939548987278489	0.04608188594796948	0.01005900871214028	0.05235573367693856	0.9995950703720555	0.01040598770992	0.04589708001224755	0.05794257743102856	0.0492556785296798	-76.59252413593762	-1.590295107844661	9.254296068887927	-45.47925078718843	-23.69057072286071	4.090614283148291	-0.06888987699780678	-0.06065498897067201	0.6387676832528061	0.01327124255554249	76.43071120934037	-46.29190690704479	4.539795000849274	-0.660537075298907	-0.07003568091369994	0.2077548434505508	0.2274629415013581	0.4087844039662905	0.03186056120615972	0.4387909538978182	-14.41270189033041	-4.025584851975696
1.91	0.02092797287601935	0.02235775218893181	0.03595673737174961	0.1717885058217884	0.02106024136763178	0.01708958438756219	0.03183199840785071	0.02641161491436093	0.9999994834851202	0.9995306686902039	0.01000137342129812	0.01000052973428269	0.0100001215724236	0.01000006295022263	0.05033177248356283	0.06297753330058352	0.02862116238146298	0.9023487576322768	0.3288717284822484	0.06658283793280699	0.3769134259803485	0.2268398022629246	0.08547652172214287	0.02298095494294378	0.1144297104090553	0.999995412386203	0.9999954256654566	0.01982944251165967	0.01614431975888	0.0543900347937256	0.01993218338156822	0.2599609605928553	0.08000596290397555	0.01000003342111404	0.2170186939346693	0.9966104244987321	0.0100003131701031	0.1419827242543283	0.4144840654807719	0.209883873161568	0.04559924378724624	0.06899842938954655	0.03338578363923159	0.06356200986253491	0.03947586749000178	0.03440499635018977	0.04159692539872386	0.03444189542623895	0.9399580633097195	0.2117893750923152	0.3781871074361557	0.3064167991644305	0.01013060701021258	0.3704671370838876	0.01645400562395919	0.01506464496765365	0.02599572252151362	0.1278304297692498	0.02256156184390425	0.02311212370490065	0.1388282526825953	0.02647134627560432	0.02478054757701759	0.03521711958918314	0.1622237571869386	0.2780477709096881	0.40588974487816	0.0232261773961998	0.05147923007781472	0.05720569974971419	0.02766977487340741	0.1112620250763559	0.04941870096713247	0.01003782539431719	0.05559950139202578	0.9985890809664589	0.01027866379723079	0.04618398788468554	0.06966675016757558	0.05261736139798179	0.05610013189548783	0.06069837961994647	-0.01014046320830548	-0.01371238035397122	-0.01246362794182163	0.7731007046998091	0.8495592115616585	0.04399233829997662	0.9631029893650674	-0.1537665370071649	-0.5040962332810007	0.082808879922264	0.3664291189352478	-0.0721072873849944	-0.07769420266982166	0.3276639866876759	-0.2613919732425947	0.5007112408211123	-0.1535078213137721	-1.216100104455617	-0.0391523803306368	-0.2758384298490102	-0.1494639574698703	0.526808049964994	-0.2083707292555657	0.09973070451639461	0.05094084841703286	0.2759977158397209	-0.1568095240057102	-0.7656002710943666	0.2586980269804191	-2.2232435565394	0.2586980269804191	-2.2232435565394	0.2691999338239603	-0.03731979530754675	0.2691999338239603	-0.03731979530754675	-0.1156708639440591	-0.3208973205763737	-0.08573292525823795	0.2265723470178967	-0.09295464477515469	-1.338575036461618	0.2476042380767118	0.4804048888880985	-0.2816003672195598	-0.5378693955205396	0.1065282941098946	1.036433351803896	-0.05515128309943839	0.1534924288092254	0.1136958413976318	0.5188067824941739	0.3474621558582111	-0.4192088595528578	0.7511589609074311	1.581969900226608	0	0	0	0	1.570786800574984	-4.283091810255292e-06	1.367959333197222	-0.6624014920935937	0	0	0	0	0	0	5.960288126200173e-11	-2.68141015209382e-10	0	0	5.960288126200173e-11	-2.68141015209382e-10	1.33390717628113	1.336747114283511	0.6657558739173668	0.1333708820401093	-0.06472655315777111	0.0003267106387734777	0.09216725895522937	-0.00109304219319237	0.0039787869026302	-0.01236683674125477	-0.1215419500519085	-0.03666070046007938	0.01272736740685717	0.04537357703104142	0.001844826076028907	0.006600836991005023	-0.0004701641041704479	0.01429212824232381	0.01311014968787742	0.02176337663514979	0.1769907725879476	0.01417003523350707	0.01208139657244256	0.016151081990031	0.02138667462906154	0.999999641679498	0.9999995023732943	0.01000102073220107	0.01000039187214999	0.01000009315015339	0.01000004075780343	0.03364595569803294	0.03607030429779252	0.013793710928015	0.9939750761992591	0.398324086377843	0.07656206378724838	0.402980420615549	0.2577230983111053	0.104182542538873	0.01818692732587843	0.1344411697208347	0.9999963468895224	0.9999964150227797	0.01101799301331073	0.01286583952788941	0.01206673498651332	0.01579564610824079	0.2056823674314381	0.06799021061285154	0.01000002262948656	0.2922852560085502	0.9999998925109616	0.01000023103250289	0.132942836211852	0.3589189302339052	0.1915056380659045	0.01215491327321246	0.01095510929187334	0.01483911733909119	0.07999699620064711	0.01158907591989117	0.01095070089224367	0.01277066621530112	0.03091573265968425	0.9981033748434232	0.2842975332413502	0.4251751693840851	0.3270906606710732	0.01008389784970073	0.2229715448309091	0.01071715605211578	0.01077956528340479	0.01075018814718257	0.1847644047162411	0.01123431363881482	0.0104729500144405	0.2310066692456225	0.01340147569379972	0.01111461108481475	0.01184557432866802	0.1689760014752083	0.2073084301001984	0.3850632780933223	0.01034000021396363	0.01139019631032545	0.01069961875760032	0.02132851030499082	0.08937569818862208	0.05612371508410374	0.01002495544735291	0.05598681973469205	0.9997633102701284	0.01019796041660175	0.04715323805126774	0.07956870235450064	0.05600259917167966	-73.97168312288538	-5.271692384591896	7.499389066327501	-41.50876609556105	-21.02455681210698	8.998772175182278	0.03118862263852105	0.03010007975224112	-0.2996552701624087	-0.008587763217314064	80.23744806849265	-46.44006861097606	4.591424413266357	0.3384688482488144	0.03674191018019182	-0.1079977661558424	-0.1142965135065918	-0.06254903476184609	-0.1161171546234141	0.4556847611118778	-14.5312584435811	-4.220532811276885
1.92	0.01560165354125622	0.01577111149350873	0.02495831401584069	0.1706447352741951	0.01555075067273246	0.01339692329114716	0.02780691655927198	0.02710899870179369	0.9999994979256676	0.9997140566673096	0.01000136632637855	0.01000052867849794	0.01000013379918461	0.01000006601340814	0.06897287790754043	0.08646389421366796	0.0189672988015468	0.9423828790785852	0.3846787782042509	0.1019575134381973	0.4101465410718933	0.260942457611204	0.1138947462248738	0.0194551601078439	0.1212481987105223	0.9999954736187291	0.9999956777337404	0.016296539926574	0.01378791065813983	0.04554335437817752	0.01882164233345283	0.3031421394710027	0.08854900047459102	0.0100000344491923	0.2606427638303616	0.9979367236319688	0.01000031214385839	0.1255506396749091	0.3651019058628712	0.1836134636875125	0.05161680075061168	0.0705103709115243	0.0371450452771501	0.06332311619435924	0.04709513864794931	0.04389932236527807	0.04244103729959375	0.03566751231169459	0.9630646918000682	0.250533972571593	0.400211155251349	0.3113541247614705	0.01011367530541457	0.3929003226081508	0.01703058495402094	0.01382110975855646	0.02556627887535924	0.1274119587576666	0.02341665729679276	0.03010375335981962	0.1613453572519817	0.02727011242881239	0.02982751217240993	0.04209180168214705	0.1745028267072296	0.2519705238288902	0.4349455609014889	0.0326432200495572	0.05779232839183942	0.06412168197341113	0.02854846341298988	0.1108263063969566	0.04919039923852952	0.01003374064139403	0.04840973308905831	0.9978128253687486	0.01024898364371469	0.04637659699678318	0.07105695675461851	0.05274834459400316	0.05704169529517863	0.1270724999700478	-0.01015799686391785	0.008613391125367902	-0.005325162533659446	0.6523377652070659	0.8500839968595905	0.06098691954653202	0.9615665847168443	-0.153119704940018	-0.5032056301497412	0.09546601643642731	0.365621616875651	-0.08949638157189609	-0.07466098353049035	0.2803255340667448	-0.255155165985294	0.736693186415683	-0.1661155163646406	-1.302785482589334	-0.04183696283606863	-0.2624384313394854	-0.1446911298770128	0.4280189446174869	-0.2074948784961951	0.07600535519658425	0.05363698181702027	0.2647879423030387	-0.1637158034126663	-0.6132352780532032	0.2409780674644032	-1.324236792775787	0.2409780674644032	-1.324236792775787	0.2689480561546537	-0.00807921574617025	0.2689480561546537	-0.00807921574617025	-0.1189134389550441	-0.3275087171859736	-0.0836112391831952	0.1965677014913337	-0.1061305613227512	-1.291383708174146	0.2518173776304141	0.3610241115834266	-0.2866612456645106	-0.4720396052810343	0.116911558840102	1.035068044995996	-0.05421054139943891	0.02566034881429605	0.118528245238452	0.4458559488096144	0.3437081075645351	-0.3326474546359215	0.7668150113041898	1.547150763209197	0	0	0	0	1.570786765297389	-2.785701109404209e-06	1.362318294615095	-0.4596017470491938	0	0	0	0	0	0	5.423469512543367e-11	-6.642180196801729e-10	0	0	5.423469512543367e-11	-6.642180196801729e-10	1.39207619825734	1.299540016584914	0.6696852041496767	0.1240682990945308	-0.06945463495321738	0.00157854555251098	0.089506078342446	-0.0007861976530106527	0.003958917778160456	-0.01201552357973747	-0.1287746057012273	-0.04146587642161098	0.0107589490004447	0.04362916732427497	0.001845653827696614	0.006042641475799388	-0.0001298488285203783	0.01381093065034457	0.01260421131630209	0.01880464219202769	0.1454697540660804	0.01496629727151895	0.01403475135399636	0.04956653576887843	0.04001053351626913	0.9999992767299191	0.9999989831536403	0.01000205008686213	0.01000079807430296	0.01000022044427461	0.01000010700662272	0.1549759236834223	0.2065193872583751	0.02317771701154187	0.9973859165066079	0.4897716214182909	0.1942274815294395	0.5001065185471922	0.3285943976653889	0.1673656519760599	0.01979058560145798	0.09786540855284363	0.9999934164322025	0.9999941647707238	0.02118179333254642	0.01446783857614357	0.1020795221013809	0.02450513703985562	0.5902690035300487	0.1366085264681032	0.01000005792966691	0.2744816775511894	0.9999997724233006	0.01000047287681137	0.08078210642913149	0.2233385033314736	0.1102574236881532	0.1341732827718623	0.1899868115202993	0.08340502052413912	0.03683473452611658	0.1228402876262934	0.1157699467884565	0.1021773470127984	0.04519422883890067	0.9968254335242721	0.262052247257487	0.4192536750355313	0.3038089924326137	0.01016262019457348	0.7873758306719332	0.02982412186315007	0.01933110843943093	0.05471349516702114	0.01319389487398503	0.04803070045170897	0.07314751302697133	0.06508059178435012	0.05452806302353291	0.06977827500457498	0.1064637357995045	0.2161129787952594	0.2800261494473255	0.6136744130136573	0.08250855269634985	0.1550337295051872	0.1767813685249073	0.04218581396965178	0.1663230004060957	0.03845141655039279	0.01004873334023577	0.02902659507654814	0.992615767086984	0.01033192265672057	0.04544501212149885	0.05730618494083504	0.04738797443301085	-79.37775938969958	-14.26348164263906	6.167709480230588	-46.08910952116891	-16.25805119238523	17.95170598529914	-0.07322784545619226	-0.06579431134084561	0.6866463811734295	0.007580008693662044	81.52871965933285	-46.85074581255979	4.666445030059348	-0.7094694427218698	-0.08237662576975646	0.3583370036769707	0.2258970337186038	0.4697335737803711	0.05138109274989789	0.5408126738277075	-14.56640794354378	-4.34859838744914
1.93	0.018138626442608	0.01875468890957589	0.03175995777654549	0.1899249561196895	0.01679583184449268	0.01338612730247626	0.03891542598874217	0.02885563044406927	0.9999995045486063	0.9998266569188307	0.01000137373009229	0.01000053317738453	0.01000014320960504	0.01000006906294961	0.06727070228814087	0.08528803419675943	0.01863064740296221	0.9643188762182813	0.4074564992755431	0.0906248173872789	0.4379888013244435	0.2749737424479765	0.1106542805650987	0.02156267965929926	0.1338432354688696	0.9999956066488114	0.999995985085835	0.01530433010758518	0.01381721416985237	0.04579660391477009	0.01858931291255222	0.3556923074869628	0.1102983327177484	0.01000003562274038	0.2783645200653407	0.998751115521891	0.01000031428276043	0.1146896009419211	0.3290247701632734	0.1649970458927311	0.05019784193005371	0.07010584139307259	0.03406709583889191	0.07902724831077258	0.04567672439071414	0.04294087999661273	0.04274624836879635	0.03427202063763964	0.9768506436736006	0.2823774673370847	0.4232736928249615	0.3313692097867462	0.01010814804888737	0.4078399116609336	0.01640180471164782	0.01379515810795779	0.02315427983079677	0.1060419319621884	0.02405338219720344	0.02950589623226534	0.27260537930489	0.02725577522601791	0.02910110158486178	0.04075413464324427	0.2045194725748118	0.1815933638057615	0.481960206826308	0.03186919025484915	0.05790301376498534	0.06538930389950832	0.02585574206032176	0.1424934846622854	0.05870713398451818	0.01003227748329195	0.04186315271021165	0.9999247625965699	0.01024308217293677	0.04901817158351211	0.0748336119479506	0.0570551884307606	0.05862221653606071	0.1876633682882283	-0.01000015049749349	0.02135504448469489	0.0005451088422335646	0.5202202683622307	0.850778575996416	0.07786674837553616	0.9600489010240083	-0.1499790199078516	-0.5021841102430329	0.1089573577743707	0.3646379694928494	-0.1073009606098154	-0.0720536070671369	0.2431997399725119	-0.2468554832795024	0.9136828535171873	-0.1794925636316927	-1.368200359272153	-0.04442804985850328	-0.2571045216967133	-0.1408870401454316	0.3342283367894762	-0.2068324592142969	0.05768530827267469	0.05626721431555028	0.2627674402268436	-0.1690365727836912	-0.449613933996816	0.2320731845910482	-0.4672147245725422	0.2320731845910482	-0.4672147245725422	0.2691484769794555	0.05418469572145538	0.2691484769794555	0.05418469572145538	-0.1222149428068342	-0.3322959830582922	-0.08182300401145053	0.1601306826782239	-0.1186762100996039	-1.212403415011024	0.2547944293248706	0.2325903712516209	-0.2909955796430863	-0.3925483906685943	0.1271159698411107	0.9996743577721617	-0.05479955953980069	-0.1503104757058599	0.1225693708254906	0.359797669904696	0.3407843510994376	-0.2534883241788561	0.782067819138495	1.502084594233944	0	0	0	0	1.570786744346799	-1.440221561777035e-06	1.358880260745555	-0.223042357583615	0	0	0	0	0	0	4.913685037117784e-11	-3.044064188928362e-10	0	0	4.913685037117784e-11	-3.044064188928362e-10	1.40745071869885	1.23346191539139	0.6594495792086237	0.1143958650592226	-0.07227458452517725	0.002901482800206278	0.08720285800413395	-0.0004867419844637414	0.004008158523991778	-0.01167466942450249	-0.1353014235728248	-0.04502589274080276	0.008609226872341792	0.04278351769850027	0.001728000562979744	0.005500751790809058	5.085347731447319e-05	0.02234714823674314	0.02431412789264262	0.04399727740612803	0.246947576479611	0.01858903181528847	0.01290570031259597	0.0408327596847504	0.02451548720129882	0.9999996271042987	0.9999994575387031	0.01000105285291347	0.01000041098836574	0.01000012007414785	0.01000005703592619	0.01604849463911334	0.01488160396158995	0.01528809229249907	0.9983248092740411	0.4180317134634749	0.02443425979575799	0.4721306537480258	0.2774245546946701	0.08063634186157537	0.02410645814208376	0.1779268443399091	0.9999972001168204	0.9999978698464642	0.01082238834029161	0.01340357046655638	0.01105002767196503	0.01494931574486785	0.3230290026723844	0.1233260360176989	0.01000002673420865	0.3219771217359879	0.9999998816398209	0.0100002396175169	0.1187133179525313	0.316068642419938	0.166408816449278	0.01068106658730311	0.0103327844145563	0.01177498572155581	0.1154806102029638	0.01061300860391579	0.01040920601022236	0.01420773982769795	0.02819992306885561	0.9985004980902424	0.3492544012120262	0.4661506434875615	0.3728179317828817	0.01007701140675319	0.2448287426499148	0.01050326486526691	0.01076627350118947	0.01045223934421251	0.1253647909572486	0.01089830994073995	0.01029427005734184	0.5857072653597544	0.01207184621334598	0.01064920549088332	0.01078972591936693	0.2374651980171107	0.01344874136811296	0.5211037827044647	0.01019978032730746	0.01058830891743269	0.0103438279832304	0.01644141382269833	0.1531839433892492	0.07648421608257208	0.01002304558700265	0.04081672314051819	0.999365410670822	0.01018743009302293	0.05282745060779183	0.0859407261702822	0.0651047411483789	-81.64664213173124	-14.43259644291103	5.087447184115974	-47.47974015747202	-3.553932213470573	16.5423811470919	0.03102821529355144	0.02561289705052986	-0.3085147722730947	-0.004604822814370163	80.62085256485615	-48.02713230329721	4.758139008613642	0.3687014180794374	0.04571012215483448	-0.1990355251739895	-0.1126449720344982	-0.05713296931162935	-0.1465842355539576	0.5210235126632755	-14.71872814045303	-4.621040133556661
1.94	0.01887965971032297	0.01990849365692412	0.03357397237032135	0.2239166560506982	0.01667796408803548	0.01277711918744481	0.03397316557806633	0.02860726194978945	0.9999994953495489	0.999894183399293	0.01000142368494947	0.01000056248213287	0.01000017975211082	0.01000008888774276	0.04730851170697672	0.05785460550333434	0.01529985037945924	0.9777521339120919	0.4450938282314693	0.0768553051844184	0.483928097120093	0.3026891337386582	0.1160080540085675	0.02193956068576547	0.1744092233014188	0.9999960712478909	0.9999967048836045	0.01191966796762548	0.01336877258543436	0.02087284251199889	0.01651968510393319	0.3889500147071961	0.1289626974508484	0.01000004156389814	0.323787104172121	0.9992397416214314	0.01000032719701781	0.1098389619240847	0.305865756635246	0.1541521072084679	0.06501784471060515	0.07503602289752899	0.05260647362600559	0.081686001339002	0.06431327066214894	0.06164168089134809	0.04723702901723908	0.03610889805192079	0.9850061431702565	0.3153137483740381	0.4306390433546762	0.3257364999946933	0.01010819488886451	0.4321734230107996	0.02157643848755171	0.01280959054375705	0.04257714147203859	0.09465988569892007	0.01771965824209435	0.0419331533422652	0.4181548767531311	0.02136172942228052	0.03900306406777059	0.05657975956183348	0.2123663305810478	0.07756894834212466	0.5434287538930043	0.04894646100815278	0.06439673882287478	0.06713970533888834	0.02887254786662473	0.110909723253578	0.05667062697716949	0.01003240693004628	0.03401849230823313	0.983049311756425	0.01021389572906462	0.04842287773999165	0.07094384619646368	0.05536294223199461	0.06076070015111412	0.2380215944953064	-0.009762929299503524	0.0244884195712917	0.005058892184933448	0.3820412510886936	0.8516391601691234	0.09409387063938683	0.9585762743924554	-0.1440559886250171	-0.5010247135811144	0.1229730070346251	0.3634723084514224	-0.126157440303386	-0.06974981586366191	0.2201891627242929	-0.2370614692149413	1.036796828741388	-0.1933746055931233	-1.402190671961727	-0.047005100019679	-0.25958234888447	-0.1379650338874163	0.2529147312354103	-0.2063126184983153	0.04787335616875663	0.05892234322534029	0.2697590067500855	-0.1726944932839055	-0.2819349682799869	0.2313579976204011	0.3072418075878496	0.2313579976204011	0.3072418075878496	0.2701618750950781	0.1554597882392924	0.2701618750950781	0.1554597882392924	-0.1255458854857525	-0.3330548659090867	-0.08042528181940392	0.1186905520781014	-0.130272402128764	-1.101603243923073	0.2564290971983703	0.09219109721973742	-0.2944670741527908	-0.2995329196865887	0.136776073351392	0.9257068128732607	-0.05732054511593396	-0.3571655011672223	0.1256640899397017	0.2556819276450931	0.3386095115894474	-0.1829217370365152	0.7968373549578299	1.451184981541631	0	0	0	0	1.570786735645715	-3.466091836827882e-07	1.357939426810148	0.03800555405962729	0	0	0	0	0	0	4.81090504052597e-11	8.109221019955286e-11	0	0	4.81090504052597e-11	8.109221019955286e-11	1.373767606129018	1.137402438898648	0.6367145312654126	0.104828723441467	-0.07320342438806823	0.004238762559181757	0.08546865447588538	-0.0002067799507975608	0.004124574038777022	-0.01138722854131339	-0.1404762081802898	-0.04743633334210468	0.006374668871737195	0.04305582798076486	0.001479336039082055	0.005007915177103968	5.294359553491924e-05	0.01352433116330062	0.01308202476888903	0.01706577885395997	0.2387435402575941	0.01341320850175223	0.01225010266342135	0.02320564878480722	0.03752754705108625	0.9999992108658159	0.9999988148092672	0.01000218965049304	0.01000087980054049	0.01000031881378484	0.01000016228912196	0.0912617312278667	0.1151649331138408	0.01361100916987174	0.9988075294814672	0.6058325687821559	0.1593654681038552	0.6419768268652434	0.4154496234118648	0.1902774110825934	0.01883166572724833	0.2232376975963355	0.9999953403373533	0.9999968417032881	0.01210896377477346	0.01311714758873781	0.02450544191594914	0.01856497910894802	0.6358794478340468	0.1730927480724833	0.01000007425493248	0.4258026079479541	0.9999997302277539	0.01000050874693254	0.08077072813232777	0.2122449985019896	0.1042013240810701	0.1850073268234246	0.2073220099383288	0.1461428264997518	0.0243583940544953	0.1861433260292855	0.1785025033902642	0.116360859295831	0.05228491811473117	0.9962607373465734	0.3310786188251795	0.3958782438023519	0.236096948626368	0.01016791057550603	0.8691755512545926	0.04601717963388874	0.01643990954709358	0.1181183086143258	0.01063217877255301	0.02830383880506563	0.1130824107219154	0.4101473166275108	0.03658969506158527	0.1016501611071658	0.1595140148054091	0.1941583403282964	0.02305864161584062	0.7855605006098105	0.1380859677915941	0.176752663590648	0.1815542490766147	0.05403727130589499	0.01416514345373113	0.02075157227806613	0.01005047658101608	0.01259311378421358	0.9019009153929399	0.01025181896211343	0.04062952843321887	0.04010243363708982	0.03705104984469674	-78.92426860472861	-19.18399873569344	7.444129095051553	-43.60520960060855	20.58873561619651	19.09815278970762	-0.0732432788418028	-0.04896380015919923	0.7161487602237476	0.003628640531268356	76.43113827877777	-46.87660356723507	4.855565976328442	-0.7963916352984619	-0.1144882697902978	0.631887692444177	0.2219007080137456	0.5192584581132448	0.07883813463102542	0.6658494456267854	-14.74230604029695	-4.523200571750152
1.95	0.01577579065364182	0.01528674908220234	0.02943985883249372	0.2239565607838885	0.01540587605042274	0.01267977476342127	0.04413069184276364	0.02946848229136865	0.999999483723917	0.9999356297006887	0.01000145051226813	0.01000057999117243	0.01000020316171636	0.01000010164475001	0.05666511937709821	0.06831915509470009	0.01655600214659497	0.9859532007245979	0.4633613839309277	0.1010522599709614	0.4976895441161063	0.3094886650918699	0.1254872997983443	0.02006503876486339	0.1611451408094689	0.9999964382682246	0.9999972197183972	0.01198488968423454	0.01315530919790338	0.01793628035655975	0.01703429922716633	0.4054363393250664	0.1306494118358444	0.01000004541881243	0.3294642636360475	0.9995397708352801	0.01000033427460793	0.1024942161891343	0.2829225820230812	0.1413830044053299	0.06478021548908047	0.07437855151701073	0.05083783445380826	0.097289621538485	0.06357875484888915	0.06154547195694178	0.05376055963784806	0.02968307395810585	0.992714067580257	0.3568957133585387	0.4635652728552552	0.3908999598263687	0.01011130773020353	0.4464935941223074	0.02011053914456248	0.01278734333315564	0.04172051080972435	0.0666354588802561	0.01755414129306978	0.0401738654039072	0.5652819630943162	0.02114274271031109	0.03654780936274157	0.05533177742438533	0.2828240483573367	0.03951795757361515	0.6400091318140707	0.046981845541902	0.06340199046587849	0.06816039523261408	0.02383210549094015	0.1616750057110303	0.05876337137223388	0.01003314851557057	0.02481466946545716	0.9999386149258878	0.04492113705566462	0.05607285362442817	0.07351066939216165	0.0627198381619435	0.06333804532378456	0.2750582537680916	-0.009542295889367336	0.01805171119970201	0.00818752838147784	0.2443659929489735	0.8526563670397642	0.1090956876262136	0.9571781405914357	-0.1350255006663564	-0.4997245546603671	0.1370121971970308	0.3621031644453905	-0.1485673672755418	-0.0675932145435489	0.2141027726380292	-0.2262709947632144	1.114466933767349	-0.2074025639302344	-1.396115841578871	-0.04964462797994588	-0.2695352568802895	-0.1357605007342892	0.1920624186306335	-0.2058417813910776	0.04796066364216059	0.06169258922301876	0.2858122132120131	-0.1746876137138865	-0.1179507299060576	0.2378234560425779	0.9636346349865291	0.2378234560425779	0.9636346349865291	0.2724051406809493	0.3009346194783561	0.2724051406809493	0.3009346194783561	-0.1288565242305027	-0.327979256813358	-0.07946167442352906	0.0734987593372383	-0.1406067492172353	-0.960397770887615	0.2565943564935483	-0.06130023915000953	-0.2969433302845215	-0.1936710149806914	0.1454975678153619	0.8121260377261258	-0.06196411126765742	-0.5702544941720916	0.1276039431883016	0.1278324396914824	0.3370986620870464	-0.1204825924072727	0.811084172467189	1.398033876337707	0	0	0	0	1.570786736458712	4.619543406068745e-07	1.359680982247618	0.3111709904596152	0	0	0	0	0	0	5.050057997899488e-11	3.880901071911112e-10	0	0	5.050057997899488e-11	3.880901071911112e-10	1.290352156304849	1.007762957694083	0.6054363022985741	0.09582024616981855	-0.07261047531487907	0.005497630800479139	0.08444590169696573	4.010676333618902e-05	0.004283697934585218	-0.01119017235771699	-0.1439764316273177	-0.04942059494061839	0.004078262494970357	0.04440858883342567	0.001100026586104076	0.004571559706137161	-0.0001141175188221581	0.01438069026528052	0.01266277854243591	0.03274017537613035	0.2317184147319114	0.01533163083738241	0.01274399787783717	0.06965050776937434	0.02609599690927729	0.9999995766452129	0.9999993195902678	0.01000111846884261	0.0100004541501821	0.01000017574800663	0.01000008828325565	0.04254571419021902	0.04717431510008099	0.01896480534213847	0.9984295871037827	0.4338529208290287	0.08914184954785756	0.4659769628527505	0.2742401137499657	0.1026846535133771	0.01914164952605879	0.12231140598496	0.9999979224166216	0.9999986832900213	0.01186676643383153	0.01289062410312479	0.01117650255234594	0.016308155327209	0.32835100024723	0.1201326531594879	0.01000003627518562	0.2995023490588928	0.9999998471486398	0.01000025676484602	0.1048732540362849	0.2798365808247765	0.143949004767369	0.01015706472858929	0.01008152987895477	0.01038844872577841	0.1502962828414573	0.01015914982263693	0.01011772288036536	0.02899869824176453	0.02005470964729478	0.9861702471350713	0.4113992055086339	0.5657065942213201	0.6214787466365758	0.01008514891761276	0.2191398262809513	0.01026529892809192	0.01097235163819991	0.0101496810753209	0.06406329733551698	0.01059194226264857	0.01012742069507461	0.9995256618389941	0.01114084291520335	0.01026520830526287	0.01022325196357704	0.4705876449087079	0.01014280396485669	0.7889538311089194	0.01007452294826494	0.01016630344679534	0.01012348196081947	0.01210228062936019	0.303735251477308	0.07893195843841751	0.01002437958520174	0.02273063724650434	0.9989318177406671	0.1109379079038798	0.06849809821529118	0.09017848309908143	0.08048903178413414	-80.69424355848601	-24.8806363553344	3.897593217387806	-44.63770643117915	47.90092824859774	20.3345594056761	0.02951545788931984	0.01694213271762281	-0.2865603356194703	-0.00348857170388285	71.98562612458251	-50.49917633558823	4.945569062859906	0.4354307150970394	0.08162379023633926	-0.4068808051895463	-0.1085754961664997	-0.07523145019632332	-0.1686945788373411	0.4301829805469166	-14.36618849025914	-4.909640339168527
1.96	0.01476350466009335	0.01389663692899057	0.03092123106706303	0.2664418341508113	0.01481804244738482	0.01234716915543657	0.06991721477336892	0.02950915101833947	0.9999994432109354	0.999960409383447	0.01000152731473499	0.01000062834588965	0.01000026052043888	0.01000013450718885	0.04110841211881056	0.04615647938659828	0.01663897079988941	0.9909614910532666	0.4911413835413529	0.08746217208882527	0.5369695182723102	0.3316999849056044	0.1275429915041528	0.01946504929726362	0.1823780912510705	0.9999968405528128	0.9999977095073654	0.01156213451044156	0.0126187759346488	0.01251778047131138	0.01567374188358022	0.4406863854559186	0.1598988464868865	0.01000005596723143	0.355482331324308	0.999719766225085	0.0100003538177354	0.09883009738833637	0.270156222791709	0.1362042982344867	0.08855772694880439	0.08776581149912088	0.08465565751215819	0.1007606155307907	0.09745789831723241	0.09061886662844471	0.06057786838039322	0.05533260629265298	0.952342112237948	0.3029637807876362	0.4917802643026183	0.5095150612954984	0.01011105872017519	0.3761765499340997	0.036990872467951	0.01290240164163128	0.07076413922642277	0.05402735507664576	0.01162410186618669	0.0708298662260496	0.772529584277681	0.01267991128587295	0.06858476259001846	0.08701707642531968	0.4036779021017788	0.02039291181416998	0.7375390202750075	0.08682705948820264	0.08150494292400287	0.06349202752668291	0.05199484112335077	0.1878722759271833	0.05648975057248039	0.01003054172307188	0.02075985186803186	0.8323318915921754	0.1243110934593055	0.04932883068970594	0.0650779997691099	0.0571074302039383	0.06621278109495288	0.2974332523413825	-0.009433277011546599	0.00220808544858915	0.009972261300423271	0.1145087854614939	0.8538151310294325	0.1223167999075516	0.9558871733474709	-0.1225749809139065	-0.4982865506182924	0.1504242535353736	0.3604754484247102	-0.1786598965659021	-0.06540749634185519	0.2260238658465741	-0.2148956793649796	1.154978837456946	-0.2211420236108811	-1.343669809848099	-0.0524191860361267	-0.2864947687146893	-0.1340300421586578	0.159289969362696	-0.2053218539712938	0.05745283361792785	0.06466926248729687	0.3110628204847516	-0.1750910357820852	0.03480643388919306	0.2501477391473195	1.475565795513876	0.2501477391473195	1.475565795513876	0.2763412915597999	0.4945693609360773	0.2763412915597999	0.4945693609360773	-0.1320819007562876	-0.3158552239812445	-0.07896430161258713	0.02560440324448628	-0.149388818082701	-0.7917921220325158	0.2551628937337662	-0.2267745681944057	-0.2983023401666802	-0.07639078683903096	0.1528969894539826	0.6622079075834458	-0.06865105662139495	-0.7610111927956439	0.1281213984970182	-0.0298137204139689	0.3361790005655783	-0.06426749814658946	0.8247980577379145	1.344839193501521	0	0	0	0	1.570786743991762	1.003645767101722e-06	1.364155590111181	0.5821411451094425	0	0	0	0	0	0	5.547154401361618e-11	5.596890940291362e-10	0	0	5.547154401361618e-11	5.596890940291362e-10	1.162026976139743	0.8400341538851948	0.5710920596319123	0.08775780100885824	-0.07103555652372476	0.00656371757915339	0.08418939409092441	0.0002394208619467834	0.004446760777453466	-0.01110797342237912	-0.1458692894950031	-0.05216911499389988	0.001673692426703032	0.04655624051742509	0.0006040646462817184	0.004175452065948796	-0.000415088051065237	0.01355476195194764	0.01348053985162432	0.02595735617253055	0.4077640106228825	0.01290713621337523	0.01136344569864347	0.09287707289370814	0.03678770026485055	0.9999990431778036	0.9999983743192673	0.01000238982797065	0.01000100525529262	0.01000046516857634	0.01000024675032827	0.03272709446316566	0.03354652470311108	0.01263862729197458	0.9992492691036255	0.6898567145639473	0.08553689295930393	0.7913362142260165	0.4960421002228281	0.1851666889709648	0.01889815018306402	0.3233376402200077	0.9999962506992932	0.9999977461437516	0.0108047357598642	0.0117392618064979	0.01125100283416826	0.01403995470413496	0.760251290327464	0.2771605592372984	0.01000010158946903	0.5257248294007816	0.999999619683961	0.01000055944988951	0.07901593768108126	0.2108151331604118	0.1068215385954049	0.2682623296028941	0.2549058477031453	0.2640338510829562	0.01236958037153534	0.3063945374728558	0.2801994223923215	0.1323661584300116	0.1405738969216825	0.7712786604369866	0.01638177473644717	0.4387940658602649	0.6009272208409407	0.01016427829757849	0.523118054763009	0.09990380817681263	0.01680061711622902	0.2162046697790851	0.0100768592948447	0.01087473586594807	0.2172374206412102	0.998723977974484	0.01156736312554778	0.2103436276027471	0.2703357397636763	0.5512560619073136	0.01012306314079406	0.9997430560280592	0.2769242618609041	0.2402172244328643	0.1648161199853871	0.1486409673777723	0.01036797077511111	0.01111144716634461	0.01004214206025369	0.01025124781933467	0.01156389287507688	0.233185647549453	0.0108662480189802	0.01029876547714602	0.01058954210034839	-83.4163741276078	-30.18472011548182	5.190717563662763	-45.95346176174052	79.49290206790803	19.46338628243021	-0.07157342946821342	-0.04212409981298464	0.6274949293538342	0.001137887560551433	65.57031310489704	-51.07426540075932	5.015564546668403	-0.8893002615205149	-0.1209938216828511	0.8850468288271256	0.2009846305881731	0.6862163683573818	1.05964867479376	-0.3321283165740133	-14.14763893576646	-4.48279199241078
1.97	0.02845731480371715	0.03242651149384677	0.04661001084855228	0.2672678578439817	0.02328949513863001	0.0143826213273835	0.07170689692370606	0.03019763011325293	0.99999940532445	0.999975583368509	0.01000158117704387	0.0100006598294337	0.01000029455591891	0.01000015405183657	0.02890273720911462	0.03055124530605763	0.01943176094927675	0.9889641445067385	0.4474634477289375	0.05959027616697925	0.5227633882813251	0.3029993434611621	0.09840316914255537	0.02488713337090419	0.1812844003952121	0.9999970867773837	0.9999980146691696	0.01149306421042371	0.01430189337060855	0.01211089793602582	0.01646527256759243	0.4397730361232403	0.1586816778388432	0.01000006235129706	0.3241765601128864	0.9998302794705327	0.01000036728379712	0.09562623535203621	0.2594368558211738	0.1322003013635752	0.09792141848162111	0.09993854468933298	0.08722159564987028	0.2511839848293871	0.09352115762852482	0.09290650843269949	0.06166397989514763	0.06185689675034838	0.9349603073155104	0.1573975942885106	0.352014289426145	0.3927276033487307	0.01046084147692892	0.5816285796060658	0.03863470520560838	0.01026281423274538	0.07265098240346654	0.3421963815596701	0.07670978379410476	0.06338147146019336	0.8811949350206243	0.1361514071361242	0.06247762388408393	0.09154649686527853	0.5833500222344988	0.3093258828538461	0.8427351594753785	0.07433719660449678	0.09401781301045298	0.06824383016804456	0.06014750865851725	0.4012096573422745	0.3431670062872412	0.0100779332826042	0.3169187169105841	0.4988338714768588	0.108942536457455	0.05698870669703646	0.08084907116863653	0.06840978709886336	0.06923938324609762	0.3056640326584994	-0.009528175541569305	-0.02263245456098787	0.01052850575317577	-0.0001301510534635142	0.8550951149315521	0.1332646204684367	0.9547388248093658	-0.1064752409673487	-0.4967206009089956	0.1624774579479985	0.3584877988976269	-0.2213938465211565	-0.06301587729704816	0.2549316533861842	-0.2032757899354709	1.164072513500178	-0.2341096833796696	-1.241443031412793	-0.05539554832217401	-0.3097468469103554	-0.1324597581939369	0.1609279232333688	-0.204668761559605	0.07409101159571473	0.06794442361553997	0.3454664626792179	-0.1740511029849872	0.1697291561576984	0.2668051494092148	1.829077414597206	0.2668051494092148	1.829077414597206	0.2824647841949921	0.7386078480247127	0.2824647841949921	0.7386078480247127	-0.1351482217366064	-0.2961297550965659	-0.07895544609120123	-0.02404298081497068	-0.1563672855501597	-0.6006722754282153	0.252029899188206	-0.4008761224077912	-0.2984405336523481	0.05004493534346333	0.1586452682403582	0.4834684202490954	-0.07701802181412712	-0.902088815409101	0.1268886534685582	-0.223132968324904	0.3358021498131108	-0.01139007729239939	0.8379833566722779	1.292322938243617	0	0	0	0	1.570786755807045	1.328460695407645e-06	1.371266858192786	0.8360574068059967	0	0	0	0	0	0	6.017770325562948e-11	3.127986613294344e-10	0	0	6.017770325562948e-11	3.127986613294344e-10	0.9984432000891863	0.6311297689314186	0.5396530688063333	0.08094899692289277	-0.0689344422558635	0.007314152550815124	0.08465801865001725	0.0003751067711096182	0.004572589138581146	-0.01114674277849463	-0.1465873570921717	-0.05688529005652867	-0.0009059563660826785	0.04905898520573863	1.689468086397414e-05	0.003791821116750247	-0.0007988704858383484	0.04753563268045187	0.05788714080572033	0.07367177038497465	0.2149514212978711	0.0354816983192402	0.01747975767724209	0.0672831878435871	0.02747354129523764	0.9999994290464883	0.9999989400905192	0.01000127039100069	0.01000053884369751	0.01000025639650754	0.01000013516171959	0.01480337051486753	0.01359081911446176	0.02502502462240624	0.979258981491709	0.2654899633445357	0.01451533374675442	0.3780641332434564	0.1787048510547019	0.0283587938752399	0.03221011411665707	0.1235125545066747	0.9999980212205164	0.9999988356568046	0.01174728548329545	0.01687415856143467	0.01215416908965542	0.0181648339859834	0.2899615090952361	0.1079058707566193	0.01000005244591171	0.1921068427195839	0.9999997555034961	0.0100002940456351	0.1008521164197162	0.2668959254601641	0.1404786401455169	0.0100175894791557	0.01000942027002687	0.01003918534834556	0.6063975204646035	0.01001832031876242	0.01001434559191486	0.03027028530702543	0.01774955097987133	0.9995785453940517	0.01010993407098044	0.01022270925732796	0.01015896171614287	0.01091449492687788	0.9999239593966323	0.01004213361447	0.01019307168348818	0.01001693014730869	0.9999803399560581	0.188227655936318	0.01002049717936856	0.9999540397612467	0.3743029438766948	0.01004263857645398	0.0100277030387436	0.9996137580188601	0.9999624647633	0.999981909796103	0.01001057108584174	0.01002137381330243	0.01001611712195909	0.01028010004363762	0.9999526523707131	0.9992807407761538	0.01013230542529181	0.9999168357651259	0.01002474929525857	0.01002127537173672	0.08898326315887488	0.1333958684024092	0.1096755242538111	-86.5751146991978	-18.75691886106336	4.107466556493727	-39.19155605651887	11.98067381415592	6.769778765030011	0.02157806457849315	0.01324403761019858	-0.1975699310597629	-0.002204663248864424	58.45795956125433	-51.96059158805358	5.056088689738366	0.7647041994514886	0.3306217491845892	-1.352676299039637	-0.08202833624312468	-0.05987070386348444	0.1087262920562982	0.3739382990591186	-13.83846381044409	-5.465856756226508
1.98	0.03312752542893993	0.03894063284189615	0.06132252785180421	0.3145533965921969	0.0259207907474433	0.0148680775255886	0.08836743440344146	0.03039639292947962	0.9999992421678223	0.9999843918230703	0.01000181073196776	0.01000078179999484	0.01000039008389867	0.01000021050381638	0.01818319921777787	0.01797912294053264	0.01995682122731422	0.9878280538567377	0.4763473535263144	0.02998680501409509	0.5581495744612059	0.3370078558595092	0.1001955195490927	0.025873359868438	0.2271734718157919	0.9999971346872745	0.9999981674718048	0.01132530666165315	0.01461626265720651	0.01171767796485127	0.01609858888541321	0.4755006174153318	0.1908219407405585	0.01000008387354192	0.3612355442168936	0.9998965187794028	0.01000042243540053	0.09585522623606937	0.2544643623009646	0.1320528992612069	0.07002268463207395	0.03031746453191679	0.1258888921972588	0.3392372796833135	0.190735831596673	0.1309374483345529	0.0741624874919951	0.02772321454797826	0.970245168008219	0.07393059677149855	0.1678593625053939	0.1862838799841227	0.01069853448664082	0.6430768865876449	0.04286976658655071	0.03118690708062984	0.1047631844958007	0.5145899351646288	0.150314546069633	0.173175423343008	0.8078108246368984	0.2908189232603899	0.1611922296063029	0.1134143923332096	0.7655701374684301	0.68556600357262	0.9043982228156058	0.2446995756055117	0.02784291931266381	0.02151555671515555	0.01911458976796122	0.5381520787426692	0.5148264563698801	0.01009010321832078	0.6213219907015103	0.2822764786605549	0.03618825626989219	0.06537645961593246	0.08888834397210175	0.07590002870598947	0.07228576279511356	0.3018359444331482	-0.009913089591594147	-0.05559973413674361	0.01004297443660325	-0.09282370312054868	0.856471497150153	0.1415378621038281	0.9537700332680031	-0.086675355683853	-0.4950439214235999	0.1724594117733656	0.3559896574804202	-0.2814531747809321	-0.06026238172796173	0.2977301796419677	-0.191709616890007	1.144484334652822	-0.2458033029886436	-1.089030853451527	-0.05863132203020661	-0.338138536766045	-0.1306825914002557	0.2011323398652593	-0.2038278432126581	0.09437298665402667	0.07160704072990542	0.388369279067077	-0.1717731028337749	0.2817231526696314	0.2861988922269888	2.023887952672555	0.2861988922269888	2.023887952672555	0.2912819615368153	1.033115494511101	0.2912819615368153	1.033115494511101	-0.1379792975456023	-0.2688608886125496	-0.07944740242530245	-0.07434915234321847	-0.1613507661713695	-0.3941775885142643	0.2471338213781431	-0.5784027492949047	-0.2972811776107679	0.1825328380892239	0.1625064937764008	0.286840703596671	-0.08645542950433777	-0.9722432428323552	0.1235232402828586	-0.457039264933295	0.335950816979293	0.04135865644060651	0.8506451440629915	1.239965896256727	0	0	0	0	1.570786770049813	1.499502978541621e-06	1.380773113750821	1.058964512220286	0	0	0	0	0	0	6.177250513534063e-11	5.751414723758985e-11	0	0	6.177250513534063e-11	5.751414723758985e-11	0.8129254433615818	0.3815211123026473	0.5163692809219835	0.07554879759141786	-0.06648712955648688	0.007646064469646031	0.08569620794871222	0.0004326605505436701	0.00463050039492167	-0.01128783315521665	-0.1467432943958519	-0.06443887549363647	-0.00370443700477483	0.05143532626513166	-0.0006260307176220087	0.003393463111920497	-0.001209122203832184	0.01338310552096037	0.01354559974093324	0.05388064890490176	0.6053164335621952	0.01220457280522202	0.01084525011541909	0.1461679321431658	0.03669671466943664	0.9999983410541223	0.9999968946369078	0.01000301266838289	0.01000133352199882	0.01000071352974711	0.01000039404839114	0.01318037030645933	0.01216711414535558	0.01142693878043746	0.9995604743194069	0.9235100909289099	0.02476939167737749	0.9936280246167678	0.6973551895020185	0.2267939598414462	0.01637636450862361	0.5071979793131244	0.9999957515750338	0.9999975946715152	0.01037703621209887	0.01105593939870532	0.01047997885265122	0.01218973082081714	0.9275914264679449	0.4022104963168096	0.01000015874127912	0.7494410524528921	0.999999276499405	0.01000070860008744	0.08418238599270562	0.2132410349945079	0.1125095222870327	0.1624023388036203	0.01395045909386976	0.4050129793056703	0.01237104911271687	0.6949020904367806	0.4202166977962576	0.1731623756952366	0.02628201858236639	0.9998382549537089	0.01011627131329357	0.01012110724804676	0.01007554548310884	0.01053489952342067	0.2597849761620147	0.111989399717867	0.08298601592654953	0.3296643486407595	0.01041252818096614	0.1711375632439024	0.6451120896012399	0.3129212460442596	0.3843296402597259	0.5899148551100855	0.3463367886013537	0.9473579130874941	0.9999650341811478	0.9999811005504634	0.9867443116381019	0.01199988690649703	0.01204069843660096	0.01214981062438613	0.01049188964332284	0.01138416901445796	0.01003364466164385	0.6325044177176935	0.01002428978165252	0.01001462124250934	0.02716649817681932	0.01341056135151459	0.01888582149266268	-116.1689356239671	-9.462856868287542	5.388290748178294	-83.96564699424803	-25.31333452485698	-1.214373834284865	-0.04289934343035102	-0.01841333477041948	0.3740645583280393	0.0002832832468896542	51.83090854375727	-52.12705831475469	5.061788207970751	-3.97658750660948	-2.648835385506627	10.04445357592216	0.1420868303947443	0.121580213301953	-0.4658911726968017	1.868010108354789	-13.73605995015889	-5.692811011827823
1.99	0.02453567303873696	0.02605942202430341	0.0551843748300272	0.3220544130462881	0.02103449518431309	0.01363310268990006	0.08928261943376679	0.0292541649964876	0.9999994901325837	0.9999938605491397	0.01000141675055011	0.01000061317578949	0.01000031269263491	0.01000016823192522	0.01747732291626701	0.01705661530469352	0.01921195408068355	0.8721876544118069	0.4766201266110865	0.02378413026922106	0.5459560808359852	0.3471942092897911	0.1073106253231508	0.02272569058780482	0.241733331070523	0.9999980736447278	0.9999987916832855	0.01122278575831111	0.0135206626469249	0.01166203225516641	0.01523721223954716	0.4802968801853435	0.2019594246797014	0.01000006497491963	0.3708379997822566	0.9999395979451409	0.01000032918601945	0.0941765334809867	0.2451851780169808	0.1288764582904306	0.1692025647753111	0.1576272525152214	0.1524372292776886	0.1458796578975585	0.2552616653228386	0.2159241641929038	0.04419089501158315	0.07814023924967198	0.9997154882820137	0.03488095927062056	0.07967963424148365	0.08942341854972885	0.0100347445494457	0.647430855923572	0.04752608618342986	0.01463745561343165	0.1254119925036622	0.256794967134339	0.07484879050237836	0.2305457576583643	0.6928157435382756	0.2644832781725232	0.2254488400006747	0.1970937677778056	0.8549083838376654	0.8216089097547491	0.9424478773960415	0.3407267927655541	0.314574811522176	0.2577299764759665	0.2134064658399744	0.2722717397535793	0.2571455155953481	0.01003968882213882	0.7150628655831428	0.1437813284651503	0.01951570776394741	0.03532796843014044	0.04224601207490376	0.0378250507152624	0.07524587392117586	0.2889422709732248	-0.01066225202606192	-0.09516549595447786	0.00876292978137602	-0.1583226017899378	0.8579159309747549	0.1468313905484504	0.9530169474955882	-0.06339782960785065	-0.4932802498371338	0.1797988609604016	0.3527899049275489	-0.3620788995378086	-0.05703047391045377	0.3497405539582579	-0.1804789340215282	1.097037762463109	-0.2557302539575403	-0.8886732112207056	-0.06216970957496729	-0.3699254104285543	-0.1283043497962274	0.2810406161369954	-0.2027822185923465	0.114396872725718	0.07573462081335214	0.4380698977325466	-0.1685037345167029	0.3676649774793279	0.3067929625710055	2.072020923890276	0.3067929625710055	2.072020923890276	0.3032874100010987	1.375624078435303	0.3032874100010987	1.375624078435303	-0.1405020167464894	-0.2345721631460645	-0.08043973256440518	-0.1238287239316114	-0.1642304416998046	-0.1816177276701422	0.2404716667931921	-0.7529692653886784	-0.2947826355452484	0.3171702359499017	0.1643658208102259	0.08535001902808934	-0.09618370026210943	-0.9589677883476306	0.1176021858675584	-0.7345524027183017	0.3366383417449549	0.09677755932838279	0.8627786274825647	1.186378389869313	0	0	0	0	1.570786785469663	1.571930039110232e-06	1.392303669232003	1.239253918182804	0	0	0	0	0	0	6.199753401917249e-11	1.88732060053365e-12	0	0	6.199753401917249e-11	1.88732060053365e-12	0.6199417770911498	0.09618123691637732	0.5044942162210759	0.07151330325037135	-0.06357503891879968	0.007505229426206318	0.08704670870827608	0.0004038382225660648	0.004607857047614539	-0.01148897011964761	-0.146850445514451	-0.07515265446202281	-0.006720781521511411	0.05327112515569855	-0.001281657638399117	0.002962150831098349	-0.001594404619452739	0.02325066481218965	0.02131758243069996	0.04948026838670026	0.1487140131987205	0.02198940743249172	0.01435768905479826	0.05649664746869865	0.02514179175413283	0.999998682646818	0.9999970079594406	0.01000201825437822	0.01000089923383125	0.01000048608132699	0.01000026845911886	0.02091519350708308	0.02045613483794047	0.02324962345673108	0.5247386402696886	0.1881630874306848	0.02229422830821127	0.2286787187278737	0.1386000572858954	0.04365583868732208	0.02422935136983199	0.08950064491928823	0.9999967101022897	0.9999981288079043	0.01174858327487343	0.01422464386762074	0.01239013303305136	0.0167953818151792	0.1954777712278796	0.08927016123499758	0.0100001065551131	0.1420616384126099	0.9999992851041368	0.01000047198076155	0.09707339724097006	0.2420906201984914	0.13209568783925	0.2759690055521326	0.3905512026667722	0.01039128663285479	0.01014009221758489	0.0271816030464411	0.1684613593246357	0.01007175426028405	0.2187204290110151	0.9998455932079777	0.01008085698773311	0.01007769897812727	0.0100485470491427	0.01614693576337092	0.9187390749443206	0.0100849755156002	0.01003696012388114	0.01005457221700387	0.01008078483365227	0.01028432799536079	0.01030900859365762	0.6889833038082895	0.1865275968830666	0.04630643778646232	0.1836445198626249	0.9997485288242743	0.9999684203048247	0.9999838856324286	0.01013927730898228	0.9319363423638516	0.7353641058407745	0.5855602591325776	0.01005322194080144	0.01014508008003418	0.01003381754491624	0.9982776194254591	0.01001593467335017	0.01001033127226429	0.01016116441435157	0.01005268711613834	0.0101093068794972	-42.29762325323067	-16.43608926185931	14.17752201315064	-6.726741053517453	-14.91622086162557	1.286379599106876	-0.0003427662495095198	0.00239698228994187	0.00298628137224106	-0.001402106752498696	43.67121309028896	-52.2844785652259	5.030883453829642	1.848924101572908	1.233333248659853	-4.598967022109865	-0.07827739248093728	-0.1316391299953403	-2.577927739190819	2.663290203993824	-13.32815140362442	-5.243137641303864
2	0.02379609310470007	0.02268698065763554	0.05098370886770138	0.227811598392152	0.02204439144599496	0.01455667929837399	0.07217419694298521	0.03114413646153184	0.9999957342235449	0.9999653145532336	0.01000836606840153	0.01000378319680336	0.01000208734332109	0.01000117465992759	0.02483866877499075	0.02371389714835837	0.0220667765234016	0.7661296092358516	0.3481534826817499	0.03855671760581971	0.4042795046334476	0.2460101031391288	0.076643464714169	0.02560750571143782	0.1542828344098055	0.9999892686603448	0.99999377207483	0.01194943039390095	0.01460430970674829	0.01239158905067845	0.01794549799506227	0.344499749289907	0.1382090196331042	0.0100004866648185	0.2602222754545056	0.9999463341549906	0.01000197924743584	0.0925446538684517	0.2274221632497037	0.1238051683720177	0.1673517663562516	0.2199547468770181	0.04610859659856009	0.2921277757850088	0.09251401187479143	0.1329848852115175	0.2428116173169958	0.3279107998319306	0.8822266973656655	0.02008108638447844	0.03911376368666025	0.04297360618295658	0.038337351876121	0.8012626699619967	0.01594120223807764	0.1808332271868264	0.03665704897482435	0.3453835927725567	0.2552764827264924	0.07507320472882331	0.7627905819211989	0.3109208482762957	0.08676271967650459	0.1333670777071243	0.886146406210517	0.8312454541069706	0.9633284665150834	0.1237790111449801	0.4798730262446955	0.3881218471725014	0.3161186578678417	0.3533678568836743	0.3455078280120179	0.01015058047418132	0.8449470330077866	0.0675650387148251	0.01374259720890905	0.0184228715820069	0.02212252111956364	0.02002487736750794	0.07804476617124267	0.2700744238249659	-0.01183081469194396	-0.1390287782847666	0.006977606379955961	-0.1935872020176508	0.8593974329646989	0.1489192362987836	0.9525118586670512	-0.03719701483088303	-0.4914578475384079	0.1841783241873444	0.3486764764523478	-0.4640843129683993	-0.05325529131183017	0.4054294059124591	-0.1698601848328636	1.022226507797136	-0.263431112939838	-0.6446686993018551	-0.06603324200090303	-0.4027153455302642	-0.1249374865050894	0.3981028267224596	-0.2015522870126345	0.1307472244626946	0.08038109963618964	0.4915197266740142	-0.1645098087125189	0.4266813642259035	0.3272202348600446	1.994602369188609	0.3272202348600446	1.994602369188609	0.3189371993271601	1.760859102269582	0.3189371993271601	1.760859102269582	-0.1426497880759225	-0.1939953821161768	-0.08191465612162367	-0.1704990394479287	-0.1649989968362006	0.02616948738967988	0.23210696068635	-0.917792240765839	-0.2909458154687726	0.4493794247607724	0.1642423802902586	-0.107515444487873	-0.1053464630476976	-0.8595476935131833	0.1086860973744106	-1.055762350931443	0.3379013465625303	0.1566449900110042	0.8743623470968324	1.129677611057473	0	0	0	0	1.570786801297902	1.586413105203353e-06	1.405389328004183	1.369039097162204	0	0	0	0	0	0	6.201177143812861e-11	6.422537018263427e-12	0	0	6.201177143812861e-11	6.422537018263427e-12	0.4326473734169358	-0.2163370311591954	0.5044848540086957	0.06874725541452048	-0.0600311626978549	0.006879034680132	0.08844863656100801	0.0002865885976965492	0.004504562114370552	-0.0117019987918462	-0.1471039266517754	-0.08874538729654018	-0.009903317380717227	0.05429735136162498	-0.001903032371650576	0.002493420241719503	-0.001916359938870967	0.02021726762004183	0.0172603761561831	0.04783512744505865	0.2059705454478487	0.02021061405450452	0.01475684543761388	0.08824215343663935	0.04361560767549874	0.9999788176146435	0.9998257584791669	0.0100237548472069	0.01001078491895066	0.01000598877327002	0.01000338419682981	0.03591522322886823	0.03296672641163541	0.02066566101277404	0.8152293164697387	0.3476511966095692	0.07653748912765032	0.371306528602489	0.2555939621605218	0.1137994777479749	0.02823167733949759	0.1488319510491038	0.9999489097807592	0.9999706239947954	0.01260952151203786	0.01530455792502524	0.01267807872896037	0.0210545034219679	0.3105131467766015	0.148050125608495	0.01000141270779972	0.2627375208669673	0.9999037200518578	0.01000563333605945	0.0810539013012707	0.1630788200991827	0.09986828374477388	0.0100299641218952	0.01001712014272473	0.01005699998609666	0.9984159321078746	0.01002826266756937	0.01002390941978178	0.9995482783721547	0.9379427738683171	0.3234956299814028	0.01185149675025719	0.01513957061037742	0.01394349267966843	0.09779818584433382	0.9985713779096048	0.01008042842043045	0.7188522973669318	0.01002604157948963	0.9999738181104613	0.998494677393944	0.01003394318487517	0.9999247682772118	0.6286803351450442	0.01006831525428776	0.01004739480681559	0.8397512034969711	0.6553423632758676	0.9905551378353485	0.01001719431357078	0.0100477493939431	0.010026712380237	0.01085642191725253	0.9999514310449543	0.9997755215567534	0.01040585505474302	0.9998541213760938	0.01090584398616266	0.01026229404768316	0.0101262238991296	0.01004230636630087	0.01008628535773248	-42.68581618727843	3.970761526670082	-13.8790447536505	-8.058298407301479	-1.453186196978089	-28.18911711535923	-0.02274228938224535	-0.009511100309871586	0.1508172353769638	-0.004015325888929362	37.28792121590665	-52.4817019697504	4.964321966838201	-4.288120021373921	-3.548040874308656	12.21777145471668	0.4078148096857003	-0.04214184707253611	-2.073804266499575	2.665558109367894	-12.56309730748706	-5.229065402002062
