inDegrees=no
num_controls=117
num_derivatives=0
num_input_controls=0
num_iterations=273
num_multipliers=2
num_parameters=0
num_slacks=2
num_states=158
objective=1.780838
objective_control_effort=0.838451
objective_state_tracking=0.942387
solver_duration=1949.673306
status=Solve_Succeeded
success=true
DataType=double
version=3
OpenSimVersion=4.5.2-2025-05-03-6a4c6ec41
endheader
time	/jointset/ground_pelvis/pelvis_tilt/value	/jointset/ground_pelvis/pelvis_list/value	/jointset/ground_pelvis/pelvis_rotation/value	/jointset/ground_pelvis/pelvis_tx/value	/jointset/ground_pelvis/pelvis_ty/value	/jointset/ground_pelvis/pelvis_tz/value	/jointset/hip_r/hip_flexion_r/value	/jointset/hip_r/hip_adduction_r/value	/jointset/hip_r/hip_rotation_r/value	/jointset/hip_l/hip_flexion_l/value	/jointset/hip_l/hip_adduction_l/value	/jointset/hip_l/hip_rotation_l/value	/jointset/back/lumbar_extension/value	/jointset/back/lumbar_bending/value	/jointset/back/lumbar_rotation/value	/jointset/walker_knee_r/knee_angle_r/value	/jointset/patellofemoral_r/knee_angle_r_beta/value	/jointset/walker_knee_l/knee_angle_l/value	/jointset/patellofemoral_l/knee_angle_l_beta/value	/jointset/acromial_r/arm_flex_r/value	/jointset/acromial_r/arm_add_r/value	/jointset/acromial_r/arm_rot_r/value	/jointset/acromial_l/arm_flex_l/value	/jointset/acromial_l/arm_add_l/value	/jointset/acromial_l/arm_rot_l/value	/jointset/ankle_r/ankle_angle_r/value	/jointset/ankle_l/ankle_angle_l/value	/jointset/elbow_r/elbow_flex_r/value	/jointset/elbow_l/elbow_flex_l/value	/jointset/subtalar_r/subtalar_angle_r/value	/jointset/subtalar_l/subtalar_angle_l/value	/jointset/radioulnar_r/pro_sup_r/value	/jointset/radioulnar_l/pro_sup_l/value	/jointset/mtp_r/mtp_angle_r/value	/jointset/mtp_l/mtp_angle_l/value	/jointset/radius_hand_r/wrist_flex_r/value	/jointset/radius_hand_r/wrist_dev_r/value	/jointset/radius_hand_l/wrist_flex_l/value	/jointset/radius_hand_l/wrist_dev_l/value	/jointset/ground_pelvis/pelvis_tilt/speed	/jointset/ground_pelvis/pelvis_list/speed	/jointset/ground_pelvis/pelvis_rotation/speed	/jointset/ground_pelvis/pelvis_tx/speed	/jointset/ground_pelvis/pelvis_ty/speed	/jointset/ground_pelvis/pelvis_tz/speed	/jointset/hip_r/hip_flexion_r/speed	/jointset/hip_r/hip_adduction_r/speed	/jointset/hip_r/hip_rotation_r/speed	/jointset/hip_l/hip_flexion_l/speed	/jointset/hip_l/hip_adduction_l/speed	/jointset/hip_l/hip_rotation_l/speed	/jointset/back/lumbar_extension/speed	/jointset/back/lumbar_bending/speed	/jointset/back/lumbar_rotation/speed	/jointset/walker_knee_r/knee_angle_r/speed	/jointset/patellofemoral_r/knee_angle_r_beta/speed	/jointset/walker_knee_l/knee_angle_l/speed	/jointset/patellofemoral_l/knee_angle_l_beta/speed	/jointset/acromial_r/arm_flex_r/speed	/jointset/acromial_r/arm_add_r/speed	/jointset/acromial_r/arm_rot_r/speed	/jointset/acromial_l/arm_flex_l/speed	/jointset/acromial_l/arm_add_l/speed	/jointset/acromial_l/arm_rot_l/speed	/jointset/ankle_r/ankle_angle_r/speed	/jointset/ankle_l/ankle_angle_l/speed	/jointset/elbow_r/elbow_flex_r/speed	/jointset/elbow_l/elbow_flex_l/speed	/jointset/subtalar_r/subtalar_angle_r/speed	/jointset/subtalar_l/subtalar_angle_l/speed	/jointset/radioulnar_r/pro_sup_r/speed	/jointset/radioulnar_l/pro_sup_l/speed	/jointset/mtp_r/mtp_angle_r/speed	/jointset/mtp_l/mtp_angle_l/speed	/jointset/radius_hand_r/wrist_flex_r/speed	/jointset/radius_hand_r/wrist_dev_r/speed	/jointset/radius_hand_l/wrist_flex_l/speed	/jointset/radius_hand_l/wrist_dev_l/speed	/forceset/addbrev_r/activation	/forceset/addlong_r/activation	/forceset/addmagDist_r/activation	/forceset/addmagIsch_r/activation	/forceset/addmagMid_r/activation	/forceset/addmagProx_r/activation	/forceset/bflh_r/activation	/forceset/bfsh_r/activation	/forceset/edl_r/activation	/forceset/ehl_r/activation	/forceset/fdl_r/activation	/forceset/fhl_r/activation	/forceset/gaslat_r/activation	/forceset/gasmed_r/activation	/forceset/glmax1_r/activation	/forceset/glmax2_r/activation	/forceset/glmax3_r/activation	/forceset/glmed1_r/activation	/forceset/glmed2_r/activation	/forceset/glmed3_r/activation	/forceset/glmin1_r/activation	/forceset/glmin2_r/activation	/forceset/glmin3_r/activation	/forceset/grac_r/activation	/forceset/iliacus_r/activation	/forceset/perbrev_r/activation	/forceset/perlong_r/activation	/forceset/piri_r/activation	/forceset/psoas_r/activation	/forceset/recfem_r/activation	/forceset/sart_r/activation	/forceset/semimem_r/activation	/forceset/semiten_r/activation	/forceset/soleus_r/activation	/forceset/tfl_r/activation	/forceset/tibant_r/activation	/forceset/tibpost_r/activation	/forceset/vasint_r/activation	/forceset/vaslat_r/activation	/forceset/vasmed_r/activation	/forceset/addbrev_l/activation	/forceset/addlong_l/activation	/forceset/addmagDist_l/activation	/forceset/addmagIsch_l/activation	/forceset/addmagMid_l/activation	/forceset/addmagProx_l/activation	/forceset/bflh_l/activation	/forceset/bfsh_l/activation	/forceset/edl_l/activation	/forceset/ehl_l/activation	/forceset/fdl_l/activation	/forceset/fhl_l/activation	/forceset/gaslat_l/activation	/forceset/gasmed_l/activation	/forceset/glmax1_l/activation	/forceset/glmax2_l/activation	/forceset/glmax3_l/activation	/forceset/glmed1_l/activation	/forceset/glmed2_l/activation	/forceset/glmed3_l/activation	/forceset/glmin1_l/activation	/forceset/glmin2_l/activation	/forceset/glmin3_l/activation	/forceset/grac_l/activation	/forceset/iliacus_l/activation	/forceset/perbrev_l/activation	/forceset/perlong_l/activation	/forceset/piri_l/activation	/forceset/psoas_l/activation	/forceset/recfem_l/activation	/forceset/sart_l/activation	/forceset/semimem_l/activation	/forceset/semiten_l/activation	/forceset/soleus_l/activation	/forceset/tfl_l/activation	/forceset/tibant_l/activation	/forceset/tibpost_l/activation	/forceset/vasint_l/activation	/forceset/vaslat_l/activation	/forceset/vasmed_l/activation	/forceset/lumbar_ext	/forceset/lumbar_bend	/forceset/lumbar_rot	/forceset/shoulder_flex_r	/forceset/shoulder_add_r	/forceset/shoulder_rot_r	/forceset/elbow_flex_r	/forceset/pro_sup_r	/forceset/wrist_flex_r	/forceset/wrist_dev_r	/forceset/shoulder_flex_l	/forceset/shoulder_add_l	/forceset/shoulder_rot_l	/forceset/elbow_flex_l	/forceset/pro_sup_l	/forceset/wrist_flex_l	/forceset/wrist_dev_l	/forceset/addbrev_r	/forceset/addlong_r	/forceset/addmagDist_r	/forceset/addmagIsch_r	/forceset/addmagMid_r	/forceset/addmagProx_r	/forceset/bflh_r	/forceset/bfsh_r	/forceset/edl_r	/forceset/ehl_r	/forceset/fdl_r	/forceset/fhl_r	/forceset/gaslat_r	/forceset/gasmed_r	/forceset/glmax1_r	/forceset/glmax2_r	/forceset/glmax3_r	/forceset/glmed1_r	/forceset/glmed2_r	/forceset/glmed3_r	/forceset/glmin1_r	/forceset/glmin2_r	/forceset/glmin3_r	/forceset/grac_r	/forceset/iliacus_r	/forceset/perbrev_r	/forceset/perlong_r	/forceset/piri_r	/forceset/psoas_r	/forceset/recfem_r	/forceset/sart_r	/forceset/semimem_r	/forceset/semiten_r	/forceset/soleus_r	/forceset/tfl_r	/forceset/tibant_r	/forceset/tibpost_r	/forceset/vasint_r	/forceset/vaslat_r	/forceset/vasmed_r	/forceset/addbrev_l	/forceset/addlong_l	/forceset/addmagDist_l	/forceset/addmagIsch_l	/forceset/addmagMid_l	/forceset/addmagProx_l	/forceset/bflh_l	/forceset/bfsh_l	/forceset/edl_l	/forceset/ehl_l	/forceset/fdl_l	/forceset/fhl_l	/forceset/gaslat_l	/forceset/gasmed_l	/forceset/glmax1_l	/forceset/glmax2_l	/forceset/glmax3_l	/forceset/glmed1_l	/forceset/glmed2_l	/forceset/glmed3_l	/forceset/glmin1_l	/forceset/glmin2_l	/forceset/glmin3_l	/forceset/grac_l	/forceset/iliacus_l	/forceset/perbrev_l	/forceset/perlong_l	/forceset/piri_l	/forceset/psoas_l	/forceset/recfem_l	/forceset/sart_l	/forceset/semimem_l	/forceset/semiten_l	/forceset/soleus_l	/forceset/tfl_l	/forceset/tibant_l	/forceset/tibpost_l	/forceset/vasint_l	/forceset/vaslat_l	/forceset/vasmed_l	/forceset/reserve_jointset_ground_pelvis_pelvis_tilt	/forceset/reserve_jointset_ground_pelvis_pelvis_list	/forceset/reserve_jointset_ground_pelvis_pelvis_rotation	/forceset/reserve_jointset_ground_pelvis_pelvis_tx	/forceset/reserve_jointset_ground_pelvis_pelvis_ty	/forceset/reserve_jointset_ground_pelvis_pelvis_tz	/forceset/reserve_jointset_hip_r_hip_flexion_r	/forceset/reserve_jointset_hip_r_hip_adduction_r	/forceset/reserve_jointset_hip_r_hip_rotation_r	/forceset/reserve_jointset_walker_knee_r_knee_angle_r	/forceset/reserve_jointset_ankle_r_ankle_angle_r	/forceset/reserve_jointset_subtalar_r_subtalar_angle_r	/forceset/reserve_jointset_mtp_r_mtp_angle_r	/forceset/reserve_jointset_hip_l_hip_flexion_l	/forceset/reserve_jointset_hip_l_hip_adduction_l	/forceset/reserve_jointset_hip_l_hip_rotation_l	/forceset/reserve_jointset_walker_knee_l_knee_angle_l	/forceset/reserve_jointset_ankle_l_ankle_angle_l	/forceset/reserve_jointset_subtalar_l_subtalar_angle_l	/forceset/reserve_jointset_mtp_l_mtp_angle_l	lambda_cid39_p0	lambda_cid40_p0	gamma_cid39_p0	gamma_cid40_p0
1	0.02906024848356819	-0.03123209321863735	0.1281019817229515	0.9841025354378055	0.9522115645145668	-0.3547247340247333	0.3175486826414975	0.1012462197077881	-0.2688210111137747	-0.1665794114339227	-0.2316659776742918	0.0800452285571417	-0.2041307478036246	-0.05771682823310399	0.08759715227397978	0.2709738391341178	0.2709738391341178	0.8384496101692368	0.8384496101692368	-0.1246848062483806	-0.01584239785782541	-0.07681382600679829	0.0196292779528995	-0.1630805256979906	0.06396324519434336	-0.09894454235746369	-0.304721420684249	0.3894845918319307	0.6995973585930559	0.003626082878019325	-0.02309068523723798	1.567215502776748	1.536144747493978	0.002273716482533736	0.00782974819758352	0.004091833909390249	0.00631656367889108	-0.001312865882717476	0.001498394658820843	-0.7806244283155234	-3.820559417296668	-0.4154590857154769	-0.2587520016095426	0.2416343547958809	-0.434405730248734	0.1185655524458735	1.888252589215959	-4.112526764667312	3.604768207353039	-1.045533094037219	-1.557849852461807	1.906488770447578	4.590412464013238	0.9945835379435553	-1.212121204937743	-1.212121204937743	-4.123409445754531	-4.123409445754531	0.4700337528299556	-2.226660327639145	0.947102125077233	-0.6467964215274172	1.316901558353654	-0.2701892761360324	2.844352840031963	-5.657031181677568	1.522562982110725	-1.222664187205029	-0.32051563202817	-0.2189200156700938	0.2033282057942262	0.5471803725360616	0.06834309882555112	0.3793941886603153	0.1102625142856308	-0.4558883094236509	-0.1075806662195219	-0.2969870934748696	0.6218269534608269	0.6912225647331547	0.2187927628381293	0.2985821213100849	0.2148848277401557	0.9997019024408329	0.05006945983018213	0.9993712503748905	0.9917273170538597	0.6417698693506337	0.9994497215399251	0.1053135368968173	0.3146383074288884	0.02708114408041547	0.1384148740479435	0.2512584945655059	0.2941780307557724	0.790074588340512	0.9953436355487063	0.9988871973503004	0.7012695264772217	0.9338408752903531	0.9968200022632665	0.9990351604444796	0.4832294092841199	0.9859293307955977	0.1404090102496358	0.9998204309787133	0.9997733631179007	0.07979679649225074	0.9995651115790277	0.7181287823657274	0.2289283914990436	0.01295782428468015	0.5167250039168375	0.9999223378570807	0.01189844185734947	0.1860981148341961	0.1641552352409173	0.2044267707567448	0.9994738790485793	0.9998522626147169	0.01204422455820936	0.01063723867715035	0.1855974652093444	0.9760523177598736	0.4198934149594655	0.9995914982706412	0.1449329542253635	0.01130596603714139	0.01218357609020461	0.0109813031661868	0.9997137937929589	0.9999243961397419	0.01017417619454146	0.01009750740582534	0.01012605162783233	0.9999552099200432	0.01017627688160522	0.01015583804961938	0.9998911247510033	0.9998990434238814	0.01362330420226156	0.9982671552939445	0.9998981971715816	0.9999682704271826	0.9999832269148986	0.0105386117643574	0.9998759762897778	0.9999796373177486	0.9997143079523146	0.737409485553034	0.5543932227149279	0.9999752385320134	0.9999360558937123	0.06123446005008676	0.01008870549915704	0.9990000232419265	0.01001945985420937	0.01004007282005825	-0.006563126016316862	-0.00656429823535075	0.0180991325275584	-0.002569900678827803	0.003484246931761809	0.009562752722937072	0.006922791804150502	-0.0002883056579348817	0.003936348666075433	0.005608871177975351	0.0007640343510499706	0.001664510782300917	-0.002872463862741608	-0.005383515008811766	0.001902413871425373	-0.001792140016194283	-0.001025102619016839	0.01006719167041853	0.01003818550668269	0.01007824302205148	0.01002997251945991	0.01010837143133451	0.01014209443803621	0.01325425756101198	0.01014180077075182	0.01004406903689168	0.01010803173437223	0.01277025380222547	0.01201105978856122	0.0100205251738337	0.01008978092928737	0.01019324360448243	0.01008351272363738	0.01006406477213026	0.01003411036977391	0.01013226101793093	0.01342743991719701	0.01003776438174803	0.01010398611414414	0.01033740843352697	0.01013321113353896	0.01006670546629836	0.01003021933903049	0.01001823337985504	0.01440341266811139	0.01007496354061974	0.01001303272017171	0.01013616137554457	0.01620283860286117	0.01032426224036573	0.01007089014918029	0.01004541742804602	0.01029105821160364	0.0101161399779676	0.01001213665055499	0.01000435841667745	0.01000837797071985	0.01008286256997621	0.01006608858080063	0.01009071883955374	0.01006776341888026	0.01004065219212935	0.01008809246959438	0.01000768928253362	0.01007149926907647	0.01956193934904902	0.01020122837610616	0.01008340972599152	0.01004684654067555	0.01013420494141748	0.01157585447854709	0.01013061196729237	0.01004300488508364	0.01002673126248075	0.04374575607027639	0.04676002558223938	0.03843193522339427	0.01149602870776868	0.01713651573706363	0.02610684494042897	0.01006411554212509	0.01009780994656148	0.05792581436269817	0.1059937034520055	0.03818172526700257	0.01008435354376673	0.0638151241653183	0.01010933733518008	0.01000778098013362	0.01001321489504988	0.04756103054620452	0.02328257308197001	0.01002308125830672	0.01002554835981515	0.03905264177164044	0.0965609400078431	0.03993920407007072	0.0004528747316348933	0.0002647448637390433	-0.00144342042925094	2.680587108271715e-05	4.678633847382502e-05	0.0001537815247252979	-0.0005930288466003603	0.0004326079328374445	0.001622328127898272	-0.001005325467146257	-0.001023922466064544	0.001498022252161483	-0.01030119650181232	-0.0008577024678908656	-9.26897745595914e-05	-0.001523919576526876	0.0003404055619775239	0.0005260780718199179	0.001880544137491665	-0.001479979872016557	-10.01486913644599	-13.32179717760029	-9.779172795098881e-17	1.606557400064371e-17
1.025	0.03816902219719796	-0.05284369128120965	0.1476987551337693	0.9745054084526218	0.9604643966396791	-0.3691209849787481	0.2809865984183369	0.05676673304743251	-0.3141022170797825	-0.0615920746160381	-0.1760039237311146	0.1255249471925184	-0.2099294292425827	-0.0137655642854165	0.06497895557282909	0.2684495006312333	0.2684495006312333	0.8672745720075489	0.8672745720075489	-0.08827007708725383	-0.05836445612550942	-0.05027337793816044	0.02137989031554668	-0.145777404306524	0.06368779575793984	-0.06383838357339143	-0.3534220245004768	0.4117173290483103	0.6719222698330264	0.004544987389628613	-0.003125051201630227	1.57078627151384	1.5448787429921	-0.002287786216131211	-0.001734388230332974	0.002885969797881912	-0.0008253812550093813	-0.0005042190507634129	0.003608871047379251	0.9769045318881869	0.7675051718515351	1.402170066240032	-0.4458679380217655	0.3636172352498512	-0.6369709116016318	-2.366920798396713	-3.726383583020128	-0.04162273327635974	4.477303940927822	3.778696573712152	3.272391861642145	-1.40152360633197	0.1687853053956103	-1.949419604508082	0.5672630171566094	0.5672630171566092	4.404453725550086	4.404453725550086	2.042686602812159	-1.355303784475749	1.157983919143758	0.465722604992529	0.3189158155253434	0.0989121647086575	0.6142138761388736	0.8583446466814583	0.4607500818135402	-1.114855016816884	0.09813156921927844	1.371091082479659	0.07045055801295551	0.2510208890715864	-0.1741968089249109	-0.7090519930071347	-0.1351915266838749	-0.1291861960352121	0.1065072934755329	0.2417220147372501	0.1325417679625813	0.1553112134668497	0.03244868720037917	0.048832321059008	0.03174370855468055	0.2416078394442387	0.01333868539736309	0.2441639213381922	0.2394565518659516	0.1380320601282747	0.2384395123472121	0.01830539297319277	0.05243083176633749	0.0100097379956455	0.01931356058530563	0.03880153893036101	0.04785204500666844	0.1794914784165333	0.2343015861652041	0.2408370323954976	0.1546977278437831	0.2184513059588306	0.2350023196800334	0.23873805063992	0.09448977984389714	0.239620418120105	0.03534108020290742	0.2564325054000166	0.2531599985844738	0.01262092920447522	0.2459382064999608	0.166637001496471	0.03459340107078529	0.0100028183653578	0.1034233744472349	0.2652929811545577	0.01005111292199014	0.02659430801763657	0.02301045302809245	0.02979966709917887	0.2409174063832214	0.2521309464108564	0.01003228388826661	0.0100392410102983	0.02652817827139035	0.2293890826540514	0.07787674850804424	0.235336000876093	0.03157420047307488	0.01012855050907971	0.01002603686982672	0.01001851608801516	0.2357127243967279	0.2491838050968791	0.01009197272696261	0.01002980537853635	0.01001760608839898	0.2760665071248887	0.03678683161637646	0.03063847139913512	0.2489796515813899	0.2458876307993364	0.02205201037521471	0.2349975144735986	0.2635945909124295	0.2880623447023919	0.3373235624443741	0.03043918910044726	0.2572314482089029	0.3274272090903372	0.238003015924491	0.1648059499295619	0.1136865080752534	0.320852395967531	0.259634465411052	0.0112404636568073	0.0100175865743963	0.265278833721073	0.1176660237936349	0.05315577989517637	0.005050791602404123	0.01346050133655953	-0.02450346919532376	-0.003497433341823683	-0.01661481507933841	0.001297729827397867	0.02478323217837515	-0.0008489782575989646	0.003333359110466936	0.0009005290014005763	-0.003261995419028482	0.002041516701206764	-0.005874114427836107	0.01975829753529634	-0.000662640352138182	-0.0006918922194990482	-0.001337099561166121	0.01027462737505956	0.01581613358110682	0.01004602832689042	0.01006758714548763	0.01007005221746097	0.021054708723155	0.01245896119805945	0.02575216053212033	0.02085161895142837	0.01009931602792618	0.01396131805579873	0.01420809154737581	0.01007533112070941	0.01006683788272209	0.01011456513852342	0.01006429814552075	0.01003553603873382	0.01001959618117314	0.01007464475466198	0.01806488700689428	0.01006629308467693	0.01006272733725682	0.01052925942270635	0.01626643851543255	0.0101907607506613	0.0237471224897492	0.03652001347371032	0.04502533333962043	0.04174717961903836	0.01006002075156051	0.02883633396474799	0.01896899598876178	0.01027993327845658	0.01003996199505745	0.01009451048112364	0.06360839201670287	0.01006213838676662	0.01007056883698734	0.01006561847883076	0.01006873977204614	0.01996555824321536	0.03986205310684209	0.01005234007604909	0.01003891509825565	0.01008657760664368	0.01008254673692168	0.01006941540367468	0.01004683156696723	0.02377801367646309	0.01011559552550765	0.01005059654183703	0.01002945179443911	0.01061884276029715	0.03361943604763759	0.01006826009866322	0.01002300991131159	0.0100149315448712	0.06295967360732865	0.02843374189602221	0.02424132742632439	0.03331620586044323	0.02436172594225984	0.01896208627291	0.0100425968322873	0.0606276778696111	0.07650001116758921	0.1407971554507984	0.02412239826777653	0.04905948106769887	0.1483417200406014	0.01467823756831295	0.01003267185331751	0.01007495605929612	0.1457316588159204	0.04538662158405029	0.01001453072319739	0.01001452422026201	0.04642902412270943	0.1307506510331902	0.0615279059091855	-0.0002964339139015009	-0.0006177327224598291	0.001719982384975862	-4.624803470762451e-05	-4.247110202223927e-05	-0.0002404991757388088	0.0004495667461651838	-0.0002959372267492577	-0.001510148756937979	0.0009748154906988134	0.001029346509868802	-0.0004732126004582736	0.006874887145177616	0.0008345775035743163	-0.0004637013344325217	0.0006294581384569793	-0.0002772526306465422	-0.0004628361395303272	-0.003391094327422743	0.0004623188938625227	-1.86097853357915	-17.87394409463535	-8.809961197601019e-17	7.106053837332865e-17
1.05	0.05128438540209166	-0.05906315464802811	0.1691589404179099	0.9649666494958866	0.9676436772788966	-0.382557107881274	0.233033217316762	0.0009384375079956339	-0.2974847988107455	0.04144004575497348	-0.1287211907776456	0.1474730475567595	-0.22576394415861	0.01287726971636919	0.032857155524952	0.2771914346144298	0.2771914346144298	0.9574246630832708	0.9574246630832708	-0.04257337497017385	-0.09261755961662164	-0.01982212011311212	0.0268592679251928	-0.1345563517936399	0.06144679560402155	-0.03573014787826706	-0.3069360998350707	0.4227568002533028	0.6376790025912338	-0.00626215984789848	0.02320988608479236	1.570143893919383	1.553669873035454	0.006517201325979975	-0.005849195958448262	0.0009092634013176379	-0.0008286916602108618	0.0007242428260434731	0.002379335904568755	-0.4600972690144096	-2.589188641636361	-0.2663861358496466	-0.254082559333656	0.1557502359242926	-0.3575954861296086	-0.792738197827273	0.980347878889461	0.839363174136268	3.448350891603198	-1.715878773213865	-3.440379314152642	1.103622092282051	3.205738068341095	0.234295270205444	-0.31081940605126	-0.31081940605126	0.7826008932382522	0.7826008932382522	1.212591589306213	-1.565143945513402	1.259966905590072	-0.3484952017675027	0.8303360480670574	-0.4274333335372143	2.284518992916132	1.95789109685313	0.6271017011997669	-1.74811846574608	-1.25859977195908	0.2906242443950922	-0.133723500729827	0.5517511361547044	1.137662318087641	0.8153404846444112	0.04859513148115593	0.1152024528722672	-0.0739954626312961	-0.5641880159843816	0.02321303556831046	0.0354492343804307	0.01790019808891395	0.01791955507334745	0.01791297018317581	0.06472849530305476	0.01523318333225063	0.07242970469905316	0.06378129319734839	0.02367511908740333	0.05153736987851916	0.02189105534649973	0.0179257519680462	0.01176683278924128	0.01723149323931906	0.01793552765859301	0.01784872056147773	0.03114559074825835	0.04610367669934424	0.05797574460314475	0.0263285445847182	0.04115934146164546	0.04687856649170426	0.05674720182583162	0.01928239279007233	0.06808097026208465	0.0607445787757494	0.1015358548637991	0.09845721618455225	0.01539363530815431	0.07749648660418812	0.03858873813180998	0.01813900145421584	0.01033429504235339	0.0197905225737093	0.1330409095102383	0.01022206471405894	0.01786220406867118	0.01766801608142909	0.01794995062735943	0.06294148783532658	0.09543613022561405	0.01024114743587319	0.01008284108300827	0.01786626371958593	0.04455248075364075	0.0182952544284188	0.04644400685767886	0.03353406061579405	0.01018096347675502	0.01025892189098103	0.01012098349037882	0.04737941315267455	0.08457492346039713	0.01003215464729724	0.01001591843396526	0.01001817981250234	0.1154768395696255	0.01265360326295459	0.0119758131161204	0.08412049301775691	0.06652891216560838	0.01297273259501199	0.04633023893006013	0.1284554481753733	0.1299111121461038	0.2060744901054978	0.01201629289279596	0.1101575366623198	0.2366811503696108	0.05417432569465134	0.02815299916372018	0.02071068916860522	0.2401868854442574	0.09763165751151358	0.01430676400338985	0.01001429448242649	0.0911913596949333	0.1386501877141769	0.0710607920573141	0.01666470922112511	0.0334853009084698	-0.06710607091820592	-0.004424966004819563	-0.03671387709043863	-0.006967293068141339	0.0426436725525998	-0.001409650857263047	0.002730369554858439	-0.003807813175174198	-0.007288025189106933	0.002418522620112612	-0.008875764992930607	0.04490011007940446	-0.003227694575701737	0.0004083555771961865	-0.001649096503315403	0.01048206307970059	0.02159408165553093	0.01001381363172935	0.01010520177151535	0.01003173300358744	0.0319673230082738	0.01166366483510692	0.04136252029348884	0.03165916886596505	0.01009060032148013	0.01515238230937198	0.0164051233061904	0.01013013706758513	0.01004389483615682	0.01003588667256442	0.01004508356740412	0.01000700730533738	0.01000508199257236	0.01001702849139302	0.02270233409659156	0.01009482178760584	0.0100214685603695	0.01072111041188572	0.02239966589732614	0.01031481603502424	0.03746402564046791	0.0630217935675656	0.07564725401112948	0.07341939569745699	0.01010700878294932	0.0475365065539514	0.02173515337466238	0.01023560431654744	0.01000903384093461	0.01014360353420126	0.1169257258218021	0.01000813679556564	0.01012900102341969	0.01012687854098406	0.01012910157337243	0.0298482539164545	0.06965801763288355	0.01001396131254443	0.01001006677763104	0.01013250302115801	0.01007700100424897	0.01013114152481574	0.010022163864858	0.02799408800387717	0.01002996267490913	0.01001778335768253	0.01001205704820267	0.01110348057917683	0.0556630176167281	0.01000590823003407	0.01000301493753953	0.01000313182726166	0.0821735911443809	0.01010745820980504	0.01005071962925451	0.05513638301311779	0.03158693614745605	0.01181732760539103	0.01002107812244951	0.1111575457926607	0.09507420797248024	0.1756006074495912	0.01006307126855049	0.08803460859163101	0.2328683159158846	0.01924713780144582	0.0100575627265014	0.01013669722354237	0.2439022870856363	0.06749067008613058	0.01000598018808807	0.01000350008070888	0.05380540647377843	0.1649403620585372	0.08311660774830028	-0.001045742559437895	-0.001500210308658702	0.004883385199202665	-0.0001193019404979662	-0.0001317285425183036	-0.0006347798762029154	0.001492162338930728	-0.00102448238633596	-0.004642625641774231	0.002954956448543883	0.003082615485802148	-0.002444447453078031	0.02405097079216755	0.002526857475039498	-0.0008347128943054521	0.002782835853440834	-0.0008949108232706083	-0.001451750350880572	-0.008662732792337152	0.002404617659741602	-1.18914497925262	-11.6837323320723	-7.840749600103148e-17	1.260555027460141e-16
1.075	0.04437350851433857	-0.09424467867702076	0.1627267396445082	0.9590365821841673	0.9720476733993388	-0.3917856296536248	0.1956703855417224	-0.006619713103485935	-0.2901086140030983	0.1121990088487075	-0.1362894097579766	0.08525154797120034	-0.2094260825253388	0.06150569739196239	0.03036594862834763	0.2536315520905891	0.2536315520905891	0.9883116288384473	0.9883116288384473	-0.007900734056726548	-0.1236083999890794	0.009508985542838785	0.01778531314019029	-0.1203153344458522	0.04918952337200513	-0.02657497841923163	-0.2591975520110857	0.4334395897566897	0.5984954896938915	-0.008804614728657555	0.01949377792400872	1.569351324251074	1.560110451337616	0.0007178514959782406	0.005492261921593334	0.0007263340436342875	-0.0005219414274147962	0.0001855981006744275	-0.00201945625633018	-0.1631125466875351	-0.4804368762109321	-0.3291132631062172	-0.216865826572699	0.1865371578562042	-0.365616598182767	-1.988553928543304	-1.260890186959227	-0.005366378140070619	2.296307719462984	0.7095455566064711	-1.900222109984402	0.3393979457257826	0.9240497857910944	-0.2910814543206712	-1.347167692439458	-1.347167692439458	1.443142477443836	1.443142477443836	1.501821411224745	-0.9584264788419941	1.089528420190216	-0.4063288032215326	0.3556127327994301	-0.5695631065306813	-0.7461363606888716	1.781285110187166	0.3021655852364496	-1.404880110470445	0.6707108753195076	-0.4453488355756685	0.03924915660906846	0.03435153326823088	-0.9190716025671264	0.06096836869109899	-0.04659082914604304	-0.05717940377975921	0.01607756468717128	0.09743041320800785	0.02776848541060918	0.04412256979815363	0.0124052547223781	0.01000450533723741	0.02469630143185306	0.05378601130914629	0.04288542356035634	0.04049024722852317	0.03743825163747055	0.01003000052665177	0.01423728760470101	0.01443735445805316	0.01000163699015845	0.01000088246827732	0.0100282361142267	0.01000531443924878	0.02049742093493643	0.01001308400971026	0.01047689075465282	0.02036821951266527	0.0100055247894256	0.01029179809689618	0.01100215398577966	0.03295850714542911	0.01012781149623408	0.0384097467470018	0.06167878806732176	0.06848883500348843	0.07009491630728537	0.01000167095656222	0.04259449666655781	0.05004507518412281	0.0214839507712131	0.01000034697380043	0.01000721182128295	0.1240177542778373	0.01000334905344669	0.01000147817920069	0.01000050267834566	0.0100010000589816	0.03467532059929579	0.08158763566984972	0.01000941149235201	0.01000866631971156	0.01000833854481353	0.01241561790932618	0.01000102141320015	0.01049488706640682	0.02617360147491517	0.01364940873092249	0.01002037443133612	0.01001342981991034	0.01127591603150913	0.04354800565572415	0.01000619792959122	0.01000324411777094	0.01000335423072197	0.0636075400421752	0.01003877572343568	0.01000687075183478	0.0432078761003105	0.02725227744836571	0.01178772719642646	0.01048590452686282	0.1176892467342616	0.07345433249259901	0.1347966473972604	0.01001859188303367	0.09794624602580371	0.2592426410881069	0.02277136522165138	0.0100010017021416	0.0100019788339992	0.2265236113941174	0.07694182678671238	0.01001930546581217	0.02747616586448653	0.06642008305815884	0.1912065820483828	0.09647530537928074	0.03454401874211479	0.06697844739179024	-0.1071641192270912	-0.002553175410297811	-0.0745348299833813	-0.01182194601712704	0.052133783614274	-0.00213190963209718	0.002078401014189422	-0.005873991534824804	-0.002277850633758725	0.008964786544051686	-0.006264373309929472	0.05628491330755531	-0.00237578479584377	0.001392409710246745	-0.005387274458751384	0.03966467116409886	0.05995199966666294	0.01413206943089943	0.01009793445046335	0.03474304813633864	0.06801653148083597	0.06489695644307239	0.03816378132075147	0.0400523824003808	0.01014690814464375	0.01264168342169779	0.01322215511349024	0.01007652968656538	0.01002480755960459	0.0101773462707161	0.01013970873927213	0.02766129915670106	0.01002855687523965	0.01004784745060297	0.01754635704369107	0.0100697893571626	0.01004599701631061	0.01041867747685308	0.03903428344099977	0.01016967314791198	0.03755506008203763	0.0607777746736619	0.06068612281967734	0.06533550290481388	0.01006168128577273	0.03725092946647331	0.07011403832621958	0.02916951170575446	0.01000525321316811	0.01008668728489079	0.1277309456098253	0.01000721743283074	0.01007650475657967	0.01007463923659347	0.01007636896678117	0.03660174720399442	0.08850862359236782	0.01001386083029311	0.01001014737971421	0.0100855161482979	0.01331998765079829	0.01007764718407309	0.01005105405935637	0.02492628014386682	0.0160295600861444	0.01002991728029018	0.0100178967945871	0.01059532286644579	0.03290062872058992	0.01000725129024977	0.01000381871423987	0.01000399508517396	0.04613583215941539	0.01006716479237102	0.01003569111239273	0.03271236817214174	0.02266228581777044	0.01180124025424736	0.0100447156363288	0.1208147171225533	0.05256121214643025	0.09280255805403537	0.01004771494805108	0.1034599075140983	0.2852015765475222	0.02405810726300112	0.01005182959359486	0.01008372262969355	0.2102649630976457	0.0814429896989812	0.01013996249161651	0.03932004648180364	0.07279417446748841	0.2198908501007564	0.1077724674219906	-0.001780525953135255	-0.003321220873333879	0.006460921658263286	-0.0001260580029231224	-0.0002488296956750992	-0.001090596302654371	0.001361484810155585	0.0001333913023445502	-0.006152097935982469	0.00306999573905831	0.003942918182613777	-0.00439126923510487	0.02251538545170119	0.003433901985896863	-0.0009205433685434985	0.002087391053244651	-0.001076572067253506	-0.0008579431926669566	-0.002997608080836257	-0.00961589960787051	-0.5906394489694746	-16.48997631694553	-4.209764154159558e-17	8.02003362072298e-17
1.1	0.03961177483363002	-0.09584017823496899	0.1486571104084127	0.9542962081188107	0.9764689203789628	-0.4000844549166277	0.1439922416712261	-0.04590058479752777	-0.2855580171485276	0.1604525099064959	-0.1132876978563681	0.03431786919292365	-0.2019944915050136	0.07105544101016077	0.02542860118957454	0.2211732251632835	0.2211732251632835	1.017321092468861	1.017321092468861	0.02954778196382224	-0.1427540432866603	0.03480464456160963	0.005097446654674405	-0.1144423455014948	0.03214790720215834	-0.03273851213748929	-0.2218672252696371	0.4415972858233886	0.5665191198462542	0.008048758609134605	0.008070647390114621	1.570552913217032	1.558930269961365	-0.005309443706343735	-0.004351166377284146	-0.0005883455084954692	-0.002013510325757686	0.0007868050646719764	0.001508145069746183	-0.2881658124508464	0.09769331604718766	-0.8773804128651523	-0.1589070996246618	0.1571303046588373	-0.2832197653817722	-1.93796316546381	-1.557469807715358	0.613316137890151	1.647913928727548	0.7297156973412851	-2.537353649570043	0.3911204432463779	0.07944334374951298	0.03860402683194604	-1.022694958328457	-1.022694958328457	0.6324007232572348	0.6324007232572348	1.434661597874332	-0.6175281795232601	0.9371311746156672	-0.637608137808572	0.1608937757926256	-0.8101808485636429	1.059022738732686	1.125233410250235	0.4250942262647263	-1.171547021769681	0.2930664855250182	-0.3259375454537451	0.02580919001149982	-0.05790963811834504	1.119426688302021	-0.8794504096691133	-0.0419448840745565	-0.02866307761884914	0.01719267251803138	0.06992346297364169	0.05928482821882371	0.08462622548895374	0.01765895188140881	0.01092219909604719	0.05118431688609682	0.09253464352033382	0.09734229592111487	0.03875014516110795	0.04809925406348423	0.01158080900979059	0.01423123618843086	0.01171415558664892	0.01086832300334147	0.01020127199878053	0.01103655817631563	0.01103892582528733	0.03976996292745082	0.01213118798817755	0.01335395418699107	0.01725511787677187	0.01169863592436622	0.01297414484964731	0.01350069634886825	0.05254268755372971	0.01101880010017961	0.04021780140242658	0.05921206730526064	0.05361856073701857	0.06243633497960094	0.01060051664949642	0.03322796957221944	0.1007193004371531	0.04207163554417453	0.01003872910630728	0.01106239076244996	0.1348347547714035	0.01003027817969421	0.01086269043504438	0.01084145525441237	0.01087130437649669	0.04372850708445569	0.101517736631306	0.01003892345407954	0.01001825656596046	0.01087537077014758	0.01862032281548913	0.01090686916692674	0.01338034178757509	0.02351090200774433	0.01994470610443052	0.01006455175015471	0.0100337861671265	0.01354522207185958	0.02074913149214075	0.0100110392358573	0.01000577527526902	0.01000622815644047	0.02614458736575096	0.0103186762054352	0.010236757789805	0.02078054820385983	0.01984200440420407	0.01191687493927929	0.01336230630113086	0.1274444620922366	0.02884061744022251	0.04707756007647615	0.01025160462731405	0.1139232213960524	0.3084224154869107	0.03026160934335103	0.01186392632034669	0.01115382772324006	0.1938979992134079	0.09201171485153296	0.01069327662157051	0.05766318889123637	0.08707319096151338	0.2440422184022073	0.1205213321965496	0.05242332826310447	0.1004715938751107	-0.1472221675359765	-0.0006813848157760589	-0.112355782876324	-0.01667659896611275	0.0616238946759482	-0.002854168406931314	0.001426432473520406	-0.007940169894475409	0.002732323921589484	0.01551105046799076	-0.003652981626928336	0.06766971653570616	-0.001523875015985803	0.002376463843297303	-0.009125452414187366	0.06884727924849712	0.09830991767779494	0.0182503252300695	0.01009066712941136	0.05945436326908983	0.1040657399533981	0.1181302480510378	0.03496504234801412	0.04844559593479654	0.01020321596780737	0.01013098453402359	0.01003918692079008	0.01002292230554563	0.01000572028305237	0.01031880586886778	0.01023433391114013	0.04531559100806474	0.01005203175790694	0.01007866640981292	0.01239037999079058	0.01004475692671937	0.01007052547225171	0.01011624454182044	0.05566890098467341	0.01002453026079972	0.03764609452360737	0.0585337557797582	0.04572499162822521	0.05725161011217077	0.01001635378859613	0.02696535237899521	0.1184929232777768	0.04810341909496149	0.01000147258540161	0.01002977103558032	0.1385361653978485	0.01000629807009584	0.01002400848973965	0.01002239993220289	0.01002363636018992	0.04335524049153433	0.1073592295518521	0.0100137603480418	0.01001022798179738	0.01003852927543779	0.0165629742973476	0.01002415284333044	0.01007994425385473	0.02185847228385647	0.02202915749737968	0.01004205120289782	0.01002373654097152	0.01008716515371476	0.01013823982445173	0.01000859435046548	0.01000462249094022	0.01000485834308627	0.01009807317444989	0.01002687137493701	0.01002066259553095	0.01028835333116569	0.01373763548808483	0.01178515290310369	0.01006835315020809	0.1304718884524459	0.01004821632038025	0.0100045086584795	0.01003235862755168	0.1188852064365655	0.3375348371791597	0.02886907672455642	0.01004609646068832	0.01003074803584473	0.1766276391096551	0.09539530931183181	0.01027394479514495	0.06863659288289839	0.09178294246119841	0.2748413381429756	0.1324283270956809	-0.002515309346832614	-0.005142231438009057	0.008038458117323908	-0.0001328140653482787	-0.0003659308488318948	-0.001546412729105827	0.001230807281380442	0.00129126499102506	-0.007661570230190707	0.003185035029572737	0.004803220879425405	-0.006338091017131711	0.02097980011123483	0.004340946496754228	-0.001006373842781545	0.001391946253048467	-0.001258233311236404	-0.0002641360344533409	0.002667516630664638	-0.02163641687548262	-0.6942451999981176	-20.40058618050456	-2.656288436929203e-18	2.248044838474324e-17
1.125	0.03176789117323681	-0.09150445300166168	0.1252618148300474	0.9508329050102456	0.9800283517796231	-0.4065493928870435	0.09622386690361187	-0.08340345113426195	-0.2701899413363386	0.1963401824970567	-0.09870621519717133	-0.02987183647817211	-0.1915675659403	0.06977865685040258	0.02658725571836689	0.2005229412012221	0.2005229412012221	1.022024725137451	1.022024725137451	0.06380397789719919	-0.155549540698859	0.05661059247617464	-0.01320882245876068	-0.1115286399259807	0.00899214437169937	-0.01840112957765926	-0.1841442244058858	0.4558617563963082	0.539732688622689	0.003274682754203408	-0.0007910443425193879	1.570315229170462	1.55788878697616	0.002602231110225654	-0.002738086005392039	-0.001122890503321947	-0.001344666525171833	0.0009001173323216218	0.0008076261494133171	-0.3617106742442402	0.2287236815249823	-0.9946857737333957	-0.1199562810941357	0.1250480545085888	-0.2358485115904708	-1.846647931109864	-1.422513811512044	0.6010572247126803	1.266432522909376	0.468852648603969	-2.522432844600063	0.4707166919267912	-0.1544433725888263	0.05918865611023054	-0.6151337637677398	-0.6151337637677398	-0.2701796288138674	-0.2701796288138674	1.302675371148029	-0.4220507853974325	0.8210797636609188	-0.8193282955141719	0.08503646140821448	-1.029527315154963	0.3176758551669685	1.617801435411757	0.7005968429904085	-0.9859149972358666	-0.4609094591315319	-0.3112812585883217	-0.03137521779783959	-0.04449342722739861	-0.1970221063732819	0.5912461238003511	-0.005519544216799842	0.06109642167687144	-0.004810678722643685	-0.09126776188445564	0.0779470300035036	0.1180574212899893	0.02745697703562558	0.0100616921835506	0.06894531226292405	0.1081100874792869	0.1106450582053979	0.03350622879909863	0.04623122274734234	0.01016149901538604	0.01074475702812581	0.01009136173209287	0.01000163810884445	0.01000093576853862	0.01021769558602763	0.01015371693612391	0.0541792187273329	0.01000179094259071	0.01000588319395103	0.01162281851538218	0.01000515957453437	0.01000764215830402	0.01004890700834961	0.05882478409497277	0.01001105903166777	0.03521566767244494	0.05521424225909011	0.04838238215921579	0.06321161986546397	0.01000179386265822	0.02551697726483977	0.1069838130238065	0.04651594506756565	0.01000059065685204	0.01000539305724421	0.1364488300229566	0.01000613617638944	0.01000269513848731	0.01000086715333317	0.01000174409412284	0.04327439370484049	0.1046149157037182	0.01001516131503885	0.0100098972238087	0.01005274908236145	0.03133015535767477	0.01000124760601955	0.01000803579538341	0.02080352839227534	0.0240785973765227	0.01004821885695686	0.01002718023075019	0.0100093518654365	0.01000299064716645	0.01001053534884353	0.01000573072273612	0.01000596658729073	0.01000549121014746	0.01001592941119648	0.01001859896067711	0.01010948733818681	0.01255527871443518	0.01127874768677772	0.01001315943243089	0.1020558687592972	0.01000605315098869	0.01050790637136387	0.03786153338940627	0.1191545500080364	0.323450693546661	0.02945862618165133	0.01000084696014758	0.01000209452693582	0.1688877821391252	0.07105199577213356	0.0223333388139424	0.08741899024411626	0.09777040760793029	0.2854559365351832	0.1409214810852691	0.07047058081105907	0.111320891259541	-0.1614801340785929	2.73476300673951e-05	-0.134773492477218	-0.01853434056607827	0.05260842302607169	-0.00227143909455905	4.186487496675968e-05	-0.007021942904914172	0.007454973805788576	0.01694436976340839	-0.001010677032831825	0.06402792169478903	-0.001538602118501651	0.003142580500565028	-0.007218213325859851	0.08528353429240332	0.1354521387582671	0.0336980731460696	0.01006904017752511	0.07628830917636935	0.1124131462255522	0.1064470481442069	0.03246157118260197	0.04465785184458526	0.01017629933282941	0.01125230346524454	0.01017592184070605	0.0100144951046774	0.010004212993636	0.01017438776259172	0.0101264662838747	0.06066461460418535	0.01003051863975489	0.01004882554401711	0.01122636783437438	0.01002940869550893	0.01004855092398481	0.01009762020619031	0.06123324680215197	0.01003345789364908	0.03349695693232965	0.05276625073079749	0.05004521680548581	0.06740334730350039	0.01001102879428062	0.02452533053964991	0.09932021959986771	0.04546472382999695	0.01000124420899929	0.01002182494026903	0.1351837876575825	0.01000682111480356	0.0100153287645024	0.01001276616953744	0.01001427308704349	0.04321100963327133	0.1029648130275258	0.01001690146748913	0.01000994680532007	0.01008842478580847	0.04148940017950796	0.01001417332433503	0.01005210016373444	0.02011828676909675	0.02542255495026092	0.01005297099063164	0.01002975136168985	0.01005300192887657	0.01008435651229666	0.01001187854949812	0.01000648961834588	0.01000673264854982	0.01007059364071368	0.01001829105432376	0.01002430513373548	0.01016018639196838	0.01188858832921911	0.01095212243475065	0.01006801400624126	0.07932658785576686	0.01005068609144219	0.0100395979980642	0.05717915878293661	0.1199537180718371	0.3180931294738737	0.02986658289081127	0.01002588911666833	0.01001840650600002	0.1581819461747754	0.05279395870771324	0.0304255848069569	0.1024474533394623	0.1029198838242918	0.3056157306864257	0.1497814121547316	-0.0036963188897289	-0.005412419694115916	0.00590745121770044	3.809545466003093e-06	-0.0004590102972162725	-0.001719528704261939	0.001135856100216976	0.001628106652971728	-0.007413298509584528	0.002793389972979765	0.004433634270328959	-0.00430416195671436	0.02217830776496973	0.003934036942270781	-0.000380467202355219	-0.002952593413867292	-0.001867016725652915	-0.0003393223052030524	0.002616520474606295	-0.01591811797559347	-0.6916675627745719	-22.0400947915517	6.472090890292933e-18	5.992381592113298e-17
1.15	0.0204079514282367	-0.08542604521334074	0.09890069470527707	0.9482084374624242	0.9825925154601218	-0.4119705424631	0.05350278935750725	-0.1160139909875625	-0.2562587910315084	0.2259407682715673	-0.08824257876569425	-0.08803427506120033	-0.1770745024088706	0.06469040757778662	0.02864305002702546	0.1911262367183326	0.1911262367183326	1.003108635075977	1.003108635075977	0.09452361523883318	-0.1646535411537719	0.07654538800022433	-0.03549071333343064	-0.1095488328730988	-0.01869081541968374	-0.005369319923478574	-0.1547174146709555	0.4758537991439871	0.5164959939284448	-0.004292559608042775	-0.003907588810868594	1.569656587124103	1.555751377273527	-0.0006870191948485471	0.004348604031726823	-0.001099364154597358	-1.239724135642761e-05	0.0007121217477105945	-0.001320382288685813	-0.5694502992193987	0.2371079204482782	-1.114646376577558	-0.09180025476516253	0.07750888704589499	-0.1997166938330258	-1.534179387743038	-1.16608368904067	0.4983620973014448	1.144946983443535	0.4002879991237104	-2.055172282524638	0.7164114805836347	-0.2254738652791097	0.1103752092212437	-0.122408599994703	-0.122408599994703	-1.257177095147878	-1.257177095147878	1.151736910534894	-0.3222084229404031	0.7874389833744406	-0.9556578787073624	0.08618189398203946	-1.172356605437575	0.9545769062807379	0.4615381199445512	0.8833000002454698	-0.8875680994240041	0.06961316493981862	0.1336742356890409	-0.007867449971617573	-0.1455837755125909	0.2233526785705309	-0.4415616364509713	0.002700823409529005	0.02441096103951522	-0.006911955662822512	-0.04427569844765986	0.09394158274234179	0.1542687479493917	0.04338636665820849	0.01014648291202543	0.08541897983721219	0.116077675634427	0.09812036213185184	0.03124680052762721	0.04227360958238932	0.01030992637473362	0.01243146743900361	0.01044948391978811	0.01010215160313167	0.0100248574342115	0.01015866668831275	0.0101442877876193	0.0693897748478788	0.01024401445142914	0.01038543049307523	0.01098210739560797	0.01020082079150669	0.01035055426793013	0.01045318950949888	0.06429907615956151	0.01014882974998865	0.03112424024672847	0.04929400903191122	0.05343844159087909	0.07395338987591396	0.01007201926160616	0.02358393540760364	0.08694590034581207	0.04323840882646054	0.01000521961840287	0.01013031513234985	0.1330948345930187	0.01000981984160601	0.01010208181600501	0.01009673959625608	0.01010156348094415	0.04315741260585887	0.09999852253468181	0.01002174958491467	0.01001065132478496	0.01021342638041035	0.05725916885962518	0.0101049036230217	0.01039269675861015	0.01916651059356021	0.02737165637428388	0.01006263015705588	0.01003481241956891	0.01040625635000809	0.01115749017605787	0.01001430507439019	0.0100078428837471	0.01000811466006785	0.01168048560466461	0.01004492104531707	0.010050598663596	0.01117205481984717	0.01132011844606697	0.0104205585400128	0.01042601029898841	0.04904316806936374	0.01193108674762398	0.01342057503576863	0.08590423651707675	0.1201427314312144	0.3078224292875933	0.03064248037680335	0.0102119218959741	0.01013391010342415	0.1498149049711048	0.02636741488168197	0.04326099999093586	0.1205621458594987	0.1088169255312439	0.3163464017826543	0.1579578134912513	0.08851783335901367	0.1221701886439714	-0.1757381006212092	0.0007360800759108492	-0.1571912020781121	-0.02039208216604379	0.0435929513761952	-0.001688709782186786	-0.001342702723586887	-0.006103715915352935	0.01217762368998767	0.01837768905882601	0.001631627561264686	0.0603861268538719	-0.001553329221017498	0.003908697157832753	-0.005310974237532337	0.1017197893363095	0.1725943598387393	0.04914582106206972	0.01004741322563887	0.09312225508364887	0.1207605524977062	0.09476384823737602	0.02995810001718982	0.04087010775437398	0.01014938269785145	0.0123736223964655	0.01031265676062202	0.01000606790380918	0.01000270570421963	0.01002996965631566	0.01001859865660927	0.07601363820030596	0.01000900552160283	0.01001898467822129	0.01006235567795817	0.01001406046429849	0.01002657637571791	0.01007899587056019	0.06679759261963054	0.01004238552649845	0.02934781934105195	0.04699874568183678	0.05436544198274641	0.07755508449482999	0.01000570379996511	0.02208530870030461	0.08014751592195864	0.04282602856503241	0.01000101583259697	0.01001387884495773	0.1318314099173165	0.01000734415951127	0.01000664903926516	0.010003132406872	0.01000490981389706	0.04306677877500834	0.0985703965031995	0.01002004258693646	0.01000966562884277	0.01013832029617916	0.06641582606166831	0.01000419380533962	0.01002425607361415	0.01837810125433703	0.02881595240314217	0.01006389077836547	0.01003576618240817	0.01001883870403838	0.0100304732001416	0.01001516274853075	0.01000835674575154	0.01000860695401338	0.01004311410697746	0.01000971073371051	0.01002794767194001	0.01003201945277106	0.01003954117035338	0.0101190919663976	0.01006767486227442	0.02818128725908779	0.01005315586250412	0.0100746873376489	0.1043259589383215	0.1210222297071085	0.2986514217685877	0.03086408905706611	0.01000568177264835	0.01000606497615531	0.1397362532398957	0.01019260810359467	0.05057722481876885	0.1362583137960262	0.1140568251873853	0.3363901232298758	0.1671344972137825	-0.004877328432625185	-0.005682607950222774	0.003776444318076972	0.0001404331562802848	-0.0005520897456006503	-0.001892644679418052	0.001040904919053509	0.001964948314918396	-0.007165026788978348	0.002401744916386792	0.004064047661232513	-0.002270232896297009	0.02337681541870463	0.003527127387787333	0.0002454394380711068	-0.007297133080783051	-0.002475800140069425	-0.0004145085759527637	0.002565524318547952	-0.01019981907570432	-0.7583351321703676	-21.46539608050199	7.517010543530386e-18	1.227440515532218e-16
1.175	0.005551088646806077	-0.0800587246742617	0.06813383620080164	0.946270123098085	0.9840871197330974	-0.4164654949520301	0.01647701138270841	-0.1399008637529296	-0.2441722220563279	0.2498920511127351	-0.07956083151354351	-0.1351648082912071	-0.1582262974847859	0.05936052318521537	0.0340122767506837	0.1892483156921669	0.1892483156921669	0.9602785613278043	0.9602785613278043	0.121681964090993	-0.1723541627082468	0.09695817520169454	-0.06030871013130893	-0.1067765079888617	-0.04933557891606278	0.01031631471533072	-0.1400738878842913	0.4995816105123311	0.4949835542406004	-0.004494384682058505	0.005835134932588105	1.569884627278932	1.550415807969362	-0.0008673919629857006	4.13373218519597e-05	-0.0009621655113792053	-6.283329731279698e-05	0.0006015149117606939	-0.0009270015090588486	-0.5697721512501931	0.2108466035204523	-1.338545256711209	-0.06305747256120159	0.04633598442059417	-0.1608560309440362	-1.493148233324496	-0.7678078212241597	0.4517852899701195	0.7056793076011854	0.312640758414111	-1.78454068490274	0.7358454711868627	-0.2181584057648121	0.3126915284263007	-0.05114049970301686	-0.05114049970301686	-2.194244051737182	-2.194244051737182	1.031983528263341	-0.2941160405863951	0.8610764589049703	-1.018425829003978	0.1330690163869142	-1.281859624928271	0.4426675784743857	0.5282100755858895	1.001733879290818	-0.8338792670906928	-0.01365019445676026	0.3712691771263426	0.02133412935509263	-0.2694810325314572	-0.1188916098401468	-0.005360505923034208	0.00681768380554999	-0.01900754723808083	-0.001516587924318939	0.05371902040330205	0.09998379848675069	0.1697941422779438	0.04907662561601644	0.0100774091573828	0.09234508820525895	0.1195485990795743	0.0927585851041943	0.028256139026461	0.04227506552773618	0.01018285587159459	0.01188339846947778	0.01025568883078064	0.0100038013193841	0.01000221189115126	0.01002966842967998	0.01001908762813658	0.0806606575530702	0.01000352237458703	0.01001143944911428	0.0100427267367562	0.01001011256694992	0.01002011087746453	0.01007720901664678	0.06635590127530967	0.01003440351317549	0.03017704514103745	0.0473149118693658	0.05173543378678754	0.07379998232227573	0.01000467842755638	0.01993770160816962	0.07711668216361196	0.04205451101305793	0.01000099343590494	0.01001157092418324	0.1333767292096471	0.0100074875921187	0.01000557155191511	0.01000135833840616	0.01000343462413999	0.03630284857130817	0.07914630045164646	0.01003270716787767	0.01001211716275681	0.01233812341985794	0.0656882124585588	0.01000293216759505	0.01001416847257922	0.01680978240025422	0.02684609959821857	0.01006612286208765	0.01003778276767771	0.01000879549332317	0.01000185772320894	0.01005842003944786	0.01002378771447299	0.010028641024935	0.01000100684932369	0.0100100683081897	0.01178634938476002	0.01000280709798073	0.01000761965748329	0.01012301425281859	0.0100518802054602	0.02305441043101128	0.01000987512849886	0.01000298752316862	0.1032517670365392	0.1062007305570537	0.2834379898169457	0.0246996345238162	0.01000070103893418	0.01000377434174402	0.1303480891898697	0.01006423217245918	0.04011875464122321	0.112841678271267	0.1181923611478743	0.3472039628743155	0.1739701174206732	0.1039872888694043	0.1248968177916574	-0.1768520036175319	-0.005614548408630603	-0.1605910227606029	-0.01851053646084683	0.03778465947847531	-0.001274569746444789	-0.001102078118380252	-0.004621829240802234	0.007229970886798364	0.01411916166884553	0.0001617900402217092	0.05824048759466885	-0.00138899625149996	0.003525532765653749	-0.006063412333740389	0.09927604405856803	0.170399466931624	0.04911721706790652	0.0101001697287118	0.092318852506884	0.1190926953846462	0.09086040925910201	0.02709599581230491	0.04324764217997436	0.01020985869947547	0.01156454125482007	0.0102230281934083	0.01000548200193825	0.0100026208600635	0.01003368742727321	0.0100235244757384	0.08459665331674382	0.01000761799808648	0.01001839471648978	0.01005884355526743	0.01001364705452448	0.01002641241276112	0.0100881228027325	0.06614044279123407	0.01003269877305716	0.03074900941640599	0.04748509496748728	0.04986055960712298	0.07115709611694847	0.01000619227663498	0.01852124369244785	0.0742726772278243	0.04150291968447559	0.01000111756896534	0.01001388775099227	0.1345197366631745	0.01000766255732375	0.01000800435118319	0.01000327886567555	0.01000564887996778	0.03158050684710457	0.06398633269730647	0.01004100156663614	0.0100137443222478	0.01377963207743088	0.06547411643369135	0.01000541796077568	0.01001953036136494	0.01578548871638574	0.025494806322383	0.01006753370840821	0.01003906321409656	0.0100147916136377	0.01001831022613069	0.0100865313961493	0.01003380827044199	0.01004165654514663	0.01002317186587237	0.01001146042591175	0.01293582582385175	0.01001924953672496	0.01002636193239337	0.01013531394585959	0.01005318427587475	0.01909639767826439	0.01003779640200306	0.0100482217541287	0.1038211328361403	0.09420640601740533	0.264126530935398	0.02052197245753071	0.01000419625161548	0.01000647564875718	0.1207429155170312	0.01010179413756086	0.03285446582805507	0.0953486865826384	0.1222009213502495	0.3666989377136166	0.1818404911723246	-0.005855328523951877	-0.005381319310150074	-4.877294626319908e-05	0.0003074419241416418	-0.0006296982674064279	-0.001840873349287626	0.001598514695822674	0.002071457545045805	-0.00728933161875196	0.002536425088386328	0.00440240936610712	-0.004180273782432162	0.02258202730546882	0.002998651923939878	0.0003055412287368594	-0.00932341194545625	-0.002689785555759753	-0.0001163136087447303	0.004332873547168653	-0.01576728178277747	-0.7613286815992448	-20.3757446442653	-7.39965751776806e-19	2.16213339755046e-16
1.2	-0.005614327532030105	-0.07395527099519771	0.03238128422317987	0.9450659349254028	0.9851231411625737	-0.4200621702934346	-0.02441789146289907	-0.155551466500544	-0.2345084330701461	0.2579509168391912	-0.07169109197670047	-0.1807248247576796	-0.1430622009573413	0.05292041130763489	0.04395405643608474	0.1874034408529585	0.1874034408529585	0.8921456701375549	0.8921456701375549	0.1466754181832729	-0.1793730801415318	0.1203738342535627	-0.08584420297768348	-0.1030221360722538	-0.08291555419887356	0.0238837446827598	-0.1373936082617958	0.5252809416119663	0.4747794209995529	-0.001369620510664949	0.0009321457123909568	1.570484466941717	1.542866362461412	-0.0006870551777880674	-0.001036461543625721	-0.0008313491764385187	-0.0004908596893632726	0.0006572925159371765	0.0002642117107535429	-0.2741345710118434	0.2959985716470753	-1.513501854429266	-0.03307015943260013	0.04082225956595573	-0.1278545220309848	-1.843709377407729	-0.5071820876204574	0.3045396981815524	-0.1264463857334037	0.3353273818990961	-1.929530941441906	0.4216828088524243	-0.3142920640798476	0.4761794461606664	-0.1197649050381256	-0.1197649050381256	-3.281402490514028	-3.281402490514028	0.978545329744508	-0.2676720932452035	1.027668731406278	-1.013057562587063	0.1647456565717097	-1.407173548352114	0.7851205325703215	-0.4955216531889462	1.041021578748753	-0.7829035836802543	0.3357403045725612	-1.037982801403266	0.02187651066492235	-0.3226938718153826	0.2522094428373138	-0.1832042088991968	0.002190238747331715	-0.005796265848013254	0.006398799547288118	0.01955089676717423	0.09723083008486488	0.167863953631115	0.04853657905000423	0.01014576016688629	0.091193240764505	0.117798341205223	0.08888432149511977	0.02539817444020943	0.04486350661655836	0.01026729848415105	0.01104109105054008	0.01017933287841067	0.01001573288504695	0.01000501816058449	0.01005036937255918	0.01004066739646794	0.08899420451114957	0.01003270024806583	0.01005850731922348	0.01015786498298361	0.01003403722348241	0.01006211820223452	0.01013545758982721	0.06551971256649539	0.01003812007270253	0.03181874588969982	0.04800312813882882	0.04700089381115205	0.06703514482722263	0.01001385456807103	0.01636874983371223	0.0713614193994514	0.04071737406944553	0.01000164990900431	0.01002678004538635	0.1360653796356132	0.01000814572545154	0.01001945745380879	0.01001373663594781	0.01001683261543358	0.02430267822517001	0.04326753359612723	0.01005494778717521	0.01001653074922407	0.01616295926749201	0.06405172747265649	0.01001736888812965	0.01005714708234278	0.01418272424911505	0.02321989923718696	0.01006978445952402	0.0100411214838326	0.01005494766810235	0.01013436188700121	0.01013327901489061	0.01005045746457745	0.01006329534156595	0.01018977297531967	0.01001650760353511	0.0148376297063558	0.01013632571442912	0.01015852344631322	0.0101792772329102	0.01008326912928515	0.01511187255847565	0.01023352871827147	0.0103945884580036	0.1019245335934898	0.07876730982123605	0.2494818910835544	0.01382020449388519	0.01002603611118677	0.01002089393113202	0.1110376280677373	0.01168118001333503	0.02093140822549994	0.07071832754249603	0.1262448798264576	0.3771239116792734	0.1885259518754933	0.1194567443797949	0.1276234469393434	-0.1779659066138546	-0.01196517689317205	-0.1639908434430936	-0.01662899075564988	0.03197636758075544	-0.000860429710702792	-0.000861453513173616	-0.003139942566251533	0.002282318083609061	0.009860634278865058	-0.001308047480821267	0.0560948483354658	-0.001224663281982421	0.003142368373474745	-0.006815850429948441	0.09683229878082653	0.1682045740245086	0.04908861307374332	0.01015292623178474	0.09151544993011916	0.1174248382715862	0.08695697028082798	0.02423389160741999	0.04562517660557475	0.01027033470109948	0.01075546011317464	0.01013339962619457	0.01000489610006732	0.01000253601590736	0.01003740519823075	0.01002845029486753	0.09317966843318169	0.01000623047457013	0.01001780475475827	0.01005533143257668	0.01001323364475046	0.01002624844980433	0.01009724973490482	0.0654832929628376	0.01002301201961586	0.03215019949176004	0.0479714442531378	0.04535567723149956	0.06475910773906694	0.01000668075330484	0.01495717868459109	0.06839783853368997	0.04017981080391878	0.0100012193053337	0.01001389665702681	0.1372080634090324	0.01000798095513622	0.01000935966310123	0.0100034253244791	0.0100063879460385	0.0200942349192008	0.02940226889141346	0.01006196054633582	0.01001782301565283	0.01742094385868262	0.0645324068057144	0.01000664211621173	0.01001480464911574	0.01319287617843444	0.02217366024162383	0.01007117663845096	0.01004236024578494	0.01001074452323702	0.01000614725211979	0.01015790004376785	0.01005925979513243	0.01007470613627988	0.01000322962476728	0.01001321011811298	0.01584370397576348	0.01000647962067886	0.01001318269443337	0.01015153592532158	0.01003869368947508	0.01001150809744099	0.01002243694150201	0.0100217561706085	0.1033163067339591	0.06739058232770212	0.2296016401022082	0.01017985585799532	0.01000271073058261	0.01000688632135906	0.1017495777941668	0.01001098017152705	0.01513170683734129	0.05443905936925057	0.1303450175131136	0.3970077521973573	0.1965464851308668	-0.006833328615278568	-0.005080030670077373	-0.003873990210603371	0.0004744506920029987	-0.0007073067892122053	-0.001789102019157198	0.002156124472591839	0.002177966775173215	-0.007413636448525571	0.002671105260385863	0.004740771070981727	-0.006090314668567316	0.02178723919223303	0.002470176460092424	0.000365643019402612	-0.01134969081012945	-0.00290377097145008	0.0001818813584633032	0.006100222775789354	-0.02133474448985061	-0.7640607984958152	-19.33780129424201	-1.329012479256611e-17	3.238283445275164e-16
1.225	-0.009237131850860645	-0.06611278992067264	-0.00731192048227702	0.9445281180016715	0.9860022751516886	-0.4229126384571985	-0.07369607430835631	-0.1649374088368455	-0.2276634022469853	0.2460159867206794	-0.06208940020810437	-0.2283049302653022	-0.1357605715593355	0.04430059349672451	0.05768934514190051	0.1835796211768005	0.1835796211768005	0.8004156163122444	0.8004156163122444	0.1702339792942991	-0.1861130775632079	0.1483138958232237	-0.1108243990585979	-0.09825717617483053	-0.1196812888641	0.04056048104035084	-0.1463572747845549	0.5517295085772106	0.4556367920526014	0.002519288080397719	-0.01216698861922551	1.570590625236958	1.534864933037053	0.0008868496328230166	0.001238727541068717	-0.0007882657921450133	-6.277645530409289e-05	0.0008274282702046245	-0.0001598143118669398	-0.1090451299865531	0.3073522628083334	-1.666685185512104	-0.01331276987884501	0.02238960196614553	-0.100501346177414	-1.957352962328833	-0.2185585281744116	0.3105219951155941	-0.6868171562067357	0.4067371781332533	-1.917519935863052	0.2637010023792443	-0.3413972240967516	0.6284719275722127	-0.1113290682459298	-0.1113290682459298	-3.952850955341753	-3.952850955341753	0.8813773213455997	-0.278556993238087	1.188087513766634	-0.991449182874627	0.222720337933502	-1.52557365689897	0.626215104868616	-0.2351192865706918	1.081949489795287	-0.7557342501579923	-0.006142881798065174	-0.03255835924096021	-0.01867312323853187	-0.3116174695395862	-0.05120895675923007	0.1414602269699655	0.003306123529488148	0.0317110395119047	0.005468550950205783	-0.03863888430073516	0.1133676347674556	0.1947969750156617	0.05955420827992929	0.01332076787644187	0.1052113939918289	0.1227310471495571	0.08040145289059182	0.02337509274017252	0.04658763838811142	0.01035452157343552	0.01087853014196355	0.01013597842866265	0.01000509306622466	0.01000263472479686	0.01002795890863623	0.01002131202837136	0.08144254016127062	0.0100050539519689	0.01001330948247167	0.01003800714034225	0.01001269215363817	0.01002097520432618	0.01007039577041881	0.07144962578425848	0.0154803150399519	0.03053248996097083	0.04635804146409189	0.03495980591381116	0.07614952824068595	0.01000665526314836	0.01347579994558613	0.06322848827261311	0.04120410272032386	0.01000122838180175	0.01001281817922338	0.135990643848415	0.01000806938296304	0.0100096186808584	0.01000336012482519	0.01000653694176829	0.01706753543320232	0.02416021798424694	0.01005535041630243	0.01001989850337194	0.01521824054011227	0.04872683682882006	0.01000616269936336	0.01001632131526055	0.02509089090676818	0.01913834665836608	0.01005453601077784	0.01003235328749761	0.01000866010563683	0.01000276807280873	0.01011989216466238	0.01004614488568564	0.01005702266308799	0.01000438777842435	0.01003309104092923	0.01411491168777091	0.0100142649306304	0.01003579742756094	0.01017200972272538	0.01003389157400212	0.01214352329310965	0.01779387777825648	0.02670742019126475	0.07693580738095226	0.05417697427638106	0.2240162289901865	0.01008639496772648	0.01000210855230044	0.01000699756776681	0.07640898359353639	0.01408462081768918	0.01352852402531266	0.04198280719563605	0.1260075079145369	0.3797658354624068	0.1893860207897407	0.1243245142843848	0.137744541101235	-0.1616421780390865	-0.02439555107777278	-0.1543488182035885	-0.01641318783894754	0.02976510996649419	-0.001086987494650474	-0.0004028245465543906	-0.002743159384401774	-0.008460784863103053	0.00314518105619037	-0.000755632420554405	0.05166649457466842	-0.0009137862534280663	0.003413086349914518	-0.005534654362268866	0.1268923326034512	0.2198260985242238	0.06724857318502027	0.01539775568497665	0.1163043711278572	0.1271293297111479	0.07518429968308933	0.02280795939471097	0.04728851322215057	0.01040922799568588	0.01096775003039295	0.01013916038336028	0.0100055785568661	0.01000278082905471	0.01002224112206781	0.0100170711668848	0.07267483065604055	0.01000516084768679	0.01001172493014397	0.01003009589342486	0.010013025385505	0.01001872535212893	0.01005417905398907	0.07595117366396813	0.01907771064397738	0.02942106198662413	0.04520512466751347	0.02768536021382921	0.08470723283772284	0.01000687528233215	0.01253555403605165	0.05922093575632883	0.04191952281985212	0.01000124849568881	0.01001254131351301	0.1351096611038485	0.01000813233718461	0.01001012011072045	0.01000365778978268	0.01000697828289708	0.0151069595298537	0.02039243442882972	0.01005081930563923	0.01002120592184632	0.01373416177175434	0.03734548824560965	0.01000620457178602	0.01001870141244272	0.03314621793658661	0.01712702596987527	0.0100436649883993	0.01002580296333702	0.01000875919076356	0.01000477333670612	0.01009435477239387	0.01003732343877887	0.01004514334395779	0.01001123967005444	0.01004613224150732	0.01295123836754486	0.01002358552820417	0.01005526775589323	0.01018624024583734	0.01003223321363414	0.01366483157136053	0.02295130451775793	0.03801037418846828	0.0567064646812054	0.0438005064013146	0.2130090819405892	0.01012325957750966	0.01000248567441888	0.01000753175070894	0.05589949701276208	0.01681187751519873	0.01256874869941905	0.03228907197598948	0.1228824393810778	0.3678561736407004	0.184362497181973	-0.007057542580672586	-0.005274861525500002	-0.009026327720052957	0.0005910390257035666	-0.0007017560898659068	-0.001552865968081619	0.002206422372931395	0.003015441643188071	-0.00499100989549352	0.002072214340061377	0.004251590164045028	-0.003325443179276792	0.01974881932777452	0.001517289744477356	-0.0002002143228967502	-0.007275427748967803	-0.00304838325264729	-0.0005585449373726007	0.0005404806565120318	-0.01601343468612593	-0.7704391441410047	-18.24385497155298	-5.664714197255997e-18	2.604218174325823e-16
1.25	-0.01573435180595545	-0.05979004043011082	-0.05118950822766641	0.9442324176608136	0.9858866783810267	-0.4251031583576697	-0.11522592518434	-0.1652226543538018	-0.2156093719421524	0.2306866024058945	-0.05265777214280472	-0.27863294338559	-0.1248144778688187	0.03754535693760887	0.07566906667807634	0.1855775674810912	0.1855775674810912	0.6997106653789192	0.6997106653789192	0.189506172360954	-0.1936523944408961	0.1788057759218959	-0.1357212150708418	-0.09157265904001111	-0.1587686586454706	0.05905433636777343	-0.1498269534872761	0.5797327016679549	0.4366313325875469	-0.0007525278260940636	-0.001826292955402552	1.569286346970148	1.527575639614121	0.0005069020457102847	-0.005151405630366749	-0.0005635584232971394	0.0006780980331898185	0.0008435445712523698	-0.000926027790479333	-0.5040878219129844	0.1744200449300164	-1.848252497623866	-0.01370083280273897	-0.03875620121617668	-0.07505866096757069	-1.223842819849841	0.2208736579271663	0.7212596567153138	-0.3980027214352537	0.3217222856353796	-2.14936355045512	0.7132399522533019	-0.1651255639362667	0.8157340725894712	0.3459763733977764	0.3459763733977764	-3.999394259155207	-3.999394259155207	0.6356358861948124	-0.3316176497261658	1.231814213727168	-1.006387157093427	0.3183102355634023	-1.592904357643648	0.9304900501568453	-0.05600262758591775	1.165391668788736	-0.771930025128495	-0.2371176552317943	0.8372035982318857	-0.090958414299092	-0.2657229917011956	0.09590125101940866	-0.8764299893895884	0.01672015751168118	0.01922703450676526	-0.005922756710288067	-0.007824099712178588	0.143351927026457	0.2445160848637978	0.07806765790269675	0.01880845798316812	0.130035301209368	0.1324499168192285	0.06838577067939064	0.02201153847583253	0.04824278595646896	0.01050000717341179	0.01113836842089756	0.01014802416586008	0.01000722661267552	0.01000321641907249	0.0100137228696178	0.01001095464409218	0.06015737680413948	0.01000738977177313	0.01001224053362417	0.01002487755320629	0.01001519229233709	0.01001775847627814	0.01003013697325921	0.08213557984893083	0.0249328904850839	0.02765126192672148	0.04349243494800099	0.01655178631702318	0.09653764256900091	0.01000779742181745	0.01110342446312736	0.05391369735851025	0.0430568085458895	0.01000131534576269	0.01001307830612822	0.1338929789532284	0.01000824995375793	0.01001173749935771	0.01000495228535844	0.01000852243927307	0.01229201532332423	0.015873612456114	0.01004272985559798	0.01002328334733102	0.01119284602768734	0.02019889937892184	0.01000710525531084	0.01002594735200544	0.04586457374686647	0.01395960059535284	0.01002545299036282	0.01001479777961233	0.01001235010122499	0.01001806101532313	0.01004992146490959	0.01002194994995662	0.01002447517285903	0.01003713629542969	0.01006810663822506	0.01095242223456247	0.01004918415947169	0.01009897506325516	0.01021208448429951	0.01003292720201209	0.01660080732570452	0.0312797695964579	0.05560057689342186	0.02815848653489262	0.03005741238754878	0.2064490764593106	0.01048103120079545	0.01000492088667257	0.01000950660360022	0.02858010340224353	0.02141037588874482	0.01149948420306478	0.0196042479337829	0.118472322613216	0.3549644709425596	0.177697832161392	0.1291922841889747	0.1478656352631267	-0.1453184494643184	-0.03682592526237351	-0.1447067929640833	-0.0161973849222452	0.02755385235223294	-0.001313545278598155	5.580442006483469e-05	-0.002346376202552015	-0.01920388780981517	-0.003570272166484317	-0.0002032173602875427	0.04723814081387104	-0.0006029092248737114	0.003683804326354291	-0.00425345829458929	0.1569523664260759	0.2714476230239389	0.0854085332962972	0.02064258513816855	0.1410932923255951	0.1368338211507096	0.06341162908535067	0.02138202718200195	0.04895184983872639	0.01054812129027227	0.01118003994761126	0.01014492114052599	0.01000626101366488	0.01000302564220205	0.01000707704590487	0.01000569203890207	0.0521699928788994	0.01000409122080344	0.01000564510552966	0.01000486035427304	0.01001281712625954	0.01001120225445352	0.01001110837307333	0.08641905436509865	0.0281324092683389	0.02669192448148822	0.04243880508188916	0.01001504319615887	0.1046553579363787	0.01000706981135946	0.0101139293875122	0.05004403297896769	0.04365923483578547	0.01000127768604391	0.01001118596999921	0.1330112587986646	0.010008283719233	0.01001088055833967	0.01000389025508626	0.01000756861975564	0.01011968414050659	0.01138259996624599	0.01003967806494265	0.01002458882803982	0.01004737968482605	0.01015856968550489	0.01000576702736031	0.01002259817576971	0.05309955969473877	0.01208039169812671	0.01001615333834764	0.0100092456808891	0.01000677385829009	0.01000339942129245	0.01003080950101989	0.0100153870824253	0.01001558055163571	0.0100192497153416	0.01007905436490166	0.01005877275932623	0.01004069143572949	0.01009735281735309	0.01022094456635309	0.01002577273779321	0.01731815504528006	0.03588017209401384	0.06599899220632806	0.01009662262845165	0.02021043047492707	0.1964165237789704	0.01006666329702401	0.01000226061825516	0.01000817718005883	0.01004941623135739	0.02361277485887041	0.0100057905614968	0.01013908458272839	0.115419861249042	0.3387045950840434	0.1721785092330792	-0.007281756546066605	-0.005469692380922629	-0.01417866522950254	0.0007076273594041344	-0.0006962053905196082	-0.00131662991700604	0.002256720273270952	0.003852916511202927	-0.002568383342461469	0.001473323419736891	0.003762409257108328	-0.0005605716899862677	0.01771039946331601	0.000564403028862287	-0.0007660716651961125	-0.003201164687806154	-0.003192995533844499	-0.001298971233208504	-0.00501926146276529	-0.01069212488240126	-0.8155227192143425	-14.75513052219706	1.663383795158079e-17	7.263599443408293e-17
1.275	-0.03385210636189884	-0.05626795603427389	-0.09805559160098822	0.9438602250131249	0.9841856817981938	-0.4268384914630637	-0.1365370994609219	-0.1544081334710116	-0.1929506405734314	0.2246081845378957	-0.04544398781432808	-0.3459721230007657	-0.1007242989500887	0.03586140692220506	0.0968881561567153	0.1993288614984277	0.1993288614984277	0.6008006856253555	0.6008006856253555	0.2017710562503708	-0.2022520155249785	0.2088806760111219	-0.1610162250351456	-0.08281536683203454	-0.1984885922200597	0.08036697606265632	-0.1316147893584136	0.6095809288740183	0.417041634637374	-0.007709357432604435	0.003191871745555529	1.566254668824876	1.522545276574373	3.256949048673709e-05	-0.001184241256308505	-0.0001186700723970973	0.0006803002372290937	0.0004486173768041477	-0.0005755261688104037	-0.8169387802942727	0.1626703065918704	-1.791485941851641	-0.01248546740784251	-0.08775003969148243	-0.07365967048246198	-0.6943499174345757	0.56801499553407	0.8801586767493693	-0.2046689871443459	0.3750266633365548	-2.992216417297056	1.080759540717194	-0.04338447862345347	0.7713819644525195	0.6210308015081236	0.6210308015081236	-3.941129724826844	-3.941129724826844	0.3733790004547473	-0.3305419703901388	1.159279246686292	-0.9992286214565056	0.3584938673538934	-1.563150662954274	0.7538933301937424	1.086746189967767	1.198438836041884	-0.7852665148065575	-0.2099059058710654	-0.2478607334242924	-0.1436140812194754	-0.1012835066615501	-0.08959427219923714	0.7115817515566142	0.01766804918969066	-0.01056143478972553	-0.02143267007609202	0.02705848535174143	0.124399547363001	0.2234177780890613	0.06361825090624205	0.01748186244662295	0.1109003327582295	0.1185673694617938	0.04807667637970638	0.02160905481180408	0.04492978827081394	0.01040955226659444	0.01161076766259873	0.01028891690813013	0.01000653486966231	0.01000319240076816	0.01001338748328988	0.01000828028962445	0.04003171634603874	0.01000606623814725	0.01001592374394277	0.01009471059688975	0.01001621768264929	0.0100386005642326	0.01273077055538559	0.07412633871564531	0.02275956383183276	0.02969645648176481	0.04652346381162393	0.02748328400267832	0.09554296129215828	0.01000973646754507	0.01400536737766917	0.03839398215405604	0.03376209589236932	0.01000138059191087	0.0100177704413782	0.1308625833311378	0.0100084575519014	0.01001083324226483	0.01000388023727785	0.01000752316861654	0.01007469316876762	0.01212358230979164	0.01005835451437753	0.01443649237870914	0.01002959089496908	0.01001989818352689	0.01000862261513951	0.01002569820262642	0.04637698824464863	0.01143277333203918	0.0116049643471173	0.01020865087763675	0.01000517370067273	0.01000234716064228	0.01003155482384614	0.0100344340166402	0.01002333784232744	0.0761662352401256	0.01007610782565991	0.01002566793258128	0.04239880986377464	0.01750088843246987	0.01015902557529881	0.01003280663541366	0.03228239474797878	0.02825308309870611	0.04959627463472387	0.01001646534429587	0.01714570874199843	0.1698622452389107	0.01004410465619902	0.01000542923258923	0.01001681776701748	0.01000107089201258	0.04324042025761967	0.07511913481669429	0.0100034443370906	0.1090196727139254	0.3263867037220787	0.1639774618912743	0.1305733325993982	0.133202622034076	-0.1487129624063623	-0.04839845953427331	-0.1191973060810338	-0.01307186364273982	0.02634032552720622	-0.001327881830366911	0.0006676664982841274	-0.00137795130719979	-0.03503263406150811	-0.01866877206840357	0.0009047106358337115	0.04172454406683518	0.0006936941928698232	0.003126090820987811	-0.004739997255396278	0.09877215852226921	0.1828421300689811	0.04778237866054508	0.01534550999860989	0.08736728473857744	0.1038810901590178	0.03678214551725539	0.02177097302183625	0.04208131598327319	0.01031776971863472	0.0118908227565894	0.01038274779648083	0.01000674486109507	0.01000330716610645	0.01001771146110515	0.01001013747151391	0.03115472227212797	0.01000745973504726	0.01002282724877939	0.01015382589502536	0.01001850797832548	0.01005663921939418	0.01451214888255889	0.06504191423683529	0.0191027328473886	0.03175973267771714	0.04941981518339158	0.03948101889503413	0.0890115391200056	0.01001149505064025	0.01659256368111707	0.03008957524472411	0.02690035086972118	0.01000144877066259	0.01002211586000843	0.128907716133163	0.01000856951131837	0.01001083072999748	0.01000390876292651	0.01000752507019055	0.01010904326396587	0.01271514587619519	0.01007060471598791	0.01733707739503019	0.01005360155221508	0.01009844371536427	0.01001052422425748	0.01002782508938473	0.04170734226994686	0.01106021437976327	0.01264275470990155	0.01033860425146697	0.01000431678709587	0.01000214615405822	0.01003266944704847	0.01004704052138088	0.01002867720940112	0.1258710827147181	0.01007383000239555	0.01003224192729552	0.06507628598954107	0.02240417607880905	0.01011844497224843	0.01003761794973215	0.04253929564049699	0.02302675448272651	0.03807870271986489	0.0100516728256974	0.01513802332201186	0.1432518574864883	0.01004278274047185	0.01000757806792315	0.01002248208059959	0.01004773989572009	0.0570297863833379	0.1240018635298714	0.01008295945858177	0.1034146987738466	0.3064324994588868	0.1554923199686465	-0.007107663350118247	-0.003523939784472551	-0.01753846476670163	0.0006895235702371148	-0.0007012926242857675	-0.001075399595254094	0.002093350885906354	0.002571120696327625	-0.004604616603554935	0.001701563131602979	0.004167838545095711	-0.004231221643612906	0.01958780318299026	0.0002905482637431557	0.0003754920789177802	0.003395277722988987	-0.002618510088528659	0.001968419664613543	-0.003475234597737179	0.006949640810769411	-0.8329899006831863	-11.44871543446243	2.218166501430214e-17	-5.467104460559812e-17
1.3	-0.05016160270725845	-0.04889034510777066	-0.1352863938007367	0.9437875998706468	0.9819778506824016	-0.4292807260327183	-0.1606083608139621	-0.140635555435197	-0.1821654469063336	0.2146332390916927	-0.0279241288412868	-0.4159660441773491	-0.07743724185935456	0.03168643094006546	0.1087176088382461	0.2099742902324468	0.2099742902324468	0.5012678989527293	0.5012678989527293	0.2095663311585018	-0.2088889896298886	0.23602481091998	-0.1847833952139487	-0.07483692935835788	-0.2358492085247245	0.09571761311545841	-0.1168011223852452	0.6384532598873268	0.3978669716511575	-0.005771682748748863	-0.004824845190069811	1.562503730714335	1.524282591521899	-0.001760132402348811	0.006316612559582295	0.0002597009676558191	0.0005744974633984281	-1.61514940783487e-05	-1.339072758983379e-05	-0.359427165066282	0.4828621673833211	-1.077430003737998	0.01026456761408976	-0.07930296385290919	-0.1316107781084067	-1.444649785966503	0.4575182301691296	-0.2286233594145329	-0.7097249276915857	1.146208257200549	-2.361742875367742	0.6489902060136225	-0.3644076412751294	0.06456312882082042	0.09750715073239782	0.09750715073239782	-4.049218812680196	-4.049218812680196	0.2780671676919443	-0.1746058913923723	0.9973529992977407	-0.8841599742533612	0.2560018568194105	-1.404158976049709	0.4535298387903799	-0.3278824000414411	1.087319973368348	-0.7387272280120006	0.4744426879974806	-0.2055869326947871	-0.1484992115206258	0.2756912472807638	-0.009568295989551329	-0.5937348340429842	0.01139877264391112	0.01058663627717002	-0.01151009082503	0.00910660585195266	0.06464962738847163	0.1368719210534303	0.02388215275626185	0.01170245738230754	0.05537769042928698	0.08495422474572388	0.02043784527143254	0.02208773645181909	0.03773082971188538	0.01016131455028633	0.01235133931596031	0.01053910788869242	0.01000716939645806	0.01000351308872738	0.01002542789895932	0.01001363829403596	0.0185051191771794	0.01001003615694953	0.01003483598507737	0.01025380364469897	0.01002250649496795	0.01008718892276327	0.01744630753158675	0.05183416216107675	0.01292852251547455	0.03506995439037305	0.05382223811450724	0.05864183277163314	0.07929787851226706	0.01001448036282845	0.02090826070168553	0.01774113124473517	0.01612585001872384	0.01000156524309766	0.01002949981516009	0.1267466467677919	0.01000875336531538	0.01001089292484102	0.0100040385294106	0.01000760211615918	0.01033969203923417	0.0140695101378014	0.01009124146763748	0.02207787773993214	0.01018373482030196	0.01111103226016006	0.01001379507531736	0.01003162688772943	0.03390749816382566	0.01059545599207724	0.01436019977428863	0.0105552898863749	0.01000332148165356	0.01000294712124371	0.01003600662814586	0.01006854372546909	0.01003825875342378	0.1900117771288236	0.01006918924172302	0.01011329038094799	0.09818775779136396	0.0303165755891883	0.01005019271587645	0.01004618526665687	0.05815933956778908	0.0142970825805237	0.01958917360851818	0.01183458027192211	0.01281777054293588	0.1157879130808911	0.01007288090485336	0.01001136309745398	0.01003201900069372	0.01190186425886146	0.07712319501650854	0.1874496928143416	0.01104109765566281	0.09686898855372084	0.2941056442588912	0.1471989250943308	0.1319543810098217	0.1185396088050253	-0.1521074753484062	-0.05997099380617312	-0.09368781919798432	-0.009946342363234446	0.0251267987021795	-0.001342218382135667	0.00127952857650342	-0.0004095264118475652	-0.05086138031320105	-0.03376727197032282	0.002012638631954966	0.03621094731979932	0.001990297610613358	0.002568377315621332	-0.005226536216203267	0.04059195061846254	0.09423663711402326	0.01015622402479296	0.01004843485905124	0.03364127715155976	0.07092835916732593	0.01015266194916009	0.02215991886167055	0.03521078212781999	0.01008741814699717	0.01260160556556754	0.01062057445243568	0.01000722870852526	0.01000358869001085	0.01002834587630544	0.01001458290412575	0.01013945166535654	0.01001082824929107	0.01004000939202912	0.01030279143577767	0.01002419883039141	0.01010207618433484	0.01901318939204445	0.04366477410857193	0.01007305642643829	0.03682754087394607	0.05640082528489401	0.06894699459390941	0.07336772030363251	0.01001592028992104	0.02307119797472194	0.01013511751048054	0.01014146690365689	0.01000161985528127	0.01003304575001765	0.1248041734676613	0.01000885530340373	0.01001078090165528	0.01000392727076676	0.01000748152062545	0.01009840238742515	0.01404769178614439	0.01010153136703317	0.02464956596202057	0.0100598234196041	0.01003831774522366	0.01001528142115466	0.01003305200299975	0.03031512484515496	0.01004003706139983	0.01526935608145547	0.01066796282204484	0.01000185971590165	0.01000089288682399	0.01003452939307704	0.01007869396033645	0.01004177386716652	0.2417229157140947	0.01006860563988943	0.01000571109526481	0.1201118805433527	0.03471099934026501	0.01001594537814377	0.01004946316167109	0.0677604362357139	0.01017333687143919	0.01015841323340171	0.01000672302294314	0.01006561616909664	0.0900871911940062	0.0100189021839197	0.01001289551759114	0.01003678698114035	0.01004606356008279	0.09044679790780538	0.2379979364982461	0.01002683433443515	0.09140953629865123	0.2741604038337303	0.1388061307042137	-0.00693357015416989	-0.001578187188022472	-0.02089826430390071	0.0006714197810700952	-0.0007063798580519267	-0.0008341692735021483	0.001929981498541757	0.001289324881452323	-0.006640849864648403	0.001929802843469068	0.004573267833083093	-0.007901871597239546	0.02146520690266451	1.669349862402443e-05	0.001517055823031673	0.009991720133784127	-0.002044024643212819	0.00523581056243559	-0.001931207732709067	0.02459140650394008	-0.7801329086342685	-9.282989479102353	9.117575314672982e-18	-1.147794348021485e-16
1.325	-0.05201484198640992	-0.0324051349007379	-0.1521837712591395	0.9443586554425557	0.9801663981431763	-0.4334748037367734	-0.2069742801748021	-0.1314692114506795	-0.2011075695661667	0.191158017100224	0.01269111163333613	-0.4438084008108643	-0.06804384532013401	0.01709124604865798	0.1004153653510719	0.2048684544364835	0.2048684544364835	0.4024962320246543	0.4024962320246543	0.215545327290946	-0.2111141615762026	0.2586488212003858	-0.2052089887286643	-0.06991990273105146	-0.2681227562944669	0.1035967713854184	-0.1278638075124297	0.6639702736934098	0.3803821873671817	0.005122213225354782	0.00010363682254227	1.559306252394883	1.535837050953769	0.001600699601317757	-0.00140970918384955	0.0006296373398083074	0.001577678681035358	5.789534083498659e-05	0.0001509466172645441	0.01818145777990278	0.7522878139157492	-0.4230727237482572	0.02814217851643581	-0.0768133628586299	-0.1918869314135433	-1.927855416503487	0.3796433175188992	-0.9370550208935772	-0.9601757548920988	1.895581019312954	-0.1061668196315961	0.2975173521017112	-0.6800811506906624	-0.5699083080285139	-0.3114327877984092	-0.3114327877984092	-3.770883851772217	-3.770883851772217	0.1549000083863127	-0.03743537915659347	0.8149927916158909	-0.7687111131493121	0.1668518658760982	-1.170560726877875	0.2566591273129024	-0.5059338406908757	0.9692334380498381	-0.6744587845708593	0.2607644873066492	0.3847705558639617	-0.08805346230730293	0.5920724705310225	0.2164202179517886	-0.0495174704508975	0.01728824591339898	0.05250482147894048	0.01060894466005543	0.004371612818343674	0.072489798433162	0.1497053775077233	0.0100309897231198	0.01000727781080366	0.04607726598666306	0.08453438318174628	0.01001276276038632	0.02886464224363066	0.04300882847290156	0.01098678027615416	0.01183084584143831	0.01043953911165375	0.01000989507102116	0.01000456027340795	0.01002056421666338	0.01001065123398525	0.01000609746363568	0.01000881568343004	0.01002918646333654	0.01021293311915445	0.01002400544344645	0.01007762985987012	0.01632716325732728	0.05582715512854523	0.07574283243571285	0.03348834937086486	0.05273965243710418	0.05165933343765184	0.1248033161108622	0.01679356735309491	0.03308885813131975	0.01000563651970466	0.01002145363873356	0.01000165825970454	0.01010886200606361	0.1208525995446944	0.01000966765653657	0.01000889040869321	0.01000322106110739	0.01000616220537523	0.01006613624098812	0.01283057890154523	0.01007345361977398	0.02028760518329633	0.01004153488029112	0.01000963922747394	0.01001212701866383	0.01004258901400179	0.04200162296796089	0.01337496531102063	0.01951975204959291	0.01209386468013662	0.01000188373799457	0.0100008961287572	0.01004010934275673	0.01006285131489497	0.01003060152100692	0.2484171114372059	0.05129908762528771	0.0251652074343161	0.1152169782904334	0.05686462298296192	0.03262849540883547	0.01003951838765115	0.06122982020656093	0.01006381086382464	0.01001696464365595	0.01000490013891435	0.01000754356432919	0.1120159918019402	0.01008563486597499	0.01001011978444908	0.01002853702498342	0.01000020802413613	0.1015250313362677	0.2660971872149744	0.01000175980562912	0.07949268998351113	0.2424279473502185	0.121202797144621	0.1534629870100759	0.1202338198436604	-0.09859911691274109	-0.07041637655749479	-0.07362796011757153	-0.002699497801812482	0.02678633234670155	-0.0004902386894027336	0.002551764368000548	-0.0004545322196541165	-0.07375195152768481	-0.04231683272338301	0.0005118617799836676	0.0327502811485613	0.0006774654953632318	0.002802050466893263	-0.004219882098313636	0.09531104097505037	0.1915235160789767	0.01010322733907798	0.01003050793692664	0.05419254907237533	0.09402003536333371	0.0100908336023462	0.03343794018536991	0.04849845344643892	0.01157561665388193	0.01131950931861759	0.0103190179588898	0.01001162746798288	0.01000518975023317	0.01001540618898669	0.01000806265099498	0.01008187266644981	0.01000748044592047	0.01002197571330496	0.01015285289463774	0.01002382382313361	0.01006123635766469	0.01451407940801765	0.06444150775792699	0.125147010146601	0.03118307230711965	0.05016292949224383	0.03947816910206701	0.1671177259229882	0.02127461103063015	0.03995174882886379	0.01007823349484938	0.01008196474227501	0.01000168143767403	0.01015807082115816	0.1172911815634623	0.01001019269505123	0.01000766439827409	0.01000276537104286	0.01000530801650283	0.01005297822064537	0.01203309847368089	0.01005484902271212	0.01732821860241108	0.01003369131806651	0.01002444342533594	0.0100100261431036	0.01004874574048853	0.05022115509070681	0.01557997739695488	0.0223276823279343	0.01302259997444271	0.01000194759970414	0.01000096602364817	0.01004378782444385	0.01005221075615021	0.01002321812205981	0.2670143812228705	0.08075218862014448	0.03539005028942724	0.1132581730377542	0.07295418405473585	0.04813760735539813	0.0100329412928437	0.05674928204888563	0.01010004303440099	0.01009232641631453	0.01005857481957823	0.01004800621617727	0.1269254298159318	0.01013082350734759	0.01000826370251053	0.01002301331272299	0.01002587970574672	0.1112967663767803	0.3066733888274584	0.01001719940162209	0.06980210024315181	0.203753879740466	0.1051080801883022	-0.008059307662460373	-0.001425696446581219	-0.02918142308091353	0.0005469582976062463	-0.0007941757621348526	-4.960818015671984e-05	0.004982959952384012	0.0008908011901800604	-0.004578623068072735	0.002910299282408759	0.003822757395334437	-0.00330248231184035	0.01799808309517779	0.000191916197858904	-0.00169404310242409	0.005807602168686607	-0.001665911032966014	0.006738021583813926	-0.001964406302728535	0.02953954257550894	-0.8123324904659122	-7.681340259334422	-3.518385843680573e-19	-1.17555508868295e-16
1.35	-0.05890185806597639	-0.01545929617516063	-0.1638756565288512	0.9448308238153584	0.9775771763607943	-0.4382736472632723	-0.2401627143192762	-0.1164606881129205	-0.2115336263270855	0.1770303051837781	0.0564834240515445	-0.4333004433748353	-0.0528095825053845	0.003838673372872551	0.08816390842513258	0.2041297121730792	0.2041297121730792	0.3168052408537972	0.3168052408537972	0.2150437058519537	-0.2124621343299104	0.2768956989248325	-0.2241601311826854	-0.06501975643900315	-0.2940190389360275	0.1125433847064278	-0.1395378859476666	0.6876745471363956	0.3634238689293744	0.0004513164853755475	0.003658935711138712	1.559063337185379	1.551056563211562	0.005960146578686226	0.002583410786070685	0.001078718702581322	0.002341586554603263	0.0001730510910223535	0.0002217514674246556	-0.7621293090994812	0.5197124488668829	-0.6609906286427197	0.002353591685567897	-0.141524503305442	-0.1799920439039074	-0.3904509686572362	0.9248925784284484	0.4526619124986162	0.03807587831023869	1.400374012687383	0.7062822501957903	1.116259508055938	-0.2569986640253668	-0.2513739462803863	0.4468746333371253	0.4468746333371253	-3.002764752102766	-3.002764752102766	-0.2403822380229688	-0.1044299559838699	0.6471823948209925	-0.7662038893978015	0.2546514299987628	-0.8939777657951489	0.5389262428743337	-0.3767938646856278	0.9423007443205648	-0.696609960318522	-0.7707407291291487	-0.3154415826160381	0.08786583727523099	0.5688954733546961	0.0703209019066007	0.3438205030251814	0.01773037189355321	-0.008555231248351957	-0.008221377603107479	0.001624006276411346	0.1289866611925211	0.2436847325736559	0.01147820321174279	0.01020023969188549	0.06876859343115965	0.1084818948949789	0.01112655021516537	0.04055471202832407	0.056946663128141	0.01255808553238186	0.01045223852372171	0.01011216609835436	0.01001450829749947	0.0100062323333484	0.01000658939991008	0.01000367809951509	0.01092874547354282	0.01000519519990075	0.01000956552107881	0.0100490320554655	0.01002339025093763	0.01003278183588155	0.0114140124231678	0.07771843824776385	0.1892663164397229	0.02742677459468331	0.04608438984263889	0.02007521755613327	0.2164128634462963	0.02852627364351751	0.05026884963723437	0.01084857362791251	0.01068399520596077	0.01000171581296817	0.01023972826199241	0.1132870681691003	0.01001105928414783	0.01000563111497444	0.01000201501116032	0.01000389466841016	0.01004983728426338	0.01071717747123236	0.01002306887639928	0.0123078524573024	0.01003024833238812	0.01013342610999802	0.01000641194339675	0.01005888907386596	0.06283321965407103	0.019244183313802	0.02676735789224116	0.01454787972772509	0.0100021671765259	0.01000124153577265	0.0100500284551627	0.01003370418233554	0.01001064897156119	0.2741689483942593	0.122325849808703	0.05138308797845439	0.1075827426404825	0.09519261144765533	0.07166780287172884	0.01002173349073963	0.04915940656881523	0.01049812198580966	0.01104039919922835	0.01029305147582885	0.01033662409158931	0.1490887306526733	0.01021025560020781	0.01000505363858319	0.01001344430617759	0.010216048800616	0.1217452866514236	0.3319749628131737	0.01012257196206048	0.05735354935171399	0.1712385807662845	0.08673512230714198	0.1749715930103302	0.1219280308822955	-0.04509075847707604	-0.08086175930881644	-0.05356810103715876	0.004547346759609483	0.0284458659912236	0.0003617410033301993	0.003824000159497675	-0.0004995380274606677	-0.09664252274216856	-0.05086639347644321	-0.0009889150719876306	0.02928961497732328	-0.0006353666198868941	0.003035723618165195	-0.003213227980424006	0.1500301313316382	0.2888103950439301	0.010050230653363	0.01001258101480205	0.07474382099319091	0.1171117115593415	0.0100290052555323	0.04471596150906927	0.06178612476505786	0.01306381516076669	0.01003741307166765	0.01001746146534393	0.01001602622744049	0.01000679081045549	0.01000246650166794	0.01000154239786422	0.01002429366754309	0.01000413264254986	0.01000394203458081	0.01000291435349781	0.01002344881587582	0.01002039653099453	0.01001496942399085	0.08521824140728206	0.2402209638667636	0.02553860374029324	0.04392503369959366	0.01000934361022462	0.2608677315423439	0.03253330177133927	0.05683229968300564	0.01002134947921823	0.01002246258089313	0.01000174302006679	0.01028309589229867	0.1097781896592633	0.01001153008669873	0.0100045478948929	0.01000160347131896	0.01000313451238021	0.01000755405386559	0.01001850516121738	0.01000816667839108	0.0100068712428016	0.01000755921652892	0.01001056910544823	0.01000477086505255	0.01006443947797732	0.07012718533625865	0.02111991773250992	0.02938600857441312	0.01537723712684059	0.01000203548350662	0.01000103916047235	0.01005304625581065	0.01002572755196397	0.0100046623769531	0.2923058467316463	0.1514357716003995	0.06077438948358967	0.1064044655321558	0.1111973687692067	0.08625926933265249	0.01001641942401632	0.04573812786205737	0.01002674919736278	0.01002623959922734	0.01011042661621331	0.0100303962632579	0.1637636684378573	0.01024274483077549	0.01000363188742992	0.01000923964430562	0.01000569585141064	0.1321467348457553	0.3753488411566707	0.01000756446880903	0.04819466418765241	0.1333473556472017	0.07141002967239078	-0.009185045170750855	-0.001273205705139965	-0.03746458185792636	0.0004224968141423974	-0.0008819716662177784	0.0007349529131887085	0.008035938406226267	0.0004922774989077979	-0.002516396271497067	0.00389079572134845	0.00307224695758578	0.001296906973558845	0.01453095928769108	0.0003671388970937837	-0.004905142027879852	0.001623484203589086	-0.001287797422719208	0.008240232605192263	-0.001997604872748003	0.0344876786470778	-1.008590485530959	-5.919144474403832	-3.658951110972427e-18	-2.204761242517607e-17
1.375	-0.08649939718760727	-0.006775124851862883	-0.1867720911638147	0.9444159053781467	0.973516448491562	-0.4423576555108369	-0.2307013082685528	-0.08599130583959792	-0.1808103232987248	0.1887398601565463	0.08035661547105358	-0.4194371986716733	-0.01667542646631778	0.004935849338117141	0.08958335510965867	0.2265068329233131	0.2265068329233131	0.2538464853255427	0.2538464853255427	0.204472960216036	-0.216387990333353	0.2908794560346376	-0.2428260608534461	-0.05715379661618374	-0.3124037034026322	0.1264631792673587	-0.1484950929884661	0.7106549826877332	0.3461840779573418	-0.01522154459295196	-0.004795947887512396	1.563324675708862	1.562765938243819	-0.003511252685564879	0.0009475341935750568	0.001521434132118173	0.001385779641510614	-0.0004845522360593229	0.0003933101759755376	-1.14130846643261	0.2808285254410919	-1.070281046992803	-0.02953525482473923	-0.1613746759216049	-0.1572891169911502	0.7650033398709515	1.322804721062731	1.631187435252163	0.5875355124533564	0.7308661221388113	0.6027126186503944	1.454633815544467	0.1587085986547183	0.2516212760228988	1.239494969097457	1.239494969097457	-2.0549669419217	-2.0549669419217	-0.5256551471859207	-0.164264475638472	0.4657356100653066	-0.687437585555426	0.3402263414603684	-0.5726093664857006	0.5248897753543165	-0.4355270592618909	0.8576565201118208	-0.6436784974293674	-0.1445956967252384	-0.2904046056033161	0.2188444968376854	0.3652968809723181	-0.5677127029812465	-0.3709994063442522	0.01590572727785137	-0.04909527838413441	-0.03457976107300162	0.01260315401450008	0.1195531793960029	0.251572336223068	0.01001152350265035	0.01000703785756449	0.05594411542872747	0.09796709491839414	0.01000192173590895	0.04914446829212061	0.04661360336124445	0.01215950783658663	0.01458156609673546	0.01445583582702695	0.01001786352038026	0.0100082176744825	0.01000337484162885	0.01000185205079965	0.01000085206168845	0.0100105106920569	0.01002294763972167	0.01003613408215039	0.01579999213702191	0.02422524304999733	0.02599889948019792	0.0767174784288456	0.2399439485295847	0.0249123473617728	0.04084752996642708	0.04042265708765409	0.2549482470919913	0.02613943172673152	0.06315418258448073	0.01000173102096695	0.01000791215661021	0.01000193776269389	0.04032400085435656	0.1103964818925938	0.01001170796566039	0.01000402335803278	0.01000140474844455	0.01000277025362686	0.01000807396156091	0.01000190424056636	0.01001558931442453	0.01335305857194266	0.01001004962288022	0.01000793955197813	0.01005921164402647	0.01007469920702122	0.05406173329772875	0.01782509124621478	0.02698551541505215	0.01524505932266407	0.01000242964211338	0.01000128097915548	0.01048607624498655	0.03609902949604798	0.01001636531488141	0.3114410805456964	0.1378727828560637	0.04584061438319088	0.1184626557942048	0.1053792543547897	0.06873709116221975	0.01002071374104162	0.03527699415008363	0.01002112733756843	0.01000500237658416	0.01007449860865122	0.01001718866864251	0.120923030874501	0.01017618017342641	0.05002821813881776	0.01715073130561912	0.01000022443780853	0.1273401618402774	0.3391756443723425	0.01000546615197268	0.04221484712312223	0.1228316359816784	0.06315750002797328	0.1706882126236126	0.09527520448387043	-0.06913190964846749	-0.0720381774851481	-0.02816573295922588	0.003449837473777523	0.03831660928262714	-0.0009738344808360537	0.003384435604969782	-0.001201135338929307	-0.1083414625737015	-0.06690293226294629	-0.002324041670214556	0.03231678404487864	-0.0005976579167812242	0.001688688782547509	-0.005744174301372755	0.09670859201058978	0.2258873191609106	0.01003003325607582	0.01000956421935521	0.04244159159837841	0.08348282848607812	0.01001850894609265	0.05237053557764565	0.03589338617281448	0.01155291449390135	0.01758378949291327	0.01737715599078769	0.01001900865168702	0.01000912739268242	0.01000410172275299	0.01000212394429102	0.01001408176718474	0.01001469445873625	0.01003549595047196	0.01005926246120202	0.01961019058181368	0.03378238576883469	0.03684203382273085	0.07068381879724918	0.2511648701854222	0.02450204415125308	0.03863525027052553	0.06183808940487473	0.2602824037369939	0.02176713210901436	0.06800790875331797	0.01001512401157203	0.01001954110196485	0.01000206353755766	0.06128161464180842	0.1105041860091237	0.01001180815922945	0.01000371791097867	0.01000128906888509	0.01000255840272011	0.01000980445384432	0.01001334543111659	0.0100209089573248	0.01561543108979872	0.01001241736186091	0.01001025706448671	0.01009468066333746	0.0100811904281759	0.04263858062251598	0.0155979420015426	0.02532904447948	0.01513595921801933	0.01000269037152995	0.01000144495035631	0.01076797050002021	0.0541201165017433	0.01002417525201774	0.338084023360965	0.1298934854500134	0.03539740046660583	0.128333874993797	0.1020984940095663	0.0563093396451116	0.0100236823658498	0.02790360546234623	0.01003264443829232	0.01002293619073005	0.01005706625326453	0.01001853594878892	0.08688431557225221	0.01013180219936134	0.07854248597908814	0.02187651647432508	0.0100035333640594	0.1245854270144663	0.3144879660790018	0.01000787383932581	0.03765626923480762	0.1072448703089084	0.05586838579486465	-0.008489148457260854	0.001673602489320262	-0.03753073291101755	0.0001905899981266527	-0.0008856320252571572	0.0009700478101740938	0.007501836744661338	-0.0005677908972668587	-0.0030533099174684	0.003923768184593446	0.003556604329618561	-0.003575301966049167	0.01519244259121257	-0.0008936434175247169	-0.003163406774600432	0.005856768790110529	-0.0008212063207918717	0.007659418468719419	-0.0009104800638952596	0.02990025318058251	-1.042563889289731	-4.957160726316133	1.790536318155617e-17	3.992979617822817e-17
1.4	-0.1007490136776874	0.00387249351910153	-0.2123675541204135	0.9436546516660094	0.9706063950802913	-0.4466661281673242	-0.2210305529679365	-0.05981311617851583	-0.1486749992903815	0.1908494304535527	0.104095971221758	-0.3931680478126548	0.00393015029559153	0.002470896176097673	0.09507955197529867	0.260914457748745	0.260914457748745	0.2130053311695087	0.2130053311695087	0.1927420617758845	-0.2184066556791807	0.299893351233192	-0.2565503655250753	-0.04972839008430599	-0.3224402060079359	0.136299496141852	-0.1661014569449388	0.7286334941582552	0.3331846850586425	0.0101461546697045	-0.007334069585390207	1.568295724638978	1.5691935248475	-0.00940948156710378	-0.01078199832711288	0.001784948306896709	0.0008275248061428374	-0.001065580588106463	0.0008770323484916979	0.3057045014245863	0.6767882126802167	-0.8769128943735516	-0.02535323030849031	-0.04947054666850995	-0.1979491966177151	-0.373703028665796	0.5815971694492109	0.5656235908972326	-0.7299228957507101	1.389667159183009	1.69875474266431	-0.1260268341166594	-0.5419689942064925	0.07476606820872564	1.409314959352967	1.409314959352967	-1.2333566423251	-1.2333566423251	-0.3331944623616651	0.04814529662531639	0.249593441920938	-0.3708738894672861	0.219407166723429	-0.2261248168910694	0.2122480279593179	-1.068726417939479	0.5421468178553097	-0.3573781144518566	2.51250409814958	0.1578993694458274	0.1446426698058048	0.1463523990685124	0.3561745325235782	-0.4636719712302065	0.003394271512888004	0.02324893496963791	-0.002095379600344578	0.02659708339363369	0.0646440355561506	0.193122748540671	0.01017366061384305	0.01002834484477545	0.02176605135592886	0.06318428552980086	0.0101324315078368	0.05664819160884748	0.01913072231030999	0.0105082046670846	0.02252077093325956	0.02215899548026254	0.01002079811451655	0.01001059926496171	0.01000563170238812	0.0100027422052875	0.01010704302130505	0.01002174493090881	0.01005683029035483	0.01010135400654226	0.0258021330401437	0.04878147404913381	0.05385221724089393	0.06138178134978328	0.2520902367030095	0.02403112262439983	0.035524374899225	0.09430207312330287	0.2565752029622516	0.01442139602441387	0.0740542386559413	0.01010223212500167	0.01009061775935807	0.01000227091430543	0.09213035243044723	0.1111888103988635	0.01001193852386439	0.01000329306628099	0.01000112826966876	0.01000226442496722	0.01001596339696377	0.01008703637536532	0.01003092329218729	0.01951615912534372	0.01001811876433473	0.01002364901131217	0.01015387362524911	0.01009157054441695	0.02484933017499594	0.01180588706249909	0.02246082676461488	0.01488876434398516	0.01000313483166257	0.01000173372822078	0.01123632456738856	0.08108618605704355	0.01003764642806224	0.3554686493711071	0.1158662644960184	0.01851692835309404	0.1403778106857431	0.09559391908954379	0.03677345688032543	0.01002903825433312	0.01683103143273159	0.01008857947195797	0.01013245489739421	0.01004223677864017	0.01004460409300271	0.04113562556582139	0.01005539292753716	0.118981598329662	0.02951322304470965	0.01002538328134373	0.1196251599474698	0.2859648682366909	0.01002080568796371	0.03186023199621077	0.09511722356560728	0.04763196210692471	0.1664048322368949	0.0686223780854453	-0.09317306081985893	-0.06321459566147974	-0.002763364881293009	0.002352328187945564	0.04818735257403069	-0.002309409965002307	0.002944871050441889	-0.001902732650397947	-0.1200404024052344	-0.08293947104944938	-0.003659168268441481	0.035343953112434	-0.0005599492136755544	0.0003416539469298226	-0.008275120622321504	0.04338705268954135	0.1629642432778911	0.01000983585878865	0.01000654742390839	0.0101393622035659	0.04985394541281476	0.01000801263665301	0.06002510964622203	0.01000064758057109	0.01004201382703602	0.02513016591415889	0.02473685051623146	0.01002199107593354	0.01001146397490935	0.01000573694383805	0.01000270549071783	0.01000386986682639	0.01002525627492264	0.01006704986636312	0.01011561056890622	0.02919693234775154	0.05754437500667485	0.06366909822147086	0.0561493961872163	0.2621087765040807	0.02346548456221291	0.0333454668414574	0.1136668351995248	0.2596970759316438	0.01100096244668945	0.0791835178236303	0.01000889854392583	0.01001661962303658	0.01000238405504853	0.1122801333913182	0.1112301823589842	0.01001208623176017	0.01000288792706443	0.01000097466645122	0.01000198229306001	0.01001205485382305	0.01000818570101581	0.01003365123625853	0.02122399093679585	0.0100172755071929	0.01000994502352519	0.01018459046162237	0.01009794137837447	0.0151499759087733	0.01007596627057528	0.02127208038454688	0.01489468130919806	0.01000334525955327	0.01000185074024026	0.01148289474422977	0.09821450545152262	0.01004368812708237	0.3838621999902836	0.1083511992996272	0.010020411449622	0.1502632844554382	0.09299961924992596	0.02635940995757073	0.01003094530768329	0.01006908306263509	0.01003853967922186	0.01001963278223277	0.01000370589031575	0.01000667563431993	0.01000496270664708	0.0100208595679472	0.1470813400707464	0.03374379330434454	0.01000137087670817	0.1170241191831774	0.2536270910013328	0.01000818320984259	0.02711787428196282	0.08114238497061499	0.04032674191733852	-0.007793251743770854	0.004620410683780489	-0.03759688396410873	-4.131681788909199e-05	-0.0008892923842965362	0.001205142707159479	0.00696773508309641	-0.001627859293441515	-0.003590223563439733	0.003956740647838441	0.004040961701651343	-0.00844751090565718	0.01585392589473405	-0.002154425732143218	-0.001421671521321011	0.01009005337663197	-0.0003546152188645353	0.007078604332246577	0.0001766447449574836	0.02531282771408722	-0.9224836576508801	-4.191658698043138	1.091096725676572e-16	8.021838830433467e-18
1.425	-0.07475704233123703	0.02691680919319769	-0.2335941623518281	0.9428775252061357	0.9708572244397876	-0.4521107433673639	-0.2394492806293	-0.05692822970702825	-0.1441430965138471	0.1585386428858312	0.1496275036614215	-0.3375982514482108	-0.0187403121114873	-0.02248363632054976	0.09546477114928748	0.3061982289243713	0.3061982289243713	0.1945353008529148	0.1945353008529148	0.187396312181963	-0.2141449378427192	0.3030479610567703	-0.2613065657609039	-0.0459159670279306	-0.3241713169682347	0.09697582026516989	-0.1903388791723156	0.737554221394496	0.3280193875148365	0.01194082292773975	-0.001896905463415264	1.570214424568722	1.570770868372545	0.0097595088181688	0.003212796121939937	0.00165744278438035	0.002033945056877397	-0.0006401305867139192	0.001141924839590952	1.432629887533952	1.0825468553885	-0.9283928582236476	-0.04712404247765415	0.04582087588993532	-0.2304108884561822	-0.6813672350822282	-0.2086190797320367	-0.04611844159962791	-1.430289527762492	2.008829635592853	2.388692508315344	-1.327210116376081	-1.269743759754947	0.08954873144550726	2.233024495768018	2.233024495768018	-0.1730894901687159	-0.1730894901687159	-0.1732346603927003	0.2423606731476383	-0.002975733300565492	-0.04162251472759915	0.122595486130712	0.07073963893010952	-3.319193425293069	-0.8543785784407009	0.2077661474037203	-0.08697147494173084	-1.999604742349352	0.1237416106198077	0.02649541827174493	0.0009735525907282828	0.6846275966723726	1.092876646565857	-0.01264559369009955	0.05180779755714229	0.02922004305697514	-0.002802670854211519	0.05942699984419866	0.1991090178143981	0.01000481845167246	0.01000500214662994	0.01000659321671998	0.05469045978436318	0.0100037771702703	0.08199111313043456	0.02255761905072798	0.01002610696938423	0.02064757662484009	0.02036588126488114	0.04581726626164385	0.08562578758379341	0.01000446298872066	0.01000211570327499	0.01000088816974319	0.01801430494400367	0.01005309678374278	0.0100834615586083	0.06205848997977505	0.08715416987914566	0.08883338744043862	0.07224529779469135	0.31063524672347	0.09223356886186608	0.1641697904195051	0.1220676793917173	0.3125329577478094	0.03193349553032497	0.1099926650643766	0.0100052423546364	0.01001237472241645	0.01000852829051855	0.1519123198068627	0.08283250887742265	0.01001052331283338	0.01000237699283429	0.01000079711760339	0.01000163128480598	0.01000988955246329	0.0100051328999148	0.01002522558464969	0.01787451794403784	0.01001354986488616	0.01000852717493556	0.01013053759333438	0.01025390789030097	0.04322628092677257	0.01096906202309273	0.01787912922034792	0.01341883923868604	0.01000429649524748	0.01000246687893895	0.01104342293031332	0.07255025242179632	0.010031275543841	0.4384789946941152	0.1619118773144064	0.0530159142372794	0.1704593522962557	0.1224040831662149	0.06404215187281974	0.0100258956275528	0.03148751614557687	0.01614345298189478	0.02257413827167564	0.01001931288458723	0.01000883656762637	0.03363580247855769	0.01007398453545645	0.1076944996522549	0.02669656864284894	0.0100008595021851	0.148426220334761	0.2022669570136801	0.01000714824446076	0.02200172280923394	0.06142633675170861	0.03145030933221587	0.1825665902628149	0.08025149989213913	0.03846501836712637	-0.04003041121109422	-0.0104410733801262	0.002148838352154061	0.05562277990033113	-0.001826321203633192	0.003364679489339755	-0.003189328904723294	-0.1150389727199375	-0.07991525776588367	-0.005459804945621947	0.03629432255998447	-0.0007899960085422087	0.001544968689751349	-0.006811976707148349	0.07018979569407678	0.2265977433027564	0.01000691507219795	0.01000471539394525	0.01008769482819844	0.057619080639979	0.01000510142931988	0.09899955472731309	0.03115042725389969	0.01003076147131105	0.01760561276529929	0.01740006483680759	0.07108966538399622	0.14348862201351	0.01000363085952325	0.01000173328329768	0.01000233563397629	0.0233115129802647	0.01004368330581402	0.01006207738660853	0.08613305498511403	0.1103329536072138	0.1087555953345713	0.08415884022847568	0.3660845767466868	0.1456683674397174	0.2788787912707315	0.1308566286219397	0.3706374448108401	0.04636626296372558	0.1353277609469684	0.0100059288582386	0.01001204485262955	0.0100125211610675	0.1884113001990144	0.06062443167127102	0.01000950180187441	0.01000205802144673	0.01000068669907102	0.01000141227970413	0.01000861000750002	0.01000573828764486	0.01001965489613129	0.01561467780750827	0.01001115425318735	0.01000805667740862	0.01009436065893763	0.01035520465201713	0.0630774899477252	0.01160354256244212	0.01563962512974117	0.01244935884667004	0.01000490829137711	0.01000286378963546	0.01074904196457206	0.05410968870200938	0.01002300209641062	0.5160723222445009	0.2084347575522464	0.08403423072534764	0.1902943768822547	0.1466130604005073	0.09172098667626033	0.01002254802138754	0.04630052737082186	0.02017523713037052	0.03099208396858089	0.01003073385098543	0.01001149121665685	0.0494553176264745	0.01010968234495969	0.07854406815582618	0.02187683995107858	0.0100013183554044	0.1754368112913849	0.1426208681232347	0.0100068911987842	0.01856221674424006	0.04557239428702056	0.02516568618723043	-0.008515436971040354	0.002808049336082519	-0.05091707480381223	-0.0005996041034285883	-0.001015781954262508	0.002322222885072652	0.01230203352661565	-0.00416776983808551	-0.005056048939711379	0.008338170437262243	0.002008267853220108	-0.005735516411326965	0.02018827141913463	-0.001198459484340652	-0.005344190169039551	0.007686568939336448	0.0002726293512693854	0.005168455414283354	-0.002718434550545881	0.02038864233265482	-1.157559863498374	-3.278298700160651	1.577751739250793e-16	-3.471341327910497e-17
1.45	-0.046168685238864	0.05378932699557788	-0.2641460517357976	0.9407830917423146	0.971711637897874	-0.4578262160436693	-0.2341775172639949	-0.06313471156520925	-0.1431332750116202	0.1405674831606535	0.1923361629815401	-0.2916402453056807	-0.04441035341953434	-0.051783799523132	0.1062318518343305	0.3735475705906904	0.3735475705906904	0.2079086713027577	0.2079086713027577	0.1801418709942175	-0.2088101948789973	0.299457010704869	-0.2602315105278851	-0.0417481753605649	-0.3197480391182829	-0.02771274148276075	-0.2080259467764755	0.7408345408464295	0.3272798220171005	-0.07136778768989273	-0.008813596539017813	1.570502600237465	1.570299125959815	0.0001860431852221353	0.0193428899717513	0.001200124603596586	0.002345070307400729	4.98547320036478e-05	0.0008670494683552159	0.5134153610984024	0.9830443829429383	-1.622935386577946	-0.1307377906242786	-0.001183818781312936	-0.2196177947189697	1.521536253467702	-0.1457122969242746	0.2838570889526306	0.4172473316527898	1.163837309619419	0.929811524911189	-0.3659931461941158	-0.8896194506812773	0.9053149890930581	3.174560598608402	3.174560598608402	1.314115418989836	1.314115418989836	-0.4858897898675796	0.1339873068061407	-0.2900513721174443	0.09562654804050615	0.2478366556026535	0.2662262879289836	-6.616942841740557	-0.5446980480821163	0.09091419511072246	-0.003319550766247044	-4.295758211903831	-0.8304090463603709	0.01420072892568551	-0.01757447595356275	-1.943221948933959	-0.2928480191695231	-0.02299074114850446	-0.04837466504726024	0.01906744578565725	-0.01658434559316544	0.08809155812558506	0.258991882604934	0.01002312451330122	0.0100059265500898	0.0112617150398144	0.0635373202081459	0.01001696007732705	0.1209094999089504	0.04555005373601068	0.0100748659833526	0.01245209061493443	0.01236967881479168	0.1075079026082695	0.2157789698751501	0.01000223675044429	0.01000109918229622	0.01001274840110939	0.03184026359372579	0.01002721431191347	0.01002536179617109	0.1189322708895737	0.1390849909401404	0.1331392521535752	0.1009881118919682	0.4071448458607874	0.2115783901541358	0.3935016566330834	0.1384923239505658	0.4148700180609789	0.0686404368315858	0.1652350380751939	0.01001431058128698	0.01001723333428595	0.01001916266242921	0.2248422402142666	0.02993529414495715	0.01000778902984996	0.01000155813190348	0.01000051468570969	0.0100010693629794	0.01000678162756262	0.01001286045324565	0.01001016559149358	0.01178386999044239	0.01000722960802189	0.01000833469271158	0.01003173871091712	0.0105232794169335	0.09305416420976213	0.01279376578893791	0.01209788907591049	0.01084959156453918	0.01000591097361301	0.01000351580585076	0.01024073066272299	0.02565171343963785	0.0100087547847313	0.5597392657048145	0.2582409334433617	0.1283525393970755	0.209449673007155	0.175365337609258	0.1306225948300032	0.0100168248532578	0.06948424200149056	0.02672190059864115	0.04430129550798868	0.01005274144727522	0.01001885184108862	0.07683885451357894	0.01017180304449796	0.03598825048144342	0.01380180495779743	0.01000394290479791	0.2054740442464716	0.08592114710001457	0.01000744090372532	0.01349035032739647	0.02456261856732849	0.01611870316496838	0.1987283482887349	0.09188062169883296	0.1701030975541117	-0.0168462267607087	-0.01811878187895938	0.001945348516362559	0.06305820722663158	-0.001343232442264077	0.003784487928237621	-0.004475925159048642	-0.1100375430346406	-0.07689104448231797	-0.007260441622802411	0.03724469200753494	-0.001020042803408863	0.002748283432572875	-0.005348832791975194	0.09699253869861223	0.2902312433276217	0.01000399428560725	0.01000288336398211	0.01003602745283098	0.06538421586714324	0.01000219022198676	0.1379739998084041	0.05230020692722829	0.01001950911558608	0.0100810596164397	0.01006327915738372	0.1321573396920589	0.2769657800521106	0.01000152477520846	0.01000076107587754	0.01000080140112619	0.03659776968560675	0.01002031674526493	0.01000854420431084	0.1430691776224765	0.1631215322077528	0.1538420924476718	0.1121682842697351	0.4700603769892928	0.2678712503172219	0.5244121157000057	0.1480464220443546	0.4815778136900365	0.08173156348076172	0.1914720040703065	0.01000295917255137	0.01000747008222252	0.01002265826708647	0.2645424670067106	0.01001868098355788	0.01000691737198865	0.01000122811582904	0.01000039873169083	0.01000084226634824	0.010005165161177	0.01000329087427392	0.01000565855600405	0.01000536467822069	0.0100050329991818	0.01000616833129205	0.01000413085625289	0.01061246792565979	0.1110050039866771	0.01313111885430896	0.01000716987493546	0.01000403638414202	0.01000647132320095	0.01000387683903066	0.01001518918491434	0.01000487195249615	0.01000231606573886	0.6482824444987182	0.3085183158048657	0.1580480500010733	0.2303254693090712	0.2002265015510887	0.1570825633949499	0.01001415073509179	0.08253197167900862	0.03031193458151917	0.05196453515492902	0.01005776181165513	0.01001630679899377	0.08890567254630193	0.01019850512197218	0.01000679624090602	0.01000988659781261	0.01000126583410064	0.2338495033995924	0.0316146452451367	0.01000559918772581	0.01000655920651729	0.01000240360342613	0.01000463045712234	-0.00923762219830985	0.0009956879883845481	-0.06423726564351574	-0.001157891388968085	-0.001142271524228479	0.003439303062985825	0.01763633197013489	-0.006707680382729505	-0.006521874315983025	0.01271960022668604	-2.442599521112812e-05	-0.003023521916996751	0.02452261694353521	-0.0002424932365380871	-0.00926670881675809	0.005283084502040923	0.0008998739214033061	0.003258306496320129	-0.005613513846049245	0.01546445695122242	-1.587333715588642	-2.246645660950433	-2.043296753711864e-17	-1.351942374512735e-16
1.475	-0.04663357677787609	0.07388683023151055	-0.3096721275834139	0.9364900561061396	0.9711128795759112	-0.4633617563939253	-0.1745772905276014	-0.05932959516407746	-0.1203366653204594	0.1760297232817924	0.2029357900708062	-0.2914497518862009	-0.04092946180525938	-0.06453453421662166	0.1372613753070645	0.4573227969843793	0.4573227969843793	0.2582031753621025	0.2582031753621025	0.1638812548954814	-0.2075570417988195	0.2890329757062798	-0.2556958969954993	-0.03385434001490026	-0.310621313010817	-0.1170747486068779	-0.2046075195142519	0.7419997986037198	0.3276654476948915	-0.0670782073031037	-0.0191468923094716	1.570779924071586	1.57033874099011	-0.009547055766137725	-0.01415641579196984	0.0008166530302884434	0.000141398559485388	0.0002370186910290501	0.0004154784771186717	-0.2090385812362389	0.7078014088512405	-1.819254414948472	-0.1974322548754222	-0.01744968821178826	-0.234040405237555	2.77812477924171	0.3054546692607072	1.478736626440479	1.93864765937121	-0.03405962692935862	-0.6204723989320918	0.2932270862834274	-0.3424556524338167	1.329814454859067	3.386870339851108	3.386870339851108	2.350307958204291	2.350307958204291	-0.7390746686150538	0.02701332513110934	-0.5324481278504486	0.299483015117313	0.3244014483068138	0.4909737593650861	-1.253400892666473	0.6588098648151914	-0.03695060219412472	0.07143334909026738	3.386345116126233	-0.175461811174889	0.002852492576503374	0.01431911215437265	0.6517180049566624	-1.69075523365128	-0.007919802401348826	-0.0993920391454842	0.0001455077050662421	-0.01844931070141819	0.07193434223579455	0.2408585994063595	0.01000338796672188	0.01000285119868792	0.01000370732640134	0.04926324738151061	0.01000197902381435	0.1355775103435592	0.04801729995078392	0.01001610217587004	0.01002414321350647	0.01001104641454593	0.158311033775369	0.334782480523671	0.01000197466979198	0.01000091020010411	0.01000059323867706	0.1162571351923651	0.06215158161428636	0.0527870814922271	0.1508525661160434	0.176312647020096	0.1712932903863452	0.09112395713782886	0.4542612075259326	0.2898174305886114	0.5303777977594376	0.2010438924188141	0.4514304010591252	0.1751558081339124	0.1934219608748717	0.01000294193714657	0.0100071079415651	0.010019542464863	0.2766189751339533	0.01000147491891119	0.01000582659791143	0.01000137199147424	0.01000044733237002	0.01000094460746261	0.01000523531475477	0.0100032298097175	0.01000818423920433	0.01619264391540388	0.01000577739416794	0.0100060589829413	0.01001953787171377	0.0104465831723172	0.08680305832132035	0.01219406214104493	0.01011874747732712	0.01001659147752239	0.01000501495409186	0.01000298876467304	0.01001363191945263	0.02104994258768593	0.01000518325692992	0.6410999615240425	0.2839426441896982	0.1165180642819591	0.2464194582968871	0.197564420486425	0.1368292018771687	0.01001457660834706	0.07092809327004121	0.08192274289257978	0.1436939251558376	0.01004202024737479	0.01001306051180621	0.0659667769525335	0.01014437648416988	0.07368914791406733	0.0221698393175541	0.01000097946385615	0.2352181531746503	0.07891309664004591	0.01000449331847463	0.01364210194430333	0.02954595240934858	0.0172264923450646	0.1822769994727011	0.0708962823035565	0.2205081791633092	0.02077666038300249	-0.02600761659106979	0.0003406951298172698	0.08051210364584811	-0.001795686644994897	0.004340496244632026	-0.005560486550116524	-0.09023500386345841	-0.08726350755535194	-0.00533873048967158	0.04988291861351046	-0.0006768695408921372	0.001523828947258667	-0.008760795199675771	0.05350168628103696	0.1995208205598123	0.01000362422130348	0.01000293068454033	0.01002061269744668	0.03769795290817284	0.01000232868984286	0.1356857960897833	0.0450708723920804	0.01001570644705928	0.01005592774573014	0.01004430341446204	0.1842946013048855	0.4154034488217785	0.01000229080300583	0.01000101835711219	0.01000085187379919	0.1809956301134988	0.100241908194842	0.08344241123078508	0.1607660308211197	0.1921402016415268	0.1901916275470198	0.07549237356584801	0.463172342752642	0.3277407750777119	0.5980878717838792	0.2524835051054048	0.4446289192938329	0.2598500293908511	0.2002262732009505	0.01000330509509208	0.01000719434415455	0.01001740041184118	0.2999849744388186	0.01003485196760382	0.01000514585086952	0.01000147646747624	0.01000048277175143	0.01000101867057199	0.01000533428514477	0.01000350571789744	0.01000997580943913	0.02033228600021567	0.01000633407522002	0.01000605932957918	0.01003046987862513	0.01033567962665297	0.06927752614053674	0.01157101774628407	0.01025322223739297	0.01005149129788877	0.01000404915372551	0.0100023991953589	0.01001997664347295	0.02856889774991494	0.01000726069476324	0.6806608003901277	0.2729462114350279	0.08554901183626205	0.2678336907622162	0.2000364702192179	0.1229689374567235	0.01001494184690691	0.06282567903748451	0.1212698901661081	0.2220434141576711	0.01003161488307894	0.01001103281557319	0.04945870658771761	0.01010828148221678	0.1211627121974822	0.03041819794927653	0.01000088152638268	0.2434174469492833	0.1106619225531222	0.01000383475909216	0.01612430728726536	0.04302002231067057	0.02215180239292747	-0.007126891143138305	0.001841081631656006	-0.06892298052155617	-0.00166645245163758	-0.00112488433387476	0.003819081620086066	0.01671958523098976	-0.008367064293633104	-0.00630579823234432	0.01148133712486025	-0.0009524674504461283	-0.01639292334986467	0.0283542338939503	-0.001810227995146921	-0.008285487855219558	0.01119151563424555	0.0001474905060370509	0.004209942750178478	-0.007402019049060573	0.01957946460822039	-2.44212757886411	-2.385767045144889	-1.858630826070863e-16	-2.266455706050428e-16
1.5	-0.0395422091515194	0.09333167408411829	-0.3451139591690767	0.9316751192682584	0.9723025114254809	-0.4700689849023494	-0.1186891336120122	-0.0550953250898794	-0.07225319668458391	0.213445655195859	0.2047235574125107	-0.3079588826312498	-0.04731086855799727	-0.07950739852661901	0.160360952883954	0.5358617289314662	0.5358617289314662	0.3074672218352994	0.3074672218352994	0.1469823790342772	-0.2044221093462904	0.2734057693083085	-0.2436443357436714	-0.02849153913240935	-0.2938462532151888	-0.1264519443399677	-0.1830535717479564	0.7370241593533916	0.3327146766766511	0.03532049178038297	-0.02654704689271019	1.570388590604917	1.570693853256395	0.007129142039629814	-0.03037781129696846	0.0007924935992690488	-0.001198179867849351	0.0002691219556915261	-8.149164987010374e-07	1.117916094327904	0.9308316322769443	-0.8161958456216606	-0.1724898867607689	0.1418873949412997	-0.3133528473724224	1.224570667803372	-0.1113800030789735	2.306805804529804	0.5735426750870147	0.4588885298144859	-0.4061584082511111	-1.154977015555144	-1.067389820001892	0.2709193174254962	2.755657042880244	2.755657042880244	1.231678812097998	1.231678812097998	-0.5369505708650294	0.2845296565942433	-0.7063050840680147	0.6969023655958805	0.04535389854875511	0.8780929829819656	-0.2181579304583729	0.9061435922436303	-0.4003575654987691	0.3697687135512384	3.552971283831972	-0.5957577513831557	-0.03929185513743945	0.007665302925612071	0.1695217916362307	1.089384801528277	0.005754230234595347	0.02075280059918787	0.006662590236623152	-0.01376213778363173	0.02610537654178524	0.1533199920040517	0.01000549973493638	0.01000329877177326	0.01014531283901703	0.02012705284277095	0.01000405520600818	0.1330753787023685	0.03993621382601146	0.01001933877968365	0.01029855677293462	0.01028401944023899	0.2083940025196569	0.4635756786751867	0.01000287248265145	0.01000122468466972	0.0100022080517782	0.2548331072969964	0.1518978302937219	0.1264723432251587	0.167930235660053	0.2045822774489419	0.2065977540112875	0.05291725351291667	0.4554774388628273	0.3481335944357272	0.6101411417524949	0.3000843122144967	0.4258098712237834	0.3418244112066987	0.2024594902950073	0.01000478924483283	0.01000809454240359	0.01001356202123377	0.3120915396373987	0.01202481578661069	0.01000407953687852	0.01000167603743069	0.01000055077853	0.01000115961521126	0.01000562432055792	0.01000470651046667	0.01001330882573191	0.02719267931442846	0.01000743138308949	0.01000622769742529	0.01005081598901376	0.01014422190858891	0.04288097256186906	0.01051256667493887	0.01064369353604053	0.01017586102009497	0.01000239716123781	0.01000138927084417	0.01004806682631338	0.04202335606604807	0.01001121946233912	0.6823360933117615	0.2534810961179964	0.04105541278586979	0.2830207863896369	0.1980370955191033	0.1022131479700165	0.01001575728321714	0.0497846946343499	0.1713584459630779	0.3045915129658425	0.01001389613344347	0.01000785277617841	0.02409169817489817	0.0100461094733501	0.1859129366437911	0.04379339757870391	0.01000092574364736	0.2456560093677642	0.1597711506690744	0.01000288053654301	0.02048113337861271	0.06512300151475395	0.03063250814178171	0.1658256506566673	0.04991194290828004	0.2709132607725068	0.05839954752671368	-0.03389645130318019	-0.001263958256728019	0.09796600006506466	-0.002248140847725718	0.00489650456102643	-0.006645047941184408	-0.07043246469227624	-0.0976359706283859	-0.00341701935654075	0.06252114521948599	-0.0003336962783754112	0.0002993744619444592	-0.01217275760737635	0.0100108338634617	0.108810397792003	0.0100032541569997	0.01000297800509855	0.01000519794206237	0.01001168994920244	0.01000246715769896	0.1333975923711625	0.03784153785693251	0.01001190377853249	0.01003079587502059	0.01002532767154037	0.236431862917712	0.5538411175914464	0.01000305683080321	0.01000127563834684	0.01000090234647218	0.3253934905413908	0.190463499644419	0.1568762782572593	0.1784628840197629	0.2211588710753008	0.2265411626463678	0.03881646286196096	0.4562843085159912	0.3876102998382019	0.671763627867753	0.3569205881664551	0.4076800248976292	0.4379684953009404	0.2089805423315945	0.01000365101763278	0.01000691860608658	0.01001214255659589	0.3354274818709266	0.01005102295164975	0.01000337432975038	0.01000172481912343	0.01000056681181203	0.01000119507479574	0.01000550340911254	0.01000372056152097	0.01001429306287421	0.03065920732221064	0.01000763515125824	0.01000595032786632	0.01005680890099738	0.01005889132764615	0.02755004829439639	0.01001091663825917	0.01049927459985049	0.01009894621163552	0.01000162698425007	0.01000092155168714	0.01002476410203156	0.04713292354733373	0.01001220532378761	0.7130391562815371	0.2373741070651901	0.01304997367145082	0.3053419122153612	0.1998464388873472	0.08885531151849718	0.01001573295872202	0.04311938639596037	0.212227845750697	0.3921222931604131	0.01000546795450276	0.01000575883215262	0.0100117406291333	0.01001805784246138	0.2323186281540584	0.05082650930074044	0.01000049721866471	0.2529853904989742	0.1897091998611078	0.0100020703304585	0.02224205536801343	0.07603764101791501	0.03429897432873261	-0.005016160087966758	0.002686475274927463	-0.07360869539959659	-0.002175013514307075	-0.001107497143521041	0.004198860177186306	0.01580283849184463	-0.0100264482045367	-0.006089722148705617	0.01024307402303446	-0.001880508905681129	-0.02976232478273259	0.03218585084436539	-0.003377962753755756	-0.007304266893681027	0.01709994676645019	-0.0006048929093292044	0.005161579004036826	-0.0091905242520719	0.02369447226521837	-3.554923453807308	-3.455709985293852	-1.212887226169104e-16	-1.555660654276326e-16
1.525	0.002067360408407817	0.1231702962718291	-0.3461268277052548	0.9280438201141549	0.9776652532001936	-0.4792239873681647	-0.1048186574831834	-0.06996620196950784	-0.03134724442698808	0.209834072557761	0.227303970585467	-0.3136890663003306	-0.09081451510809015	-0.1176778606280665	0.1450643878724314	0.5972576248122397	0.5972576248122397	0.3154521828494832	0.3154521828494832	0.1355157887557989	-0.1923832526482458	0.2537904201416425	-0.2232344316587388	-0.03262627538090337	-0.2669306263497607	-0.1399881837524581	-0.1746972237381094	0.7215368013121045	0.3473005916842201	0.08508526356409671	-0.03459281718305455	1.56961065625255	1.570568390602219	0.006618406431658957	0.03057117261574531	0.0005052671254190339	0.0004519778417685491	0.0005634568556350865	-0.0002016254198897191	1.86050219491509	1.369537650934334	0.6544633439244054	-0.1281215177441592	0.2572404287881864	-0.4097122438294402	0.2910322032401512	-0.8868298348108461	1.066316166859253	-0.4396498194926945	1.065379896020555	-0.1427453900666096	-1.987713270975773	-1.762841826952645	-1.343777796120592	2.318936073351667	2.318936073351667	-0.2602009017940695	-0.2602009017940697	-0.4328612646726996	0.6396007220120056	-0.8448991996951442	0.8925306087718791	-0.3443949995913163	1.239468201505425	-0.8395160780529737	-0.2532555944551193	-0.8389082331702394	0.7663262796178913	0.7475650156605038	0.5064623033914136	-0.01492924846293568	-0.01227310550105362	-0.2052850034850469	2.443153916089653	-0.02666606912754928	0.06954264382964534	0.01607011315863761	-0.007357072788796748	0.01642364484954652	0.1443509476388619	0.01000340056255366	0.01000293517943473	0.01000319974765524	0.0100444118854347	0.01000242045261606	0.1314083749397103	0.0329933180532604	0.01001519745831094	0.01002155528631137	0.01001650454736771	0.2338643016348554	0.5046111797770406	0.0100030304268035	0.01000127246321102	0.01000092548527451	0.2831187817865634	0.1641112356864849	0.1335273974635778	0.1687577334828383	0.2029386611311855	0.2004380222324009	0.04863533986306569	0.4406647895954853	0.3019274992882226	0.5370570026200673	0.3098727757021307	0.4046071260382877	0.4250388114596645	0.2046525612462724	0.01000348821425797	0.01000685210070997	0.1129340637971842	0.3130874649663994	0.0100009548691645	0.01000376063721009	0.01000179110357783	0.01000059096012082	0.01000124352538789	0.01000543269279924	0.01000388229608069	0.01001221456381053	0.0245235786651334	0.01000692181339206	0.01000590527001873	0.01004263084985544	0.01011409873143704	0.05954569618487796	0.01001519226001126	0.01034908959768422	0.01006907291453619	0.01000186569077384	0.01000104465060708	0.0100207634974652	0.03616892658862358	0.01000992518787295	0.6420871132923213	0.2296499202538879	0.02616412645666635	0.2684050193078956	0.1822035808709013	0.08751195089418731	0.01001554616423976	0.04506503773315711	0.1902663839125435	0.3324972108435008	0.01000706898233799	0.0100080328871771	0.01001223758285753	0.01003199207996306	0.193504342410983	0.03880247645624822	0.01000055308542595	0.2248355976665153	0.1987430923086718	0.01000264997531319	0.01888942803987713	0.05741145340188137	0.02800294560361723	0.1785379337370047	0.03704561431790811	0.3099133862573866	0.09748022157818401	-0.04616538300220074	-0.002967019542712795	0.09255833402921683	-0.001612608205524718	0.004366215426646548	-0.00667598226942564	-0.04745988317887798	-0.1057395580544995	-0.008932770065458699	0.06148272498537111	-0.001194867638394174	0.0003845218592911235	-0.01047810711427907	0.0207917470334914	0.1677145266166147	0.01000356988555919	0.01000291790814728	0.01000649090060634	0.01023679132654306	0.01000244247322511	0.1297575415018734	0.02961635540882577	0.01001758507167626	0.01002425149044255	0.0100191832377859	0.2381231357930084	0.4863178001628256	0.01000300716867646	0.01000126871642286	0.01000098362344105	0.2590560004699801	0.1466790813806745	0.1174673971799644	0.1618850246162463	0.1892635838644805	0.1800233967129897	0.05524154688847808	0.4219417463657401	0.2217282155705752	0.3932077218475751	0.2775413136388816	0.3928525702970523	0.4482094030583039	0.2019963469055389	0.0100034198740208	0.01000684763896356	0.1957071587042733	0.296736377852841	0.01002702257866768	0.01000403518606348	0.01000183260900754	0.01000060613842889	0.0100012738702326	0.01000539068435316	0.01000402002996081	0.01001083009715614	0.02034116074880038	0.01000645109052355	0.01000588511379945	0.01003321053307009	0.01015281682774549	0.08265453761094202	0.0100341112354479	0.01025593464678399	0.01005215567865302	0.01000204637598227	0.01000114015673499	0.01001892858920329	0.02857896066942265	0.01000840951237732	0.563904650917516	0.2174306538131517	0.03465988935263839	0.23663766539423	0.166151832189921	0.08516620950798057	0.01001542546035211	0.04628108754325674	0.177515604348759	0.2961327989063173	0.0100083884498379	0.01000958116534906	0.01016570120647632	0.01004198048623002	0.1662991489936055	0.03045800085954588	0.01000060356631186	0.1988590905600834	0.2128282351763187	0.01000305374728889	0.01662295932946312	0.04419078187925133	0.02369010305826892	-0.004198286868575382	-0.0001606751730279881	-0.07594159679863284	-0.002176833029462403	-0.001274401309476123	0.00445282981806547	0.01634281030702941	-0.00890351097416091	-0.006039431999900489	0.01043599580905868	-0.001933499340558324	-0.02006361999938538	0.02504351304402706	-0.001883328200400589	-0.00809035886924476	0.01524162632180886	-1.368687583115038e-05	0.01037440520681127	-0.01779183590597218	0.07171593023265981	-4.099990781557478	-2.577424176247777	-5.671436262673451e-17	-8.448656025022236e-17
1.55	0.03596553681667608	0.157472532040556	-0.3164259429130069	0.9247636697722178	0.9836699569525138	-0.4900878417906534	-0.08383928441314334	-0.08986380120639904	-0.01390509880255151	0.212604137553332	0.2438843208134652	-0.3196206073741433	-0.1298164602329605	-0.1564792238161882	0.1007153991892599	0.659954604887552	0.659954604887552	0.3110912282040569	0.3110912282040569	0.1227150851376693	-0.1743909811075564	0.2320619918020571	-0.2011857729264197	-0.0441243991701272	-0.2336572913772601	-0.167166491018222	-0.1964973436206748	0.6950648899265777	0.3694920802857264	0.08866647040317718	0.02649437703865083	1.570042810411218	1.570351658469273	-0.002880326295179909	0.02461088473755578	-0.0004374959063560532	0.0001930937066029857	0.001031923183612204	-0.0006213870709958911	0.5010046421951871	1.287920718758234	1.640904420652414	-0.1443979817874555	0.1932443531499009	-0.4500610039062928	1.793282423100281	-0.5135177916599954	0.4297012738770655	1.084074485780529	-0.02111650578216929	-0.4222670006296668	-0.7948409015373388	-1.117861906935823	-2.053274576306418	2.859743778443363	2.859743778443363	0.2440055593291883	0.2440055593291883	-0.6436796380371249	0.7608028440058198	-0.8753514179015707	0.8280027373868023	-0.5437171047096304	1.386709631547774	-1.309523358720244	-1.506373839149356	-1.279121833037945	0.9782146010662256	-0.1417139117386857	4.934879409580819	0.05751522574530436	0.0003637446240561574	-0.5495179778732093	-4.263356941743984	-0.04668869439941038	-0.131970546983489	0.02059310447930772	-0.03127822960084403	0.02940351797556802	0.2013344343386874	0.0100040258253011	0.01000291398448855	0.01002284527221037	0.01144514081192169	0.01000260214380446	0.1277583768561161	0.02458569493810582	0.01002213765519873	0.01004956299331805	0.01004375650910932	0.2367814740287737	0.4553169883345584	0.01000295415330437	0.01000125852962243	0.01000118158055949	0.2239974786388768	0.1206008374577844	0.09329587942858925	0.1525514592229825	0.17229424530086	0.1552964278696948	0.06658950230699152	0.4093245195983155	0.1412701276936053	0.2850639562847412	0.2387587551342705	0.3886463760799678	0.4438068096725117	0.198125096703733	0.01000339420545189	0.0100069312868085	0.2903911843285317	0.278566961645257	0.01022747498413478	0.01000454708049826	0.0100018979607532	0.01000063017714129	0.01000132166519243	0.01000533008196754	0.01000432579608686	0.01000844798501658	0.0133220003985203	0.01000565129678445	0.01000587302516797	0.01001705704417321	0.010223904041436	0.1164940370722722	0.01010474257988935	0.01011219168632397	0.01002995372537041	0.01000240696585758	0.01000133545135972	0.01001767833978271	0.01625671219480302	0.01000580873298696	0.5138210607852045	0.2090829169135452	0.05100383760666994	0.2034734921204081	0.1487873857482186	0.08408269275790382	0.0100152263145904	0.04886734744514156	0.1568970722916114	0.2485945958504605	0.01001123888114516	0.01001232206998601	0.0117114522518965	0.01006078926864372	0.1290682139226802	0.01683691348912899	0.01000072083326466	0.1720436974094648	0.2215703791011545	0.01000378900120091	0.01278689460789117	0.02341403586427095	0.01650482941664763	0.1912502168173421	0.02417928572753619	0.3489135117422665	0.1365608956296543	-0.05843431470122129	-0.004670080828697572	0.08715066799336901	-0.0009770755633237188	0.003835926292266666	-0.006706916597666872	-0.02448730166547972	-0.1138431454806132	-0.01444852077437665	0.06044430475125624	-0.002056038998412936	0.0004696692566377879	-0.008783456621181785	0.0315726602035211	0.2266186554412265	0.01000388561411868	0.01000285781119601	0.01000778385915032	0.01046189270388369	0.01000241778875126	0.1261174906325842	0.02139117296071902	0.01002326636482003	0.01001770710586451	0.01001303880403143	0.2398144086683048	0.4187944827342048	0.0100029575065497	0.01000126179449888	0.01000106490040991	0.1927185103985694	0.1028946631169299	0.07805851610266938	0.1453071652127297	0.1573682966536602	0.1335056307796117	0.0716666309149952	0.3875991842154889	0.05584613130294857	0.1146518158273972	0.198162039111308	0.3780251156964753	0.4584503108156674	0.1950121514794833	0.01000318873040881	0.01000677667184055	0.3814021748519507	0.2580452738347553	0.01000302220568562	0.01000469604237659	0.01000194039889164	0.01000064546504574	0.01000135266566945	0.01000527795959378	0.01000431949840065	0.01000736713143806	0.01002311417539012	0.01000526702978885	0.01000581989973258	0.01000961216514279	0.01024674232784482	0.1377590269274876	0.01005730583263663	0.01001259469371748	0.01000536514567052	0.01000246576771447	0.01000135876178284	0.01001309307637503	0.01002499779151158	0.01000461370096703	0.4147701455534947	0.1974872005611132	0.05626980503382596	0.1679334185730988	0.1324572254924949	0.08147710749746395	0.0100151179619822	0.0494427886905531	0.1428033629468211	0.2001433046522214	0.01001130894517304	0.01001340349854551	0.01031966178381934	0.01006590312999867	0.1002796698331527	0.01008949241835132	0.01000070991395901	0.1447327906211925	0.2359472704915296	0.01000403716411927	0.01100386329091281	0.01234392274058765	0.01308123178780524	-0.003380413649184006	-0.00300782562098344	-0.07827449819766912	-0.00217865254461773	-0.001441305475431205	0.004706799458944633	0.01688278212221418	-0.007780573743785116	-0.005989141851095361	0.0106289175950829	-0.00198648977543552	-0.01036491521603817	0.01790117524368872	-0.0003886936470454224	-0.008876450844808495	0.01338330587716752	0.0005775191576669036	0.01558723140958572	-0.02639314755987245	0.1197373882001012	-4.489315119806913	-1.325938095703972	-7.514609966404566e-17	-5.600087046482245e-17
1.575	0.03352289993278747	0.1822915279470608	-0.2731489719389282	0.9210435765963735	0.987173693889114	-0.501214801248907	-0.02365815389569291	-0.09889720725434675	-0.01705856686622816	0.2522175535218488	0.2305060534560346	-0.3118307541118712	-0.1364003802234436	-0.1717011173390843	0.05323283320180626	0.7410878956196663	0.7410878956196663	0.3239958725841274	0.3239958725841274	0.1038108815964087	-0.1578227278623862	0.2115172450803676	-0.1813925882272794	-0.05744415750890132	-0.1988988328679526	-0.1985390177092552	-0.1945348599081965	0.661566240832965	0.3963096099185264	0.05732390818219626	0.05706922912056391	1.570757324632666	1.570781638423624	-0.004773592822243143	-0.03377340817164898	-0.001154247169790802	-0.002091212981821069	0.0009679011648371836	-0.001073259423419415	-0.3653909345079976	0.7140306250805102	1.57821114648041	-0.1492652042010209	0.1094076245749764	-0.4213280081481851	2.704385129755278	-0.3184688572475343	-0.4919665296130109	1.568114253875913	-0.946666281641546	0.7727440516110721	-0.03632471956087905	-0.2385788626579431	-1.580909097023693	3.586906737753539	3.586906737753539	0.4511794755473048	0.4511794755473047	-0.8062298339533719	0.5660969102857428	-0.77240021251381	0.8021788189930557	-0.5252970761245582	1.401499929760013	-1.157908263767631	1.374155777688308	-1.399092140354806	1.163970495282279	-2.006950805375829	-1.797620690760447	-0.002096534014088183	0.006741746903404408	0.276381444088824	-0.3815613818334929	-0.00906177861242769	-0.03845351666750101	-0.02127161064412372	-0.007164935759569512	0.03764327358783475	0.2170246644207001	0.01000421791786846	0.01000317029955172	0.01000773747440667	0.01587043247697014	0.01000267627648425	0.1008938547095933	0.01900985228791467	0.01809518687164871	0.0100281495287163	0.01001896140798443	0.2093274882427413	0.3679363539117384	0.01000328578767775	0.01000142472665655	0.01000118933218381	0.1482787197999945	0.07787483879595336	0.05926524280560535	0.1134689834435745	0.1338379300507242	0.1206650112634482	0.05603840371989082	0.3593260463575494	0.04900230770374656	0.1098640042317113	0.1925691971392429	0.353726742741892	0.4991226309795094	0.17639232290948	0.01000355171025373	0.01000692864309903	0.3756958715208871	0.2412192429261739	0.01001390529137701	0.07119535837946821	0.01000249457432884	0.01000084708069852	0.01000175163700988	0.01001036940568148	0.01000660461591114	0.02063664438298947	0.03340938938393705	0.01004383550060957	0.01001324119758741	0.05805935834208864	0.0101853186646064	0.1012030974565003	0.01010814638252585	0.01285721822850289	0.0105676732805551	0.01000265301470723	0.01000141645915918	0.02773487505529481	0.05234282042340515	0.04966761716026445	0.3427089918887397	0.1493771183739566	0.04429997220543457	0.1295005842938467	0.1000243932055272	0.06113249467400431	0.01003892009560099	0.03784702572632358	0.1098909751412004	0.1591288563085663	0.01004525479641736	0.01001218557276842	0.0101997291686638	0.01005241456436095	0.149834022442113	0.03517125720864138	0.01000083420761495	0.1105319551077447	0.2124047113153145	0.0100101278645317	0.01135226704384238	0.016227507203401	0.01383055044286746	0.1722149535677683	-0.02917843887176336	0.3139890970268289	0.157977591247212	-0.05573378006090248	-0.01140481536379871	0.09140281006827863	-0.001540997683640818	0.00200888752317376	-0.008440461212720714	-0.008207151180202099	-0.1397172221426619	-0.01817484533162083	0.06460822745288781	-0.002696956751814056	-0.0005447503124803508	-0.009898740793835802	0.04186735403309639	0.2135144285959404	0.01000443869448006	0.01000337541407006	0.01000820382006179	0.01946973643248714	0.01000285049560435	0.08023142157425958	0.01745730150846563	0.02344845003037312	0.01003599103205267	0.01002382555702048	0.180421841788488	0.2918761405891712	0.01000349921028937	0.01000153059929028	0.01000127412025031	0.1013643249488586	0.05647359196087137	0.04410130346234685	0.0858063625771855	0.1108254270419604	0.1063669892696805	0.0448145453005852	0.3174729198856153	0.03298992603566832	0.06232825158773509	0.1768348550887668	0.3215085321051975	0.557234833813146	0.1585012232238676	0.01000379459435511	0.01000703259660611	0.4011645965652467	0.2179194227741851	0.01002830856791415	0.1167268426614471	0.01000285364186092	0.01000097771840016	0.01000201012790324	0.01001368294030146	0.01000809120743069	0.02772827814248345	0.04957497376760726	0.01006893740620358	0.01001807027108694	0.092873008220534	0.01014460119446031	0.07389529770569196	0.01014278271551206	0.01472365405309541	0.01093474605987881	0.01000277287070106	0.01000145321958761	0.03975454595761585	0.08280489837430578	0.07790261753303677	0.2123926574685774	0.1037854912814315	0.03590597788690873	0.08897608422229068	0.0712407208581118	0.04581622464046442	0.0100544069617839	0.02972372753472853	0.0803792221122774	0.1095428817830665	0.01006733505327126	0.01001135767462163	0.010163772626795	0.01004347158957015	0.1888945192881577	0.0526345042497298	0.01000091541562352	0.07737030193223686	0.1930233589359424	0.01001408149924527	0.01163079832406634	0.01893042626246534	0.01440174893058077	-0.001225269119144724	-9.431106331771277e-05	-0.07419743036852632	-0.001953634477953408	-0.001366242788252534	0.00456627646004434	0.0139310203495175	-0.00646677107564678	-0.004211550417135849	0.007844193914609032	-0.001977816667992311	-0.002962148641391642	-0.006140726247573279	-0.002228095797291773	-0.004209983068105849	0.006277599578702734	-0.0006152700578106817	0.008285642894010084	-0.008171567170967856	0.04667621215517826	-5.812117176642396	-1.020577292767727	-9.81892865362168e-17	-2.98815037567566e-17
1.6	0.0342472230111901	0.1939956468604996	-0.2496674911286602	0.9174976229661201	0.9902579893211054	-0.5102158549677717	0.03553882764759715	-0.1112529523223615	-0.02900281581529274	0.2651656233558827	0.2016749367899244	-0.2946189652936081	-0.1468552973039825	-0.1753426313371892	0.029891024621384	0.8370993046566171	0.8370993046566171	0.316790876204965	0.316790876204965	0.08552493400551819	-0.1460141608593715	0.1932333865423553	-0.1587404929543351	-0.07056092866296813	-0.1632056508610999	-0.2229433785668646	-0.142250392659225	0.6251941806136503	0.4275297413360655	0.006255943162583465	-0.02882312988600513	1.569850861411282	1.569324100573412	0.004854985328294967	0.006824071103826075	-0.0008111034338303473	-0.001113558555625358	0.0001905054182652996	-0.001094302717300949	0.7543614391784867	0.238730559312959	0.05726520754755331	-0.1304668181401804	0.1596890327811879	-0.2799885447551564	1.714550505167452	-0.7793049132653551	-0.2735611969539688	-1.049153204978105	-1.257344450476535	0.3314878438496024	-1.104520668741787	-0.1914315449525266	-0.1220139837439105	4.049993242830281	4.049993242830281	-1.364765701409447	-1.364765701409447	-0.5942191620075128	0.3800279446333911	-0.6944803632074014	1.056715583291126	-0.5274781299330454	1.461487511351387	-0.7520700920463391	2.519384843770101	-1.508994723094104	1.330422743845353	-1.719746135629235	-4.382497477497742	-0.07216296968124583	-0.1506376797409727	0.3722295963348976	3.655184833030393	0.03810290555220589	0.1289863421860919	-0.03647679374444131	0.003188095082515167	0.04805829749327609	0.205354051911299	0.01000481726955188	0.01000372139461335	0.01001014735374182	0.02539897943536586	0.0100031549457835	0.05343235676107648	0.01523468817512304	0.0320647101455309	0.01005151970040337	0.01003430726526508	0.1505491252769308	0.241279266149188	0.01000385441844023	0.01000170668397553	0.01000142437668845	0.05148866175937053	0.02941403048991609	0.02414658211630716	0.05170542367418594	0.08588396285536365	0.0926369783110864	0.02768523682171584	0.290356106906812	0.02371162084287875	0.03841427187782021	0.1687537540485814	0.29919105661035	0.5888710066026394	0.1398268044007216	0.01000421504514078	0.01000721771060032	0.4011243602101309	0.2003592253629514	0.01006973514668216	0.1765096482308683	0.01000344840306827	0.01000119411988131	0.01000243825928442	0.01001920575663547	0.01001056767529779	0.03902265376617701	0.07430976695688341	0.01011077000697805	0.01002611729156134	0.1407947831710377	0.01007503915784232	0.03434712706716915	0.01020412956071031	0.0178025218977336	0.01154656024500617	0.01000296794378498	0.01000151264106192	0.05835010849614056	0.1262193925767797	0.1180000975380682	0.1243723142220143	0.05156648911576843	0.0225841165689239	0.04547855550940381	0.03586740892230079	0.02388902263902367	0.01008020703040484	0.01711522857355352	0.04469676895286176	0.06182038852186712	0.0101040995575353	0.01000989501695098	0.01021419711432219	0.01002818156960237	0.235799361362381	0.0794756131115594	0.01000105151840704	0.03939252484832184	0.1709236614525362	0.01002064708492762	0.01223614587839641	0.02434559492098337	0.01563043591893101	0.1531796903181946	-0.08253616347106291	0.2790646823113912	0.1793942868647697	-0.05303324542058367	-0.01813954989889984	0.09565495214318824	-0.002104919803957917	0.0001818487540808548	-0.01017400582777456	0.008072999305075525	-0.1655912988047106	-0.02190116988886501	0.06877215015451939	-0.003337874505215176	-0.00155916988159849	-0.01101402496648982	0.05216204786267167	0.2004102017506542	0.01000499177484143	0.01000389301694411	0.01000862378097326	0.02847758016109059	0.01000328320245744	0.03434535251593492	0.01352343005621223	0.03687363369592622	0.01005427495824082	0.01003461231000954	0.1210292749086713	0.1649577984441375	0.01000404091402903	0.01000179940408167	0.01000148334009071	0.01001013949914781	0.01005252080481282	0.01014409082202432	0.02630555994164127	0.06428255743026065	0.07922834775974923	0.0179624596861752	0.2473466555557417	0.01013372076838806	0.01000468734807295	0.1555076710662255	0.2649919485139197	0.6560193568106246	0.1219902949682519	0.01000440045830142	0.01000728852137167	0.4209270182785427	0.1777935717136148	0.01005359493014269	0.2234489892805176	0.0100037668848302	0.01000130997175458	0.01000266759013702	0.01002208792100914	0.01001186291646073	0.04544918915352884	0.08912683335982441	0.0101326077826183	0.0100303206424413	0.1757364042759252	0.0100424600610758	0.01003156848389627	0.01022825959838749	0.01943471341247334	0.0118641269740871	0.01000307997368766	0.01000154767739237	0.06949599883885665	0.1555847989571	0.1458006213651065	0.01001516938366002	0.01008378200174979	0.01554215073999149	0.0100187498714826	0.01002421622372874	0.01015534178346489	0.01009369596158559	0.01000466637890396	0.01795508127773365	0.01894245891391151	0.01012336116136949	0.01000931185069775	0.01000788346977067	0.01002104004914164	0.2775093687431628	0.09517951608110826	0.01000112091728802	0.01000781324328126	0.1500994473803552	0.01002412583437127	0.01225773335721986	0.02551692978434303	0.01572226607335631	0.0009298754108945586	0.002819203494348014	-0.07012036253938352	-0.001728616411289086	-0.001291180101073863	0.004425753461144046	0.01097925857682082	-0.005152968407508444	-0.002433958983176337	0.005059470234135159	-0.001969143560549103	0.004440617933254883	-0.03018262773883528	-0.004067497947538123	0.0004564847085967969	-0.0008281067197620567	-0.001808059273288267	0.0009840543784344483	0.01005001321793674	-0.02638496388974472	-7.285510369035661	-1.067936875430269	-4.415493335624615e-16	7.237831814304013e-17
1.625	0.06341622564996753	0.2006518724550184	-0.2667731588176626	0.9143441033415259	0.9947144413654883	-0.515179391831779	0.07291314677146744	-0.129604090581136	-0.003425477988451137	0.2122865079518244	0.1691310060885968	-0.3184331269885495	-0.1817445215931966	-0.1870080930706392	0.04353915093070507	0.9412174395082191	0.9412174395082191	0.2654128244814177	0.2654128244814177	0.07311047884792922	-0.1354106991270153	0.1749215679296864	-0.129658422084814	-0.08627163292058837	-0.1255889158771912	-0.2399728480802268	-0.1095968227187289	0.5834281312319262	0.4616130518113076	-0.02353347397279801	-0.02771596682183017	1.569303329694823	1.561653280928162	3.638143342789534e-05	0.02039711884348541	-0.0001621091977215265	-0.0002183451290079347	6.799767816223434e-05	-0.001085457988215433	1.23328420049313	0.2707302878795068	-1.003549185305178	-0.1185059834549931	0.1763343030592143	-0.1509545194863935	1.48733449169528	-0.6265449807131807	1.798149532062814	-2.621238855313578	-1.363871773384041	-1.632051303996567	-1.387603132958279	-0.5710421880385133	0.8877247696230081	4.098604724669402	4.098604724669402	-2.29156132878867	-2.29156132878867	-0.4770929141039658	0.4625356149205114	-0.7765736618513527	1.227704016593984	-0.7188746505319532	1.521434124112979	-0.4897241474396691	0.4760030664892786	-1.765412574644261	1.348711295303037	-0.7410778863366725	2.86213240193452	0.01936876499612799	-0.449890176840718	-0.4753634006683877	-1.528176795702403	0.01087104014715064	-0.03710772164299984	0.01698659885523138	-0.0003835492562652364	0.07523816430264453	0.2177159941003642	0.0100087159413161	0.01000466694445921	0.02328808337070576	0.06947412028833597	0.01000344911190165	0.02748492560918874	0.0134303980109715	0.03592822872049192	0.01005625169786854	0.01003434770518707	0.09263622847572976	0.133224018576404	0.01000589521996583	0.01000291507380114	0.01000295663551465	0.01071529649452784	0.01001587275454701	0.01002182175347898	0.02187974901772783	0.04947116392379627	0.06079626301754146	0.02953592794253485	0.207988474684679	0.0100044629490383	0.0101738293017585	0.1882305992985761	0.2562854800291368	0.6137107812076845	0.1031230790667314	0.01000387532504314	0.01000681401366416	0.3901808692689603	0.1361365191305802	0.01774915728421717	0.2005701812685675	0.02878900130579296	0.0692708947913301	0.03678770163250034	0.03494206501388587	0.05580846420655365	0.03498355392764253	0.06606492791612353	0.01783952307756259	0.01329161439026021	0.136898983485472	0.01842384362201889	0.02615096546725179	0.0102121663013204	0.01663706123217613	0.01131356012214991	0.01000331133601706	0.01000169970072377	0.05203926225680721	0.1138733681354785	0.1067698169787606	0.01737126857445957	0.01076518945293407	0.01381382591346355	0.01048688742251047	0.01013856766987441	0.01002524172452189	0.0208400134741506	0.01680603860547375	0.03113248321414291	0.0429599017302611	0.01008844176557095	0.01275804901682585	0.0100028255036864	0.01023099847529913	0.2469627706247217	0.08530685437378725	0.0100010228508745	0.01022839478868628	0.1561670170787838	0.01001814801507372	0.0115763859466567	0.02088767137623462	0.01399981409999959	0.1573577262386391	-0.04737884123701686	0.2176227244609573	0.1628654694739004	-0.06798318023707163	-0.0161622303192677	0.1103450381095052	-0.002464659027645884	0.001812524850399973	-0.01227101745555049	0.01385761242215103	-0.1696834643426753	-0.02847008945211587	0.05933481808829312	-0.003733441772140298	-0.003089862483875566	-0.007609495498323808	0.09281250833604254	0.2333789081486589	0.01001113261741693	0.01000516468984285	0.03220284551931014	0.0999629582932744	0.01000355279671175	0.02223169997597193	0.01341215966382871	0.03526577872139444	0.01005744673236337	0.01003416547075049	0.06552505654215357	0.08748219137366897	0.01000709521936002	0.0100036377105021	0.01000391300686294	0.0100456382483009	0.01005007902900336	0.0100935021357249	0.01820471291440654	0.03720883807468637	0.04601182448355325	0.03750009563054604	0.1565143374773999	0.01007588842737157	0.01000610070628292	0.2160702792032229	0.2362320841704364	0.5948446856990863	0.08525834416612921	0.0100035276288254	0.01000650302795038	0.3623883309785278	0.09509448122174957	0.02284927268799744	0.1881779625367965	0.0415604535377369	0.1132041178282202	0.05532866685907094	0.05212124054656853	0.08883441975925647	0.02775448827272134	0.04958227468684229	0.02294708525873768	0.01542975524403702	0.108323710093358	0.02398783147192306	0.03695275026045114	0.01020090156890832	0.01474788964128399	0.01094434925565626	0.01000345813061541	0.01000179742917359	0.03974999450522632	0.08279393980801651	0.07790300391460364	0.01007421058799996	0.01007584602817511	0.01277324858768549	0.01010530275946524	0.0100519851891929	0.01009425503899133	0.0280128271675203	0.02146068580255554	0.03966649021837902	0.05804157547145903	0.01006509003177302	0.01455796791338265	0.01000627225415728	0.01036787198137131	0.2271010835784665	0.07865621056828286	0.01000095677264672	0.01004498326631097	0.1576819450010136	0.01001414481420071	0.01113057294654577	0.01776953796366301	0.01286440340949015	-0.001662123172111115	-0.000322934584098744	-0.05974583689640341	-0.001602419642477928	-0.00128864989401411	0.003681488570295231	0.009618676667229044	-0.001450284280528183	-0.009899437358958122	0.001476659486824639	-0.00135699262172535	0.006129778501620842	-0.02966301863578288	-0.0008079656025861258	0.0008825603737387775	0.003640496325565395	0.001397613862108147	0.004565295544451532	-0.001204323604334956	0.01370729308665795	-11.75562062579965	-0.8324470724986376	-8.449687918675921e-16	1.889144753912855e-16
1.65	0.07861770446431719	0.2063803012360227	-0.2787364785257903	0.9117377622119891	0.9980500630885548	-0.5194565866981393	0.1205025255800157	-0.1394681430218487	0.03482472623592323	0.162100539191854	0.1325962597330047	-0.3459930567210185	-0.2012847468800424	-0.1953565804548668	0.0579702971592047	1.032986899858661	1.032986899858661	0.2249086651498158	0.2249086651498158	0.05776250512510216	-0.1231730490650757	0.154099276647526	-0.09946259560846546	-0.1059794831823344	-0.08845480281786808	-0.2414014198596993	-0.09929512358377686	0.540267384521416	0.4925887661576679	-0.03468148371101905	0.03383658417585982	1.57036971629267	1.547486477483293	-0.004795459342330536	-0.01752655777353197	-0.0004148310859402827	-0.001955867317090453	0.0005553565769786337	-0.001008631805143777	-0.3630404667757385	0.164506814231792	0.4686530460175335	-0.08669253853557816	0.07002260707588286	-0.2250811849433965	2.531755279941693	-0.1003380478203979	0.7402681148486564	-0.83370147345107	-1.576609702817694	0.03182640084738687	0.1233992514476823	0.07392640298526131	-0.05937239020962544	3.062099282737449	3.062099282737449	-0.4948543100538092	-0.4948543100538092	-0.82890064722656	0.510763011000063	-0.8953181767667231	1.145816031837318	-0.8472498102631075	1.422877757384548	0.4960017266648372	0.7312351793265719	-1.620570509397004	1.081815053534811	-0.228433543856395	0.4531335571834792	0.05695049546324734	-0.6703163837104708	0.3711706458635887	-0.4645531155037586	-0.03403438439400053	-0.08163250698990422	0.01231253736911602	0.008626611401406425	0.1158180470306974	0.249172129001198	0.01001514416845318	0.0100059804193539	0.04624660098553665	0.1404700150158362	0.01000371555642733	0.01613350519389616	0.01352444701408476	0.03376412956098786	0.0100592234267738	0.01003383835302738	0.03410317822451864	0.04688404979258631	0.01000907943264848	0.01000483412284969	0.01000550133159772	0.01373758200521892	0.01197813544694518	0.01149638254250901	0.01522777534810869	0.0218752266445774	0.02644965567764995	0.05077816949970799	0.1122836702012801	0.01143372574893463	0.01270350741451718	0.246260438792101	0.2253035149368454	0.5695039403995018	0.06516019775837821	0.01000293416093073	0.01000597958188786	0.3380364739017939	0.04913619745375972	0.03107156307395881	0.1670685889661138	0.06123462627042402	0.17128177974293	0.08299641629289586	0.0779440421109871	0.1346731316544603	0.01583167310776127	0.02391389298527597	0.03117586949762056	0.01894113004013587	0.06786287830939042	0.03293386334493126	0.05631838927740936	0.01018028053861514	0.01151988980182809	0.01030657435395069	0.01000369394912656	0.01000195748850091	0.0201039798130999	0.03795306934688834	0.03570266128494655	0.0169847789444427	0.01373828521166929	0.01169342641387909	0.01340215748126623	0.01255735119782044	0.01146464325058272	0.03942664055237204	0.02960912257158529	0.0558111146947475	0.08566101338584779	0.01002471158837392	0.01752085714207717	0.0100280375404966	0.01059619969504009	0.2004458584300607	0.06757782468962793	0.01000084134040799	0.01284387033191508	0.163108489962349	0.01000720805701571	0.01038960384716335	0.01262358044964437	0.01098680476661803	0.1615357621590836	-0.01222151900297081	0.1561807666105233	0.1463366520830312	-0.08293311505355962	-0.01418491073963556	0.1250351240758221	-0.00282439825133385	0.003443200946719092	-0.01436802908332643	0.01964222553922654	-0.1737756298806401	-0.03503900901536673	0.04989748602206685	-0.004129009039065419	-0.004620555086152642	-0.004204966030157796	0.1334629688094134	0.2663476145466637	0.01001727345999242	0.0100064363627416	0.05439706725764704	0.1714483364254582	0.01000382239096605	0.01011804743600894	0.0133008892714452	0.03365792374686268	0.01006061850648592	0.01003371863149144	0.01002083817563589	0.01000658430320039	0.010010149524691	0.01000547601692253	0.01000634267363516	0.01008113699745398	0.01004763725319389	0.01004291344942547	0.01010386588717181	0.01013511871911207	0.01279530120735727	0.05703773157491688	0.06568201939905816	0.01001805608635507	0.01000751406449288	0.2766328873402202	0.2074722198269531	0.533670014587548	0.04852639336400647	0.01000265479934939	0.0100057175345291	0.3038496436785127	0.01239539072988431	0.0356449504458522	0.1529069357930755	0.0731171401906436	0.2164069256846859	0.1006546661280049	0.09422039317212792	0.1676569766020522	0.01005978739191384	0.01003771601386018	0.03576156273485706	0.02082918984563275	0.04091101591079082	0.03793320288277032	0.063873932037006	0.01017354353942915	0.01006106587009463	0.01002457153722543	0.01000383628754316	0.0100020471809548	0.01000399017159598	0.01000308065893303	0.01000538646410076	0.01013325179233989	0.01006791005460043	0.01000434643537949	0.01019185564744787	0.01007975415465705	0.01003316829451777	0.045931958373455	0.03291670522620711	0.06137789915902439	0.09714069202900655	0.01000681890217656	0.01910662397606755	0.01000466103854388	0.01071470391360099	0.1766927984137702	0.06213290505545745	0.01000079262800541	0.01008215328934067	0.1652644426216719	0.01000416379403015	0.01000341253587167	0.01002214614298299	0.010006540745624	-0.004254121755116788	-0.003465072662545502	-0.0493713112534233	-0.001476222873666769	-0.001286119686954356	0.002937223679446416	0.008258094757637268	0.00225239984645208	-0.01736491573473991	-0.002106151260485882	-0.0007448416829015968	0.007818939069986803	-0.02914340953273048	0.002451566742365872	0.001308636038880758	0.008109099370892846	0.004603286997504561	0.008146536710468616	-0.01245866042660665	0.05379955006306063	-20.05410386311749	-0.7835129930242687	-6.34808577023411e-16	1.246533635860485e-16
1.675	0.05451523270424525	0.2001923329550956	-0.240343283284598	0.9100541021631777	0.9991972911980531	-0.5267190302543	0.1834350164841729	-0.1353834972161907	0.01795685878851379	0.1621421002647797	0.08410453001013581	-0.30735465537507	-0.1879312110061583	-0.1756863508718691	0.03657932731397681	1.088430775303104	1.088430775303104	0.2398750702374149	0.2398750702374149	0.03333862020427319	-0.1121464479602173	0.1314876241523161	-0.06979238993743639	-0.1263992851398401	-0.05549097608517672	-0.2220231592236468	-0.07323993540115296	0.5053177556164751	0.514086977865969	-0.01841307624140065	0.006749150631398386	1.570716667455515	1.529995950450061	0.001770753607175539	-0.007370229720029179	-0.0008385917438210938	-0.001805403314299967	0.0003326385471650004	-0.00109387392257665	-1.204734830379364	-0.5936382113379424	2.149532591089707	-0.04991312353208461	0.04159280479847991	-0.3230708011979201	2.261856526268331	0.3969337050159839	-1.562744952113026	0.2681154852259928	-2.178854715199071	2.411983129656541	0.6405151038800483	1.28656512502674	-1.303200057800594	1.443914213995439	1.443914213995439	1.21725766811585	1.21725766811585	-1.064674581934267	0.3653574888914886	-0.901827068477432	1.263148729251737	-0.7808331037803953	1.205185953783536	1.042726369524828	1.214049419877871	-1.179005483200681	0.6849213830424943	1.149667869344095	-1.878302019784311	-0.01907974689279943	-0.6985220638362495	0.1394225198449193	0.9148948071166054	-0.0004854329385233392	0.06993957268209551	-0.02138104751151145	-0.009964496592315592	0.1233482041344447	0.2530359656249264	0.0100183271351869	0.01000707775146074	0.04938716643198601	0.152605867835525	0.01000393449625149	0.01000692131964532	0.02523059229182145	0.03038976255221809	0.01004789713382896	0.01002651170646965	0.01008740586473762	0.01050192183273826	0.01000959742273575	0.01000538567723216	0.01000667718766015	0.01000057923722463	0.010001455166567	0.01000554400690014	0.0100019936397045	0.01000483290633166	0.01190086440238794	0.0436675735181653	0.07513007143075257	0.01002038712976638	0.01000975839008447	0.2393190766869011	0.2071816934221498	0.5300125648136158	0.05025840969078147	0.01000271733246435	0.01000582433649366	0.2844072405870751	0.01687186462785961	0.02806399017362906	0.115362449993497	0.0817000895635248	0.2293393716539421	0.1111324180641807	0.09082412385360665	0.1387474779544832	0.04344472784722461	0.02913055179699656	0.06489292315113215	0.05058191694905	0.09166161022462627	0.02966707468917908	0.05813167131933496	0.0102119031632518	0.01019241046214571	0.01004640239449388	0.01000395496261355	0.01000209458987406	0.02698555687380638	0.03956474651273958	0.0716989455759874	0.01000846857621878	0.010004599691829	0.01009810821759348	0.01008323834294337	0.0100185518483691	0.01002209104388492	0.04914085254704898	0.02610624628097464	0.05093502714812427	0.07982590981929562	0.01302091214803369	0.01639113477126004	0.01000393207668899	0.01050584853587085	0.1872633180907016	0.07383777968358513	0.01000092943772468	0.0100116633799918	0.1556185961707796	0.01000562063004234	0.01000367741696478	0.0100005019839451	0.0100010843549564	0.1379781396683282	-0.03493982791749818	0.1857463344621155	0.1283064011530202	-0.07928547786575592	-0.01347138925286352	0.1113737909315066	-0.002288160281161628	0.001971006473780412	-0.01460221462337796	0.01304152946770192	-0.1751086071850928	-0.03696204331893963	0.0559557634277623	-0.00367957521395057	-0.004187205296700162	-0.006896342528912903	0.116926239466796	0.2442800741468684	0.01001894227241589	0.01000747990506261	0.04594083697909737	0.1405995469464534	0.01000400389077208	0.01007384985284964	0.03328903308261432	0.02814451638026233	0.01003957581157465	0.01002182767570104	0.01004060862191338	0.01004197045541703	0.01000920299047736	0.01000530573263051	0.01000686701247612	0.01004672093251933	0.01002891019668319	0.01002566003423063	0.0100616499289528	0.01008722623963492	0.01141899483249111	0.03430957155276567	0.07735151839209153	0.01006531653905167	0.01008834981454615	0.2099270050595055	0.2024283779145934	0.5060156331007745	0.05073318998742792	0.01000276722682298	0.01000590245431292	0.2513397166972947	0.0189411981131779	0.02287046789360066	0.08146048656108852	0.0888212861071461	0.2513148922052029	0.1210267831629605	0.08922185737987302	0.1183127690411857	0.06704844967979481	0.04229168376456698	0.08641279122723125	0.07181716507947797	0.1297562349798594	0.02399324719381019	0.0541701649541863	0.01023708740923902	0.01032244762510375	0.01006977120632219	0.01000402745915041	0.01000212246754832	0.03866709910720536	0.05990397178768336	0.1175171724795882	0.010076684427066	0.0100623309209565	0.01021020622899821	0.01010085769714179	0.01005021716679872	0.0100587121757056	0.05150814242270665	0.02145990309087312	0.04356094432872099	0.06728505615988972	0.01499641009778209	0.01455797699007364	0.01000422834977708	0.01036600480788486	0.1918298122528473	0.08242604221944029	0.01000102003414425	0.01004420713884359	0.1474057685631556	0.01000666868648206	0.01001634984761054	0.01006118441978408	0.01002830636944956	-0.003251577274591268	-0.002088538352391663	-0.04974914752785198	-0.001294733307292642	-0.00111848439731996	0.003164848574143212	0.007062504525568935	0.001920807591605827	-0.01350911557473429	-0.002256834324636787	-0.0005868596034746289	0.003370543087155512	-0.02222159063201154	-0.0008593668676259644	0.002480928761644861	-0.0002871828253147293	0.001605174849710506	0.005876248756293249	-0.007004503317624081	0.03539208039356287	-24.65937489876719	-0.8272420518828282	-2.055127646259009e-16	-4.178201452576107e-18
1.7	0.03640208512788153	0.1799936939375263	-0.1939233480807117	0.9091464631272471	1.001121561484204	-0.5339679518404583	0.221545978587305	-0.121130258133902	-0.01696489344330889	0.1470607697501971	0.02984722196368825	-0.2577570290967893	-0.1844774174151898	-0.1416846661349206	0.01024555124957548	1.108707783617307	1.108707783617307	0.262026096108314	0.262026096108314	0.007545554253663263	-0.1052055540453575	0.109597270942286	-0.03453774377554203	-0.1447460762435065	-0.02864762650105238	-0.1898417391181848	-0.04554917536015667	0.4811368263512615	0.5291788103054532	0.003789996152097149	-0.02298720576555175	1.569921461725172	1.514080560047075	0.001440473137316559	0.01010995494892952	-0.0004700509679694001	0.0003546085904619449	-7.624918646217829e-05	-0.001232782424573526	0.1161054679209197	-0.9563468446995841	1.110792243033054	-0.02461085750512504	0.1321859812080634	-0.2239994273432056	0.5460329758596907	0.7131494143100552	-0.7040426679044014	-2.043532800451731	-2.037855968703986	0.9085643954339516	-0.6685801311855624	1.22044281530132	-0.4547968877435	0.2487499123183305	0.2487499123183305	0.07991535261018935	0.07991535261018935	-0.9384351296090365	0.1839064358001672	-0.8376142339523419	1.59257127110654	-0.6814089419559667	0.9332395854991876	1.52025448421759	0.8620809279963627	-0.759074538218801	0.5693047120294498	0.2463396500539561	0.2412197289843826	-0.03442205599174967	-0.5443054532907196	-0.1805488276856153	0.1213554137327133	0.02934973030459981	0.07913132516780973	-0.002581038935967599	0.004333300636286176	0.1063582525372566	0.2329411204014398	0.01001980187284755	0.01000811439858789	0.03991910048315724	0.1217404034675222	0.01000411119691091	0.01068922605384458	0.0459407588208671	0.02463942296745969	0.0100256091872801	0.01001403572171575	0.01239347637401121	0.01340893123660881	0.01000846317006875	0.01000512286768213	0.01000711801546493	0.01042094293048302	0.01022813638888891	0.01017400468580832	0.01058552535206001	0.01127478559617883	0.01190223890986283	0.01936607873749214	0.08768812052378303	0.01025191836502656	0.01043566678601345	0.1758466312833212	0.2012123687433708	0.4997496541412508	0.05355644476743903	0.010002871964485	0.01000605285841029	0.2301139572399105	0.02651501584066046	0.01419183869545865	0.04051898763598093	0.09678688363445893	0.2636216477621776	0.130662546129264	0.08489088526318474	0.08853136703776122	0.1019033164382865	0.0638727045082499	0.1154034300098884	0.1019553540483428	0.1810043879043555	0.0145416275205761	0.04753729375996127	0.01027952837496478	0.01065424763468454	0.01013062083003566	0.01000413718155467	0.01000216195285636	0.05772408963423702	0.09301026851565633	0.18048546359664	0.01077011094604773	0.01045700459962915	0.01053070867932062	0.01039017488291804	0.01030144258958713	0.01023276870838149	0.05428039165546922	0.01373781306781312	0.03196424566742603	0.0484426883271593	0.01824604898589039	0.01142386363333452	0.01000653290939958	0.01012414177220044	0.2009787927451876	0.09478692191006763	0.01000117470083915	0.01032047211771938	0.1378319048152503	0.01000865005707969	0.01006752353782881	0.01037085773629845	0.01015058078502374	0.1144205171775727	-0.05765813683202554	0.2153119023137076	0.1102761502230092	-0.07563784067795225	-0.01275786776609147	0.09771245778719111	-0.001751922310989405	0.0004988120008417319	-0.01483640016342949	0.006440833396177289	-0.1764415844895456	-0.03888507762251252	0.06201404083345775	-0.003230141388835722	-0.003753855507247682	-0.00958771902766801	0.1003895101241786	0.2222125337470732	0.01002061108483936	0.01000852344738362	0.03748460670054771	0.1097507574674485	0.01000418539057811	0.01002965226969033	0.05327717689378345	0.02263110901366199	0.01001853311666338	0.01000993671991064	0.01006037906819087	0.01007735660763367	0.01000825645626371	0.01000513544833849	0.01000739135131707	0.01001230486758468	0.01001018314017249	0.01000840661903579	0.01001943397073379	0.01003933376015776	0.01004268845762495	0.01158141153061446	0.08902101738512491	0.01011257699174826	0.01016918556459942	0.1432211227787907	0.1973845360022336	0.4783612516140009	0.05293998661084937	0.01000287965429658	0.01000608737409672	0.1988297897160766	0.02548700549647149	0.01009598534134911	0.01001403732910156	0.1045254320236486	0.2862228587257198	0.1413989001979162	0.08422332158761814	0.06896856148031918	0.1240371119676758	0.07454565151527377	0.1370640197196054	0.1228051403133232	0.218601454048928	0.01005329150485005	0.04446639787136659	0.01030063127904888	0.01058382938011285	0.01011497087541894	0.01000421863075766	0.01000219775414184	0.06733020804281474	0.1098048629164337	0.2250289584950756	0.01002011706179211	0.01005675178731256	0.01041606602261694	0.01000985974683571	0.01002068017894039	0.01008425605689342	0.0570843264719583	0.01000310095553913	0.02574398949841759	0.0374294202907729	0.01998600129338762	0.01000933000407974	0.01000379566101028	0.01001730570216874	0.2069668260919245	0.1027191793834231	0.01000124744028309	0.01000626098834652	0.1295470945046393	0.01000917357893397	0.01002928715934941	0.01010022269658517	0.01005007199327512	-0.002249032794065748	-0.0007120040422378226	-0.05012698380228067	-0.001113243740918515	-0.0009508491076855628	0.003392473468840007	0.005866914293500603	0.001589215336759574	-0.009653315414728681	-0.002407517388787692	-0.0004288775240476609	-0.001077852895675778	-0.01529977173129259	-0.0041703004776178	0.003653221484408964	-0.008683465021522304	-0.001392937298083549	0.003605960802117882	-0.001550346208641509	0.01698461072406511	-27.22803128784965	-0.7582099229013548	3.644787211800925e-18	4.197635448597971e-17
1.725	0.05158195174854383	0.1625180689907693	-0.1902990490077995	0.9087562071155991	1.004783540654976	-0.5378536411671599	0.2262655147946506	-0.1071939412441895	-0.01387125638652671	0.06837014140044347	-0.007275367741811971	-0.2704238838857504	-0.2100108225887103	-0.1237554764552219	0.0198188858681625	1.101724921523498	1.101724921523498	0.2415027690538432	0.2415027690538432	-0.01515949742918116	-0.1018831160339176	0.08918863167463106	0.006984265832382144	-0.1610406333926979	-0.008839725821119398	-0.146638092061598	-0.03214824358090605	0.4660075769760119	0.544196552882295	-5.721957083705835e-05	-0.001951375365721355	1.569866268608968	1.502819876379868	-0.002639370271441318	0.00171682145983173	-2.170284497674198e-05	0.0007132219861021422	0.0001436075101985313	-0.0008988962922186311	0.7588908002888689	-0.4868644602248997	-0.4228300712068537	-0.008482348631552391	0.1376878195682522	-0.117863506796478	0.08267967447260299	0.3974153940811129	0.4857784447020096	-3.658599818304288	-1.034942358793055	-1.343486909085579	-1.064763382413576	0.385255666758951	0.8993348263579499	-0.8616358762870437	-0.8616358762870435	-1.310910225434606	-1.310910225434606	-0.9115337165033606	0.0952020739997208	-0.7937479216960619	1.671324402203936	-0.6223875903735123	0.6607611342469465	1.836923048305269	0.3815799636473413	-0.493621657414346	0.6203902942876347	-0.4123639910949789	1.077868478422582	0.02134418713944461	-0.3750043804334997	-0.09218844273253518	-0.5599466517877453	0.008314541449975281	-0.02890260734299838	0.01449816219814702	0.01986898381017295	0.08160199994461979	0.1877146905686249	0.01002190306197405	0.01000845115011735	0.03151625044564669	0.1070666146270725	0.01000411366059749	0.01001125860136203	0.04224066721140649	0.01885299696955245	0.01002291976081768	0.01001329061459319	0.01000397993269675	0.01000176777393954	0.01002651041223176	0.01001462098426328	0.01001402875085483	0.01000113242982135	0.01000442527210914	0.01003555034349899	0.01000406495124395	0.01000773875592293	0.01009214712983507	0.01103278755129663	0.06646023285612471	0.02968495580769931	0.05115110065759976	0.1640224424709272	0.1761937182023056	0.4359915042583707	0.04277092487332576	0.01000256546628333	0.0100057025725682	0.1929749019422784	0.02085277223893089	0.01000680985489203	0.01026500840573904	0.116275235956376	0.3212525092395899	0.1613120188523748	0.09801945263535221	0.1212064331975335	0.09111989849467879	0.05566248250412216	0.113520642377129	0.1141219920481508	0.1601896545866731	0.02407260755052811	0.04891449416865638	0.01051821828014818	0.01045640567886551	0.01009387741604862	0.01000485045625957	0.01000248504315591	0.05051133052820722	0.08095813105544923	0.1644071247512291	0.01000231158333938	0.01003436190213804	0.01028991840904778	0.01000770241078065	0.01001787853705399	0.01006637054742008	0.06207025174023636	0.02271250702660073	0.02891792234128662	0.04391012340061058	0.01703420953183553	0.04590294609433986	0.0100040737139598	0.01954435650795623	0.1657177304718994	0.08105783702998981	0.01000115741993763	0.01000656433512166	0.1369647215522601	0.01000816785419634	0.01002034113073712	0.01006476127435583	0.01003331031644944	0.1262138125055589	-0.02732310857564982	0.1566349514003309	0.07655569996155681	-0.0646492641930454	-0.009326478997004341	0.07786390588384906	-0.001532730270772373	0.001225732898156762	-0.00981522902312963	-0.01069092754748102	-0.1679642341983808	-0.0332281692890426	0.05168057568502427	-0.002862685896406578	-0.002790934675984419	-0.006598342452519047	0.06639185147404995	0.1523762403441041	0.01002271677828394	0.01000839062709268	0.02737455154043465	0.1034061764749422	0.0100040645551082	0.01002031982993923	0.03455535943156375	0.01635573768617055	0.01002600654551537	0.010015607445895	0.01003521397235055	0.01004414158832644	0.01003839121319036	0.01002079065353404	0.01001833717433335	0.01000707009135143	0.01000779181011806	0.01005862588608293	0.01001220895259138	0.01002539221748955	0.01017995132520883	0.01081677326018647	0.04956762127172569	0.04302398205626421	0.08042795093079733	0.1763808095607555	0.1557485837794689	0.3734466281251666	0.03553345076109828	0.01000236084658416	0.01000545113564855	0.1796018251708195	0.01775394045689757	0.01005621613603534	0.01004181468203983	0.1267059925496423	0.3667290220405371	0.1806181092139001	0.1089561275349275	0.1626664128099625	0.0670305914417189	0.04227710315109817	0.09649952858047006	0.1090278119393535	0.1143239561382468	0.03362254527234515	0.05203733245987771	0.01065924657390804	0.01037566830655808	0.01008066673610151	0.010005258746008	0.01000267073120373	0.03866734354788075	0.05990375977505712	0.1175163221653752	0.01001453806509672	0.01003270964505226	0.0102114910861276	0.01001860832542513	0.01002518427199567	0.01005958123178599	0.06584559983078096	0.03133849354108077	0.03108860105306474	0.04824273677202612	0.01503954376102032	0.07129823663771452	0.01000434488635475	0.02588793956234944	0.129246760757841	0.06490826092467057	0.01000109646510097	0.01001696689550192	0.1421191608907012	0.01000749638980102	0.01001577967933233	0.01005046149955788	0.01002569943690544	-0.005154208808746009	-0.002648713150770458	-0.03955741756723004	-0.000841436418397522	-0.0009944708380749279	0.00280241345944999	0.005675520540172469	0.001282131232212866	-0.01374983104766247	-0.003022545364029844	-0.0008663531074891423	-0.00174156558344124	-0.01665445114182049	0.0006323089181836807	0.002277360755399086	-0.004281597673383255	0.002492712985094949	0.00438084852248297	-0.002881907673579916	0.01567658086557048	-28.42320811021077	-0.6287532367517806	8.438835372295315e-17	1.902061476612229e-16
1.75	0.0573769720701653	0.1533924054670852	-0.1951639393413934	0.9086287094354277	1.006851725818343	-0.5414115165804605	0.2382374499981677	-0.1014765155691381	-0.0159637305954567	-0.006213338703804173	-0.02704945352881578	-0.2960100810778054	-0.222249141521744	-0.1138537174127541	0.03914585102384745	1.062913139979756	1.062913139979756	0.2170241494132461	0.2170241494132461	-0.03970936714574703	-0.09977977690113683	0.06997632414568243	0.04613522156848207	-0.1758770537818908	0.004858863478869832	-0.1029512983031254	-0.0178908597126068	0.4543379311998852	0.5596121050283224	-0.009740557562966129	0.01271730692660408	1.570555550104349	1.494407584008016	-0.0004864388851862346	-0.006244405586818238	3.549720028748786e-05	-1.353946800819464e-05	0.0003650882999113065	-0.0003647635411614988	-0.6346822360023464	-0.2883499308537533	0.43165709051256	-0.003590190986995418	0.004682460615659053	-0.1977743142711349	1.126224895553414	0.05563811713716637	-1.118931569161375	-1.714960940811253	-0.6499756552242745	-0.1249829968135586	0.3950267680533713	0.5782483643228563	0.3254935552243338	-2.297563643676271	-2.297563643676271	-0.2365080542799122	-0.2365080542799122	-1.086020572306752	0.08637852550743129	-0.7419076948558356	1.4028869613606	-0.5647580011560922	0.4444946751036881	1.558906220368446	0.9305970951202529	-0.4823062502889692	0.6011294775642958	-0.2205501314816326	-0.2681521196160135	0.02513591293512542	-0.3164341496623329	0.318073155915421	0.1559079291285388	-0.001942115913674428	-0.007698662812232925	-0.002451111491802346	0.02035303013246518	0.0464555619400206	0.1166820017413313	0.01002400932236473	0.01000825814035601	0.02115229808079046	0.1007369726916873	0.01000397702046479	0.01008696989373145	0.02203713996631835	0.01248311274253248	0.01003169570331542	0.01001978367788425	0.01027374960705498	0.01038454193623555	0.01005819392420787	0.01003106524817567	0.01002549170536003	0.01004878748455491	0.01003033079592117	0.01010991247543658	0.01006996244417132	0.01015212461337336	0.01047391349096015	0.01113533302284379	0.02511200495196705	0.06351216964218322	0.1218024859534436	0.1955160239118704	0.1343863120410278	0.335259713960071	0.02461410379323941	0.01000201944426892	0.01000502968066477	0.172046022513177	0.01284280976228728	0.01047351752353115	0.01292278635145818	0.1381576447291736	0.3971561723817885	0.199558934856631	0.1228974538637953	0.2134355447895378	0.03105259020351748	0.02119228796547995	0.07161242574328437	0.09957114953583528	0.05361202907824545	0.04900516515743151	0.05697594642672744	0.01089205629567681	0.01024688189616156	0.01005988399524389	0.01000593246587709	0.01000297723294877	0.01980712042521551	0.02825077086488242	0.05477010282138041	0.01009359183768697	0.01006114757158837	0.01008990310797746	0.01006638280384612	0.0100591853641833	0.0100598132025115	0.07083624331666505	0.04527625949595324	0.03510815000418217	0.05596360221022464	0.01163272510605096	0.1080060366072495	0.01000500854494167	0.03604538440893445	0.0867454715590983	0.04152464312039784	0.0100009893074663	0.01005873355016389	0.1494511124379339	0.01000633749596631	0.0100111465873169	0.01004771355431856	0.01002082408898023	0.138007107833545	0.003011919680725903	0.09795800048695416	0.0428352497001044	-0.05366068770813856	-0.005895090227917216	0.058015353980507	-0.001313538230555341	0.001952653795471792	-0.004794057882829774	-0.02782268849113933	-0.159486883907216	-0.02757126095557267	0.04134711053659079	-0.002495230403977434	-0.001828013844721157	-0.003608965877370084	0.03239419282392136	0.08253994694113503	0.01002482247172853	0.01000825780680175	0.01726449638032158	0.09706159548243591	0.01000394371963829	0.01001098739018813	0.01583354196934406	0.0100803663586791	0.01003347997436737	0.01002127817187936	0.01001004887651023	0.01001092656901921	0.01006852597011701	0.0100364458587296	0.01002928299734964	0.01000183531511819	0.01000540048006362	0.01010884515313007	0.01000498393444897	0.01001145067482134	0.01031721419279271	0.01005213498975848	0.01011422515832647	0.07593538712078016	0.1506867162969952	0.2095404963427202	0.1141126315567042	0.2685320046363324	0.01812691491134719	0.01000184203887174	0.01000481489720037	0.1603738606255623	0.01002087541732366	0.01001644693072157	0.0100695920349781	0.148886553075636	0.4472351853553544	0.2198373182298841	0.1336889334822368	0.2563642641396058	0.010024070915762	0.01000855478692256	0.05593503744133468	0.09525048356538378	0.01004645822756564	0.05719179903984025	0.05960826704838883	0.0110178618687672	0.0101675072330033	0.01004636259678407	0.01000629886125835	0.01000314370826562	0.01000447905294675	0.01000265663368055	0.01000368583567471	0.01000895906840133	0.01000866750279195	0.01000691614963825	0.01002735690401455	0.01002968836505095	0.01003490640667856	0.07460687318960361	0.0526738861266224	0.0364332126077119	0.05905605325327933	0.01009308622865301	0.1325871432713493	0.01000489411169922	0.04175857342253015	0.05152669542375748	0.02709734246591805	0.01000094548991885	0.01002767280265732	0.1546912272767631	0.01000581920066806	0.01000227219931525	0.01000070030253059	0.01000132688053576	-0.008059384823426269	-0.004585422259303093	-0.02898785133217941	-0.0005696290958765293	-0.001038092568464293	0.002212353450059973	0.005484126786844335	0.0009750471276661588	-0.01784634668059627	-0.003637573339271996	-0.001303828690930624	-0.002405278271206701	-0.01800913055234839	0.005434918313985162	0.0009015000263892078	0.0001202696747557938	0.006378363268273446	0.005155736242848057	-0.004213469138518324	0.01436855100707585	-26.50325154977895	-0.7277284201897244	-1.061920763547427e-17	1.650238578447092e-16
1.775	0.02365963407027846	0.1399769644616668	-0.1587102106244528	0.9085459940426882	1.005516698235858	-0.5481503381079765	0.2720787041604813	-0.09551748446616982	-0.06891537689562888	-0.01697590266364708	-0.04986934276306262	-0.2646902129551963	-0.1955957111574932	-0.08675849634569661	0.02563510315121337	0.9843822649156899	0.9843822649156899	0.2326123598562545	0.2326123598562545	-0.06782645907219739	-0.09720745557644798	0.05207792934289809	0.07753324193169962	-0.1895686991394706	0.01436695719592336	-0.08109350659320691	0.009710453693482963	0.4401965927886137	0.5746430879438156	-0.009726970199545291	-0.005872507753969783	1.570753979130782	1.485842394139911	0.002185814266552037	0.000398440418599299	0.0001163876828993159	0.0004549584954244996	0.000172093845566245	0.0002242472061967491	-1.728360853702048	-0.7297532454974848	2.188641667421441	-0.001512163638216063	-0.0890986011983133	-0.3198960267181837	1.286404407824567	0.4103244668014633	-2.751002202131662	0.3249391184962406	-1.049778527362178	2.125675414100864	1.407042561278903	1.435940775386809	-1.183139689576656	-3.912628862404884	-3.912628862404884	1.153325896509361	1.153325896509361	-1.111753977386631	0.1188121332093243	-0.7062417213800838	1.155292309836709	-0.5398287495212249	0.3496167074563214	0.3583183742595212	1.196861645667776	-0.6437568248372907	0.6282605553473641	0.1881750630159677	-0.8744812569915342	-0.005853573161857083	-0.3993382414790312	-0.01040708150386385	0.2879583209957184	0.008784996487823759	0.03730029210693051	-0.00987590897399275	0.0232877568869653	0.02593069635689417	0.06395245975940315	0.01002921284731809	0.01001263067891208	0.01505375856632285	0.0726108981782341	0.01000443859691926	0.01001021406739721	0.02323349175044079	0.0100257399806966	0.01003304775904462	0.01002128159883475	0.01000341589716717	0.01000128244300963	0.01289072072152157	0.01108324452716605	0.01003725718633651	0.01000290664303584	0.01001606114620788	0.01940056433616453	0.01000771212753086	0.01002102099797307	0.01250942448232537	0.01002027924125061	0.01001290646126163	0.08716737819472482	0.1671847464989918	0.1630742163544594	0.08802231034232684	0.2707431166773895	0.01565647457946015	0.0100020241728581	0.01000547520386062	0.1490607537548787	0.01299113305005029	0.01000517388610156	0.01000249689925222	0.1449048809104741	0.4276959425316998	0.2141950718398102	0.1299989291697828	0.2365469979222418	0.03386700221627035	0.01064538954254319	0.07875075191883174	0.1109473590822481	0.04322293733158326	0.04335691391678898	0.05858381374935441	0.01191755738782141	0.01016236768003349	0.01004810845525573	0.01000597017499453	0.01000297115964814	0.01001027403022904	0.01000643602565168	0.055368050501787	0.01000582049514327	0.01001051769419078	0.01007874494927551	0.01002116301034314	0.01002595179383892	0.01005048323198578	0.07451312959924473	0.04008819138840256	0.03308623957566968	0.05163883603090069	0.04493778572982372	0.1088182895973952	0.01000605434915595	0.03237338210884264	0.05555392487401834	0.03176315114937862	0.0100010535185222	0.01002144454420799	0.1497275227505722	0.01000700784867518	0.01000731164149896	0.0100016686987127	0.01000464366197226	0.1140330854619659	-0.01931992274826955	0.11256437245589	0.01436344036853362	-0.03561517971304071	-0.006046773354910659	0.04685218673963396	-0.00129059012450576	0.001333548812503572	-0.004696391174282785	-0.0475232610243996	-0.1492449513839381	-0.02090740683417126	0.04143624898233667	-0.002087601762215689	-0.0003266116899142504	-0.004990486359685564	0.02125014781915702	0.04631711688091461	0.01003204190398862	0.01001547509540068	0.01365717348382638	0.05358632400391689	0.01000476159388007	0.0100122079755714	0.02830239686073948	0.01005981344191985	0.01003270777207728	0.01002123453011562	0.01000768624571426	0.01000710469255151	0.01473899903865206	0.01176575848227841	0.010042319351573	0.0100051493084564	0.01002381710936871	0.0255820214485456	0.01001162378829826	0.01003185407388041	0.01394927509347971	0.01003330210458529	0.01008723016565209	0.09649207108431879	0.1859094751689359	0.123608247388449	0.06470948510812001	0.2495762426785697	0.01409318294400902	0.01000214849797752	0.0100059117954159	0.1369144328378308	0.0150181655791104	0.01001257211945043	0.01003947998387874	0.1430237071131938	0.4260061099206345	0.2133619102513157	0.1282449608760605	0.2273072878643486	0.05029337317845956	0.01123161291199871	0.09526974058408406	0.1233461185081475	0.06514707221745823	0.03370344121121411	0.05792428175425268	0.01250167112429932	0.01016161381666438	0.01004968930842202	0.01000574428710441	0.01000285343026051	0.01018465441939065	0.01009460496505499	0.08654813952526536	0.01000655918897952	0.01001344805628319	0.01012820224026359	0.01001841784360891	0.01002449195635867	0.01006143617396926	0.07465057823767594	0.03134056269599928	0.03077639086105469	0.04636967394761083	0.06954528189931257	0.09188833354598307	0.01000681281644375	0.02591054107809048	0.05587663430651208	0.03477562257317371	0.01000112523254315	0.01001841535309705	0.146204626134955	0.01000779812194502	0.01001088235859951	0.0100038465001099	0.01000744390881367	-0.006131877392440434	-0.002569829063762505	-0.02809371697796427	-0.0002486009803580894	-0.0008613752671941858	0.002337327897185739	0.002853204814307243	0.0001181549428195662	-0.01076771418851071	-0.003981040521272468	-0.0008166765300314495	-0.005540867612810054	0.0002097121288680056	0.002102994999050875	0.002534427294322282	-0.005090107545059741	0.003046538031817838	0.004861164719604476	-0.004931327171511311	0.01974290160128489	-20.83629964725946	-0.836835690480762	-2.638027840765234e-16	-1.622930666438513e-17
1.8	-0.01232387310060962	0.1196613483963225	-0.1005318329413836	0.9086288450932141	1.003516099059235	-0.5563345488557713	0.2878241189090407	-0.0814982874440064	-0.1352039440660032	-0.01641721805537119	-0.07324653208926009	-0.2149711619988327	-0.1684072684481882	-0.04972810592615997	-0.008850448682065229	0.8708955718117184	0.8708955718117184	0.2581784945781531	0.2581784945781531	-0.09271742579394644	-0.09386892260358823	0.03385034647601953	0.1062167191673129	-0.2033312473614986	0.02401289311147232	-0.07660531669842507	0.03791990598582452	0.4224122898467935	0.5923707027793006	-0.002004907289134333	-0.01377916603105462	1.570433272329187	1.472912811849418	0.003687498153245356	0.003775438947510429	0.0004933291229388303	0.001457564748342436	2.691964530215917e-05	0.0006256206647253005	-0.8159757696824461	-0.8403639356478221	2.169629007802846	0.00965512447422155	-0.04856326691540402	-0.3134054518934192	-0.3214422575469221	0.7004513906727792	-2.185885238777546	-0.8092610553617505	-0.6945596625803251	1.34695162988681	0.4378277556577142	1.373061912521192	-1.352490761627227	-5.094029086868692	-5.094029086868692	0.5617258880313103	0.5617258880313103	-0.8279305559306486	0.147675457361103	-0.7682427399833742	1.185723511152259	-0.5704302303119425	0.4555220509833234	0.1693380751575107	0.979248206020396	-0.7737434127328754	0.8168600311636421	0.3961279122775764	0.5865003926631078	-0.01639495330716243	-0.6655855434533345	0.2244276147118248	-0.1053598689919735	0.02174196068054044	0.03503000034658642	0.001374508834675702	0.00534204702608947	0.01535995742611393	0.02626658365351334	0.01003669062938553	0.01002021258378186	0.01170896501349955	0.02721063065912931	0.01000530214145428	0.01002142042096197	0.03690459837195533	0.01030887115332166	0.01003200330688558	0.01002104037295329	0.01003529713323496	0.01004588781515197	0.01777910388673529	0.01289690382383239	0.01005045632068287	0.01001252328531165	0.01003866650778199	0.0354783603325224	0.01002317602528159	0.01006081442501102	0.01633496009403506	0.01014016918584065	0.01159963303620292	0.1070786620303256	0.2011149746128677	0.07564364584755384	0.03637977644674235	0.2454147614842399	0.01212799554969832	0.01000236930843728	0.01000665559495462	0.1251738700530713	0.01858101510242268	0.01006051979622806	0.01033072898066061	0.1390756599015146	0.4141404190929808	0.2087484139224561	0.1244270808365071	0.2104410771344867	0.07726559433715414	0.01320065644043008	0.1192592617304011	0.1391407852630533	0.1024124616156919	0.01808017637951941	0.05665692723812486	0.01345768625737537	0.01016652574454342	0.01005336985591395	0.01000533968209561	0.01000264445182739	0.01133244552187885	0.01198533315855291	0.1355077302765197	0.01001435230123324	0.01002239641910837	0.01021698965505672	0.01001687087106979	0.01002434684113006	0.01008160704246899	0.07434011621135239	0.01709403905087332	0.02705297372151615	0.03822939287240876	0.1052625272559126	0.06648216097187491	0.01000808493893159	0.01520011158805637	0.06135557916708175	0.04101378747215122	0.01000124807029323	0.01001577768653181	0.1413224265774078	0.01000915449779453	0.01001751688301368	0.01001111711488877	0.01001361826315978	0.0900590630903868	-0.04165176517726501	0.1271707444248258	-0.01410836896303716	-0.01756967171794286	-0.006198456481904103	0.03568901949876093	-0.001267642018456178	0.0007144438295353514	-0.004598724465735795	-0.06722383355765987	-0.1390030188606603	-0.01424355271276986	0.04152538742808255	-0.001679973120453945	0.001174790464892656	-0.006372006842001045	0.01010610281439268	0.01009428682069418	0.01003926133624871	0.01002269238399962	0.01004985058733117	0.01011105252539787	0.01000557946812185	0.01001342856095467	0.0407712517521349	0.0100392605251606	0.01003193556978719	0.01002119088835188	0.01000532361491829	0.0100032828160838	0.01940947210718711	0.01349507110582723	0.01005535570579636	0.01000846330179461	0.0100422337386738	0.04105519774396113	0.01001826364214755	0.01005225747293948	0.01758133599416671	0.0100144692194121	0.01006023517297772	0.1170487550478574	0.2211322340408765	0.03767599843417774	0.01530633865953578	0.230620480720807	0.01005945097667085	0.01000245495708331	0.01000700869363142	0.1134550050500992	0.02001545574089713	0.01000869730817928	0.01000936793277939	0.1371608611507516	0.4047770344859147	0.2068865022727474	0.1228009882698842	0.1982503115890914	0.09056267544115711	0.01245467103707486	0.1346044437268335	0.1514417534509113	0.1202476862073508	0.01021508338258797	0.05624029646011652	0.01398548037983144	0.01015572040032545	0.01005301602005997	0.01000518971295048	0.01000256315225541	0.01036482978583455	0.01018655329642943	0.163092593214856	0.0100041593095577	0.01001822860977443	0.01024948833088892	0.01000947878320328	0.0100192955476664	0.01008796594125996	0.07469428328574829	0.01000723926537616	0.02511956911439748	0.03368329464194232	0.1289974775699721	0.05118952382061685	0.01000873152118829	0.0100625087336508	0.06022657318926668	0.04245390268042937	0.01000130497516746	0.01000915790353678	0.1377180249931469	0.01000977704322198	0.01001949251788377	0.01000699269768921	0.01001356093709158	-0.004204369961454601	-0.0005542358682219169	-0.02719958262374912	7.24271351603505e-05	-0.0006846579659240784	0.002462302344311505	0.0002222828417701517	-0.0007387372420270265	-0.003689081696425155	-0.00432450770327294	-0.0003295243691322752	-0.008676456954413407	0.0184285548100844	-0.00122892831588341	0.004167354562255357	-0.01030048476487528	-0.0002852872046377697	0.004566593196360894	-0.005649185204504299	0.02511725219549394	-17.55021840772024	-0.7954941207149069	-3.728545177967716e-16	-9.355741390303619e-17
1.825	-0.01632439551427277	0.1061219903064242	-0.05844677344899613	0.9089982586868907	1.003024535481765	-0.5635160781548547	0.2605119664024251	-0.068758896087579	-0.1787812669017765	-0.0613837116044534	-0.07545366264588191	-0.2047348480414665	-0.1744664735590003	-0.02588174244655518	-0.03446092923826839	0.7360350513556404	0.7360350513556404	0.2566927883475126	0.2566927883475126	-0.1089221980347599	-0.08936211891979093	0.01279011484959089	0.1367469959515609	-0.2187536814360369	0.03815150171640257	-0.07915755065792818	0.05701462846183901	0.4016451893264706	0.6163300838210323	-0.002772224081723272	0.005485610234645008	1.570322163000888	1.452049640851977	-0.001604707973622285	-0.001461779084439829	0.0008698357949865676	0.00167212865567983	0.0001896034496147306	0.0009572387698256549	0.2277145304861302	-0.3137647030041642	1.358540692605961	0.01336461246498931	-0.01042891635690641	-0.2717810144440437	-1.54195278043516	0.387632443251813	-1.399568129097787	-2.361735839260373	0.3909808043886921	-0.2006465315984003	-0.6468008534153504	0.6555969223987795	-0.8106436534283704	-5.55538277484132	-5.55538277484132	-0.4348593179798585	-0.4348593179798584	-0.5074053992098305	0.2074710729336561	-0.9257061622652586	1.208196387895868	-0.6520923080000663	0.6631963151475182	-0.09464819105594853	0.6091320614572074	-0.8726058314637296	1.093222203683442	-0.2157364065845224	0.6837823374382975	0.005688730337779821	-0.9702501782128252	-0.4066367466412111	-0.2349684544938137	0.007966881762022973	-0.01135031593395601	0.00837920634302136	0.02200733255620789	0.01000970133920053	0.01000682412175068	0.01004344142533653	0.01003655530904665	0.01001614118693786	0.01002970310231232	0.01000641097436957	0.01001651677183236	0.0399497876219399	0.0100573192304715	0.01002695828585198	0.01001757928689125	0.01000732972219549	0.01000463646897493	0.01663605061411904	0.01247758408410171	0.01004887112271623	0.03567376816717222	0.01846885781866976	0.0319698338245713	0.01681848091363985	0.01483592064391611	0.01671222666266747	0.01001542517793044	0.01036980528713751	0.1135811160446703	0.2121907373247807	0.03083046358843382	0.01381663394845783	0.2031328248040244	0.01001916924034507	0.01000282393244597	0.01000835197291376	0.08649450892204898	0.02888056162834481	0.01000690169309456	0.0100029212856756	0.1253940660653354	0.3764527021563823	0.1899528020602577	0.1218763722598018	0.2072572948564095	0.06715239974125543	0.01170345403776691	0.115417680246881	0.1378268402329376	0.08852996646623819	0.01624800811863481	0.05604716190531162	0.0128102895465455	0.01020542459240507	0.01006245459201584	0.01000538605077149	0.01000275142423623	0.01023877688975577	0.01009951617462198	0.1195151839642159	0.01000451721351431	0.0100165663218124	0.01017991267369316	0.01001177908095288	0.01002279744039534	0.01008188104098028	0.0723252259785199	0.02748059894868542	0.02889922618803694	0.04346023421106492	0.09751622325969611	0.07882848696112921	0.0100165231028626	0.0177288657574758	0.04561885633277073	0.03286197836076435	0.01000127477078165	0.01001479222670421	0.1327588907269578	0.01000816678714809	0.01001609929922865	0.0100056142667949	0.0100111444723626	0.096337251836711	-0.02812764126288468	0.06606899242701127	-0.03713597680639657	-0.002964168104705981	-0.004938842213552693	0.03397276176733225	-0.00129062954669247	0.001782719383242664	-0.004069128887282299	-0.08480345482424897	-0.1257294216005595	-0.006148691329857682	0.03817410281488073	-0.0005736138587699145	0.003167365625719095	-0.003905349519866268	0.01007501091190669	0.01007330697510131	0.01004607587220058	0.01004549136605525	0.01004435281059843	0.01008336202122417	0.01000694268594659	0.01001878904621417	0.03939650228205407	0.01007783042654294	0.01002372288533355	0.01001522507548845	0.01000962211993649	0.0100069198662537	0.01476293429323275	0.01179391546945654	0.01004449136888317	0.0533958473565215	0.02406224100135086	0.0257161072286247	0.02131492904866349	0.01798428062355843	0.01610684685720131	0.01002016688752973	0.01061819557026669	0.1117825182772887	0.2081240581470985	0.02390956303609994	0.01269521985342011	0.1726461340714156	0.0100540757330688	0.01000306110907118	0.01000921407506362	0.06381204143553652	0.03489499622303598	0.01000743891412208	0.01000915999698047	0.1151611573136586	0.3392702411982164	0.1735490460361675	0.1208926025355724	0.2130113197262827	0.05032551886816845	0.01123340709004256	0.1013170159906807	0.1278720683430111	0.06512946163009357	0.02039390125238014	0.05589155186193144	0.01202505627585109	0.0102381241700056	0.01006860633014017	0.01000551870891772	0.01000287657029144	0.01018659940751106	0.01009646676778258	0.08654878511041354	0.01000508618160694	0.01001562244679968	0.01013357337926183	0.01001351913932098	0.01002524188275229	0.01007771289522985	0.07055045231486508	0.03948860659052254	0.03149575063689941	0.05033234006553189	0.07453160658854167	0.09913484120497161	0.01002157000809726	0.02293908800472135	0.03511627387288211	0.02623640543471579	0.01000125324619309	0.01001867550501039	0.1279761211431724	0.01000709882753168	0.01001382691653	0.01000485369091811	0.01000957451293422	-0.00538492467203572	-0.00109619547424304	-0.01818989178473326	0.0002877861398755092	-0.0007001423045746351	0.001873706498841063	0.0004553020581370019	-0.0008568682874456775	-0.002286296199195799	-0.003654171992332728	-0.001562802464207291	-0.00794577593726653	-0.002535515911959124	0.002229762406334201	0.00276384417237751	-0.007452494472811707	0.001558524756136957	0.004566558474220273	-0.003128180602007981	0.01785519716635491	-14.1327355794361	-0.7115480570572313	-2.837249677759154e-16	-2.798856739482548e-17
1.85	-0.01434911888146635	0.1004241136731082	-0.02453655126019488	0.9089704081887173	1.002011298387652	-0.570456805698513	0.226805338014641	-0.05867003901089568	-0.2101457275715661	-0.1131878805531674	-0.06004791255291986	-0.2086334894937971	-0.1869591455635889	-0.01090077197864144	-0.0550974298814511	0.6000979218084637	0.6000979218084637	0.2487216821042949	0.2487216821042949	-0.1200354045482083	-0.08376525717735669	-0.01289148024396062	0.1642014263775208	-0.2353722533789495	0.05655419275566937	-0.06739429620813199	0.07141663252850716	0.3795329381450682	0.6466984005389005	-0.0007028851633520004	0.006864982283132082	1.570626835010799	1.426061200845233	-0.004585971267813974	-0.004040527823668615	0.0008710886449772021	0.001215777542926579	0.0002828305040877951	0.001766983851249147	-0.3379118459648821	-0.2130454191212425	1.51564202351595	-0.02212600287378124	-0.09029714824690029	-0.2941413114594118	-0.8330003280404028	0.4884086482932538	-1.208856265498847	-1.356275087332298	0.7144707893863832	0.2161551971110666	-0.07684959584440339	0.6638304715859085	-0.9545723685855914	-5.180157814156581	-5.180157814156581	0.04289388702513433	0.04289388702513433	-0.4206052977414499	0.2348801020520556	-1.137951817353205	0.9396558024892123	-0.6661212597818899	0.7966486457302462	1.314577147901452	0.6038307332726889	-0.8813554656192374	1.329574885254565	0.623060369154393	-0.8443319447138953	0.01686755374951967	-1.075607064197539	0.4093030413259008	0.107317674425744	-0.008278345084027755	-0.0186432012606652	-0.004182031152484856	0.04359220513194044	0.01061978237531516	0.01169914966216017	0.01005026406266667	0.0100601813652882	0.01022279926618476	0.0117899713085855	0.01000780679842639	0.01002319269781825	0.0381506095456866	0.01013295855595559	0.01001833959904961	0.01001129242956763	0.01001576267997489	0.01001402465453754	0.01156144174198542	0.01061504292855423	0.01003681768750784	0.07995823246763213	0.03305094170295107	0.01534085073220947	0.02859128619792194	0.02312231138421646	0.0150141589612107	0.01003781795019676	0.01115326270708076	0.108029073956529	0.2003698392197766	0.01811021446088074	0.01301728342453254	0.1443515137474658	0.01027701494148202	0.0100034495074521	0.01001062259615949	0.03471954427124577	0.04411485184131	0.01001235042246941	0.01004455077205905	0.1031080834110577	0.3138282684482246	0.1568192771671853	0.1199696364516667	0.2209640346492771	0.0244011789124238	0.01051450455034172	0.08124829486034431	0.1141236201137074	0.03053594145810968	0.02780754109125194	0.05571753817880958	0.01068477344682875	0.01029339322912467	0.01007887841824516	0.0100057512743009	0.01000309130480206	0.01017604111541219	0.01023442721272941	0.0399567367456892	0.01000682338746143	0.01001437329014823	0.01005390278089027	0.01001698986815242	0.01002970443950227	0.01007027947672758	0.06805197703488552	0.05871796193636521	0.03573795856835738	0.06102734654462144	0.04036509975026015	0.127925577413904	0.01002992549887026	0.03177502027627028	0.0193617925295816	0.01571666467411926	0.01000121298852177	0.01002565598102786	0.1229502645114044	0.01000527188670947	0.01000988923211246	0.01000390638708996	0.01000696415833311	0.1026154405830352	-0.01460351734850435	0.004967240429196723	-0.06016358464975596	0.0116413355085309	-0.003679227945201284	0.03225650403590357	-0.001313617074928762	0.002850994936949977	-0.003539533308828803	-0.1023830760908381	-0.1124558243404587	0.001946170053054492	0.03482281820167892	0.0005327454029141161	0.005159940786545534	-0.001438692197731493	0.01004391900942069	0.01005232712950844	0.01005289040815245	0.01006829034811088	0.01003885503386569	0.01005567151705048	0.01000830590377134	0.01002414953147367	0.03802175281197322	0.01011640032792527	0.01001551020087992	0.01000925926262502	0.01001392062495469	0.0100105569164236	0.01011639647927838	0.01009275983308585	0.01003362703196998	0.09678323141124839	0.03808224826402792	0.01037701671328828	0.03261159445517943	0.02591630377417738	0.01463235772023591	0.01002586455564736	0.01117615596755566	0.10651628150672	0.1951158822533204	0.01014312763802215	0.01008410104730444	0.1146717874220242	0.01004870048946676	0.01000366726105906	0.01001141945649581	0.01416907782097384	0.04977453670517482	0.01000618052006489	0.01000895206118156	0.09316145347656568	0.273763447910518	0.1402115897995877	0.1189842168012605	0.2277723278634739	0.0100883622951798	0.01001214314301026	0.06802958825452798	0.1043023832351109	0.01001123705283634	0.0305727191221723	0.05554280726374634	0.01006463217187074	0.01032052793968574	0.01008419664022038	0.01000584770488497	0.01000318998832747	0.01000836902918758	0.01000638023913574	0.01000497700597108	0.01000601305365619	0.01001301628382492	0.01001765842763474	0.01001755949543869	0.01003118821783818	0.01006745984919973	0.06640662134398184	0.06896997391566893	0.03787193215940135	0.06698138548912146	0.02006573560711123	0.1470801585893264	0.01003440849500623	0.0358156672757919	0.01000597455649754	0.01001890818900221	0.01000120151721872	0.01002819310648401	0.118234217293198	0.01000442061184138	0.01000816131517623	0.01000271468414701	0.01000558808877686	-0.006565479382616837	-0.001638155080264164	-0.0091802009457174	0.000503145144590668	-0.0007156266432251918	0.001285110653370622	0.0006883212745038521	-0.0009749993328643285	-0.0008835107019664425	-0.002983836281392517	-0.002796080559282306	-0.007215094920119655	-0.02349958663400265	0.005688453128551812	0.001360333782499664	-0.004604504180748138	0.003402336716911684	0.00456652375207965	-0.0006071759995116633	0.01059314213721587	-9.413874907463967	-0.7476163819237124	-1.784453026414881e-16	1.413558366608943e-17
1.875	-0.03300356236565821	0.08964921619839065	0.0193739352911422	0.9077047959481007	0.9986178549897923	-0.5782370606076539	0.220548318210994	-0.0395731461643129	-0.2404388215316546	-0.1278615031499762	-0.04655386030168045	-0.1907183984948145	-0.1781514352507393	0.01257686011961898	-0.08390903972871476	0.4797230883853857	0.4797230883853857	0.2601602797779773	0.2601602797779773	-0.1299312308800226	-0.0786195482523233	-0.04365561485523414	0.1839549970344675	-0.251051665084348	0.07744368917006637	-0.0375413147814045	0.08892826110243589	0.3590740340089661	0.6820570103690791	0.01062688444195968	-0.01919224610836172	1.570755186325893	1.400040952391583	0.0006269614442029205	0.002793840027550462	0.0007537851740979156	0.001259939193350709	9.866032961404752e-05	0.002344053856728373	-0.9765999127377861	-0.5819125585482561	1.85897931881211	-0.07765577161735378	-0.1661365363901065	-0.3197168860444523	0.1781610107064664	0.9529705628248729	-1.137366832916065	-0.09442317990924286	0.4491898175557028	1.062578796044004	0.5732981604346177	1.13168824618098	-1.238844784289836	-4.3784662692875	-4.3784662692875	0.709130807428663	0.7091308074286629	-0.3410739236870139	0.1740004253562939	-1.305635105848482	0.681546199492911	-0.5953240419896809	0.8849385112436141	1.015826293810981	0.8026676121749428	-0.7272044503611365	1.507692885063424	0.2141649175496159	-0.6307051900191428	-0.004252254235207233	-0.9937448377134364	0.108462600764343	0.3149783574629546	-0.002388972236576539	0.01246841294355392	-0.005358864571649738	0.003332335964344843	0.01002613902440368	0.01001141323676127	0.01005424098168886	0.01579098361579514	0.01003120581000346	0.01001180828926421	0.01001550373335233	0.01003658367587485	0.03864528974945312	0.0100998419097317	0.01181779733860415	0.01156775858064832	0.01001044288947443	0.01000766790929108	0.01007257645394668	0.0100974497927286	0.0100320821218327	0.1529598397769115	0.05289523686771158	0.01019748608820305	0.06057839259016846	0.03952711221274501	0.01501278291418792	0.01002939470433989	0.01956169908709517	0.07950308806369566	0.1467543879634934	0.01000751159000921	0.01001337572770964	0.09237190745557795	0.01004070270488848	0.01006925463093183	0.01004861791816883	0.01298526227979071	0.05849516352827543	0.05291282331943074	0.0100073360109416	0.08104732633935939	0.2459817032817942	0.1231754051920529	0.1106186391456625	0.2096967537375824	0.01713306531514108	0.01004930438134634	0.06723973420697797	0.09227769061897173	0.01003738479872214	0.02678119823437313	0.04743889159318617	0.01781383449288585	0.01025426856709028	0.01007354868728533	0.01000914330071744	0.01000395864433997	0.01000507289945882	0.01000201739648672	0.0102415992640554	0.01000701732581599	0.01001207000216462	0.01001392894089059	0.01002173007492935	0.0100286740887962	0.0100518252717229	0.06004142775341888	0.06783040704091253	0.02960413785195024	0.05031965314278488	0.01721491313733383	0.1235246661611796	0.01002769938537268	0.02829418119537908	0.0103952043896313	0.01188394969096185	0.01000171166986149	0.0100285618468399	0.1298360621873569	0.01727886371914109	0.0100104555851881	0.0100035615632394	0.01000721605189913	0.07252227247418266	-0.01630590831762687	0.002139570438659451	-0.06223253221161909	0.01428533906627629	-0.001014228183374176	0.03900790990883801	-0.0009084522927435519	0.003334522678585755	-0.005953373592611844	-0.09997668234355223	-0.09523616966184678	0.008229745172028092	0.04429007863040597	0.001216733227061117	0.007001656635184077	-0.002701054717721905	0.01003299703197218	0.01003459245220892	0.01005503294623951	0.01956536033481312	0.01003223434930545	0.01003545884401138	0.01002016925241381	0.01004464041666536	0.03908096747956093	0.01008961184654951	0.01299537649005725	0.0125854212527125	0.01000824148120767	0.01000590308113964	0.01008809665808897	0.01011722095875356	0.0100311823311825	0.2032322828419688	0.06358859791551144	0.01020188927560462	0.08102822782369151	0.04900417394011605	0.0152733517632905	0.01003208478691313	0.02514333818602593	0.05837782970036944	0.1025791322932095	0.01007897473165068	0.01004981537446513	0.07033869950902193	0.01004293294128769	0.01011191571220475	0.01007278969478731	0.01211774679268643	0.06497854930208576	0.08366767898542174	0.01000745712279206	0.07069551188909103	0.2042721898484492	0.106072607150247	0.103624196519432	0.1938411406614803	0.02194958311042149	0.01008963927334153	0.06574185549769565	0.081642653631867	0.01008246683449965	0.02418106218593524	0.0416190568503462	0.02297008369056423	0.01021025913681277	0.01006644679501017	0.01001128375030531	0.01000445536045139	0.01000841436557691	0.01000661830599136	0.01003911225400782	0.01000769730096537	0.01001149924458269	0.0100126966321419	0.01002442412805826	0.01002698976188551	0.01004174766155719	0.05525764116606923	0.06736576769003039	0.02393738957540707	0.03849153825373536	0.01507554049562086	0.1061455121632819	0.01002318735286385	0.02314378671045831	0.01081818261254967	0.01323922090496253	0.0100020438801486	0.01002871801702588	0.139056499005212	0.02209396888999142	0.01001200494722848	0.01000415174798359	0.01000832038937549	-0.004259880668859629	-0.001068692337815938	-0.007086752527465705	0.0005165246839894101	-0.0005117255483532438	0.001042338723396158	-0.0005704120171483439	-0.0009335240484701278	0.003631933330921971	-0.002016220449439467	0.0007852100431872485	-0.005264246031996266	0.00683102002083378	0.003313588226164948	0.001757505264889796	-0.002774361248020794	0.002139255668834583	0.003334220898814141	-0.003826991700270929	0.0136776848816273	-7.282591161381611	-0.8020444898218019	-3.817372142765999e-17	5.462894591196537e-18
1.9	-0.05428692851672129	0.07468017676109086	0.06150153559146435	0.9051609798457595	0.9944565609277356	-0.5860145402393649	0.2279995018978554	-0.01534012170007729	-0.2631528482977601	-0.1317494625234713	-0.03338160033298832	-0.1632282140297743	-0.1687026505637462	0.0415490478257098	-0.1114640873506589	0.3847427378641986	0.3847427378641986	0.2760250665036879	0.2760250665036879	-0.1355897564767248	-0.07520404523925821	-0.07729604325137419	0.2003245538234854	-0.2654930737454174	0.1013224905089546	-0.01949473513887183	0.1118284161139206	0.3445803363724015	0.7225119939872556	0.006547546628082317	0.005806779611498608	1.570531582014377	1.376987357678614	0.005873710026847678	0.005485720239037606	0.0006874880506353084	0.001353812172552191	0.0002745231871935715	0.001971547682363741	-0.5482256593145822	-0.5485767761278243	1.373011123434755	-0.1243823118117407	-0.1517252013826448	-0.293919289265025	0.263655951200273	0.8992991777054811	-0.6025308899801977	-0.4934220294672043	0.6887274067826015	0.9821626743956763	-0.02556364591292725	1.103394920212342	-0.8540473905600325	-3.148599182005312	-3.148599182005312	0.3969890111873815	0.3969890111873815	-0.08162123893248351	0.09646362909459107	-1.368055320142527	0.6689346930549021	-0.5670810162355514	1.035793039689543	0.370065005165863	1.034912848277167	-0.4041389456562336	1.737284788294391	-0.6096682243807352	3.240168384194449	-0.01128889637925962	-0.8382747649430284	0.4120083109761299	-0.2240813367528119	-0.004197837290693411	-0.01466629495847698	0.02462061141177697	-0.03237388925556851	0.01008939229609296	0.0102036641668743	0.01005614851590192	0.025698951869819	0.01004823648628887	0.01021240911672703	0.0100279010427933	0.01005798429365254	0.03975707920998273	0.01007386174070197	0.0149417888828731	0.01426925920080936	0.01000471763388867	0.0100032322835141	0.01022822063989876	0.01019093320702833	0.01002993100723894	0.2543602000562551	0.07842279525847261	0.010621037689986	0.1090035867283129	0.06292744257644885	0.01573191969020845	0.01003749130199256	0.03408057665984806	0.0291985965500308	0.05050052801585821	0.01088118796358871	0.01034688291874777	0.04592360075636807	0.01006439612492364	0.01018293469237675	0.0101129819191057	0.0127704903675293	0.0735511336850582	0.1268160458223254	0.01001041748601914	0.05809472691486785	0.1735549946197042	0.08804140785803811	0.09502595509204113	0.1767106874693769	0.03107549542023453	0.01019599305881196	0.06547971070438947	0.06913786915550053	0.01216253795541339	0.01979617381424927	0.03294438370201253	0.0313292812285408	0.01013489561317198	0.01005420746113295	0.01001484136780248	0.01000527504211974	0.01002699630854298	0.01003199890169088	0.01288089914193914	0.0100088925947402	0.01001065373092464	0.01001345283132031	0.01002886698098963	0.01002406957200831	0.01002518259789999	0.04859704500882128	0.06544980430286429	0.01477600128102284	0.02007175276111342	0.01374461184279901	0.08164554106495955	0.01001532542900722	0.01458953586355262	0.01233665796811111	0.0159565150324629	0.01000259808718609	0.01002878158361589	0.150589384833921	0.02987052973069705	0.01001471926854956	0.01000522702721032	0.01001026627771677	0.04242910436533012	-0.01800829928674938	-0.0006880995518778213	-0.06430147977348223	0.01692934262402167	0.001650771578452931	0.04575931578177244	-0.0005032875105583413	0.003818050420221533	-0.008367213876394884	-0.0975702885962664	-0.07801651498323486	0.01451332029100169	0.05375733905913301	0.001900721051208118	0.00884337248382262	-0.003963417237712317	0.01002207505452367	0.0100168577749094	0.01005717548432657	0.02906243032151536	0.01002561366474521	0.01001524617097229	0.01003203260105628	0.01006513130185705	0.04014018214714862	0.01006282336517374	0.01597524277923458	0.01516158324279998	0.01000256233746064	0.01000124924585568	0.01005979683689956	0.01014168208442127	0.01002873763039501	0.3096813342726893	0.08909494756699496	0.01002676183792097	0.1294448611922036	0.07209204410605471	0.0159143458063451	0.0100383050181789	0.03911052040449621	0.01023937789401893	0.01004238233309858	0.01001482182527921	0.01001552970162581	0.02600561159601965	0.01003716539310862	0.01022016416335044	0.01013415993307882	0.01006641576439902	0.0801825618989967	0.1573291774507786	0.01000596218440255	0.04822957030161637	0.1347809317863805	0.07193362450090636	0.08826417623760355	0.1599099534594867	0.03381080392566319	0.0101671354036728	0.06345412274086332	0.05898292402862311	0.01015369661616296	0.01778940524969818	0.02769530643694608	0.03587553520925771	0.0100999903339398	0.01004869694979996	0.01001671979572566	0.0100057207325753	0.01000845970196624	0.01000685637284697	0.01007324750204457	0.01000938154827455	0.01000998220534046	0.01000773483664905	0.01003128876067784	0.01002279130593284	0.01001603547391466	0.04410866098815663	0.06576156146439184	0.0100028469914128	0.01000169101834925	0.0100853453841305	0.06521086573723735	0.01001196621072146	0.01047190614512473	0.0116303906686018	0.01645953362092284	0.01000288624307849	0.01002924292756774	0.1598787807172261	0.03418351716814147	0.01001584857928074	0.01000558881182017	0.01001105268997413	-0.00195428195510242	-0.0004992295953677115	-0.00499330410921401	0.0005299042233881523	-0.0003078244534812957	0.0007995667934216934	-0.00182914530880054	-0.000892048764075927	0.008147377363810385	-0.001048604617486418	0.004366500645656803	-0.003313397143872878	0.03716162667567021	0.0009387233237780852	0.002154676747279928	-0.0009442183152934497	0.0008761746207574821	0.002101918045548633	-0.007046807401030195	0.01676222762603873	-5.672375968739078	-0.7818704963946682	7.212215275455072e-17	-1.410453753593147e-18
1.925	-0.05690880116666063	0.06498217421023167	0.08366209109993904	0.9014045659690517	0.9914405568094818	-0.592771546054513	0.2324238164208013	0.003331559864241443	-0.2568417852599089	-0.1571036938476022	-0.006685192633229369	-0.1373646179186171	-0.184951209742876	0.06565293034606852	-0.1224523313877112	0.3271300613059595	0.3271300613059595	0.2776964880162525	0.2776964880162525	-0.1324883888182476	-0.07412450941542498	-0.1107406944555541	0.2192971214234953	-0.2787779858194036	0.1280197292905273	-0.02705300979656739	0.1210920512957954	0.338991869900084	0.7679791874092411	-0.00115045267275749	0.0484249829462079	1.570331597740827	1.360146681558822	0.00242414062349379	-0.001807468333905319	0.0006182901080373164	0.0004416285962917388	0.00108651915465408	0.0007306419706377676	0.222984972817396	-0.3252685933213241	0.4789959932293634	-0.1804914982383317	-0.09806978653419041	-0.2521715146544541	0.2438710210428285	0.6797589415168984	0.9779729339392447	-1.328096872858918	1.346174300796939	1.188455895684778	-1.148242231373922	0.9347527352354058	-0.06950944064410623	-1.44818197185697	-1.44818197185697	-0.1339413611522433	-0.1339413611522434	0.3214495585944855	-0.03285041646187318	-1.274717834595491	0.8360132477807494	-0.4518359904877448	1.036792356194817	-0.8238820526717602	-0.4043721603095087	-0.04771868581749138	1.872521743762178	0.02093716211160062	-0.5511901357944569	-0.003450449777861064	-0.4367483623086277	-0.5229433548699832	-0.4112690330672002	-0.001486201547923135	-0.04897428594807358	0.0295645333022024	-0.05664579910505046	0.01002380699735797	0.01001584192237068	0.01004795666597036	0.02340088769610631	0.01002502858436007	0.01001382936537002	0.01002653537478929	0.01007478641180184	0.03688163780681903	0.01704267049039946	0.02059639331982014	0.01818886444075374	0.01000319114711009	0.01000159429743019	0.01005009402853655	0.01010401565295692	0.01002370555870866	0.2587606786159089	0.08133355804107592	0.0108014640403853	0.1059277434382576	0.06306717397956364	0.01937558029366167	0.01003942392338948	0.03335922211451256	0.01013927711958014	0.01068727372910106	0.01000327305881542	0.01001979132297807	0.03746618217380572	0.01006070122218666	0.0101574832053312	0.01010374168761255	0.01000025705838302	0.07125213472642075	0.227623079458056	0.01001008473365323	0.04168625265325184	0.1252556682372722	0.0625595424478245	0.09259273491912974	0.1652297552542357	0.0302686103372979	0.01160303552449768	0.0590562475167532	0.04957699182911954	0.01007555497789191	0.01580657986784922	0.03946854367355993	0.03478145366727851	0.01007510285816321	0.01003643879507318	0.01004077004574495	0.01759759130068312	0.01000640313266562	0.01000493302555297	0.01000444592104588	0.01000912144540885	0.01000826360113793	0.01000612551400127	0.0100487762203237	0.0100195393134655	0.0100129760660616	0.03640272053017814	0.08753644270318023	0.08047180587063998	0.1431698189806791	0.01000166227319897	0.06757903522161847	0.01001355170726391	0.01031178938561918	0.01261731748456277	0.01496927349640377	0.01000656391018163	0.01003277994060656	0.1313290845711566	0.02943987630622046	0.01001678094719074	0.01000594857257093	0.01001175937498285	0.03688230344664721	-0.01157723017846816	-0.01728993915285708	-0.05135083024024825	0.01320755503451149	0.004536628779185571	0.04517589272181185	0.0001607086926848455	0.003415212516140438	-0.007883315112889812	-0.07743584471061098	-0.05689540348389916	0.008847188059031721	0.05726535827261671	0.001777616840293178	0.007104940877221351	-0.003305339520208683	0.01002714563821617	0.01002128436138205	0.0100419258894152	0.01954470190316721	0.01002539294513457	0.0100193464958129	0.01002282325048855	0.0100808319125791	0.0346105764932968	0.02166061180880264	0.02365727288287445	0.0201757618099487	0.01000367128354198	0.0100018841780921	0.01004927904277278	0.01008111957295613	0.01002047163080793	0.2218186589145559	0.07602835335257595	0.01132542161254253	0.08888774151172443	0.05675183052659599	0.02167735982090984	0.01004012489704412	0.02938662052118089	0.01013715095177752	0.01005771277031214	0.01002310642059633	0.01003331159678846	0.04504702378490746	0.01007690791467648	0.01011547577490605	0.01008325523143554	0.01003429790529242	0.06487333226403	0.3006642828845729	0.01001291325907242	0.03669912503644115	0.1102031055594998	0.0543596105440806	0.09541109753407641	0.1667650350850885	0.02783006994068492	0.0125416516754166	0.05572234663206449	0.0422693185720355	0.01008397008399513	0.01453217514721762	0.04770144516813674	0.03401307033303001	0.01006005728678046	0.01002864623404182	0.01005635283690698	0.02262656043541553	0.0100056763731794	0.01000451043787126	0.01003922207866314	0.01000893612434494	0.01000716786861599	0.01000526733605707	0.01006007202246079	0.01001746613973966	0.01001128770395471	0.03091703367456022	0.1044891319205363	0.1340188127917406	0.2560652905394139	0.01004580677957578	0.06821713340868592	0.01001469383762825	0.01031310690874929	0.01328452656442972	0.0139742402258162	0.01000894658377127	0.01003506551199013	0.108267079937336	0.02617059991965972	0.0100173501846401	0.01000617064652359	0.01001219311107538	-0.001963048398386039	-0.0002009364921860613	-0.001616182825657758	0.0003604703849357677	-0.0002589799241101683	0.0003994382235057545	-0.0005972425885898127	-0.001264589140406172	0.006323299540326787	-0.0006470227607257875	0.005200144919865309	-0.002245453433763896	0.02341099421366335	0.001825986136338923	0.001681658466195621	0.004361500011570356	0.001329922200854111	0.001681817329543356	0.004949527324320013	-0.01563054141127427	-4.937823733045851	-0.735352174712223	7.000912556819705e-17	-1.536274360495863e-18
1.95	-0.04891222360095344	0.05351648882600391	0.08940946905223976	0.895918369938171	0.9891273386781995	-0.5988996329074695	0.2478721434703684	0.02291400507961177	-0.2207263515542501	-0.1878133259861998	0.02888656928679997	-0.09872887518614136	-0.2198108192802654	0.09377853727843276	-0.1171644247948623	0.3129452878111922	0.3129452878111922	0.2757946948975741	0.2757946948975741	-0.1199313331978095	-0.07798404872604887	-0.1393919879013301	0.2414823428542655	-0.2858910753100247	0.1500024229866229	-0.05314659151697247	0.08608230176932863	0.3419553863971107	0.8147596340902515	0.008949848823564826	-0.05777662809706174	1.570422029311829	1.358761487679768	-0.01202193229792862	-0.01767249561355136	0.0006057678017002921	-0.0006281968651372135	0.001214023218160628	-0.0003481038440158458	0.3012503579371391	-0.6899914027973106	0.05995691894083766	-0.2627648841455572	-0.09550232242493169	-0.2436057722896984	1.145576953329966	0.9721602697896088	1.781818763444409	-0.9218540946245358	1.398755744404232	2.003934404101154	-1.514447674573683	1.425132873172785	0.4480446598320559	0.3256330630724315	0.3256330630724315	0.1111318406879355	0.1111318406879355	0.6748337980243851	-0.2986623816619783	-0.9845866994702152	0.9259469995157215	-0.07333520956634629	0.6586294328513757	-1.112759559850897	-2.506957928390165	0.2800196918913019	1.842345049016398	0.8141958393922336	-8.665416766043856	0.01194437118488997	0.3981638143159585	-0.467711970469351	-0.90982843328906	0.000336213610184007	-0.02727764577195698	-0.03013874090453987	-0.01940109748977975	0.01003792597325974	0.01004485651922085	0.01003180253315243	0.01304311813175457	0.01002775294585029	0.01004384917687884	0.01001632074278366	0.01009034568166902	0.03108398153778887	0.02912735734512177	0.02847388046654326	0.0233143964635075	0.01000463790351318	0.01000252057461244	0.01006100633280794	0.01004681932219493	0.01001517798928013	0.1764559572114715	0.06738815344062564	0.01224170063037747	0.06379782757879629	0.04658242728344004	0.02536822788279561	0.01004122933127221	0.02269593793171338	0.01196198720537875	0.01366535748146608	0.01012403859342794	0.0100816135904139	0.05876768912737982	0.0101060081786699	0.01004264866598628	0.0100474995586613	0.01030821762905816	0.05509373938113617	0.3610280237674067	0.01001796940181831	0.03032726018126146	0.09904902552874524	0.04490997173619013	0.100063615046251	0.1714812241944009	0.02373808774304664	0.0140968217957693	0.05118713341902795	0.03271696337252657	0.01025809436227273	0.01262072194967999	0.06059561634072996	0.03237429298798605	0.01003771059574654	0.01001609542832838	0.01008215847744292	0.03073760603943739	0.0100059020220968	0.01000575462210346	0.01032300701973971	0.0100085895938124	0.01000539488780066	0.01000428088883431	0.01007869632510093	0.010014112256329	0.01000918422580619	0.02295509136717325	0.1263726977702621	0.2025643395635625	0.3752893018362805	0.01041695598493557	0.07139503114514047	0.01001685626703407	0.01065381953750858	0.01444201044927211	0.01229886878708693	0.01001289270763879	0.01003883630624108	0.07866762028655955	0.02060670402287517	0.01001821076811219	0.01000651249920419	0.01001285459181223	0.03133550252796432	-0.005146161070186939	-0.03389177875383634	-0.03840018070701428	0.009485767445001309	0.007422485979918211	0.04459246966185126	0.0008247048959280323	0.003012374612059342	-0.007399416349384741	-0.05730140082495555	-0.03577429198456346	0.003181055827061751	0.06077337748610041	0.001654512629378239	0.005366509270620083	-0.002647261802705049	0.01003221622190868	0.01002571094785471	0.01002667629450383	0.01002697348481905	0.01002517222552393	0.0100234468206535	0.01001361389992082	0.01009653252330116	0.02908097083944497	0.03325840025243155	0.03133930298651433	0.02518994037709741	0.01000478022962331	0.01000251911032852	0.01003876124864599	0.01002055706149099	0.01001220563122085	0.1339559835564225	0.06296175913815692	0.01262408138716408	0.04833062183124529	0.04141161694713726	0.02744037383547458	0.01004194477590933	0.01966272063786557	0.01003492400953612	0.0100730432075257	0.01003139101591346	0.01005109349195111	0.06408843597379525	0.01011665043624434	0.01001078738646165	0.01003235052979226	0.01000218004618582	0.04956410262906331	0.4439993883183671	0.01001986433374229	0.02516867977126592	0.08562527933261903	0.03678559658725484	0.1025580188305493	0.1736201167106904	0.02184933595570666	0.0149161679471604	0.04799057052326567	0.0255557131154479	0.01001424355182729	0.01127494504473708	0.06770758389932741	0.03215060545680231	0.01002012423962112	0.01000859551828368	0.0100959858780883	0.03524740013825576	0.01000289304439256	0.01000216450289554	0.0100051966552817	0.01000849070041534	0.01000435353189153	0.01000279983546508	0.01008885528424374	0.01001214097354648	0.01000653993399477	0.01772540636096382	0.1432167023766807	0.2580347785920684	0.5021288900604786	0.01000626817502106	0.07122340108013452	0.01001742146453505	0.01015430767237386	0.01493866246025764	0.01148894683070955	0.01001500692446405	0.01004088809641251	0.05665537915744579	0.01815768267117798	0.01001885178999946	0.01000675248122701	0.01001333353217663	-0.001971814841669658	9.735661099558904e-05	0.001760938457898494	0.0001910365464833831	-0.0002101353947390408	-6.903464101842989e-07	0.0006346601316209146	-0.001637129516736418	0.004499221716843188	-0.0002454409039651566	0.006033789194073814	-0.001177509723654914	0.009660361751656488	0.00271324894889976	0.001208640185111313	0.009667218338434161	0.00178366978095074	0.001261716613538078	0.01694586204967022	-0.04802331044858726	-4.874546366676315	-0.7483659254883389	6.833337605282931e-17	-1.289931835544136e-18
1.975	-0.04155351761610254	0.03255528441674542	0.08650902509277542	0.8882994740119786	0.9870616283305894	-0.6051523488304466	0.2897881956226599	0.048417886655092	-0.1874252059818137	-0.2080564127913347	0.06328944029985829	-0.07354546305968382	-0.2617651815456659	0.1346214499020043	-0.1002346050173533	0.3428227460874739	0.3428227460874739	0.2658577901787482	0.2658577901787482	-0.09695130870550593	-0.08932088017921275	-0.1592849832932127	0.2669291539492024	-0.2807015709712387	0.1603261215820428	-0.08764948851165157	0.1150531066723727	0.3490810833840801	0.8553623855219434	0.01253068172349066	-0.08342393210366086	1.570682152841095	1.378069129748599	0.004302442479697136	0.007301281576129432	-6.967672860019003e-05	-0.001818992284208458	0.0003189741678877252	-0.001044775296934295	0.5353265892164487	-0.9633729545772907	-0.2460902256441942	-0.3431954494936343	-0.04058796121113403	-0.2688697743597577	1.854764704909536	1.03328078578218	0.832117729731212	-1.093506864481686	1.443618762101904	0.7131944892612774	-2.132484101573325	1.851217848612508	0.9016652142166887	1.80457588570825	1.80457588570825	-1.265010716045372	-1.265010716045372	1.238776661517664	-0.6302795262998014	-0.6002237910365785	1.200782008800458	0.5205999958716923	0.1928267671148665	-2.734156400949412	3.616424052950431	0.2143304137955225	1.300210625858514	-0.6220424513891958	6.266739640866467	-0.01948709242880675	0.9851462130075851	0.9528153629233889	1.714196387955255	-0.05107245145192343	-0.0261210331498621	-0.04731622204603532	-0.01341634879889536	0.01004926649210041	0.01003626353509794	0.0100931440153447	0.01043944789903981	0.01005578157977588	0.01004809975568714	0.01018539196385015	0.01011931657530084	0.02338842908896881	0.02657783326075501	0.03775090734548921	0.03961078015597233	0.01001229650582679	0.01000726686431998	0.01542062770901115	0.02024499980229008	0.01128042791312767	0.1041216071418592	0.04935868904545909	0.01886157385623056	0.03749205192649543	0.03222975663034961	0.02238011706512355	0.01007319162196815	0.01674275058093405	0.01000529048735911	0.01000241779751736	0.01185278917745439	0.01005706083331043	0.04826851350188308	0.01012304468807754	0.01032455458270559	0.01013132656900893	0.01000082837860558	0.03806297711409559	0.3958288344776137	0.02030438707872658	0.02995163946438081	0.09216766069822008	0.04345195690843065	0.08018660664485357	0.1332999738708824	0.02183866551801556	0.0174649747572304	0.03929313817728694	0.02096450802617665	0.01005027264031944	0.01088572261525668	0.0704628716760224	0.02555899726895768	0.0100304190515162	0.0100144983370938	0.01007890156265739	0.09653753864789333	0.01000623932818725	0.01000574370726821	0.01001637187109757	0.01001211184534531	0.01000717670434249	0.01000488132068055	0.0100871100075775	0.01001763167616758	0.01001042907617212	0.01538014673605039	0.1055004855208974	0.306880250326536	0.5488486068097758	0.01000088124403591	0.05354863617454236	0.01004939270157935	0.01012586214973266	0.01520701535616728	0.01127128980491219	0.02541630193641153	0.01004776187752813	0.04384310943724235	0.01567819940095799	0.01173637688792192	0.02096680326209079	0.01401517144541807	0.01079210656766745	-0.0006461221331777692	-0.01878276218690875	-0.01736411441483261	0.002991826230129618	0.00444830128043716	0.0247736470553904	0.0002801976038473068	0.0002829227959593725	-0.002546324606715653	-0.02532653019489988	-0.01493758932072029	-0.000425990384168885	0.03123565659593744	-0.001743650789524722	0.00112229411892734	0.002631314132802826	0.01006054596209202	0.010043758451294	0.01013655532764351	0.01079280649718842	0.01007577860975268	0.01006480864089539	0.01029726206134762	0.01013393666296324	0.01954810905155053	0.02200789938360379	0.04220599800435065	0.04966843012423136	0.0100171808811971	0.01001035513999721	0.01896805370574993	0.02706116024073767	0.01210801557594346	0.07217233058162908	0.03932012089872679	0.02299720339820258	0.02921776370046445	0.02577575566110516	0.01895161628385158	0.01009349544680267	0.01484878571057349	0.01004345819776768	0.01005370695046296	0.0130459182721209	0.01006194596535055	0.03706657541359316	0.01012685482830089	0.01052985636412714	0.01019622303206274	0.0100098948570632	0.02981050574825184	0.372569791067437	0.02716058939420833	0.03324091634190112	0.09606881856404614	0.04801946220443773	0.06305588598681737	0.09874298325279712	0.02185528462124613	0.01913282277458803	0.03308814906989994	0.0178782474528017	0.01008165648867993	0.01067079341317366	0.07283110485733744	0.02108190456172139	0.01003769514483253	0.01001858528915232	0.01006733197451145	0.1446271693339371	0.01000851523987453	0.01000819029627081	0.01003396218599547	0.01001447054357896	0.01000904743683252	0.01000628411826858	0.01008563991731724	0.01002126826879046	0.01001304608219673	0.01390044477935052	0.07666281450592603	0.3735090756490323	0.6660822515968566	0.01001065094500869	0.04063417828621602	0.01007017152994232	0.01012331628055396	0.01537084135507595	0.01115306964154998	0.03580642336607778	0.01005216562753937	0.03333013860245856	0.01408070525346293	0.01285824237322593	0.0282847324949829	0.01664352325604633	-0.0005447606814044389	0.0001154214558260785	0.001181691280028759	8.299058423217726e-05	-6.379060517183686e-05	-7.32318231724586e-05	-0.0003005861978721427	-0.0009391201259141186	0.001874894018378983	-0.0005008008716043652	0.00702768374303064	0.005714207997103617	0.02597811112894422	0.0006968014180679155	0.001428182138018292	0.009278272654402654	0.000154700273549416	-0.002010194506578547	-0.02104040625609243	0.01042859824520856	-5.215838037834581	-1.006153840982179	7.037448674084182e-17	2.119797310170202e-18
2	-0.009751870721855177	0.006524440865443141	0.07940006827271953	0.878936164486299	0.9885562678262798	-0.6129560352660217	0.3229632530186541	0.07283457084538945	-0.1816282226986541	-0.2622843699450559	0.1055747486649689	-0.02794635456078593	-0.3409641641046802	0.1867853153040369	-0.07231494949162667	0.3901746964305123	0.3901746964305123	0.194597834202737	0.194597834202737	-0.05423207511403768	-0.1105977946264725	-0.1690717204109685	0.30607064933035	-0.2582558535563169	0.1609217769589985	-0.2441886216257423	0.2064935910326874	0.3488866244233505	0.8744869434001555	-0.0268679359454464	0.2382157137137889	1.568030044511127	1.399953731421	-0.005423493639560239	0.008360612758798111	-0.001782888541780928	0.0001589992075637017	-0.00144433983057829	0.0001268922132794246	2.256685630688854	-1.095562534160813	-0.2767241099064867	-0.402317972104545	0.1893256650391108	-0.3676834132975374	0.4462973728261656	0.8851844789749858	-0.4185142196977307	-3.640643722511441	2.029350732568417	3.637190113896379	-4.494017298062784	2.330809095449676	1.327231519689462	1.723592428412972	1.723592428412972	-4.794712259886881	-4.794712259886881	2.253970525957561	-1.093869021189644	-0.1760860375400685	2.021521742412574	1.307161836524513	-0.119614024625762	-10.87565844940382	2.490616428191484	-0.3055927839246171	0.124089564738023	-2.624160206116795	19.11753921988003	-0.2210341775539407	0.604320582601572	-2.55173684222	-2.822984113850027	-0.08268516902023636	0.2262253070955151	-0.09959993675998881	0.1300660195607936	0.01007977296278112	0.01005772445556835	0.01020923565015975	0.01162382896801422	0.01010928011730157	0.01009421627380741	0.01048366469947922	0.01015779974074423	0.0135816723260967	0.01434117815327563	0.04867570049572531	0.06453270164521448	0.01002530494280298	0.01001549892299293	0.02474402236976789	0.03793658963410801	0.01347913973825785	0.0380796698270343	0.02487964354529526	0.02961789318870374	0.018368038178757	0.01623967585128357	0.01324300160766387	0.01012725083562467	0.01202709303998557	0.01026022733724	0.01043102695742553	0.01502480469097425	0.01007244793277529	0.01958312775570745	0.01013237361983803	0.01087380646237954	0.0103054383626299	0.01004879640640615	0.01773109969612672	0.3382418435395254	0.03809492634302935	0.03887095327427439	0.1031362355150363	0.05574057358666677	0.0390226148753267	0.05594151066406462	0.02205615196720306	0.02176944575956479	0.02394936032613674	0.0136065906282628	0.0101528745762418	0.0104216166861867	0.07520945698459974	0.01396132135209683	0.01005117594306318	0.01002597316772605	0.01004699388608155	0.2029982854915172	0.01001253891836733	0.01001254325973922	0.01008798116086159	0.01001840668101201	0.01001224387029983	0.01000873525184908	0.01008240475979267	0.01002747771693433	0.01001760958576165	0.01194627972302043	0.03606702011600119	0.4151563584233323	0.7061583160893553	0.01005890923249074	0.02150255786428679	0.01010473220577435	0.01015810810211398	0.01559802870142223	0.01102168493403012	0.05203239495961912	0.01005934076816141	0.02034020501072972	0.01167807450479765	0.01471295956349485	0.03992349306159824	0.02094703933363884	-0.009751289392629425	0.003853916803831401	-0.003673745619981139	0.003671951877349071	-0.003502114984742073	0.00147411658095611	0.00495482444892954	-0.0002643096882334187	-0.002446529020140597	0.002306767135953434	0.006648340435155793	0.005899113343122884	-0.004033036595399522	0.00169793570577447	-0.005141814208427684	-0.003121921032765403	0.0079098900683107	0.01008887570227536	0.01006180595473328	0.01024643436078319	0.01155863950955778	0.01012638499398142	0.01010617046113728	0.01058091022277443	0.01017134080262531	0.01001524726365608	0.01075739851477603	0.05307269302218699	0.0741469198713653	0.01002958153277089	0.01001819116966589	0.02789734616285388	0.04410176341998436	0.01420382552066606	0.01038867760683569	0.01567848265929665	0.03337032540924107	0.01010490556968363	0.01013989437507307	0.01046285873222857	0.01014504611769601	0.01003485078328142	0.01005199238599924	0.01003437069340023	0.01606044552832834	0.01007279843875	0.01004471485339106	0.01013705922035744	0.01104892534179262	0.01036009553433321	0.01001760966794059	0.01005690886744037	0.301140193816507	0.04430131445467438	0.04131315291253632	0.1065123577954733	0.05925332782162061	0.02355375314308548	0.02386584979490387	0.0218612332867856	0.02334947760201567	0.01818572761653419	0.01020078179015551	0.01014906942553256	0.01006664178161023	0.07795462581534747	0.01001320366664047	0.01005526605004394	0.01002857506002096	0.01003867807093461	0.2540069385296184	0.01001413743535651	0.01001421608964607	0.01006272771670925	0.01002045038674258	0.01001374134177352	0.01000976840107208	0.01008242455039074	0.01003039556403445	0.01001955223039869	0.01007548319773723	0.01010892663517131	0.4889833727059961	0.8300356131332347	0.0100150337149963	0.01004495549229751	0.0101229215953496	0.01009232488873405	0.01580302024989427	0.01081719245239041	0.06159783980769151	0.01006344315866623	0.01000489804747132	0.01000372783574788	0.01569763295645241	0.04656271250873879	0.02327371297991602	0.0008822934788607802	0.0001334863006565679	0.0006024441021590242	-2.505537801902856e-05	8.255418439536707e-05	-0.0001457732999347329	-0.0012358325273652	-0.0002411107350918194	-0.0007494336800852225	-0.0007561608392435737	0.008021578291987467	0.01260592571786215	0.04229586050623194	-0.001319646112763929	0.001647724090925271	0.008889326970371144	-0.001474269233851908	-0.005282105626695173	-0.05902667456185507	0.06888050693900438	-5.988452797871911	-1.046520208772833	7.241559742885432e-17	5.529526455884511e-18
